ScenarioTime,FrameRate,A VR Pos,A VR Rot,A XR Origin Pos,A XR Origin  Rot,A car Pos,A car Rot,A accel,A steering,A velocity,A indicators,A Horn Button,0 car Pos,0 car Rot,0 accel,0 steering,0 velocity,0 indicators
0.0,0.013371,"(-1.3934789896011353, 1.1722391843795776, 34.830623626708984)","(2.4391472339630127, 171.31268310546875, 6.209430694580078)","(-1.4311130046844482, 1.1852905750274658, 34.82129669189453)","(0.18910318613052368, 237.04400634765625, 0.7056400179862976)","(-1.699625015258789, -0.04183247685432434, 35.00514221191406)","(0.6951268315315247, 179.95883178710938, 0.2246939092874527)",0.0,-0.032959,"(0.000891, 0.015017, -0.000439)",LeftFalse_RightFalse,False,"(-35.008235931396484, -0.21608605980873108, -1.2499042749404907)","(1.3124666213989258, 89.99993896484375, 0.1058538630604744)",0.0,0.0,"(-0.000061, 0.000847, 0.000005)",LeftFalse_RightFalse
0.054077,0.018051,"(-1.3923580646514893, 1.1723979711532593, 34.827850341796875)","(2.729712724685669, 171.47329711914062, 6.466917514801025)","(-1.4310598373413086, 1.1859641075134277, 34.821014404296875)","(0.19004938006401062, 237.04298400878906, 0.7072836756706238)","(-1.6995774507522583, -0.04115244001150131, 35.0048942565918)","(0.6970207691192627, 179.9578094482422, 0.22479267418384552)",0.0,-0.032959,"(0.000882, 0.010912, -0.006787)",LeftFalse_RightFalse,False,"(-35.008155822753906, -0.2160651981830597, -1.2499034404754639)","(1.310884952545166, 89.99954986572266, 0.10578591376543045)",0.016922,0.043906,"(0.006236, 0.000032, 0.000043)",LeftFalse_RightFalse
0.114258,0.019078,"(-1.3903989791870117, 1.1723554134368896, 34.82465362548828)","(2.9244489669799805, 171.37258911132812, 6.891888618469238)","(-1.4310030937194824, 1.1865098476409912, 34.82023620605469)","(0.19032242894172668, 237.04354858398438, 0.7076278328895569)","(-1.6995179653167725, -0.04060548543930054, 35.004127502441406)","(0.6974579691886902, 179.9583740234375, 0.22475051879882812)",0.0,-0.032959,"(0.001045, 0.007511, -0.017214)",LeftFalse_RightFalse,False,"(-35.0075798034668, -0.21608027815818787, -1.2498877048492432)","(1.3085145950317383, 90.00045776367188, 0.10551542043685913)",-0.003665,0.044205,"(0.000159, -0.000177, 0.000306)",LeftFalse_RightFalse
0.156494,0.019777,"(-1.3885232210159302, 1.1723854541778564, 34.822235107421875)","(3.0327656269073486, 171.17034912109375, 7.297504901885986)","(-1.4309611320495605, 1.1867831945419312, 34.81940841674805)","(0.19018560647964478, 237.04470825195312, 0.7074912786483765)","(-1.6994731426239014, -0.04033257067203522, 35.00330352783203)","(0.6972690224647522, 179.95953369140625, 0.22479107975959778)",0.0,-0.032959,"(0.001089, 0.005693, -0.021407)",LeftFalse_RightFalse,False,"(-35.00748825073242, -0.2160911113023758, -1.2498704195022583)","(1.3083401918411255, 90.00054168701172, 0.10532592236995697)",0.033752,0.044376,"(0.006547, -0.000383, 0.000403)",LeftFalse_RightFalse
0.213745,0.019391,"(-1.3853704929351807, 1.1717902421951294, 34.81922912597656)","(3.24103045463562, 171.31015014648438, 8.011856079101562)","(-1.430896520614624, 1.18704092502594, 34.817989349365234)","(0.189759761095047, 237.04568481445312, 0.7072091102600098)","(-1.6994097232818604, -0.040075384080410004, 35.00187683105469)","(0.6968007683753967, 179.96051025390625, 0.22499531507492065)",0.0,-0.032959,"(0.001219, 0.003558, -0.030088)",LeftFalse_RightFalse,False,"(-35.006649017333984, -0.21612542867660522, -1.249856948852539)","(1.306392788887024, 90.00088500976562, 0.10531292855739594)",-0.048567,0.04466,"(0.000326, -0.000289, 0.000212)",LeftFalse_RightFalse
0.271362,0.019281,"(-1.3822888135910034, 1.1709067821502686, 34.81596755981445)","(3.5607943534851074, 171.7349090576172, 8.759796142578125)","(-1.430816650390625, 1.1872018575668335, 34.816078186035156)","(0.1888418197631836, 237.0451202392578, 0.7063586711883545)","(-1.6993381977081299, -0.03991691395640373, 34.99993896484375)","(0.6955879330635071, 179.95994567871094, 0.2253037393093109)",0.0,-0.032959,"(0.001290, 0.002027, -0.035753)",LeftFalse_RightFalse,False,"(-35.006202697753906, -0.216149240732193, -1.2498418092727661)","(1.30595862865448, 90.00154876708984, 0.10529722273349762)",-0.042059,0.044944,"(0.018988, -0.000665, 0.000205)",LeftFalse_RightFalse
0.328247,0.019158,"(-1.3777064085006714, 1.1689403057098389, 34.81258773803711)","(4.566680431365967, 172.4857177734375, 9.626896858215332)","(-1.4307286739349365, 1.187288522720337, 34.813819885253906)","(0.1878039836883545, 237.04417419433594, 0.7056376338005066)","(-1.6992634534835815, -0.03983166441321373, 34.997650146484375)","(0.6944189071655273, 179.9590301513672, 0.22578337788581848)",0.0,-0.032959,"(0.001406, 0.000935, -0.043485)",LeftFalse_RightFalse,False,"(-35.004364013671875, -0.21620437502861023, -1.2498409748077393)","(1.3020732402801514, 90.00223541259766, 0.10549864917993546)",0.000847,0.045291,"(0.044253, -0.001246, -0.000133)",LeftFalse_RightFalse
0.386475,0.019289,"(-1.3733329772949219, 1.1673072576522827, 34.80896759033203)","(5.481918811798096, 173.1211395263672, 10.348896026611328)","(-1.4306325912475586, 1.187325119972229, 34.811100006103516)","(0.1865990161895752, 237.04388427734375, 0.7049368619918823)","(-1.6991819143295288, -0.03979615867137909, 34.994903564453125)","(0.6931758522987366, 179.95872497558594, 0.22641409933567047)",0.0,-0.032959,"(0.001505, 0.000199, -0.050251)",LeftFalse_RightFalse,False,"(-35.0013542175293, -0.21628570556640625, -1.2498571872711182)","(1.297737717628479, 90.00358581542969, 0.10579096525907516)",-0.069947,0.045675,"(0.060022, -0.001568, -0.000382)",LeftFalse_RightFalse
0.444092,0.019224,"(-1.3692677021026611, 1.1660799980163574, 34.805030822753906)","(6.239083766937256, 173.7421875, 10.751867294311523)","(-1.4305264949798584, 1.1873250007629395, 34.80802917480469)","(0.18526491522789001, 237.04248046875, 0.7042762637138367)","(-1.6990966796875, -0.03979682922363281, 34.991798400878906)","(0.6918963193893433, 179.95733642578125, 0.22717511653900146)",0.0,-0.032959,"(0.001631, -0.000310, -0.058133)",LeftFalse_RightFalse,False,"(-34.99717712402344, -0.21639005839824677, -1.2498948574066162)","(1.293418049812317, 90.0067138671875, 0.10610441118478775)",-0.01097,0.046106,"(0.087861, -0.002104, -0.000913)",LeftFalse_RightFalse
0.503906,0.019649,"(-1.3665529489517212, 1.1653778553009033, 34.800559997558594)","(6.723143577575684, 174.34120178222656, 10.885977745056152)","(-1.430410385131836, 1.1872984170913696, 34.804359436035156)","(0.18365459144115448, 237.04220581054688, 0.7034419178962708)","(-1.699000597000122, -0.039824195206165314, 34.988094329833984)","(0.6903207898139954, 179.9570770263672, 0.22807368636131287)",0.0,-0.032959,"(0.001785, -0.000679, -0.067074)",LeftFalse_RightFalse,False,"(-34.995513916015625, -0.21642762422561646, -1.249920129776001)","(1.3019907474517822, 90.00798034667969, 0.10582400858402252)",0.103847,0.046222,"(0.031713, -0.000518, -0.000419)",LeftFalse_RightFalse
0.562134,0.019493,"(-1.3659782409667969, 1.1644302606582642, 34.79520034790039)","(7.130120754241943, 174.73406982421875, 10.773677825927734)","(-1.430285096168518, 1.187253713607788, 34.800418853759766)","(0.18203090131282806, 237.04058837890625, 0.7028612494468689)","(-1.6989028453826904, -0.03986846283078194, 34.98411560058594)","(0.6889510750770569, 179.95547485351562, 0.22912123799324036)",0.0,-0.032959,"(0.001793, -0.000836, -0.069326)",LeftFalse_RightFalse,False,"(-34.99306106567383, -0.2164747416973114, -1.249942660331726)","(1.3009724617004395, 90.01134490966797, 0.1058574989438057)",0.046849,0.046693,"(0.052393, -0.001097, -0.000411)",LeftFalse_RightFalse
0.617676,0.019079,"(-1.3662207126617432, 1.163461685180664, 34.78977584838867)","(7.8496413230896, 174.92137145996094, 10.237530708312988)","(-1.4301598072052002, 1.1871986389160156, 34.79625701904297)","(0.18035079538822174, 237.03958129882812, 0.7022625207901001)","(-1.6988040208816528, -0.03992294520139694, 34.97991943359375)","(0.6875355243682861, 179.95448303222656, 0.23020640015602112)",0.0,-0.032959,"(0.001936, -0.001046, -0.077766)",LeftFalse_RightFalse,False,"(-34.989479064941406, -0.21655410528182983, -1.2499744892120361)","(1.2978670597076416, 90.01412963867188, 0.10597410053014755)",-0.024823,0.047073,"(0.069310, -0.001562, -0.000624)",LeftFalse_RightFalse
0.675293,0.019135,"(-1.3678808212280273, 1.162341594696045, 34.7838020324707)","(8.76982593536377, 175.04054260253906, 9.313158988952637)","(-1.4300236701965332, 1.1871325969696045, 34.79158020019531)","(0.1784653216600418, 237.0390625, 0.70167076587677)","(-1.6986966133117676, -0.03998798131942749, 34.9752082824707)","(0.6860141754150391, 179.95396423339844, 0.23146778345108032)",0.0,-0.032959,"(0.001995, -0.001181, -0.082841)",LeftFalse_RightFalse,False,"(-34.98447036743164, -0.21666693687438965, -1.2500309944152832)","(1.2935322523117065, 90.01757049560547, 0.10623465478420258)",0.005704,0.047527,"(0.098392, -0.002210, -0.001206)",LeftFalse_RightFalse
0.71582,0.019476,"(-1.369861364364624, 1.161739706993103, 34.77875518798828)","(9.255577087402344, 174.98167419433594, 8.670698165893555)","(-1.4299243688583374, 1.1870814561843872, 34.7880973815918)","(0.17713363468647003, 237.03863525390625, 0.7013750076293945)","(-1.6986191272735596, -0.04003778472542763, 34.971702575683594)","(0.6850423216819763, 179.9535675048828, 0.2324250489473343)",0.0,-0.032959,"(0.002106, -0.001265, -0.088949)",LeftFalse_RightFalse,False,"(-34.98027038574219, -0.21676179766654968, -1.2500828504562378)","(1.2905912399291992, 90.02033996582031, 0.10642635822296143)",0.023315,0.047865,"(0.114910, -0.002584, -0.001501)",LeftFalse_RightFalse
0.775757,0.019781,"(-1.3721363544464111, 1.1607997417449951, 34.77031326293945)","(9.837370872497559, 174.8699951171875, 7.819415092468262)","(-1.429764747619629, 1.1870009899139404, 34.782554626464844)","(0.17487947642803192, 237.03652954101562, 0.7006106376647949)","(-1.6984977722167969, -0.040117308497428894, 34.96611022949219)","(0.6831756830215454, 179.95147705078125, 0.23390215635299683)",0.0,-0.032959,"(0.002260, -0.001378, -0.097380)",LeftFalse_RightFalse,False,"(-34.97292709350586, -0.21692651510238647, -1.2501826286315918)","(1.2863847017288208, 90.02571868896484, 0.10674282908439636)",-0.059369,0.048386,"(0.128181, -0.002864, -0.001786)",LeftFalse_RightFalse
0.832764,0.019492,"(-1.3743411302566528, 1.1593066453933716, 34.76171112060547)","(10.509940147399902, 174.7886505126953, 7.012940406799316)","(-1.4296094179153442, 1.1869176626205444, 34.776947021484375)","(0.17273671925067902, 237.03555297851562, 0.7001169323921204)","(-1.698378324508667, -0.040198564529418945, 34.96046447753906)","(0.6815968155860901, 179.95053100585938, 0.2354326695203781)",0.0,-0.032959,"(0.002317, -0.001475, -0.102614)",LeftFalse_RightFalse,False,"(-34.969390869140625, -0.21699850261211395, -1.2502565383911133)","(1.2990397214889526, 90.0292739868164, 0.10626593977212906)",0.853056,0.048405,"(0.000752, 0.000317, -0.000044)",LeftFalse_RightFalse
0.873901,0.019915,"(-1.3752943277359009, 1.158428430557251, 34.75598907470703)","(11.006142616271973, 174.78933715820312, 6.583032131195068)","(-1.429492712020874, 1.1868541240692139, 34.772674560546875)","(0.1711089015007019, 237.03477478027344, 0.6997677683830261)","(-1.6982892751693726, -0.040260352194309235, 34.95616149902344)","(0.6804192066192627, 179.94976806640625, 0.23660962283611298)",0.0,-0.032959,"(0.002388, -0.001536, -0.107106)",LeftFalse_RightFalse,False,"(-34.96786117553711, -0.21701690554618835, -1.2502837181091309)","(1.3028669357299805, 90.03086853027344, 0.10602773725986481)",-0.135191,0.048778,"(0.056464, -0.000942, -0.000766)",LeftFalse_RightFalse
0.914917,0.020135,"(-1.3769495487213135, 1.1574208736419678, 34.749427795410156)","(11.464337348937988, 174.8580322265625, 6.208786487579346)","(-1.4293746948242188, 1.18678879737854, 34.7681999206543)","(0.1693309247493744, 237.03475952148438, 0.699219822883606)","(-1.6981968879699707, -0.040324628353118896, 34.951656341552734)","(0.6789931058883667, 179.9497528076172, 0.23780442774295807)",0.0,-0.032959,"(0.002470, -0.001593, -0.111933)",LeftFalse_RightFalse,False,"(-34.96513366699219, -0.21706801652908325, -1.2503161430358887)","(1.3019137382507324, 90.03372192382812, 0.10594432801008224)",0.0221,0.049104,"(0.071709, -0.001420, -0.000848)",LeftFalse_RightFalse
0.971069,0.019413,"(-1.3792423009872437, 1.1565735340118408, 34.74065017700195)","(11.783174514770508, 175.3235321044922, 5.61424446105957)","(-1.429208517074585, 1.1866939067840576, 34.76176071166992)","(0.16688084602355957, 237.0348358154297, 0.6983316540718079)","(-1.6980642080307007, -0.04041878506541252, 34.94517135620117)","(0.6769161224365234, 179.94984436035156, 0.23937876522541046)",0.0,-0.031555,"(0.002693, -0.001910, -0.118964)",LeftFalse_RightFalse,False,"(-34.960670471191406, -0.21716204285621643, -1.250368595123291)","(1.2989815473556519, 90.03785705566406, 0.10606230795383453)",0.030209,0.049513,"(0.090205, -0.001967, -0.001172)",LeftFalse_RightFalse
1.012939,0.019974,"(-1.3821697235107422, 1.1561686992645264, 34.73392105102539)","(11.87680721282959, 175.8245086669922, 5.16204833984375)","(-1.4290885925292969, 1.1866143941879272, 34.75670623779297)","(0.16546985507011414, 237.03421020507812, 0.6967265009880066)","(-1.6979528665542603, -0.04050367325544357, 34.94007110595703)","(0.6748018860816956, 179.94924926757812, 0.23969106376171112)",0.0,-0.028412,"(0.002676, -0.002157, -0.123323)",LeftFalse_RightFalse,False,"(-34.956729888916016, -0.21724936366081238, -1.2504198551177979)","(1.296034574508667, 90.04007720947266, 0.10627072304487228)",0.044699,0.049823,"(0.097793, -0.002207, -0.001250)",LeftFalse_RightFalse
1.055786,0.020473,"(-1.3845239877700806, 1.1558747291564941, 34.727603912353516)","(11.938549995422363, 176.43667602539062, 4.757323741912842)","(-1.4289690256118774, 1.1865239143371582, 34.7513313293457)","(0.1641024798154831, 237.03216552734375, 0.6947917342185974)","(-1.6978418827056885, -0.04060119390487671, 34.934635162353516)","(0.6724346280097961, 179.9471893310547, 0.23978763818740845)",0.0,-0.022522,"(0.002528, -0.002365, -0.129491)",LeftFalse_RightFalse,False,"(-34.95222854614258, -0.21735122799873352, -1.250481367111206)","(1.2930415868759155, 90.04202270507812, 0.10649241507053375)",0.029996,0.050157,"(0.110386, -0.002500, -0.001533)",LeftFalse_RightFalse
1.096802,0.020445,"(-1.3870385885238647, 1.155671238899231, 34.7220573425293)","(11.929622650146484, 177.5232391357422, 4.243467807769775)","(-1.4288647174835205, 1.1864311695098877, 34.74592590332031)","(0.162667915225029, 237.03030395507812, 0.6925645470619202)","(-1.6977431774139404, -0.040702491998672485, 34.92916488647461)","(0.6697855591773987, 179.9453582763672, 0.23978166282176971)",0.0,-0.018158,"(0.002327, -0.002529, -0.135372)",LeftFalse_RightFalse,False,"(-34.94749450683594, -0.21745869517326355, -1.2505476474761963)","(1.2904340028762817, 90.04498291015625, 0.10668488591909409)",0.042293,0.050508,"(0.119051, -0.002700, -0.001666)",LeftFalse_RightFalse
1.136963,0.020334,"(-1.3892822265625, 1.155746340751648, 34.71669387817383)","(11.795835494995117, 178.4755096435547, 3.8490514755249023)","(-1.4287710189819336, 1.1863350868225098, 34.74039077758789)","(0.1611836850643158, 237.02879333496094, 0.6901624202728271)","(-1.69765305519104, -0.04080779850482941, 34.923561096191406)","(0.6669625043869019, 179.94384765625, 0.23972229659557343)",0.0,-0.014984,"(0.002177, -0.002662, -0.141063)",LeftFalse_RightFalse,False,"(-34.942420959472656, -0.2175731658935547, -1.2506210803985596)","(1.2880306243896484, 90.04879760742188, 0.10688754916191101)",0.026598,0.05086,"(0.129819, -0.002925, -0.001893)",LeftFalse_RightFalse
1.178101,0.020414,"(-1.3913040161132812, 1.1562151908874512, 34.71147537231445)","(11.52049446105957, 179.47535705566406, 3.5197598934173584)","(-1.4286820888519287, 1.186232328414917, 34.73448944091797)","(0.1596103012561798, 237.02743530273438, 0.6875492334365845)","(-1.6975661516189575, -0.04092083126306534, 34.91758728027344)","(0.6639137864112854, 179.94248962402344, 0.23962320387363434)",0.0,-0.012299,"(0.002056, -0.002784, -0.146810)",LeftFalse_RightFalse,False,"(-34.93681716918945, -0.21769902110099792, -1.2507050037384033)","(1.2857986688613892, 90.05311584472656, 0.10709785670042038)",0.027603,0.051228,"(0.139580, -0.003125, -0.002103)",LeftFalse_RightFalse
1.218262,0.020274,"(-1.3933427333831787, 1.1568944454193115, 34.70676803588867)","(11.104988098144531, 180.49758911132812, 3.301783323287964)","(-1.4285999536514282, 1.1861281394958496, 34.72849655151367)","(0.15802156925201416, 237.02630615234375, 0.6848815679550171)","(-1.6974852085113525, -0.04103551805019379, 34.91152572631836)","(0.6608111262321472, 179.9413604736328, 0.23950722813606262)",0.0,-0.010315,"(0.001961, -0.002891, -0.152550)",LeftFalse_RightFalse,False,"(-34.93095779418945, -0.21782967448234558, -1.250795602798462)","(1.283848524093628, 90.05768585205078, 0.10730226337909698)",0.023653,0.051599,"(0.149195, -0.003316, -0.002321)",LeftFalse_RightFalse
1.261719,0.020814,"(-1.395552635192871, 1.1582833528518677, 34.70138168334961)","(10.593801498413086, 181.59791564941406, 3.175485372543335)","(-1.4285156726837158, 1.1860109567642212, 34.72176742553711)","(0.15625572204589844, 237.02523803710938, 0.6819076538085938)","(-1.6974012851715088, -0.04116441681981087, 34.90471649169922)","(0.6573549509048462, 179.9403076171875, 0.2393736094236374)",0.0,-0.008759,"(0.001895, -0.002993, -0.158242)",LeftFalse_RightFalse,False,"(-34.924198150634766, -0.21797910332679749, -1.2509031295776367)","(1.2819902896881104, 90.06298828125, 0.10751690715551376)",0.024301,0.05209,"(0.158453, -0.003495, -0.002537)",LeftFalse_RightFalse
1.306152,0.021349,"(-1.3973076343536377, 1.1596918106079102, 34.6953125)","(10.111506462097168, 182.57022094726562, 3.129952907562256)","(-1.4284319877624512, 1.185886263847351, 34.7145881652832)","(0.15440526604652405, 237.0242919921875, 0.6787896752357483)","(-1.6973176002502441, -0.041301291435956955, 34.89745330810547)","(0.6537320613861084, 179.93936157226562, 0.23923271894454956)",0.0,-0.007172,"(0.001835, -0.003139, -0.166693)",LeftFalse_RightFalse,False,"(-34.91681671142578, -0.21814116835594177, -1.2510243654251099)","(1.2803106307983398, 90.06885528564453, 0.10773210972547531)",0.020528,0.052611,"(0.171269, -0.003747, -0.002837)",LeftFalse_RightFalse
1.347656,0.021085,"(-1.398797869682312, 1.1617166996002197, 34.689109802246094)","(9.5698881149292, 183.47622680664062, 3.2318971157073975)","(-1.4283561706542969, 1.1857662200927734, 34.70766067504883)","(0.15264016389846802, 237.0234832763672, 0.6758399605751038)","(-1.6972415447235107, -0.04143279790878296, 34.89044952392578)","(0.6502966284751892, 179.93856811523438, 0.23911166191101074)",0.0,-0.007111,"(0.001808, -0.003231, -0.172270)",LeftFalse_RightFalse,False,"(-34.909584045410156, -0.218299001455307, -1.251145839691162)","(1.2790073156356812, 90.07466125488281, 0.1079222559928894)",0.017979,0.053074,"(0.180219, -0.003922, -0.003080)",LeftFalse_RightFalse
1.388306,0.020819,"(-1.400162935256958, 1.1635212898254395, 34.68283462524414)","(8.91238021850586, 184.249755859375, 3.431519031524658)","(-1.4282816648483276, 1.1856446266174316, 34.70060729980469)","(0.15087085962295532, 237.02273559570312, 0.6728879809379578)","(-1.697166919708252, -0.041566137224435806, 34.88331985473633)","(0.6468571424484253, 179.93780517578125, 0.2389928102493286)",0.0,-0.007111,"(0.001826, -0.003319, -0.177805)",LeftFalse_RightFalse,False,"(-34.90205764770508, -0.2184622883796692, -1.2512773275375366)","(1.2775858640670776, 90.08159637451172, 0.1081559881567955)",0.00711,0.053564,"(0.191335, -0.004142, -0.003429)",LeftFalse_RightFalse
1.428955,0.020597,"(-1.4013805389404297, 1.1651021242141724, 34.67633819580078)","(8.448301315307617, 184.7450714111328, 3.575709581375122)","(-1.4282066822052002, 1.1855196952819824, 34.693355560302734)","(0.1490766555070877, 237.02194213867188, 0.6698901057243347)","(-1.6970915794372559, -0.041702575981616974, 34.8759880065918)","(0.6433655023574829, 179.93702697753906, 0.2388700544834137)",0.0,-0.007111,"(0.001851, -0.003412, -0.183296)",LeftFalse_RightFalse,False,"(-34.894187927246094, -0.21863269805908203, -1.2514193058013916)","(1.276228666305542, 90.08902740478516, 0.10840455442667007)",0.024623,0.054047,"(0.198497, -0.004287, -0.003638)",LeftFalse_RightFalse
1.470581,0.020636,"(-1.4023780822753906, 1.1662989854812622, 34.669517517089844)","(7.703587055206299, 185.0656280517578, 3.6660192012786865)","(-1.4281284809112549, 1.1853885650634766, 34.6856803894043)","(0.14714185893535614, 237.0211181640625, 0.6666861176490784)","(-1.6970133781433105, -0.041846323758363724, 34.868228912353516)","(0.6396244168281555, 179.9362335205078, 0.23875318467617035)",0.0,-0.007111,"(0.001896, -0.003521, -0.191515)",LeftFalse_RightFalse,False,"(-34.885780334472656, -0.2188141942024231, -1.2515757083892822)","(1.2749319076538086, 90.09626007080078, 0.10865657776594162)",0.020218,0.054547,"(0.206525, -0.004452, -0.003883)",LeftFalse_RightFalse
1.511963,0.020663,"(-1.4031729698181152, 1.1671843528747559, 34.66239929199219)","(6.661342620849609, 185.23052978515625, 3.7073192596435547)","(-1.4280483722686768, 1.1852542161941528, 34.67771530151367)","(0.14498324692249298, 237.02023315429688, 0.6631415486335754)","(-1.6969335079193115, -0.04199441522359848, 34.860172271728516)","(0.6354758739471436, 179.9353485107422, 0.23863916099071503)",0.0,-0.007111,"(0.001926, -0.003625, -0.196795)",LeftFalse_RightFalse,False,"(-34.87706756591797, -0.21900181472301483, -1.2517417669296265)","(1.2737725973129272, 90.10369110107422, 0.10887686163187027)",0.013391,0.055061,"(0.214643, -0.004618, -0.004130)",LeftFalse_RightFalse
1.569214,0.019915,"(-1.4040334224700928, 1.1688716411590576, 34.652095794677734)","(4.844171047210693, 185.10169982910156, 3.585904359817505)","(-1.427935242652893, 1.1850603818893433, 34.666316986083984)","(0.14206823706626892, 237.01901245117188, 0.658403754234314)","(-1.6968214511871338, -0.042206503450870514, 34.84864807128906)","(0.6299147009849548, 179.93414306640625, 0.2385118305683136)",0.0,-0.007111,"(0.001967, -0.003780, -0.204622)",LeftFalse_RightFalse,False,"(-34.86445999145508, -0.21927300095558167, -1.2519876956939697)","(1.2723075151443481, 90.11450958251953, 0.10915961861610413)",0.012445,0.055795,"(0.225789, -0.004852, -0.004470)",LeftFalse_RightFalse
1.609375,0.019959,"(-1.4036566019058228, 1.1701823472976685, 34.64474868774414)","(3.7915008068084717, 184.91712951660156, 3.5278751850128174)","(-1.4278541803359985, 1.1849195957183838, 34.65808868408203)","(0.14003990590572357, 237.01812744140625, 0.6551396250724792)","(-1.6967415809631348, -0.04236000031232834, 34.84033203125)","(0.626072347164154, 179.93324279785156, 0.2384408712387085)",0.0,-0.006958,"(0.001994, -0.003875, -0.209780)",LeftFalse_RightFalse,False,"(-34.85530471801758, -0.21946975588798523, -1.2521693706512451)","(1.2714794874191284, 90.12190246582031, 0.10932184755802155)",0.017931,0.056309,"(0.231213, -0.004969, -0.004613)",LeftFalse_RightFalse
1.668335,0.019757,"(-1.4027721881866455, 1.1714680194854736, 34.63334655761719)","(2.550680637359619, 184.55381774902344, 3.604943037033081)","(-1.4277334213256836, 1.1847056150436401, 34.64560317993164)","(0.13701695203781128, 237.01681518554688, 0.650324285030365)","(-1.6966230869293213, -0.04259243234992027, 34.827720642089844)","(0.6203872561454773, 179.93194580078125, 0.2383619248867035)",0.0,-0.00592,"(0.001996, -0.004008, -0.217427)",LeftFalse_RightFalse,False,"(-34.84132385253906, -0.21976976096630096, -1.2524524927139282)","(1.2701832056045532, 90.13442993164062, 0.10957644879817963)",0.002224,0.057114,"(0.243869, -0.005226, -0.005037)",LeftFalse_RightFalse
1.72937,0.020107,"(-1.401242971420288, 1.1724488735198975, 34.621212005615234)","(1.7328354120254517, 184.12342834472656, 3.708228349685669)","(-1.4276115894317627, 1.1844764947891235, 34.63224792480469)","(0.1337767392396927, 237.01580810546875, 0.645289957523346)","(-1.6965038776397705, -0.042840611189603806, 34.814231872558594)","(0.6144004464149475, 179.93096923828125, 0.23834636807441711)",0.026677,-0.00296,"(0.001870, -0.004139, -0.224468)",LeftFalse_RightFalse,False,"(-34.82619857788086, -0.22009393572807312, -1.2527683973312378)","(1.2685678005218506, 90.14773559570312, 0.10989907383918762)",0.001487,0.057951,"(0.254040, -0.005439, -0.005399)",LeftFalse_RightFalse
1.773804,0.020852,"(-1.400331735610962, 1.1728732585906982, 34.61180114746094)","(1.2527309656143188, 183.70957946777344, 3.7559292316436768)","(-1.4275307655334473, 1.1843035221099854, 34.62217330932617)","(0.1312679499387741, 237.01571655273438, 0.6415256857872009)","(-1.6964244842529297, -0.04302769899368286, 34.80406188964844)","(0.6098771691322327, 179.93089294433594, 0.2384069263935089)",0.085334,-3.1e-05,"(0.001691, -0.004261, -0.232604)",LeftFalse_RightFalse,False,"(-34.81474304199219, -0.22033950686454773, -1.2530138492584229)","(1.267337679862976, 90.1584701538086, 0.11015307903289795)",0.021595,0.058581,"(0.260683, -0.005586, -0.005650)",LeftFalse_RightFalse
1.832886,0.020381,"(-1.398424744606018, 1.1734575033187866, 34.59872817993164)","(0.6885249018669128, 183.10076904296875, 3.8530426025390625)","(-1.4274383783340454, 1.1840665340423584, 34.60784149169922)","(0.12672775983810425, 237.01580810546875, 0.6347916722297668)","(-1.6963348388671875, -0.04328972473740578, 34.789554595947266)","(0.6017569899559021, 179.93099975585938, 0.2385590821504593)",0.181831,0.003693,"(0.001381, -0.004633, -0.258413)",LeftFalse_RightFalse,False,"(-34.7989616394043, -0.22067759931087494, -1.2533624172210693)","(1.265354037284851, 90.17308807373047, 0.1105397492647171)",0.046691,0.059442,"(0.273877, -0.005868, -0.006147)",LeftFalse_RightFalse
1.894653,0.020597,"(-1.3958404064178467, 1.1738032102584839, 34.583030700683594)","(0.23104099929332733, 182.38034057617188, 4.03997278213501)","(-1.4274203777313232, 1.1838449239730835, 34.590946197509766)","(0.12356899678707123, 237.01600646972656, 0.6247038245201111)","(-1.6962552070617676, -0.04355708137154579, 34.77244186401367)","(0.5915720462799072, 179.93118286132812, 0.23572899401187897)",0.255141,0.006256,"(0.000707, -0.004284, -0.293730)",LeftFalse_RightFalse,False,"(-34.781494140625, -0.22105196118354797, -1.2537622451782227)","(1.2624516487121582, 90.18943786621094, 0.11101941019296646)",0.077747,0.060391,"(0.290806, -0.006236, -0.006770)",LeftFalse_RightFalse
1.952271,0.019832,"(-1.394205927848816, 1.1740812063217163, 34.56570816040039)","(359.98468017578125, 181.86917114257812, 4.181270122528076)","(-1.4274077415466309, 1.1836637258529663, 34.57293701171875)","(0.11974836140871048, 237.0174560546875, 0.6161091923713684)","(-1.6962063312530518, -0.043774642050266266, 34.754241943359375)","(0.5822808742523193, 179.93263244628906, 0.23426583409309387)",0.308584,0.006531,"(0.000690, -0.003578, -0.336075)",LeftFalse_RightFalse,False,"(-34.76409149169922, -0.2214251160621643, -1.254176139831543)","(1.258786678314209, 90.20610809326172, 0.11156226694583893)",0.109092,0.061332,"(0.312148, -0.006702, -0.007550)",LeftFalse_RightFalse
2.007446,0.019104,"(-1.3926254510879517, 1.1744390726089478, 34.546470642089844)","(359.8434143066406, 181.3375244140625, 4.278473854064941)","(-1.4273827075958252, 1.1834949254989624, 34.553321838378906)","(0.1153520792722702, 237.01956176757812, 0.6085019111633301)","(-1.6961649656295776, -0.04397318512201309, 34.73444747924805)","(0.5735058784484863, 179.93475341796875, 0.23382270336151123)",0.347544,0.006531,"(0.000695, -0.003663, -0.385245)",LeftFalse_RightFalse,False,"(-34.746219635009766, -0.22180911898612976, -1.2546167373657227)","(1.2543737888336182, 90.22358703613281, 0.1121654212474823)",0.14346,0.062283,"(0.338244, -0.007269, -0.008497)",LeftFalse_RightFalse
2.049316,0.019765,"(-1.3918495178222656, 1.1749016046524048, 34.52993392944336)","(359.8145751953125, 181.0474090576172, 4.301019668579102)","(-1.4273617267608643, 1.1833597421646118, 34.536712646484375)","(0.11179511994123459, 237.02137756347656, 0.6027928590774536)","(-1.6961355209350586, -0.044130176305770874, 34.71770477294922)","(0.5667804479598999, 179.9365692138672, 0.23370639979839325)",0.36976,0.006531,"(0.000675, -0.003883, -0.420858)",LeftFalse_RightFalse,False,"(-34.731719970703125, -0.22212085127830505, -1.2549855709075928)","(1.2504322528839111, 90.238037109375, 0.1126822903752327)",0.168184,0.063046,"(0.358359, -0.007709, -0.009236)",LeftFalse_RightFalse
2.107178,0.019637,"(-1.391101360321045, 1.1758921146392822, 34.50419998168945)","(359.89178466796875, 180.73666381835938, 4.23463249206543)","(-1.4273325204849243, 1.1831530332565308, 34.511112213134766)","(0.10670274496078491, 237.02413940429688, 0.5949124097824097)","(-1.6960972547531128, -0.04436672851443291, 34.69191360473633)","(0.5573979020118713, 179.93936157226562, 0.23369914293289185)",0.401651,0.006531,"(0.000619, -0.004369, -0.478006)",LeftFalse_RightFalse,False,"(-34.71012878417969, -0.22258557379245758, -1.255552887916565)","(1.2442001104354858, 90.25995635986328, 0.11348959803581238)",0.203611,0.064169,"(0.392553, -0.008452, -0.010521)",LeftFalse_RightFalse
2.165161,0.019447,"(-1.3907191753387451, 1.1773104667663574, 34.474857330322266)","(0.02162240445613861, 180.4960174560547, 4.064127445220947)","(-1.4273070096969604, 1.1829160451889038, 34.48219299316406)","(0.10148391127586365, 237.02731323242188, 0.5869917273521423)","(-1.6960631608963013, -0.044633254408836365, 34.66280746459961)","(0.5479127764701843, 179.94252014160156, 0.23377619683742523)",0.430174,0.006531,"(0.000540, -0.004962, -0.539381)",LeftFalse_RightFalse,False,"(-34.686485290527344, -0.22309435904026031, -1.2561981678009033)","(1.237122654914856, 90.28447723388672, 0.11437658965587616)",0.236093,0.065377,"(0.431727, -0.009280, -0.012063)",LeftFalse_RightFalse
2.206421,0.019898,"(-1.3907688856124878, 1.1777985095977783, 34.45178985595703)","(0.09085272252559662, 180.3516845703125, 3.9763474464416504)","(-1.4272923469543457, 1.1827261447906494, 34.459434509277344)","(0.0977158397436142, 237.02978515625, 0.5813145637512207)","(-1.6960420608520508, -0.04484441131353378, 34.639915466308594)","(0.5410993099212646, 179.9450225830078, 0.23385442793369293)",0.44836,0.006531,"(0.000476, -0.005404, -0.582373)",LeftFalse_RightFalse,False,"(-34.66824722290039, -0.22348633408546448, -1.2567131519317627)","(1.2315971851348877, 90.30377960205078, 0.11501709371805191)",0.262387,0.066294,"(0.460446, -0.009890, -0.013221)",LeftFalse_RightFalse
2.248657,0.020336,"(-1.3911852836608887, 1.1775648593902588, 34.426090240478516)","(0.13339881598949432, 180.2239990234375, 3.896784782409668)","(-1.4272806644439697, 1.1825114488601685, 34.434181213378906)","(0.09381893277168274, 237.03253173828125, 0.5754574537277222)","(-1.6960234642028809, -0.045080769807100296, 34.614524841308594)","(0.5340648889541626, 179.94778442382812, 0.23394297063350677)",0.470161,0.006531,"(0.000404, -0.005862, -0.627086)",LeftFalse_RightFalse,False,"(-34.64823913574219, -0.22391600906848907, -1.2572946548461914)","(1.2255536317825317, 90.32530212402344, 0.11572209745645523)",0.284267,0.067286,"(0.491530, -0.010552, -0.014521)",LeftFalse_RightFalse
2.289795,0.020465,"(-1.3914371728897095, 1.1773258447647095, 34.399375915527344)","(0.1438744068145752, 180.10025024414062, 3.758248805999756)","(-1.427272915840149, 1.1822837591171265, 34.40774154663086)","(0.08997776359319687, 237.03543090820312, 0.5696889758110046)","(-1.6960084438323975, -0.04532993584871292, 34.587947845458984)","(0.5271350145339966, 179.95068359375, 0.2340329885482788)",0.50282,0.006531,"(0.000321, -0.006345, -0.674005)",LeftFalse_RightFalse,False,"(-34.62746810913086, -0.22436180710792542, -1.2579163312911987)","(1.2193571329116821, 90.3480453491211, 0.11645987629890442)",0.310798,0.068301,"(0.524506, -0.011257, -0.015938)",LeftFalse_RightFalse
2.330566,0.020501,"(-1.3915961980819702, 1.1773146390914917, 34.37089538574219)","(0.1390136480331421, 179.991943359375, 3.6109089851379395)","(-1.427269697189331, 1.1820372343063354, 34.379432678222656)","(0.08601506054401398, 237.03851318359375, 0.5637391805648804)","(-1.6959974765777588, -0.04559842497110367, 34.55950164794922)","(0.5199869871139526, 179.9537811279297, 0.23412643373012543)",0.550094,0.006653,"(0.000224, -0.006861, -0.724393)",LeftFalse_RightFalse,False,"(-34.605384826660156, -0.22483554482460022, -1.2585968971252441)","(1.2128926515579224, 90.37263488769531, 0.11725901812314987)",0.338184,0.069368,"(0.559985, -0.012017, -0.017522)",LeftFalse_RightFalse
2.387085,0.019682,"(-1.3917313814163208, 1.1773383617401123, 34.32791519165039)","(0.10408498346805573, 179.73655700683594, 3.227918863296509)","(-1.4272749423980713, 1.18166184425354, 34.33659744262695)","(0.08000687509775162, 237.0432586669922, 0.5547322034835815)","(-1.6959906816482544, -0.046007197350263596, 34.516456604003906)","(0.5091612339019775, 179.95852661132812, 0.23427589237689972)",0.637858,0.006836,"(0.000001, -0.007721, -0.809506)",LeftFalse_RightFalse,False,"(-34.57227325439453, -0.22554603219032288, -1.259655475616455)","(1.2033662796020508, 90.41031646728516, 0.11850038170814514)",0.384995,0.070942,"(0.618220, -0.013259, -0.020233)",LeftFalse_RightFalse
2.429565,0.020215,"(-1.3918020725250244, 1.1772023439407349, 34.29254150390625)","(0.09750110656023026, 179.58132934570312, 3.004596471786499)","(-1.4272887706756592, 1.1813514232635498, 34.30128479003906)","(0.07486733794212341, 237.04727172851562, 0.5470394492149353)","(-1.6959946155548096, -0.04634610936045647, 34.48096466064453)","(0.49991047382354736, 179.96255493164062, 0.2344101518392563)",0.699357,0.007111,"(-0.000203, -0.008362, -0.873676)",LeftFalse_RightFalse,False,"(-34.545265197753906, -0.2261253297328949, -1.260551929473877)","(1.1956892013549805, 90.4417495727539, 0.11954934895038605)",0.427236,0.072205,"(0.661405, -0.014184, -0.022340)",LeftFalse_RightFalse
2.470581,0.020308,"(-1.39186429977417, 1.1761630773544312, 34.25556945800781)","(0.14817842841148376, 179.4155731201172, 2.7951786518096924)","(-1.4273130893707275, 1.1810263395309448, 34.264347076416016)","(0.06927768141031265, 237.05162048339844, 0.5387064814567566)","(-1.6960086822509766, -0.04670186713337898, 34.44383239746094)","(0.4898776710033417, 179.9669189453125, 0.23457442224025726)",0.754992,0.00766,"(-0.000513, -0.009065, -0.943906)",LeftFalse_RightFalse,False,"(-34.51726531982422, -0.22672569751739502, -1.2615129947662354)","(1.1876846551895142, 90.47499084472656, 0.120700903236866)",0.466684,0.0735,"(0.708391, -0.015189, -0.024725)",LeftFalse_RightFalse
2.511597,0.020411,"(-1.3918081521987915, 1.1753617525100708, 34.215415954589844)","(0.17286495864391327, 179.3130340576172, 2.6627957820892334)","(-1.42735755443573, 1.1806774139404297, 34.22441101074219)","(0.0631723701953888, 237.05667114257812, 0.5293074250221252)","(-1.6960376501083374, -0.04708579555153847, 34.40367889404297)","(0.47866979241371155, 179.9719696044922, 0.2345922738313675)",0.800056,0.008484,"(-0.001018, -0.009564, -1.019369)",LeftFalse_RightFalse,False,"(-34.48723602294922, -0.22736938297748566, -1.2625794410705566)","(1.1790671348571777, 90.51140594482422, 0.12199120968580246)",0.511689,0.07487,"(0.759225, -0.016277, -0.027401)",LeftFalse_RightFalse
2.554321,0.020706,"(-1.3917428255081177, 1.174477458000183, 34.16998291015625)","(0.1869194209575653, 179.2521209716797, 2.56276273727417)","(-1.4274498224258423, 1.1803004741668701, 34.17926025390625)","(0.05677955597639084, 237.06289672851562, 0.5176936388015747)","(-1.6960899829864502, -0.047508638352155685, 34.3582763671875)","(0.4654465615749359, 179.9782257080078, 0.23364797234535217)",0.824657,0.00946,"(-0.001716, -0.010176, -1.099065)",LeftFalse_RightFalse,False,"(-34.45351028442383, -0.22809241712093353, -1.2638216018676758)","(1.1693353652954102, 90.55322265625, 0.12351604551076889)",0.549571,0.075922,"(0.814623, -0.017465, -0.030464)",LeftFalse_RightFalse
2.596924,0.020925,"(-1.391664743423462, 1.1735740900039673, 34.12106704711914)","(0.19311773777008057, 179.2214813232422, 2.48958158493042)","(-1.4275851249694824, 1.1799002885818481, 34.13070297241211)","(0.050200335681438446, 237.0703887939453, 0.5051885843276978)","(-1.6961745023727417, -0.04795871675014496, 34.309452056884766)","(0.4513736367225647, 179.98570251464844, 0.23237571120262146)",0.846289,0.010498,"(-0.002545, -0.010859, -1.180859)",LeftFalse_RightFalse,False,"(-34.41736602783203, -0.22886721789836884, -1.265193223953247)","(1.1589127779006958, 90.59864044189453, 0.12508003413677216)",0.591914,0.07305,"(0.873541, -0.018732, -0.033246)",LeftFalse_RightFalse
2.639038,0.020895,"(-1.3916279077529907, 1.1722617149353027, 34.069000244140625)","(0.2601798176765442, 179.3684844970703, 2.4927420616149902)","(-1.4277652502059937, 1.179474949836731, 34.07899475097656)","(0.04359907656908035, 237.07925415039062, 0.4923158884048462)","(-1.6962957382202148, -0.04843563959002495, 34.257476806640625)","(0.4369802176952362, 179.99456787109375, 0.23092226684093475)",0.870238,0.011261,"(-0.003445, -0.011598, -1.264816)",LeftFalse_RightFalse,False,"(-34.3788948059082, -0.22969217598438263, -1.2666661739349365)","(1.1479146480560303, 90.64622497558594, 0.12643657624721527)",0.621057,0.072739,"(0.936701, -0.020090, -0.036006)",LeftFalse_RightFalse
2.680908,0.020884,"(-1.391719102859497, 1.1712573766708374, 34.01350784301758)","(0.32218417525291443, 179.50933837890625, 2.5240135192871094)","(-1.427990436553955, 1.179019570350647, 34.02372741699219)","(0.03701251745223999, 237.0894775390625, 0.47916364669799805)","(-1.6964542865753174, -0.04894416034221649, 34.201942443847656)","(0.4223601818084717, 180.0048065185547, 0.22930461168289185)",0.893603,0.011322,"(-0.004300, -0.012373, -1.351049)",LeftFalse_RightFalse,False,"(-34.33770751953125, -0.23057542741298676, -1.2682675123214722)","(1.1363788843154907, 90.69673156738281, 0.12785112857818604)",0.662671,0.07232,"(1.002875, -0.021510, -0.039199)",LeftFalse_RightFalse
2.721802,0.02078,"(-1.3916821479797363, 1.1704429388046265, 33.9553337097168)","(0.4091448485851288, 179.66839599609375, 2.586054801940918)","(-1.4282487630844116, 1.1785424947738647, 33.966026306152344)","(0.03064664639532566, 237.10049438476562, 0.4660368859767914)","(-1.696640133857727, -0.04947461560368538, 34.143985748291016)","(0.40788134932518005, 180.01580810546875, 0.22751541435718536)",0.912893,0.011322,"(-0.005022, -0.013176, -1.439736)",LeftFalse_RightFalse,False,"(-34.2945671081543, -0.23150049149990082, -1.2699763774871826)","(1.1246018409729004, 90.74937438964844, 0.12935112416744232)",0.703456,0.071783,"(1.072508, -0.023003, -0.042684)",LeftFalse_RightFalse
2.762451,0.020605,"(-1.3916690349578857, 1.1695234775543213, 33.893760681152344)","(0.4947836995124817, 179.83099365234375, 2.6723921298980713)","(-1.4285398721694946, 1.1780354976654053, 33.90494155883789)","(0.02437327615916729, 237.1122589111328, 0.45274704694747925)","(-1.6968529224395752, -0.05003600940108299, 34.0826416015625)","(0.39331603050231934, 180.02755737304688, 0.2255600392818451)",0.936854,0.011322,"(-0.005732, -0.014012, -1.530689)",LeftFalse_RightFalse,False,"(-34.248687744140625, -0.23248429596424103, -1.2718288898468018)","(1.112371563911438, 90.80506134033203, 0.13095617294311523)",0.731452,0.071091,"(1.146280, -0.024582, -0.046465)",LeftFalse_RightFalse
2.803223,0.020457,"(-1.3917036056518555, 1.1685543060302734, 33.8283805847168)","(0.5835535526275635, 179.99020385742188, 2.766477346420288)","(-1.4288660287857056, 1.1774941682815552, 33.84002685546875)","(0.018134912475943565, 237.12481689453125, 0.43925896286964417)","(-1.697095513343811, -0.05063261091709137, 34.01747131347656)","(0.37860310077667236, 180.04010009765625, 0.22346748411655426)",0.946623,0.011322,"(-0.006855, -0.015297, -1.669735)",LeftFalse_RightFalse,False,"(-34.199668884277344, -0.23353508114814758, -1.2738450765609741)","(1.0997735261917114, 90.86417388916016, 0.1326560378074646)",0.781431,0.070242,"(1.257683, -0.026976, -0.052376)",LeftFalse_RightFalse
2.845215,0.020681,"(-1.3918904066085815, 1.1674493551254272, 33.756805419921875)","(0.6450066566467285, 180.10263061523438, 2.8271801471710205)","(-1.429241418838501, 1.1768968105316162, 33.768760681152344)","(0.011770817451179028, 237.13858032226562, 0.4252275824546814)","(-1.6973795890808105, -0.05128776282072067, 33.94594192504883)","(0.36336588859558105, 180.05386352539062, 0.2211853414773941)",0.954535,0.011322,"(-0.007665, -0.016154, -1.763405)",LeftFalse_RightFalse,False,"(-34.14565658569336, -0.23469318449497223, -1.2761099338531494)","(1.0867822170257568, 90.92875671386719, 0.13446420431137085)",0.823295,0.069186,"(1.340311, -0.028728, -0.056951)",LeftFalse_RightFalse
2.887451,0.020783,"(-1.3919751644134521, 1.1663192510604858, 33.68065643310547)","(0.8297910690307617, 180.1384735107422, 2.9317147731781006)","(-1.4296584129333496, 1.176260232925415, 33.69314193725586)","(0.005476664751768112, 237.15321350097656, 0.4111015796661377)","(-1.6977005004882812, -0.05198272690176964, 33.87006378173828)","(0.34808722138404846, 180.06846618652344, 0.21879301965236664)",0.960944,0.011322,"(-0.008535, -0.017024, -1.857848)",LeftFalse_RightFalse,False,"(-34.0877685546875, -0.23593342304229736, -1.278586983680725)","(1.0727931261062622, 90.99739074707031, 0.13645941019058228)",0.834402,0.067877,"(1.425836, -0.030501, -0.061611)",LeftFalse_RightFalse
2.94397,0.019852,"(-1.3923367261886597, 1.1650362014770508, 33.57236099243164)","(0.9758819937705994, 180.161376953125, 3.013587236404419)","(-1.4302729368209839, 1.1753532886505127, 33.585262298583984)","(-0.0037211591843515635, 237.17413330078125, 0.3921876549720764)","(-1.698196291923523, -0.052965812385082245, 33.761837005615234)","(0.3272114098072052, 180.08938598632812, 0.21623659133911133)",0.967289,0.011322,"(-0.009895, -0.017756, -2.000417)",LeftFalse_RightFalse,False,"(-34.00425338745117, -0.2377183437347412, -1.2822319269180298)","(1.0531799793243408, 91.09465789794922, 0.13947957754135132)",0.873463,0.065745,"(1.556308, -0.033238, -0.068792)",LeftFalse_RightFalse
3.001709,0.01964,"(-1.3928731679916382, 1.1638625860214233, 33.454158782958984)","(1.0499707460403442, 180.11570739746094, 3.044912815093994)","(-1.4309438467025757, 1.1743818521499634, 33.4672966003418)","(359.9840393066406, 237.19729614257812, 0.37292179465293884)","(-1.698792576789856, -0.054008204489946365, 33.643489837646484)","(0.30438974499702454, 180.11253356933594, 0.21603842079639435)",0.971915,0.011322,"(-0.010831, -0.018353, -2.096048)",LeftFalse_RightFalse,False,"(-33.91144943237305, -0.23969896137714386, -1.2863843441009521)","(1.0317745208740234, 91.20047760009766, 0.14296762645244598)",0.86587,0.06712,"(1.653326, -0.035289, -0.074814)",LeftFalse_RightFalse
3.059937,0.019531,"(-1.3937538862228394, 1.1625946760177612, 33.326927185058594)","(1.121370792388916, 180.39186096191406, 3.0799601078033447)","(-1.4317173957824707, 1.1734389066696167, 33.34031295776367)","(359.9696044921875, 237.22230529785156, 0.34979647397994995)","(-1.6994810104370117, -0.055036839097738266, 33.51603698730469)","(0.277129203081131, 180.13754272460938, 0.21559539437294006)",0.975288,0.011322,"(-0.012534, -0.016823, -2.239300)",LeftFalse_RightFalse,False,"(-33.81005096435547, -0.24174463748931885, -1.2910929918289185)","(1.0050313472747803, 91.31597900390625, 0.1454228311777115)",0.92529,0.066231,"(1.789331, -0.031328, -0.084425)",LeftFalse_RightFalse
3.100586,0.019836,"(-1.394585371017456, 1.161635398864746, 33.23311996459961)","(1.1645002365112305, 180.6379852294922, 3.106548309326172)","(-1.432318925857544, 1.1728403568267822, 33.24673080444336)","(359.9571838378906, 237.24075317382812, 0.3303123414516449)","(-1.7000237703323364, -0.055706560611724854, 33.42204666137695)","(0.2540265917778015, 180.1559600830078, 0.21542948484420776)",0.977011,0.011322,"(-0.013738, -0.016299, -2.334721)",LeftFalse_RightFalse,False,"(-33.73439025878906, -0.24290548264980316, -1.2947183847427368)","(0.9703708291053772, 91.40172576904297, 0.145501971244812)",0.956096,0.065506,"(1.882311, -0.027287, -0.091276)",LeftFalse_RightFalse
3.157227,0.019353,"(-1.396501064300537, 1.1603268384933472, 33.09635543823242)","(1.4264689683914185, 181.56272888183594, 3.36635422706604)","(-1.4332387447357178, 1.1720253229141235, 33.11016082763672)","(359.9378662109375, 237.26766967773438, 0.30084460973739624)","(-1.7008682489395142, -0.05662776157259941, 33.284847259521484)","(0.21879008412361145, 180.182861328125, 0.21563664078712463)",0.979003,0.011322,"(-0.015688, -0.016353, -2.478068)",LeftFalse_RightFalse,False,"(-33.62263870239258, -0.24435383081436157, -1.3002456426620483)","(0.9088914394378662, 91.52721405029297, 0.1471816897392273)",0.970958,0.063939,"(2.024943, -0.024787, -0.101662)",LeftFalse_RightFalse
3.19873,0.01986,"(-1.3990635871887207, 1.1592769622802734, 32.990745544433594)","(1.7297033071517944, 182.72142028808594, 3.649662494659424)","(-1.4339847564697266, 1.1714171171188354, 33.004947662353516)","(359.9226989746094, 237.2884063720703, 0.2779504060745239)","(-1.701559066772461, -0.05731770768761635, 33.179141998291016)","(0.19133462011814117, 180.2035675048828, 0.21592006087303162)",0.980021,0.011322,"(-0.017110, -0.016733, -2.573714)",LeftFalse_RightFalse,False,"(-33.535579681396484, -0.24538277089595795, -1.3046706914901733)","(0.8575327396392822, 91.62349700927734, 0.14893032610416412)",0.997877,0.062341,"(2.123117, -0.024622, -0.108898)",LeftFalse_RightFalse
3.239014,0.020015,"(-1.4009597301483154, 1.1584035158157349, 32.88465881347656)","(1.8914302587509155, 183.435546875, 3.819068670272827)","(-1.4347699880599976, 1.1708102226257324, 32.899105072021484)","(359.9075012207031, 237.30926513671875, 0.2550278604030609)","(-1.7022900581359863, -0.0580061674118042, 33.07280731201172)","(0.16382792592048645, 180.2244110107422, 0.21623051166534424)",0.980845,0.011322,"(-0.018633, -0.017280, -2.669382)",LeftFalse_RightFalse,False,"(-33.44712829589844, -0.24639296531677246, -1.3092986345291138)","(0.8043256998062134, 91.72108459472656, 0.15126048028469086)",1.0,0.07053,"(2.222349, -0.025207, -0.118341)",LeftFalse_RightFalse
3.281006,0.020346,"(-1.4031195640563965, 1.157365083694458, 32.77003479003906)","(2.0481925010681152, 184.47262573242188, 4.038924217224121)","(-1.4356582164764404, 1.1701538562774658, 32.78474807739258)","(359.8912353515625, 237.331787109375, 0.2305048257112503)","(-1.7031199932098389, -0.05874970182776451, 32.957923889160156)","(0.1344018280506134, 180.24688720703125, 0.21656078100204468)",0.981513,0.011322,"(-0.020258, -0.017925, -2.765043)",LeftFalse_RightFalse,False,"(-33.350711822509766, -0.24748413264751434, -1.3146241903305054)","(0.7465328574180603, 91.83283233642578, 0.1552475541830063)",1.0,0.07154,"(2.322122, -0.026256, -0.130113)",LeftFalse_RightFalse
3.337524,0.019671,"(-1.405968189239502, 1.1559338569641113, 32.60905838012695)","(2.1791694164276123, 185.32301330566406, 4.217032432556152)","(-1.4369726181030273, 1.1692261695861816, 32.62408447265625)","(359.8685607910156, 237.3634490966797, 0.19686587154865265)","(-1.7043592929840088, -0.05979519337415695, 32.79653549194336)","(0.09384246170520782, 180.27847290039062, 0.2173149436712265)",0.982284,0.011322,"(-0.022876, -0.018894, -2.908444)",LeftFalse_RightFalse,False,"(-33.2138786315918, -0.2490423321723938, -1.3226088285446167)","(0.6660258769989014, 91.99738311767578, 0.1611490100622177)",1.0,0.072203,"(2.471942, -0.028306, -0.147280)",LeftFalse_RightFalse
3.396484,0.019735,"(-1.4082891941070557, 1.1541337966918945, 32.43257522583008)","(2.5146403312683105, 185.6116485595703, 4.344844341278076)","(-1.4385526180267334, 1.1683669090270996, 32.447967529296875)","(359.85015869140625, 237.3978271484375, 0.1651139259338379)","(-1.7058013677597046, -0.0607723593711853, 32.61979293823242)","(0.05719459056854248, 180.312744140625, 0.21549896895885468)",0.982456,0.011322,"(-0.025833, -0.014780, -3.050373)",LeftFalse_RightFalse,False,"(-33.062355041503906, -0.25079643726348877, -1.3319358825683594)","(0.5794253349304199, 92.18309783935547, 0.167106494307518)",1.0,0.071507,"(2.621595, -0.030603, -0.164749)",LeftFalse_RightFalse
3.438477,0.020183,"(-1.409339189529419, 1.152811050415039, 32.30234146118164)","(2.7351627349853516, 185.65005493164062, 4.405210971832275)","(-1.4397544860839844, 1.1678436994552612, 32.317874908447266)","(359.83843994140625, 237.4232635498047, 0.14772723615169525)","(-1.70693838596344, -0.06135578453540802, 32.4893684387207)","(0.036219194531440735, 180.33815002441406, 0.21590708196163177)",0.982076,0.011322,"(-0.027829, -0.013442, -3.144638)",LeftFalse_RightFalse,False,"(-32.94953155517578, -0.25207167863845825, -1.3391609191894531)","(0.5185991525650024, 92.32140350341797, 0.1696394979953766)",1.0,0.069277,"(2.720724, -0.028895, -0.176256)",LeftFalse_RightFalse
3.496826,0.019788,"(-1.4098443984985352, 1.1515389680862427, 32.11365509033203)","(3.146544933319092, 184.7345733642578, 4.468164443969727)","(-1.441623568534851, 1.167208194732666, 32.12971878051758)","(359.8251037597656, 237.46014404296875, 0.1242278665304184)","(-1.7086669206619263, -0.062078509479761124, 32.300804138183594)","(0.009255584329366684, 180.37496948242188, 0.21431724727153778)",0.981636,0.011322,"(-0.031237, -0.011532, -3.285510)",LeftFalse_RightFalse,False,"(-32.78519058227539, -0.2537027597427368, -1.3500422239303589)","(0.44206130504608154, 92.51868438720703, 0.17091652750968933)",1.0,0.065874,"(2.868366, -0.027383, -0.193012)",LeftFalse_RightFalse
3.555054,0.019723,"(-1.4099628925323486, 1.1506798267364502, 31.917654037475586)","(3.434868097305298, 183.2397918701172, 4.413740158081055)","(-1.4437670707702637, 1.1666791439056396, 31.9340877532959)","(359.81500244140625, 237.49844360351562, 0.09781932085752487)","(-1.7105743885040283, -0.06271668523550034, 32.104759216308594)","(359.9815979003906, 180.41319274902344, 0.20844385027885437)",0.981316,0.011322,"(-0.035073, -0.010650, -3.425782)",LeftFalse_RightFalse,False,"(-32.61294174194336, -0.2552891969680786, -1.3618286848068237)","(0.369278222322464, 92.71757507324219, 0.1723915934562683)",1.0,0.060761,"(3.015744, -0.026958, -0.209206)",LeftFalse_RightFalse
3.595825,0.020021,"(-1.41035795211792, 1.1502025127410889, 31.77556037902832)","(3.5279293060302734, 182.39683532714844, 4.359997749328613)","(-1.4454176425933838, 1.1663312911987305, 31.792509078979492)","(359.8085632324219, 237.52618408203125, 0.07822280377149582)","(-1.712033748626709, -0.06314777582883835, 31.962879180908203)","(359.9616394042969, 180.44085693359375, 0.20321305096149445)",0.980761,0.011322,"(-0.037729, -0.010551, -3.519076)",LeftFalse_RightFalse,False,"(-32.48747634887695, -0.2563933730125427, -1.3706159591674805)","(0.3182218074798584, 92.85631561279297, 0.17202074825763702)",1.0,0.061067,"(3.113674, -0.027162, -0.220766)",LeftFalse_RightFalse
3.63855,0.020511,"(-1.4106398820877075, 1.149755597114563, 31.62238121032715)","(3.491957664489746, 181.40679931640625, 4.285824298858643)","(-1.4472806453704834, 1.1659678220748901, 31.63973045349121)","(359.8018798828125, 237.55609130859375, 0.05685461685061455)","(-1.7136828899383545, -0.06360244750976562, 31.809776306152344)","(359.9400634765625, 180.470703125, 0.19721166789531708)",0.978437,0.011322,"(-0.040456, -0.010695, -3.612109)",LeftFalse_RightFalse,False,"(-32.35139846801758, -0.2575705945491791, -1.3803783655166626)","(0.2639409899711609, 93.00286865234375, 0.1715059131383896)",1.0,0.05664,"(3.211447, -0.027705, -0.232529)",LeftFalse_RightFalse
3.682129,0.020931,"(-1.4108319282531738, 1.1495654582977295, 31.46263313293457)","(3.3752377033233643, 180.4540557861328, 4.211641311645508)","(-1.4492778778076172, 1.1656055450439453, 31.480152130126953)","(359.79278564453125, 237.58737182617188, 0.03471275046467781)","(-1.7154974937438965, -0.06405411660671234, 31.649837493896484)","(359.9165344238281, 180.50192260742188, 0.19281291961669922)",0.974719,0.011322,"(-0.043190, -0.009868, -3.704614)",LeftFalse_RightFalse,False,"(-32.20853042602539, -0.258798748254776, -1.3908061981201172)","(0.20765265822410583, 93.14944458007812, 0.1701589822769165)",1.0,0.051126,"(3.309208, -0.028469, -0.242962)",LeftFalse_RightFalse
3.740479,0.020199,"(-1.4118101596832275, 1.1498596668243408, 31.241455078125)","(2.960219383239746, 179.40475463867188, 4.160138130187988)","(-1.4521551132202148, 1.1652990579605103, 31.25878143310547)","(359.7755126953125, 237.6310272216797, -5.379481808631681e-05)","(-1.7181594371795654, -0.06449351459741592, 31.427839279174805)","(359.8779602050781, 180.54544067382812, 0.1884208470582962)",0.968788,0.011322,"(-0.047553, -0.005668, -3.841354)",LeftFalse_RightFalse,False,"(-32.0090446472168, -0.260516494512558, -1.405402421951294)","(0.129655659198761, 93.33055114746094, 0.16499163210391998)",1.0,0.017654,"(3.456272, -0.029870, -0.249949)",LeftFalse_RightFalse
3.801025,0.020175,"(-1.413968801498413, 1.1504884958267212, 31.00441551208496)","(2.3071670532226562, 178.5496063232422, 4.154277801513672)","(-1.4554462432861328, 1.1652185916900635, 31.02158546447754)","(359.75567626953125, 237.6776885986328, 359.95703125)","(-1.7211803197860718, -0.06474080681800842, 31.18985366821289)","(359.8311767578125, 180.59193420410156, 0.18174229562282562)",0.95984,0.011322,"(-0.052261, -0.003404, -3.975921)",LeftFalse_RightFalse,False,"(-31.79361343383789, -0.2622729241847992, -1.4200280904769897)","(0.04112324118614197, 93.44915771484375, 0.14343681931495667)",1.0,-0.004659,"(3.603623, -0.026182, -0.239367)",LeftFalse_RightFalse
3.84375,0.020593,"(-1.4156744480133057, 1.1512219905853271, 30.83261489868164)","(1.831727147102356, 178.15679931640625, 4.153932571411133)","(-1.457949161529541, 1.1652212142944336, 30.84951400756836)","(359.7407531738281, 237.71148681640625, 359.92474365234375)","(-1.723484992980957, -0.06486305594444275, 31.017181396484375)","(359.79595947265625, 180.62562561035156, 0.17672935128211975)",0.951452,0.011292,"(-0.057169, -0.002552, -4.108448)",LeftFalse_RightFalse,False,"(-31.636287689208984, -0.26309075951576233, -1.4298633337020874)","(359.9567565917969, 93.4825210571289, 0.12413804978132248)",1.0,-0.019823,"(3.747316, -0.014943, -0.226813)",LeftFalse_RightFalse
3.884277,0.020482,"(-1.4173396825790405, 1.1520971059799194, 30.665727615356445)","(1.3825138807296753, 177.89651489257812, 4.145011901855469)","(-1.4604501724243164, 1.1652501821517944, 30.682247161865234)","(359.7252502441406, 237.74432373046875, 359.8944091796875)","(-1.7258243560791016, -0.06494743376970291, 30.849336624145508)","(359.7620544433594, 180.6583251953125, 0.1732683777809143)",0.940947,0.011292,"(-0.060502, -0.001339, -4.195392)",LeftFalse_RightFalse,False,"(-31.482633590698242, -0.2636535167694092, -1.4389142990112305)","(359.8643493652344, 93.48168182373047, 0.10953924059867859)",1.0,-0.027827,"(3.842622, -0.011677, -0.219736)",LeftFalse_RightFalse
3.925415,0.020502,"(-1.419123888015747, 1.1527440547943115, 30.49319076538086)","(1.003403663635254, 177.72752380371094, 4.13420295715332)","(-1.4631292819976807, 1.1653519868850708, 30.50925064086914)","(359.7109680175781, 237.77816772460938, 359.865478515625)","(-1.728333830833435, -0.064954474568367, 30.67580795288086)","(359.7300109863281, 180.6920623779297, 0.1695621758699417)",0.909849,0.011292,"(-0.063981, 0.003315, -4.279561)",LeftFalse_RightFalse,False,"(-31.32303237915039, -0.2641066312789917, -1.4477856159210205)","(359.7627258300781, 93.45288848876953, 0.09718869626522064)",1.0,-0.041757,"(3.937863, -0.009990, -0.209831)",LeftFalse_RightFalse
3.965576,0.020353,"(-1.4214924573898315, 1.1533222198486328, 30.321060180664062)","(0.7268053889274597, 177.63221740722656, 4.121894359588623)","(-1.465842366218567, 1.1655941009521484, 30.336519241333008)","(359.6979675292969, 237.81187438964844, 359.8447265625)","(-1.7309478521347046, -0.06478394567966461, 30.50270652770996)","(359.7055358886719, 180.7256622314453, 0.1691870391368866)",0.871389,0.011292,"(-0.067367, 0.005953, -4.359340)",LeftFalse_RightFalse,False,"(-31.16297721862793, -0.2644941210746765, -1.4560039043426514)","(359.6579895019531, 93.3934555053711, 0.08522233366966248)",1.0,-0.054383,"(4.032972, -0.009207, -0.195414)",LeftFalse_RightFalse
4.00647,0.020429,"(-1.424180030822754, 1.1538761854171753, 30.141939163208008)","(0.5820023417472839, 177.58062744140625, 4.134572505950928)","(-1.4687509536743164, 1.165928602218628, 30.157018661499023)","(359.6866760253906, 237.84689331054688, 359.8269958496094)","(-1.7337576150894165, -0.06450972706079483, 30.32291603088379)","(359.68450927734375, 180.76055908203125, 0.16902123391628265)",0.809155,0.011292,"(-0.070933, 0.008786, -4.433698)",LeftFalse_RightFalse,False,"(-30.995752334594727, -0.26483380794525146, -1.4637277126312256)","(359.548828125, 93.29662322998047, 0.07017748802900314)",1.0,-0.065791,"(4.126874, -0.001068, -0.179255)",LeftFalse_RightFalse
4.048096,0.020549,"(-1.4268968105316162, 1.1544948816299438, 29.95711326599121)","(0.5354830026626587, 177.54368591308594, 4.143730163574219)","(-1.4719306230545044, 1.1664036512374878, 29.971759796142578)","(359.6794738769531, 237.88299560546875, 359.80731201171875)","(-1.7367393970489502, -0.06411425024271011, 30.13738250732422)","(359.6640625, 180.7965850830078, 0.16437992453575134)",0.771256,0.011292,"(-0.074671, 0.010572, -4.499902)",LeftFalse_RightFalse,False,"(-30.822195053100586, -0.2645515203475952, -1.4707332849502563)","(359.46014404296875, 93.15997314453125, 0.041700635105371475)",1.0,-0.077753,"(4.217769, 0.016240, -0.159157)",LeftFalse_RightFalse
4.088745,0.020416,"(-1.4299050569534302, 1.1551172733306885, 29.77344512939453)","(0.48036476969718933, 177.51959228515625, 4.146355152130127)","(-1.4752213954925537, 1.1669337749481201, 29.7878360748291)","(359.6743469238281, 237.91868591308594, 359.7882995605469)","(-1.739803433418274, -0.0636649876832962, 29.95322036743164)","(359.6453552246094, 180.83221435546875, 0.15834148228168488)",0.748402,0.011292,"(-0.078437, 0.011638, -4.561158)",LeftFalse_RightFalse,False,"(-30.648746490478516, -0.26373857259750366, -1.4767463207244873)","(359.39312744140625, 92.98841857910156, 0.025300202891230583)",1.0,-0.095043,"(4.308296, 0.024928, -0.135292)",LeftFalse_RightFalse
4.129272,0.020394,"(-1.4331711530685425, 1.1557437181472778, 29.588136672973633)","(0.42056435346603394, 177.496337890625, 4.145248889923096)","(-1.478663444519043, 1.1674981117248535, 29.602378845214844)","(359.67034912109375, 237.95458984375, 359.7695617675781)","(-1.7430014610290527, -0.06318294256925583, 29.767539978027344)","(359.6274108886719, 180.8680419921875, 0.1515212506055832)",0.733857,0.011017,"(-0.082173, 0.012214, -4.619266)",LeftFalse_RightFalse,False,"(-30.47254180908203, -0.2626084089279175, -1.48160719871521)","(359.3367004394531, 92.77550506591797, 0.00820598192512989)",1.0,-0.108334,"(4.398087, 0.031402, -0.103777)",LeftFalse_RightFalse
4.170532,0.020521,"(-1.4366848468780518, 1.156406283378601, 29.39668846130371)","(0.37781867384910583, 177.49844360351562, 4.137650012969971)","(-1.4822876453399658, 1.168118953704834, 29.410846710205078)","(359.6633605957031, 237.99143981933594, 359.7507019042969)","(-1.7464320659637451, -0.0626378133893013, 29.575754165649414)","(359.6077880859375, 180.90481567382812, 0.14713311195373535)",0.738699,0.010437,"(-0.085608, 0.014105, -4.675637)",LeftFalse_RightFalse,False,"(-30.28910255432129, -0.26123619079589844, -1.485159993171692)","(359.2852783203125, 92.50942993164062, 359.9888916015625)",1.0,-0.120582,"(4.487248, 0.035198, -0.069229)",LeftFalse_RightFalse
4.21167,0.020566,"(-1.4403836727142334, 1.1571567058563232, 29.20347023010254)","(0.3714751601219177, 177.5183868408203, 4.136270523071289)","(-1.4860531091690063, 1.1688390970230103, 29.217588424682617)","(359.65643310546875, 238.02786254882812, 359.730712890625)","(-1.7499918937683105, -0.061998460441827774, 29.382221221923828)","(359.5872497558594, 180.941162109375, 0.14208658039569855)",0.738455,0.009491,"(-0.089018, 0.016693, -4.731668)",LeftFalse_RightFalse,False,"(-30.10252571105957, -0.2597388029098511, -1.4875210523605347)","(359.23748779296875, 92.21062469482422, 359.973388671875)",1.0,-0.115,"(4.576483, 0.037476, -0.068197)",LeftFalse_RightFalse
4.255737,0.021103,"(-1.4445557594299316, 1.1580440998077393, 28.993818283081055)","(0.4018840491771698, 177.54721069335938, 4.143672466278076)","(-1.4902675151824951, 1.1697012186050415, 29.00792121887207)","(359.6507263183594, 238.0655059814453, 359.7079162597656)","(-1.7539433240890503, -0.06123402342200279, 29.172245025634766)","(359.56500244140625, 180.97872924804688, 0.1344868689775467)",0.736552,0.008484,"(-0.092054, 0.017839, -4.787483)",LeftFalse_RightFalse,False,"(-29.898475646972656, -0.2580450177192688, -1.489454984664917)","(359.1873779296875, 91.89188385009766, 359.9640808105469)",1.0,-0.12714,"(4.664504, 0.039325, -0.024554)",LeftFalse_RightFalse
4.298706,0.021225,"(-1.448786973953247, 1.158952236175537, 28.78658103942871)","(0.4484645128250122, 177.5809783935547, 4.153634071350098)","(-1.4945214986801147, 1.1705889701843262, 28.80068588256836)","(359.6455078125, 238.10015869140625, 359.6845397949219)","(-1.757928490638733, -0.06044730544090271, 28.964683532714844)","(359.54254150390625, 181.01327514648438, 0.12617948651313782)",0.732565,0.00766,"(-0.094779, 0.018500, -4.842927)",LeftFalse_RightFalse,False,"(-29.69516372680664, -0.2561226785182953, -1.489218831062317)","(359.12933349609375, 91.5236587524414, 359.9441223144531)",1.0,-0.121311,"(4.751259, 0.049331, 0.019468)",LeftFalse_RightFalse
4.340576,0.02113,"(-1.453171730041504, 1.159867525100708, 28.58281898498535)","(0.5027817487716675, 177.6379852294922, 4.146306037902832)","(-1.498732328414917, 1.171487808227539, 28.5970516204834)","(359.6390380859375, 238.13148498535156, 359.66302490234375)","(-1.7619240283966064, -0.05963738635182381, 28.760726928710938)","(359.52099609375, 181.04454040527344, 0.11992210149765015)",0.730078,0.00705,"(-0.097284, 0.020303, -4.897400)",LeftFalse_RightFalse,False,"(-29.493864059448242, -0.25388580560684204, -1.4873783588409424)","(359.0588073730469, 91.13218688964844, 359.9312744140625)",1.0,-0.052743,"(4.837355, 0.055172, 0.052834)",LeftFalse_RightFalse
4.381592,0.020927,"(-1.4576307535171509, 1.1609007120132446, 28.38020133972168)","(0.5202468037605286, 177.69522094726562, 4.128507614135742)","(-1.5029478073120117, 1.1725085973739624, 28.394603729248047)","(359.63421630859375, 238.16009521484375, 359.6471252441406)","(-1.7659659385681152, -0.05868220329284668, 28.55806541442871)","(359.5050048828125, 181.07308959960938, 0.11533637344837189)",0.724459,0.0065,"(-0.099796, 0.024765, -4.950733)",LeftFalse_RightFalse,False,"(-29.292308807373047, -0.2515028417110443, -1.4852721691131592)","(358.9811706542969, 90.77649688720703, 359.9314880371094)",1.0,-0.108736,"(4.924276, 0.058808, 0.061042)",LeftFalse_RightFalse
4.426758,0.021553,"(-1.4625017642974854, 1.1621671915054321, 28.154630661010742)","(0.5165014863014221, 177.74923706054688, 4.1149001121521)","(-1.5076484680175781, 1.1737674474716187, 28.169157028198242)","(359.62872314453125, 238.18948364257812, 359.63568115234375)","(-1.7705533504486084, -0.05746570974588394, 28.332481384277344)","(359.4924011230469, 181.10243225097656, 0.11372145265340805)",0.716939,0.006134,"(-0.103633, 0.030740, -5.029122)",LeftFalse_RightFalse,False,"(-29.066267013549805, -0.24873799085617065, -1.4812780618667603)","(358.89007568359375, 90.36941528320312, 359.92803955078125)",1.0,-0.020764,"(5.046245, 0.064240, 0.109658)",LeftFalse_RightFalse
4.468384,0.021332,"(-1.4670991897583008, 1.1635289192199707, 27.94445037841797)","(0.45627889037132263, 177.80722045898438, 4.1065592765808105)","(-1.5121492147445679, 1.1751207113265991, 27.959054946899414)","(359.6264343261719, 238.21499633789062, 359.6236572265625)","(-1.7748870849609375, -0.056165095418691635, 28.122249603271484)","(359.4810791015625, 181.12789916992188, 0.10909906774759293)",0.713721,0.00589,"(-0.106531, 0.031935, -5.079859)",LeftFalse_RightFalse,False,"(-28.8544921875, -0.2457500696182251, -1.4772047996520996)","(358.8155517578125, 90.03477478027344, 359.9387512207031)",0.994416,-0.088775,"(5.127057, 0.080594, 0.106027)",LeftFalse_RightFalse
4.508667,0.020898,"(-1.4716551303863525, 1.1648950576782227, 27.7390193939209)","(0.37995269894599915, 177.86087036132812, 4.10497522354126)","(-1.5166449546813965, 1.176478385925293, 27.753677368164062)","(359.62554931640625, 238.2384490966797, 359.61114501953125)","(-1.779191017150879, -0.054865844547748566, 27.91674041748047)","(359.4700927734375, 181.1513214111328, 0.10305122286081314)",0.707901,0.005737,"(-0.109465, 0.032637, -5.129908)",LeftFalse_RightFalse,False,"(-28.646312713623047, -0.2423502504825592, -1.4724035263061523)","(358.7606201171875, 89.73045349121094, 359.9462890625)",0.938789,0.000971,"(5.207588, 0.089208, 0.138449)",LeftFalse_RightFalse
4.548828,0.020596,"(-1.4762998819351196, 1.166283130645752, 27.532453536987305)","(0.3227740526199341, 177.9024658203125, 4.103850364685059)","(-1.5212500095367432, 1.1778576374053955, 27.547151565551758)","(359.6252136230469, 238.26089477539062, 359.5980224609375)","(-1.783590316772461, -0.053549110889434814, 27.71007537841797)","(359.4588928222656, 181.1737518310547, 0.09620548784732819)",0.703187,0.005737,"(-0.112402, 0.033020, -5.179042)",LeftFalse_RightFalse,False,"(-28.435888290405273, -0.23864704370498657, -1.4674811363220215)","(358.71514892578125, 89.470947265625, 359.9607849121094)",0.936698,-0.069904,"(5.283107, 0.095888, 0.129131)",LeftFalse_RightFalse
4.591187,0.020837,"(-1.4812674522399902, 1.1680132150650024, 27.311994552612305)","(0.14240097999572754, 177.95994567871094, 4.118961811065674)","(-1.5261892080307007, 1.1793290376663208, 27.326725006103516)","(359.6217041015625, 238.28407287597656, 359.5857849121094)","(-1.7883895635604858, -0.05212826281785965, 27.489490509033203)","(359.44671630859375, 181.19688415527344, 0.09249891340732574)",0.699369,0.005737,"(-0.115286, 0.033819, -5.227201)",LeftFalse_RightFalse,False,"(-28.210235595703125, -0.23449543118476868, -1.4614733457565308)","(358.673095703125, 89.21571350097656, 359.9676818847656)",0.930574,-0.061553,"(5.357018, 0.099966, 0.156358)",LeftFalse_RightFalse
4.631348,0.020565,"(-1.486127257347107, 1.169762134552002, 27.100982666015625)","(359.85333251953125, 178.03427124023438, 4.119490146636963)","(-1.5310310125350952, 1.1807432174682617, 27.115737915039062)","(359.6221923828125, 238.30563354492188, 359.57574462890625)","(-1.7930479049682617, -0.05076390504837036, 27.278423309326172)","(359.43853759765625, 181.21844482421875, 0.08662624657154083)",0.696276,0.005524,"(-0.118377, 0.034049, -5.274731)",LeftFalse_RightFalse,False,"(-27.993295669555664, -0.23041300475597382, -1.4551478624343872)","(358.6362609863281, 88.99111938476562, 359.97564697265625)",0.898705,-0.044943,"(5.429883, 0.103357, 0.137434)",LeftFalse_RightFalse
4.674072,0.020842,"(-1.4914360046386719, 1.1715006828308105, 26.874916076660156)","(359.60870361328125, 178.1008758544922, 4.112730979919434)","(-1.53632652759552, 1.182253122329712, 26.889692306518555)","(359.62530517578125, 238.3280487060547, 359.56622314453125)","(-1.7981154918670654, -0.04930727183818817, 27.05234146118164)","(359.4322509765625, 181.2408447265625, 0.07883668690919876)",0.693771,0.004547,"(-0.121258, 0.034213, -5.321617)",LeftFalse_RightFalse,False,"(-27.75992202758789, -0.2259235680103302, -1.448807716369629)","(358.59625244140625, 88.81424713134766, 359.9928283691406)",0.90386,0.029641,"(5.498791, 0.107848, 0.163784)",LeftFalse_RightFalse
4.715942,0.020853,"(-1.4967468976974487, 1.173548698425293, 26.65097427368164)","(359.3292236328125, 178.15306091308594, 4.062948703765869)","(-1.5416285991668701, 1.1837481260299683, 26.665767669677734)","(359.62933349609375, 238.34860229492188, 359.558349609375)","(-1.8031971454620361, -0.047859616577625275, 26.828411102294922)","(359.4278564453125, 181.2614288330078, 0.07119531184434891)",0.691741,0.002441,"(-0.123272, 0.035232, -5.367834)",LeftFalse_RightFalse,False,"(-27.527816772460938, -0.22128450870513916, -1.4426875114440918)","(358.5522155761719, 88.68737030029297, 0.010755431838333607)",0.884914,-0.034325,"(5.566854, 0.112493, 0.152054)",LeftFalse_RightFalse
4.758179,0.020874,"(-1.5020939111709595, 1.1754475831985474, 26.422922134399414)","(359.055908203125, 178.14881896972656, 3.9890918731689453)","(-1.5469688177108765, 1.1852986812591553, 26.437725067138672)","(359.6323547363281, 238.36557006835938, 359.5545959472656)","(-1.8083913326263428, -0.046334557235240936, 26.600412368774414)","(359.42633056640625, 181.2784423828125, 0.06660565733909607)",0.694065,-0.001007,"(-0.123516, 0.036643, -5.413460)",LeftFalse_RightFalse,False,"(-27.290611267089844, -0.21645155549049377, -1.435675859451294)","(358.504638671875, 88.5617446899414, 0.016505170613527298)",0.865171,-0.040232,"(5.632652, 0.115197, 0.176014)",LeftFalse_RightFalse
4.81897,0.020603,"(-1.5094391107559204, 1.1782652139663696, 26.09113883972168)","(358.72808837890625, 178.06716918945312, 3.898033380508423)","(-1.5544953346252441, 1.1876018047332764, 26.105833053588867)","(359.63714599609375, 238.3761749267578, 359.5526428222656)","(-1.8157784938812256, -0.044051967561244965, 26.268587112426758)","(359.4272766113281, 181.2890625, 0.06154028698801994)",0.692166,-0.006378,"(-0.120381, 0.038024, -5.481864)",LeftFalse_RightFalse,False,"(-26.94409942626953, -0.20924478769302368, -1.425479769706726)","(358.4358825683594, 88.4284896850586, 0.03819514438509941)",0.87635,-0.026134,"(5.725783, 0.121794, 0.165952)",LeftFalse_RightFalse
4.861328,0.020808,"(-1.5142674446105957, 1.1804168224334717, 25.857868194580078)","(358.5236511230469, 177.89990234375, 3.8339550495147705)","(-1.559591293334961, 1.189307689666748, 25.872392654418945)","(359.6432800292969, 238.37033081054688, 359.5484313964844)","(-1.8207311630249023, -0.04238124191761017, 26.035110473632812)","(359.42706298828125, 181.2832794189453, 0.054088760167360306)",0.691195,-0.009338,"(-0.116792, 0.039882, -5.526947)",LeftFalse_RightFalse,False,"(-26.699636459350586, -0.20372909307479858, -1.4178812503814697)","(358.4028625488281, 88.35010528564453, 0.04711892083287239)",0.862212,0.06841,"(5.787027, 0.133079, 0.186353)",LeftFalse_RightFalse
4.903442,0.020908,"(-1.5191850662231445, 1.1824448108673096, 25.624191284179688)","(358.4352722167969, 177.7133026123047, 3.779710292816162)","(-1.5644762516021729, 1.1910593509674072, 25.638269424438477)","(359.6502990722656, 238.3529052734375, 359.54266357421875)","(-1.8254724740982056, -0.040673933923244476, 25.80088233947754)","(359.4260559082031, 181.26588439941406, 0.04507453367114067)",0.690409,-0.01059,"(-0.111247, 0.041047, -5.593863)",LeftFalse_RightFalse,False,"(-26.453859329223633, -0.19789962470531464, -1.4114396572113037)","(358.37939453125, 88.34244537353516, 0.06581674516201019)",0.75859,-0.014433,"(5.875584, 0.142740, 0.168052)",LeftFalse_RightFalse
4.963257,0.020482,"(-1.525280237197876, 1.1851633787155151, 25.289140701293945)","(358.4432678222656, 177.4314422607422, 3.7079312801361084)","(-1.5710196495056152, 1.1935588121414185, 25.30255126953125)","(359.6549072265625, 238.31350708007812, 359.5372314453125)","(-1.8319817781448364, -0.03821169584989548, 25.464937210083008)","(359.4239807128906, 181.22654724121094, 0.0382474809885025)",0.689501,-0.010742,"(-0.106663, 0.039210, -5.660066)",LeftFalse_RightFalse,False,"(-26.100196838378906, -0.18922379612922668, -1.4039299488067627)","(358.3525085449219, 88.432861328125, 0.09606911987066269)",0.803067,-0.005908,"(5.969471, 0.148848, 0.112375)",LeftFalse_RightFalse
5.00415,0.020454,"(-1.5294668674468994, 1.1868599653244019, 25.057571411132812)","(358.4571533203125, 177.25770568847656, 3.680939197540283)","(-1.5753841400146484, 1.195168137550354, 25.070709228515625)","(359.6658935546875, 238.2801513671875, 359.5390319824219)","(-1.8362605571746826, -0.03661986067891121, 25.23309898376465)","(359.4314880371094, 181.19326782226562, 0.030013134703040123)",0.689037,-0.010742,"(-0.104216, 0.038393, -5.704240)",LeftFalse_RightFalse,False,"(-25.855525970458984, -0.18310798704624176, -1.3990761041641235)","(358.3360595703125, 88.5210189819336, 0.10206909477710724)",0.865766,0.000897,"(6.020818, 0.150381, 0.133538)",LeftFalse_RightFalse
5.046875,0.020783,"(-1.5337915420532227, 1.1885591745376587, 24.81387710571289)","(358.45477294921875, 177.08587646484375, 3.6801598072052)","(-1.5798299312591553, 1.1968079805374146, 24.826818466186523)","(359.6802062988281, 238.24172973632812, 359.5440673828125)","(-1.8406097888946533, -0.034989919513463974, 24.989288330078125)","(359.4434814453125, 181.1549835205078, 0.020704952999949455)",0.68827,-0.010742,"(-0.101733, 0.037981, -5.748083)",LeftFalse_RightFalse,False,"(-25.597856521606445, -0.17669449746608734, -1.3934427499771118)","(358.3233337402344, 88.58699798583984, 0.09975951164960861)",0.832974,0.016995,"(6.077881, 0.150470, 0.094715)",LeftFalse_RightFalse
5.089844,0.021034,"(-1.5380582809448242, 1.1902294158935547, 24.565780639648438)","(358.457275390625, 176.94566345214844, 3.688575506210327)","(-1.5841765403747559, 1.198440670967102, 24.57858657836914)","(359.6951904296875, 238.2005615234375, 359.5519714355469)","(-1.8448889255523682, -0.0333547368645668, 24.74118423461914)","(359.458251953125, 181.11392211914062, 0.012430493719875813)",0.685774,-0.010742,"(-0.098993, 0.038417, -5.791550)",LeftFalse_RightFalse,False,"(-25.335216522216797, -0.17020849883556366, -1.3896559476852417)","(358.3152160644531, 88.72776794433594, 0.11259040236473083)",0.835158,0.030102,"(6.132102, 0.150876, 0.056831)",LeftFalse_RightFalse
5.132568,0.021187,"(-1.5420931577682495, 1.1918184757232666, 24.317495346069336)","(358.4563293457031, 176.81655883789062, 3.7160520553588867)","(-1.5882633924484253, 1.2000104188919067, 24.330204010009766)","(359.70538330078125, 238.15829467773438, 359.56353759765625)","(-1.8490405082702637, -0.031753603368997574, 24.492935180664062)","(359.4735107421875, 181.0717315673828, 0.010162071324884892)",0.678518,-0.010742,"(-0.095926, 0.036769, -5.834556)",LeftFalse_RightFalse,False,"(-25.072031021118164, -0.16372975707054138, -1.3872320652008057)","(358.3098449707031, 88.91606903076172, 0.12508432567119598)",0.834767,0.11338,"(6.188272, 0.152284, 0.061271)",LeftFalse_RightFalse
5.174683,0.02121,"(-1.5459399223327637, 1.1933395862579346, 24.0709285736084)","(358.4776916503906, 176.72726440429688, 3.7120609283447266)","(-1.5921458005905151, 1.2015198469161987, 24.083560943603516)","(359.7145690917969, 238.11553955078125, 359.57373046875)","(-1.8529924154281616, -0.03021671250462532, 24.246389389038086)","(359.487060546875, 181.02908325195312, 0.007998323068022728)",0.667836,-0.010742,"(-0.092704, 0.036476, -5.876290)",LeftFalse_RightFalse,False,"(-24.810306549072266, -0.15722189843654633, -1.3861265182495117)","(358.3091735839844, 89.13886260986328, 0.14163683354854584)",0.846631,0.028266,"(6.239754, 0.157175, 0.022042)",LeftFalse_RightFalse
5.215698,0.020898,"(-1.549564242362976, 1.194825291633606, 23.829524993896484)","(358.511474609375, 176.66876220703125, 3.7042737007141113)","(-1.5957953929901123, 1.2029976844787598, 23.842100143432617)","(359.7235107421875, 238.07327270507812, 359.5816955566406)","(-1.8566888570785522, -0.028721779584884644, 24.004981994628906)","(359.49859619140625, 180.9868621826172, 0.004792976193130016)",0.657386,-0.010742,"(-0.089400, 0.036586, -5.916232)",LeftFalse_RightFalse,False,"(-24.553647994995117, -0.15070685744285583, -1.3851804733276367)","(358.314208984375, 89.33946990966797, 0.14228765666484833)",0.807902,0.024483,"(6.294417, 0.160819, 0.024916)",LeftFalse_RightFalse
5.258545,0.021067,"(-1.553221583366394, 1.1963917016983032, 23.574989318847656)","(358.5583801269531, 176.63473510742188, 3.7014994621276855)","(-1.5994735956192017, 1.2045581340789795, 23.58751106262207)","(359.7327575683594, 238.0283966064453, 359.58868408203125)","(-1.860405445098877, -0.027149420231580734, 23.75042152404785)","(359.5094909667969, 180.94204711914062, 0.0008308201213367283)",0.648922,-0.010742,"(-0.085966, 0.036763, -5.954555)",LeftFalse_RightFalse,False,"(-24.28252410888672, -0.14374147355556488, -1.3841623067855835)","(358.3215637207031, 89.5166244506836, 0.13541534543037415)",0.812744,0.115112,"(6.345647, 0.163544, 0.022305)",LeftFalse_RightFalse
5.299194,0.020794,"(-1.5561692714691162, 1.197842001914978, 23.332502365112305)","(358.5841064453125, 176.5957794189453, 3.7277588844299316)","(-1.602753758430481, 1.2060089111328125, 23.34478187561035)","(359.7388000488281, 237.98541259765625, 359.5971984863281)","(-1.8637945652008057, -0.025671668350696564, 23.507720947265625)","(359.5199279785156, 180.89913940429688, 0.0003928596852347255)",0.642066,-0.010742,"(-0.082289, 0.035758, -5.991509)",LeftFalse_RightFalse,False,"(-24.023700714111328, -0.137042835354805, -1.3851723670959473)","(358.3296813964844, 89.73504638671875, 0.1430458277463913)",0.824275,0.033596,"(6.392707, 0.165883, -0.028349)",LeftFalse_RightFalse
5.358521,0.020342,"(-1.5604798793792725, 1.1997168064117432, 22.974933624267578)","(358.6059875488281, 176.50477600097656, 3.767582416534424)","(-1.6073507070541382, 1.2078838348388672, 22.986982345581055)","(359.75958251953125, 237.9219970703125, 359.6191101074219)","(-1.8684433698654175, -0.023739803582429886, 23.1502685546875)","(359.54962158203125, 180.83583068847656, -0.005138481501489878)",0.634146,-0.010742,"(-0.076787, 0.031465, -6.045568)",LeftFalse_RightFalse,False,"(-23.641672134399414, -0.12723498046398163, -1.3879716396331787)","(358.34747314453125, 90.05245971679688, 0.14634431898593903)",0.791919,0.150054,"(6.463070, 0.159674, -0.082334)",LeftFalse_RightFalse
5.398804,0.020308,"(-1.563329815864563, 1.2009118795394897, 22.73008918762207)","(358.6156921386719, 176.42706298828125, 3.786447763442993)","(-1.6103157997131348, 1.2090791463851929, 22.74203109741211)","(359.77838134765625, 237.87832641601562, 359.6378173828125)","(-1.871403694152832, -0.0224982351064682, 22.90567398071289)","(359.5755310058594, 180.79229736328125, 359.9892272949219)",0.630097,-0.010742,"(-0.073021, 0.030520, -6.080537)",LeftFalse_RightFalse,False,"(-23.380115509033203, -0.12090584635734558, -1.3935681581497192)","(358.379638671875, 90.38214874267578, 0.16392399370670319)",0.823848,0.05511,"(6.506998, 0.155862, -0.142315)",LeftFalse_RightFalse
5.458862,0.020172,"(-1.5672510862350464, 1.2025461196899414, 22.362852096557617)","(358.65447998046875, 176.33029174804688, 3.811190128326416)","(-1.614341139793396, 1.2107187509536743, 22.374675750732422)","(359.80230712890625, 237.8129425048828, 359.6701354980469)","(-1.8755505084991455, -0.02075783535838127, 22.538883209228516)","(359.61566162109375, 180.72702026367188, 359.9867248535156)",0.62542,-0.010132,"(-0.066936, 0.026472, -6.131931)",LeftFalse_RightFalse,False,"(-22.986974716186523, -0.11163180321455002, -1.402671456336975)","(358.43951416015625, 90.828125, 0.16006286442279816)",0.776479,0.129603,"(6.580401, 0.154235, -0.155930)",LeftFalse_RightFalse
5.499268,0.020097,"(-1.569710373878479, 1.2034869194030762, 22.114608764648438)","(358.68218994140625, 176.2902374267578, 3.838576078414917)","(-1.6168437004089355, 1.2116626501083374, 22.126371383666992)","(359.8150329589844, 237.7696533203125, 359.6880187988281)","(-1.878150224685669, -0.019756585359573364, 22.29085350036621)","(359.6376037597656, 180.68382263183594, 359.9857482910156)",0.62303,-0.007568,"(-0.063691, 0.024110, -6.165679)",LeftFalse_RightFalse,False,"(-22.720848083496094, -0.105526864528656, -1.4109172821044922)","(358.4811706542969, 91.15342712402344, 0.16567984223365784)",0.795548,0.125211,"(6.621649, 0.150705, -0.208335)",LeftFalse_RightFalse
5.540161,0.020308,"(-1.5721352100372314, 1.204384684562683, 21.86133575439453)","(358.7333679199219, 176.3656768798828, 3.856740951538086)","(-1.6192989349365234, 1.2125638723373413, 21.873048782348633)","(359.82586669921875, 237.72959899902344, 359.7040710449219)","(-1.8807075023651123, -0.018802626058459282, 22.037763595581055)","(359.6569519042969, 180.64381408691406, 359.9853515625)",0.621094,-0.003387,"(-0.062270, 0.022986, -6.198870)",LeftFalse_RightFalse,False,"(-22.44900894165039, -0.09939435124397278, -1.4210737943649292)","(358.52142333984375, 91.50438690185547, 0.1697198897600174)",0.790559,0.019368,"(6.664447, 0.149785, -0.245828)",LeftFalse_RightFalse
5.580688,0.020323,"(-1.5748932361602783, 1.20524263381958, 21.60899543762207)","(358.74267578125, 176.5106201171875, 3.830388069152832)","(-1.6217494010925293, 1.2134244441986084, 21.620878219604492)","(359.8345031738281, 237.69815063476562, 359.71875)","(-1.8832601308822632, -0.017890404909849167, 21.785816192626953)","(359.6739807128906, 180.61239624023438, 359.9861145019531)",0.619525,0.001282,"(-0.063428, 0.022373, -6.231562)",LeftFalse_RightFalse,False,"(-22.17795181274414, -0.0933365449309349, -1.430702567100525)","(358.55902099609375, 91.77307891845703, 0.15344633162021637)",0.765849,0.117505,"(6.710522, 0.149686, -0.237760)",LeftFalse_RightFalse
5.622437,0.020465,"(-1.5777279138565063, 1.2061123847961426, 21.347726821899414)","(358.707763671875, 176.63992309570312, 3.877652645111084)","(-1.6243830919265747, 1.2142983675003052, 21.359722137451172)","(359.84124755859375, 237.67767333984375, 359.7333068847656)","(-1.8859975337982178, -0.016961082816123962, 21.5249080657959)","(359.68988037109375, 180.59193420410156, 359.98834228515625)",0.617864,0.005524,"(-0.065893, 0.022328, -6.263869)",LeftFalse_RightFalse,False,"(-21.897165298461914, -0.08708524703979492, -1.443625569343567)","(358.596435546875, 92.1096420288086, 0.16148728132247925)",0.845924,0.014133,"(6.744014, 0.150156, -0.333186)",LeftFalse_RightFalse
5.665527,0.020883,"(-1.58113694190979, 1.2067959308624268, 21.075820922851562)","(358.7007141113281, 176.75070190429688, 3.9776039123535156)","(-1.6272943019866943, 1.2149888277053833, 21.08812141418457)","(359.8509521484375, 237.67135620117188, 359.7560119628906)","(-1.8890113830566406, -0.0161824282258749, 21.253803253173828)","(359.71417236328125, 180.58567810058594, 359.9925537109375)",0.614292,0.008636,"(-0.072339, 0.016901, -6.312013)",LeftFalse_RightFalse,False,"(-21.60484504699707, -0.08089537173509598, -1.4574921131134033)","(358.6468505859375, 92.41120910644531, 0.15159597992897034)",0.733627,0.016908,"(6.813510, 0.133608, -0.361977)",LeftFalse_RightFalse
5.707153,0.020828,"(-1.5845067501068115, 1.2073849439620972, 20.812009811401367)","(358.6670837402344, 176.81118774414062, 4.125117301940918)","(-1.6303648948669434, 1.215584397315979, 20.824501037597656)","(359.8641357421875, 237.67880249023438, 359.7807922363281)","(-1.8921054601669312, -0.01549605280160904, 20.99081802368164)","(359.7421569824219, 180.59317016601562, -0.005065712612122297)",0.609172,0.009705,"(-0.077234, 0.015897, -6.343449)",LeftFalse_RightFalse,False,"(-21.321165084838867, -0.07543810456991196, -1.472406268119812)","(358.7205810546875, 92.69853210449219, 0.14658181369304657)",0.762934,0.118547,"(6.854568, 0.127757, -0.352190)",LeftFalse_RightFalse
5.747681,0.020667,"(-1.5882742404937744, 1.2079119682312012, 20.553096771240234)","(358.56024169921875, 176.84414672851562, 4.296255588531494)","(-1.6335848569869995, 1.216118574142456, 20.565942764282227)","(359.87799072265625, 237.69740295410156, 359.80706787109375)","(-1.8953218460083008, -0.014865023083984852, 20.732980728149414)","(359.771728515625, 180.61183166503906, -0.002393950941041112)",0.603541,0.009705,"(-0.081398, 0.014248, -6.374120)",LeftFalse_RightFalse,False,"(-21.042869567871094, -0.07030393928289413, -1.4880704879760742)","(358.80328369140625, 92.96186065673828, 0.14268556237220764)",0.760969,0.022621,"(6.891002, 0.125236, -0.409317)",LeftFalse_RightFalse
5.788208,0.020485,"(-1.591762661933899, 1.2082780599594116, 20.293703079223633)","(358.47308349609375, 176.91590881347656, 4.405726909637451)","(-1.6369301080703735, 1.2164925336837769, 20.307109832763672)","(359.88702392578125, 237.7239990234375, 359.8313293457031)","(-1.8987033367156982, -0.014392832294106483, 20.474815368652344)","(359.7970275878906, 180.63845825195312, 0.0031918270979076624)",0.595971,0.008698,"(-0.084868, 0.008851, -6.404295)",LeftFalse_RightFalse,False,"(-20.763912200927734, -0.0655074194073677, -1.5046472549438477)","(358.8824768066406, 93.20643615722656, 0.1359526664018631)",0.727484,0.01889,"(6.934491, 0.111876, -0.414576)",LeftFalse_RightFalse
5.828735,0.020348,"(-1.5958678722381592, 1.2085208892822266, 20.0321044921875)","(358.3645935058594, 177.05592346191406, 4.476284027099609)","(-1.64047110080719, 1.2167398929595947, 20.046178817749023)","(359.8956298828125, 237.75503540039062, 359.8497619628906)","(-1.9022079706192017, -0.014074672013521194, 20.214458465576172)","(359.8171691894531, 180.6695098876953, 0.005968241486698389)",0.583864,0.007324,"(-0.087397, 0.006517, -6.433177)",LeftFalse_RightFalse,False,"(-20.48215103149414, -0.061065949499607086, -1.521561861038208)","(358.9512023925781, 93.40420532226562, 0.12392514199018478)",0.720758,0.004555,"(6.974329, 0.106555, -0.424378)",LeftFalse_RightFalse
5.885864,0.019698,"(-1.6023178100585938, 1.208958625793457, 19.663145065307617)","(358.0928649902344, 177.9775848388672, 4.237329959869385)","(-1.6456197500228882, 1.2169827222824097, 19.67781639099121)","(359.90625, 237.79995727539062, 359.8711242675781)","(-1.907275915145874, -0.013751060701906681, 19.846811294555664)","(359.8408508300781, 180.71446228027344, 0.008663695305585861)",0.551178,0.005524,"(-0.090218, 0.004774, -6.472467)",LeftFalse_RightFalse,False,"(-20.083755493164062, -0.05510269105434418, -1.5467917919158936)","(359.0381774902344, 93.64820098876953, 0.112115278840065)",0.728336,0.190599,"(7.026596, 0.102867, -0.463407)",LeftTrue_RightFalse
5.945313,0.019838,"(-1.6113474369049072, 1.2095428705215454, 19.276870727539062)","(357.84979248046875, 179.92276000976562, 3.869056224822998)","(-1.6511324644088745, 1.2171649932861328, 19.291696548461914)","(359.91650390625, 237.84326171875, 359.8912048339844)","(-1.9127038717269897, -0.013493208214640617, 19.46137237548828)","(359.86328125, 180.75779724121094, 0.010967260226607323)",0.503515,0.004242,"(-0.092467, 0.003082, -6.503685)",LeftFalse_RightFalse,False,"(-19.66604232788086, -0.0491543784737587, -1.5782757997512817)","(359.12860107421875, 94.01716613769531, 0.13423018157482147)",0.598188,-0.013686,"(7.068120, 0.088899, -0.533852)",LeftTrue_RightFalse
5.986694,0.020184,"(-1.6170709133148193, 1.2097727060317993, 19.006715774536133)","(357.7483215332031, 181.36207580566406, 3.723449945449829)","(-1.6550686359405518, 1.2172378301620483, 19.021547317504883)","(359.9262390136719, 237.869873046875, 359.9062194824219)","(-1.9165560007095337, -0.013368384912610054, 19.191728591918945)","(359.8811950683594, 180.784423828125, 0.01096858736127615)",0.472248,0.003723,"(-0.093982, 0.002837, -6.518792)",LeftFalse_RightFalse,False,"(-19.37318229675293, -0.04557039588689804, -1.5999544858932495)","(359.2136535644531, 94.20494079589844, 0.1169891506433487)",0.665478,-0.012085,"(7.097725, 0.082902, -0.514578)",LeftTrue_RightFalse
6.027466,0.0203,"(-1.6230974197387695, 1.2099295854568481, 18.741121292114258)","(357.6501770019531, 182.8795928955078, 3.701813220977783)","(-1.6590077877044678, 1.2172993421554565, 18.75550651550293)","(359.93756103515625, 237.8930206298828, 359.9219665527344)","(-1.9204003810882568, -0.01325475424528122, 18.926210403442383)","(359.90057373046875, 180.80758666992188, 0.010029222816228867)",0.442756,0.003693,"(-0.095677, 0.002771, -6.529357)",LeftFalse_RightFalse,False,"(-19.084280014038086, -0.04225211590528488, -1.6208852529525757)","(359.3067932128906, 94.31877899169922, 0.09483552724123001)",0.664981,-0.013583,"(7.122521, 0.080079, -0.558043)",LeftTrue_RightFalse
6.084473,0.019662,"(-1.6312743425369263, 1.2100131511688232, 18.368534088134766)","(357.4263916015625, 184.87611389160156, 3.8144330978393555)","(-1.6646219491958618, 1.217308521270752, 18.382165908813477)","(359.951904296875, 237.92178344726562, 359.9440612792969)","(-1.9259191751480103, -0.013168757781386375, 18.553565979003906)","(359.9269104003906, 180.8363800048828, 0.009973268024623394)",0.401516,0.003662,"(-0.098490, -0.002048, -6.537748)",LeftFalse_RightFalse,False,"(-18.677486419677734, -0.038277946412563324, -1.6519609689712524)","(359.4247741699219, 94.47258758544922, 0.09129170328378677)",0.631493,-0.033127,"(7.166627, 0.055899, -0.567344)",LeftTrue_RightFalse
6.12561,0.019965,"(-1.6372973918914795, 1.2103079557418823, 18.100061416625977)","(357.26397705078125, 185.75547790527344, 3.8743741512298584)","(-1.6687443256378174, 1.2171533107757568, 18.112913131713867)","(359.9581604003906, 237.9408416748047, 359.9554138183594)","(-1.9300004243850708, -0.013281945139169693, 18.284677505493164)","(359.9398498535156, 180.85543823242188, 0.01090897899121046)",0.374791,0.003662,"(-0.100439, -0.004095, -6.538690)",LeftFalse_RightFalse,False,"(-18.382671356201172, -0.03607775643467903, -1.6747901439666748)","(359.4878234863281, 94.55499267578125, 0.08113447576761246)",0.641929,0.064023,"(7.196255, 0.049182, -0.537476)",LeftTrue_RightFalse
6.167358,0.020331,"(-1.6430139541625977, 1.2108029127120972, 17.82769775390625)","(356.98065185546875, 186.292236328125, 3.9254441261291504)","(-1.6730141639709473, 1.2169289588928223, 17.839683532714844)","(359.9632873535156, 237.95921325683594, 359.9645690917969)","(-1.9342260360717773, -0.013472462072968483, 18.011756896972656)","(359.9503173828125, 180.8738250732422, 0.011578099802136421)",0.357508,0.003662,"(-0.102392, -0.005299, -6.535990)",LeftFalse_RightFalse,False,"(-18.08224105834961, -0.03408803045749664, -1.6982959508895874)","(359.5425720214844, 94.61557006835938, 0.07323464006185532)",0.642807,-0.016467,"(7.215825, 0.045450, -0.610691)",LeftTrue_RightFalse
6.208862,0.02047,"(-1.648235559463501, 1.2109906673431396, 17.557281494140625)","(356.794677734375, 186.60861206054688, 3.9562604427337646)","(-1.6773353815078735, 1.2166699171066284, 17.5687313079834)","(359.9676513671875, 237.976806640625, 359.9721984863281)","(-1.9385020732879639, -0.013703417032957077, 17.741073608398438)","(359.9590759277344, 180.8914031982422, 0.012064912356436253)",0.335931,0.003662,"(-0.104312, -0.005929, -6.530794)",LeftFalse_RightFalse,False,"(-17.783077239990234, -0.03224809095263481, -1.7231848239898682)","(359.5914001464844, 94.7137451171875, 0.07224536687135696)",0.627802,0.054102,"(7.245458, 0.042134, -0.587414)",LeftTrue_RightFalse
6.268433,0.020161,"(-1.654801845550537, 1.2111531496047974, 17.169017791748047)","(356.49102783203125, 186.58493041992188, 3.964451551437378)","(-1.6836897134780884, 1.2162646055221558, 17.17970085144043)","(359.973388671875, 238.00131225585938, 359.9820251464844)","(-1.944789171218872, -0.014073148369789124, 17.352399826049805)","(359.970458984375, 180.9159393310547, 0.012558910995721817)",0.307856,0.003662,"(-0.107057, -0.006507, -6.517633)",LeftFalse_RightFalse,False,"(-17.350990295410156, -0.02990882843732834, -1.7589304447174072)","(359.6664123535156, 94.8057632446289, 0.06088048592209816)",0.618707,-0.042003,"(7.283428, 0.037238, -0.586461)",LeftTrue_RightFalse
6.309692,0.020363,"(-1.659104347229004, 1.2113099098205566, 16.900100708007812)","(356.2455139160156, 186.38697814941406, 3.9827256202697754)","(-1.6881957054138184, 1.2159712314605713, 16.910306930541992)","(359.9776611328125, 238.01797485351562, 359.9887390136719)","(-1.9492437839508057, -0.01434289664030075, 17.083251953125)","(359.9783935546875, 180.9325714111328, 0.012631855905056)",0.254012,0.003662,"(-0.108789, -0.006528, -6.505117)",LeftFalse_RightFalse,False,"(-17.0498104095459, -0.02838354930281639, -1.7824809551239014)","(359.72149658203125, 94.78514862060547, 0.035937823355197906)",0.621039,-0.066452,"(7.310066, 0.036763, -0.554903)",LeftTrue_RightFalse
6.36792,0.01992,"(-1.6650794744491577, 1.211663842201233, 16.522974014282227)","(355.9114990234375, 186.08226013183594, 4.017215251922607)","(-1.6946526765823364, 1.2155572175979614, 16.53260040283203)","(359.98431396484375, 238.04098510742188, -0.001146626309491694)","(-1.9556249380111694, -0.014721479266881943, 16.705909729003906)","(359.9905090332031, 180.9556121826172, 0.012539240531623363)",0.009288,0.003662,"(-0.110918, -0.007059, -6.465827)",LeftFalse_RightFalse,False,"(-16.62446403503418, -0.026848627254366875, -1.8157331943511963)","(359.7781677246094, 94.72149658203125, 0.02918105572462082)",0.655349,-0.049444,"(7.335833, 0.018207, -0.592974)",LeftTrue_RightFalse
6.408813,0.020123,"(-1.6690744161605835, 1.211747646331787, 16.259193420410156)","(355.6678466796875, 185.79075622558594, 4.054068088531494)","(-1.6992573738098145, 1.2152283191680908, 16.268329620361328)","(359.9894714355469, 238.05694580078125, 0.0073354607447981834)","(-1.9601836204528809, -0.015019957907497883, 16.441925048828125)","(0.00044514326145872474, 180.9715576171875, 0.012811770662665367)",-0.201985,0.003662,"(-0.111551, -0.007553, -6.400869)",LeftFalse_RightFalse,False,"(-16.323516845703125, -0.026189405471086502, -1.839290976524353)","(359.8015441894531, 94.67378234863281, 0.017901167273521423)",0.602501,-0.057539,"(7.366330, 0.013263, -0.553177)",LeftTrue_RightFalse
6.467651,0.019811,"(-1.6749975681304932, 1.2117606401443481, 15.887017250061035)","(355.4196472167969, 185.39401245117188, 4.100806713104248)","(-1.705880880355835, 1.2147084474563599, 15.895627975463867)","(0.003168479073792696, 238.07923889160156, 0.02857367694377899)","(-1.966731309890747, -0.015464918687939644, 16.069868087768555)","(0.02570878528058529, 180.9938507080078, 0.012866736389696598)",-0.260637,0.003662,"(-0.110725, -0.007439, -6.209104)",LeftFalse_RightFalse,False,"(-15.889089584350586, -0.0255118515342474, -1.870413064956665)","(359.8227233886719, 94.47825622558594, 359.98370361328125)",0.601913,-0.061512,"(7.403970, 0.009819, -0.507027)",LeftTrue_RightFalse
6.523315,0.019219,"(-1.6802592277526855, 1.2118029594421387, 15.545955657958984)","(355.2150573730469, 184.98049926757812, 4.1063232421875)","(-1.7120870351791382, 1.2142046689987183, 15.553938865661621)","(0.021671295166015625, 238.09957885742188, 0.056952837854623795)","(-1.972860336303711, -0.0158686563372612, 15.728998184204102)","(0.0595867782831192, 181.01419067382812, 0.012754888273775578)",-0.271557,0.003662,"(-0.109445, -0.006924, -5.999129)",LeftFalse_RightFalse,False,"(-15.47657299041748, -0.025041479617357254, -1.89737868309021)","(359.8387145996094, 94.19215393066406, 359.9491882324219)",0.59794,-0.062232,"(7.430246, 0.007258, -0.537780)",LeftTrue_RightFalse
6.580933,0.019237,"(-1.6860809326171875, 1.21160888671875, 15.204327583312988)","(355.0081481933594, 184.64874267578125, 4.077986240386963)","(-1.7184388637542725, 1.2137082815170288, 15.211739540100098)","(0.041769564151763916, 238.11996459960938, 0.08763368427753448)","(-1.9791313409805298, -0.01625662110745907, 15.387679100036621)","(0.09626395255327225, 181.03456115722656, 0.01255437359213829)",-0.274574,0.003662,"(-0.108426, -0.006549, -5.855636)",LeftFalse_RightFalse,False,"(-15.047850608825684, -0.02462942712008953, -1.9280153512954712)","(359.8560791015625, 94.04502868652344, 359.9584045410156)",0.582454,-0.090069,"(7.459641, 0.007113, -0.504887)",LeftTrue_RightFalse
6.621338,0.019525,"(-1.6903812885284424, 1.2118901014328003, 14.971989631652832)","(354.79229736328125, 184.43099975585938, 4.058574676513672)","(-1.7228366136550903, 1.2133796215057373, 14.978986740112305)","(0.05503219738602638, 238.13381958007812, 0.10782340914011002)","(-1.9834736585617065, -0.01651371829211712, 15.155508041381836)","(0.12041959911584854, 181.04840087890625, 0.012391488067805767)",-0.323915,0.003662,"(-0.107306, -0.006294, -5.711657)",LeftFalse_RightFalse,False,"(-14.746066093444824, -0.024436024948954582, -1.9469808340072632)","(359.8648681640625, 93.86380767822266, 359.9430847167969)",0.60616,-0.089669,"(7.482247, 0.003445, -0.475457)",LeftTrue_RightFalse
6.661987,0.01984,"(-1.6946972608566284, 1.2119637727737427, 14.743860244750977)","(354.6070861816406, 184.25677490234375, 4.031724452972412)","(-1.7272148132324219, 1.2130626440048218, 14.750594139099121)","(0.06801168620586395, 238.14743041992188, 0.12748336791992188)","(-1.9877959489822388, -0.016760947182774544, 14.927681922912598)","(0.14397664368152618, 181.06199645996094, 0.012178420089185238)",-0.378609,0.003662,"(-0.105757, -0.005992, -5.550945)",LeftFalse_RightFalse,False,"(-14.440661430358887, -0.024354832246899605, -1.9649227857589722)","(359.8691711425781, 93.65413665771484, 359.9254455566406)",0.606972,-0.091373,"(7.505781, 0.001530, -0.445411)",LeftTrue_RightFalse
6.715454,0.018784,"(-1.6998871564865112, 1.212354063987732, 14.455950736999512)","(354.3843994140625, 184.04959106445312, 3.9938435554504395)","(-1.732832908630371, 1.2126668691635132, 14.462250709533691)","(0.08479758352041245, 238.1646270751953, 0.15282419323921204)","(-1.9933418035507202, -0.017066586762666702, 14.640069007873535)","(0.17437103390693665, 181.0791473388672, 0.011856861412525177)",-0.415779,0.003662,"(-0.102821, -0.005692, -5.288873)",LeftFalse_RightFalse,False,"(-14.038902282714844, -0.02431677095592022, -1.9868443012237549)","(359.8717041015625, 93.35752868652344, 359.9056701660156)",0.579927,-0.08909,"(7.538648, 0.000413, -0.393738)",LeftTrue_RightFalse
6.757324,0.019514,"(-1.7039917707443237, 1.2126524448394775, 14.238539695739746)","(354.1885986328125, 183.8464813232422, 3.9420061111450195)","(-1.7371379137039185, 1.2123662233352661, 14.24463939666748)","(0.09727739542722702, 238.1776123046875, 0.17163172364234924)","(-1.9975919723510742, -0.017300289124250412, 14.423001289367676)","(0.19694098830223083, 181.09210205078125, 0.011600025929510593)",-0.449096,0.003662,"(-0.100516, -0.005503, -5.103973)",LeftFalse_RightFalse,False,"(-13.722344398498535, -0.024301066994667053, -2.001532554626465)","(359.8729248046875, 93.06059265136719, 359.87847900390625)",0.603141,-0.021392,"(7.559715, 0.000374, -0.325381)",LeftTrue_RightFalse
6.816528,0.019616,"(-1.7097212076187134, 1.2129751443862915, 13.945728302001953)","(354.0107727050781, 183.6536865234375, 3.890547513961792)","(-1.7430278062820435, 1.2119367122650146, 13.951674461364746)","(0.11410605162382126, 238.195068359375, 0.1967395395040512)","(-2.0034046173095703, -0.01764034479856491, 14.130763053894043)","(0.22716297209262848, 181.10952758789062, 0.01111590676009655)",-0.481269,0.003662,"(-0.096471, -0.007083, -4.811514)",LeftFalse_RightFalse,False,"(-13.273533821105957, -0.024291351437568665, -2.019258975982666)","(359.875244140625, 92.5881576538086, 359.8473815917969)",0.593534,-0.015335,"(7.592389, 0.000040, -0.261927)",LeftTrue_RightFalse
6.857178,0.019899,"(-1.7134250402450562, 1.2133210897445679, 13.755642890930176)","(353.81787109375, 183.431640625, 3.8220577239990234)","(-1.7469161748886108, 1.2116211652755737, 13.760981559753418)","(0.12491273134946823, 238.20645141601562, 0.21268461644649506)","(-2.0072407722473145, -0.01789933256804943, 13.940535545349121)","(0.24642077088356018, 181.12086486816406, 0.010708174668252468)",-0.491015,0.003662,"(-0.093450, -0.005974, -4.610223)",LeftFalse_RightFalse,False,"(-12.964942932128906, -0.02428578771650791, -2.029691696166992)","(359.87799072265625, 92.25433349609375, 359.83392333984375)",0.589309,-0.087726,"(7.613395, 0.000215, -0.239455)",LeftTrue_RightFalse
6.913086,0.019293,"(-1.7184228897094727, 1.2136962413787842, 13.507081985473633)","(353.6535339355469, 183.2355499267578, 3.760079860687256)","(-1.7520620822906494, 1.2112541198730469, 13.511938095092773)","(0.13851043581962585, 238.22128295898438, 0.23258614540100098)","(-2.012317180633545, -0.01819559559226036, 13.692075729370117)","(0.270516574382782, 181.13565063476562, 0.010107270441949368)",-0.515404,0.003662,"(-0.088646, -0.004816, -4.303476)",LeftFalse_RightFalse,False,"(-12.538158416748047, -0.024338554590940475, -2.0404200553894043)","(359.8800354003906, 91.7402572631836, 359.8074035644531)",0.584976,-0.010232,"(7.643955, -0.001363, -0.158358)",LeftTrue_RightFalse
6.954834,0.019837,"(-1.7222450971603394, 1.2140389680862427, 13.332204818725586)","(353.3394470214844, 182.96054077148438, 3.686899423599243)","(-1.755733609199524, 1.211018681526184, 13.336507797241211)","(0.1476573497056961, 238.23171997070312, 0.2458801418542862)","(-2.015939235687256, -0.018383899703621864, 13.517038345336914)","(0.28664693236351013, 181.1460418701172, 0.009652328677475452)",-0.521088,0.003662,"(-0.085238, -0.004273, -4.095549)",LeftFalse_RightFalse,False,"(-12.21847915649414, -0.024399932473897934, -2.0469164848327637)","(359.8807373046875, 91.37504577636719, 359.7996826171875)",0.5825,-0.094438,"(7.663780, -0.001541, -0.134336)",LeftTrue_RightFalse
6.99585,0.020081,"(-1.725790023803711, 1.2144359350204468, 13.169319152832031)","(353.1368713378906, 182.78472900390625, 3.6424310207366943)","(-1.759185791015625, 1.2108128070831299, 13.173285484313965)","(0.1557069569826126, 238.24142456054688, 0.2574911117553711)","(-2.019345283508301, -0.01854860410094261, 13.354162216186523)","(0.3007681667804718, 181.1557159423828, 0.009204001165926456)",-0.525692,0.003662,"(-0.081715, -0.003858, -3.887472)",LeftFalse_RightFalse,False,"(-11.904122352600098, -0.024462725967168808, -2.0512845516204834)","(359.8813171386719, 91.00901794433594, 359.7892150878906)",0.593954,-0.083127,"(7.683342, -0.001518, -0.105462)",LeftTrue_RightFalse
7.037842,0.020396,"(-1.7293493747711182, 1.2148311138153076, 13.011258125305176)","(352.90960693359375, 182.63487243652344, 3.5881762504577637)","(-1.7625706195831299, 1.2106225490570068, 13.014823913574219)","(0.16297201812267303, 238.25082397460938, 0.26786771416664124)","(-2.0226850509643555, -0.018702208995819092, 13.196015357971191)","(0.31342679262161255, 181.1650848388672, 0.008743511512875557)",-0.529421,0.003662,"(-0.078082, -0.003539, -3.679693)",LeftFalse_RightFalse,False,"(-11.580595016479492, -0.024523090571165085, -2.0545976161956787)","(359.88177490234375, 90.6650161743164, 359.78668212890625)",0.587346,-0.07348,"(7.703489, -0.001374, -0.075419)",LeftTrue_RightFalse
7.09729,0.020103,"(-1.7341196537017822, 1.215080738067627, 12.803378105163574)","(352.5754699707031, 182.46356201171875, 3.493671178817749)","(-1.7670764923095703, 1.2104003429412842, 12.806426048278809)","(0.1712409406900406, 238.26318359375, 0.2792225778102875)","(-2.0271291732788086, -0.018884724006056786, 12.9879732131958)","(0.3274521827697754, 181.17739868164062, 0.007971897721290588)",-0.518104,0.003662,"(-0.072506, -0.002853, -3.371432)",LeftFalse_RightFalse,False,"(-11.121517181396484, -0.02457461878657341, -2.0566415786743164)","(359.8819274902344, 90.21141815185547, 359.7852478027344)",0.586255,-0.065566,"(7.731274, -0.000371, -0.030478)",LeftTrue_RightFalse
7.151978,0.019241,"(-1.7376933097839355, 1.2155094146728516, 12.627985954284668)","(352.2119445800781, 182.31871032714844, 3.3756611347198486)","(-1.7709249258041382, 1.2102315425872803, 12.630539894104004)","(0.1765068918466568, 238.2735595703125, 0.2861790359020233)","(-2.0309271812438965, -0.019029678776860237, 12.812320709228516)","(0.33615341782569885, 181.18775939941406, 0.007331205997616053)",-0.493504,0.003662,"(-0.066930, -0.002513, -3.074756)",LeftFalse_RightFalse,False,"(-10.697729110717773, -0.024576283991336823, -2.0569989681243896)","(359.8809814453125, 89.8759536743164, 359.7959899902344)",0.576734,-0.06633,"(7.757590, -0.000095, 0.015822)",LeftTrue_RightFalse
7.211182,0.019467,"(-1.7413846254348755, 1.2162041664123535, 12.45412826538086)","(351.7064208984375, 182.20912170410156, 3.2611043453216553)","(-1.7747761011123657, 1.210078239440918, 12.456399917602539)","(0.17949062585830688, 238.2838134765625, 0.2896149754524231)","(-2.0347301959991455, -0.019172165542840958, 12.638323783874512)","(0.34065914154052734, 181.197998046875, 0.006693418603390455)",-0.454613,0.003662,"(-0.061558, -0.002314, -2.797396)",LeftFalse_RightFalse,False,"(-10.237775802612305, -0.024586062878370285, -2.053929567337036)","(359.87841796875, 89.5132064819336, 359.79571533203125)",0.586399,-0.065998,"(7.780562, -0.000216, 0.034759)",LeftTrue_RightFalse
7.253296,0.020004,"(-1.7444475889205933, 1.2165566682815552, 12.340298652648926)","(351.28460693359375, 182.52931213378906, 3.189096212387085)","(-1.7773202657699585, 1.209984302520752, 12.342350006103516)","(0.1797569990158081, 238.29052734375, 0.2892865538597107)","(-2.0372445583343506, -0.019268300384283066, 12.524301528930664)","(0.3405282199382782, 181.20469665527344, 0.0062913657166063786)",-0.442281,0.003662,"(-0.058104, -0.002264, -2.623241)",LeftFalse_RightFalse,False,"(-9.910324096679688, -0.02459554560482502, -2.050891876220703)","(359.87615966796875, 89.30445861816406, 359.8036804199219)",0.589726,-0.097457,"(7.795668, -0.000228, 0.117931)",LeftTrue_RightFalse
7.310791,0.019648,"(-1.7489690780639648, 1.2167919874191284, 12.196656227111816)","(350.9186706542969, 183.3959503173828, 3.212657928466797)","(-1.7805548906326294, 1.2098695039749146, 12.198477745056152)","(0.17822623252868652, 238.2989501953125, 0.28592583537101746)","(-2.04044246673584, -0.01939694955945015, 12.380388259887695)","(0.33687517046928406, 181.213134765625, 0.005750250071287155)",-0.432288,0.003662,"(-0.053016, -0.002194, -2.372335)",LeftFalse_RightFalse,False,"(-9.461000442504883, -0.024607764557003975, -2.0408058166503906)","(359.8726501464844, 88.8716049194336, 359.7806396484375)",0.591107,-0.086615,"(7.819539, -0.000205, 0.196381)",LeftTrue_RightFalse
7.370239,0.019722,"(-1.7540152072906494, 1.2168762683868408, 12.063017845153809)","(350.6861267089844, 184.9958038330078, 3.2954816818237305)","(-1.783592700958252, 1.2097630500793457, 12.064465522766113)","(0.1753091663122177, 238.30677795410156, 0.280453622341156)","(-2.0434467792510986, -0.019524654373526573, 12.246278762817383)","(0.3306961953639984, 181.22097778320312, 0.005225578788667917)",-0.422208,0.003662,"(-0.047943, -0.002087, -2.128615)",LeftFalse_RightFalse,False,"(-8.996136665344238, -0.024254679679870605, -2.027378559112549)","(359.8525695800781, 88.42030334472656, 359.7802429199219)",0.574965,-0.023651,"(7.841912, 0.017445, 0.265652)",LeftTrue_RightFalse
7.430908,0.019998,"(-1.7588121891021729, 1.2168793678283691, 11.940995216369629)","(350.52349853515625, 186.1830291748047, 3.332559823989868)","(-1.7863879203796387, 1.2096647024154663, 11.942042350769043)","(0.17176692187786102, 238.31390380859375, 0.27407342195510864)","(-2.0462121963500977, -0.01964767836034298, 12.12373161315918)","(0.3234153985977173, 181.22813415527344, 0.004732321947813034)",-0.428367,0.003662,"(-0.042913, -0.001937, -1.892297)",LeftFalse_RightFalse,False,"(-8.519230842590332, -0.02282715030014515, -2.010321855545044)","(359.7867431640625, 87.96666717529297, 359.7855529785156)",0.594625,-0.05236,"(7.865453, 0.029520, 0.287542)",LeftTrue_RightFalse
7.486328,0.019297,"(-1.7622092962265015, 1.2168456315994263, 11.841975212097168)","(350.46368408203125, 186.8583526611328, 3.2694332599639893)","(-1.7886686325073242, 1.2095826864242554, 11.842793464660645)","(0.16871793568134308, 238.31968688964844, 0.2686055600643158)","(-2.048468589782715, -0.01975088380277157, 12.024374961853027)","(0.3171684741973877, 181.23391723632812, 0.0043208119459450245)",-0.431068,0.003662,"(-0.037779, -0.001736, -1.656022)",LeftFalse_RightFalse,False,"(-8.082206726074219, -0.02102631703019142, -1.9927314519882202)","(359.7086486816406, 87.6045150756836, 359.7966613769531)",0.585043,-0.003159,"(7.885333, 0.035474, 0.366598)",LeftTrue_RightFalse
7.543091,0.019097,"(-1.7648847103118896, 1.216795802116394, 11.75295352935791)","(350.4308166503906, 187.19822692871094, 3.216399669647217)","(-1.7907277345657349, 1.2095062732696533, 11.753645896911621)","(0.16621875762939453, 238.32485961914062, 0.26403987407684326)","(-2.0505053997039795, -0.019844889640808105, 11.935139656066895)","(0.3119776248931885, 181.23910522460938, 0.003937855828553438)",-0.430189,0.003662,"(-0.032590, -0.001495, -1.421307)",LeftFalse_RightFalse,False,"(-7.633647918701172, -0.018950464203953743, -1.9715229272842407)","(359.6215515136719, 87.23139953613281, 359.802001953125)",0.582906,-0.082298,"(7.905778, 0.037803, 0.424936)",LeftTrue_RightFalse
7.601196,0.019163,"(-1.766723394393921, 1.2167433500289917, 11.675036430358887)","(350.5093078613281, 186.87033081054688, 3.071099281311035)","(-1.7925423383712769, 1.2094382047653198, 11.675468444824219)","(0.16432151198387146, 238.32940673828125, 0.2604658603668213)","(-2.052299976348877, -0.019926968961954117, 11.85689640045166)","(0.3079463541507721, 181.24366760253906, 0.0035885500255972147)",-0.429549,0.003662,"(-0.029132, -0.001325, -1.266729)",LeftFalse_RightFalse,False,"(-7.173126220703125, -0.016734302043914795, -1.9453792572021484)","(359.53021240234375, 86.79872131347656, 359.7955017089844)",0.59919,-0.110224,"(7.921618, 0.038274, 0.462515)",LeftTrue_RightFalse
7.642944,0.01975,"(-1.7717390060424805, 1.2149279117584229, 11.624366760253906)","(350.6868896484375, 186.62313842773438, 2.7520573139190674)","(-1.797619342803955, 1.2075107097625732, 11.624632835388184)","(0.417334645986557, 238.3090057373047, 0.2247406542301178)","(-2.052417516708374, -0.022579113021492958, 11.8081693649292)","(0.41543662548065186, 181.22198486328125, 359.7717590332031)",-0.428825,0.003662,"(0.063479, 0.383498, -1.088251)",LeftFalse_RightFalse,False,"(-6.841450214385986, -0.015294788405299187, -1.9229776859283447)","(359.47186279296875, 86.42250061035156, 359.763916015625)",0.592985,-0.132993,"(7.931484, 0.018822, 0.594960)",LeftTrue_RightFalse
7.697876,0.019098,"(-1.7441377639770508, 1.227158784866333, 11.579096794128418)","(349.8746032714844, 185.91976928710938, 4.013854503631592)","(-1.7708078622817993, 1.2204060554504395, 11.579061508178711)","(358.7950744628906, 238.33621215820312, 0.3578028678894043)","(-2.0566039085388184, -0.005106013268232346, 11.74690055847168)","(359.6455993652344, 181.2508544921875, 1.2059352397918701)",-0.423573,0.003662,"(0.099931, 0.238397, -0.968162)",LeftFalse_RightFalse,False,"(-6.405450820922852, -0.014492742717266083, -1.8887605667114258)","(359.4430847167969, 85.83273315429688, 359.7329406738281)",0.578125,-0.141783,"(7.944288, 0.009914, 0.664671)",LeftTrue_RightFalse
7.756348,0.019274,"(-1.732470154762268, 1.2329000234603882, 11.533267974853516)","(349.6005859375, 185.36199951171875, 4.339300155639648)","(-1.7596955299377441, 1.2263591289520264, 11.533296585083008)","(358.2630310058594, 238.28689575195312, 0.3169745206832886)","(-2.0548558235168457, 0.00213224976323545, 11.69416332244873)","(359.322265625, 181.1966552734375, 1.630415439605713)",-0.418685,0.003662,"(0.048168, 0.041529, -0.797117)",LeftFalse_RightFalse,False,"(-5.940959930419922, -0.01330823265016079, -1.8464350700378418)","(359.47064208984375, 85.1177749633789, 359.7236633300781)",0.589879,-0.063658,"(7.961268, 0.026758, 0.741625)",LeftTrue_RightFalse
7.816895,0.019813,"(-1.73015296459198, 1.2336336374282837, 11.49194622039795)","(349.6875305175781, 184.5962371826172, 4.251696586608887)","(-1.758357048034668, 1.2274881601333618, 11.492013931274414)","(358.246826171875, 238.21279907226562, 0.2677827775478363)","(-2.0534703731536865, 0.0030584605410695076, 11.65141487121582)","(359.27215576171875, 181.12123107910156, 1.6173175573349)",-0.402345,0.003662,"(0.047325, 0.164681, -0.622883)",LeftFalse_RightFalse,False,"(-5.459177494049072, -0.011449082754552364, -1.7978038787841797)","(359.5477294921875, 84.39395141601562, 359.70947265625)",0.617022,-0.155342,"(7.965347, 0.033402, 0.871137)",LeftTrue_RightFalse
7.874268,0.019462,"(-1.7193862199783325, 1.2373499870300293, 11.465089797973633)","(349.5041198730469, 183.9499969482422, 4.636862277984619)","(-1.7484508752822876, 1.2317453622817993, 11.465327262878418)","(357.7388916015625, 238.18226623535156, 0.2860030233860016)","(-2.053070068359375, 0.008935729041695595, 11.619186401367188)","(359.0115051269531, 181.08480834960938, 2.0537056922912598)",-0.3858,0.003662,"(0.078769, 0.177217, -0.458588)",LeftFalse_RightFalse,False,"(-5.002985000610352, -0.009408898651599884, -1.7417646646499634)","(359.6410217285156, 83.49787139892578, 359.65960693359375)",0.616815,-0.110673,"(7.957782, 0.037056, 1.056718)",LeftTrue_RightFalse
7.915405,0.01982,"(-1.7113258838653564, 1.2401142120361328, 11.451557159423828)","(349.4033203125, 183.36410522460938, 4.905628204345703)","(-1.741112470626831, 1.2348064184188843, 11.451946258544922)","(357.3955078125, 238.16738891601562, 0.28947263956069946)","(-2.0520334243774414, 0.01310140173882246, 11.60192584991455)","(358.8279113769531, 181.06460571289062, 2.343940019607544)",-0.37704,0.003662,"(0.052218, 0.042912, -0.338667)",LeftFalse_RightFalse,False,"(-4.675713539123535, -0.007851969450712204, -1.6960482597351074)","(359.71246337890625, 82.75997924804688, 359.6233825683594)",0.591211,-0.245825,"(7.949908, 0.038382, 1.175863)",LeftTrue_RightFalse
7.974609,0.019733,"(-1.7113821506500244, 1.2394688129425049, 11.439400672912598)","(349.5769958496094, 182.51498413085938, 4.755523681640625)","(-1.7423015832901, 1.2342407703399658, 11.439565658569336)","(357.5390319824219, 238.1343536376953, 0.2624213695526123)","(-2.050407886505127, 0.01193871721625328, 11.590486526489258)","(358.8831787109375, 181.0330810546875, 2.20872163772583)",-0.367996,0.003662,"(-0.014606, -0.059133, -0.015082)",LeftFalse_RightFalse,False,"(-4.207430362701416, -0.0056268153712153435, -1.6182348728179932)","(359.81494140625, 81.42086029052734, 359.5307312011719)",0.624467,-0.252395,"(7.908252, 0.032539, 1.433586)",LeftTrue_RightFalse
8.031128,0.019264,"(-1.7175209522247314, 1.2363197803497314, 11.435883522033691)","(349.8805847167969, 181.86537170410156, 4.405999183654785)","(-1.7495012283325195, 1.2309883832931519, 11.436090469360352)","(357.9380798339844, 238.1446533203125, 0.23654453456401825)","(-2.0500574111938477, 0.007317394018173218, 11.591087341308594)","(359.0782165527344, 181.04855346679688, 1.8595962524414062)",-0.276205,0.003662,"(-0.041808, -0.093956, -0.009583)",LeftFalse_RightFalse,False,"(-3.7632102966308594, -0.004262966103851795, -1.5281485319137573)","(359.88153076171875, 79.7691421508789, 359.38690185546875)",0.751677,-0.336766,"(7.828434, 0.014288, 1.757640)",LeftTrue_RightFalse
8.086426,0.018833,"(-1.724820852279663, 1.2320232391357422, 11.431831359863281)","(350.221435546875, 181.1820526123047, 4.017005920410156)","(-1.7577557563781738, 1.2269865274429321, 11.432515144348145)","(358.3668212890625, 238.1526641845703, 0.20276911556720734)","(-2.0501296520233154, 0.0018807662418112159, 11.59177017211914)","(359.2828063964844, 181.06089782714844, 1.4812557697296143)",-0.139406,0.003662,"(-0.043105, -0.096175, -0.008879)",LeftFalse_RightFalse,False,"(-3.3326003551483154, -0.0037336598616093397, -1.4214539527893066)","(359.914306640625, 77.71192169189453, 359.2308044433594)",0.813059,-0.466858,"(7.707809, 0.003979, 2.142364)",LeftTrue_RightFalse
8.144775,0.019137,"(-1.7317124605178833, 1.2277828454971313, 11.428023338317871)","(350.5362548828125, 180.51446533203125, 3.673124313354492)","(-1.7657057046890259, 1.2228336334228516, 11.429098129272461)","(358.7749938964844, 238.15872192382812, 0.1725810468196869)","(-2.0503060817718506, -0.0035641449503600597, 11.592438697814941)","(359.479248046875, 181.07008361816406, 1.1221635341644287)",-0.036854,0.003662,"(-0.036692, -0.084026, -0.007329)",LeftFalse_RightFalse,False,"(-2.8868303298950195, -0.0036164058838039637, -1.2859770059585571)","(359.9313049316406, 75.04823303222656, 359.0415954589844)",0.860983,-0.520315,"(7.549735, -0.001246, 2.569035)",LeftTrue_RightFalse
8.187744,0.019946,"(-1.7357367277145386, 1.2250661849975586, 11.425889015197754)","(350.70733642578125, 180.231201171875, 3.4562935829162598)","(-1.7706406116485596, 1.2201166152954102, 11.426958084106445)","(359.02801513671875, 238.16177368164062, 0.1553228795528412)","(-2.050436019897461, -0.007043163292109966, 11.592856407165527)","(359.60223388671875, 181.0745849609375, 0.9003763794898987)",0.02851,0.003662,"(-0.031432, -0.073045, -0.007928)",LeftFalse_RightFalse,False,"(-2.564661741256714, -0.0036837023217231035, -1.1703872680664062)","(359.9356689453125, 72.81362915039062, 358.9016418457031)",0.893745,-0.578553,"(7.419818, -0.002993, 2.860706)",LeftTrue_RightFalse
8.231445,0.020587,"(-1.7392395734786987, 1.2227286100387573, 11.423710823059082)","(350.9384460449219, 179.70262145996094, 3.285332441329956)","(-1.7748222351074219, 1.2177455425262451, 11.424962043762207)","(359.2421569824219, 238.16314697265625, 0.14109526574611664)","(-2.05055570602417, -0.010038631036877632, 11.593027114868164)","(359.7066650390625, 181.0768585205078, 0.7128540277481079)",0.082923,0.003662,"(-0.026374, -0.061745, -0.011653)",LeftFalse_RightFalse,False,"(-2.2441599369049072, -0.003814810886979103, -1.039319396018982)","(359.9371643066406, 70.3531265258789, 358.7634582519531)",0.955812,-0.634787,"(7.275037, -0.003833, 3.156615)",LeftTrue_RightFalse
8.292236,0.020453,"(-1.7428221702575684, 1.219788908958435, 11.420783042907715)","(351.2325439453125, 179.0706024169922, 3.1023507118225098)","(-1.7793917655944824, 1.2151128053665161, 11.422163009643555)","(359.4748229980469, 238.16403198242188, 0.12480483204126358)","(-2.0507023334503174, -0.013334343209862709, 11.592565536499023)","(359.81939697265625, 181.0784149169922, 0.5086890459060669)",0.121177,0.003662,"(-0.019928, -0.046091, -0.025474)",LeftFalse_RightFalse,False,"(-1.810323715209961, -0.004033650271594524, -0.833575963973999)","(359.93621826171875, 66.67567443847656, 358.5835876464844)",1.0,-0.669302,"(7.026170, -0.004077, 3.603284)",LeftTrue_RightFalse
8.333008,0.020437,"(-1.744732141494751, 1.2182292938232422, 11.41864013671875)","(351.3667907714844, 178.79409790039062, 3.0010945796966553)","(-1.7817648649215698, 1.2137483358383179, 11.420010566711426)","(359.59429931640625, 238.16192626953125, 0.11500288546085358)","(-2.0507943630218506, -0.015038559213280678, 11.591575622558594)","(359.8760986328125, 181.07650756835938, 0.40305662155151367)",0.152672,0.003662,"(-0.016526, -0.037111, -0.039656)",LeftFalse_RightFalse,False,"(-1.5274899005889893, -0.004178798757493496, -0.6797861456871033)","(359.934814453125, 64.07398986816406, 358.47283935546875)",1.0,-0.674062,"(6.842909, -0.003857, 3.900950)",LeftTrue_RightFalse
8.394409,0.020505,"(-1.7470808029174805, 1.2165528535842896, 11.414629936218262)","(351.6007385253906, 178.38827514648438, 2.8708698749542236)","(-1.7845087051391602, 1.2122182846069336, 11.415992736816406)","(359.72894287109375, 238.1607666015625, 0.10129216313362122)","(-2.050933599472046, -0.016958530992269516, 11.588825225830078)","(359.937744140625, 181.07546997070312, 0.28258636593818665)",0.174077,0.003662,"(-0.012554, -0.026099, -0.061265)",LeftFalse_RightFalse,False,"(-1.118221640586853, -0.004372303374111652, -0.42598390579223633)","(359.93243408203125, 60.0302619934082, 358.32415771484375)",1.0,-0.674456,"(6.538395, -0.003267, 4.341161)",LeftTrue_RightFalse
8.435181,0.020458,"(-1.7483354806900024, 1.215774416923523, 11.411270141601562)","(351.72796630859375, 178.2167205810547, 2.7858078479766846)","(-1.785908818244934, 1.2114837169647217, 11.41263198852539)","(359.79473876953125, 238.16232299804688, 0.09265816956758499)","(-2.051032066345215, -0.017890699207782745, 11.5860595703125)","(359.96624755859375, 181.0770263671875, 0.22265765070915222)",0.180962,0.003662,"(-0.010672, -0.020313, -0.080837)",LeftFalse_RightFalse,False,"(-0.8575724363327026, -0.0044791195541620255, -0.24252112209796906)","(359.9312744140625, 57.27656173706055, 358.23724365234375)",1.0,-0.681789,"(6.315570, -0.002806, 4.627773)",LeftTrue_RightFalse
8.495361,0.020287,"(-1.7496042251586914, 1.2145994901657104, 11.404830932617188)","(351.878662109375, 178.04208374023438, 2.6995081901550293)","(-1.7875093221664429, 1.2107110023498535, 11.40653133392334)","(359.8663330078125, 238.16299438476562, 0.08089251816272736)","(-2.051192283630371, -0.018888574093580246, 11.580556869506836)","(-0.004725402686744928, 181.0776824951172, 0.15616676211357117)",0.192883,0.003662,"(-0.008583, -0.013651, -0.107686)",LeftFalse_RightFalse,False,"(-0.48995131254196167, -0.004604307934641838, 0.04998595267534256)","(359.9306640625, 53.13163757324219, 358.12530517578125)",1.0,-0.663634,"(5.952174, -0.002132, 5.043236)",LeftTrue_RightFalse
8.536621,0.020398,"(-1.750274658203125, 1.213985562324524, 11.399579048156738)","(351.96136474609375, 177.914306640625, 2.652222156524658)","(-1.7883632183074951, 1.2103462219238281, 11.40149974822998)","(359.90191650390625, 238.16339111328125, 0.07360503077507019)","(-2.051313877105713, -0.01937161386013031, 11.575797080993652)","(0.008489210158586502, 181.07806396484375, 0.12234047055244446)",0.196948,0.003662,"(-0.007559, -0.010339, -0.123091)",LeftFalse_RightFalse,False,"(-0.2509010434150696, -0.004669180139899254, 0.26473191380500793)","(359.93072509765625, 50.25254821777344, 358.0594482421875)",1.0,-0.642249,"(5.694608, -0.001727, 5.310381)",LeftTrue_RightFalse
8.596924,0.02034,"(-1.751112937927246, 1.213424801826477, 11.390695571899414)","(352.08984375, 177.61056518554688, 2.5995662212371826)","(-1.789353847503662, 1.2099874019622803, 11.392799377441406)","(359.9393310546875, 238.16383361816406, 0.06406613439321518)","(-2.0515129566192627, -0.019863756373524666, 11.56734848022461)","(0.020812546834349632, 181.07850646972656, 0.08574775606393814)",0.202042,0.003662,"(-0.006670, -0.006692, -0.153585)",LeftFalse_RightFalse,False,"(0.07721120119094849, -0.004738382063806057, 0.5975815057754517)","(359.9313049316406, 46.019447326660156, 357.9780578613281)",1.0,-0.714614,"(5.279791, -0.001221, 5.689130)",LeftTrue_RightFalse
8.65625,0.020036,"(-1.7510169744491577, 1.2131112813949585, 11.380118370056152)","(352.1913146972656, 177.28384399414062, 2.561638593673706)","(-1.79012131690979, 1.2097721099853516, 11.382662773132324)","(359.96429443359375, 238.1645050048828, 0.056309327483177185)","(-2.0517351627349854, -0.020174697041511536, 11.557356834411621)","(0.027869734913110733, 181.07916259765625, 0.06057027727365494)",0.227592,0.003723,"(-0.006198, -0.004256, -0.182991)",LeftFalse_RightFalse,False,"(0.3741091191768646, -0.004781070165336132, 0.9460760354995728)","(359.934814453125, 41.81771469116211, 357.9117736816406)",1.0,-0.701895,"(4.822083, -0.000777, 6.029675)",LeftTrue_RightFalse
8.697998,0.020365,"(-1.751011848449707, 1.2129783630371094, 11.371513366699219)","(352.24066162109375, 177.0732421875, 2.548539161682129)","(-1.7905809879302979, 1.2096763849258423, 11.37442684173584)","(359.97662353515625, 238.1650390625, 0.051310259848833084)","(-2.0519118309020996, -0.020323386415839195, 11.549171447753906)","(0.030369482934474945, 181.07968139648438, 0.04750862345099449)",0.2672,0.003906,"(-0.006127, -0.003133, -0.205092)",LeftFalse_RightFalse,False,"(0.5669642090797424, -0.004798512905836105, 1.203098177909851)","(359.9384765625, 38.8398551940918, 357.8722839355469)",1.0,-0.652929,"(4.502419, -0.000538, 6.239850)",LeftTrue_RightFalse
8.738647,0.020284,"(-1.751132845878601, 1.2128939628601074, 11.362327575683594)","(352.2865295410156, 176.8859405517578, 2.544205904006958)","(-1.7909857034683228, 1.2096132040023804, 11.365467071533203)","(359.9855041503906, 238.16566467285156, 0.04685605689883232)","(-2.0521020889282227, -0.020428936928510666, 11.540233612060547)","(0.03145916387438774, 181.08030700683594, 0.03762808442115784)",0.310655,0.00412,"(-0.006226, -0.002317, -0.229687)",LeftFalse_RightFalse,False,"(0.7411127090454102, -0.004808180499821901, 1.4616832733154297)","(359.9412536621094, 35.938316345214844, 357.8396301269531)",1.0,-0.597987,"(4.183168, -0.000362, 6.445451)",LeftTrue_RightFalse
8.798706,0.020144,"(-1.7511065006256104, 1.212822675704956, 11.346898078918457)","(352.3693542480469, 176.5999755859375, 2.540987491607666)","(-1.7915456295013428, 1.2095580101013184, 11.350014686584473)","(359.9938049316406, 238.16680908203125, 0.03991469368338585)","(-2.052428722381592, -0.02053752914071083, 11.52475357055664)","(0.030140040442347527, 181.08143615722656, 0.02689180336892605)",0.400941,0.004669,"(-0.006792, -0.001525, -0.277879)",LeftFalse_RightFalse,False,"(0.9740695357322693, -0.004816161468625069, 1.858339548110962)","(359.941650390625, 31.6726016998291, 357.80267333984375)",1.0,-0.60861,"(3.698855, -0.000232, 6.736595)",LeftTrue_RightFalse
8.841064,0.020555,"(-1.7511699199676514, 1.212795615196228, 11.334129333496094)","(352.40673828125, 176.3851318359375, 2.574380397796631)","(-1.7919379472732544, 1.2095363140106201, 11.337176322937012)","(-0.003112842096015811, 238.1678466796875, 0.034516580402851105)","(-2.0527005195617676, -0.020593073219060898, 11.511857032775879)","(0.027284540235996246, 181.0824737548828, 0.021369094029068947)",0.486496,0.005066,"(-0.007420, -0.001216, -0.317425)",LeftFalse_RightFalse,False,"(1.1209521293640137, -0.004819885361939669, 2.1483330726623535)","(359.940673828125, 28.671119689941406, 357.782958984375)",1.0,-0.580495,"(3.366067, -0.000180, 6.912276)",LeftTrue_RightFalse
8.901123,0.020333,"(-1.7508758306503296, 1.2127764225006104, 11.312142372131348)","(352.4485168457031, 176.07054138183594, 2.636863946914673)","(-1.7925281524658203, 1.2095208168029785, 11.315376281738281)","(-0.0022701057605445385, 238.16981506347656, 0.02539552003145218)","(-2.053165912628174, -0.020656144246459007, 11.489909172058105)","(0.02008550986647606, 181.08444213867188, 0.015705348923802376)",0.632723,0.00589,"(-0.008880, -0.000987, -0.393830)",LeftFalse_RightFalse,False,"(1.3028864860534668, -0.004823913797736168, 2.571805715560913)","(359.9386291503906, 24.437110900878906, 357.7623596191406)",1.0,-0.615465,"(2.847850, -0.000129, 7.140783)",LeftTrue_RightFalse
8.958862,0.019757,"(-1.750976324081421, 1.2124253511428833, 11.286144256591797)","(352.4919128417969, 175.77218627929688, 2.724165678024292)","(-1.7931745052337646, 1.2095133066177368, 11.28940486907959)","(-0.004835229367017746, 238.17257690429688, 0.014631557278335094)","(-2.0537288188934326, -0.020711582154035568, 11.463724136352539)","(0.009655510075390339, 181.08718872070312, 0.01200970821082592)",0.737702,0.006714,"(-0.010930, -0.000963, -0.490110)",LeftFalse_RightFalse,False,"(1.4473910331726074, -0.004825486335903406, 2.9898476600646973)","(359.9380187988281, 20.371524810791016, 357.7472839355469)",1.0,-0.581644,"(2.311419, -0.000071, 7.328144)",LeftTrue_RightFalse
9.016602,0.019448,"(-1.7509759664535522, 1.2121031284332275, 11.254189491271973)","(352.5221862792969, 175.51715087890625, 2.8172719478607178)","(-1.7939348220825195, 1.20950448513031, 11.257567405700684)","(359.99029541015625, 238.1763916015625, 0.002496663248166442)","(-2.054429054260254, -0.020769745111465454, 11.431628227233887)","(-0.003176627680659294, 181.0910186767578, 0.009502191096544266)",0.817457,0.007324,"(-0.013405, -0.001048, -0.600458)",LeftFalse_RightFalse,False,"(1.5628182888031006, -0.004827522207051516, 3.41838002204895)","(359.935546875, 16.326765060424805, 357.7417907714844)",1.0,-0.455089,"(1.799847, -0.000056, 7.498903)",LeftTrue_RightFalse
9.058472,0.019964,"(-1.7511358261108398, 1.2119628190994263, 11.22708511352539)","(352.5471496582031, 175.35157775878906, 2.878927230834961)","(-1.7945690155029297, 1.20949387550354, 11.230547904968262)","(359.9859313964844, 238.1798553466797, 359.9933776855469)","(-2.0550289154052734, -0.020815744996070862, 11.40440845489502)","(359.9867858886719, 181.094482421875, 0.008207338862121105)",0.852137,0.007477,"(-0.015189, -0.001132, -0.679598)",LeftFalse_RightFalse,False,"(1.6308099031448364, -0.00504310242831707, 3.734261989593506)","(359.9383850097656, 13.522663116455078, 357.7831726074219)",1.0,-0.440009,"(1.514256, -0.007389, 7.606598)",LeftTrue_RightFalse
9.115601,0.019638,"(-1.7526741027832031, 1.211478352546692, 11.184185028076172)","(352.7411193847656, 175.1592559814453, 2.9011001586914062)","(-1.7964763641357422, 1.2090721130371094, 11.187721252441406)","(0.037295565009117126, 238.19052124023438, 359.9743347167969)","(-2.055751085281372, -0.021448059007525444, 11.36186408996582)","(-0.001284283003769815, 181.1051483154297, 359.9547424316406)",0.892204,0.007477,"(-0.025057, -0.044988, -0.781803)",LeftFalse_RightFalse,False,"(1.7031017541885376, -0.005981762893497944, 4.172581195831299)","(359.9678649902344, 9.921358108520508, 357.8616943359375)",1.0,-0.374788,"(1.083426, -0.024036, 7.751046)",LeftTrue_RightFalse
9.155762,0.019837,"(-1.7587928771972656, 1.2089688777923584, 11.150322914123535)","(352.95465087890625, 175.11114501953125, 2.6322269439697266)","(-1.8028509616851807, 1.2063792943954468, 11.154088020324707)","(0.3751705586910248, 238.1982421875, 359.9395751953125)","(-2.055539131164551, -0.025049973279237747, 11.331457138061523)","(0.15314804017543793, 181.1125946044922, 359.6522216796875)",0.912682,0.007477,"(-0.053525, -0.121651, -0.776505)",LeftFalse_RightFalse,False,"(1.7404427528381348, -0.007122572045773268, 4.485353469848633)","(0.007717700209468603, 7.556819915771484, 357.9103698730469)",1.0,-0.390338,"(0.798405, -0.030751, 7.835634)",LeftTrue_RightFalse
9.19751,0.020211,"(-1.769618034362793, 1.2040899991989136, 11.113460540771484)","(353.2530212402344, 175.106689453125, 2.120893955230713)","(-1.8139171600341797, 1.2011382579803467, 11.117522239685059)","(0.9737027287483215, 238.19586181640625, 359.9017639160156)","(-2.055243968963623, -0.031677693128585815, 11.300975799560547)","(0.44663000106811523, 181.10792541503906, 359.12921142578125)",0.92927,0.007477,"(-0.081430, -0.184883, -0.770110)",LeftFalse_RightFalse,False,"(1.7665656805038452, -0.008516550995409489, 4.812926769256592)","(0.05819566547870636, 5.203647136688232, 357.9510192871094)",1.0,-0.350413,"(0.506473, -0.034696, 7.906805)",LeftTrue_RightFalse
9.239746,0.020602,"(-1.7842530012130737, 1.1970698833465576, 11.074874877929688)","(353.636474609375, 175.13365173339844, 1.4452855587005615)","(-1.8286826610565186, 1.1936242580413818, 11.07913875579834)","(1.7705579996109009, 238.1932373046875, 359.8676452636719)","(-2.0550475120544434, -0.040748536586761475, 11.271001815795898)","(0.8509120941162109, 181.09832763671875, 358.4416198730469)",0.930804,0.007477,"(-0.103319, -0.234667, -0.763788)",LeftFalse_RightFalse,False,"(1.781022071838379, -0.010053267702460289, 5.147946834564209)","(0.11367379873991013, 2.9447414875030518, 357.99725341796875)",1.0,-0.311793,"(0.242080, -0.036846, 7.975014)",LeftTrue_RightFalse
9.28064,0.020511,"(-1.8008991479873657, 1.188599705696106, 11.036694526672363)","(354.062255859375, 175.19300842285156, 0.6530035734176636)","(-1.8453803062438965, 1.1845924854278564, 11.041096687316895)","(2.670743703842163, 238.19290161132812, 359.8402099609375)","(-2.0549404621124268, -0.05119631811976433, 11.242688179016113)","(1.316846251487732, 181.08445739746094, 357.6707763671875)",0.941687,0.007477,"(-0.117883, -0.271632, -0.757596)",LeftFalse_RightFalse,False,"(1.7862714529037476, -0.01161164790391922, 5.47547721862793)","(0.16808463633060455, 0.9765299558639526, 358.0758972167969)",1.0,-0.223523,"(0.090373, -0.038047, 8.054381)",LeftTrue_RightFalse
9.322388,0.020659,"(-1.8153877258300781, 1.180716872215271, 10.996856689453125)","(354.4678039550781, 175.26683044433594, 0.003933459986001253)","(-1.8598899841308594, 1.1762746572494507, 11.001358985900879)","(3.386256217956543, 238.1946258544922, 359.84527587890625)","(-2.056382894515991, -0.06029009073972702, 11.21118450164795)","(1.7095632553100586, 181.0701141357422, 357.07244873046875)",0.950502,0.007477,"(-0.118581, -0.204333, -0.840935)",LeftFalse_RightFalse,False,"(1.7851170301437378, -0.01322980783879757, 5.812840461730957)","(0.22373829782009125, 359.2687683105469, 358.1827392578125)",0.940619,-0.191281,"(-0.095891, -0.038375, 8.123631)",LeftTrue_RightFalse
9.364502,0.020826,"(-1.8258825540542603, 1.1747764348983765, 10.95391845703125)","(354.73724365234375, 175.3354034423828, 359.5522766113281)","(-1.8703932762145996, 1.1700416803359985, 10.958492279052734)","(3.8707664012908936, 238.20419311523438, 359.8528137207031)","(-2.0580496788024902, -0.06691872328519821, 11.173998832702637)","(1.9788569211959839, 181.06625366210938, 356.66937255859375)",0.957642,0.007477,"(-0.082543, -0.128061, -0.989781)",LeftFalse_RightFalse,False,"(1.7746013402938843, -0.014476600103080273, 6.156759738922119)","(0.2644590437412262, 357.757568359375, 358.29779052734375)",0.863827,-0.156382,"(-0.394106, -0.015021, 8.199134)",LeftTrue_RightFalse
9.422485,0.020091,"(-1.835824728012085, 1.1691831350326538, 10.890199661254883)","(354.93035888671875, 175.42295837402344, 359.1665954589844)","(-1.8803364038467407, 1.1641898155212402, 10.8948392868042)","(4.294707775115967, 238.22012329101562, 359.85443115234375)","(-2.0601701736450195, -0.07306884974241257, 11.11524772644043)","(2.2101962566375732, 181.06906127929688, 356.3138732910156)",0.961924,0.007477,"(-0.067265, -0.092283, -1.080894)",LeftFalse_RightFalse,False,"(1.7485400438308716, -0.015250712633132935, 6.633027076721191)","(0.27400869131088257, 355.96661376953125, 358.4511413574219)",1.0,-0.092472,"(-0.532336, -0.013518, 8.241587)",LeftTrue_RightFalse
9.463135,0.020124,"(-1.840815782546997, 1.1666148900985718, 10.842070579528809)","(355.0163269042969, 175.48634338378906, 358.98736572265625)","(-1.8853251934051514, 1.1615042686462402, 10.846744537353516)","(4.481963157653809, 238.2337646484375, 359.8489685058594)","(-2.0616049766540527, -0.07589483261108398, 11.069225311279297)","(2.307190179824829, 181.07681274414062, 356.15350341796875)",0.966141,0.007477,"(-0.054173, -0.054934, -1.209589)",LeftFalse_RightFalse,False,"(1.7247123718261719, -0.01620643213391304, 6.970120906829834)","(0.23751884698867798, 354.94708251953125, 358.5755615234375)",0.680957,-0.035752,"(-0.674581, -0.027768, 8.327963)",LeftTrue_RightFalse
9.519897,0.019487,"(-1.8461863994598389, 1.1643271446228027, 10.769926071166992)","(355.0917663574219, 175.56752014160156, 358.8165588378906)","(-1.8906909227371216, 1.1591066122055054, 10.774636268615723)","(4.650052070617676, 238.25674438476562, 359.8346862792969)","(-2.0636277198791504, -0.0784531980752945, 10.99884033203125)","(2.386378526687622, 181.09483337402344, 356.0044250488281)",0.971012,0.007477,"(-0.049689, -0.037921, -1.291623)",LeftFalse_RightFalse,False,"(1.686475157737732, -0.017939304932951927, 7.444169521331787)","(0.15643341839313507, 353.912109375, 358.76910400390625)",0.729256,0.018186,"(-0.716809, -0.032377, 8.373557)",LeftTrue_RightFalse
9.560303,0.019751,"(-1.8493268489837646, 1.163334608078003, 10.714920997619629)","(355.1378479003906, 175.66519165039062, 358.72039794921875)","(-1.8938274383544922, 1.1580607891082764, 10.71965503692627)","(4.727086544036865, 238.27598571777344, 359.82171630859375)","(-2.0651228427886963, -0.07960060238838196, 10.944557189941406)","(2.417295217514038, 181.1121063232422, 355.9326171875)",0.973502,0.007477,"(-0.047325, -0.025677, -1.371547)",LeftFalse_RightFalse,False,"(1.6578354835510254, -0.019360031932592392, 7.78432035446167)","(0.08798512071371078, 353.48455810546875, 358.9215393066406)",0.726161,0.056446,"(-0.726941, -0.035575, 8.408702)",LeftTrue_RightFalse
9.616089,0.019243,"(-1.8531100749969482, 1.1625415086746216, 10.633974075317383)","(355.17852783203125, 175.7901611328125, 358.62200927734375)","(-1.8976054191589355, 1.1572165489196777, 10.638738632202148)","(4.795743465423584, 238.30624389648438, 359.8027648925781)","(-2.0672993659973145, -0.08056950569152832, 10.864168167114258)","(2.438647985458374, 181.14105224609375, 355.8646240234375)",0.976378,0.007477,"(-0.046409, -0.013669, -1.488558)",LeftFalse_RightFalse,False,"(1.6177926063537598, -0.021451981738209724, 8.256185531616211)","(359.9866943359375, 353.285888671875, 359.1342468261719)",0.697146,0.085769,"(-0.740940, -0.037705, 8.458109)",LeftTrue_RightFalse
9.674194,0.019454,"(-1.8566657304763794, 1.161778211593628, 10.543621063232422)","(355.21710205078125, 175.9387969970703, 358.5613098144531)","(-1.9011831283569336, 1.1567903757095337, 10.548401832580566)","(4.83835506439209, 238.34188842773438, 359.78387451171875)","(-2.0697336196899414, -0.08110691606998444, 10.774078369140625)","(2.4459402561187744, 181.17633056640625, 355.8185729980469)",0.978475,0.007477,"(-0.047512, -0.006795, -1.603119)",LeftFalse_RightFalse,False,"(1.5759203433990479, -0.023553386330604553, 8.749876022338867)","(359.8780212402344, 353.4321594238281, 359.3460998535156)",0.68724,0.11991,"(-0.739293, -0.029883, 8.502189)",LeftFalse_RightFalse
9.733398,0.019547,"(-1.860147476196289, 1.1613155603408813, 10.445257186889648)","(355.25140380859375, 176.08169555664062, 358.50408935546875)","(-1.9046835899353027, 1.156619906425476, 10.450057983398438)","(4.863523006439209, 238.382080078125, 359.7668762207031)","(-2.0724148750305176, -0.08137103915214539, 10.675830841064453)","(2.445347309112549, 181.2166748046875, 355.7882080078125)",0.980004,0.006836,"(-0.049837, -0.003092, -1.715953)",LeftFalse_RightFalse,False,"(1.535684585571289, -0.02458879165351391, 9.254283905029297)","(359.809326171875, 353.9139709472656, 359.5638122558594)",0.676445,0.136646,"(-0.657618, -0.008615, 8.542624)",LeftFalse_RightFalse
9.774902,0.019938,"(-1.8625869750976562, 1.1611660718917847, 10.372337341308594)","(355.2649841308594, 176.15890502929688, 358.47479248046875)","(-1.9071290493011475, 1.1565847396850586, 10.377157211303711)","(4.874478340148926, 238.4119873046875, 359.7564697265625)","(-2.0744199752807617, -0.08146166801452637, 10.60295295715332)","(2.442570924758911, 181.24681091308594, 355.77337646484375)",0.980785,0.003937,"(-0.051340, -0.001735, -1.790465)",LeftFalse_RightFalse,False,"(1.5101808309555054, -0.02477334626019001, 9.609590530395508)","(359.78265380859375, 354.4383544921875, 359.70123291015625)",0.66301,0.257294,"(-0.615286, -0.000945, 8.569990)",LeftFalse_RightFalse
9.83374,0.01987,"(-1.8660234212875366, 1.1610828638076782, 10.263463973999023)","(355.2614440917969, 176.21229553222656, 358.4903869628906)","(-1.9105687141418457, 1.1565914154052734, 10.268312454223633)","(4.884667873382568, 238.45266723632812, 359.7434387207031)","(-2.0773606300354004, -0.08152257651090622, 10.49410629272461)","(2.4371917247772217, 181.28793334960938, 355.75775146484375)",0.985655,-0.004395,"(-0.051715, -0.000724, -1.901635)",LeftFalse_RightFalse,False,"(1.4805903434753418, -0.024607349187135696, 10.114851951599121)","(359.76373291015625, 355.4543762207031, 359.8921203613281)",0.665033,0.15496,"(-0.482242, 0.005650, 8.601624)",LeftFalse_RightFalse
9.891357,0.019604,"(-1.869234561920166, 1.1610726118087769, 10.15052604675293)","(355.30194091796875, 176.19778442382812, 358.54901123046875)","(-1.9137804508209229, 1.1566237211227417, 10.1553955078125)","(4.891735076904297, 238.48292541503906, 359.73193359375)","(-2.0801894664764404, -0.08154928684234619, 10.381149291992188)","(2.431389093399048, 181.31866455078125, 355.74560546875)",0.986313,-0.01709,"(-0.048406, -0.000384, -2.012090)",LeftFalse_RightFalse,False,"(1.4571168422698975, -0.024168189615011215, 10.612445831298828)","(359.7543640136719, 356.56439208984375, 0.04277278482913971)",0.652946,0.157373,"(-0.357797, 0.009209, 8.636031)",LeftFalse_RightFalse
9.948242,0.019167,"(-1.872019648551941, 1.1609114408493042, 10.033458709716797)","(355.3999328613281, 176.1101837158203, 358.6553039550781)","(-1.9165796041488647, 1.1566625833511353, 10.038329124450684)","(4.897989273071289, 238.49404907226562, 359.7214660644531)","(-2.0827083587646484, -0.08156388252973557, 10.263996124267578)","(2.426030158996582, 181.33023071289062, 355.73468017578125)",0.982281,-0.029724,"(-0.041541, -0.000309, -2.121525)",LeftFalse_RightFalse,False,"(1.4412496089935303, -0.023583315312862396, 11.103935241699219)","(359.7502136230469, 357.7353820800781, 0.1737527996301651)",0.634861,0.134313,"(-0.212599, 0.012142, 8.666579)",LeftFalse_RightFalse
10.005371,0.019132,"(-1.874000906944275, 1.1605589389801025, 9.909859657287598)","(355.5035705566406, 176.0560302734375, 358.7518310546875)","(-1.9188956022262573, 1.1566928625106812, 9.914751052856445)","(4.903563022613525, 238.48223876953125, 359.71209716796875)","(-2.084859609603882, -0.08158125728368759, 10.140276908874512)","(2.4212138652801514, 181.3188018798828, 355.7249450683594)",0.983853,-0.037476,"(-0.034258, -0.000464, -2.229952)",LeftFalse_RightFalse,False,"(1.4325345754623413, -0.022848501801490784, 11.599838256835938)","(359.75146484375, 358.9126281738281, 0.2772791087627411)",0.627776,0.120374,"(-0.090506, 0.013517, 8.695105)",LeftFalse_RightFalse
10.062744,0.019059,"(-1.8752071857452393, 1.1604012250900269, 9.77978229522705)","(355.6277770996094, 176.1759033203125, 359.0491943359375)","(-1.9207451343536377, 1.1567044258117676, 9.784736633300781)","(4.907724380493164, 238.45065307617188, 359.70416259765625)","(-2.086664915084839, -0.08160986751317978, 10.010074615478516)","(2.4168286323547363, 181.28756713867188, 355.7171325683594)",0.996901,-0.03891,"(-0.028945, -0.000695, -2.338311)",LeftFalse_RightFalse,False,"(1.4305551052093506, -0.02206316404044628, 12.099465370178223)","(359.7550964355469, 0.017764221876859665, 0.3526262044906616)",0.622162,0.1499,"(0.064333, 0.013673, 8.718750)",LeftFalse_RightFalse
10.117798,0.018659,"(-1.8760764598846436, 1.160332202911377, 9.649714469909668)","(355.7063903808594, 176.35804748535156, 359.2794494628906)","(-1.9222288131713867, 1.156692385673523, 9.65450668334961)","(4.909420490264893, 238.4107208251953, 359.6983337402344)","(-2.0882062911987305, -0.0816509947180748, 9.879642486572266)","(2.412849187850952, 181.24794006347656, 355.7125549316406)",0.997737,-0.03537,"(-0.027825, -0.000853, -2.410411)",LeftFalse_RightFalse,False,"(1.4377775192260742, -0.021314548328518867, 12.579266548156738)","(359.75946044921875, 1.0593279600143433, 0.4170301556587219)",0.626944,0.138174,"(0.193230, 0.013397, 8.730368)",LeftFalse_RightFalse
10.158569,0.019282,"(-1.8767855167388916, 1.1602915525436401, 9.549670219421387)","(355.75225830078125, 176.6392059326172, 359.5115661621094)","(-1.9232982397079468, 1.1566681861877441, 9.554326057434082)","(4.908954620361328, 238.38143920898438, 359.6952209472656)","(-2.0893633365631104, -0.08168991655111313, 9.779315948486328)","(2.410001039505005, 181.2188720703125, 355.7112731933594)",0.986262,-0.030304,"(-0.028863, -0.001005, -2.482175)",LeftFalse_RightFalse,False,"(1.4488798379898071, -0.020778264850378036, 12.936067581176758)","(359.7629089355469, 1.8558748960494995, 0.46180954575538635)",0.634633,0.253148,"(0.305532, 0.012907, 8.739702)",LeftFalse_RightFalse
10.198975,0.019624,"(-1.8773802518844604, 1.1602654457092285, 9.447698593139648)","(355.79095458984375, 176.83563232421875, 359.7080993652344)","(-1.9244391918182373, 1.1566321849822998, 9.452333450317383)","(4.907068729400635, 238.35684204101562, 359.6932373046875)","(-2.0906124114990234, -0.08173487335443497, 9.677194595336914)","(2.407313823699951, 181.19447326660156, 355.7117614746094)",0.986608,-0.024353,"(-0.031842, -0.001140, -2.552941)",LeftFalse_RightFalse,False,"(1.467040777206421, -0.0202594343572855, 13.288541793823242)","(359.767822265625, 2.754321813583374, 0.5250421166419983)",0.722367,0.162282,"(0.489029, 0.012856, 8.728456)",LeftFalse_RightFalse
10.239502,0.019823,"(-1.877981424331665, 1.1602412462234497, 9.342432975769043)","(355.8311767578125, 177.0521240234375, 359.9385070800781)","(-1.9257506132125854, 1.1565852165222168, 9.347294807434082)","(4.904014587402344, 238.33953857421875, 359.692138671875)","(-2.0920350551605225, -0.08178586512804031, 9.572051048278809)","(2.404731273651123, 181.1773223876953, 355.7137451171875)",0.986888,-0.017975,"(-0.036409, -0.001262, -2.623309)",LeftFalse_RightFalse,False,"(1.4902287721633911, -0.019737595692276955, 13.641815185546875)","(359.7717590332031, 3.668696641921997, 0.5691871047019958)",0.62472,0.124766,"(0.600987, 0.012822, 8.742266)",LeftFalse_RightFalse
10.280884,0.020166,"(-1.879012107849121, 1.1601989269256592, 9.23147964477539)","(355.850341796875, 177.30455017089844, 0.20781457424163818)","(-1.9273418188095093, 1.1565282344818115, 9.236651420593262)","(4.899990081787109, 238.33163452148438, 359.691650390625)","(-2.0937256813049316, -0.08184343576431274, 9.46133041381836)","(2.402151584625244, 181.1696014404297, 355.71685791015625)",0.983148,-0.01178,"(-0.042174, -0.001369, -2.693305)",LeftFalse_RightFalse,False,"(1.5178742408752441, -0.019208770245313644, 14.004358291625977)","(359.7749938964844, 4.549712657928467, 0.5913884043693542)",0.622109,0.095159,"(0.692009, 0.012680, 8.751026)",LeftFalse_RightFalse
10.321289,0.020231,"(-1.8801960945129395, 1.160176396369934, 9.120619773864746)","(355.8860168457031, 177.5428924560547, 0.4286409318447113)","(-1.9291868209838867, 1.1564666032791138, 9.12579345703125)","(4.895520210266113, 238.33465576171875, 359.69158935546875)","(-2.0956404209136963, -0.0819036141037941, 9.35042953491211)","(2.3996737003326416, 181.17279052734375, 355.7206115722656)",0.983332,-0.006897,"(-0.048744, -0.001459, -2.762717)",LeftFalse_RightFalse,False,"(1.5480666160583496, -0.018700778484344482, 14.35838508605957)","(359.7779541015625, 5.319436073303223, 0.5938735604286194)",0.622936,0.072426,"(0.768231, 0.012508, 8.760442)",LeftFalse_RightFalse
10.37915,0.019649,"(-1.8828214406967163, 1.1601115465164185, 8.957140922546387)","(355.9187316894531, 177.84576416015625, 0.6590093970298767)","(-1.9323590993881226, 1.1563712358474731, 8.962332725524902)","(4.888984680175781, 238.35662841796875, 359.69158935546875)","(-2.098846912384033, -0.08199615031480789, 9.186958312988281)","(2.39614200592041, 181.19497680664062, 355.7261047363281)",0.983544,-0.002197,"(-0.058577, -0.001591, -2.866174)",LeftFalse_RightFalse,False,"(1.5959787368774414, -0.01799243874847889, 14.865184783935547)","(359.78179931640625, 6.232123374938965, 0.5730411410331726)",0.600951,0.022571,"(0.865278, 0.012046, 8.775437)",LeftFalse_RightFalse
10.439941,0.02,"(-1.8864796161651611, 1.160022497177124, 8.779083251953125)","(355.8932800292969, 178.20315551757812, 0.8162481188774109)","(-1.9363138675689697, 1.1562671661376953, 8.784310340881348)","(4.882864475250244, 238.39706420898438, 359.6910400390625)","(-2.1027493476867676, -0.08210039138793945, 9.008974075317383)","(2.3923630714416504, 181.23568725585938, 355.73095703125)",0.983699,-0.000763,"(-0.067101, -0.001710, -2.968932)",LeftFalse_RightFalse,False,"(1.6503088474273682, -0.017291825264692307, 15.3988676071167)","(359.7867126464844, 6.903213977813721, 0.5199833512306213)",0.606527,-0.137539,"(0.917762, 0.011345, 8.791998)",LeftFalse_RightFalse
10.480957,0.020232,"(-1.8895504474639893, 1.1599547863006592, 8.655509948730469)","(355.8675537109375, 178.50233459472656, 0.8492856621742249)","(-1.9392876625061035, 1.1561962366104126, 8.66042709350586)","(4.87947416305542, 238.43081665039062, 359.69012451171875)","(-2.105642318725586, -0.08217453211545944, 8.885133743286133)","(2.3897387981414795, 181.26962280273438, 355.7333068847656)",0.983778,-0.000763,"(-0.071709, -0.001785, -3.037070)",LeftFalse_RightFalse,False,"(1.6846312284469604, -0.016840055584907532, 15.760223388671875)","(359.7911682128906, 7.019676208496094, 0.4321167767047882)",0.640472,-0.054354,"(0.826343, 0.011031, 8.804988)",LeftFalse_RightFalse
10.521606,0.020285,"(-1.8933875560760498, 1.1599607467651367, 8.530509948730469)","(355.9564208984375, 179.17782592773438, 0.827670156955719)","(-1.9425339698791504, 1.156219720840454, 8.534869194030762)","(4.8801589012146, 238.46676635742188, 359.6831970214844)","(-2.1086549758911133, -0.08218470960855484, 8.759562492370605)","(2.3843302726745605, 181.30596923828125, 355.7289733886719)",0.983842,-0.000824,"(-0.076344, 0.001523, -3.104277)",LeftFalse_RightFalse,False,"(1.7189525365829468, -0.016401382163167, 16.118894577026367)","(359.79461669921875, 6.984735488891602, 0.3619636595249176)",0.602628,-0.030159,"(0.871563, 0.010782, 8.817938)",LeftFalse_RightFalse
10.5802,0.019892,"(-1.8998481035232544, 1.1598870754241943, 8.345284461975098)","(356.1387634277344, 180.15191650390625, 0.699655294418335)","(-1.9478533267974854, 1.1565619707107544, 8.349346160888672)","(4.890928268432617, 238.52047729492188, 359.65570068359375)","(-2.1132466793060303, -0.08198003470897675, 8.57381820678711)","(2.3671467304229736, 181.3610076904297, 355.7050476074219)",0.983916,-0.000946,"(-0.083589, 0.004211, -3.203043)",LeftFalse_RightFalse,False,"(1.7682172060012817, -0.015783989802002907, 16.636369705200195)","(359.7989807128906, 6.737973213195801, 0.25642451643943787)",0.622782,-0.126026,"(0.809288, 0.010523, 8.836477)",LeftFalse_RightFalse
10.62146,0.02018,"(-1.910662055015564, 1.1578527688980103, 8.2139892578125)","(356.1217956542969, 180.84152221679688, 0.23525959253311157)","(-1.9576740264892578, 1.1545240879058838, 8.217813491821289)","(5.11423397064209, 238.54638671875, 359.29840087890625)","(-2.11470627784729, -0.08580288290977478, 8.438401222229004)","(2.189253330230713, 181.4029541015625, 355.3240966796875)",0.983954,-0.000946,"(-0.096794, -0.138027, -3.275932)",LeftFalse_RightFalse,False,"(1.8001658916473389, -0.015397286042571068, 17.001529693603516)","(359.8035583496094, 6.359663486480713, 0.17461735010147095)",0.616627,-0.0922,"(0.784048, 0.008870, 8.852457)",LeftFalse_RightFalse
10.664063,0.020572,"(-1.928116798400879, 1.1527047157287598, 8.078093528747559)","(355.88201904296875, 181.45999145507812, 359.45147705078125)","(-1.9742896556854248, 1.1490037441253662, 8.081873893737793)","(5.51228141784668, 238.54661560058594, 358.5830383300781)","(-2.1156527996063232, -0.09468556940555573, 8.293964385986328)","(1.8070924282073975, 181.4442596435547, 354.6026916503906)",0.983985,-0.00116,"(-0.157802, -0.229704, -3.402184)",LeftFalse_RightFalse,False,"(1.8326091766357422, -0.015057137235999107, 17.378618240356445)","(359.8094482421875, 5.916252136230469, 0.10587490350008011)",0.547812,-0.087337,"(0.758460, 0.007392, 8.876155)",LeftFalse_RightFalse
10.706543,0.020798,"(-1.945681095123291, 1.1467927694320679, 7.938421726226807)","(355.62396240234375, 181.91285705566406, 358.7829284667969)","(-1.9913198947906494, 1.1427111625671387, 7.942155361175537)","(5.834380149841309, 238.51223754882812, 357.9005432128906)","(-2.118887424468994, -0.10394489765167236, 8.145389556884766)","(1.412073016166687, 181.4593963623047, 353.96295166015625)",0.98401,-0.001801,"(-0.178294, -0.213280, -3.490295)",LeftFalse_RightFalse,False,"(1.8640282154083252, -0.014756375923752785, 17.756633758544922)","(359.8164367675781, 5.438633918762207, 0.04468715935945511)",0.606658,-0.151502,"(0.710404, 0.006447, 8.887231)",LeftFalse_RightFalse
10.750244,0.021111,"(-1.9624102115631104, 1.1410366296768188, 7.790567398071289)","(355.3555908203125, 182.1923065185547, 358.2107238769531)","(-2.0076992511749268, 1.136601209640503, 7.794257164001465)","(6.095262050628662, 238.4641876220703, 357.2912292480469)","(-2.1234705448150635, -0.11252142488956451, 7.989240646362305)","(1.0456358194351196, 181.462890625, 353.4141540527344)",0.98403,-0.002563,"(-0.181072, -0.189212, -3.578312)",LeftFalse_RightFalse,False,"(1.8926279544830322, -0.014484258368611336, 18.144622802734375)","(359.8242492675781, 4.845057487487793, 359.9659118652344)",0.621061,-0.169472,"(0.600349, 0.006001, 8.900242)",LeftFalse_RightFalse
10.809937,0.020589,"(-1.9826775789260864, 1.1342566013336182, 7.580411434173584)","(355.0198059082031, 182.3254852294922, 357.56463623046875)","(-2.0276827812194824, 1.1294028759002686, 7.584052562713623)","(6.373281955718994, 238.3993377685547, 356.60491943359375)","(-2.130457878112793, -0.12229937314987183, 7.769545078277588)","(0.6252139806747437, 181.4637451171875, 352.8091125488281)",0.984053,-0.00293,"(-0.171854, -0.148282, -3.709550)",LeftFalse_RightFalse,False,"(1.9228498935699463, -0.014147169888019562, 18.676095962524414)","(359.8354797363281, 3.785938024520874, 359.83685302734375)",0.626255,-0.174086,"(0.423900, 0.003989, 8.918696)",LeftFalse_RightFalse
10.868164,0.020067,"(-1.9996016025543213, 1.1291203498840332, 7.366334915161133)","(354.76904296875, 182.31744384765625, 357.0826110839844)","(-2.0444490909576416, 1.1239356994628906, 7.369941711425781)","(6.581185340881348, 238.34689331054688, 356.0865478515625)","(-2.137430191040039, -0.1295766532421112, 7.548239707946777)","(0.30721041560173035, 181.466064453125, 352.35369873046875)",0.98407,-0.00293,"(-0.158993, -0.109129, -3.839262)",LeftFalse_RightFalse,False,"(1.9425334930419922, -0.014129959046840668, 19.195789337158203)","(359.8584899902344, 2.558000326156616, 359.71923828125)",0.621414,-0.124072,"(0.270643, -0.003288, 8.939717)",LeftFalse_RightFalse
10.911987,0.020711,"(-2.0107176303863525, 1.1262133121490479, 7.199352264404297)","(354.61724853515625, 182.31871032714844, 356.8070068359375)","(-2.0554897785186768, 1.1208264827728271, 7.202940464019775)","(6.706783294677734, 238.31629943847656, 355.7817687988281)","(-2.1426379680633545, -0.13369342684745789, 7.377049446105957)","(0.12234415113925934, 181.4697265625, 352.0830383300781)",0.984079,-0.00296,"(-0.151000, -0.086146, -3.924731)",LeftFalse_RightFalse,False,"(1.9524779319763184, -0.014326617121696472, 19.58800506591797)","(359.8830261230469, 1.6301079988479614, 359.6542053222656)",0.600278,-0.195759,"(0.185675, -0.006222, 8.954838)",LeftFalse_RightFalse
10.971558,0.02031,"(-2.0240225791931152, 1.123413324356079, 6.964779376983643)","(354.414794921875, 182.2361602783203, 356.6139831542969)","(-2.0687286853790283, 1.1178051233291626, 6.968351364135742)","(6.845518589019775, 238.285888671875, 355.46221923828125)","(-2.1496171951293945, -0.13772383332252502, 7.138154029846191)","(359.9326477050781, 181.4768829345703, 351.7933044433594)",0.984089,-0.003754,"(-0.140844, -0.057497, -4.051374)",LeftFalse_RightFalse,False,"(1.9555978775024414, -0.014827076345682144, 20.121707916259766)","(359.9192199707031, 0.2711851894855499, 359.54998779296875)",0.659358,-0.194098,"(-0.063577, -0.009964, 8.955475)",LeftFalse_RightFalse
11.031128,0.02019,"(-2.03521466255188, 1.1217715740203857, 6.722330570220947)","(354.26385498046875, 182.1289520263672, 356.4616394042969)","(-2.080324172973633, 1.1159297227859497, 6.725617408752441)","(6.955841064453125, 238.2651824951172, 355.2285461425781)","(-2.1564605236053467, -0.1403040587902069, 6.892376899719238)","(359.7989807128906, 181.48475646972656, 351.5739440917969)",0.984096,-0.005554,"(-0.132524, -0.035673, -4.176174)",LeftFalse_RightFalse,False,"(1.9444725513458252, -0.015452474355697632, 20.655269622802734)","(359.95355224609375, 358.7748107910156, 359.44744873046875)",0.629592,-0.11733,"(-0.262733, -0.011088, 8.970714)",LeftFalse_RightFalse
11.072144,0.020261,"(-2.0419692993164062, 1.1211676597595215, 6.551015853881836)","(354.15399169921875, 181.80831909179688, 356.4594421386719)","(-2.0875484943389893, 1.115160584449768, 6.553994655609131)","(7.019227981567383, 238.2538604736328, 355.1051940917969)","(-2.1610794067382812, -0.14143288135528564, 6.719206809997559)","(359.7312927246094, 181.48895263671875, 351.4538269042969)",0.9841,-0.007172,"(-0.127558, -0.024511, -4.258386)",LeftFalse_RightFalse,False,"(1.9319168329238892, -0.01610495150089264, 21.022884368896484)","(359.9835205078125, 357.8331604003906, 359.41552734375)",0.601384,-0.101588,"(-0.346116, -0.019728, 8.982769)",LeftFalse_RightFalse
11.113647,0.020373,"(-2.0479040145874023, 1.120768666267395, 6.373635292053223)","(354.0749816894531, 181.57308959960938, 356.44769287109375)","(-2.094168186187744, 1.1145817041397095, 6.376642227172852)","(7.06959342956543, 238.24349975585938, 355.012939453125)","(-2.1657004356384277, -0.14227434992790222, 6.540729522705078)","(359.6823425292969, 181.4903564453125, 351.36151123046875)",0.984103,-0.008331,"(-0.122033, -0.020086, -4.340417)",LeftFalse_RightFalse,False,"(1.915694236755371, -0.01700441539287567, 21.39499282836914)","(0.023636020720005035, 356.97930908203125, 359.3992919921875)",0.606406,-0.082899,"(-0.431641, -0.023466, 8.991565)",LeftFalse_RightFalse
11.153931,0.020226,"(-2.052959680557251, 1.1204493045806885, 6.197429180145264)","(354.0105895996094, 181.0576171875, 356.47821044921875)","(-2.0999834537506104, 1.1140952110290527, 6.2002410888671875)","(7.106246471405029, 238.23391723632812, 354.95196533203125)","(-2.1701388359069824, -0.14293068647384644, 6.363619804382324)","(359.65179443359375, 181.48867797851562, 351.29766845703125)",0.984105,-0.008698,"(-0.117156, -0.015709, -4.422512)",LeftFalse_RightFalse,False,"(1.8965423107147217, -0.0180969275534153, 21.75778579711914)","(0.06392581015825272, 356.24578857421875, 359.3921813964844)",0.595335,-0.070529,"(-0.510754, -0.031228, 9.001208)",LeftFalse_RightFalse
11.196045,0.020487,"(-2.057706832885742, 1.1202037334442139, 6.010295391082764)","(353.9649963378906, 180.61911010742188, 356.4983825683594)","(-2.1055634021759033, 1.113684892654419, 6.01276969909668)","(7.135820388793945, 238.2239990234375, 354.9090576171875)","(-2.1746885776519775, -0.1434575915336609, 6.175690650939941)","(359.6324462890625, 181.48439025878906, 351.2496032714844)",0.984107,-0.008698,"(-0.113526, -0.011989, -4.504112)",LeftFalse_RightFalse,False,"(1.8732157945632935, -0.019532622769474983, 22.136083602905273)","(0.09994897246360779, 355.5792541503906, 359.3965759277344)",0.597818,-0.057501,"(-0.592729, -0.036255, 9.008465)",LeftFalse_RightFalse
11.254883,0.020049,"(-2.06413197517395, 1.120031714439392, 5.7409210205078125)","(353.9067687988281, 180.08934020996094, 356.55059814453125)","(-2.112922430038452, 1.1133232116699219, 5.743570327758789)","(7.1722493171691895, 238.20999145507812, 354.8716735839844)","(-2.1809659004211426, -0.1439148634672165, 5.9062089920043945)","(359.62139892578125, 181.47535705566406, 351.19879150390625)",0.984109,-0.008698,"(-0.110878, -0.003100, -4.625171)",LeftFalse_RightFalse,False,"(1.8345110416412354, -0.021746207028627396, 22.667118072509766)","(0.1415521651506424, 354.7860107421875, 359.4069519042969)",0.593383,-0.042999,"(-0.713696, -0.038134, 9.017477)",LeftFalse_RightFalse
11.313354,0.019697,"(-2.070598602294922, 1.120383381843567, 5.467103004455566)","(353.8611145019531, 179.67098999023438, 356.67333984375)","(-2.120354175567627, 1.113473653793335, 5.4695329666137695)","(7.230463981628418, 238.19247436523438, 354.8478088378906)","(-2.187079668045044, -0.14380724728107452, 5.632386207580566)","(359.633544921875, 181.46124267578125, 351.13714599609375)",0.984111,-0.008698,"(-0.111346, 0.003942, -4.745116)",LeftFalse_RightFalse,False,"(1.7903685569763184, -0.0243074931204319, 23.194000244140625)","(0.18830235302448273, 354.16326904296875, 359.4285583496094)",0.582381,-0.038328,"(-0.792291, -0.047876, 9.029960)",LeftFalse_RightFalse
11.368896,0.019104,"(-2.0769472122192383, 1.120949625968933, 5.19989538192749)","(353.9048767089844, 179.45497131347656, 356.6973571777344)","(-2.1274313926696777, 1.1138722896575928, 5.20261812210083)","(7.290689945220947, 238.1737823486328, 354.8349304199219)","(-2.192934513092041, -0.14341603219509125, 5.365910530090332)","(359.6558837890625, 181.44451904296875, 351.07977294921875)",0.984112,-0.008698,"(-0.112241, 0.008106, -4.864567)",LeftFalse_RightFalse,False,"(1.7437574863433838, -0.027140656486153603, 23.695255279541016)","(0.24125508964061737, 353.7018127441406, 359.45458984375)",0.58411,-0.019996,"(-0.899013, -0.057229, 9.036094)",LeftFalse_RightFalse
11.409058,0.019398,"(-2.0816032886505127, 1.1210492849349976, 5.00252103805542)","(354.0220031738281, 179.37147521972656, 356.74237060546875)","(-2.1325581073760986, 1.1142578125, 5.0055341720581055)","(7.334987163543701, 238.15953063964844, 354.8293762207031)","(-2.1972103118896484, -0.14302317798137665, 5.169220924377441)","(359.6755676269531, 181.43121337890625, 351.0397033691406)",0.984113,-0.008698,"(-0.112869, 0.009820, -4.943854)",LeftFalse_RightFalse,False,"(1.7071020603179932, -0.02954099327325821, 24.058387756347656)","(0.2713625133037567, 353.4112548828125, 359.4771423339844)",0.57409,0.01096,"(-0.939058, -0.062909, 9.044720)",LeftFalse_RightFalse
11.466187,0.019126,"(-2.088378667831421, 1.1214916706085205, 4.716763019561768)","(354.1929016113281, 179.31105041503906, 356.8073425292969)","(-2.139845609664917, 1.1148958206176758, 4.720214366912842)","(7.397481918334961, 238.13833618164062, 354.82452392578125)","(-2.203336238861084, -0.14236459136009216, 4.884512424468994)","(359.7058410644531, 181.4109649658203, 350.9848327636719)",0.984114,-0.008698,"(-0.113768, 0.013313, -5.065516)",LeftFalse_RightFalse,False,"(1.6536765098571777, -0.033170439302921295, 24.57474708557129)","(0.3015820384025574, 353.1521301269531, 359.5292053222656)",0.57271,0.045091,"(-0.932198, -0.063535, 9.061674)",LeftFalse_RightFalse
11.519653,0.018509,"(-2.094860553741455, 1.1221606731414795, 4.442694187164307)","(354.3273010253906, 179.2696990966797, 356.8685302734375)","(-2.1466786861419678, 1.1156270503997803, 4.446507930755615)","(7.454639434814453, 238.11080932617188, 354.820068359375)","(-2.20913028717041, -0.1416134238243103, 4.611356258392334)","(359.7335205078125, 181.38424682617188, 350.9346008300781)",0.984114,-0.008728,"(-0.114287, 0.012993, -5.149801)",LeftFalse_RightFalse,False,"(1.6042200326919556, -0.03667785972356796, 25.059885025024414)","(0.3218173682689667, 353.13446044921875, 359.6004943847656)",0.576573,0.043153,"(-0.932492, -0.067659, 9.073227)",LeftFalse_RightFalse
11.561157,0.019307,"(-2.0423152446746826, 1.156457781791687, 4.253285884857178)","(352.80712890625, 178.9241180419922, 0.7372391223907471)","(-2.094719409942627, 1.1531792879104614, 4.257417678833008)","(3.4493629932403564, 238.2611083984375, 355.32733154296875)","(-2.237396717071533, -0.1017920970916748, 4.385553359985352)","(357.96160888671875, 181.41329956054688, 354.56280517578125)",0.984114,-0.009125,"(-0.048547, 0.467541, -5.210162)",LeftFalse_RightFalse,False,"(1.5657249689102173, -0.039491377770900726, 25.436201095581055)","(0.34113600850105286, 353.21441650390625, 359.6519470214844)",0.565208,0.049905,"(-0.937982, -0.068060, 9.084909)",LeftFalse_RightFalse
11.619263,0.019476,"(-2.033139944076538, 1.1734343767166138, 3.958404302597046)","(352.2709045410156, 178.72808837890625, 1.549100637435913)","(-2.086353302001953, 1.171061396598816, 3.9628546237945557)","(2.5502676963806152, 238.17379760742188, 355.13018798828125)","(-2.2436602115631104, -0.08353433758020401, 4.076752662658691)","(357.30517578125, 181.30966186523438, 355.2085266113281)",0.984115,-0.010529,"(-0.037294, 0.242691, -5.257239)",LeftFalse_RightFalse,False,"(1.5119343996047974, -0.04371129721403122, 25.965538024902344)","(0.3616630434989929, 353.4356689453125, 359.7198181152344)",0.571918,0.284294,"(-0.926628, -0.075465, 9.101320)",LeftFalse_RightFalse
11.660889,0.01998,"(-2.0312039852142334, 1.1803404092788696, 3.7422025203704834)","(352.1474304199219, 178.51686096191406, 1.903634786605835)","(-2.084878921508789, 1.1783440113067627, 3.7467806339263916)","(2.27197003364563, 238.097412109375, 355.03607177734375)","(-2.24641489982605, -0.07617280632257462, 3.855511426925659)","(357.0743103027344, 181.22830200195312, 355.390380859375)",0.984115,-0.012512,"(-0.040775, 0.149634, -5.298163)",LeftFalse_RightFalse,False,"(1.4786715507507324, -0.046880289912223816, 26.344144821166992)","(0.36904260516166687, 353.84979248046875, 359.81085205078125)",0.710042,0.094849,"(-0.800911, -0.076414, 9.099576)",LeftFalse_RightFalse
11.716064,0.019148,"(-2.031364917755127, 1.1851214170455933, 3.4498538970947266)","(352.1319274902344, 178.2283477783203, 2.1705918312072754)","(-2.0855958461761475, 1.1833338737487793, 3.454765558242798)","(2.1274330615997314, 237.95059204101562, 354.9700927734375)","(-2.249321460723877, -0.07118167728185654, 3.5601863861083984)","(356.9400939941406, 181.07957458496094, 355.47552490234375)",0.984115,-0.016174,"(-0.044887, 0.057867, -5.376175)",LeftFalse_RightFalse,False,"(1.436816692352295, -0.05104770511388779, 26.847026824951172)","(0.3624955117702484, 354.5058898925781, 359.9028015136719)",0.541929,0.118611,"(-0.738734, -0.074349, 9.129550)",LeftFalse_RightFalse
11.757324,0.019648,"(-2.0319859981536865, 1.186585783958435, 3.2278103828430176)","(352.1848449707031, 178.00054931640625, 2.3183257579803467)","(-2.086862087249756, 1.1848454475402832, 3.232689142227173)","(2.0970041751861572, 237.81204223632812, 354.95037841796875)","(-2.2511751651763916, -0.06968645751476288, 3.336996078491211)","(356.906982421875, 180.94094848632812, 355.4902648925781)",0.984115,-0.019959,"(-0.042607, 0.023121, -5.439499)",LeftFalse_RightFalse,False,"(1.408393383026123, -0.054029740393161774, 27.223522186279297)","(0.35172224044799805, 355.07720947265625, 359.9693298339844)",0.602046,0.127768,"(-0.670235, -0.071301, 9.138933)",LeftFalse_RightFalse
11.813599,0.019221,"(-2.033175468444824, 1.1867790222167969, 2.9189226627349854)","(352.3042297363281, 177.70358276367188, 2.515831232070923)","(-2.0886847972869873, 1.1852214336395264, 2.923830032348633)","(2.1131112575531006, 237.5875701904297, 354.9451904296875)","(-2.2530460357666016, -0.06934982538223267, 3.027585983276367)","(356.91143798828125, 180.7175750732422, 355.4739074707031)",0.984115,-0.025696,"(-0.029451, -0.005130, -5.545124)",LeftFalse_RightFalse,False,"(1.3746874332427979, -0.057968832552433014, 27.739013671875)","(0.3347151577472687, 355.95709228515625, 0.05734382942318916)",0.577132,0.121015,"(-0.556580, -0.070227, 9.160942)",LeftFalse_RightFalse
11.871094,0.019205,"(-2.0334043502807617, 1.18584406375885, 2.5970652103424072)","(352.43157958984375, 177.4414825439453, 2.6637420654296875)","(-2.089743137359619, 1.1846076250076294, 2.601907730102539)","(2.159745931625366, 237.31991577148438, 354.9510498046875)","(-2.253797769546509, -0.07001283019781113, 2.7055537700653076)","(356.9418640136719, 180.45159912109375, 355.4380187988281)",0.984115,-0.030579,"(-0.005626, -0.016460, -5.657292)",LeftFalse_RightFalse,False,"(1.3466728925704956, -0.06197988986968994, 28.267009735107422)","(0.307986319065094, 356.9234619140625, 0.14020852744579315)",0.58709,0.120557,"(-0.427797, -0.068385, 9.178805)",LeftFalse_RightFalse
11.928467,0.019128,"(-2.0324108600616455, 1.18472421169281, 2.2704012393951416)","(352.5639953613281, 177.2173614501953, 2.8216423988342285)","(-2.089306116104126, 1.183631181716919, 2.2749781608581543)","(2.2142558097839355, 237.01771545410156, 354.959228515625)","(-2.2530016899108887, -0.07104172557592392, 2.378556489944458)","(356.9784851074219, 180.15127563476562, 355.39678955078125)",0.984115,-0.031921,"(0.024992, -0.019065, -5.774726)",LeftFalse_RightFalse,False,"(1.3260315656661987, -0.06578153371810913, 28.79404067993164)","(0.26762211322784424, 357.9248962402344, 0.21037691831588745)",0.582618,0.120987,"(-0.290757, -0.059913, 9.196316)",LeftFalse_RightFalse
11.986328,0.019264,"(-2.02895450592041, 1.1837294101715088, 1.9337506294250488)","(352.7018737792969, 176.9628448486328, 2.9698750972747803)","(-2.0869622230529785, 1.1826250553131104, 1.9380378723144531)","(2.266667366027832, 236.6609344482422, 354.9621887207031)","(-2.2503767013549805, -0.07211223989725113, 2.0412793159484863)","(357.0096130371094, 179.79660034179688, 355.35443115234375)",0.984115,-0.029907,"(0.058413, -0.017679, -5.895612)",LeftFalse_RightFalse,False,"(1.3132221698760986, -0.06893007457256317, 29.326509475708008)","(0.20591922104358673, 358.9511413574219, 0.2719910740852356)",0.595488,0.138031,"(-0.133715, -0.048015, 9.208008)",LeftFalse_RightFalse
12.041138,0.018866,"(-1.9961528778076172, 1.1924610137939453, 1.597779631614685)","(353.5817565917969, 176.66429138183594, 4.742586612701416)","(-2.0550239086151123, 1.1930994987487793, 1.6023365259170532)","(1.2895431518554688, 236.5023193359375, 356.5116271972656)","(-2.255282402038574, -0.054878272116184235, 1.7214031219482422)","(357.77423095703125, 179.5141143798828, 357.02008056640625)",0.984115,-0.024933,"(0.170606, 0.829166, -5.953874)",LeftFalse_RightFalse,False,"(1.3097620010375977, -0.07141268253326416, 29.83226203918457)","(0.1444704532623291, 359.9613037109375, 0.33220696449279785)",0.605152,0.1246,"(-0.011022, -0.042786, 9.214316)",LeftFalse_RightFalse
12.094238,0.018277,"(-1.9522583484649658, 1.2095712423324585, 1.2585058212280273)","(354.9717102050781, 176.58016967773438, 6.8375959396362305)","(-2.0119216442108154, 1.2123790979385376, 1.2629753351211548)","(0.2715463936328888, 236.49447631835938, 358.6048889160156)","(-2.2557380199432373, -0.02510768547654152, 1.4075748920440674)","(358.9764404296875, 179.42123413085938, 359.0138244628906)",0.984115,-0.018768,"(0.239007, 0.437094, -6.092075)",LeftFalse_RightFalse,False,"(1.3150484561920166, -0.07344752550125122, 30.321929931640625)","(0.08261832594871521, 0.9555799961090088, 0.3741111159324646)",0.588519,0.113987,"(0.164636, -0.035309, 9.224618)",LeftFalse_RightFalse
12.148926,0.01821,"(-1.9252471923828125, 1.2203700542449951, 0.913353681564331)","(355.8179931640625, 176.5662841796875, 7.744414329528809)","(-1.9856725931167603, 1.2243162393569946, 0.918205976486206)","(359.939453125, 236.44451904296875, 359.6590576171875)","(-2.248140335083008, -0.0075303236953914165, 1.077560305595398)","(359.680908203125, 179.3593292236328, 359.8655700683594)",0.984115,-0.012146,"(0.223297, 0.218470, -6.144585)",LeftFalse_RightFalse,False,"(1.32806396484375, -0.07517567276954651, 30.826778411865234)","(0.01170810405164957, 1.9535386562347412, 0.3950319290161133)",0.589978,0.093781,"(0.311044, -0.020314, 9.232252)",LeftFalse_RightFalse
12.205933,0.018625,"(-1.9075924158096313, 1.2261220216751099, 0.5552931427955627)","(356.3520202636719, 176.53488159179688, 8.11137866973877)","(-1.9684536457061768, 1.230872392654419, 0.5603287816047668)","(359.86126708984375, 236.38809204101562, 0.1496894210577011)","(-2.238307237625122, 0.0016299907583743334, 0.7272744178771973)","(0.05028059706091881, 179.30299377441406, 0.19779478013515472)",0.984115,-0.005981,"(0.185158, 0.090245, -6.228853)",LeftFalse_RightFalse,False,"(1.3499436378479004, -0.07601409405469894, 31.354202270507812)","(359.9147644042969, 2.9667305946350098, 0.4024885892868042)",0.63426,0.101036,"(0.489111, -0.008332, 9.228414)",LeftFalse_RightFalse
12.263428,0.018782,"(-1.8956964015960693, 1.2284421920776367, 0.19260987639427185)","(356.67950439453125, 176.5210723876953, 8.224270820617676)","(-1.956986665725708, 1.2335349321365356, 0.19801555573940277)","(359.8584289550781, 236.3436737060547, 0.32130470871925354)","(-2.2290587425231934, 0.0051683709025382996, 0.367783784866333)","(0.1928064078092575, 179.25917053222656, 0.29343000054359436)",0.984115,-0.000397,"(0.148148, 0.020225, -6.344666)",LeftFalse_RightFalse,False,"(1.3821355104446411, -0.07608156651258469, 31.885164260864258)","(359.8179626464844, 4.0158586502075195, 0.41854146122932434)",0.631887,0.6514,"(0.772312, 0.007840, 9.177831)",LeftFalse_RightFalse
12.317261,0.018366,"(-1.888204574584961, 1.2283568382263184, -0.15134675800800323)","(356.82928466796875, 176.51910400390625, 8.2361478805542)","(-1.949455738067627, 1.2339036464691162, -0.1454220563173294)","(359.8645324707031, 236.3194580078125, 0.33446821570396423)","(-2.221647262573242, 0.005590188317000866, 0.024538813158869743)","(0.2071715146303177, 179.2350311279297, 0.2954624891281128)",0.984115,0.00531,"(0.126464, -0.005612, -6.428924)",LeftFalse_RightFalse,False,"(1.4307152032852173, -0.07546348124742508, 32.376304626464844)","(359.7526550292969, 5.414823532104492, 0.5209231376647949)",0.995717,0.915609,"(1.031543, 0.014678, 9.063211)",LeftFalse_RightFalse
12.376953,0.019172,"(-1.882239580154419, 1.227200984954834, -0.539103090763092)","(356.9385986328125, 176.5691680908203, 8.187795639038086)","(-1.943333625793457, 1.2331160306930542, -0.5327550172805786)","(359.8655700683594, 236.32025146484375, 0.27748602628707886)","(-2.214827537536621, 0.00451003247871995, -0.3637956976890564)","(0.1598873734474182, 179.23556518554688, 0.2636473774909973)",0.984115,0.012695,"(0.100053, -0.024933, -6.554882)",LeftFalse_RightFalse,False,"(1.5072240829467773, -0.07424093782901764, 32.911067962646484)","(359.6910095214844, 7.515188694000244, 0.6533383131027222)",1.0,1.0,"(1.443226, 0.027448, 8.869963)",LeftFalse_RightFalse
12.434814,0.019231,"(-1.8780115842819214, 1.225773811340332, -0.9220491647720337)","(357.0200500488281, 176.67066955566406, 8.100542068481445)","(-1.9390252828598022, 1.2318432331085205, -0.9154455065727234)","(359.86004638671875, 236.35647583007812, 0.19759789109230042)","(-2.209562301635742, 0.002845148788765073, -0.747807502746582)","(0.08982213586568832, 179.27151489257812, 0.22487296164035797)",0.984115,0.019897,"(0.076300, -0.030402, -6.680187)",LeftFalse_RightFalse,False,"(1.6051582098007202, -0.07205706834793091, 33.417518615722656)","(359.6167297363281, 10.038796424865723, 0.7889203429222107)",1.0,-1.0,"(1.860168, 0.041920, 8.641733)",LeftFalse_RightFalse
12.475464,0.019569,"(-1.875840425491333, 1.224765419960022, -1.1947624683380127)","(357.0469665527344, 176.75985717773438, 8.049114227294922)","(-1.9368187189102173, 1.2308839559555054, -1.1880160570144653)","(359.8536071777344, 236.40599060058594, 0.14114518463611603)","(-2.206655979156494, 0.001616183784790337, -1.0212301015853882)","(0.03893769904971123, 179.3208465576172, 0.19959445297718048)",0.988083,0.023895,"(0.060853, -0.029872, -6.763305)",LeftFalse_RightFalse,False,"(1.678253173828125, -0.07183675467967987, 33.766483306884766)","(359.6435546875, 11.640426635742188, 0.6038097143173218)",1.0,-1.0,"(1.830231, -0.024580, 8.539539)",LeftFalse_RightFalse
12.534058,0.019585,"(-1.8741075992584229, 1.2234379053115845, -1.5947400331497192)","(357.05230712890625, 176.9225311279297, 7.931959629058838)","(-1.9347456693649292, 1.2295827865600586, -1.5876013040542603)","(359.8428039550781, 236.512939453125, 0.06822728365659714)","(-2.203601598739624, -2.5779234420042485e-05, -1.4217455387115479)","(359.97186279296875, 179.4276123046875, 0.16903583705425262)",0.988083,0.026733,"(0.038654, -0.026063, -6.888049)",LeftFalse_RightFalse,False,"(1.7813019752502441, -0.07611821591854095, 34.25796890258789)","(359.94732666015625, 13.065201759338379, 359.8058776855469)",1.0,-1.0,"(1.848010, -0.113925, 8.286279)",LeftFalse_RightFalse
12.59082,0.019265,"(-1.8735262155532837, 1.222363829612732, -1.9896259307861328)","(357.01214599609375, 177.06845092773438, 7.772691249847412)","(-1.9338788986206055, 1.228510856628418, -1.9821324348449707)","(359.8330383300781, 236.64918518066406, 0.010422351770102978)","(-2.201833486557007, -0.0013636036310344934, -1.8167903423309326)","(359.91802978515625, 179.563720703125, 0.1458369493484497)",0.988083,0.026855,"(0.018690, -0.020925, -7.012146)",LeftFalse_RightFalse,False,"(1.8768820762634277, -0.08441789448261261, 34.720306396484375)","(0.4579012095928192, 13.533956527709961, 358.6550598144531)",1.0,-1.0,"(1.757437, -0.160965, 8.038110)",LeftFalse_RightFalse
12.64624,0.018975,"(-1.8740050792694092, 1.2215341329574585, -2.3816514015197754)","(356.968017578125, 177.2118682861328, 7.639122486114502)","(-1.9340064525604248, 1.2276742458343506, -2.373760461807251)","(359.8254089355469, 236.80226135253906, 359.96630859375)","(-2.201137065887451, -0.0024020038545131683, -2.208585500717163)","(359.8768615722656, 179.71670532226562, 0.12826579809188843)",0.999985,0.026062,"(-0.000219, -0.015872, -7.136782)",LeftFalse_RightFalse,False,"(1.9518218040466309, -0.09003322571516037, 35.162418365478516)","(0.8540202975273132, 12.933725357055664, 357.5411682128906)",-1.0,-1.0,"(1.243047, -0.054710, 7.916742)",LeftFalse_RightFalse
12.702637,0.018828,"(-1.8755369186401367, 1.220894694328308, -2.7872531414031982)","(357.0404052734375, 177.3555145263672, 7.442110061645508)","(-1.9350824356079102, 1.2270243167877197, -2.7788937091827393)","(359.81964111328125, 236.96966552734375, 359.9324645996094)","(-2.201437473297119, -0.0032062719110399485, -2.613616466522217)","(359.8453063964844, 179.884033203125, 0.11471852660179138)",0.999985,0.025085,"(-0.012551, -0.012886, -7.220246)",LeftFalse_RightFalse,False,"(2.010422706604004, -0.09183155745267868, 35.59831619262695)","(1.0934245586395264, 11.309808731079102, 356.6274108886719)",-1.0,-1.0,"(1.048701, -0.023210, 7.582177)",LeftFalse_RightFalse
12.743286,0.019346,"(-1.8772929906845093, 1.2205437421798706, -3.084204912185669)","(357.09808349609375, 177.47479248046875, 7.320836067199707)","(-1.936453104019165, 1.2266658544540405, -3.0754735469818115)","(359.81658935546875, 237.09371948242188, 359.9139709472656)","(-2.202288866043091, -0.003649248741567135, -2.90998911857605)","(359.828125, 180.00804138183594, 0.10721582919359207)",0.999985,0.024658,"(-0.031649, -0.009145, -7.344731)",LeftFalse_RightFalse,False,"(2.043330430984497, -0.09194637835025787, 35.89548110961914)","(1.2400810718536377, 9.73959732055664, 356.0848693847656)",-1.0,-1.0,"(0.756714, 0.030153, 7.025239)",LeftFalse_RightFalse
12.801025,0.019344,"(-1.8808702230453491, 1.2199647426605225, -3.511988639831543)","(357.1788024902344, 177.68093872070312, 7.131228923797607)","(-1.9392995834350586, 1.2262828350067139, -3.5026156902313232)","(359.81329345703125, 237.2721710205078, 359.8946838378906)","(-2.2044546604156494, -0.004119751043617725, -3.336690902709961)","(359.8101501464844, 180.18646240234375, 0.09951571375131607)",0.999985,0.024536,"(-0.045188, -0.007152, -7.427229)",LeftFalse_RightFalse,False,"(2.0802597999572754, -0.08995598554611206, 36.28763961791992)","(1.3134230375289917, 7.526844024658203, 355.6649475097656)",-1.0,-1.0,"(0.618744, 0.004512, 6.595423)",LeftFalse_RightFalse
12.858765,0.019225,"(-1.8855202198028564, 1.2193212509155273, -3.946197748184204)","(357.23931884765625, 177.93728637695312, 6.983556747436523)","(-1.9432897567749023, 1.2260137796401978, -3.936234712600708)","(359.81060791015625, 237.45242309570312, 359.8819580078125)","(-2.207822799682617, -0.004445560276508331, -3.76973819732666)","(359.7980041503906, 180.36669921875, 0.0948367789387703)",0.999985,0.024536,"(-0.067195, -0.004843, -7.550202)",LeftFalse_RightFalse,False,"(2.1042163372039795, -0.09212595224380493, 36.646156311035156)","(1.0459603071212769, 5.406580448150635, 355.0361633300781)",-1.0,-1.0,"(0.398244, -0.058916, 5.951340)",LeftFalse_RightFalse
12.914551,0.018868,"(-1.8910164833068848, 1.2189468145370483, -4.37187385559082)","(357.2900390625, 178.1959991455078, 6.8763041496276855)","(-1.948332667350769, 1.225831151008606, -4.361681938171387)","(359.8083190917969, 237.62876892089844, 359.87420654296875)","(-2.2123050689697266, -0.004660974722355604, -4.1945390701293945)","(359.79022216796875, 180.5430145263672, 0.09257002919912338)",0.999985,0.024536,"(-0.090884, -0.003213, -7.672238)",LeftFalse_RightFalse,False,"(2.115703582763672, -0.09561479091644287, 36.95851135253906)","(0.6599948406219482, 3.652411699295044, 354.4521484375)",-1.0,-1.0,"(0.167038, -0.070319, 5.288402)",LeftFalse_RightFalse
12.976563,0.019856,"(-1.8986320495605469, 1.2114847898483276, -4.857504844665527)","(357.5946044921875, 178.45567321777344, 6.726232528686523)","(-1.9554961919784546, 1.2185288667678833, -4.847383499145508)","(359.9548034667969, 237.8284912109375, 0.10040144622325897)","(-2.218806266784668, -0.011175661347806454, -4.673534393310547)","(0.05972820892930031, 180.74319458007812, 0.09249498695135117)",0.999985,0.024323,"(-0.117433, -0.173225, -7.802629)",LeftFalse_RightFalse,False,"(2.1163668632507324, -0.09940750151872635, 37.266151428222656)","(0.21277014911174774, 2.067058801651001, 353.9327087402344)",-1.0,-1.0,"(-0.019388, -0.060300, 4.630592)",LeftFalse_RightFalse
13.033936,0.01952,"(-1.9070625305175781, 1.202453374862671, -5.3151535987854)","(357.9226379394531, 178.6669158935547, 6.5838189125061035)","(-1.963698148727417, 1.2096071243286133, -5.304997444152832)","(0.13327951729297638, 238.01910400390625, 0.3804742991924286)","(-2.2263636589050293, -0.019078044220805168, -5.123149871826172)","(0.39182335138320923, 180.93359375, 0.0948600172996521)",0.999985,0.021667,"(-0.143831, -0.112732, -7.923007)",LeftFalse_RightFalse,False,"(2.1085331439971924, -0.1021166443824768, 37.513912200927734)","(359.8381652832031, 0.8801623582839966, 353.6023864746094)",-1.0,-1.0,"(-0.174155, -0.042892, 4.008183)",LeftFalse_RightFalse
13.094116,0.019827,"(-1.9202340841293335, 1.1947977542877197, -5.799044609069824)","(358.1766357421875, 178.87364196777344, 6.304589748382568)","(-1.9767470359802246, 1.201849341392517, -5.788771629333496)","(0.4651707410812378, 238.24237060546875, 0.5527642965316772)","(-2.234598159790039, -0.026660079136490822, -5.599018573760986)","(0.7167971134185791, 181.1541748046875, 359.90985107421875)",0.999985,0.013916,"(-0.171508, -0.169842, -7.946448)",LeftFalse_RightFalse,False,"(2.092067241668701, -0.10352972149848938, 37.73632049560547)","(359.5282287597656, 359.77349853515625, 353.3403625488281)",-1.0,-1.0,"(-0.312793, -0.016465, 3.386719)",LeftFalse_RightFalse
13.151489,0.019429,"(-1.9429173469543457, 1.184400200843811, -6.261744022369385)","(358.6288146972656, 178.9313201904297, 5.5444231033325195)","(-1.9994261264801025, 1.1908563375473022, -6.251366138458252)","(1.3606294393539429, 238.44580078125, 0.6378328204154968)","(-2.2411913871765137, -0.03892635554075241, -6.049097061157227)","(1.2746728658676147, 181.34397888183594, 359.20416259765625)",0.999985,0.004059,"(-0.211479, -0.256901, -7.846598)",LeftFalse_RightFalse,False,"(2.0698585510253906, -0.10388503223657608, 37.9135627746582)","(359.30047607421875, 358.74560546875, 353.1644592285156)",-1.0,-1.0,"(-0.419980, -0.003959, 2.765821)",LeftFalse_RightFalse
13.209351,0.01941,"(-1.9717540740966797, 1.1710047721862793, -6.724843502044678)","(359.3055419921875, 178.820556640625, 4.445303440093994)","(-2.0283148288726807, 1.176613211631775, -6.714419841766357)","(2.5727100372314453, 238.586181640625, 0.7116249203681946)","(-2.248202085494995, -0.054627686738967896, -6.496648788452148)","(1.9946931600570679, 181.45394897460938, 358.2259216308594)",0.999985,-0.00592,"(-0.232402, -0.243447, -7.821830)",LeftFalse_RightFalse,False,"(2.0419106483459473, -0.10386607050895691, 38.057193756103516)","(359.1351013183594, 357.6513671875, 353.0264587402344)",-1.0,-1.0,"(-0.520445, -0.000001, 2.146183)",LeftFalse_RightFalse
13.250122,0.019698,"(-1.9893382787704468, 1.1633565425872803, -7.050705432891846)","(359.7030334472656, 178.71717834472656, 3.867985725402832)","(-2.0459256172180176, 1.1685383319854736, -7.040271282196045)","(3.1911847591400146, 238.64096069335938, 0.7601456046104431)","(-2.254804849624634, -0.06317692995071411, -6.814492225646973)","(2.370953321456909, 181.48745727539062, 357.7322998046875)",0.999985,-0.011963,"(-0.241773, -0.178067, -7.893824)",LeftFalse_RightFalse,False,"(2.022440195083618, -0.09823848307132721, 38.13900375366211)","(358.7963562011719, 356.8341064453125, 353.5106506347656)",-1.0,-1.0,"(-0.632441, 0.389196, 1.715646)",LeftFalse_RightFalse
13.309448,0.019761,"(-2.0109753608703613, 1.1545720100402832, -7.526363849639893)","(0.04371519386768341, 178.56454467773438, 3.320059061050415)","(-2.0675883293151855, 1.159339189529419, -7.515925884246826)","(3.7420408725738525, 238.67446899414062, 0.7533491849899292)","(-2.2661397457122803, -0.072939932346344, -7.283989906311035)","(2.6639530658721924, 181.50086975097656, 357.2653503417969)",0.999985,-0.017578,"(-0.234673, -0.312598, -7.987026)",LeftFalse_RightFalse,False,"(1.993506908416748, -0.07722374051809311, 38.237640380859375)","(357.7883605957031, 355.5623779296875, 355.0570068359375)",-1.0,-1.0,"(-0.658486, 0.186135, 1.357452)",LeftFalse_RightFalse
13.349976,0.019965,"(-2.023505210876465, 1.1448549032211304, -7.849164009094238)","(359.9197082519531, 178.50331115722656, 3.1049695014953613)","(-2.0801315307617188, 1.149392008781433, -7.838716983795166)","(3.8394317626953125, 238.65780639648438, 0.516163170337677)","(-2.2742483615875244, -0.08420287817716599, -7.610044479370117)","(2.517883777618408, 181.4904022216797, 357.05499267578125)",0.999985,-0.018738,"(-0.225364, -0.234991, -8.047973)",LeftFalse_RightFalse,False,"(1.9683527946472168, -0.07101596891880035, 38.28977584838867)","(357.4766540527344, 354.670166015625, 355.328857421875)",-1.0,-1.0,"(-0.636738, 0.115509, 1.098325)",LeftFalse_RightFalse
13.406128,0.019294,"(-2.0385935306549072, 1.1353728771209717, -8.299842834472656)","(359.7541198730469, 178.4756317138672, 2.926941156387329)","(-2.0955328941345215, 1.1396527290344238, -8.289584159851074)","(3.921259880065918, 238.62112426757812, 0.2573258876800537)","(-2.285325050354004, -0.09533055126667023, -8.06480884552002)","(2.3452746868133545, 181.4623565673828, 356.84600830078125)",0.999985,-0.018188,"(-0.211558, -0.154996, -8.133780)",LeftFalse_RightFalse,False,"(1.9357479810714722, -0.0662769004702568, 38.34419250488281)","(357.2158203125, 353.55255126953125, 355.5310363769531)",-0.917232,-1.0,"(-0.520511, 0.051730, 0.749810)",LeftFalse_RightFalse
13.464478,0.019461,"(-2.0550591945648193, 1.128004789352417, -8.772801399230957)","(359.4873046875, 178.4673309326172, 2.688823699951172)","(-2.1123099327087402, 1.1319177150726318, -8.762724876403809)","(4.063130855560303, 238.57363891601562, 359.90411376953125)","(-2.295618772506714, -0.10493765771389008, -8.542917251586914)","(2.1262073516845703, 181.42735290527344, 356.53546142578125)",0.999985,-0.015564,"(-0.207447, -0.253178, -8.221503)",LeftFalse_RightFalse,False,"(1.9097543954849243, -0.06401824951171875, 38.38150405883789)","(357.08563232421875, 352.67999267578125, 355.685302734375)",-0.616685,-1.0,"(-0.339471, 0.020552, 0.437661)",LeftFalse_RightFalse
13.505249,0.019814,"(-2.0727577209472656, 1.1212410926818848, -9.102216720581055)","(359.0519714355469, 178.4802703857422, 2.1697351932525635)","(-2.130161762237549, 1.124483585357666, -9.09220027923584)","(4.3774733543396, 238.5151824951172, 359.2754211425781)","(-2.3006479740142822, -0.11560625582933426, -8.88044548034668)","(1.7701618671417236, 181.39459228515625, 355.93084716796875)",0.999985,-0.013947,"(-0.226752, -0.269357, -8.287933)",LeftFalse_RightFalse,False,"(1.8980356454849243, -0.06339657306671143, 38.396976470947266)","(357.0432434082031, 352.2923278808594, 355.77764892578125)",-0.344709,-1.0,"(-0.206677, 0.006982, 0.254272)",LeftFalse_RightFalse
13.54541,0.019965,"(-2.090040683746338, 1.114336371421814, -9.430739402770996)","(358.5789489746094, 178.41299438476562, 1.6662532091140747)","(-2.147547721862793, 1.1169798374176025, -9.420772552490234)","(4.627039909362793, 238.44338989257812, 358.67608642578125)","(-2.3067448139190674, -0.1259937435388565, -9.21729850769043)","(1.4040125608444214, 181.35504150390625, 355.3965759277344)",0.999985,-0.012756,"(-0.237367, -0.246491, -8.356256)",LeftFalse_RightFalse,False,"(1.892176866531372, -0.0633244663476944, 38.40324783325195)","(357.02471923828125, 352.060302734375, 355.8554992675781)",0.237438,-1.0,"(-0.009219, -0.004689, -0.000489)",LeftFalse_RightFalse
13.604614,0.019872,"(-2.1140594482421875, 1.1055221557617188, -9.919968605041504)","(357.9905090332031, 178.2875213623047, 1.024509072303772)","(-2.171661138534546, 1.1074278354644775, -9.91006851196289)","(4.923458099365234, 238.33218383789062, 357.9241943359375)","(-2.3170104026794434, -0.13893012702465057, -9.71721076965332)","(0.9363015294075012, 181.2930450439453, 354.74029541015625)",0.999985,-0.01236,"(-0.240264, -0.189293, -8.457302)",LeftFalse_RightFalse,False,"(1.8914093971252441, -0.0637144222855568, 38.4038200378418)","(356.9872741699219, 352.0341796875, 355.91168212890625)",-0.59508,-1.0,"(-0.018601, -0.008440, 0.011105)",LeftFalse_RightFalse
13.644897,0.019935,"(-2.1291565895080566, 1.1006810665130615, -10.256240844726562)","(357.67193603515625, 178.20162963867188, 0.6468978524208069)","(-2.1867990493774414, 1.1021761894226074, -10.24638557434082)","(5.091744899749756, 238.25897216796875, 357.5085754394531)","(-2.3244175910949707, -0.1459471881389618, -10.05936050415039)","(0.6805819869041443, 181.25096130371094, 354.37371826171875)",0.999985,-0.01236,"(-0.234884, -0.157097, -8.524569)",LeftFalse_RightFalse,False,"(1.8910073041915894, -0.06406218558549881, 38.40419006347656)","(356.9508056640625, 352.025146484375, 355.9162902832031)",-0.431678,-1.0,"(-0.001994, -0.009523, -0.002615)",LeftFalse_RightFalse
13.685181,0.020044,"(-2.143085479736328, 1.0966335535049438, -10.597160339355469)","(357.4088439941406, 178.13975524902344, 0.30845192074775696)","(-2.200756311416626, 1.0977882146835327, -10.587347030639648)","(5.232492446899414, 238.19012451171875, 357.1650390625)","(-2.3319621086120605, -0.15173687040805817, -10.405136108398438)","(0.4703124761581421, 181.20994567871094, 354.0693054199219)",0.999985,-0.01236,"(-0.225946, -0.128142, -8.591362)",LeftFalse_RightFalse,False,"(1.8908483982086182, -0.06443138420581818, 38.40431594848633)","(356.9120788574219, 352.0273132324219, 355.9080505371094)",-0.507611,-1.0,"(-0.001745, -0.009491, -0.002484)",LeftFalse_RightFalse
13.741577,0.019392,"(-2.1607816219329834, 1.0921616554260254, -11.079233169555664)","(357.12677001953125, 178.10971069335938, 359.89715576171875)","(-2.2182116508483887, 1.0929718017578125, -11.06991195678711)","(5.389895915985107, 238.10250854492188, 356.7921142578125)","(-2.342390537261963, -0.15801626443862915, -10.892889022827148)","(0.244849294424057, 181.15476989746094, 353.73492431640625)",0.999985,-0.012512,"(-0.215003, -0.102759, -8.657638)",LeftFalse_RightFalse,False,"(1.8905982971191406, -0.06492585688829422, 38.404476165771484)","(356.86083984375, 352.030517578125, 355.8890686035156)",-0.507009,-1.0,"(-0.001555, -0.008902, -0.002268)",LeftFalse_RightFalse
13.799072,0.01922,"(-2.1763858795166016, 1.0888794660568237, -11.578100204467773)","(356.9277038574219, 178.11708068847656, 359.6063232421875)","(-2.2336885929107666, 1.0894293785095215, -11.569072723388672)","(5.5124993324279785, 238.02235412597656, 356.5174865722656)","(-2.3526010513305664, -0.1625971794128418, -11.395814895629883)","(0.08262820541858673, 181.0999755859375, 353.4830017089844)",0.999985,-0.013153,"(-0.196784, -0.071813, -8.755576)",LeftFalse_RightFalse,False,"(1.8903602361679077, -0.06536440551280975, 38.40461349487305)","(356.8162536621094, 352.0334777832031, 355.86895751953125)",-0.502385,-1.0,"(-0.001279, -0.007469, -0.001876)",LeftFalse_RightFalse
13.843384,0.020264,"(-2.1869359016418457, 1.087049126625061, -11.966279029846191)","(356.8129577636719, 178.1494140625, 359.4568786621094)","(-2.244184970855713, 1.0874465703964233, -11.957399368286133)","(5.587701320648193, 237.964599609375, 356.3623352050781)","(-2.3600430488586426, -0.1651521474123001, -11.78622055053711)","(-0.00571707496419549, 181.05712890625, 353.335693359375)",0.999985,-0.014404,"(-0.177856, -0.048341, -8.851977)",LeftFalse_RightFalse,False,"(1.8902004957199097, -0.0656454861164093, 38.404701232910156)","(356.7879638671875, 352.035400390625, 355.8548583984375)",-0.497763,-1.0,"(-0.001012, -0.005822, -0.001484)",LeftFalse_RightFalse
13.885742,0.020625,"(-2.1958935260772705, 1.0857537984848022, -12.340298652648926)","(356.7328796386719, 178.14906311035156, 359.3493957519531)","(-2.2531142234802246, 1.08603835105896, -12.331523895263672)","(5.645824909210205, 237.91079711914062, 356.251708984375)","(-2.3667449951171875, -0.1669619381427765, -12.161796569824219)","(359.93377685546875, 181.01422119140625, 353.22686767578125)",0.999985,-0.016388,"(-0.164870, -0.036805, -8.915482)",LeftFalse_RightFalse,False,"(1.8900694847106934, -0.06586527079343796, 38.40476608276367)","(356.76580810546875, 352.0369873046875, 355.8429260253906)",-0.499589,-1.0,"(-0.000850, -0.004775, -0.001249)",LeftFalse_RightFalse
13.930176,0.021238,"(-2.2042250633239746, 1.0847456455230713, -12.736760139465332)","(356.6312255859375, 178.07225036621094, 359.2625732421875)","(-2.261430501937866, 1.0849387645721436, -12.72807502746582)","(5.695018768310547, 237.85226440429688, 356.1654357910156)","(-2.3732995986938477, -0.16837078332901, -12.559464454650879)","(359.8887634277344, 180.96434020996094, 353.1387939453125)",0.999985,-0.019592,"(-0.150679, -0.027819, -8.978380)",LeftFalse_RightFalse,False,"(1.8899524211883545, -0.06604966521263123, 38.404815673828125)","(356.7470397949219, 352.03839111328125, 355.8319396972656)",-0.49879,-1.0,"(-0.000706, -0.003828, -0.001041)",LeftFalse_RightFalse
13.989258,0.020458,"(-2.2131638526916504, 1.083879828453064, -13.268098831176758)","(356.5491638183594, 177.87225341796875, 359.17919921875)","(-2.2708120346069336, 1.0839296579360962, -13.259806632995605)","(5.746258735656738, 237.76214599609375, 356.0845947265625)","(-2.381035804748535, -0.16966645419597626, -13.092247009277344)","(359.8493957519531, 180.8824920654297, 353.0519104003906)",0.999985,-0.024384,"(-0.126186, -0.017667, -9.071631)",LeftFalse_RightFalse,False,"(1.8898249864578247, -0.06623122096061707, 38.404869079589844)","(356.72808837890625, 352.03985595703125, 355.81951904296875)",-0.49741,-1.0,"(-0.000526, -0.002646, -0.000785)",LeftFalse_RightFalse
14.031494,0.020633,"(-2.2184972763061523, 1.083476185798645, -13.6519193649292)","(356.51861572265625, 177.71978759765625, 359.1545104980469)","(-2.2763314247131348, 1.0834553241729736, -13.643830299377441)","(5.775638580322266, 237.682861328125, 356.04302978515625)","(-2.3857474327087402, -0.1702871322631836, -13.476836204528809)","(359.8307800292969, 180.8074951171875, 353.00469970703125)",0.999985,-0.02774,"(-0.108012, -0.013031, -9.132951)",LeftFalse_RightFalse,False,"(1.8897510766983032, -0.06632402539253235, 38.40489196777344)","(356.71795654296875, 352.0406799316406, 355.81201171875)",-0.496962,-1.0,"(-0.000432, -0.002012, -0.000651)",LeftFalse_RightFalse
14.074829,0.020966,"(-2.2229785919189453, 1.0831974744796753, -14.049223899841309)","(356.50421142578125, 177.57086181640625, 359.1542053222656)","(-2.2809369564056396, 1.0831217765808105, -14.041312217712402)","(5.801568031311035, 237.58480834960938, 356.0105285644531)","(-2.389770984649658, -0.17073439061641693, -13.874792098999023)","(359.8179016113281, 180.71286010742188, 352.96533203125)",0.999985,-0.029968,"(-0.088659, -0.009183, -9.193661)",LeftFalse_RightFalse,False,"(1.889686942100525, -0.06639394164085388, 38.404911041259766)","(356.7099304199219, 352.0413818359375, 355.8052978515625)",-0.496743,-1.0,"(-0.000355, -0.001496, -0.000541)",LeftFalse_RightFalse
14.115845,0.020718,"(-2.225922107696533, 1.0830683708190918, -14.426554679870605)","(356.49517822265625, 177.4337615966797, 359.14654541015625)","(-2.2842862606048584, 1.0829133987426758, -14.419004440307617)","(5.822851657867432, 237.4764404296875, 355.9873046875)","(-2.392763614654541, -0.1710236668586731, -14.252862930297852)","(359.8101501464844, 180.60691833496094, 352.93487548828125)",0.999985,-0.030365,"(-0.069104, -0.006525, -9.253891)",LeftFalse_RightFalse,False,"(1.8896359205245972, -0.06644083559513092, 38.40492248535156)","(356.7041015625, 352.04193115234375, 355.7998352050781)",-0.496386,-1.0,"(-0.000294, -0.001079, -0.000453)",LeftFalse_RightFalse
14.157471,0.02074,"(-2.2280993461608887, 1.0829812288284302, -14.812836647033691)","(356.4654235839844, 177.37747192382812, 359.189208984375)","(-2.2867298126220703, 1.0827701091766357, -14.805575370788574)","(5.840857028961182, 237.35328674316406, 355.96954345703125)","(-2.3950183391571045, -0.17122873663902283, -14.639776229858398)","(359.8052062988281, 180.4856719970703, 352.91015625)",0.999985,-0.03009,"(-0.050137, -0.004665, -9.313637)",LeftFalse_RightFalse,False,"(1.889592170715332, -0.06647413969039917, 38.404930114746094)","(356.6995544433594, 352.0423889160156, 355.79498291015625)",-0.496432,-1.0,"(-0.000247, -0.000761, -0.000383)",LeftFalse_RightFalse
14.215942,0.020092,"(-2.2297730445861816, 1.0829174518585205, -15.359082221984863)","(356.44696044921875, 177.3272247314453, 359.27880859375)","(-2.2886271476745605, 1.082654356956482, -15.352142333984375)","(5.860523700714111, 237.16641235351562, 355.95123291015625)","(-2.3968725204467773, -0.1714080572128296, -15.186796188354492)","(359.8006896972656, 180.30075073242188, 352.8836975097656)",0.999985,-0.027374,"(-0.023101, -0.002470, -9.402351)",LeftFalse_RightFalse,False,"(1.8895413875579834, -0.066502645611763, 38.404930114746094)","(356.6949768066406, 352.04290771484375, 355.7892761230469)",-0.496258,-1.0,"(-0.000196, -0.000426, -0.000307)",LeftFalse_RightFalse
14.257202,0.020302,"(-2.2300596237182617, 1.0829102993011475, -15.747746467590332)","(356.4397888183594, 177.29811096191406, 359.3783874511719)","(-2.289010524749756, 1.0826220512390137, -15.740997314453125)","(5.871026992797852, 237.0316619873047, 355.9410095214844)","(-2.397327423095703, -0.17147547006607056, -15.575965881347656)","(359.79791259765625, 180.16709899902344, 352.8693542480469)",0.999985,-0.024384,"(-0.006592, -0.001556, -9.460756)",LeftFalse_RightFalse,False,"(1.8895115852355957, -0.06651384383440018, 38.404930114746094)","(356.69268798828125, 352.0431823730469, 355.785888671875)",-0.496291,-1.0,"(-0.000173, -0.000266, -0.000270)",LeftFalse_RightFalse
14.315308,0.019845,"(-2.229048490524292, 1.082981824874878, -16.29924774169922)","(356.45220947265625, 177.23870849609375, 359.50189208984375)","(-2.288388967514038, 1.0826317071914673, -16.292926788330078)","(5.882792949676514, 236.8497772216797, 355.9300537109375)","(-2.3968801498413086, -0.17150357365608215, -16.1282958984375)","(359.7952575683594, 179.9864044189453, 352.8535461425781)",0.999985,-0.019348,"(0.015428, -0.000174, -9.547416)",LeftFalse_RightFalse,False,"(1.8894764184951782, -0.06652119755744934, 38.404930114746094)","(356.6903991699219, 352.0434875488281, 355.7818908691406)",-0.496327,-1.0,"(-0.000150, -0.000107, -0.000232)",LeftFalse_RightFalse
14.377197,0.020299,"(-2.2267777919769287, 1.0830801725387573, -16.891841888427734)","(356.47747802734375, 177.14263916015625, 359.5918273925781)","(-2.2864558696746826, 1.082679033279419, -16.885906219482422)","(5.8910813331604, 236.67935180664062, 355.9224853515625)","(-2.3951919078826904, -0.17148229479789734, -16.721635818481445)","(359.79345703125, 179.81678771972656, 352.8424987792969)",0.999985,-0.014313,"(0.034344, 0.000451, -9.633058)",LeftFalse_RightFalse,False,"(1.8894457817077637, -0.06652258336544037, 38.40492248535156)","(356.6888122558594, 352.04376220703125, 355.7784729003906)",-0.4964,-1.0,"(-0.000137, -0.000017, -0.000207)",LeftFalse_RightFalse
14.437012,0.020248,"(-2.2237000465393066, 1.0831799507141113, -17.471248626708984)","(356.5818786621094, 176.9490966796875, 359.7252197265625)","(-2.2835469245910645, 1.0827524662017822, -17.46555519104004)","(5.895481586456299, 236.54669189453125, 355.9170837402344)","(-2.3925161361694336, -0.17142733931541443, -17.30158042907715)","(359.7913818359375, 179.68470764160156, 352.83587646484375)",0.999985,-0.010925,"(0.050933, 0.001217, -9.717641)",LeftFalse_RightFalse,False,"(1.8894212245941162, -0.06652052700519562, 38.40491485595703)","(356.68780517578125, 352.0439453125, 355.77581787109375)",-0.496429,-1.0,"(-0.000131, 0.000028, -0.000191)",LeftFalse_RightFalse
14.498291,0.020503,"(-2.2191569805145264, 1.0833961963653564, -18.069869995117188)","(356.6966857910156, 176.80064392089844, 359.8041076660156)","(-2.27968168258667, 1.0828757286071777, -18.06343650817871)","(5.898714065551758, 236.44503784179688, 355.910888671875)","(-2.3888065814971924, -0.17132537066936493, -17.89972686767578)","(359.7879943847656, 179.58372497558594, 352.8298034667969)",0.999985,-0.008759,"(0.066307, 0.002001, -9.800907)",LeftFalse_RightFalse,False,"(1.8894001245498657, -0.06651700288057327, 38.4049072265625)","(356.6871337890625, 352.0440979003906, 355.773681640625)",-0.496435,-1.0,"(-0.000128, 0.000045, -0.000182)",LeftFalse_RightFalse
14.541382,0.020854,"(-2.2156929969787598, 1.083554744720459, -18.493724822998047)","(356.8094177246094, 176.72410583496094, 359.857177734375)","(-2.276484489440918, 1.082994818687439, -18.487016677856445)","(5.901797294616699, 236.39205932617188, 355.90643310546875)","(-2.3856492042541504, -0.17122142016887665, -18.32345199584961)","(359.78594970703125, 179.53121948242188, 352.8247985839844)",0.999985,-0.007538,"(0.075661, 0.002462, -9.855850)",LeftFalse_RightFalse,False,"(1.8893870115280151, -0.06651433557271957, 38.40489959716797)","(356.6867980957031, 352.044189453125, 355.7724304199219)",-0.496432,-1.0,"(-0.000127, 0.000047, -0.000177)",LeftFalse_RightFalse
14.583496,0.020857,"(-2.212045669555664, 1.0837106704711914, -18.910024642944336)","(356.92254638671875, 176.70362854003906, 359.87384033203125)","(-2.272998571395874, 1.083125114440918, -18.90315818786621)","(5.9048171043396, 236.35360717773438, 355.90228271484375)","(-2.382166862487793, -0.17110541462898254, -18.739704132080078)","(359.7841491699219, 179.49319458007812, 352.82000732421875)",0.999985,-0.0065,"(0.088373, 0.002828, -9.937463)",LeftFalse_RightFalse,False,"(1.8893754482269287, -0.06651174277067184, 38.40489196777344)","(356.6865234375, 352.0442810058594, 355.77142333984375)",-0.496431,-1.0,"(-0.000129, 0.000046, -0.000175)",LeftFalse_RightFalse
14.625366,0.020941,"(-2.2081432342529297, 1.0838667154312134, -19.327198028564453)","(357.0195617675781, 176.7028045654297, 359.8854675292969)","(-2.2691972255706787, 1.0832633972167969, -19.32023811340332)","(5.907644748687744, 236.32650756835938, 355.898193359375)","(-2.378340721130371, -0.17098094522953033, -19.15687370300293)","(359.78228759765625, 179.466552734375, 352.8154296875)",0.999985,-0.005554,"(0.095593, 0.003315, -9.991418)",LeftFalse_RightFalse,False,"(1.889369249343872, -0.06650941073894501, 38.40488815307617)","(356.68634033203125, 352.0442810058594, 355.770751953125)",-0.495379,-1.0,"(0.000038, 0.000036, -0.000004)",LeftFalse_RightFalse
14.668091,0.021099,"(-2.2039544582366943, 1.0840550661087036, -19.754762649536133)","(357.0882263183594, 176.70436096191406, 359.9028625488281)","(-2.2650723457336426, 1.0834367275238037, -19.74774169921875)","(5.911290645599365, 236.30923461914062, 355.8924255371094)","(-2.374127149581909, -0.17082728445529938, -19.584470748901367)","(359.7794494628906, 179.44989013671875, 352.8092041015625)",0.999985,-0.004181,"(0.101347, 0.003736, -10.044720)",LeftFalse_RightFalse,False,"(1.8893686532974243, -0.06650757789611816, 38.40489196777344)","(356.6862487792969, 352.04425048828125, 355.77032470703125)",-0.496225,-1.0,"(0.000036, 0.000027, -0.000002)",LeftFalse_RightFalse
14.710815,0.021147,"(-2.1996026039123535, 1.0842628479003906, -20.184667587280273)","(357.1217956542969, 176.72296142578125, 359.92962646484375)","(-2.2607595920562744, 1.0836318731307983, -20.17760467529297)","(5.915241718292236, 236.30227661132812, 355.8859558105469)","(-2.369682550430298, -0.17065413296222687, -20.014413833618164)","(359.7762451171875, 179.44361877441406, 352.8023986816406)",0.999985,-0.002106,"(0.105153, 0.004451, -10.097560)",LeftFalse_RightFalse,False,"(1.8893682956695557, -0.06650619208812714, 38.40489196777344)","(356.68621826171875, 352.0442199707031, 355.77001953125)",-0.496216,-1.0,"(0.000033, 0.000024, -0.000001)",LeftFalse_RightFalse
14.754639,0.021471,"(-2.195077419281006, 1.084511399269104, -20.629270553588867)","(357.1630554199219, 176.78521728515625, 359.96392822265625)","(-2.256258249282837, 1.0838677883148193, -20.62217140197754)","(5.920955181121826, 236.30712890625, 355.8790588378906)","(-2.3649775981903076, -0.17044177651405334, -20.459026336669922)","(359.77362060546875, 179.44921875, 352.7938537597656)",0.999985,0.001068,"(0.106413, 0.004891, -10.150000)",LeftFalse_RightFalse,False,"(1.8893681764602661, -0.06650511920452118, 38.40488815307617)","(356.68621826171875, 352.044189453125, 355.7697448730469)",-0.496211,-1.0,"(0.000031, 0.000015, -0.000002)",LeftFalse_RightFalse
14.81543,0.020903,"(-2.188961982727051, 1.084875226020813, -21.248184204101562)","(357.15966796875, 176.89979553222656, 0.03866902366280556)","(-2.250157117843628, 1.0842170715332031, -21.241025924682617)","(5.928333759307861, 236.33969116210938, 355.870361328125)","(-2.35854172706604, -0.17012211680412292, -21.077884674072266)","(359.7704162597656, 179.48272705078125, 352.782958984375)",0.999985,0.005096,"(0.102857, 0.005297, -10.227840)",LeftFalse_RightFalse,False,"(1.8893682956695557, -0.06650393456220627, 38.40488815307617)","(356.68621826171875, 352.0441589355469, 355.7694396972656)",-0.496217,-1.0,"(0.000028, 0.000012, -0.000002)",LeftFalse_RightFalse
14.855835,0.020676,"(-2.1851541996002197, 1.0851393938064575, -21.66300392150879)","(357.15594482421875, 176.9835968017578, 0.08493515849113464)","(-2.2463512420654297, 1.0844720602035522, -21.655792236328125)","(5.933193683624268, 236.3805389404297, 355.8641662597656)","(-2.354454517364502, -0.16988812386989594, -21.492626190185547)","(359.7679138183594, 179.5242462158203, 352.7755126953125)",0.999985,0.006714,"(0.097650, 0.005885, -10.279170)",LeftFalse_RightFalse,False,"(1.8893685340881348, -0.06650321185588837, 38.40488815307617)","(356.6862487792969, 352.04412841796875, 355.769287109375)",-0.496212,-1.0,"(0.000027, 0.000010, -0.000002)",LeftFalse_RightFalse
14.895996,0.020451,"(-2.1816718578338623, 1.0854233503341675, -22.077232360839844)","(357.1455078125, 177.05271911621094, 0.14221948385238647)","(-2.242866039276123, 1.0847464799880981, -22.069955825805664)","(5.938376426696777, 236.43588256835938, 355.8572998046875)","(-2.3506321907043457, -0.16963708400726318, -21.90674591064453)","(359.7650146484375, 179.58033752441406, 352.7674255371094)",0.999985,0.006866,"(0.091234, 0.006226, -10.329910)",LeftFalse_RightFalse,False,"(1.8893687725067139, -0.06650268286466599, 38.40488815307617)","(356.6862487792969, 352.0440979003906, 355.7691345214844)",-0.496214,-1.0,"(0.000025, 0.000008, -0.000003)",LeftFalse_RightFalse
14.937988,0.020686,"(-2.1774473190307617, 1.0863016843795776, -22.51201057434082)","(357.10198974609375, 177.08384704589844, 0.2455979436635971)","(-2.2386362552642822, 1.0856730937957764, -22.504657745361328)","(5.878496170043945, 236.50241088867188, 355.8565979003906)","(-2.3472976684570312, -0.16871264576911926, -22.342060089111328)","(359.7317199707031, 179.646728515625, 352.81719970703125)",0.999985,0.006256,"(0.083863, 0.031561, -10.390010)",LeftFalse_RightFalse,False,"(1.8893693685531616, -0.06650223582983017, 38.40488815307617)","(356.686279296875, 352.0440673828125, 355.7690124511719)",-0.496215,-1.0,"(0.000025, 0.000006, -0.000003)",LeftFalse_RightFalse
14.978271,0.02049,"(-2.1742446422576904, 1.087001085281372, -22.93166160583496)","(357.0551452636719, 177.08087158203125, 0.27179664373397827)","(-2.2354259490966797, 1.0863807201385498, -22.924226760864258)","(5.860142230987549, 236.57736206054688, 355.8472595214844)","(-2.344095230102539, -0.16803617775440216, -22.76187515258789)","(359.7138977050781, 179.72254943847656, 352.8274841308594)",0.999985,0.004669,"(0.079400, 0.014077, -10.431850)",LeftFalse_RightFalse,False,"(1.8893699645996094, -0.0665019080042839, 38.40488815307617)","(356.686279296875, 352.0440368652344, 355.7688903808594)",-0.496215,-1.0,"(0.000024, 0.000003, -0.000003)",LeftFalse_RightFalse
15.018677,0.020363,"(-2.1719775199890137, 1.087321162223816, -23.355304718017578)","(357.0486755371094, 177.09494018554688, 0.22657357156276703)","(-2.2331485748291016, 1.0866637229919434, -23.347780227661133)","(5.892427921295166, 236.65814208984375, 355.83197021484375)","(-2.340811014175415, -0.16780558228492737, -23.185163497924805)","(359.71881103515625, 179.80508422851562, 352.7921447753906)",0.98518,0.00293,"(0.073761, -0.007106, -10.471600)",LeftFalse_RightFalse,False,"(1.8893705606460571, -0.06650160253047943, 38.40488815307617)","(356.686279296875, 352.04400634765625, 355.768798828125)",-0.496214,-1.0,"(0.000023, -0.000001, -0.000004)",LeftFalse_RightFalse
15.060303,0.020592,"(-2.170194625854492, 1.0874098539352417, -23.793081283569336)","(357.0705871582031, 177.12384033203125, 0.15657638013362885)","(-2.2313544750213623, 1.08670175075531, -23.785463333129883)","(5.942328453063965, 236.74288940429688, 355.81805419921875)","(-2.3376920223236084, -0.1678147315979004, -23.622339248657227)","(359.7344970703125, 179.89151000976562, 352.7427978515625)",0.939946,0.001129,"(0.064877, 0.000522, -10.522650)",LeftFalse_RightFalse,False,"(1.8893710374832153, -0.06650148332118988, 38.40489196777344)","(356.6863098144531, 352.04400634765625, 355.76873779296875)",-0.496215,-1.0,"(0.000023, 0.000000, -0.000004)",LeftFalse_RightFalse
15.101318,0.02051,"(-2.1685521602630615, 1.087611198425293, -24.22610855102539)","(357.0909423828125, 177.179931640625, 0.1357046216726303)","(-2.2297019958496094, 1.086867094039917, -24.21841049194336)","(5.975849628448486, 236.81820678710938, 355.80596923828125)","(-2.3350629806518555, -0.16768962144851685, -24.054962158203125)","(359.7427673339844, 179.96823120117188, 352.7081604003906)",0.866002,-0.000366,"(0.056579, 0.003142, -10.567830)",LeftFalse_RightFalse,False,"(1.8893717527389526, -0.066501185297966, 38.40488815307617)","(356.6863098144531, 352.0439758300781, 355.7686462402344)",-0.496213,-1.0,"(0.000023, 0.000000, -0.000004)",LeftFalse_RightFalse
15.144287,0.020858,"(-2.1669795513153076, 1.0879417657852173, -24.68187713623047)","(357.1230163574219, 177.2535400390625, 0.14827612042427063)","(-2.2282371520996094, 1.087148904800415, -24.67392349243164)","(6.004940032958984, 236.88290405273438, 355.79290771484375)","(-2.332720994949341, -0.16745097935199738, -24.510244369506836)","(359.747802734375, 180.034423828125, 352.67669677734375)",0.625037,-0.001373,"(0.043500, 0.006341, -10.625240)",LeftFalse_RightFalse,False,"(1.8893723487854004, -0.06650114059448242, 38.40488815307617)","(356.6863098144531, 352.0439453125, 355.7685852050781)",-0.496212,-1.0,"(0.000022, -0.000002, -0.000004)",LeftFalse_RightFalse
15.202637,0.020138,"(-2.164706230163574, 1.088745355606079, -25.303436279296875)","(357.23529052734375, 177.33705139160156, 0.1886715590953827)","(-2.226160764694214, 1.0879254341125488, -25.295106887817383)","(6.017486095428467, 236.9386749267578, 355.80859375)","(-2.330446243286133, -0.16662105917930603, -25.130891799926758)","(359.7677307128906, 180.0885467529297, 352.6747131347656)",0.238263,-0.00174,"(0.034109, 0.028669, -10.643370)",LeftFalse_RightFalse,False,"(1.8893733024597168, -0.06650105118751526, 38.40488815307617)","(356.6863098144531, 352.0439147949219, 355.7685241699219)",-0.496214,-1.0,"(0.000021, -0.000002, -0.000005)",LeftFalse_RightFalse
15.243774,0.020351,"(-2.163388729095459, 1.089494228363037, -25.741785049438477)","(357.32891845703125, 177.3439483642578, 0.21190056204795837)","(-2.2249274253845215, 1.0886635780334473, -25.733335494995117)","(6.029465675354004, 236.92950439453125, 355.8229064941406)","(-2.329193592071533, -0.16583414375782013, -25.568737030029297)","(359.78619384765625, 180.07791137695312, 352.6724853515625)",0.049057,-0.00174,"(0.025574, 0.016873, -10.624180)",LeftFalse_RightFalse,False,"(1.889374017715454, -0.06650098413228989, 38.40488815307617)","(356.6863098144531, 352.04388427734375, 355.7684631347656)",-0.496211,-1.0,"(0.000021, -0.000005, -0.000005)",LeftFalse_RightFalse
15.286133,0.020602,"(-2.1629395484924316, 1.0900208950042725, -26.19121742248535)","(357.38421630859375, 177.29171752929688, 0.1924862414598465)","(-2.2245402336120605, 1.089128017425537, -26.182756423950195)","(6.071247577667236, 236.8619384765625, 355.793701171875)","(-2.327877998352051, -0.16546620428562164, -26.018306732177734)","(359.78472900390625, 180.01361083984375, 352.6216125488281)",-0.032138,-0.00174,"(0.019729, -0.009266, -10.605580)",LeftFalse_RightFalse,False,"(1.889374852180481, -0.06650085002183914, 38.40488815307617)","(356.6863098144531, 352.0438537597656, 355.7684326171875)",-0.496214,-1.0,"(0.000021, -0.000005, -0.000005)",LeftFalse_RightFalse
15.32959,0.021014,"(-2.1520893573760986, 1.0959733724594116, -26.64568328857422)","(357.0899658203125, 177.11831665039062, 0.865169107913971)","(-2.2140743732452393, 1.0956412553787231, -26.63751220703125)","(5.38507080078125, 236.75006103515625, 355.8497619628906)","(-2.3309824466705322, -0.15871362388134003, -26.480491638183594)","(359.45623779296875, 179.89212036132812, 353.2266540527344)",-0.12735,-0.00174,"(0.044140, 0.606257, -10.641660)",LeftFalse_RightFalse,False,"(1.8893755674362183, -0.06650090962648392, 38.40488815307617)","(356.686279296875, 352.0438232421875, 355.7684020996094)",-0.496214,-1.0,"(0.000020, -0.000006, -0.000005)",LeftFalse_RightFalse
15.376709,0.021912,"(-2.115015983581543, 1.1189683675765991, -27.124679565429688)","(356.00823974609375, 176.74374389648438, 3.12420916557312)","(-2.177239179611206, 1.120788335800171, -27.116819381713867)","(2.9119341373443604, 236.55996704101562, 356.0243225097656)","(-2.341944932937622, -0.13129405677318573, -26.986854553222656)","(358.2508239746094, 179.6460418701172, 355.39361572265625)",-0.215986,-0.001953,"(0.076525, 0.383482, -10.547450)",LeftFalse_RightFalse,False,"(1.8893765211105347, -0.0665009617805481, 38.40488815307617)","(356.686279296875, 352.0437927246094, 355.76837158203125)",-0.496211,-1.0,"(0.000020, -0.000004, -0.000005)",LeftFalse_RightFalse
15.416992,0.021308,"(-2.1018335819244385, 1.1295759677886963, -27.538131713867188)","(355.6249084472656, 176.46240234375, 3.754654884338379)","(-2.1641812324523926, 1.131951928138733, -27.53050422668457)","(2.1748557090759277, 236.37786865234375, 355.9549255371094)","(-2.3418631553649902, -0.11942017078399658, -27.411231994628906)","(357.79046630859375, 179.44699096679688, 355.9737548828125)",-0.277396,-0.003357,"(0.094927, 0.247625, -10.389560)",LeftFalse_RightFalse,False,"(1.8893773555755615, -0.0665009617805481, 38.40488815307617)","(356.686279296875, 352.0437927246094, 355.7683410644531)",-0.496212,-1.0,"(0.000020, -0.000003, -0.000005)",LeftFalse_RightFalse
15.459839,0.021349,"(-2.0923237800598145, 1.1369051933288574, -27.97348976135254)","(355.466064453125, 176.189208984375, 4.0734100341796875)","(-2.1548821926116943, 1.1395374536514282, -27.965869903564453)","(1.7849446535110474, 236.2241973876953, 355.886474609375)","(-2.339125156402588, -0.11148352175951004, -27.853042602539062)","(357.5203857421875, 179.28382873535156, 356.263427734375)",-0.338668,-0.0065,"(0.108700, 0.154350, -10.204400)",LeftFalse_RightFalse,False,"(1.8893781900405884, -0.06650078296661377, 38.40488815307617)","(356.686279296875, 352.04376220703125, 355.768310546875)",-0.49621,-1.0,"(0.000020, -0.000003, -0.000005)",LeftFalse_RightFalse
15.501465,0.021151,"(-2.0852606296539307, 1.1412841081619263, -28.389720916748047)","(355.43597412109375, 175.91053771972656, 4.2246503829956055)","(-2.148045778274536, 1.1439918279647827, -28.382001876831055)","(1.6286407709121704, 236.10250854492188, 355.8434753417969)","(-2.3348350524902344, -0.10692457109689713, -28.27224349975586)","(357.39910888671875, 179.15863037109375, 356.37109375)",-0.395542,-0.010925,"(0.122152, 0.092130, -9.999761)",LeftFalse_RightFalse,False,"(1.8893790245056152, -0.06650075316429138, 38.40488815307617)","(356.686279296875, 352.0437316894531, 355.768310546875)",-0.496212,-1.0,"(0.000020, -0.000004, -0.000005)",LeftFalse_RightFalse
15.562378,0.020843,"(-2.0761797428131104, 1.1446213722229004, -28.985332489013672)","(355.51226806640625, 175.51025390625, 4.279020309448242)","(-2.1391654014587402, 1.14731764793396, -28.97759246826172)","(1.6002559661865234, 235.94558715820312, 355.8226623535156)","(-2.326512575149536, -0.10362295061349869, -28.869068145751953)","(357.3661804199219, 179.0017547607422, 356.383544921875)",-0.470445,-0.017334,"(0.145331, 0.037758, -9.663283)",LeftFalse_RightFalse,False,"(1.8893803358078003, -0.06650078296661377, 38.40488815307617)","(356.686279296875, 352.043701171875, 355.7682800292969)",-0.496213,-1.0,"(0.000019, -0.000004, -0.000005)",LeftFalse_RightFalse
15.604248,0.020817,"(-2.069566488265991, 1.1456745862960815, -29.381893157958984)","(355.6463623046875, 175.2727508544922, 4.233748435974121)","(-2.132852792739868, 1.1483021974563599, -29.37388038635254)","(1.6457542181015015, 235.8397216796875, 355.8294982910156)","(-2.319662094116211, -0.10268988460302353, -29.26502227783203)","(357.396728515625, 178.8972625732422, 356.3490905761719)",-0.511474,-0.020508,"(0.170416, 0.011777, -9.301567)",LeftFalse_RightFalse,False,"(1.8893814086914062, -0.06650087237358093, 38.40489196777344)","(356.686279296875, 352.0436706542969, 355.7682800292969)",-0.496211,-1.0,"(0.000020, -0.000004, -0.000005)",LeftFalse_RightFalse
15.647583,0.021076,"(-2.0622010231018066, 1.1461716890335083, -29.782564163208008)","(355.7978820800781, 175.0973663330078, 4.178308486938477)","(-2.12568998336792, 1.1487318277359009, -29.77442741394043)","(1.7142044305801392, 235.72561645507812, 355.8468322753906)","(-2.311694860458374, -0.10231192409992218, -29.6647891998291)","(357.4485778808594, 178.7847900390625, 356.3011474609375)",-0.553854,-0.022369,"(0.187211, 0.003109, -9.048948)",LeftFalse_RightFalse,False,"(1.889382243156433, -0.06650089472532272, 38.40488815307617)","(356.686279296875, 352.04364013671875, 355.76824951171875)",-0.496211,-1.0,"(0.000019, -0.000003, -0.000005)",LeftFalse_RightFalse
15.693848,0.021736,"(-2.0248844623565674, 1.1568294763565063, -30.2077693939209)","(356.8544616699219, 174.87210083007812, 5.771411895751953)","(-2.088407039642334, 1.1613417863845825, -30.199649810791016)","(0.8041760325431824, 235.6446533203125, 357.46942138671875)","(-2.3109240531921387, -0.0820523202419281, -30.072425842285156)","(358.313232421875, 178.60723876953125, 357.9490966796875)",-0.598033,-0.022919,"(0.282136, 0.591640, -8.799856)",LeftFalse_RightFalse,False,"(1.889383316040039, -0.06650079041719437, 38.40488815307617)","(356.6862487792969, 352.0436096191406, 355.76824951171875)",-0.496212,-1.0,"(0.000019, -0.000004, -0.000005)",LeftFalse_RightFalse
15.738892,0.021923,"(-1.9896012544631958, 1.1685669422149658, -30.609085083007812)","(357.8958740234375, 174.7296905517578, 7.107324600219727)","(-2.053088426589966, 1.1747201681137085, -30.60112953186035)","(0.14939841628074646, 235.4940185546875, 358.9483642578125)","(-2.305767297744751, -0.060948703438043594, -30.456199645996094)","(359.1983642578125, 178.41488647460938, 359.3030700683594)",-0.649248,-0.022919,"(0.310757, 0.397743, -8.519902)",LeftFalse_RightFalse,False,"(1.8893842697143555, -0.06650076061487198, 38.40488815307617)","(356.6862487792969, 352.0435791015625, 355.76824951171875)",-0.496212,-1.0,"(0.000019, -0.000004, -0.000005)",LeftFalse_RightFalse
15.782104,0.021775,"(-1.9658777713775635, 1.176453709602356, -30.97657012939453)","(358.51959228515625, 174.64451599121094, 7.72735071182251)","(-2.0293569564819336, 1.1833733320236206, -30.968807220458984)","(359.9404296875, 235.3281707763672, 359.74737548828125)","(-2.295942544937134, -0.0480455681681633, -30.81302261352539)","(359.75555419921875, 178.2428436279297, 359.9127502441406)",-0.669325,-0.022919,"(0.315907, 0.257067, -8.226649)",LeftFalse_RightFalse,False,"(1.8893852233886719, -0.0665006935596466, 38.40488815307617)","(356.6862487792969, 352.0435791015625, 355.7682189941406)",-0.496211,-1.0,"(0.000019, -0.000003, -0.000005)",LeftFalse_RightFalse
15.840576,0.024172,"(-1.9421086311340332, 1.1828678846359253, -31.44621467590332)","(358.9496765136719, 174.50119018554688, 8.037515640258789)","(-2.0056092739105225, 1.1901994943618774, -31.438697814941406)","(359.92047119140625, 235.11331176757812, 0.28051719069480896)","(-2.279672861099243, -0.038517240434885025, -31.27476692199707)","(0.19227905571460724, 178.02850341796875, 0.21918456256389618)",-0.698049,-0.0224,"(0.308229, 0.120435, -7.777692)",LeftFalse_RightFalse,False,"(1.8893866539001465, -0.06650081276893616, 38.40488815307617)","(356.6862487792969, 352.04351806640625, 355.7682189941406)",-0.496209,-1.0,"(0.000019, -0.000004, -0.000005)",LeftFalse_RightFalse
15.880737,0.022656,"(-1.928844690322876, 1.1852505207061768, -31.75126075744629)","(359.09173583984375, 174.3929901123047, 8.069933891296387)","(-1.9921382665634155, 1.19266676902771, -31.74422264099121)","(359.9635314941406, 234.9810333251953, 0.44726401567459106)","(-2.2678749561309814, -0.035295307636260986, -31.57746696472168)","(0.3556438684463501, 177.8966522216797, 0.273668497800827)",-0.708659,-0.021576,"(0.300997, 0.064729, -7.473620)",LeftFalse_RightFalse,False,"(1.8893874883651733, -0.06650084257125854, 38.40488815307617)","(356.6862487792969, 352.04351806640625, 355.7682189941406)",-0.496212,-1.0,"(0.000019, -0.000004, -0.000005)",LeftFalse_RightFalse
15.922607,0.022045,"(-1.9162176847457886, 1.1865339279174805, -32.05537414550781)","(359.1124572753906, 174.2925567626953, 7.995847225189209)","(-1.9793827533721924, 1.1939600706100464, -32.04869079589844)","(0.01764460653066635, 234.85479736328125, 0.5251575708389282)","(-2.2554984092712402, -0.033722490072250366, -31.880510330200195)","(0.450446218252182, 177.77040100097656, 0.270557701587677)",-0.725066,-0.020111,"(0.294017, 0.027876, -7.169152)",LeftFalse_RightFalse,False,"(1.8893884420394897, -0.06650081276893616, 38.40488815307617)","(356.6862487792969, 352.0434875488281, 355.7682189941406)",-0.496208,-1.0,"(0.000019, -0.000004, -0.000005)",LeftFalse_RightFalse
15.964355,0.0216,"(-1.9044629335403442, 1.1871789693832397, -32.3443489074707)","(359.10321044921875, 174.19839477539062, 7.918173313140869)","(-1.9674268960952759, 1.194371223449707, -32.33810806274414)","(0.06667216122150421, 234.74069213867188, 0.5451473593711853)","(-2.2432665824890137, -0.03331771120429039, -32.16952133178711)","(0.4938688278198242, 177.65603637695312, 0.24026183784008026)",-0.735933,-0.017731,"(0.284811, -0.002363, -6.711801)",LeftFalse_RightFalse,False,"(1.8893895149230957, -0.06650081276893616, 38.40488815307617)","(356.6862487792969, 352.04345703125, 355.7682189941406)",-0.496213,-1.0,"(0.000019, -0.000003, -0.000005)",LeftFalse_RightFalse
16.023193,0.020614,"(-1.8886253833770752, 1.1874024868011475, -32.72910690307617)","(359.0340881347656, 174.14248657226562, 7.80271577835083)","(-1.9512964487075806, 1.1941463947296143, -32.72346496582031)","(0.11974887549877167, 234.59967041015625, 0.524027407169342)","(-2.22636079788208, -0.03376996889710426, -32.555267333984375)","(0.504980742931366, 177.5145721435547, 0.18422657251358032)",-0.743975,-0.013092,"(0.274857, -0.014791, -6.255801)",LeftFalse_RightFalse,False,"(1.8893908262252808, -0.06650080531835556, 38.40488815307617)","(356.6862487792969, 352.0434265136719, 355.7682189941406)",-0.496212,-1.0,"(0.000019, -0.000003, -0.000005)",LeftFalse_RightFalse
16.065796,0.020819,"(-1.8776118755340576, 1.18715500831604, -32.9906120300293)","(358.9604797363281, 174.14210510253906, 7.73326301574707)","(-1.9400465488433838, 1.1936935186386108, -32.985408782958984)","(0.14543361961841583, 234.51499938964844, 0.49269676208496094)","(-2.2145209312438965, -0.03444132208824158, -32.81784439086914)","(0.4926363229751587, 177.42962646484375, 0.1456385850906372)",-0.748086,-0.008911,"(0.266640, -0.017201, -5.953305)",LeftFalse_RightFalse,False,"(1.8893917798995972, -0.06650062650442123, 38.40488815307617)","(356.6862487792969, 352.04339599609375, 355.7682189941406)",-0.496213,-1.0,"(0.000019, -0.000003, -0.000005)",LeftFalse_RightFalse
16.110474,0.02133,"(-1.8668043613433838, 1.1867549419403076, -33.25020217895508)","(358.87890625, 174.14610290527344, 7.672563552856445)","(-1.9286552667617798, 1.1931488513946533, -33.24522399902344)","(0.16300125420093536, 234.444091796875, 0.4565478265285492)","(-2.2025794982910156, -0.03521108254790306, -33.07841110229492)","(0.4718359708786011, 177.3585205078125, 0.11124677956104279)",-0.751415,-0.003754,"(0.256408, -0.016931, -5.652327)",LeftFalse_RightFalse,False,"(1.8893929719924927, -0.06650063395500183, 38.40488815307617)","(356.6862487792969, 352.0433654785156, 355.7682189941406)",-0.496215,-1.0,"(0.000019, -0.000003, -0.000005)",LeftFalse_RightFalse
16.1698,0.020619,"(-1.853159785270691, 1.1861975193023682, -33.57244110107422)","(358.7625427246094, 174.14112854003906, 7.483788967132568)","(-1.914299726486206, 1.1924700736999512, -33.568023681640625)","(0.17510809004306793, 234.38128662109375, 0.41180670261383057)","(-2.187636613845825, -0.036146387457847595, -33.40214157104492)","(0.4408554136753082, 177.29556274414062, 0.07677068561315536)",-0.755262,0.003265,"(0.237227, -0.013936, -5.204083)",LeftFalse_RightFalse,False,"(1.8893940448760986, -0.0665007010102272, 38.40488815307617)","(356.6862487792969, 352.0433349609375, 355.7682189941406)",-0.496209,-1.0,"(0.000019, -0.000004, -0.000005)",LeftFalse_RightFalse
16.210571,0.020501,"(-1.8442481756210327, 1.1858670711517334, -33.778411865234375)","(358.7013854980469, 174.1380615234375, 7.391577243804932)","(-1.9051110744476318, 1.1920883655548096, -33.77421569824219)","(0.17815355956554413, 234.35955810546875, 0.3859158456325531)","(-2.178133964538574, -0.03666749596595764, -33.608848571777344)","(0.4207754135131836, 177.27378845214844, 0.060145046561956406)",-0.757228,0.008484,"(0.222276, -0.011244, -4.907590)",LeftFalse_RightFalse,False,"(1.8893952369689941, -0.066500723361969, 38.40488815307617)","(356.6862487792969, 352.0433044433594, 355.7682189941406)",-0.496213,-1.0,"(0.000019, -0.000005, -0.000005)",LeftFalse_RightFalse
16.253784,0.020904,"(-1.83571195602417, 1.185522437095642, -33.984134674072266)","(358.6257019042969, 174.1837921142578, 7.197972774505615)","(-1.896035075187683, 1.191709041595459, -33.97981643676758)","(0.1789901852607727, 234.354248046875, 0.36423176527023315)","(-2.1687874794006348, -0.03715972974896431, -33.814842224121094)","(0.40302667021751404, 177.26849365234375, 0.047659702599048615)",-0.758821,0.014099,"(0.205854, -0.010405, -4.613211)",LeftFalse_RightFalse,False,"(1.8893961906433105, -0.06650075316429138, 38.40488815307617)","(356.6862487792969, 352.0433044433594, 355.7682189941406)",-0.496212,-1.0,"(0.000019, -0.000004, -0.000005)",LeftFalse_RightFalse
16.297974,0.021305,"(-1.8275749683380127, 1.1852415800094604, -34.18063735961914)","(358.57501220703125, 174.2413330078125, 7.0567121505737305)","(-1.8875585794448853, 1.1914057731628418, -34.176231384277344)","(0.1780438870191574, 234.36666870117188, 0.3476465344429016)","(-2.1600842475891113, -0.03754567354917526, -34.011497497558594)","(0.38858938217163086, 177.2808837890625, 0.039441756904125214)",-0.760111,0.020508,"(0.187732, -0.007485, -4.320916)",LeftFalse_RightFalse,False,"(1.8893972635269165, -0.06650061160326004, 38.40488815307617)","(356.6862487792969, 352.04327392578125, 355.7681884765625)",-0.496212,-1.0,"(0.000019, -0.000004, -0.000005)",LeftFalse_RightFalse
16.343506,0.021845,"(-1.8204491138458252, 1.1854572296142578, -34.368309020996094)","(358.5532531738281, 174.34165954589844, 6.8829569816589355)","(-1.8797752857208252, 1.1911998987197876, -34.36400604248047)","(0.17562048137187958, 234.3982391357422, 0.33556944131851196)","(-2.152101516723633, -0.0378078855574131, -34.199363708496094)","(0.3771341145038605, 177.31246948242188, 0.03491363301873207)",-0.761155,0.027679,"(0.159226, -0.003883, -3.886480)",LeftFalse_RightFalse,False,"(1.8893983364105225, -0.06650054454803467, 38.40488815307617)","(356.6862487792969, 352.0432434082031, 355.7682189941406)",-0.496211,-1.0,"(0.000019, -0.000003, -0.000005)",LeftFalse_RightFalse
16.385254,0.021505,"(-1.8150197267532349, 1.1855854988098145, -34.526939392089844)","(358.5484619140625, 174.47256469726562, 6.703001499176025)","(-1.873531699180603, 1.1910958290100098, -34.522613525390625)","(0.17321111261844635, 234.44082641601562, 0.32793575525283813)","(-2.1456823348999023, -0.037945669144392014, -34.357933044433594)","(0.36941656470298767, 177.3550567626953, 0.03278820589184761)",-0.762002,0.032715,"(0.140062, -0.002018, -3.599627)",LeftFalse_RightFalse,False,"(1.8893994092941284, -0.06650054454803467, 38.40489196777344)","(356.6862487792969, 352.043212890625, 355.7682189941406)",-0.496211,-1.0,"(0.000019, -0.000003, -0.000005)",LeftFalse_RightFalse
16.428833,0.021564,"(-1.8101778030395508, 1.1856917142868042, -34.67923355102539)","(358.5326232910156, 174.6350860595703, 6.533316612243652)","(-1.867916226387024, 1.1910507678985596, -34.674903869628906)","(0.1708667129278183, 234.49664306640625, 0.32244881987571716)","(-2.139878749847412, -0.03801350295543671, -34.51008224487305)","(0.36353644728660583, 177.410888671875, 0.031774770468473434)",-0.762687,0.036285,"(0.121312, -0.000837, -3.314990)",LeftFalse_RightFalse,False,"(1.8894002437591553, -0.06650054454803467, 38.40488815307617)","(356.6862487792969, 352.0431823730469, 355.7682189941406)",-0.496211,-1.0,"(0.000019, -0.000004, -0.000005)",LeftFalse_RightFalse
16.472656,0.021699,"(-1.806593418121338, 1.1857839822769165, -34.81924819946289)","(358.50299072265625, 174.83822631835938, 6.351057529449463)","(-1.8631343841552734, 1.1910489797592163, -34.81494140625)","(0.1688508689403534, 234.56065368652344, 0.3184560537338257)","(-2.1348981857299805, -0.03803118318319321, -34.64990997314453)","(0.359089195728302, 177.4748992919922, 0.031297467648983)",-0.763242,0.037262,"(0.104114, 0.000092, -3.032515)",LeftFalse_RightFalse,False,"(1.8894014358520508, -0.06650063395500183, 38.40488815307617)","(356.6862487792969, 352.04315185546875, 355.7681884765625)",-0.496215,-1.0,"(0.000019, -0.000006, -0.000005)",LeftFalse_RightFalse
16.529907,0.020401,"(-1.80316162109375, 1.1859081983566284, -34.981666564941406)","(358.4448547363281, 175.06533813476562, 6.112708568572998)","(-1.8580493927001953, 1.1911011934280396, -34.977508544921875)","(0.16789819300174713, 234.6465301513672, 0.3142679035663605)","(-2.129530191421509, -0.03799818083643913, -34.812156677246094)","(0.35505571961402893, 177.56077575683594, 0.029821420088410378)",-0.752165,0.037048,"(0.082587, 0.001037, -2.615303)",LeftFalse_RightFalse,False,"(1.8894028663635254, -0.0665007159113884, 38.40488815307617)","(356.6862487792969, 352.0431213378906, 355.7682189941406)",-0.49621,-1.0,"(0.000019, -0.000006, -0.000005)",LeftFalse_RightFalse
16.57373,0.020998,"(-1.8007391691207886, 1.186012625694275, -35.09071731567383)","(358.37652587890625, 175.18399047851562, 5.917757987976074)","(-1.8548986911773682, 1.19117271900177, -35.086605072021484)","(0.16846883296966553, 234.7080841064453, 0.31102821230888367)","(-2.1261515617370605, -0.037944525480270386, -34.9210090637207)","(0.3526461124420166, 177.62232971191406, 0.027581967413425446)",-0.740774,0.035919,"(0.070603, 0.001411, -2.342238)",LeftFalse_RightFalse,False,"(1.8894038200378418, -0.06650078296661377, 38.40488815307617)","(356.6862487792969, 352.0430908203125, 355.7682189941406)",-0.496211,-1.0,"(0.000019, -0.000004, -0.000005)",LeftFalse_RightFalse
16.620361,0.021804,"(-1.7984269857406616, 1.186130166053772, -35.192684173583984)","(358.2966003417969, 175.2641143798828, 5.690185546875)","(-1.8521174192428589, 1.1912672519683838, -35.18857955932617)","(0.16994218528270721, 234.76614379882812, 0.3071898818016052)","(-2.123128890991211, -0.03787276893854141, -35.02275848388672)","(0.35022446513175964, 177.68038940429688, 0.024259399622678757)",-0.725415,0.035065,"(0.060238, 0.001616, -2.075679)",LeftFalse_RightFalse,False,"(1.8894048929214478, -0.06650079041719437, 38.40488815307617)","(356.6862487792969, 352.0430908203125, 355.7682189941406)",-0.496211,-1.0,"(0.000019, -0.000002, -0.000005)",LeftFalse_RightFalse
16.665161,0.022046,"(-1.797383427619934, 1.1866728067398071, -35.276756286621094)","(358.1748046875, 175.27757263183594, 5.426987171173096)","(-1.8499208688735962, 1.1913683414459229, -35.273193359375)","(0.17147623002529144, 234.81365966796875, 0.30269715189933777)","(-2.1207122802734375, -0.037797920405864716, -35.107208251953125)","(0.3472864627838135, 177.72789001464844, 0.02053021639585495)",-0.713911,0.034485,"(0.046719, 0.001676, -1.690706)",LeftFalse_RightFalse,False,"(1.8894060850143433, -0.06650076061487198, 38.40488815307617)","(356.6862487792969, 352.0430603027344, 355.7682189941406)",-0.496213,-1.0,"(0.000019, -0.000003, -0.000005)",LeftFalse_RightFalse
16.706909,0.021562,"(-1.796659231185913, 1.1870191097259521, -35.34337615966797)","(358.06243896484375, 175.29124450683594, 5.226265907287598)","(-1.8482537269592285, 1.1914634704589844, -35.34018325805664)","(0.17269881069660187, 234.85067749023438, 0.29802170395851135)","(-2.118858575820923, -0.03772919625043869, -35.17409133911133)","(0.3440258204936981, 177.76490783691406, 0.016963273286819458)",-0.714086,0.034149,"(0.038594, 0.001589, -1.438219)",LeftFalse_RightFalse,False,"(1.8894070386886597, -0.06650054454803467, 38.40488815307617)","(356.6862487792969, 352.04302978515625, 355.7682189941406)",-0.496211,-1.0,"(0.000019, -0.000003, -0.000005)",LeftFalse_RightFalse
16.749146,0.021388,"(-1.7961628437042236, 1.1872711181640625, -35.39982986450195)","(357.9517517089844, 175.3036651611328, 5.051436901092529)","(-1.8468931913375854, 1.1915549039840698, -35.39693069458008)","(0.17387142777442932, 234.881591796875, 0.29328253865242004)","(-2.1173293590545654, -0.03766455501317978, -35.23075866699219)","(0.3406846225261688, 177.79580688476562, 0.013403642922639847)",-0.714227,0.033905,"(0.031056, 0.001438, -1.187800)",LeftFalse_RightFalse,False,"(1.889407992362976, -0.06650051474571228, 38.404884338378906)","(356.6862487792969, 352.0429992675781, 355.7682189941406)",-0.496213,-1.0,"(0.000019, -0.000004, -0.000005)",LeftFalse_RightFalse
16.791016,0.02119,"(-1.7956483364105225, 1.187453269958496, -35.445003509521484)","(357.8573303222656, 175.31671142578125, 4.891301155090332)","(-1.845844030380249, 1.191636562347412, -35.44227981567383)","(0.17501500248908997, 234.90594482421875, 0.2888472378253937)","(-2.1161346435546875, -0.037607938051223755, -35.276058197021484)","(0.33758267760276794, 177.82015991210938, 0.010033536702394485)",-0.714341,0.033844,"(0.024011, 0.001236, -0.939448)",LeftFalse_RightFalse,False,"(1.889409065246582, -0.06650055944919586, 38.40488815307617)","(356.6862487792969, 352.04296875, 355.7682189941406)",-0.49621,-1.0,"(0.000019, -0.000006, -0.000005)",LeftFalse_RightFalse
16.831543,0.020907,"(-1.795522928237915, 1.1875817775726318, -35.47856140136719)","(357.809814453125, 175.33377075195312, 4.783723831176758)","(-1.8450963497161865, 1.1917043924331665, -35.47573471069336)","(0.17609736323356628, 234.9237060546875, 0.28495100140571594)","(-2.1152682304382324, -0.03756222873926163, -35.30948257446289)","(0.3348999321460724, 177.83792114257812, 0.00700770178809762)",-0.702715,0.033722,"(0.017337, 0.001001, -0.693149)",LeftFalse_RightFalse,False,"(1.8894100189208984, -0.06650063395500183, 38.404884338378906)","(356.6862487792969, 352.04296875, 355.7682189941406)",-0.496211,-1.0,"(0.000019, -0.000005, -0.000005)",LeftFalse_RightFalse
16.891357,0.020413,"(-1.7953922748565674, 1.187713384628296, -35.50984191894531)","(357.78436279296875, 175.33888244628906, 4.618772506713867)","(-1.844436764717102, 1.1917831897735596, -35.506927490234375)","(0.1772647649049759, 234.94007873535156, 0.2794690728187561)","(-2.1144731044769287, -0.037513796240091324, -35.34067916870117)","(0.3309323489665985, 177.8542938232422, 0.003048837650567293)",-0.691103,0.033722,"(0.008128, 0.000600, -0.335934)",LeftFalse_RightFalse,False,"(1.889411449432373, -0.06650068610906601, 38.40488815307617)","(356.6862487792969, 352.04290771484375, 355.7682189941406)",-0.496213,-1.0,"(0.000019, -0.000005, -0.000005)",LeftFalse_RightFalse
16.933105,0.020528,"(-1.7954059839248657, 1.1877858638763428, -35.520042419433594)","(357.7542419433594, 175.30630493164062, 4.506988525390625)","(-1.8442423343658447, 1.1918340921401978, -35.51708984375)","(0.17531290650367737, 234.94461059570312, 0.2724831998348236)","(-2.114213705062866, -0.03749427571892738, -35.35096740722656)","(0.3240072727203369, 177.85882568359375, 0.0008913713973015547)",-0.691158,0.033722,"(0.004562, 0.000361, -0.194762)",LeftFalse_RightFalse,False,"(1.8894124031066895, -0.0665007084608078, 38.40488815307617)","(356.6862487792969, 352.04290771484375, 355.7682189941406)",-0.496212,-1.0,"(0.000019, -0.000003, -0.000005)",LeftFalse_RightFalse
16.973755,0.020485,"(-1.7955204248428345, 1.1878297328948975, -35.52189254760742)","(357.7292175292969, 175.2636260986328, 4.430238723754883)","(-1.8442293405532837, 1.1918641328811646, -35.5189208984375)","(0.17340321838855743, 234.94467163085938, 0.2664586901664734)","(-2.1141598224639893, -0.037490613758563995, -35.352928161621094)","(0.31791213154792786, 177.85888671875, -0.0007790316012687981)",-0.687296,0.033478,"(-0.000080, 0.000133, 0.001104)",LeftFalse_RightFalse,False,"(1.8894132375717163, -0.06650065630674362, 38.40488815307617)","(356.6862487792969, 352.0428771972656, 355.7682189941406)",-0.496214,-1.0,"(0.000019, -0.000005, -0.000005)",LeftFalse_RightFalse
17.032837,0.020036,"(-1.7956651449203491, 1.187974452972412, -35.52107238769531)","(357.6853332519531, 175.10951232910156, 4.335337162017822)","(-1.8442676067352295, 1.1919947862625122, -35.51808547973633)","(0.148095041513443, 234.9445343017578, 0.22661039233207703)","(-2.1141514778137207, -0.037506330758333206, -35.35310363769531)","(0.2707080841064453, 177.85887145996094, -0.001186105073429644)",-0.675628,0.032867,"(-0.000082, -0.000600, 0.002484)",LeftFalse_RightFalse,False,"(1.8894147872924805, -0.06650055944919586, 38.40488815307617)","(356.6862487792969, 352.0428466796875, 355.7682189941406)",-0.496211,-1.0,"(0.000019, -0.000002, -0.000005)",LeftFalse_RightFalse
17.075928,0.020572,"(-1.7957346439361572, 1.188086986541748, -35.5202522277832)","(357.6553649902344, 174.9624481201172, 4.273495674133301)","(-1.844293236732483, 1.1920994520187378, -35.51725387573242)","(0.1223733127117157, 234.94444274902344, 0.1874426156282425)","(-2.1141462326049805, -0.037542976438999176, -35.35327911376953)","(0.22385069727897644, 177.85887145996094, -0.0008762191864661872)",-0.656123,0.032288,"(-0.000079, -0.001002, 0.002744)",LeftFalse_RightFalse,False,"(1.8894157409667969, -0.06650056689977646, 38.40488815307617)","(356.6862487792969, 352.0428161621094, 355.7682189941406)",-0.496214,-1.0,"(0.000019, -0.000003, -0.000005)",LeftFalse_RightFalse
17.118408,0.020847,"(-1.795784592628479, 1.188184380531311, -35.519412994384766)","(357.6010437011719, 174.74301147460938, 4.214450359344482)","(-1.8443164825439453, 1.1921906471252441, -35.51640701293945)","(0.09604758024215698, 234.94436645507812, 0.14765366911888123)","(-2.1141414642333984, -0.0375937893986702, -35.35345458984375)","(0.1761435717344284, 177.85887145996094, -0.0003969860263168812)",-0.589738,0.031738,"(-0.000073, -0.001266, 0.002715)",LeftFalse_RightFalse,False,"(1.8894166946411133, -0.06650055199861526, 38.40488815307617)","(356.6862487792969, 352.04278564453125, 355.7682189941406)",-0.496211,-1.0,"(0.000019, -0.000003, -0.000005)",LeftFalse_RightFalse
17.159668,0.020783,"(-1.7953176498413086, 1.1882613897323608, -35.51856994628906)","(357.4975280761719, 174.36846923828125, 4.157703876495361)","(-1.8443365097045898, 1.1922630071640015, -35.51563262939453)","(0.07193661481142044, 234.94430541992188, 0.11132869869470596)","(-2.1141374111175537, -0.03765048459172249, -35.353614807128906)","(0.13254785537719727, 177.85887145996094, 0.00010525956167839468)",-0.535068,0.031311,"(-0.000065, -0.001390, 0.002518)",LeftFalse_RightFalse,False,"(1.8894176483154297, -0.06650060415267944, 38.40488815307617)","(356.6862487792969, 352.0427551269531, 355.7682189941406)",-0.496213,-1.0,"(0.000019, -0.000006, -0.000005)",LeftFalse_RightFalse
17.217041,0.020015,"(-1.7948226928710938, 1.1883403062820435, -35.51776123046875)","(357.3918762207031, 174.0290069580078, 4.106484413146973)","(-1.8443599939346313, 1.1923367977142334, -35.51469421386719)","(0.042852140963077545, 234.9442596435547, 0.06758353859186172)","(-2.1141326427459717, -0.03773077577352524, -35.35380554199219)","(0.0800204798579216, 177.85885620117188, 0.0007505521061830223)",-0.476112,0.03006,"(-0.000053, -0.001361, 0.002078)",LeftFalse_RightFalse,False,"(1.8894190788269043, -0.06650063395500183, 38.40488815307617)","(356.6862487792969, 352.042724609375, 355.7682189941406)",-0.496212,-1.0,"(0.000019, -0.000005, -0.000005)",LeftFalse_RightFalse
17.277832,0.020145,"(-1.793055534362793, 1.1883957386016846, -35.517051696777344)","(357.39361572265625, 173.0044403076172, 4.0414042472839355)","(-1.844379186630249, 1.1923885345458984, -35.51390838623047)","(0.018370017409324646, 234.94424438476562, 0.030804933980107307)","(-2.114128589630127, -0.037807829678058624, -35.35396957397461)","(0.03584221750497818, 177.85885620117188, 0.001317768357694149)",-0.317405,0.029053,"(-0.000040, -0.001175, 0.001606)",LeftFalse_RightFalse,False,"(1.889420509338379, -0.0665007159113884, 38.40488815307617)","(356.6862487792969, 352.0426940917969, 355.7682189941406)",-0.496208,-1.0,"(0.000019, -0.000005, -0.000005)",LeftFalse_RightFalse
17.33728,0.019959,"(-1.7908351421356201, 1.1884310245513916, -35.51651382446289)","(357.42730712890625, 171.95623779296875, 4.030000686645508)","(-1.844393253326416, 1.1924210786819458, -35.51333236694336)","(0.00045312129077501595, 234.9442138671875, 0.003918451257050037)","(-2.114125967025757, -0.03786899149417877, -35.35408401489258)","(0.003535687690600753, 177.8588409423828, 0.0017488551093265414)",2.8e-05,0.0289,"(-0.000029, -0.000918, 0.001182)",LeftFalse_RightFalse,False,"(1.8894219398498535, -0.0665007084608078, 38.40488815307617)","(356.6862487792969, 352.04266357421875, 355.7682189941406)",-0.496211,-1.0,"(0.000019, -0.000004, -0.000005)",LeftFalse_RightFalse
17.393066,0.019281,"(-1.7881054878234863, 1.1880933046340942, -35.51668930053711)","(357.4691467285156, 170.6099090576172, 4.1608734130859375)","(-1.844402551651001, 1.1924406290054321, -35.51285934448242)","(359.9884338378906, 234.94384765625, 359.9858703613281)","(-2.1141250133514404, -0.03791215270757675, -35.35408020019531)","(359.9818420410156, 177.85845947265625, 0.0020309470128268003)",2.1e-05,0.0289,"(-0.000072, -0.000660, 0.004162)",LeftFalse_RightFalse,False,"(1.8894232511520386, -0.06650052964687347, 38.40488815307617)","(356.6862487792969, 352.0426330566406, 355.7682189941406)",-0.496211,-1.0,"(0.000019, -0.000003, -0.000005)",LeftFalse_RightFalse
17.450684,0.019235,"(-1.7849855422973633, 1.187415599822998, -35.51691436767578)","(357.8262023925781, 168.9789276123047, 4.359221458435059)","(-1.8444087505340576, 1.1924550533294678, -35.51243591308594)","(359.9796142578125, 234.94300842285156, 359.97265625)","(-2.1141257286071777, -0.037943415343761444, -35.354000091552734)","(359.9659423828125, 177.8576202392578, 0.00225991103798151)",1.5e-05,0.0289,"(-0.000071, -0.000430, 0.003968)",LeftFalse_RightFalse,False,"(1.8894245624542236, -0.06650052964687347, 38.40488815307617)","(356.6862487792969, 352.0426025390625, 355.7682189941406)",-0.49621,-1.0,"(0.000019, -0.000006, -0.000005)",LeftFalse_RightFalse
17.490967,0.019529,"(-1.7817424535751343, 1.1861505508422852, -35.51712417602539)","(358.3452453613281, 167.38063049316406, 4.484405994415283)","(-1.8444124460220337, 1.192463755607605, -35.512237548828125)","(359.9749755859375, 234.9427032470703, 359.9657897949219)","(-2.114126682281494, -0.03795827925205231, -35.353981018066406)","(359.9576721191406, 177.85731506347656, 0.0024090351071208715)",1.2e-05,0.0289,"(-0.000043, -0.000306, 0.001570)",LeftFalse_RightFalse,False,"(1.88942551612854, -0.06650059670209885, 38.40488815307617)","(356.6862487792969, 352.0425720214844, 355.7682189941406)",-0.496211,-1.0,"(0.000019, -0.000005, -0.000005)",LeftFalse_RightFalse
17.548828,0.019347,"(-1.7771663665771484, 1.1835615634918213, -35.51742172241211)","(359.4460144042969, 164.74781799316406, 4.701718807220459)","(-1.8444206714630127, 1.1924731731414795, -35.51192092895508)","(359.9704895019531, 234.94326782226562, 359.9590759277344)","(-2.1141297817230225, -0.03797197714447975, -35.35383605957031)","(359.9496154785156, 177.85787963867188, 0.002539541805163026)",9e-06,0.0289,"(-0.000096, -0.000162, 0.004363)",LeftFalse_RightFalse,False,"(1.8894269466400146, -0.06650064140558243, 38.40488815307617)","(356.6862487792969, 352.04254150390625, 355.7682189941406)",-0.496211,-1.0,"(0.000019, -0.000004, -0.000005)",LeftFalse_RightFalse
17.590454,0.019825,"(-1.7737929821014404, 1.1808242797851562, -35.51759338378906)","(0.6995223164558411, 162.525390625, 4.77327823638916)","(-1.8444267511367798, 1.192479133605957, -35.5117073059082)","(359.96826171875, 234.94369506835938, 359.9557800292969)","(-2.11413311958313, -0.03797737881541252, -35.35370635986328)","(359.94561767578125, 177.8583221435547, 0.002616356359794736)",7e-06,0.0289,"(-0.000058, -0.000087, 0.001647)",LeftFalse_RightFalse,False,"(1.8894281387329102, -0.06650067865848541, 38.40488815307617)","(356.6862487792969, 352.0425109863281, 355.7682189941406)",-0.496212,-1.0,"(0.000019, -0.000006, -0.000005)",LeftFalse_RightFalse
17.633301,0.0204,"(-1.7708158493041992, 1.1782591342926025, -35.51740264892578)","(1.9861772060394287, 160.5968780517578, 4.664655685424805)","(-1.8444275856018066, 1.1924850940704346, -35.51152801513672)","(359.9665222167969, 234.94248962402344, 359.9532165527344)","(-2.1141364574432373, -0.0379800908267498, -35.353599548339844)","(359.9425354003906, 177.85708618164062, 0.0026952445041388273)",6e-06,0.0289,"(-0.000103, -0.000039, 0.004265)",LeftFalse_RightFalse,False,"(1.889428973197937, -0.06650075316429138, 38.40488815307617)","(356.6862487792969, 352.04248046875, 355.7682189941406)",-0.496209,-1.0,"(0.000019, -0.000005, -0.000005)",LeftFalse_RightFalse
17.674072,0.020387,"(-1.767438530921936, 1.1750907897949219, -35.51714324951172)","(3.706258773803711, 158.05047607421875, 4.230896949768066)","(-1.8444297313690186, 1.1924902200698853, -35.5113525390625)","(359.9653625488281, 234.94183349609375, 359.9515380859375)","(-2.114140033721924, -0.03798072040081024, -35.35346984863281)","(359.94049072265625, 177.85643005371094, 0.0027500654105097055)",5e-06,0.0289,"(-0.000118, -0.000003, 0.004700)",LeftFalse_RightFalse,False,"(1.8894299268722534, -0.066500723361969, 38.40488815307617)","(356.6862487792969, 352.0424499511719, 355.7682189941406)",-0.496211,-1.0,"(0.000019, -0.000005, -0.000005)",LeftFalse_RightFalse
17.731812,0.019703,"(-1.7643086910247803, 1.1719627380371094, -35.516845703125)","(5.256444454193115, 155.4182891845703, 3.734726905822754)","(-1.8444395065307617, 1.1924957036972046, -35.511043548583984)","(359.9644470214844, 234.94259643554688, 359.9501953125)","(-2.114147186279297, -0.03797982633113861, -35.35319137573242)","(359.9388732910156, 177.85720825195312, 0.002785180229693651)",4e-06,0.0289,"(-0.000134, 0.000031, 0.005510)",LeftFalse_RightFalse,False,"(1.889431357383728, -0.06650066375732422, 38.40488815307617)","(356.6862487792969, 352.04241943359375, 355.7682189941406)",-0.496211,-1.0,"(0.000019, -0.000003, -0.000005)",LeftFalse_RightFalse
17.789063,0.019479,"(-1.7620166540145874, 1.1685484647750854, -35.51609420776367)","(7.037807464599609, 152.3988800048828, 2.765432119369507)","(-1.8444483280181885, 1.1925008296966553, -35.5107421875)","(359.9638671875, 234.94308471679688, 359.9493713378906)","(-2.114154577255249, -0.03797744959592819, -35.35291290283203)","(359.9378662109375, 177.85768127441406, 0.002824126509949565)",3e-06,0.0289,"(-0.000154, 0.000047, 0.005948)",LeftFalse_RightFalse,False,"(1.889432668685913, -0.06650061905384064, 38.40488815307617)","(356.6862487792969, 352.0423889160156, 355.7682189941406)",-0.49621,-1.0,"(0.000019, -0.000004, -0.000005)",LeftFalse_RightFalse
17.831909,0.020156,"(-1.7608554363250732, 1.1665915250778198, -35.51554870605469)","(8.167981147766113, 150.4475555419922, 1.9022318124771118)","(-1.844456434249878, 1.1925040483474731, -35.51051712036133)","(359.9635925292969, 234.94390869140625, 359.948974609375)","(-2.1141605377197266, -0.037975385785102844, -35.352691650390625)","(359.9373779296875, 177.85850524902344, 0.0028477697633206844)",2e-06,0.0289,"(-0.000129, 0.000052, 0.003992)",LeftFalse_RightFalse,False,"(1.889433741569519, -0.06650067865848541, 38.40488815307617)","(356.6862487792969, 352.0423583984375, 355.7682189941406)",-0.496216,-1.0,"(0.000019, -0.000005, -0.000005)",LeftFalse_RightFalse
17.872314,0.020181,"(-1.7592551708221436, 1.1644514799118042, -35.51393127441406)","(9.121036529541016, 148.81207275390625, 0.9099764227867126)","(-1.8444660902023315, 1.1925065517425537, -35.51027297973633)","(359.9635009765625, 234.94503784179688, 359.9488830566406)","(-2.1141672134399414, -0.03797341138124466, -35.352447509765625)","(359.937255859375, 177.85963439941406, 0.0028538547921925783)",2e-06,0.0289,"(-0.000179, 0.000044, 0.007098)",LeftFalse_RightFalse,False,"(1.889434814453125, -0.066500723361969, 38.40489196777344)","(356.6862487792969, 352.0423583984375, 355.7682189941406)",-0.49621,-1.0,"(0.000019, -0.000004, -0.000005)",LeftFalse_RightFalse
17.932861,0.020252,"(-1.7574541568756104, 1.1620322465896606, -35.512020111083984)","(10.099087715148926, 147.0897979736328, 359.76007080078125)","(-1.8444818258285522, 1.1925091743469238, -35.50984573364258)","(359.9635314941406, 234.94674682617188, 359.94891357421875)","(-2.11417818069458, -0.037970684468746185, -35.35200881958008)","(359.9372863769531, 177.86135864257812, 0.0028499693144112825)",1e-06,0.0289,"(-0.000205, 0.000039, 0.008373)",LeftFalse_RightFalse,False,"(1.8894362449645996, -0.06650075316429138, 38.40488815307617)","(356.6862487792969, 352.0423278808594, 355.7682189941406)",-0.496211,-1.0,"(0.000019, -0.000005, -0.000005)",LeftFalse_RightFalse
17.992432,0.020043,"(-1.7560768127441406, 1.1599111557006836, -35.51045608520508)","(10.848531723022461, 145.7840576171875, 359.10638427734375)","(-1.844490647315979, 1.1925108432769775, -35.50935745239258)","(359.9635925292969, 234.94557189941406, 359.9490051269531)","(-2.114190101623535, -0.037968553602695465, -35.351524353027344)","(359.93743896484375, 177.8601837158203, 0.0028461210895329714)",1e-06,0.0289,"(-0.000213, 0.000031, 0.009003)",LeftFalse_RightFalse,False,"(1.8894376754760742, -0.0665006935596466, 38.40489196777344)","(356.6862487792969, 352.0422668457031, 355.7682189941406)",-0.496211,-1.0,"(0.000019, -0.000004, -0.000005)",LeftFalse_RightFalse
18.032837,0.020063,"(-1.7553820610046387, 1.1584784984588623, -35.5096435546875)","(11.371587753295898, 144.88710021972656, 358.8113098144531)","(-1.8444979190826416, 1.1925127506256104, -35.50907897949219)","(359.96343994140625, 234.94564819335938, 359.9488220214844)","(-2.1141977310180664, -0.037967294454574585, -35.35124969482422)","(359.9371643066406, 177.8602752685547, 0.002878229133784771)",1e-06,0.0289,"(-0.000181, 0.000029, 0.006202)",LeftFalse_RightFalse,False,"(1.889438509941101, -0.0665007084608078, 38.40488815307617)","(356.6862487792969, 352.0422668457031, 355.7682189941406)",-0.496211,-1.0,"(0.000019, -0.000004, -0.000005)",LeftFalse_RightFalse
18.073486,0.020093,"(-1.7546350955963135, 1.1573574542999268, -35.50881576538086)","(11.880204200744629, 143.99383544921875, 358.47711181640625)","(-1.8445056676864624, 1.1925140619277954, -35.50880432128906)","(359.96331787109375, 234.94586181640625, 359.9486389160156)","(-2.1142053604125977, -0.037966519594192505, -35.35097885131836)","(359.93695068359375, 177.86045837402344, 0.002904621185734868)",1e-06,0.0289,"(-0.000193, 0.000020, 0.006453)",LeftFalse_RightFalse,False,"(1.889439582824707, -0.06650058925151825, 38.40488815307617)","(356.6862487792969, 352.042236328125, 355.7682189941406)",-0.49621,-1.0,"(0.000019, -0.000002, -0.000005)",LeftFalse_RightFalse
18.113647,0.020064,"(-1.7540217638015747, 1.1566505432128906, -35.508026123046875)","(12.262236595153809, 143.29373168945312, 358.16510009765625)","(-1.8445143699645996, 1.192514419555664, -35.50846481323242)","(359.96337890625, 234.9456024169922, 359.94873046875)","(-2.1142146587371826, -0.037965819239616394, -35.35063934326172)","(359.93707275390625, 177.86019897460938, 0.0028996386099606752)",1e-06,0.0289,"(-0.000274, 0.000011, 0.011164)",LeftFalse_RightFalse,False,"(1.8894405364990234, -0.06650055944919586, 38.40488815307617)","(356.6862487792969, 352.0422058105469, 355.7682189941406)",-0.496213,-1.0,"(0.000019, -0.000003, -0.000005)",LeftFalse_RightFalse
18.175415,0.020329,"(-1.752795696258545, 1.1550686359405518, -35.506534576416016)","(13.05842399597168, 142.24681091308594, 357.7384338378906)","(-1.8445316553115845, 1.192514181137085, -35.50785827636719)","(359.9635925292969, 234.94613647460938, 359.94903564453125)","(-2.114230155944824, -0.03796511888504028, -35.35002136230469)","(359.93743896484375, 177.8607635498047, 0.00287269102409482)",0.0,0.0289,"(-0.000237, 0.000009, 0.009198)",LeftFalse_RightFalse,False,"(1.8894418478012085, -0.06650063395500183, 38.40488815307617)","(356.6862487792969, 352.04217529296875, 355.7682189941406)",-0.49621,-1.0,"(0.000019, -0.000004, -0.000005)",LeftFalse_RightFalse
18.235107,0.020106,"(-1.7509100437164307, 1.1542977094650269, -35.50520324707031)","(13.423587799072266, 141.22866821289062, 357.8312072753906)","(-1.84454345703125, 1.192514419555664, -35.50727462768555)","(359.9635925292969, 234.94515991210938, 359.94903564453125)","(-2.1142449378967285, -0.03796485438942909, -35.34944152832031)","(359.93743896484375, 177.85977172851562, 0.002883326727896929)",0.0,0.0289,"(-0.000242, 0.000003, 0.008892)",LeftFalse_RightFalse,False,"(1.8894433975219727, -0.0665006935596466, 38.40488815307617)","(356.6862487792969, 352.0421447753906, 355.76824951171875)",-0.496209,-1.0,"(0.000019, -0.000004, -0.000005)",LeftFalse_RightFalse
18.276367,0.020275,"(-1.7497732639312744, 1.1539947986602783, -35.504234313964844)","(13.608283996582031, 140.52517700195312, 357.9491882324219)","(-1.8445545434951782, 1.192514419555664, -35.506874084472656)","(359.9635314941406, 234.94541931152344, 359.948974609375)","(-2.114255428314209, -0.03796490281820297, -35.34904479980469)","(359.9373474121094, 177.8600311279297, 0.002893128665164113)",0.0,0.0289,"(-0.000265, -0.000005, 0.010142)",LeftFalse_RightFalse,False,"(1.889444351196289, -0.0665007159113884, 38.40488815307617)","(356.6862487792969, 352.0421142578125, 355.76824951171875)",-0.496211,-1.0,"(0.000019, -0.000004, -0.000005)",LeftFalse_RightFalse
18.334351,0.019838,"(-1.7476065158843994, 1.1531518697738647, -35.50230407714844)","(13.915539741516113, 139.8013153076172, 358.0813293457031)","(-1.8445727825164795, 1.1925140619277954, -35.50629425048828)","(359.9635314941406, 234.9463653564453, 359.948974609375)","(-2.1142711639404297, -0.03796527534723282, -35.34845733642578)","(359.9373474121094, 177.8609619140625, 0.002897388767451048)",0.0,0.0289,"(-0.000310, -0.000011, 0.012460)",LeftFalse_RightFalse,False,"(1.8894456624984741, -0.06650073826313019, 38.40488815307617)","(356.6862487792969, 352.0420837402344, 355.76824951171875)",-0.49621,-1.0,"(0.000019, -0.000004, -0.000005)",LeftFalse_RightFalse
18.375244,0.020037,"(-1.7461950778961182, 1.1524522304534912, -35.50090789794922)","(14.26204776763916, 139.37814331054688, 358.257568359375)","(-1.8445836305618286, 1.1925134658813477, -35.50581741333008)","(359.963623046875, 234.94581604003906, 359.9490966796875)","(-2.114283323287964, -0.03796561807394028, -35.34798049926758)","(359.9375, 177.8604278564453, 0.002884180983528495)",0.0,0.0289,"(-0.000318, -0.000009, 0.012660)",LeftFalse_RightFalse,False,"(1.8894466161727905, -0.06650068610906601, 38.40488815307617)","(356.6862487792969, 352.04205322265625, 355.7682189941406)",-0.496212,-1.0,"(0.000019, -0.000004, -0.000005)",LeftFalse_RightFalse
18.417847,0.020521,"(-1.745272159576416, 1.1519923210144043, -35.499794006347656)","(14.535920143127441, 139.13436889648438, 358.443603515625)","(-1.8445956707000732, 1.1925128698349, -35.505313873291016)","(359.9636535644531, 234.9454345703125, 359.9491271972656)","(-2.1142964363098145, -0.03796602040529251, -35.347476959228516)","(359.93756103515625, 177.86004638671875, 0.002881959080696106)",0.0,0.0289,"(-0.000304, -0.000010, 0.011761)",LeftFalse_RightFalse,False,"(1.8894476890563965, -0.06650058180093765, 38.40488815307617)","(356.6862487792969, 352.0420227050781, 355.76824951171875)",-0.496211,-1.0,"(0.000019, -0.000003, -0.000005)",LeftFalse_RightFalse
18.477661,0.020196,"(-1.7430425882339478, 1.151626467704773, -35.497535705566406)","(14.683870315551758, 139.02655029296875, 359.22528076171875)","(-1.8446133136749268, 1.1925121545791626, -35.50458908081055)","(359.9636535644531, 234.94500732421875, 359.94915771484375)","(-2.1143152713775635, -0.03796669840812683, -35.34675598144531)","(359.93756103515625, 177.859619140625, 0.002883626613765955)",0.0,0.0289,"(-0.000317, -0.000012, 0.012200)",LeftFalse_RightFalse,False,"(1.889449119567871, -0.06650059670209885, 38.40488815307617)","(356.6862487792969, 352.0419921875, 355.76824951171875)",-0.496209,-1.0,"(0.000019, -0.000006, -0.000005)",LeftFalse_RightFalse
18.533447,0.019394,"(-1.7419357299804688, 1.1516362428665161, -35.49580764770508)","(14.648548126220703, 138.9685821533203, 359.68597412109375)","(-1.8446308374404907, 1.192512035369873, -35.503929138183594)","(359.9635314941406, 234.94505310058594, 359.948974609375)","(-2.114332914352417, -0.03796736150979996, -35.346099853515625)","(359.9373474121094, 177.8596649169922, 0.002903958782553673)",0.0,0.0289,"(-0.000332, -0.000015, 0.012517)",LeftFalse_RightFalse,False,"(1.8894504308700562, -0.06650060415267944, 38.40488815307617)","(356.6862487792969, 352.0419616699219, 355.76824951171875)",-0.496216,-1.0,"(0.000019, -0.000005, -0.000005)",LeftFalse_RightFalse
18.573853,0.019671,"(-1.7414268255233765, 1.1518657207489014, -35.49446105957031)","(14.512880325317383, 139.28684997558594, 0.14933250844478607)","(-1.8446416854858398, 1.1925115585327148, -35.5034294128418)","(359.9635009765625, 234.94412231445312, 359.948974609375)","(-2.114346504211426, -0.03796795383095741, -35.345603942871094)","(359.93731689453125, 177.8587188720703, 0.002907846588641405)",0.0,0.0289,"(-0.000351, -0.000015, 0.013495)",LeftFalse_RightFalse,False,"(1.889451503753662, -0.06650061905384064, 38.40488815307617)","(356.6862487792969, 352.0419616699219, 355.76824951171875)",-0.496212,-1.0,"(0.000019, -0.000005, -0.000005)",LeftFalse_RightFalse
18.614624,0.019885,"(-1.74132239818573, 1.1520122289657593, -35.49308776855469)","(14.399492263793945, 139.4464111328125, 0.6257460713386536)","(-1.8446531295776367, 1.1925108432769775, -35.502906799316406)","(359.9635009765625, 234.94338989257812, 359.948974609375)","(-2.1143598556518555, -0.037968602031469345, -35.34508514404297)","(359.93731689453125, 177.8579864501953, 0.0029057697393000126)",0.0,0.0289,"(-0.000349, -0.000016, 0.013370)",LeftFalse_RightFalse,False,"(1.8894524574279785, -0.06650063395500183, 38.40488815307617)","(356.6862487792969, 352.04193115234375, 355.76824951171875)",-0.496212,-1.0,"(0.000019, -0.000005, -0.000005)",LeftFalse_RightFalse
18.674072,0.019804,"(-1.7412480115890503, 1.1527167558670044, -35.4915885925293)","(14.074925422668457, 139.7156524658203, 1.3490960597991943)","(-1.8446762561798096, 1.1925097703933716, -35.50212097167969)","(359.9635314941406, 234.9441375732422, 359.9490051269531)","(-2.1143808364868164, -0.03796956315636635, -35.344295501708984)","(359.9373474121094, 177.85874938964844, 0.0029002695810049772)",0.0,0.0289,"(-0.000349, -0.000015, 0.013160)",LeftFalse_RightFalse,False,"(1.8894538879394531, -0.06650064885616302, 38.40488815307617)","(356.6862487792969, 352.0419006347656, 355.76824951171875)",-0.496211,-1.0,"(0.000019, -0.000003, -0.000005)",LeftFalse_RightFalse
18.729614,0.019258,"(-1.741626501083374, 1.1532930135726929, -35.49074935913086)","(13.823272705078125, 139.94190979003906, 1.6849491596221924)","(-1.844693899154663, 1.1925088167190552, -35.501346588134766)","(359.96356201171875, 234.94309997558594, 359.94903564453125)","(-2.114401340484619, -0.03797042742371559, -35.34352493286133)","(359.9374084472656, 177.8577117919922, 0.002899352926760912)",0.0,0.0289,"(-0.000377, -0.000016, 0.014199)",LeftFalse_RightFalse,False,"(1.8894550800323486, -0.06650064140558243, 38.40488815307617)","(356.6862487792969, 352.0418701171875, 355.76824951171875)",-0.49621,-1.0,"(0.000019, -0.000004, -0.000005)",LeftFalse_RightFalse
18.787598,0.01924,"(-1.7418711185455322, 1.1535866260528564, -35.490943908691406)","(13.462506294250488, 140.37120056152344, 1.6494426727294922)","(-1.8447120189666748, 1.1925076246261597, -35.50048828125)","(359.963623046875, 234.94149780273438, 359.9490966796875)","(-2.1144237518310547, -0.03797135502099991, -35.342674255371094)","(359.9375, 177.8561248779297, 0.0028909817337989807)",0.0,0.0289,"(-0.000396, -0.000017, 0.015569)",LeftFalse_RightFalse,False,"(1.8894565105438232, -0.06650057435035706, 38.40488815307617)","(356.6862487792969, 352.04180908203125, 355.76824951171875)",-0.496213,-1.0,"(0.000019, -0.000004, -0.000005)",LeftFalse_RightFalse
18.844971,0.019191,"(-1.742010474205017, 1.1538820266723633, -35.49058151245117)","(13.4423246383667, 140.6184539794922, 1.8820667266845703)","(-1.8447338342666626, 1.1925063133239746, -35.49958419799805)","(359.9637145996094, 234.9409942626953, 359.94921875)","(-2.1144468784332275, -0.037972282618284225, -35.341766357421875)","(359.9376525878906, 177.85560607910156, 0.002877773717045784)",0.0,0.0289,"(-0.000409, -0.000017, 0.015913)",LeftFalse_RightFalse,False,"(1.8894579410552979, -0.06650060415267944, 38.40488815307617)","(356.6862487792969, 352.0417785644531, 355.76824951171875)",-0.496207,-1.0,"(0.000019, -0.000003, -0.000005)",LeftFalse_RightFalse
18.903442,0.01925,"(-1.7429739236831665, 1.1540398597717285, -35.48966598510742)","(13.644383430480957, 140.90597534179688, 1.7844250202178955)","(-1.8447556495666504, 1.1925050020217896, -35.498626708984375)","(359.9637451171875, 234.940185546875, 359.94927978515625)","(-2.114470958709717, -0.03797338157892227, -35.34081268310547)","(359.9377136230469, 177.8547821044922, 0.0028728381730616093)",0.0,0.0289,"(-0.000396, -0.000017, 0.014940)",LeftFalse_RightFalse,False,"(1.889459252357483, -0.06650060415267944, 38.40488815307617)","(356.6862487792969, 352.041748046875, 355.76824951171875)",-0.49621,-1.0,"(0.000019, -0.000006, -0.000005)",LeftFalse_RightFalse
18.961426,0.019273,"(-1.7438604831695557, 1.1541223526000977, -35.48904037475586)","(13.711674690246582, 141.32913208007812, 1.7349879741668701)","(-1.8447755575180054, 1.192504644393921, -35.49771499633789)","(359.9635925292969, 234.93875122070312, 359.9490661621094)","(-2.114495038986206, -0.037974417209625244, -35.33991241455078)","(359.9374694824219, 177.85336303710938, 0.002898584119975567)",0.0,0.0289,"(-0.000426, -0.000021, 0.016408)",LeftFalse_RightFalse,False,"(1.8894606828689575, -0.0665006935596466, 38.40488815307617)","(356.6862487792969, 352.0417175292969, 355.76824951171875)",-0.496211,-1.0,"(0.000019, -0.000004, -0.000005)",LeftFalse_RightFalse
19.002075,0.019604,"(-1.7444432973861694, 1.1541547775268555, -35.48841094970703)","(13.740013122558594, 141.60992431640625, 1.6751916408538818)","(-1.8447935581207275, 1.1925039291381836, -35.4970588684082)","(359.9635314941406, 234.93914794921875, 359.9490051269531)","(-2.1145119667053223, -0.037975262850522995, -35.339256286621094)","(359.9373779296875, 177.853759765625, 0.00290243630297482)",0.0,0.0289,"(-0.000410, -0.000020, 0.015412)",LeftFalse_RightFalse,False,"(1.889461636543274, -0.066500723361969, 38.40488815307617)","(356.6862487792969, 352.04168701171875, 355.76824951171875)",-0.496211,-1.0,"(0.000019, -0.000005, -0.000005)",LeftFalse_RightFalse
19.063232,0.020021,"(-1.7456386089324951, 1.1541831493377686, -35.4876708984375)","(13.792196273803711, 142.1836700439453, 1.4669657945632935)","(-1.8448189496994019, 1.1925034523010254, -35.49611282348633)","(359.9633483886719, 234.9390869140625, 359.9487609863281)","(-2.1145379543304443, -0.03797663375735283, -35.33831787109375)","(359.93707275390625, 177.85369873046875, 0.0029311366379261017)",0.0,0.0289,"(-0.000442, -0.000023, 0.016415)",LeftFalse_RightFalse,False,"(1.889462947845459, -0.06650074571371078, 38.40488815307617)","(356.6862487792969, 352.0416564941406, 355.76824951171875)",-0.49621,-1.0,"(0.000019, -0.000004, -0.000005)",LeftFalse_RightFalse
19.119751,0.019485,"(-1.7469334602355957, 1.15419602394104, -35.487327575683594)","(13.573060035705566, 142.19668579101562, 1.6404238939285278)","(-1.8448469638824463, 1.1925019025802612, -35.49517059326172)","(359.9634094238281, 234.94003295898438, 359.9488220214844)","(-2.114563226699829, -0.0379779227077961, -35.33736801147461)","(359.9371643066406, 177.85462951660156, 0.002918967278674245)",0.0,0.0289,"(-0.000459, -0.000024, 0.017407)",LeftFalse_RightFalse,False,"(1.8894643783569336, -0.06650059670209885, 38.40488815307617)","(356.6862487792969, 352.0416259765625, 355.76824951171875)",-0.496211,-1.0,"(0.000019, -0.000004, -0.000005)",LeftFalse_RightFalse
19.178345,0.019517,"(-1.7478036880493164, 1.1544569730758667, -35.48707580566406)","(13.188663482666016, 142.4486846923828, 2.076190710067749)","(-1.844874620437622, 1.1925005912780762, -35.49416732788086)","(359.96343994140625, 234.9402313232422, 359.9488830566406)","(-2.1145901679992676, -0.037979088723659515, -35.33636474609375)","(359.9372253417969, 177.85484313964844, 0.002910716226324439)",0.0,0.0289,"(-0.000466, -0.000021, 0.017792)",LeftFalse_RightFalse,False,"(1.8894656896591187, -0.06650056689977646, 38.40488815307617)","(356.6862487792969, 352.0415954589844, 355.76824951171875)",-0.496211,-1.0,"(0.000019, -0.000004, -0.000005)",LeftFalse_RightFalse
19.219604,0.01993,"(-1.7479952573776245, 1.154849886894226, -35.486846923828125)","(12.720004081726074, 142.66123962402344, 2.519758939743042)","(-1.844895839691162, 1.1924992799758911, -35.49340057373047)","(359.96356201171875, 234.94058227539062, 359.94903564453125)","(-2.114610195159912, -0.03797987475991249, -35.33559036254883)","(359.9374084472656, 177.85519409179688, 0.002894014585763216)",0.0,0.0289,"(-0.000474, -0.000019, 0.018029)",LeftFalse_RightFalse,False,"(1.8894667625427246, -0.06650062650442123, 38.40488815307617)","(356.6862487792969, 352.04156494140625, 355.76824951171875)",-0.496215,-1.0,"(0.000019, -0.000006, -0.000005)",LeftFalse_RightFalse
19.275757,0.019212,"(-1.7481595277786255, 1.1563071012496948, -35.48628234863281)","(12.170287132263184, 142.83865356445312, 3.0806424617767334)","(-1.844925880432129, 1.1924985647201538, -35.492408752441406)","(359.9635009765625, 234.94183349609375, 359.9489440917969)","(-2.1146368980407715, -0.03798094764351845, -35.3345947265625)","(359.93731689453125, 177.85643005371094, 0.00290438299998641)",0.0,0.0289,"(-0.000505, -0.000024, 0.019600)",LeftFalse_RightFalse,False,"(1.8894679546356201, -0.06650066375732422, 38.40488815307617)","(356.6862487792969, 352.0415344238281, 355.76824951171875)",-0.496212,-1.0,"(0.000019, -0.000005, -0.000005)",LeftFalse_RightFalse
19.333618,0.019295,"(-1.7480542659759521, 1.1580500602722168, -35.485713958740234)","(11.851616859436035, 142.97877502441406, 3.939548969268799)","(-1.8449537754058838, 1.1924970149993896, -35.49131393432617)","(359.9635314941406, 234.94151306152344, 359.9490051269531)","(-2.1146655082702637, -0.03798218071460724, -35.333499908447266)","(359.9373779296875, 177.8561248779297, 0.002896527759730816)",0.0,0.0289,"(-0.000497, -0.000020, 0.018970)",LeftFalse_RightFalse,False,"(1.8894693851470947, -0.066500723361969, 38.40488815307617)","(356.6862487792969, 352.04150390625, 355.76824951171875)",-0.496211,-1.0,"(0.000019, -0.000005, -0.000005)",LeftFalse_RightFalse
19.375732,0.019936,"(-1.747525691986084, 1.1605830192565918, -35.48586654663086)","(10.688939094543457, 143.32579040527344, 4.734153747558594)","(-1.8449732065200806, 1.192496657371521, -35.490543365478516)","(359.96343994140625, 234.94113159179688, 359.9488830566406)","(-2.1146862506866455, -0.03798305243253708, -35.33273696899414)","(359.9372253417969, 177.8557586669922, 0.00291283312253654)",0.0,0.0289,"(-0.000508, -0.000022, 0.018983)",LeftFalse_RightFalse,False,"(1.8894704580307007, -0.06650065630674362, 38.40488815307617)","(356.6862487792969, 352.0414733886719, 355.76824951171875)",-0.496212,-1.0,"(0.000019, -0.000004, -0.000005)",LeftFalse_RightFalse
19.435303,0.019888,"(-1.7467796802520752, 1.164373755455017, -35.48592758178711)","(8.547561645507812, 143.76092529296875, 5.8529133796691895)","(-1.845001459121704, 1.192495346069336, -35.48939514160156)","(359.9634704589844, 234.9403076171875, 359.94891357421875)","(-2.1147167682647705, -0.03798440098762512, -35.33158874511719)","(359.937255859375, 177.85491943359375, 0.0029084463603794575)",0.0,0.0289,"(-0.000494, -0.000022, 0.018223)",LeftFalse_RightFalse,False,"(1.8894717693328857, -0.06650060415267944, 38.40488815307617)","(356.6862487792969, 352.04144287109375, 355.76824951171875)",-0.496211,-1.0,"(0.000019, -0.000003, -0.000005)",LeftFalse_RightFalse
19.492676,0.019565,"(-1.7452375888824463, 1.1680337190628052, -35.485111236572266)","(5.698307514190674, 144.0837860107422, 7.294559478759766)","(-1.8450300693511963, 1.1924937963485718, -35.48824691772461)","(359.9635009765625, 234.93975830078125, 359.9489440917969)","(-2.1147468090057373, -0.03798571228981018, -35.3304443359375)","(359.93731689453125, 177.8543701171875, 0.0029034740291535854)",0.0,0.0289,"(-0.000524, -0.000022, 0.019582)",LeftFalse_RightFalse,False,"(1.8894731998443604, -0.06650058925151825, 38.40489196777344)","(356.6862487792969, 352.0414123535156, 355.76824951171875)",-0.496211,-1.0,"(0.000019, -0.000004, -0.000005)",LeftFalse_RightFalse
19.533325,0.019824,"(-1.744123101234436, 1.1714577674865723, -35.48494338989258)","(4.019885540008545, 144.63931274414062, 7.839326858520508)","(-1.84505295753479, 1.192492961883545, -35.487449645996094)","(359.96343994140625, 234.9403076171875, 359.9488830566406)","(-2.1147682666778564, -0.03798671066761017, -35.32964324951172)","(359.9372253417969, 177.85491943359375, 0.0029106945730745792)",0.0,0.0289,"(-0.000537, -0.000022, 0.019960)",LeftFalse_RightFalse,False,"(1.8894741535186768, -0.06650060415267944, 38.40488815307617)","(356.6862487792969, 352.0413818359375, 355.76824951171875)",-0.496211,-1.0,"(0.000019, -0.000004, -0.000005)",LeftFalse_RightFalse
19.591797,0.019655,"(-1.7429697513580322, 1.176048755645752, -35.4841423034668)","(2.066924571990967, 144.9322509765625, 8.117690086364746)","(-1.8450865745544434, 1.1924920082092285, -35.48629379272461)","(359.9633483886719, 234.94105529785156, 359.94879150390625)","(-2.114799976348877, -0.037988096475601196, -35.328487396240234)","(359.9371032714844, 177.8556671142578, 0.0029237139970064163)",0.0,0.0289,"(-0.000537, -0.000027, 0.019860)",LeftFalse_RightFalse,False,"(1.8894755840301514, -0.06650063395500183, 38.40489196777344)","(356.6862487792969, 352.0413513183594, 355.76824951171875)",-0.496211,-1.0,"(0.000019, -0.000004, -0.000005)",LeftFalse_RightFalse
19.649536,0.019458,"(-1.7420499324798584, 1.1808550357818604, -35.48289489746094)","(0.6260092854499817, 144.66729736328125, 8.191423416137695)","(-1.8451173305511475, 1.1924903392791748, -35.485103607177734)","(359.96337890625, 234.9407958984375, 359.94879150390625)","(-2.1148314476013184, -0.03798959031701088, -35.327301025390625)","(359.9371337890625, 177.8553924560547, 0.0029172231443226337)",0.0,0.0289,"(-0.000553, -0.000024, 0.020515)",LeftFalse_RightFalse,False,"(1.889477014541626, -0.06650066375732422, 38.40488815307617)","(356.6862487792969, 352.04132080078125, 355.76824951171875)",-0.496212,-1.0,"(0.000019, -0.000004, -0.000005)",LeftFalse_RightFalse
19.708618,0.019624,"(-1.740700364112854, 1.1850322484970093, -35.47986602783203)","(359.14093017578125, 143.9253692626953, 8.757950782775879)","(-1.8451502323150635, 1.192488431930542, -35.48381805419922)","(359.9635009765625, 234.94039916992188, 359.9489440917969)","(-2.1148650646209717, -0.03799106180667877, -35.326011657714844)","(359.93731689453125, 177.85499572753906, 0.0028957927133888006)",0.0,0.0289,"(-0.000580, -0.000024, 0.022371)",LeftFalse_RightFalse,False,"(1.8894784450531006, -0.0665006935596466, 38.40489196777344)","(356.6862487792969, 352.0412902832031, 355.76824951171875)",-0.496211,-1.0,"(0.000019, -0.000004, -0.000005)",LeftFalse_RightFalse
19.766724,0.019496,"(-1.738584041595459, 1.1916249990463257, -35.476253509521484)","(358.7723388671875, 142.9226531982422, 9.942179679870605)","(-1.8451828956604004, 1.1924867630004883, -35.482505798339844)","(359.9635925292969, 234.94000244140625, 359.9490661621094)","(-2.114898681640625, -0.0379924401640892, -35.32469940185547)","(359.93743896484375, 177.85459899902344, 0.0028837791178375483)",0.0,0.0289,"(-0.000577, -0.000023, 0.021841)",LeftFalse_RightFalse,False,"(1.8894797563552856, -0.06650067865848541, 38.40488815307617)","(356.6862487792969, 352.041259765625, 355.76824951171875)",-0.496211,-1.0,"(0.000019, -0.000003, -0.000005)",LeftFalse_RightFalse
19.807007,0.019752,"(-1.7361960411071777, 1.1976699829101562, -35.47336196899414)","(359.0307922363281, 141.9244384765625, 10.629554748535156)","(-1.8452037572860718, 1.1924861669540405, -35.481624603271484)","(359.9635009765625, 234.93914794921875, 359.9489440917969)","(-2.114922046661377, -0.037993334233760834, -35.32382583618164)","(359.9372863769531, 177.85374450683594, 0.002899735700339079)",0.0,0.0289,"(-0.000584, -0.000025, 0.021952)",LeftFalse_RightFalse,False,"(1.889480710029602, -0.06650050729513168, 38.40488815307617)","(356.6862487792969, 352.0412292480469, 355.76824951171875)",-0.496211,-1.0,"(0.000019, -0.000003, -0.000005)",LeftFalse_RightFalse
19.86438,0.01936,"(-1.732802391052246, 1.2064692974090576, -35.47083282470703)","(0.09657081216573715, 140.6021270751953, 10.64877986907959)","(-1.8452409505844116, 1.192484736442566, -35.4803352355957)","(359.9635009765625, 234.940185546875, 359.9489440917969)","(-2.1149563789367676, -0.03799489140510559, -35.32252883911133)","(359.9372863769531, 177.8547821044922, 0.0028987638652324677)",0.0,0.0289,"(-0.000612, -0.000028, 0.023861)",LeftFalse_RightFalse,False,"(1.8894821405410767, -0.06650051474571228, 38.40488815307617)","(356.6862487792969, 352.04119873046875, 355.76824951171875)",-0.49621,-1.0,"(0.000019, -0.000004, -0.000005)",LeftFalse_RightFalse
19.905273,0.019714,"(-1.7308101654052734, 1.2128517627716064, -35.46943664550781)","(1.5539661645889282, 140.14105224609375, 9.978780746459961)","(-1.8452658653259277, 1.192482829093933, -35.479347229003906)","(359.963623046875, 234.94015502929688, 359.9490966796875)","(-2.114981174468994, -0.03799618035554886, -35.321537017822266)","(359.9375, 177.85475158691406, 0.0028788154013454914)",0.0,0.0289,"(-0.000605, -0.000026, 0.023169)",LeftFalse_RightFalse,False,"(1.889483094215393, -0.06650051474571228, 38.40488815307617)","(356.6862487792969, 352.0411682128906, 355.76824951171875)",-0.496211,-1.0,"(0.000019, -0.000005, -0.000005)",LeftFalse_RightFalse
19.945435,0.019822,"(-1.7295725345611572, 1.2168371677398682, -35.46821594238281)","(2.461205005645752, 139.8431396484375, 9.554227828979492)","(-1.845287561416626, 1.1924819946289062, -35.47838592529297)","(359.963623046875, 234.93899536132812, 359.9490966796875)","(-2.1150059700012207, -0.037997107952833176, -35.32058334350586)","(359.9375, 177.85360717773438, 0.0028787003830075264)",0.0,0.0289,"(-0.000625, -0.000026, 0.024557)",LeftFalse_RightFalse,False,"(1.88948392868042, -0.06650057435035706, 38.40488815307617)","(356.6862487792969, 352.0411682128906, 355.76824951171875)",-0.496213,-1.0,"(0.000019, -0.000005, -0.000005)",LeftFalse_RightFalse
20.003418,0.019542,"(-1.7234275341033936, 1.2318624258041382, -35.47586441040039)","(7.41480827331543, 138.80223083496094, 6.977235794067383)","(-1.8453209400177002, 1.1924805641174316, -35.47700500488281)","(359.9635314941406, 234.93829345703125, 359.9490051269531)","(-2.115041494369507, -0.037998780608177185, -35.31920623779297)","(359.9373779296875, 177.85289001464844, 0.002893715864047408)",0.0,0.0289,"(-0.000607, -0.000027, 0.022706)",LeftFalse_RightFalse,False,"(1.8894853591918945, -0.06650063395500183, 38.40488815307617)","(356.6862487792969, 352.0411376953125, 355.76824951171875)",-0.496211,-1.0,"(0.000019, -0.000004, -0.000005)",LeftFalse_RightFalse
20.057129,0.018781,"(-1.7180566787719727, 1.2431228160858154, -35.484771728515625)","(10.90776538848877, 137.3883819580078, 6.285582542419434)","(-1.8453524112701416, 1.1924799680709839, -35.475765228271484)","(359.9633483886719, 234.93780517578125, 359.9487609863281)","(-2.115074634552002, -0.038000162690877914, -35.31797790527344)","(359.93707275390625, 177.8524169921875, 0.0029202389996498823)",0.0,0.0289,"(-0.000628, -0.000030, 0.023486)",LeftFalse_RightFalse,False,"(1.88948655128479, -0.06650066375732422, 38.40488815307617)","(356.6862487792969, 352.0411071777344, 355.7682800292969)",-0.496212,-1.0,"(0.000019, -0.000004, -0.000005)",LeftFalse_RightFalse
20.113159,0.018801,"(-1.709450602531433, 1.2548712491989136, -35.500667572021484)","(15.004928588867188, 135.57086181640625, 5.6587300300598145)","(-1.8453843593597412, 1.1924785375595093, -35.47443771362305)","(359.9632873535156, 234.9366455078125, 359.94866943359375)","(-2.115109920501709, -0.038001928478479385, -35.31665802001953)","(359.93695068359375, 177.8512420654297, 0.002927417168393731)",0.0,0.0289,"(-0.000629, -0.000030, 0.023361)",LeftFalse_RightFalse,False,"(1.8894879817962646, -0.06650060415267944, 38.40488815307617)","(356.6862487792969, 352.04107666015625, 355.7682800292969)",-0.49621,-1.0,"(0.000019, -0.000004, -0.000005)",LeftFalse_RightFalse
20.171631,0.019111,"(-1.699916124343872, 1.2630113363265991, -35.51963806152344)","(20.141109466552734, 134.54605102539062, 2.8892605304718018)","(-1.8454184532165527, 1.1924761533737183, -35.47298049926758)","(359.9634094238281, 234.9351806640625, 359.9488220214844)","(-2.115147829055786, -0.03800375759601593, -35.31520080566406)","(359.9371643066406, 177.8497772216797, 0.002906321082264185)",0.0,0.0289,"(-0.000660, -0.000029, 0.025546)",LeftFalse_RightFalse,False,"(1.8894894123077393, -0.06650051474571228, 38.40488815307617)","(356.6862487792969, 352.041015625, 355.7682800292969)",-0.496211,-1.0,"(0.000019, -0.000004, -0.000005)",LeftFalse_RightFalse
20.22876,0.019158,"(-1.6903449296951294, 1.2666471004486084, -35.5378303527832)","(25.57744598388672, 133.33518981933594, 358.54278564453125)","(-1.845456600189209, 1.192474603652954, -35.471553802490234)","(359.9634094238281, 234.93545532226562, 359.9488220214844)","(-2.115185022354126, -0.03800529986619949, -35.31377410888672)","(359.9371643066406, 177.8500518798828, 0.002904509427025914)",0.0,0.0289,"(-0.000660, -0.000029, 0.025254)",LeftFalse_RightFalse,False,"(1.8894908428192139, -0.06650052219629288, 38.40488815307617)","(356.6862487792969, 352.0409851074219, 355.7682800292969)",-0.496212,-1.0,"(0.000019, -0.000005, -0.000005)",LeftFalse_RightFalse
20.286377,0.019215,"(-1.6767961978912354, 1.2654070854187012, -35.560428619384766)","(32.61853790283203, 130.1709747314453, 350.4587707519531)","(-1.845494031906128, 1.1924731731414795, -35.47010803222656)","(359.96337890625, 234.93524169921875, 359.9487609863281)","(-2.1152231693267822, -0.03800708055496216, -35.31233215332031)","(359.9371032714844, 177.849853515625, 0.0029124594293534756)",0.0,0.0289,"(-0.000633, -0.000027, 0.023088)",LeftFalse_RightFalse,False,"(1.8894920349121094, -0.06650060415267944, 38.40488815307617)","(356.6862487792969, 352.04095458984375, 355.7682800292969)",-0.496211,-1.0,"(0.000019, -0.000004, -0.000005)",LeftFalse_RightFalse
20.326904,0.019557,"(-1.6692264080047607, 1.2639235258102417, -35.57217788696289)","(36.2755241394043, 127.73741912841797, 345.3464660644531)","(-1.8455218076705933, 1.192472219467163, -35.4691276550293)","(359.9632568359375, 234.93582153320312, 359.9486389160156)","(-2.1152496337890625, -0.03800828382372856, -35.31135177612305)","(359.9369201660156, 177.8504180908203, 0.0029275286942720413)",0.0,0.0289,"(-0.000668, -0.000030, 0.024864)",LeftFalse_RightFalse,False,"(1.8894931077957153, -0.06650061160326004, 38.40488815307617)","(356.6862487792969, 352.04095458984375, 355.7682800292969)",-0.49621,-1.0,"(0.000019, -0.000004, -0.000005)",LeftFalse_RightFalse
20.367188,0.019776,"(-1.652966022491455, 1.2575210332870483, -35.59331130981445)","(42.06140899658203, 122.90381622314453, 335.8035888671875)","(-1.8455448150634766, 1.1924712657928467, -35.46811294555664)","(359.9632263183594, 234.9344482421875, 359.9486083984375)","(-2.115276336669922, -0.0380094051361084, -35.31034469604492)","(359.9368896484375, 177.84906005859375, 0.002930779941380024)",0.0,0.0289,"(-0.000662, -0.000028, 0.024396)",LeftFalse_RightFalse,False,"(1.8894939422607422, -0.06650063395500183, 38.40488815307617)","(356.6862487792969, 352.0409240722656, 355.7682800292969)",-0.496211,-1.0,"(0.000019, -0.000004, -0.000005)",LeftFalse_RightFalse
20.426636,0.019837,"(-1.6292357444763184, 1.245999813079834, -35.62222671508789)","(48.86864471435547, 114.18103790283203, 321.7584533691406)","(-1.8455814123153687, 1.1924691200256348, -35.466583251953125)","(359.9632873535156, 234.93301391601562, 359.94866943359375)","(-2.115316867828369, -0.03801119700074196, -35.30881881713867)","(359.9369812011719, 177.8476104736328, 0.00292223715223372)",0.0,0.0289,"(-0.000715, -0.000032, 0.027632)",LeftFalse_RightFalse,False,"(1.8894954919815063, -0.06650063395500183, 38.40488815307617)","(356.6862487792969, 352.0408935546875, 355.7682800292969)",-0.496211,-1.0,"(0.000019, -0.000004, -0.000005)",LeftFalse_RightFalse
20.481689,0.019109,"(-1.6062471866607666, 1.2325220108032227, -35.649070739746094)","(53.96357727050781, 103.46517944335938, 307.0205993652344)","(-1.8456157445907593, 1.1924668550491333, -35.46508026123047)","(359.96343994140625, 234.93115234375, 359.9488830566406)","(-2.115355968475342, -0.03801283612847328, -35.30731964111328)","(359.9372253417969, 177.8457794189453, 0.0029014842584729195)",0.0,0.0289,"(-0.000696, -0.000029, 0.026513)",LeftFalse_RightFalse,False,"(1.8894968032836914, -0.06650055199861526, 38.40488815307617)","(356.6862487792969, 352.0408630371094, 355.7682800292969)",-0.496211,-1.0,"(0.000019, -0.000004, -0.000005)",LeftFalse_RightFalse
20.539673,0.019324,"(-1.5801562070846558, 1.2149460315704346, -35.677738189697266)","(58.146636962890625, 89.1603775024414, 288.0822448730469)","(-1.845650315284729, 1.1924656629562378, -35.463565826416016)","(359.96331787109375, 234.9290771484375, 359.94873046875)","(-2.115396499633789, -0.038014527410268784, -35.30582046508789)","(359.93701171875, 177.8437042236328, 0.0029220087453722954)",0.0,0.0289,"(-0.000710, -0.000031, 0.026817)",LeftFalse_RightFalse,False,"(1.8894981145858765, -0.06650054454803467, 38.40488815307617)","(356.6862487792969, 352.04083251953125, 355.7682800292969)",-0.496211,-1.0,"(0.000019, -0.000004, -0.000005)",LeftFalse_RightFalse
20.596924,0.019252,"(-1.5546711683273315, 1.1957350969314575, -35.7052116394043)","(60.1855583190918, 72.60728454589844, 266.36517333984375)","(-1.8456828594207764, 1.1924638748168945, -35.46200942993164)","(359.96331787109375, 234.9261474609375, 359.94873046875)","(-2.1154372692108154, -0.03801633417606354, -35.30427551269531)","(359.93701171875, 177.84075927734375, 0.0029242709279060364)",0.0,0.0289,"(-0.000705, -0.000030, 0.026097)",LeftFalse_RightFalse,False,"(1.889499545097351, -0.06650065630674362, 38.40488815307617)","(356.6862487792969, 352.040771484375, 355.7682800292969)",-0.49621,-1.0,"(0.000019, -0.000005, -0.000005)",LeftFalse_RightFalse
20.654419,0.019242,"(-1.5288002490997314, 1.1729247570037842, -35.732818603515625)","(60.066871643066406, 55.68757629394531, 243.6005401611328)","(-1.8457183837890625, 1.1924619674682617, -35.46043014526367)","(359.9633483886719, 234.92388916015625, 359.9487609863281)","(-2.115478992462158, -0.03801816701889038, -35.30270767211914)","(359.93707275390625, 177.83848571777344, 0.0029230492655187845)",0.0,0.0289,"(-0.000734, -0.000033, 0.027862)",LeftFalse_RightFalse,False,"(1.8895008563995361, -0.06650061905384064, 38.40488815307617)","(356.6862487792969, 352.0407409667969, 355.7682800292969)",-0.496211,-1.0,"(0.000019, -0.000003, -0.000005)",LeftFalse_RightFalse
20.709717,0.018851,"(-1.5069453716278076, 1.149867057800293, -35.75667190551758)","(58.787330627441406, 42.745262145996094, 225.2620849609375)","(-1.8457553386688232, 1.1924598217010498, -35.4588508605957)","(359.96343994140625, 234.9222412109375, 359.9488525390625)","(-2.115520477294922, -0.03801995515823364, -35.30113220214844)","(359.93719482421875, 177.8368377685547, 0.002912358148023486)",0.0,0.0289,"(-0.000736, -0.000030, 0.027527)",LeftFalse_RightFalse,False,"(1.8895022869110107, -0.06650063395500183, 38.40488815307617)","(356.6862487792969, 352.04071044921875, 355.7682800292969)",-0.496212,-1.0,"(0.000019, -0.000003, -0.000005)",LeftFalse_RightFalse
20.765259,0.018816,"(-1.4870429039001465, 1.124090552330017, -35.7803955078125)","(57.77872085571289, 31.5688419342041, 208.7335662841797)","(-1.8457924127578735, 1.192458152770996, -35.45729064941406)","(359.96337890625, 234.9207763671875, 359.94879150390625)","(-2.1155614852905273, -0.038021769374608994, -35.29957962036133)","(359.9371337890625, 177.83538818359375, 0.0029192292131483555)",0.0,0.0289,"(-0.000737, -0.000033, 0.027653)",LeftFalse_RightFalse,False,"(1.8895035982131958, -0.06650061160326004, 38.40489196777344)","(356.6862487792969, 352.0406799316406, 355.7682800292969)",-0.49621,-1.0,"(0.000019, -0.000003, -0.000005)",LeftFalse_RightFalse
20.819702,0.018458,"(-1.4696485996246338, 1.0920425653457642, -35.806976318359375)","(57.111305236816406, 20.29317855834961, 193.70216369628906)","(-1.8458397388458252, 1.192456841468811, -35.455787658691406)","(359.9632873535156, 234.92352294921875, 359.94866943359375)","(-2.1156015396118164, -0.038023605942726135, -35.29806900024414)","(359.93695068359375, 177.83811950683594, 0.0029335077852010727)",0.0,0.0289,"(-0.000745, -0.000035, 0.027662)",LeftFalse_RightFalse,False,"(1.8895047903060913, -0.06650044769048691, 38.40488815307617)","(356.6862487792969, 352.0406494140625, 355.7682800292969)",-0.496212,-1.0,"(0.000019, -0.000004, -0.000005)",LeftFalse_RightFalse
20.875854,0.018518,"(-1.4574244022369385, 1.0664176940917969, -35.827674865722656)","(55.507991790771484, 12.202449798583984, 183.9647216796875)","(-1.845884084701538, 1.1924549341201782, -35.4542121887207)","(359.9632568359375, 234.92417907714844, 359.9486083984375)","(-2.1156439781188965, -0.038025595247745514, -35.29648971557617)","(359.9368896484375, 177.83880615234375, 0.0029343513306230307)",0.0,0.0289,"(-0.000756, -0.000034, 0.028248)",LeftFalse_RightFalse,False,"(1.889506220817566, -0.06650041043758392, 38.40488815307617)","(356.6862487792969, 352.0406188964844, 355.7682800292969)",-0.49621,-1.0,"(0.000019, -0.000005, -0.000005)",LeftFalse_RightFalse
20.931274,0.018456,"(-1.4481631517410278, 1.0438395738601685, -35.84608459472656)","(53.07199478149414, 6.690352916717529, 178.22714233398438)","(-1.8459231853485107, 1.1924535036087036, -35.452640533447266)","(359.96319580078125, 234.9232177734375, 359.94854736328125)","(-2.1156859397888184, -0.038027454167604446, -35.294925689697266)","(359.9367980957031, 177.8378143310547, 0.0029411588329821825)",0.0,0.0289,"(-0.000769, -0.000035, 0.028780)",LeftFalse_RightFalse,False,"(1.889507532119751, -0.06650049984455109, 38.40488815307617)","(356.6862487792969, 352.04058837890625, 355.7682800292969)",-0.496205,-1.0,"(0.000019, -0.000004, -0.000005)",LeftFalse_RightFalse
20.984497,0.018131,"(-1.4405300617218018, 1.0228345394134521, -35.863609313964844)","(49.89896011352539, 3.555757522583008, 175.6741180419922)","(-1.8459594249725342, 1.1924511194229126, -35.45106887817383)","(359.9632873535156, 234.9212646484375, 359.94866943359375)","(-2.115727186203003, -0.03802931681275368, -35.29336166381836)","(359.93695068359375, 177.8358612060547, 0.0029250350780785084)",0.0,0.0289,"(-0.000795, -0.000034, 0.030521)",LeftFalse_RightFalse,False,"(1.8895087242126465, -0.06650051474571228, 38.40488815307617)","(356.6862487792969, 352.0405578613281, 355.7682800292969)",-0.496211,-1.0,"(0.000019, -0.000005, -0.000005)",LeftFalse_RightFalse
21.037964,0.017967,"(-1.4343576431274414, 1.0033611059188843, -35.880332946777344)","(46.06742477416992, 1.9071890115737915, 174.73062133789062)","(-1.8460007905960083, 1.1924493312835693, -35.44948959350586)","(359.9632873535156, 234.92111206054688, 359.94866943359375)","(-2.115769147872925, -0.03803110867738724, -35.29178237915039)","(359.93695068359375, 177.83572387695312, 0.0029298928566277027)",0.0,0.0289,"(-0.000802, -0.000035, 0.030252)",LeftFalse_RightFalse,False,"(1.889510154724121, -0.06650054454803467, 38.40488815307617)","(356.6862487792969, 352.04052734375, 355.7682800292969)",-0.496212,-1.0,"(0.000019, -0.000005, -0.000005)",LeftFalse_RightFalse
21.09375,0.018351,"(-1.4294853210449219, 0.9826318025588989, -35.899105072021484)","(41.4404182434082, 1.2221171855926514, 174.35166931152344)","(-1.8460426330566406, 1.1924480199813843, -35.44786834716797)","(359.9631652832031, 234.92050170898438, 359.9485168457031)","(-2.1158127784729004, -0.0380328893661499, -35.29016876220703)","(359.936767578125, 177.8351287841797, 0.002946233144029975)",0.0,0.0289,"(-0.000765, -0.000035, 0.027787)",LeftFalse_RightFalse,False,"(1.8895113468170166, -0.06650033593177795, 38.40488815307617)","(356.6862487792969, 352.0404968261719, 355.768310546875)",-0.496212,-1.0,"(0.000018, -0.000001, -0.000005)",LeftFalse_RightFalse
21.146973,0.01802,"(-1.427179217338562, 0.9674857258796692, -35.91275405883789)","(38.01694107055664, 1.2170706987380981, 174.63571166992188)","(-1.8460789918899536, 1.192446231842041, -35.44630813598633)","(359.9631042480469, 234.91848754882812, 359.9484558105469)","(-2.1158547401428223, -0.03803486004471779, -35.28861999511719)","(359.9366760253906, 177.83309936523438, 0.0029531146865338087)",0.0,0.0289,"(-0.000803, -0.000036, 0.029826)",LeftFalse_RightFalse,False,"(1.8895127773284912, -0.06650017946958542, 38.40488815307617)","(356.686279296875, 352.04046630859375, 355.768310546875)",-0.496213,-1.0,"(0.000019, -0.000002, -0.000005)",LeftFalse_RightFalse
21.201416,0.018194,"(-1.4276385307312012, 0.9549974203109741, -35.92463684082031)","(34.8221549987793, 2.0598862171173096, 176.1219024658203)","(-1.8461198806762695, 1.192444086074829, -35.444679260253906)","(359.9631652832031, 234.91738891601562, 359.9485168457031)","(-2.115898609161377, -0.038036808371543884, -35.286991119384766)","(359.936767578125, 177.8319854736328, 0.0029431325383484364)",0.0,0.0289,"(-0.000794, -0.000035, 0.029523)",LeftFalse_RightFalse,False,"(1.8895139694213867, -0.06650001555681229, 38.40488815307617)","(356.686279296875, 352.0404357910156, 355.768310546875)",-0.496211,-1.0,"(0.000019, -0.000003, -0.000005)",LeftFalse_RightFalse
21.256958,0.018349,"(-1.4295871257781982, 0.9448132514953613, -35.9344367980957)","(32.187381744384766, 3.2596795558929443, 177.85446166992188)","(-1.8461600542068481, 1.192442536354065, -35.443031311035156)","(359.96307373046875, 234.91592407226562, 359.94842529296875)","(-2.11594295501709, -0.0380387045443058, -35.28535461425781)","(359.9366455078125, 177.8305206298828, 0.002956968965008855)",0.0,0.0289,"(-0.000790, -0.000034, 0.028645)",LeftFalse_RightFalse,False,"(1.8895153999328613, -0.06650000065565109, 38.40488815307617)","(356.686279296875, 352.0404052734375, 355.768310546875)",-0.496211,-1.0,"(0.000019, -0.000004, -0.000005)",LeftFalse_RightFalse
21.312378,0.018255,"(-1.4320127964019775, 0.93537437915802, -35.94468688964844)","(30.108171463012695, 4.1493048667907715, 177.24415588378906)","(-1.84620201587677, 1.192440152168274, -35.441341400146484)","(359.963134765625, 234.9146728515625, 359.948486328125)","(-2.115988254547119, -0.03804077208042145, -35.283668518066406)","(359.9367370605469, 177.82928466796875, 0.0029477558564394712)",0.0,0.0289,"(-0.000809, -0.000035, 0.029936)",LeftFalse_RightFalse,False,"(1.8895167112350464, -0.06650006771087646, 38.40488815307617)","(356.686279296875, 352.0403747558594, 355.768310546875)",-0.49622,-1.0,"(0.000019, -0.000006, -0.000005)",LeftFalse_RightFalse
21.368896,0.018549,"(-1.433434009552002, 0.9296955466270447, -35.95016098022461)","(28.85465431213379, 4.645667552947998, 176.60324096679688)","(-1.8462427854537964, 1.1924382448196411, -35.43962478637695)","(359.9631042480469, 234.91256713867188, 359.9484558105469)","(-2.116034984588623, -0.03804273158311844, -35.28196334838867)","(359.93670654296875, 177.8271942138672, 0.002954665804281831)",0.0,0.0289,"(-0.000845, -0.000038, 0.031499)",LeftFalse_RightFalse,False,"(1.8895180225372314, -0.06650014221668243, 38.40488815307617)","(356.686279296875, 352.04034423828125, 355.768310546875)",-0.496208,-1.0,"(0.000019, -0.000004, -0.000005)",LeftFalse_RightFalse
21.427979,0.019119,"(-1.4347670078277588, 0.9215048551559448, -35.957435607910156)","(27.313331604003906, 5.069934368133545, 176.21337890625)","(-1.846286654472351, 1.1924364566802979, -35.437828063964844)","(359.9630432128906, 234.91085815429688, 359.9483642578125)","(-2.1160836219787598, -0.03804488480091095, -35.28017807006836)","(359.9365539550781, 177.82546997070312, 0.002965182065963745)",0.0,0.0289,"(-0.000844, -0.000038, 0.031172)",LeftFalse_RightFalse,False,"(1.889519453048706, -0.06650012731552124, 38.40488815307617)","(356.686279296875, 352.0403137207031, 355.768310546875)",-0.496211,-1.0,"(0.000019, -0.000003, -0.000005)",LeftFalse_RightFalse
21.482422,0.018629,"(-1.4350996017456055, 0.914337158203125, -35.96244430541992)","(25.236787796020508, 5.162053108215332, 177.7750244140625)","(-1.8463308811187744, 1.1924339532852173, -35.43610382080078)","(359.96319580078125, 234.9100341796875, 359.94854736328125)","(-2.1161298751831055, -0.03804688900709152, -35.27845001220703)","(359.9367980957031, 177.8246307373047, 0.002942536724731326)",0.0,0.0289,"(-0.000857, -0.000036, 0.032191)",LeftFalse_RightFalse,False,"(1.8895207643508911, -0.06650012731552124, 38.40488815307617)","(356.686279296875, 352.040283203125, 355.768310546875)",-0.496211,-1.0,"(0.000019, -0.000005, -0.000005)",LeftFalse_RightFalse
21.540405,0.018995,"(-1.4351412057876587, 0.9093273282051086, -35.96501922607422)","(23.79808807373047, 5.132885456085205, 178.88140869140625)","(-1.8463767766952515, 1.1924318075180054, -35.434261322021484)","(359.9632263183594, 234.90872192382812, 359.9485778808594)","(-2.1161792278289795, -0.038048870861530304, -35.276615142822266)","(359.9368591308594, 177.82333374023438, 0.0029388386756181717)",0.0,0.0289,"(-0.000848, -0.000034, 0.031501)",LeftFalse_RightFalse,False,"(1.8895220756530762, -0.06650016456842422, 38.40488815307617)","(356.686279296875, 352.0402526855469, 355.768310546875)",-0.49621,-1.0,"(0.000019, -0.000004, -0.000005)",LeftFalse_RightFalse
21.595093,0.018602,"(-1.4342200756072998, 0.9038121700286865, -35.96967315673828)","(22.503877639770508, 3.4372878074645996, 178.0332489013672)","(-1.8464199304580688, 1.1924299001693726, -35.43251419067383)","(359.96319580078125, 234.90740966796875, 359.9485778808594)","(-2.1162261962890625, -0.0380508191883564, -35.274871826171875)","(359.93682861328125, 177.822021484375, 0.0029437355697155)",0.0,0.0289,"(-0.000832, -0.000035, 0.030362)",LeftFalse_RightFalse,False,"(1.8895235061645508, -0.06650000810623169, 38.40488815307617)","(356.686279296875, 352.04022216796875, 355.768310546875)",-0.49621,-1.0,"(0.000019, -0.000004, -0.000005)",LeftFalse_RightFalse
21.650757,0.018465,"(-1.4329407215118408, 0.8996030688285828, -35.972957611083984)","(21.72034454345703, 1.6737852096557617, 176.43051147460938)","(-1.84646475315094, 1.1924278736114502, -35.430721282958984)","(359.96319580078125, 234.90606689453125, 359.94854736328125)","(-2.116274833679199, -0.038052864372730255, -35.27308654785156)","(359.9367980957031, 177.8206787109375, 0.002947601955384016)",0.0,0.0289,"(-0.000865, -0.000037, 0.031964)",LeftFalse_RightFalse,False,"(1.8895248174667358, -0.0664999932050705, 38.40488815307617)","(356.686279296875, 352.0401916503906, 355.768310546875)",-0.496211,-1.0,"(0.000019, -0.000003, -0.000005)",LeftFalse_RightFalse
21.705078,0.018312,"(-1.4311561584472656, 0.895829439163208, -35.97613525390625)","(20.96281623840332, 359.37030029296875, 174.5240478515625)","(-1.8465074300765991, 1.1924259662628174, -35.428958892822266)","(359.963134765625, 234.90440368652344, 359.9485168457031)","(-2.1163220405578613, -0.03805489093065262, -35.27133560180664)","(359.9367370605469, 177.81900024414062, 0.0029533677734434605)",0.0,0.0289,"(-0.000869, -0.000039, 0.031871)",LeftFalse_RightFalse,False,"(1.889526128768921, -0.06650009751319885, 38.40488815307617)","(356.686279296875, 352.0401611328125, 355.768310546875)",-0.49621,-1.0,"(0.000019, -0.000004, -0.000005)",LeftFalse_RightFalse
21.762451,0.018692,"(-1.4296939373016357, 0.8927262425422668, -35.9787483215332)","(20.06830406188965, 357.0881042480469, 174.0675048828125)","(-1.8465545177459717, 1.1924238204956055, -35.42708969116211)","(359.9631042480469, 234.90318298339844, 359.9484558105469)","(-2.116372585296631, -0.03805716708302498, -35.26947021484375)","(359.93670654296875, 177.81781005859375, 0.002959236968308687)",0.0,0.0289,"(-0.000866, -0.000038, 0.031623)",LeftFalse_RightFalse,False,"(1.889527440071106, -0.06650012731552124, 38.40488815307617)","(356.686279296875, 352.0401306152344, 355.768310546875)",-0.496212,-1.0,"(0.000019, -0.000004, -0.000005)",LeftFalse_RightFalse
21.816162,0.018274,"(-1.4287450313568115, 0.8898041248321533, -35.98048400878906)","(19.110658645629883, 355.0366516113281, 173.9141387939453)","(-1.846598744392395, 1.192421317100525, -35.42527770996094)","(359.9632263183594, 234.90158081054688, 359.9486083984375)","(-2.1164209842681885, -0.03805924952030182, -35.267662048339844)","(359.9368591308594, 177.81617736816406, 0.0029416449833661318)",0.0,0.0289,"(-0.000915, -0.000041, 0.034782)",LeftFalse_RightFalse,False,"(1.889528751373291, -0.06650011986494064, 38.40488815307617)","(356.686279296875, 352.04010009765625, 355.7683410644531)",-0.496211,-1.0,"(0.000019, -0.000001, -0.000005)",LeftFalse_RightFalse
21.874756,0.018875,"(-1.4277458190917969, 0.8883375525474548, -35.98325729370117)","(17.578184127807617, 352.8047180175781, 173.31863403320312)","(-1.846649169921875, 1.1924196481704712, -35.42336654663086)","(359.96307373046875, 234.9012451171875, 359.94842529296875)","(-2.1164727210998535, -0.03806161880493164, -35.2657585144043)","(359.9366149902344, 177.8158416748047, 0.002965203719213605)",0.0,0.0289,"(-0.000881, -0.000038, 0.031886)",LeftFalse_RightFalse,False,"(1.8895301818847656, -0.06649993360042572, 38.404884338378906)","(356.686279296875, 352.0400695800781, 355.7683410644531)",-0.496211,-1.0,"(0.000019, -0.000003, -0.000005)",LeftFalse_RightFalse
21.933594,0.019247,"(-1.4266811609268188, 0.8875437378883362, -35.98540115356445)","(16.40802001953125, 350.9636535644531, 172.68624877929688)","(-1.8467018604278564, 1.1924171447753906, -35.42139434814453)","(359.9631042480469, 234.9007568359375, 359.9484558105469)","(-2.1165266036987305, -0.03806404024362564, -35.26378631591797)","(359.9366760253906, 177.8153533935547, 0.002959720091894269)",0.0,0.0289,"(-0.000933, -0.000043, 0.035135)",LeftFalse_RightFalse,False,"(1.8895316123962402, -0.06649985909461975, 38.404884338378906)","(356.686279296875, 352.0400390625, 355.7683410644531)",-0.496211,-1.0,"(0.000019, -0.000003, -0.000005)",LeftFalse_RightFalse
21.987793,0.018657,"(-1.4256514310836792, 0.886428713798523, -35.98888397216797)","(15.40963077545166, 349.1930236816406, 172.21253967285156)","(-1.8467522859573364, 1.1924148797988892, -35.41954803466797)","(359.963134765625, 234.90113830566406, 359.948486328125)","(-2.1165759563446045, -0.03806620463728905, -35.261940002441406)","(359.9367370605469, 177.81573486328125, 0.002952555427327752)",0.0,0.0289,"(-0.000897, -0.000037, 0.032704)",LeftFalse_RightFalse,False,"(1.8895328044891357, -0.06649985164403915, 38.404884338378906)","(356.686279296875, 352.0400085449219, 355.7683410644531)",-0.496214,-1.0,"(0.000019, -0.000007, -0.000005)",LeftFalse_RightFalse
22.043091,0.018567,"(-1.424902081489563, 0.8860940337181091, -35.9913330078125)","(14.072823524475098, 347.7425537109375, 172.0042724609375)","(-1.8467988967895508, 1.1924132108688354, -35.4177131652832)","(359.9630126953125, 234.8999481201172, 359.94830322265625)","(-2.116626024246216, -0.0380682498216629, -35.26011276245117)","(359.9364929199219, 177.81455993652344, 0.002971137873828411)",0.0,0.0289,"(-0.000897, -0.000041, 0.032206)",LeftFalse_RightFalse,False,"(1.8895339965820312, -0.0664999783039093, 38.404884338378906)","(356.686279296875, 352.03997802734375, 355.7683410644531)",-0.49621,-1.0,"(0.000019, -0.000005, -0.000005)",LeftFalse_RightFalse
22.098267,0.018485,"(-1.4247583150863647, 0.8860156536102295, -35.99360275268555)","(12.751852035522461, 346.63226318359375, 171.8015594482422)","(-1.8468457460403442, 1.1924114227294922, -35.41585922241211)","(359.9629211425781, 234.8986053466797, 359.9482116699219)","(-2.1166765689849854, -0.03807047754526138, -35.258270263671875)","(359.9364013671875, 177.81321716308594, 0.002979292767122388)",0.0,0.0289,"(-0.000920, -0.000041, 0.033703)",LeftFalse_RightFalse,False,"(1.8895354270935059, -0.06650003045797348, 38.404884338378906)","(356.686279296875, 352.0399169921875, 355.7683410644531)",-0.496213,-1.0,"(0.000019, -0.000005, -0.000005)",LeftFalse_RightFalse
22.154907,0.018625,"(-1.4250497817993164, 0.8859701752662659, -35.99541091918945)","(11.53978443145752, 345.6891784667969, 171.76974487304688)","(-1.8468939065933228, 1.192408561706543, -35.41390609741211)","(359.9630126953125, 234.8969268798828, 359.9483337402344)","(-2.116729259490967, -0.03807291015982628, -35.25632095336914)","(359.9365539550781, 177.81153869628906, 0.002965332940220833)",0.0,0.0289,"(-0.000927, -0.000039, 0.034231)",LeftFalse_RightFalse,False,"(1.8895368576049805, -0.06650006771087646, 38.404884338378906)","(356.686279296875, 352.0398864746094, 355.7683410644531)",-0.496211,-1.0,"(0.000019, -0.000005, -0.000005)",LeftFalse_RightFalse
22.208252,0.018239,"(-1.4256680011749268, 0.8859480619430542, -35.997406005859375)","(10.186421394348145, 345.27093505859375, 172.2495574951172)","(-1.846942663192749, 1.1924062967300415, -35.41204833984375)","(359.96307373046875, 234.8963165283203, 359.94842529296875)","(-2.1167795658111572, -0.03807499259710312, -35.25446319580078)","(359.9366455078125, 177.8109130859375, 0.002956712618470192)",0.0,0.0289,"(-0.000944, -0.000040, 0.035032)",LeftFalse_RightFalse,False,"(1.889538049697876, -0.06650005280971527, 38.404884338378906)","(356.686279296875, 352.03985595703125, 355.7683410644531)",-0.496213,-1.0,"(0.000019, -0.000005, -0.000005)",LeftFalse_RightFalse
22.249268,0.019048,"(-1.4259939193725586, 0.8859385251998901, -35.99789810180664)","(8.68996524810791, 345.2507629394531, 172.7812957763672)","(-1.846978783607483, 1.1924047470092773, -35.410614013671875)","(359.9630432128906, 234.89541625976562, 359.9483642578125)","(-2.1168181896209717, -0.03807658329606056, -35.25303649902344)","(359.93658447265625, 177.81002807617188, 0.0029624286107718945)",0.0,0.0289,"(-0.000928, -0.000037, 0.033679)",LeftFalse_RightFalse,False,"(1.8895390033721924, -0.06650008261203766, 38.404884338378906)","(356.686279296875, 352.03985595703125, 355.7683410644531)",-0.496211,-1.0,"(0.000019, -0.000004, -0.000005)",LeftFalse_RightFalse
22.290527,0.01965,"(-1.4266936779022217, 0.8859347105026245, -35.9987678527832)","(7.573072910308838, 345.3680725097656, 173.26832580566406)","(-1.847011923789978, 1.1924035549163818, -35.4091911315918)","(359.96295166015625, 234.89358520507812, 359.9482421875)","(-2.116856575012207, -0.03807821869850159, -35.251625061035156)","(359.9364318847656, 177.80819702148438, 0.0029778671450912952)",0.0,0.0289,"(-0.000954, -0.000043, 0.035245)",LeftFalse_RightFalse,False,"(1.8895399570465088, -0.0664999857544899, 38.404884338378906)","(356.686279296875, 352.0398254394531, 355.7683410644531)",-0.496211,-1.0,"(0.000019, -0.000004, -0.000005)",LeftFalse_RightFalse
22.332275,0.020113,"(-1.4268524646759033, 0.8857093453407288, -35.999183654785156)","(6.37162971496582, 345.64019775390625, 173.84329223632812)","(-1.8470475673675537, 1.1924015283584595, -35.40773010253906)","(359.9629821777344, 234.89208984375, 359.9482727050781)","(-2.116896152496338, -0.03808004409074783, -35.25016784667969)","(359.93646240234375, 177.80670166015625, 0.0029724854975938797)",0.0,0.0289,"(-0.000949, -0.000041, 0.034876)",LeftFalse_RightFalse,False,"(1.8895410299301147, -0.06650002300739288, 38.404884338378906)","(356.686279296875, 352.039794921875, 355.7683410644531)",-0.49621,-1.0,"(0.000019, -0.000006, -0.000005)",LeftFalse_RightFalse
22.392334,0.020153,"(-1.426699161529541, 0.8853094577789307, -35.99900817871094)","(4.854872703552246, 346.4602966308594, 174.1899871826172)","(-1.8470977544784546, 1.192399263381958, -35.405609130859375)","(359.96295166015625, 234.88958740234375, 359.9482421875)","(-2.1169533729553223, -0.038082510232925415, -35.24806213378906)","(359.9364318847656, 177.80418395996094, 0.0029776357114315033)",0.0,0.0289,"(-0.000946, -0.000042, 0.034563)",LeftFalse_RightFalse,False,"(1.8895423412322998, -0.06650006771087646, 38.404884338378906)","(356.686279296875, 352.0397644042969, 355.7683410644531)",-0.496214,-1.0,"(0.000019, -0.000005, -0.000005)",LeftFalse_RightFalse
22.449829,0.019594,"(-1.4263628721237183, 0.8851110339164734, -35.99831008911133)","(3.439828872680664, 347.6282958984375, 174.42108154296875)","(-1.8471474647521973, 1.192396879196167, -35.403568267822266)","(359.96295166015625, 234.88743591308594, 359.9482421875)","(-2.117009162902832, -0.03808487579226494, -35.246028900146484)","(359.9364318847656, 177.80203247070312, 0.0029805328231304884)",0.0,0.0289,"(-0.000969, -0.000041, 0.035605)",LeftFalse_RightFalse,False,"(1.8895437717437744, -0.06650011241436005, 38.404884338378906)","(356.686279296875, 352.03973388671875, 355.7683410644531)",-0.496211,-1.0,"(0.000019, -0.000003, -0.000005)",LeftFalse_RightFalse
22.490479,0.019903,"(-1.4262503385543823, 0.8850283026695251, -35.99740219116211)","(2.4045755863189697, 348.8410339355469, 174.56072998046875)","(-1.8471863269805908, 1.1923949718475342, -35.4021110534668)","(359.9630126953125, 234.8871307373047, 359.94830322265625)","(-2.117048740386963, -0.03808657452464104, -35.244571685791016)","(359.9365234375, 177.80174255371094, 0.0029723290354013443)",0.0,0.0289,"(-0.000979, -0.000041, 0.036118)",LeftFalse_RightFalse,False,"(1.8895447254180908, -0.06650008261203766, 38.404884338378906)","(356.686279296875, 352.0397033691406, 355.7683410644531)",-0.496211,-1.0,"(0.000019, -0.000003, -0.000005)",LeftFalse_RightFalse
22.548462,0.019538,"(-1.4278464317321777, 0.8849601149559021, -35.99642562866211)","(1.4598530530929565, 350.2867126464844, 175.60824584960938)","(-1.8472435474395752, 1.1923924684524536, -35.4000129699707)","(359.9630126953125, 234.88735961914062, 359.9483337402344)","(-2.11710524559021, -0.03808888420462608, -35.24247360229492)","(359.9365539550781, 177.80197143554688, 0.0029710927046835423)",0.0,0.0289,"(-0.000966, -0.000038, 0.034896)",LeftFalse_RightFalse,False,"(1.8895459175109863, -0.0664999857544899, 38.404884338378906)","(356.686279296875, 352.0396728515625, 355.7683410644531)",-0.496212,-1.0,"(0.000019, -0.000004, -0.000005)",LeftFalse_RightFalse
22.602295,0.018763,"(-1.4298444986343384, 0.8845787048339844, -35.99531555175781)","(0.9194719791412354, 351.2857360839844, 177.1653289794922)","(-1.8472925424575806, 1.192391037940979, -35.39812088012695)","(359.96282958984375, 234.88629150390625, 359.9481201171875)","(-2.117157459259033, -0.03809110447764397, -35.24059295654297)","(359.9362487792969, 177.8009033203125, 0.0029974181670695543)",0.0,0.0289,"(-0.000960, -0.000043, 0.034446)",LeftFalse_RightFalse,False,"(1.889547348022461, -0.06649989634752274, 38.404884338378906)","(356.686279296875, 352.0396423339844, 355.7683410644531)",-0.496211,-1.0,"(0.000019, -0.000004, -0.000005)",LeftFalse_RightFalse
22.659424,0.018994,"(-1.4325025081634521, 0.8842196464538574, -35.99413299560547)","(0.2033546417951584, 352.2220764160156, 179.35205078125)","(-1.8473496437072754, 1.1923884153366089, -35.396080017089844)","(359.9628601074219, 234.88653564453125, 359.9481506347656)","(-2.117213726043701, -0.03809366002678871, -35.238548278808594)","(359.936279296875, 177.8011474609375, 0.0029890078585594893)",0.0,0.0289,"(-0.000999, -0.000045, 0.036918)",LeftFalse_RightFalse,False,"(1.8895487785339355, -0.06649988144636154, 38.404884338378906)","(356.686279296875, 352.03961181640625, 355.7683410644531)",-0.49621,-1.0,"(0.000019, -0.000004, -0.000005)",LeftFalse_RightFalse
22.717529,0.019212,"(-1.4347443580627441, 0.8840275406837463, -35.9929084777832)","(359.3643493652344, 352.87005615234375, 180.7398223876953)","(-1.8474019765853882, 1.192386269569397, -35.39398193359375)","(359.96282958984375, 234.88478088378906, 359.9480895996094)","(-2.1172709465026855, -0.0380961075425148, -35.2364616394043)","(359.93621826171875, 177.7993927001953, 0.002993131522089243)",0.0,0.0289,"(-0.000971, -0.000040, 0.034722)",LeftFalse_RightFalse,False,"(1.8895500898361206, -0.06649993360042572, 38.404884338378906)","(356.686279296875, 352.0395812988281, 355.7683410644531)",-0.496212,-1.0,"(0.000019, -0.000006, -0.000005)",LeftFalse_RightFalse
22.775269,0.019172,"(-1.4349697828292847, 0.883926272392273, -35.99175262451172)","(358.72088623046875, 353.0002136230469, 180.90052795410156)","(-1.8474559783935547, 1.1923836469650269, -35.39189147949219)","(359.96282958984375, 234.88348388671875, 359.94805908203125)","(-2.117328643798828, -0.03809864819049835, -35.234375)","(359.9361877441406, 177.79808044433594, 0.0029977920930832624)",0.0,0.0289,"(-0.001001, -0.000043, 0.036180)",LeftFalse_RightFalse,False,"(1.8895514011383057, -0.06650005280971527, 38.404884338378906)","(356.686279296875, 352.03955078125, 355.7683410644531)",-0.496209,-1.0,"(0.000019, -0.000004, -0.000005)",LeftFalse_RightFalse
22.833496,0.019312,"(-1.434354543685913, 0.8840609192848206, -35.98978805541992)","(358.25048828125, 353.1173400878906, 180.1324005126953)","(-1.8475141525268555, 1.1923809051513672, -35.389739990234375)","(359.9628601074219, 234.88308715820312, 359.9481506347656)","(-2.1173877716064453, -0.03810114040970802, -35.23222351074219)","(359.9363098144531, 177.79769897460938, 0.0029878299683332443)",0.0,0.0289,"(-0.001028, -0.000045, 0.037872)",LeftFalse_RightFalse,False,"(1.8895528316497803, -0.06650009751319885, 38.404884338378906)","(356.686279296875, 352.0395202636719, 355.7683410644531)",-0.496212,-1.0,"(0.000019, -0.000003, -0.000005)",LeftFalse_RightFalse
22.875244,0.019915,"(-1.4336466789245605, 0.8841150999069214, -35.98799133300781)","(358.06689453125, 353.1939697265625, 179.59568786621094)","(-1.8475563526153564, 1.192379117012024, -35.38820266723633)","(359.962890625, 234.8831024169922, 359.9481506347656)","(-2.1174299716949463, -0.03810290992259979, -35.23068618774414)","(359.9363098144531, 177.79771423339844, 0.0029849850106984377)",0.0,0.0289,"(-0.001000, -0.000042, 0.036112)",LeftFalse_RightFalse,False,"(1.8895537853240967, -0.06650006771087646, 38.404884338378906)","(356.686279296875, 352.03948974609375, 355.7683410644531)",-0.496211,-1.0,"(0.000019, -0.000004, -0.000005)",LeftFalse_RightFalse
22.932617,0.019481,"(-1.4325047731399536, 0.8841573596000671, -35.985252380371094)","(357.90289306640625, 353.31304931640625, 178.70826721191406)","(-1.8476130962371826, 1.1923768520355225, -35.38609313964844)","(359.9628601074219, 234.88265991210938, 359.9481201171875)","(-2.117487907409668, -0.03810536488890648, -35.228580474853516)","(359.9362487792969, 177.79727172851562, 0.0029896278865635395)",0.0,0.0289,"(-0.001016, -0.000043, 0.037122)",LeftFalse_RightFalse,False,"(1.8895552158355713, -0.06649996340274811, 38.404884338378906)","(356.686279296875, 352.0394592285156, 355.7683410644531)",-0.496212,-1.0,"(0.000019, -0.000004, -0.000005)",LeftFalse_RightFalse
22.990479,0.019326,"(-1.4318501949310303, 0.884178638458252, -35.982303619384766)","(357.6981506347656, 353.3360900878906, 178.1938018798828)","(-1.8476731777191162, 1.1923744678497314, -35.38395690917969)","(359.9627990722656, 234.88311767578125, 359.94805908203125)","(-2.117546796798706, -0.03810781240463257, -35.226444244384766)","(359.9361877441406, 177.7977294921875, 0.0029956635553389788)",0.0,0.0289,"(-0.001039, -0.000044, 0.038112)",LeftFalse_RightFalse,False,"(1.889556646347046, -0.06649990379810333, 38.404884338378906)","(356.686279296875, 352.0394287109375, 355.7683410644531)",-0.496212,-1.0,"(0.000019, -0.000003, -0.000005)",LeftFalse_RightFalse
23.031616,0.019804,"(-1.4317841529846191, 0.8841859102249146, -35.980125427246094)","(357.64276123046875, 353.3277282714844, 178.11856079101562)","(-1.8477121591567993, 1.1923727989196777, -35.382415771484375)","(359.96282958984375, 234.8819122314453, 359.94805908203125)","(-2.117588996887207, -0.03810959681868553, -35.22490692138672)","(359.9361877441406, 177.79652404785156, 0.0029933166224509478)",0.0,0.0289,"(-0.001011, -0.000042, 0.036160)",LeftFalse_RightFalse,False,"(1.8895576000213623, -0.06649993360042572, 38.404884338378906)","(356.686279296875, 352.0393981933594, 355.7683410644531)",-0.496211,-1.0,"(0.000019, -0.000005, -0.000005)",LeftFalse_RightFalse
23.072998,0.020173,"(-1.4318667650222778, 0.8841903805732727, -35.978031158447266)","(357.6034851074219, 353.33251953125, 178.23780822753906)","(-1.8477522134780884, 1.1923710107803345, -35.38087463378906)","(359.9627685546875, 234.881103515625, 359.9480285644531)","(-2.117631435394287, -0.038111429661512375, -35.22337341308594)","(359.9361267089844, 177.79571533203125, 0.0029983380809426308)",0.0,0.0289,"(-0.001045, -0.000045, 0.038124)",LeftFalse_RightFalse,False,"(1.8895585536956787, -0.06649996340274811, 38.404884338378906)","(356.686279296875, 352.03936767578125, 355.7683410644531)",-0.49621,-1.0,"(0.000019, -0.000005, -0.000005)",LeftFalse_RightFalse
23.114502,0.02036,"(-1.4319267272949219, 0.8841898441314697, -35.976070404052734)","(357.5785217285156, 353.3417663574219, 178.3614501953125)","(-1.8477927446365356, 1.1923688650131226, -35.3792724609375)","(359.962890625, 234.8798828125, 359.9481506347656)","(-2.1176750659942627, -0.03811328113079071, -35.221771240234375)","(359.9363098144531, 177.79449462890625, 0.002981634112074971)",0.0,0.0289,"(-0.001030, -0.000042, 0.037400)",LeftFalse_RightFalse,False,"(1.8895595073699951, -0.0664999932050705, 38.404884338378906)","(356.686279296875, 352.0393371582031, 355.7683410644531)",-0.496211,-1.0,"(0.000019, -0.000005, -0.000005)",LeftFalse_RightFalse
23.154663,0.020303,"(-1.4322831630706787, 0.8841894865036011, -35.97391891479492)","(357.57794189453125, 353.34149169921875, 178.4409637451172)","(-1.8478355407714844, 1.1923669576644897, -35.37773895263672)","(359.9629211425781, 234.88027954101562, 359.94818115234375)","(-2.1177167892456055, -0.03811502084136009, -35.220237731933594)","(359.93634033203125, 177.7948760986328, 0.002978507662191987)",0.0,0.0289,"(-0.001059, -0.000046, 0.038851)",LeftFalse_RightFalse,False,"(1.8895604610443115, -0.06650003790855408, 38.404884338378906)","(356.686279296875, 352.0393371582031, 355.7683410644531)",-0.49621,-1.0,"(0.000019, -0.000004, -0.000005)",LeftFalse_RightFalse
23.214233,0.020073,"(-1.4328800439834595, 0.8846890330314636, -35.970733642578125)","(357.46978759765625, 353.3122253417969, 178.65890502929688)","(-1.8478959798812866, 1.1923648118972778, -35.37548828125)","(359.9627990722656, 234.8797607421875, 359.94805908203125)","(-2.117778778076172, -0.0381176695227623, -35.21799087524414)","(359.9361877441406, 177.7943572998047, 0.0029924174305051565)",0.0,0.0289,"(-0.001029, -0.000043, 0.037077)",LeftFalse_RightFalse,False,"(1.8895618915557861, -0.06650002300739288, 38.404884338378906)","(356.686279296875, 352.0392761230469, 355.7683410644531)",-0.49621,-1.0,"(0.000019, -0.000003, -0.000005)",LeftFalse_RightFalse
23.272949,0.019743,"(-1.4336597919464111, 0.8849403262138367, -35.967369079589844)","(357.4848327636719, 353.2890930175781, 178.89718627929688)","(-1.8479552268981934, 1.1923620700836182, -35.37324523925781)","(359.9627990722656, 234.87899780273438, 359.9480285644531)","(-2.117840051651001, -0.03812044858932495, -35.21575164794922)","(359.9361572265625, 177.79359436035156, 0.0029926795978099108)",0.0,0.0289,"(-0.001074, -0.000047, 0.039589)",LeftFalse_RightFalse,False,"(1.8895633220672607, -0.06649994850158691, 38.404884338378906)","(356.686279296875, 352.03924560546875, 355.7683410644531)",-0.496212,-1.0,"(0.000019, -0.000004, -0.000005)",LeftFalse_RightFalse
23.329956,0.019303,"(-1.4342494010925293, 0.8850646615028381, -35.96430969238281)","(357.510986328125, 353.2695617675781, 179.0467529296875)","(-1.848010778427124, 1.1923590898513794, -35.37102127075195)","(359.9628601074219, 234.87725830078125, 359.9481201171875)","(-2.1179003715515137, -0.03812311217188835, -35.21353530883789)","(359.936279296875, 177.79185485839844, 0.0029817703180015087)",0.0,0.0289,"(-0.001068, -0.000043, 0.039068)",LeftFalse_RightFalse,False,"(1.8895646333694458, -0.06649986654520035, 38.404884338378906)","(356.686279296875, 352.0392150878906, 355.7683410644531)",-0.49621,-1.0,"(0.000019, -0.000004, -0.000005)",LeftFalse_RightFalse
23.370361,0.019619,"(-1.4345099925994873, 0.8851180076599121, -35.96241760253906)","(357.5238037109375, 353.2571105957031, 179.04779052734375)","(-1.8480515480041504, 1.1923578977584839, -35.369476318359375)","(359.9627685546875, 234.87649536132812, 359.947998046875)","(-2.117943286895752, -0.03812471032142639, -35.211997985839844)","(359.9361267089844, 177.79110717773438, 0.0029976642690598965)",0.0,0.0289,"(-0.001075, -0.000046, 0.039264)",LeftFalse_RightFalse,False,"(1.8895657062530518, -0.06649988889694214, 38.404884338378906)","(356.686279296875, 352.0392150878906, 355.76837158203125)",-0.496213,-1.0,"(0.000019, -0.000004, -0.000005)",LeftFalse_RightFalse
23.429199,0.019581,"(-1.4347542524337769, 0.8856500387191772, -35.95985412597656)","(357.5137023925781, 353.2546691894531, 178.97804260253906)","(-1.8481119871139526, 1.1923551559448242, -35.36720657348633)","(359.9627380371094, 234.87571716308594, 359.9479675292969)","(-2.1180059909820557, -0.03812748193740845, -35.20973205566406)","(359.9360656738281, 177.7903289794922, 0.0030004598665982485)",0.0,0.0289,"(-0.001071, -0.000046, 0.039196)",LeftFalse_RightFalse,False,"(1.8895671367645264, -0.06649993360042572, 38.404884338378906)","(356.686279296875, 352.0391540527344, 355.76837158203125)",-0.496211,-1.0,"(0.000019, -0.000006, -0.000005)",LeftFalse_RightFalse
23.487793,0.019577,"(-1.4348574876785278, 0.8859232068061829, -35.9565544128418)","(357.5115051269531, 353.24261474609375, 178.9850616455078)","(-1.8481677770614624, 1.192352533340454, -35.36491012573242)","(359.9627380371094, 234.8732147216797, 359.9479675292969)","(-2.1180686950683594, -0.038130149245262146, -35.20744705200195)","(359.9360656738281, 177.78781127929688, 0.0030002999119460583)",0.0,0.0289,"(-0.001059, -0.000045, 0.038094)",LeftFalse_RightFalse,False,"(1.8895684480667114, -0.06650001555681229, 38.404884338378906)","(356.686279296875, 352.03912353515625, 355.76837158203125)",-0.49621,-1.0,"(0.000019, -0.000004, -0.000005)",LeftFalse_RightFalse
23.545166,0.019343,"(-1.4349195957183838, 0.8860623240470886, -35.95378875732422)","(357.51141357421875, 353.2438659667969, 178.98715209960938)","(-1.8482216596603394, 1.1923500299453735, -35.3626708984375)","(359.96270751953125, 234.87037658691406, 359.94793701171875)","(-2.1181304454803467, -0.03813280165195465, -35.205223083496094)","(359.93603515625, 177.78497314453125, 0.003005119739100337)",0.0,0.0289,"(-0.001087, -0.000047, 0.039501)",LeftFalse_RightFalse,False,"(1.8895697593688965, -0.06650003790855408, 38.404884338378906)","(356.686279296875, 352.0390930175781, 355.76837158203125)",-0.496211,-1.0,"(0.000019, -0.000003, -0.000005)",LeftFalse_RightFalse
23.601196,0.019016,"(-1.4349701404571533, 0.8861330151557922, -35.951290130615234)","(357.50616455078125, 353.248779296875, 178.9731903076172)","(-1.848276138305664, 1.1923474073410034, -35.36045455932617)","(359.96270751953125, 234.86807250976562, 359.94793701171875)","(-2.1181912422180176, -0.038135312497615814, -35.2030143737793)","(359.93603515625, 177.78268432617188, 0.0030054529197514057)",0.0,0.0289,"(-0.001086, -0.000044, 0.039264)",LeftFalse_RightFalse,False,"(1.889571189880371, -0.06649984419345856, 38.404884338378906)","(356.686279296875, 352.0390625, 355.76837158203125)",-0.496211,-1.0,"(0.000019, -0.000003, -0.000005)",LeftFalse_RightFalse
23.658936,0.01922,"(-1.4350239038467407, 0.8861733675003052, -35.94892120361328)","(357.50146484375, 353.24493408203125, 178.9876708984375)","(-1.848333716392517, 1.192345380783081, -35.358238220214844)","(359.96258544921875, 234.8666534423828, 359.94775390625)","(-2.118252992630005, -0.038137950003147125, -35.200809478759766)","(359.9358215332031, 177.78128051757812, 0.0030276398174464703)",0.0,0.0289,"(-0.001098, -0.000048, 0.039518)",LeftFalse_RightFalse,False,"(1.8895725011825562, -0.06649985909461975, 38.404884338378906)","(356.686279296875, 352.0390319824219, 355.76837158203125)",-0.496211,-1.0,"(0.000019, -0.000004, -0.000005)",LeftFalse_RightFalse
23.714233,0.018857,"(-1.4350650310516357, 0.8861905336380005, -35.9466438293457)","(357.4937438964844, 353.2409973144531, 178.99461364746094)","(-1.8483891487121582, 1.1923425197601318, -35.356048583984375)","(359.9626159667969, 234.86474609375, 359.94781494140625)","(-2.1183135509490967, -0.038140587508678436, -35.19862747192383)","(359.9358825683594, 177.7793426513672, 0.0030197289306670427)",0.0,0.0289,"(-0.001077, -0.000045, 0.038613)",LeftFalse_RightFalse,False,"(1.8895738124847412, -0.06649981439113617, 38.404884338378906)","(356.686279296875, 352.03900146484375, 355.76837158203125)",-0.49621,-1.0,"(0.000019, -0.000003, -0.000005)",LeftFalse_RightFalse
23.771973,0.018954,"(-1.4351236820220947, 0.8865301609039307, -35.94430923461914)","(357.48486328125, 353.2453918457031, 178.98670959472656)","(-1.8484511375427246, 1.1923397779464722, -35.353759765625)","(359.9626770019531, 234.8641357421875, 359.9478759765625)","(-2.118377208709717, -0.038143303245306015, -35.19634246826172)","(359.9359436035156, 177.7787322998047, 0.003016054630279541)",0.0,0.0289,"(-0.001117, -0.000047, 0.040598)",LeftFalse_RightFalse,False,"(1.8895752429962158, -0.06649990379810333, 38.404884338378906)","(356.686279296875, 352.0389709472656, 355.76837158203125)",-0.496218,-1.0,"(0.000019, -0.000006, -0.000005)",LeftFalse_RightFalse
23.831055,0.019317,"(-1.435187816619873, 0.8868554830551147, -35.941925048828125)","(357.4761047363281, 353.2446594238281, 178.99020385742188)","(-1.848515510559082, 1.192336916923523, -35.35139846801758)","(359.96270751953125, 234.8639373779297, 359.9479064941406)","(-2.1184420585632324, -0.03814594820141792, -35.1939811706543)","(359.9360046386719, 177.77854919433594, 0.0030101826414465904)",0.0,0.0289,"(-0.001127, -0.000049, 0.041010)",LeftFalse_RightFalse,False,"(1.8895765542984009, -0.06649996340274811, 38.404884338378906)","(356.686279296875, 352.0389404296875, 355.76837158203125)",-0.496212,-1.0,"(0.000019, -0.000005, -0.000005)",LeftFalse_RightFalse
23.886597,0.018965,"(-1.435256838798523, 0.8870149850845337, -35.9396858215332)","(357.4717712402344, 353.244873046875, 178.9931182861328)","(-1.848578929901123, 1.1923344135284424, -35.34916687011719)","(359.96270751953125, 234.86441040039062, 359.94793701171875)","(-2.118504047393799, -0.038148436695337296, -35.19174575805664)","(359.93603515625, 177.7790069580078, 0.0030074729584157467)",0.0,0.0289,"(-0.001116, -0.000046, 0.040315)",LeftFalse_RightFalse,False,"(1.8895779848098755, -0.06650000810623169, 38.404884338378906)","(356.686279296875, 352.0389099121094, 355.76837158203125)",-0.496213,-1.0,"(0.000019, -0.000004, -0.000005)",LeftFalse_RightFalse
23.941772,0.018687,"(-1.4353129863739014, 0.8871013522148132, -35.937469482421875)","(357.4695739746094, 353.24432373046875, 178.98504638671875)","(-1.8486391305923462, 1.192332148551941, -35.346961975097656)","(359.962646484375, 234.8639678955078, 359.9478454589844)","(-2.118565559387207, -0.03815101459622383, -35.189544677734375)","(359.9359130859375, 177.778564453125, 0.0030167109798640013)",0.0,0.0289,"(-0.001100, -0.000046, 0.039410)",LeftFalse_RightFalse,False,"(1.8895792961120605, -0.06649991869926453, 38.404884338378906)","(356.686279296875, 352.03887939453125, 355.76837158203125)",-0.496212,-1.0,"(0.000019, -0.000005, -0.000005)",LeftFalse_RightFalse
23.998779,0.018827,"(-1.4353739023208618, 0.8871456384658813, -35.935142517089844)","(357.4634704589844, 353.2439880371094, 178.9923858642578)","(-1.848702311515808, 1.192328929901123, -35.34463882446289)","(359.96270751953125, 234.86373901367188, 359.9479064941406)","(-2.118629217147827, -0.03815391659736633, -35.18722152709961)","(359.93603515625, 177.77833557128906, 0.0030006668530404568)",0.0,0.0289,"(-0.001140, -0.000050, 0.041841)",LeftFalse_RightFalse,False,"(1.8895806074142456, -0.06649991869926453, 38.404884338378906)","(356.686279296875, 352.0388488769531, 355.76837158203125)",-0.496211,-1.0,"(0.000019, -0.000003, -0.000005)",LeftFalse_RightFalse
24.057129,0.019135,"(-1.4354404211044312, 0.8871716260910034, -35.93280792236328)","(357.4548645019531, 353.24407958984375, 178.99209594726562)","(-1.8487675189971924, 1.1923266649246216, -35.34230422973633)","(359.96258544921875, 234.86386108398438, 359.9477844238281)","(-2.118694305419922, -0.038156602531671524, -35.18489074707031)","(359.9358215332031, 177.77845764160156, 0.0030171831604093313)",0.0,0.0289,"(-0.001125, -0.000048, 0.040689)",LeftFalse_RightFalse,False,"(1.8895820379257202, -0.0664999932050705, 38.404884338378906)","(356.686279296875, 352.038818359375, 355.76837158203125)",-0.49621,-1.0,"(0.000019, -0.000007, -0.000005)",LeftFalse_RightFalse
24.116333,0.019477,"(-1.435476541519165, 0.8871829509735107, -35.93037033081055)","(357.4482421875, 353.2391357421875, 178.988525390625)","(-1.848827838897705, 1.192323923110962, -35.339881896972656)","(359.96258544921875, 234.8614959716797, 359.94775390625)","(-2.1187610626220703, -0.038159456104040146, -35.18247985839844)","(359.9358215332031, 177.77609252929688, 0.0030181268230080605)",0.0,0.0289,"(-0.001150, -0.000051, 0.041936)",LeftFalse_RightFalse,False,"(1.8895833492279053, -0.06650003045797348, 38.404884338378906)","(356.686279296875, 352.03875732421875, 355.76837158203125)",-0.496211,-1.0,"(0.000019, -0.000005, -0.000005)",LeftFalse_RightFalse
24.172729,0.01908,"(-1.4357109069824219, 0.8871870636940002, -35.92817306518555)","(357.4449462890625, 353.23297119140625, 178.98802185058594)","(-1.848887324333191, 1.1923210620880127, -35.337562561035156)","(359.9626159667969, 234.85987854003906, 359.9477844238281)","(-2.1188249588012695, -0.03816218674182892, -35.18016815185547)","(359.93585205078125, 177.7744903564453, 0.0030163107439875603)",0.0,0.0289,"(-0.001134, -0.000048, 0.040721)",LeftFalse_RightFalse,False,"(1.8895847797393799, -0.06650011241436005, 38.404884338378906)","(356.686279296875, 352.0387268066406, 355.76837158203125)",-0.496212,-1.0,"(0.000019, -0.000005, -0.000005)",LeftFalse_RightFalse
24.224243,0.018113,"(-1.4361231327056885, 0.8871902823448181, -35.92633056640625)","(357.4390563964844, 353.2284851074219, 178.99472045898438)","(-1.8489391803741455, 1.1923190355300903, -35.33546829223633)","(359.9624938964844, 234.85763549804688, 359.9476623535156)","(-2.1188831329345703, -0.03816462680697441, -35.17808532714844)","(359.9356689453125, 177.77224731445312, 0.0030307176057249308)",0.0,0.0289,"(-0.001165, -0.000050, 0.042353)",LeftFalse_RightFalse,False,"(1.8895859718322754, -0.06650012731552124, 38.404884338378906)","(356.686279296875, 352.0386962890625, 355.76837158203125)",-0.496211,-1.0,"(0.000019, -0.000003, -0.000005)",LeftFalse_RightFalse
24.278198,0.018034,"(-1.436394453048706, 0.8871870636940002, -35.92420196533203)","(357.4352722167969, 353.2264099121094, 178.99691772460938)","(-1.848997950553894, 1.192315936088562, -35.33319091796875)","(359.962646484375, 234.85629272460938, 359.94781494140625)","(-2.118945360183716, -0.038167282938957214, -35.175811767578125)","(359.9359130859375, 177.77090454101562, 0.0030109588988125324)",0.0,0.0289,"(-0.001162, -0.000049, 0.042277)",LeftFalse_RightFalse,False,"(1.889587163925171, -0.0664999708533287, 38.404884338378906)","(356.686279296875, 352.0386657714844, 355.76837158203125)",-0.496212,-1.0,"(0.000019, -0.000003, -0.000005)",LeftFalse_RightFalse
24.335327,0.01846,"(-1.436574935913086, 0.8871889710426331, -35.921966552734375)","(357.4334716796875, 353.2257080078125, 178.9951934814453)","(-1.8490593433380127, 1.1923139095306396, -35.330867767333984)","(359.96246337890625, 234.8551025390625, 359.9476318359375)","(-2.1190104484558105, -0.03816991671919823, -35.173500061035156)","(359.9356384277344, 177.7696990966797, 0.003037460381165147)",0.0,0.0289,"(-0.001143, -0.000051, 0.040794)",LeftFalse_RightFalse,False,"(1.8895885944366455, -0.06649993360042572, 38.404884338378906)","(356.686279296875, 352.03863525390625, 355.76837158203125)",-0.496211,-1.0,"(0.000019, -0.000003, -0.000005)",LeftFalse_RightFalse
24.38855,0.018044,"(-1.4365965127944946, 0.8871850371360779, -35.919918060302734)","(357.4272766113281, 353.22564697265625, 178.99440002441406)","(-1.8491207361221313, 1.1923106908798218, -35.328636169433594)","(359.96258544921875, 234.85479736328125, 359.94775390625)","(-2.119072437286377, -0.03817260265350342, -35.1712646484375)","(359.9358215332031, 177.76939392089844, 0.003020234638825059)",0.0,0.0289,"(-0.001174, -0.000049, 0.042802)",LeftFalse_RightFalse,False,"(1.8895899057388306, -0.06649991124868393, 38.404884338378906)","(356.686279296875, 352.0386047363281, 355.76837158203125)",-0.496211,-1.0,"(0.000019, -0.000003, -0.000005)",LeftFalse_RightFalse
24.446045,0.018585,"(-1.4364476203918457, 0.8871853351593018, -35.917877197265625)","(357.4239196777344, 353.22747802734375, 178.99386596679688)","(-1.8491815328598022, 1.1923085451126099, -35.32625198364258)","(359.96246337890625, 234.85284423828125, 359.9476013183594)","(-2.119138717651367, -0.038175370544195175, -35.16889572143555)","(359.9356384277344, 177.7674560546875, 0.0030380315147340298)",0.0,0.0289,"(-0.001153, -0.000050, 0.041051)",LeftFalse_RightFalse,False,"(1.8895913362503052, -0.0664999783039093, 38.404884338378906)","(356.686279296875, 352.03857421875, 355.76837158203125)",-0.496212,-1.0,"(0.000019, -0.000004, -0.000005)",LeftFalse_RightFalse
24.504028,0.018968,"(-1.4364006519317627, 0.8871831893920898, -35.91564178466797)","(357.42205810546875, 353.222900390625, 178.99359130859375)","(-1.8492457866668701, 1.192305564880371, -35.3238410949707)","(359.96246337890625, 234.85183715820312, 359.94757080078125)","(-2.1192057132720947, -0.03817829117178917, -35.16648864746094)","(359.9355773925781, 177.76644897460938, 0.003037729300558567)",0.0,0.0289,"(-0.001129, -0.000048, 0.039632)",LeftFalse_RightFalse,False,"(1.8895926475524902, -0.06650000810623169, 38.404884338378906)","(356.686279296875, 352.0385437011719, 355.76837158203125)",-0.496211,-1.0,"(0.000019, -0.000004, -0.000005)",LeftFalse_RightFalse
24.561646,0.01911,"(-1.436394453048706, 0.8871802091598511, -35.91332244873047)","(357.4210205078125, 353.2247009277344, 178.99346923828125)","(-1.8493086099624634, 1.1923027038574219, -35.321434020996094)","(359.96246337890625, 234.85023498535156, 359.9476013183594)","(-2.1192729473114014, -0.03818118944764137, -35.16408920288086)","(359.93560791015625, 177.76486206054688, 0.0030351579189300537)",0.0,0.0289,"(-0.001172, -0.000049, 0.042020)",LeftFalse_RightFalse,False,"(1.8895939588546753, -0.06650003790855408, 38.404884338378906)","(356.686279296875, 352.03851318359375, 355.76837158203125)",-0.496211,-1.0,"(0.000019, -0.000004, -0.000005)",LeftFalse_RightFalse
24.620605,0.019352,"(-1.4364237785339355, 0.8871802687644958, -35.910953521728516)","(357.42071533203125, 353.2256774902344, 178.9933624267578)","(-1.849374532699585, 1.1923004388809204, -35.31901931762695)","(359.96234130859375, 234.84942626953125, 359.9474182128906)","(-2.1193413734436035, -0.03818397596478462, -35.16168212890625)","(359.9353942871094, 177.7640380859375, 0.003057257505133748)",0.0,0.0289,"(-0.001176, -0.000051, 0.041708)",LeftFalse_RightFalse,False,"(1.8895955085754395, -0.06649991124868393, 38.404884338378906)","(356.686279296875, 352.0384826660156, 355.76837158203125)",-0.49621,-1.0,"(0.000019, -0.000003, -0.000005)",LeftFalse_RightFalse
24.678345,0.019365,"(-1.4364573955535889, 0.887176513671875, -35.908538818359375)","(357.4181213378906, 353.2250671386719, 178.99334716796875)","(-1.8494385480880737, 1.192297339439392, -35.316585540771484)","(359.9623718261719, 234.84788513183594, 359.9474792480469)","(-2.1194095611572266, -0.03818681091070175, -35.15925598144531)","(359.93548583984375, 177.7624969482422, 0.0030505009926855564)",0.0,0.0289,"(-0.001196, -0.000048, 0.042720)",LeftFalse_RightFalse,False,"(1.889596700668335, -0.06649991869926453, 38.404884338378906)","(356.686279296875, 352.0384521484375, 355.76837158203125)",-0.496211,-1.0,"(0.000019, -0.000004, -0.000005)",LeftFalse_RightFalse
24.733032,0.018741,"(-1.436302900314331, 0.8871740102767944, -35.906524658203125)","(357.4141845703125, 353.22393798828125, 178.9880828857422)","(-1.8494981527328491, 1.1922945976257324, -35.314300537109375)","(359.9623718261719, 234.84628295898438, 359.9474792480469)","(-2.119473457336426, -0.03818957507610321, -35.156978607177734)","(359.93548583984375, 177.76087951660156, 0.0030471677891910076)",0.0,0.0289,"(-0.001193, -0.000050, 0.042908)",LeftFalse_RightFalse,False,"(1.8895981311798096, -0.06649994850158691, 38.404884338378906)","(356.686279296875, 352.0384216308594, 355.76837158203125)",-0.496212,-1.0,"(0.000019, -0.000005, -0.000005)",LeftFalse_RightFalse
24.787842,0.018469,"(-1.4361789226531982, 0.8871716260910034, -35.90449142456055)","(357.41204833984375, 353.2172546386719, 178.98521423339844)","(-1.8495620489120483, 1.1922918558120728, -35.3120002746582)","(359.9623718261719, 234.84613037109375, 359.9474792480469)","(-2.119537830352783, -0.038192253559827805, -35.15467834472656)","(359.93548583984375, 177.76072692871094, 0.00304766115732491)",0.0,0.0289,"(-0.001189, -0.000050, 0.042388)",LeftFalse_RightFalse,False,"(1.8895994424819946, -0.0664999783039093, 38.404884338378906)","(356.686279296875, 352.03839111328125, 355.76837158203125)",-0.496213,-1.0,"(0.000019, -0.000005, -0.000005)",LeftFalse_RightFalse
24.844482,0.018714,"(-1.4363116025924683, 0.8871681094169617, -35.902366638183594)","(357.41070556640625, 353.2192687988281, 178.98849487304688)","(-1.84963059425354, 1.1922889947891235, -35.309608459472656)","(359.9624328613281, 234.84640502929688, 359.94757080078125)","(-2.119605541229248, -0.038195010274648666, -35.15228271484375)","(359.9355773925781, 177.76100158691406, 0.0030403323471546173)",0.0,0.0289,"(-0.001183, -0.000048, 0.042064)",LeftFalse_RightFalse,False,"(1.8896006345748901, -0.06650000810623169, 38.404884338378906)","(356.686279296875, 352.0383605957031, 355.76837158203125)",-0.496212,-1.0,"(0.000019, -0.000005, -0.000005)",LeftFalse_RightFalse
24.900757,0.018692,"(-1.4366225004196167, 0.8871667981147766, -35.9002799987793)","(357.41015625, 353.2196350097656, 178.99021911621094)","(-1.8496959209442139, 1.1922866106033325, -35.30723190307617)","(359.96240234375, 234.84585571289062, 359.947509765625)","(-2.1196722984313965, -0.038197584450244904, -35.14990997314453)","(359.93548583984375, 177.76046752929688, 0.003044216660782695)",0.0,0.0289,"(-0.001204, -0.000049, 0.043003)",LeftFalse_RightFalse,False,"(1.8896019458770752, -0.06650003790855408, 38.404884338378906)","(356.686279296875, 352.038330078125, 355.76837158203125)",-0.496211,-1.0,"(0.000019, -0.000004, -0.000005)",LeftFalse_RightFalse
24.959473,0.019109,"(-1.4368013143539429, 0.8871654272079468, -35.89796447753906)","(357.4099426269531, 353.2178955078125, 178.99118041992188)","(-1.8497588634490967, 1.1922837495803833, -35.304771423339844)","(359.9623107910156, 234.84361267089844, 359.9474182128906)","(-2.119741678237915, -0.038200680166482925, -35.1474609375)","(359.93536376953125, 177.75820922851562, 0.003054107306525111)",0.0,0.0289,"(-0.001184, -0.000051, 0.041813)",LeftFalse_RightFalse,False,"(1.8896033763885498, -0.06650006771087646, 38.404884338378906)","(356.686279296875, 352.0382995605469, 355.76837158203125)",-0.496211,-1.0,"(0.000019, -0.000004, -0.000005)",LeftFalse_RightFalse
25.018188,0.019338,"(-1.436917781829834, 0.8871616721153259, -35.8955192565918)","(357.41357421875, 353.2161560058594, 178.99365234375)","(-1.8498238325119019, 1.192280650138855, -35.30225372314453)","(359.9623718261719, 234.84161376953125, 359.94744873046875)","(-2.11981201171875, -0.03820359706878662, -35.14495086669922)","(359.9354553222656, 177.75621032714844, 0.0030464681331068277)",0.0,0.0289,"(-0.001210, -0.000052, 0.043257)",LeftFalse_RightFalse,False,"(1.8896048069000244, -0.06649995595216751, 38.404884338378906)","(356.686279296875, 352.0382385253906, 355.76837158203125)",-0.496211,-1.0,"(0.000019, -0.000004, -0.000005)",LeftFalse_RightFalse
25.076416,0.01935,"(-1.4370379447937012, 0.8869558572769165, -35.893070220947266)","(357.4167785644531, 353.2156982421875, 178.99407958984375)","(-1.8498969078063965, 1.1922776699066162, -35.29975509643555)","(359.96240234375, 234.842529296875, 359.947509765625)","(-2.119882583618164, -0.03820648416876793, -35.14244842529297)","(359.9355163574219, 177.75714111328125, 0.003041153308004141)",0.0,0.0289,"(-0.001229, -0.000051, 0.044217)",LeftFalse_RightFalse,False,"(1.8896063566207886, -0.0664999708533287, 38.404884338378906)","(356.686279296875, 352.0382080078125, 355.7684020996094)",-0.49621,-1.0,"(0.000019, -0.000005, -0.000005)",LeftFalse_RightFalse
25.131836,0.018817,"(-1.4369255304336548, 0.8865853548049927, -35.890987396240234)","(357.41851806640625, 353.2164306640625, 178.994873046875)","(-1.8499629497528076, 1.1922751665115356, -35.29737091064453)","(359.9623718261719, 234.84222412109375, 359.9474792480469)","(-2.1199493408203125, -0.0382092110812664, -35.14006805419922)","(359.9354553222656, 177.7568359375, 0.003044923534616828)",0.0,0.0289,"(-0.001223, -0.000052, 0.043666)",LeftFalse_RightFalse,False,"(1.889607548713684, -0.0664999932050705, 38.404884338378906)","(356.686279296875, 352.0381774902344, 355.7684020996094)",-0.496211,-1.0,"(0.000019, -0.000004, -0.000005)",LeftFalse_RightFalse
25.188721,0.018981,"(-1.436795949935913, 0.8863808512687683, -35.888832092285156)","(357.4195251464844, 353.21575927734375, 178.99476623535156)","(-1.8500280380249023, 1.192272663116455, -35.29494094848633)","(359.9623107910156, 234.8409881591797, 359.9473876953125)","(-2.1200180053710938, -0.03821198642253876, -35.13764572143555)","(359.9353332519531, 177.75558471679688, 0.003054593224078417)",0.0,0.0289,"(-0.001226, -0.000053, 0.043691)",LeftFalse_RightFalse,False,"(1.8896088600158691, -0.06650000810623169, 38.404884338378906)","(356.686279296875, 352.03814697265625, 355.7684020996094)",-0.496211,-1.0,"(0.000019, -0.000003, -0.000005)",LeftFalse_RightFalse
25.244385,0.018779,"(-1.4367713928222656, 0.8862720131874084, -35.8865852355957)","(357.4200744628906, 353.2101745605469, 178.993408203125)","(-1.850096344947815, 1.1922698020935059, -35.29254150390625)","(359.9622802734375, 234.84121704101562, 359.94732666015625)","(-2.1200857162475586, -0.03821491450071335, -35.13524627685547)","(359.9352722167969, 177.7558135986328, 0.0030572854448109865)",0.0,0.0289,"(-0.001209, -0.000050, 0.042378)",LeftFalse_RightFalse,False,"(1.8896102905273438, -0.0664999783039093, 38.404884338378906)","(356.686279296875, 352.0381164550781, 355.7684020996094)",-0.496212,-1.0,"(0.000019, -0.000005, -0.000005)",LeftFalse_RightFalse
25.301758,0.018926,"(-1.4367775917053223, 0.8862125873565674, -35.884220123291016)","(357.4205322265625, 353.2112731933594, 178.99264526367188)","(-1.850163459777832, 1.1922672986984253, -35.29010009765625)","(359.962158203125, 234.84039306640625, 359.94720458984375)","(-2.120155096054077, -0.03821776434779167, -35.1328125)","(359.93511962890625, 177.7550048828125, 0.0030730499420315027)",0.0,0.0289,"(-0.001195, -0.000049, 0.041486)",LeftFalse_RightFalse,False,"(1.8896116018295288, -0.06650000810623169, 38.404884338378906)","(356.686279296875, 352.0380859375, 355.7684020996094)",-0.49621,-1.0,"(0.000019, -0.000004, -0.000005)",LeftFalse_RightFalse
25.357788,0.01883,"(-1.436812400817871, 0.8861791491508484, -35.88185501098633)","(357.4241943359375, 353.2118225097656, 178.99600219726562)","(-1.8502302169799805, 1.192264437675476, -35.287696838378906)","(359.962158203125, 234.83995056152344, 359.9471740722656)","(-2.120223045349121, -0.03822077438235283, -35.130409240722656)","(359.9350891113281, 177.7545623779297, 0.003071402432397008)",0.0,0.0289,"(-0.001221, -0.000052, 0.043011)",LeftFalse_RightFalse,False,"(1.8896129131317139, -0.06649992614984512, 38.404884338378906)","(356.686279296875, 352.0380554199219, 355.7684020996094)",-0.496212,-1.0,"(0.000019, -0.000006, -0.000005)",LeftFalse_RightFalse
25.415039,0.018906,"(-1.4368571043014526, 0.8861580491065979, -35.8793830871582)","(357.42730712890625, 353.2115478515625, 178.99667358398438)","(-1.8502984046936035, 1.1922612190246582, -35.28520584106445)","(359.96221923828125, 234.83914184570312, 359.947265625)","(-2.120293378829956, -0.0382237434387207, -35.12792205810547)","(359.9352111816406, 177.7537384033203, 0.0030559927690774202)",0.0,0.0289,"(-0.001256, -0.000050, 0.044935)",LeftFalse_RightFalse,False,"(1.889614224433899, -0.06649991869926453, 38.404884338378906)","(356.686279296875, 352.03802490234375, 355.7684020996094)",-0.496211,-1.0,"(0.000019, -0.000004, -0.000005)",LeftFalse_RightFalse
25.47168,0.018861,"(-1.4369137287139893, 0.8861446976661682, -35.876888275146484)","(357.4288330078125, 353.21075439453125, 178.99703979492188)","(-1.8503676652908325, 1.1922581195831299, -35.2827033996582)","(359.9623107910156, 234.83868408203125, 359.9473876953125)","(-2.120363712310791, -0.03822649270296097, -35.12541961669922)","(359.93536376953125, 177.75328063964844, 0.003042861120775342)",0.0,0.0289,"(-0.001243, -0.000048, 0.044313)",LeftFalse_RightFalse,False,"(1.889615535736084, -0.06649994850158691, 38.404884338378906)","(356.686279296875, 352.0379943847656, 355.7684020996094)",-0.496211,-1.0,"(0.000019, -0.000004, -0.000005)",LeftFalse_RightFalse
25.527222,0.018569,"(-1.4369866847991943, 0.8861384391784668, -35.874481201171875)","(357.42987060546875, 353.2103271484375, 178.9971923828125)","(-1.8504379987716675, 1.1922554969787598, -35.2802848815918)","(359.9622802734375, 234.83932495117188, 359.94732666015625)","(-2.1204323768615723, -0.03822924941778183, -35.12299728393555)","(359.9352722167969, 177.75392150878906, 0.0030507133342325687)",0.0,0.0289,"(-0.001224, -0.000052, 0.043042)",LeftFalse_RightFalse,False,"(1.8896169662475586, -0.0664999783039093, 38.404884338378906)","(356.686279296875, 352.0379638671875, 355.7684020996094)",-0.496212,-1.0,"(0.000019, -0.000004, -0.000005)",LeftFalse_RightFalse
25.581909,0.018358,"(-1.4370436668395996, 0.8861346244812012, -35.872100830078125)","(357.4303894042969, 353.2091064453125, 178.99728393554688)","(-1.8505035638809204, 1.1922529935836792, -35.27790451049805)","(359.9621887207031, 234.83871459960938, 359.9472351074219)","(-2.120499610900879, -0.038232047110795975, -35.12062454223633)","(359.9351806640625, 177.75332641601562, 0.0030593930277973413)",0.0,0.0289,"(-0.001230, -0.000050, 0.043319)",LeftFalse_RightFalse,False,"(1.8896182775497437, -0.06650000810623169, 38.404884338378906)","(356.686279296875, 352.0379333496094, 355.7684020996094)",-0.496211,-1.0,"(0.000019, -0.000004, -0.000005)",LeftFalse_RightFalse
25.636841,0.018434,"(-1.4370925426483154, 0.886132001876831, -35.86970520019531)","(357.4308166503906, 353.20745849609375, 178.99729919433594)","(-1.8505674600601196, 1.1922506093978882, -35.275516510009766)","(359.9621276855469, 234.83737182617188, 359.9471435546875)","(-2.1205673217773438, -0.038234829902648926, -35.11824417114258)","(359.9350280761719, 177.75198364257812, 0.003070745151489973)",0.0,0.0289,"(-0.001231, -0.000051, 0.043164)",LeftFalse_RightFalse,False,"(1.8896195888519287, -0.0664999857544899, 38.404884338378906)","(356.686279296875, 352.03790283203125, 355.7684020996094)",-0.496212,-1.0,"(0.000019, -0.000003, -0.000005)",LeftFalse_RightFalse
25.693726,0.018705,"(-1.4371488094329834, 0.886126697063446, -35.867183685302734)","(357.4356689453125, 353.2039794921875, 178.9973602294922)","(-1.850635290145874, 1.1922471523284912, -35.27300262451172)","(359.9621887207031, 234.83631896972656, 359.9472351074219)","(-2.120637893676758, -0.03823792189359665, -35.1157341003418)","(359.9351501464844, 177.7509307861328, 0.0030556744895875454)",0.0,0.0289,"(-0.001245, -0.000052, 0.044360)",LeftFalse_RightFalse,False,"(1.8896209001541138, -0.06649985909461975, 38.404884338378906)","(356.686279296875, 352.0378723144531, 355.7684020996094)",-0.496213,-1.0,"(0.000019, -0.000004, -0.000005)",LeftFalse_RightFalse
25.753174,0.019269,"(-1.4372096061706543, 0.8861242532730103, -35.864566802978516)","(357.4385070800781, 353.20477294921875, 178.9973602294922)","(-1.8507062196731567, 1.1922444105148315, -35.27039337158203)","(359.962158203125, 234.8353729248047, 359.9471740722656)","(-2.1207115650177, -0.03824089467525482, -35.113128662109375)","(359.9350891113281, 177.74998474121094, 0.0030630703549832106)",0.0,0.0289,"(-0.001252, -0.000054, 0.044358)",LeftFalse_RightFalse,False,"(1.8896223306655884, -0.06649991869926453, 38.404884338378906)","(356.686279296875, 352.037841796875, 355.7684020996094)",-0.496212,-1.0,"(0.000019, -0.000007, -0.000005)",LeftFalse_RightFalse
25.811035,0.019234,"(-1.4372656345367432, 0.886123538017273, -35.8620491027832)","(357.4400634765625, 353.198974609375, 178.99732971191406)","(-1.8507744073867798, 1.192241907119751, -35.267879486083984)","(359.9620361328125, 234.834228515625, 359.947021484375)","(-2.1207830905914307, -0.03824383020401001, -35.110626220703125)","(359.9349060058594, 177.7488250732422, 0.003080063732340932)",0.0,0.0289,"(-0.001250, -0.000054, 0.043822)",LeftFalse_RightFalse,False,"(1.889623761177063, -0.06650003790855408, 38.404884338378906)","(356.686279296875, 352.03778076171875, 355.7684020996094)",-0.496212,-1.0,"(0.000019, -0.000005, -0.000005)",LeftFalse_RightFalse
25.869141,0.019277,"(-1.4373207092285156, 0.88611900806427, -35.859458923339844)","(357.4407043457031, 353.19354248046875, 178.9973602294922)","(-1.8508436679840088, 1.1922385692596436, -35.26530075073242)","(359.96209716796875, 234.8328857421875, 359.9471130371094)","(-2.1208558082580566, -0.03824693709611893, -35.10805130004883)","(359.93499755859375, 177.74749755859375, 0.0030684557277709246)",0.0,0.0289,"(-0.001239, -0.000050, 0.043258)",LeftFalse_RightFalse,False,"(1.8896251916885376, -0.06650006771087646, 38.404884338378906)","(356.686279296875, 352.0377502441406, 355.7684020996094)",-0.496211,-1.0,"(0.000019, -0.000004, -0.000005)",LeftFalse_RightFalse
25.928345,0.019527,"(-1.4373841285705566, 0.8861147165298462, -35.856815338134766)","(357.4410400390625, 353.1948547363281, 178.99737548828125)","(-1.8509160280227661, 1.1922353506088257, -35.262664794921875)","(359.962158203125, 234.83201599121094, 359.9471740722656)","(-2.1209304332733154, -0.038250017911195755, -35.10541534423828)","(359.9350891113281, 177.74661254882812, 0.0030603688210248947)",0.0,0.0289,"(-0.001265, -0.000053, 0.044956)",LeftFalse_RightFalse,False,"(1.8896265029907227, -0.0664999857544899, 38.404884338378906)","(356.686279296875, 352.0377197265625, 355.7684020996094)",-0.496212,-1.0,"(0.000019, -0.000003, -0.000005)",LeftFalse_RightFalse
25.982544,0.018695,"(-1.4374217987060547, 0.8861117959022522, -35.8543701171875)","(357.441162109375, 353.19354248046875, 178.99737548828125)","(-1.8509780168533325, 1.1922324895858765, -35.26023483276367)","(359.962158203125, 234.8296661376953, 359.9471740722656)","(-2.1209988594055176, -0.03825276345014572, -35.102996826171875)","(359.93511962890625, 177.74427795410156, 0.003059557406231761)",0.0,0.0289,"(-0.001261, -0.000052, 0.044523)",LeftFalse_RightFalse,False,"(1.8896278142929077, -0.06649991869926453, 38.404884338378906)","(356.686279296875, 352.0376892089844, 355.7684020996094)",-0.496211,-1.0,"(0.000019, -0.000003, -0.000005)",LeftFalse_RightFalse
26.036255,0.018331,"(-1.4374672174453735, 0.8861082196235657, -35.851924896240234)","(357.44122314453125, 353.1923828125, 178.9973907470703)","(-1.851041316986084, 1.1922295093536377, -35.2578010559082)","(359.96221923828125, 234.82794189453125, 359.9472351074219)","(-2.1210670471191406, -0.038255538791418076, -35.10057067871094)","(359.9351806640625, 177.7425537109375, 0.003056173212826252)",0.0,0.0289,"(-0.001245, -0.000047, 0.043358)",LeftFalse_RightFalse,False,"(1.8896291255950928, -0.06649990379810333, 38.404884338378906)","(356.686279296875, 352.03765869140625, 355.7684020996094)",-0.496213,-1.0,"(0.000019, -0.000004, -0.000005)",LeftFalse_RightFalse
26.091797,0.018288,"(-1.4375038146972656, 0.8861078023910522, -35.84943389892578)","(357.44146728515625, 353.190185546875, 178.99734497070312)","(-1.8511041402816772, 1.1922272443771362, -35.25532913208008)","(359.96209716796875, 234.82540893554688, 359.94708251953125)","(-2.1211369037628174, -0.038258351385593414, -35.098114013671875)","(359.9349670410156, 177.74002075195312, 0.0030750392470508814)",0.0,0.0289,"(-0.001247, -0.000052, 0.043543)",LeftFalse_RightFalse,False,"(1.8896303176879883, -0.06649991869926453, 38.404884338378906)","(356.686279296875, 352.0376281738281, 355.7684020996094)",-0.496211,-1.0,"(0.000019, -0.000006, -0.000005)",LeftFalse_RightFalse
26.145752,0.01821,"(-1.4375414848327637, 0.8861057758331299, -35.84700393676758)","(357.4415588378906, 353.1879577636719, 178.99732971191406)","(-1.8511663675308228, 1.192224383354187, -35.2529182434082)","(359.9620361328125, 234.82302856445312, 359.947021484375)","(-2.1212058067321777, -0.038261283189058304, -35.0957145690918)","(359.9349060058594, 177.73764038085938, 0.003082537790760398)",0.0,0.0289,"(-0.001271, -0.000054, 0.044524)",LeftFalse_RightFalse,False,"(1.889631748199463, -0.0664999857544899, 38.404884338378906)","(356.686279296875, 352.03759765625, 355.7684020996094)",-0.496211,-1.0,"(0.000019, -0.000005, -0.000005)",LeftFalse_RightFalse
26.205811,0.01914,"(-1.4376229047775269, 0.8861035108566284, -35.844337463378906)","(357.446533203125, 353.1884460449219, 178.997314453125)","(-1.8512438535690308, 1.1922214031219482, -35.250247955322266)","(359.96197509765625, 234.8234100341797, 359.94696044921875)","(-2.1212823390960693, -0.038264479488134384, -35.09304428100586)","(359.934814453125, 177.73802185058594, 0.0030913830269128084)",0.0,0.0289,"(-0.001286, -0.000052, 0.044934)",LeftFalse_RightFalse,False,"(1.8896331787109375, -0.06650001555681229, 38.404884338378906)","(356.686279296875, 352.0375671386719, 355.7684020996094)",-0.496211,-1.0,"(0.000019, -0.000004, -0.000005)",LeftFalse_RightFalse
26.247681,0.01979,"(-1.437667965888977, 0.8861010074615479, -35.842445373535156)","(357.44976806640625, 353.1878356933594, 178.99732971191406)","(-1.8512957096099854, 1.1922192573547363, -35.24835968017578)","(359.9620056152344, 234.82275390625, 359.9469909667969)","(-2.121335983276367, -0.038266658782958984, -35.09115982055664)","(359.9348449707031, 177.73736572265625, 0.003086731769144535)",0.0,0.0289,"(-0.001299, -0.000052, 0.046030)",LeftFalse_RightFalse,False,"(1.8896342515945435, -0.06649996340274811, 38.404884338378906)","(356.686279296875, 352.03753662109375, 355.7684020996094)",-0.49621,-1.0,"(0.000019, -0.000004, -0.000005)",LeftFalse_RightFalse
26.304443,0.019326,"(-1.4376988410949707, 0.88609778881073, -35.8398551940918)","(357.4523010253906, 353.1846923828125, 178.99937438964844)","(-1.8513596057891846, 1.192216157913208, -35.245792388916016)","(359.9620056152344, 234.81959533691406, 359.9469909667969)","(-2.121408462524414, -0.03826969489455223, -35.08860778808594)","(359.93487548828125, 177.7342071533203, 0.0030839492101222277)",0.0,0.0289,"(-0.001287, -0.000053, 0.045087)",LeftFalse_RightFalse,False,"(1.889635443687439, -0.06649985909461975, 38.404884338378906)","(356.686279296875, 352.0375061035156, 355.7684020996094)",-0.496213,-1.0,"(0.000019, -0.000003, -0.000005)",LeftFalse_RightFalse
26.345703,0.019833,"(-1.4377425909042358, 0.8860950469970703, -35.837974548339844)","(357.4493103027344, 353.1839599609375, 179.00262451171875)","(-1.851410984992981, 1.192213773727417, -35.24391555786133)","(359.9620361328125, 234.81886291503906, 359.947021484375)","(-2.121461868286133, -0.038271885365247726, -35.086734771728516)","(359.9349060058594, 177.73345947265625, 0.003080344060435891)",0.0,0.0289,"(-0.001293, -0.000053, 0.045487)",LeftFalse_RightFalse,False,"(1.889636516571045, -0.06649985909461975, 38.404884338378906)","(356.686279296875, 352.0374755859375, 355.7684020996094)",-0.496211,-1.0,"(0.000019, -0.000004, -0.000005)",LeftFalse_RightFalse
26.40332,0.01958,"(-1.4377952814102173, 0.8860906958580017, -35.8353271484375)","(357.4468688964844, 353.18231201171875, 179.0052490234375)","(-1.8514809608459473, 1.1922105550765991, -35.24128341674805)","(359.96209716796875, 234.81719970703125, 359.9471130371094)","(-2.1215362548828125, -0.038274940103292465, -35.0841064453125)","(359.9350280761719, 177.73179626464844, 0.0030711053404957056)",0.0,0.0289,"(-0.001280, -0.000051, 0.044714)",LeftFalse_RightFalse,False,"(1.88963782787323, -0.06649991869926453, 38.404884338378906)","(356.686279296875, 352.0374450683594, 355.7684020996094)",-0.496214,-1.0,"(0.000019, -0.000005, -0.000005)",LeftFalse_RightFalse
26.443481,0.019757,"(-1.437841534614563, 0.8860902190208435, -35.833518981933594)","(357.446044921875, 353.18194580078125, 179.00628662109375)","(-1.8515311479568481, 1.1922087669372559, -35.23947525024414)","(359.9620361328125, 234.81680297851562, 359.947021484375)","(-2.1215877532958984, -0.0382770337164402, -35.08230209350586)","(359.93487548828125, 177.73141479492188, 0.0030840958934277296)",0.0,0.0289,"(-0.001288, -0.000053, 0.044994)",LeftFalse_RightFalse,False,"(1.8896387815475464, -0.0664999783039093, 38.404884338378906)","(356.686279296875, 352.0374450683594, 355.7684020996094)",-0.496212,-1.0,"(0.000019, -0.000005, -0.000005)",LeftFalse_RightFalse
26.48645,0.020324,"(-1.437877893447876, 0.8860895037651062, -35.831573486328125)","(357.447509765625, 353.18267822265625, 179.00802612304688)","(-1.8515825271606445, 1.192206859588623, -35.23754119873047)","(359.9619445800781, 234.81536865234375, 359.9468994140625)","(-2.12164306640625, -0.03827930614352226, -35.080379486083984)","(359.93475341796875, 177.72996520996094, 0.0030927888583391905)",0.0,0.0289,"(-0.001276, -0.000053, 0.044273)",LeftFalse_RightFalse,False,"(1.8896398544311523, -0.06650000810623169, 38.404884338378906)","(356.686279296875, 352.03741455078125, 355.7684020996094)",-0.496211,-1.0,"(0.000019, -0.000003, -0.000005)",LeftFalse_RightFalse
26.529541,0.02074,"(-1.437918782234192, 0.8860875368118286, -35.82960510253906)","(357.4503173828125, 353.18255615234375, 179.00709533691406)","(-1.8516350984573364, 1.1922045946121216, -35.23558044433594)","(359.9619445800781, 234.814208984375, 359.9468994140625)","(-2.1216988563537598, -0.03828159719705582, -35.07842254638672)","(359.9347229003906, 177.72882080078125, 0.003095038002356887)",0.0,0.0289,"(-0.001305, -0.000054, 0.045695)",LeftFalse_RightFalse,False,"(1.8896408081054688, -0.06649995595216751, 38.404884338378906)","(356.686279296875, 352.0373840332031, 355.7684020996094)",-0.496211,-1.0,"(0.000019, -0.000004, -0.000005)",LeftFalse_RightFalse
26.570435,0.020584,"(-1.437957525253296, 0.8860851526260376, -35.827728271484375)","(357.451904296875, 353.1800842285156, 179.0041046142578)","(-1.8516855239868164, 1.1922023296356201, -35.23371124267578)","(359.9619445800781, 234.81309509277344, 359.9468994140625)","(-2.1217522621154785, -0.03828376531600952, -35.076560974121094)","(359.93475341796875, 177.72769165039062, 0.0030941301956772804)",0.0,0.0289,"(-0.001282, -0.000053, 0.044392)",LeftFalse_RightFalse,False,"(1.8896418809890747, -0.0664999932050705, 38.404884338378906)","(356.686279296875, 352.037353515625, 355.7684020996094)",-0.496212,-1.0,"(0.000019, -0.000004, -0.000005)",LeftFalse_RightFalse
26.611694,0.020608,"(-1.4379847049713135, 0.8860835433006287, -35.82583999633789)","(357.4530029296875, 353.1772155761719, 179.0076904296875)","(-1.8517332077026367, 1.1922001838684082, -35.23183822631836)","(359.9619140625, 234.81109619140625, 359.9468688964844)","(-2.1218056678771973, -0.03828601911664009, -35.0746955871582)","(359.9346923828125, 177.7257080078125, 0.0030992492102086544)",0.0,0.0289,"(-0.001313, -0.000055, 0.046047)",LeftFalse_RightFalse,False,"(1.8896427154541016, -0.06649991869926453, 38.404884338378906)","(356.686279296875, 352.0373229980469, 355.7684020996094)",-0.496213,-1.0,"(0.000019, -0.000005, -0.000005)",LeftFalse_RightFalse
26.651978,0.020425,"(-1.438030481338501, 0.8860815167427063, -35.823997497558594)","(357.4536437988281, 353.1761474609375, 179.005126953125)","(-1.8517844676971436, 1.1921980381011963, -35.22999954223633)","(359.9619140625, 234.81057739257812, 359.9468688964844)","(-2.1218583583831787, -0.038288213312625885, -35.07286071777344)","(359.9346923828125, 177.72518920898438, 0.003100678324699402)",0.0,0.0289,"(-0.001294, -0.000051, 0.044623)",LeftFalse_RightFalse,False,"(1.889643669128418, -0.06649986654520035, 38.404884338378906)","(356.686279296875, 352.0373229980469, 355.7684020996094)",-0.49621,-1.0,"(0.000019, -0.000004, -0.000005)",LeftFalse_RightFalse
26.712646,0.020409,"(-1.43809175491333, 0.8860776424407959, -35.821189880371094)","(357.4541320800781, 353.1742248535156, 179.00291442871094)","(-1.8518610000610352, 1.1921947002410889, -35.22719955444336)","(359.9619445800781, 234.80911254882812, 359.9468994140625)","(-2.121938705444336, -0.03829146921634674, -35.070068359375)","(359.93475341796875, 177.72372436523438, 0.0030945367179811)",0.0,0.0289,"(-0.001301, -0.000053, 0.045001)",LeftFalse_RightFalse,False,"(1.8896452188491821, -0.06649990379810333, 38.404884338378906)","(356.686279296875, 352.0372619628906, 355.7684020996094)",-0.496211,-1.0,"(0.000019, -0.000004, -0.000005)",LeftFalse_RightFalse
26.77002,0.019809,"(-1.4381769895553589, 0.8860751390457153, -35.818572998046875)","(357.4544372558594, 353.17333984375, 179.0018310546875)","(-1.851938247680664, 1.1921916007995605, -35.224578857421875)","(359.9619140625, 234.80987548828125, 359.9468688964844)","(-2.122014045715332, -0.03829454630613327, -35.06744384765625)","(359.9346923828125, 177.7244873046875, 0.003098506713286042)",0.0,0.0289,"(-0.001320, -0.000053, 0.045983)",LeftFalse_RightFalse,False,"(1.8896464109420776, -0.06650002300739288, 38.404884338378906)","(356.686279296875, 352.0372314453125, 355.7684020996094)",-0.496212,-1.0,"(0.000019, -0.000005, -0.000005)",LeftFalse_RightFalse
26.827759,0.019547,"(-1.4382319450378418, 0.8860731720924377, -35.815921783447266)","(357.4546813964844, 353.1692199707031, 179.00123596191406)","(-1.8520097732543945, 1.1921888589859009, -35.22193908691406)","(359.96185302734375, 234.80828857421875, 359.94677734375)","(-2.1220898628234863, -0.038297634571790695, -35.06481170654297)","(359.9346008300781, 177.722900390625, 0.0031029905658215284)",0.0,0.0289,"(-0.001296, -0.000054, 0.044582)",LeftFalse_RightFalse,False,"(1.8896478414535522, -0.06650006771087646, 38.404884338378906)","(356.686279296875, 352.0372009277344, 355.7684020996094)",-0.49621,-1.0,"(0.000019, -0.000004, -0.000005)",LeftFalse_RightFalse
26.884644,0.019277,"(-1.4382741451263428, 0.8860710859298706, -35.81330490112305)","(357.4548034667969, 353.16973876953125, 179.00091552734375)","(-1.8520777225494385, 1.1921859979629517, -35.219337463378906)","(359.9618225097656, 234.80580139160156, 359.94671630859375)","(-2.122164726257324, -0.038300737738609314, -35.062225341796875)","(359.93450927734375, 177.7204132080078, 0.003110224846750498)",0.0,0.0289,"(-0.001300, -0.000053, 0.044726)",LeftFalse_RightFalse,False,"(1.8896493911743164, -0.06650000810623169, 38.404884338378906)","(356.686279296875, 352.03717041015625, 355.7684326171875)",-0.496211,-1.0,"(0.000019, -0.000004, -0.000005)",LeftFalse_RightFalse
26.944092,0.019548,"(-1.4383243322372437, 0.8860672116279602, -35.81053924560547)","(357.454833984375, 353.1650695800781, 179.00076293945312)","(-1.8521504402160645, 1.1921826601028442, -35.216590881347656)","(359.96185302734375, 234.80361938476562, 359.94677734375)","(-2.1222434043884277, -0.03830387815833092, -35.059486389160156)","(359.9346008300781, 177.71823120117188, 0.003105836920440197)",0.0,0.0289,"(-0.001318, -0.000052, 0.045602)",LeftFalse_RightFalse,False,"(1.889650583267212, -0.06650003045797348, 38.404884338378906)","(356.686279296875, 352.0371398925781, 355.7684326171875)",-0.496211,-1.0,"(0.000019, -0.000003, -0.000005)",LeftFalse_RightFalse
27.001221,0.019403,"(-1.438386082649231, 0.8860634565353394, -35.80788803100586)","(357.45477294921875, 353.1612548828125, 179.0028533935547)","(-1.8522233963012695, 1.1921793222427368, -35.21394729614258)","(359.9618835449219, 234.80255126953125, 359.9468078613281)","(-2.122319221496582, -0.03830701857805252, -35.056846618652344)","(359.93463134765625, 177.71714782714844, 0.0031007074285298586)",0.0,0.0289,"(-0.001340, -0.000055, 0.046871)",LeftFalse_RightFalse,False,"(1.889651894569397, -0.06649984419345856, 38.404884338378906)","(356.686279296875, 352.037109375, 355.7684326171875)",-0.496211,-1.0,"(0.000019, -0.000003, -0.000005)",LeftFalse_RightFalse
27.041382,0.019706,"(-1.4384346008300781, 0.8860613703727722, -35.806026458740234)","(357.4548034667969, 353.1597900390625, 179.00299072265625)","(-1.8522758483886719, 1.1921772956848145, -35.21208572387695)","(359.9618835449219, 234.80218505859375, 359.9468078613281)","(-2.122372627258301, -0.03830914944410324, -35.054988861083984)","(359.93463134765625, 177.71678161621094, 0.003103583585470915)",0.0,0.0289,"(-0.001340, -0.000053, 0.046723)",LeftFalse_RightFalse,False,"(1.889652967453003, -0.06649985909461975, 38.404884338378906)","(356.686279296875, 352.0370788574219, 355.7684326171875)",-0.496211,-1.0,"(0.000019, -0.000004, -0.000005)",LeftFalse_RightFalse
27.100098,0.019604,"(-1.4384992122650146, 0.8860604166984558, -35.803321838378906)","(357.4549865722656, 353.1598205566406, 179.0051727294922)","(-1.8523507118225098, 1.1921746730804443, -35.209388732910156)","(359.9617614746094, 234.80117797851562, 359.9466857910156)","(-2.122450351715088, -0.038312170654535294, -35.05229949951172)","(359.9344482421875, 177.7157745361328, 0.003117924090474844)",0.0,0.0289,"(-0.001313, -0.000053, 0.045122)",LeftFalse_RightFalse,False,"(1.889654278755188, -0.06649994850158691, 38.404884338378906)","(356.686279296875, 352.03704833984375, 355.7684326171875)",-0.496215,-1.0,"(0.000019, -0.000006, -0.000005)",LeftFalse_RightFalse
27.160889,0.019882,"(-1.4385606050491333, 0.8860577344894409, -35.80051040649414)","(357.45501708984375, 353.1619567871094, 179.00633239746094)","(-1.8524277210235596, 1.1921714544296265, -35.20658874511719)","(359.96173095703125, 234.79966735839844, 359.9466247558594)","(-2.1225316524505615, -0.0383155457675457, -35.04950714111328)","(359.9344177246094, 177.71426391601562, 0.003121524816378951)",0.0,0.0289,"(-0.001356, -0.000056, 0.047085)",LeftFalse_RightFalse,False,"(1.8896558284759521, -0.06650000810623169, 38.404884338378906)","(356.686279296875, 352.0370178222656, 355.7684326171875)",-0.49621,-1.0,"(0.000019, -0.000005, -0.000005)",LeftFalse_RightFalse
27.218262,0.019446,"(-1.4386229515075684, 0.8860517740249634, -35.79777908325195)","(357.4548034667969, 353.1625061035156, 179.00694274902344)","(-1.8525025844573975, 1.1921676397323608, -35.2038688659668)","(359.9618835449219, 234.7984619140625, 359.9468078613281)","(-2.1226096153259277, -0.038318753242492676, -35.04678726196289)","(359.93463134765625, 177.71307373046875, 0.0031017852015793324)",0.0,0.0289,"(-0.001346, -0.000054, 0.046745)",LeftFalse_RightFalse,False,"(1.8896571397781372, -0.06650003790855408, 38.404884338378906)","(356.686279296875, 352.0369873046875, 355.7684326171875)",-0.496212,-1.0,"(0.000019, -0.000004, -0.000005)",LeftFalse_RightFalse
27.278198,0.019744,"(-1.4387015104293823, 0.8860522508621216, -35.79503631591797)","(357.4551086425781, 353.1609191894531, 179.00721740722656)","(-1.8525819778442383, 1.1921651363372803, -35.20112228393555)","(359.9617004394531, 234.79840087890625, 359.9465637207031)","(-2.1226894855499268, -0.038321949541568756, -35.04404830932617)","(359.934326171875, 177.71299743652344, 0.003127589588984847)",0.0,0.0289,"(-0.001338, -0.000055, 0.045891)",LeftFalse_RightFalse,False,"(1.8896585702896118, -0.0664999857544899, 38.404884338378906)","(356.686279296875, 352.0369567871094, 355.7684326171875)",-0.49621,-1.0,"(0.000019, -0.000003, -0.000005)",LeftFalse_RightFalse
27.33606,0.019473,"(-1.4387609958648682, 0.8860491514205933, -35.792335510253906)","(357.4551086425781, 353.162109375, 179.0073699951172)","(-1.8526558876037598, 1.192162036895752, -35.19843292236328)","(359.9617004394531, 234.79696655273438, 359.9465637207031)","(-2.122767210006714, -0.03832507133483887, -35.04136657714844)","(359.934326171875, 177.7115936279297, 0.003123782342299819)",0.0,0.0289,"(-0.001337, -0.000054, 0.045971)",LeftFalse_RightFalse,False,"(1.8896600008010864, -0.06649988889694214, 38.404884338378906)","(356.686279296875, 352.03692626953125, 355.7684326171875)",-0.496211,-1.0,"(0.000019, -0.000004, -0.000005)",LeftFalse_RightFalse
27.392822,0.019136,"(-1.43882155418396, 0.8860460519790649, -35.78968811035156)","(357.4551086425781, 353.15814208984375, 179.0074462890625)","(-1.852729082107544, 1.1921590566635132, -35.195796966552734)","(359.9617004394531, 234.79576110839844, 359.9465637207031)","(-2.1228437423706055, -0.03832820802927017, -35.038734436035156)","(359.934326171875, 177.71035766601562, 0.003121528774499893)",0.0,0.0289,"(-0.001343, -0.000055, 0.046297)",LeftFalse_RightFalse,False,"(1.8896613121032715, -0.06649985909461975, 38.404884338378906)","(356.686279296875, 352.0368957519531, 355.7684326171875)",-0.496214,-1.0,"(0.000019, -0.000004, -0.000005)",LeftFalse_RightFalse
27.434692,0.019804,"(-1.43888258934021, 0.8860431909561157, -35.78773498535156)","(357.455078125, 353.1580505371094, 179.0074920654297)","(-1.852786898612976, 1.1921565532684326, -35.19384002685547)","(359.96173095703125, 234.79611206054688, 359.94659423828125)","(-2.1229004859924316, -0.03833058848977089, -35.03677749633789)","(359.93438720703125, 177.71070861816406, 0.0031164183747023344)",0.0,0.0289,"(-0.001353, -0.000055, 0.046931)",LeftFalse_RightFalse,False,"(1.889662265777588, -0.06649991869926453, 38.404884338378906)","(356.686279296875, 352.036865234375, 355.7684326171875)",-0.496214,-1.0,"(0.000019, -0.000006, -0.000005)",LeftFalse_RightFalse
27.475586,0.020038,"(-1.4389312267303467, 0.8860411643981934, -35.78582000732422)","(357.455078125, 353.1588439941406, 179.0075225830078)","(-1.8528406620025635, 1.1921544075012207, -35.19192886352539)","(359.96173095703125, 234.79559326171875, 359.94659423828125)","(-2.122955560684204, -0.03833271563053131, -35.03486633300781)","(359.9343566894531, 177.710205078125, 0.0031153575982898474)",0.0,0.0289,"(-0.001337, -0.000053, 0.046036)",LeftFalse_RightFalse,False,"(1.8896632194519043, -0.06650001555681229, 38.404884338378906)","(356.686279296875, 352.0368347167969, 355.7684326171875)",-0.49621,-1.0,"(0.000019, -0.000005, -0.000005)",LeftFalse_RightFalse
27.531738,0.019359,"(-1.4389913082122803, 0.8860384225845337, -35.78318405151367)","(357.4551086425781, 353.15869140625, 179.00753784179688)","(-1.8529131412506104, 1.192151427268982, -35.189300537109375)","(359.9617004394531, 234.79440307617188, 359.9465637207031)","(-2.1230313777923584, -0.03833582252264023, -35.03224563598633)","(359.934326171875, 177.70899963378906, 0.003117828629910946)",0.0,0.0289,"(-0.001359, -0.000055, 0.047046)",LeftFalse_RightFalse,False,"(1.889664649963379, -0.06650005280971527, 38.404884338378906)","(356.686279296875, 352.03680419921875, 355.7684326171875)",-0.496211,-1.0,"(0.000019, -0.000004, -0.000005)",LeftFalse_RightFalse
27.587891,0.019104,"(-1.4390578269958496, 0.8860369324684143, -35.78057098388672)","(357.4552001953125, 353.1548767089844, 179.00750732421875)","(-1.8529869318008423, 1.1921486854553223, -35.18669128417969)","(359.9616394042969, 234.79367065429688, 359.94647216796875)","(-2.1231071949005127, -0.038338802754879, -35.02964401245117)","(359.9342346191406, 177.70828247070312, 0.0031267437152564526)",0.0,0.0289,"(-0.001377, -0.000055, 0.047903)",LeftFalse_RightFalse,False,"(1.889665961265564, -0.06650003045797348, 38.404884338378906)","(356.686279296875, 352.0367736816406, 355.7684326171875)",-0.496209,-1.0,"(0.000019, -0.000003, -0.000005)",LeftFalse_RightFalse
27.643921,0.018948,"(-1.439117431640625, 0.8860316276550293, -35.77789306640625)","(357.4550476074219, 353.1507263183594, 179.00755310058594)","(-1.8530597686767578, 1.1921452283859253, -35.184024810791016)","(359.96173095703125, 234.79241943359375, 359.9466247558594)","(-2.123183250427246, -0.038341887295246124, -35.0269775390625)","(359.93438720703125, 177.70701599121094, 0.0031085798982530832)",0.0,0.0289,"(-0.001349, -0.000053, 0.046479)",LeftFalse_RightFalse,False,"(1.8896673917770386, -0.06649982929229736, 38.404884338378906)","(356.686279296875, 352.0367431640625, 355.7684326171875)",-0.496211,-1.0,"(0.000019, -0.000003, -0.000005)",LeftFalse_RightFalse
27.684448,0.019414,"(-1.4391672611236572, 0.886031985282898, -35.77601623535156)","(357.4552307128906, 353.1533203125, 179.0075225830078)","(-1.8531134128570557, 1.192143440246582, -35.18214797973633)","(359.96160888671875, 234.79205322265625, 359.94647216796875)","(-2.1232380867004395, -0.03834398463368416, -35.025108337402344)","(359.9342041015625, 177.70664978027344, 0.003128094132989645)",0.0,0.0289,"(-0.001375, -0.000057, 0.047726)",LeftFalse_RightFalse,False,"(1.889668345451355, -0.06649982929229736, 38.404884338378906)","(356.686279296875, 352.0367126464844, 355.7684326171875)",-0.496212,-1.0,"(0.000019, -0.000003, -0.000005)",LeftFalse_RightFalse
27.725586,0.019849,"(-1.4391932487487793, 0.8860292434692383, -35.774044036865234)","(357.4552001953125, 353.15289306640625, 179.0075225830078)","(-1.853163242340088, 1.1921411752700806, -35.18019485473633)","(359.9616394042969, 234.7897186279297, 359.9465026855469)","(-2.1232943534851074, -0.03834625706076622, -35.023162841796875)","(359.9342346191406, 177.70433044433594, 0.003124980954453349)",0.0,0.0289,"(-0.001386, -0.000058, 0.048238)",LeftFalse_RightFalse,False,"(1.8896692991256714, -0.06649977713823318, 38.404884338378906)","(356.686279296875, 352.03668212890625, 355.7684326171875)",-0.496211,-1.0,"(0.000019, -0.000005, -0.000005)",LeftFalse_RightFalse
27.783691,0.019625,"(-1.4392452239990234, 0.8860254883766174, -35.77126693725586)","(357.4551696777344, 353.1523742675781, 179.00753784179688)","(-1.8532366752624512, 1.1921378374099731, -35.17742919921875)","(359.961669921875, 234.78765869140625, 359.946533203125)","(-2.123373508453369, -0.03834950923919678, -35.020408630371094)","(359.93426513671875, 177.7022705078125, 0.0031234233174473047)",0.0,0.0289,"(-0.001367, -0.000056, 0.047106)",LeftFalse_RightFalse,False,"(1.8896706104278564, -0.06649979948997498, 38.404884338378906)","(356.686279296875, 352.0366516113281, 355.7684326171875)",-0.49621,-1.0,"(0.000019, -0.000004, -0.000005)",LeftFalse_RightFalse
27.824463,0.019883,"(-1.4392791986465454, 0.8860236406326294, -35.769325256347656)","(357.4552001953125, 353.1513366699219, 179.0075225830078)","(-1.853288173675537, 1.1921355724334717, -35.17550277709961)","(359.9616394042969, 234.78598022460938, 359.9465026855469)","(-2.123429536819458, -0.038351792842149734, -35.018489837646484)","(359.9342346191406, 177.70057678222656, 0.0031261881813406944)",0.0,0.0289,"(-0.001393, -0.000056, 0.048499)",LeftFalse_RightFalse,False,"(1.8896715641021729, -0.06649988889694214, 38.404884338378906)","(356.686279296875, 352.03662109375, 355.7684326171875)",-0.496216,-1.0,"(0.000019, -0.000006, -0.000005)",LeftFalse_RightFalse
27.882935,0.019694,"(-1.4393577575683594, 0.8860205411911011, -35.76654052734375)","(357.4552001953125, 353.1517028808594, 179.0075225830078)","(-1.8533682823181152, 1.1921323537826538, -35.1727180480957)","(359.9616394042969, 234.78582763671875, 359.9465026855469)","(-2.1235101222991943, -0.03835507109761238, -35.01570510864258)","(359.9342346191406, 177.700439453125, 0.00312814605422318)",0.0,0.0289,"(-0.001375, -0.000057, 0.047485)",LeftFalse_RightFalse,False,"(1.8896729946136475, -0.0664999783039093, 38.404884338378906)","(356.686279296875, 352.0365905761719, 355.7684326171875)",-0.496211,-1.0,"(0.000019, -0.000005, -0.000005)",LeftFalse_RightFalse
27.923584,0.019859,"(-1.4394094944000244, 0.8860201835632324, -35.764644622802734)","(357.453369140625, 353.151611328125, 179.00750732421875)","(-1.8534228801727295, 1.192130446434021, -35.17082595825195)","(359.9615478515625, 234.78555297851562, 359.9463806152344)","(-2.123565435409546, -0.03835733234882355, -35.013816833496094)","(359.93408203125, 177.70016479492188, 0.0031379424035549164)",0.0,0.0289,"(-0.001385, -0.000055, 0.047868)",LeftFalse_RightFalse,False,"(1.8896739482879639, -0.06650000810623169, 38.404884338378906)","(356.686279296875, 352.03656005859375, 355.7684326171875)",-0.496211,-1.0,"(0.000019, -0.000005, -0.000005)",LeftFalse_RightFalse
27.964722,0.02012,"(-1.4395865201950073, 0.8860183358192444, -35.76252365112305)","(357.4502868652344, 353.1502685546875, 179.0074920654297)","(-1.8534791469573975, 1.1921284198760986, -35.16887664794922)","(359.9615173339844, 234.7854461669922, 359.9463195800781)","(-2.123622179031372, -0.038359660655260086, -35.011871337890625)","(359.93402099609375, 177.70004272460938, 0.003142136847600341)",0.0,0.0289,"(-0.001390, -0.000056, 0.047892)",LeftFalse_RightFalse,False,"(1.8896749019622803, -0.0664999932050705, 38.404884338378906)","(356.686279296875, 352.03656005859375, 355.7684326171875)",-0.496209,-1.0,"(0.000019, -0.000003, -0.000005)",LeftFalse_RightFalse
28.004883,0.020076,"(-1.4398192167282104, 0.8860155940055847, -35.760379791259766)","(357.4483947753906, 353.1492919921875, 179.0074920654297)","(-1.8535358905792236, 1.1921260356903076, -35.166969299316406)","(359.9615173339844, 234.7859344482422, 359.94635009765625)","(-2.1236774921417236, -0.03836188092827797, -35.00996017456055)","(359.9340515136719, 177.70054626464844, 0.0031382867600768805)",0.0,0.0289,"(-0.001371, -0.000056, 0.046656)",LeftFalse_RightFalse,False,"(1.8896759748458862, -0.0664999857544899, 38.404884338378906)","(356.686279296875, 352.0365295410156, 355.7684326171875)",-0.496213,-1.0,"(0.000019, -0.000004, -0.000005)",LeftFalse_RightFalse
28.061523,0.019479,"(-1.4400146007537842, 0.8860147595405579, -35.75752258300781)","(357.447021484375, 353.1481628417969, 179.00747680664062)","(-1.8536086082458496, 1.1921231746673584, -35.16432571411133)","(359.9613952636719, 234.7842559814453, 359.9461669921875)","(-2.1237549781799316, -0.0383652038872242, -35.007328033447266)","(359.933837890625, 177.6988525390625, 0.003154959762468934)",0.0,0.0289,"(-0.001378, -0.000057, 0.046976)",LeftFalse_RightFalse,False,"(1.8896772861480713, -0.06649982929229736, 38.404884338378906)","(356.686279296875, 352.0364990234375, 355.7684326171875)",-0.496211,-1.0,"(0.000019, -0.000003, -0.000005)",LeftFalse_RightFalse
28.116821,0.019024,"(-1.4401497840881348, 0.8860110640525818, -35.75481033325195)","(357.4461669921875, 353.149169921875, 179.0074920654297)","(-1.8536818027496338, 1.19212007522583, -35.161720275878906)","(359.96142578125, 234.7831268310547, 359.9461975097656)","(-2.123831272125244, -0.03836827725172043, -35.004730224609375)","(359.9338684082031, 177.69772338867188, 0.003149594645947218)",0.0,0.0289,"(-0.001375, -0.000055, 0.046823)",LeftFalse_RightFalse,False,"(1.8896784782409668, -0.06649979948997498, 38.404884338378906)","(356.686279296875, 352.0364685058594, 355.7684326171875)",-0.496211,-1.0,"(0.000019, -0.000004, -0.000005)",LeftFalse_RightFalse
28.177368,0.01968,"(-1.4402592182159424, 0.8860054612159729, -35.75183868408203)","(357.44549560546875, 353.1420593261719, 179.00750732421875)","(-1.853762149810791, 1.192116379737854, -35.1588249206543)","(359.9615478515625, 234.7817840576172, 359.94635009765625)","(-2.123914957046509, -0.03837157413363457, -35.001834869384766)","(359.9340515136719, 177.69639587402344, 0.003131111618131399)",0.0,0.0289,"(-0.001399, -0.000053, 0.048287)",LeftFalse_RightFalse,False,"(1.889680027961731, -0.06649991124868393, 38.404884338378906)","(356.686279296875, 352.03643798828125, 355.7684326171875)",-0.496216,-1.0,"(0.000019, -0.000005, -0.000005)",LeftFalse_RightFalse
28.219482,0.020185,"(-1.4403347969055176, 0.8860048055648804, -35.74984359741211)","(357.4454345703125, 353.1398620605469, 179.0074920654297)","(-1.8538203239440918, 1.1921145915985107, -35.1568489074707)","(359.9614562988281, 234.7818603515625, 359.9462585449219)","(-2.1239731311798096, -0.03837374225258827, -34.99986267089844)","(359.9339294433594, 177.6964569091797, 0.0031436076387763023)",0.0,0.0289,"(-0.001380, -0.000053, 0.046976)",LeftFalse_RightFalse,False,"(1.8896809816360474, -0.06649994850158691, 38.404884338378906)","(356.686279296875, 352.0364074707031, 355.7684326171875)",-0.496211,-1.0,"(0.000019, -0.000004, -0.000005)",LeftFalse_RightFalse
28.276855,0.019619,"(-1.4404271841049194, 0.8860027194023132, -35.74712371826172)","(357.44537353515625, 353.13812255859375, 179.00747680664062)","(-1.8538998365402222, 1.1921117305755615, -35.15414810180664)","(359.96142578125, 234.78182983398438, 359.9461669921875)","(-2.1240527629852295, -0.038376856595277786, -34.997161865234375)","(359.933837890625, 177.69642639160156, 0.00314847263507545)",0.0,0.0289,"(-0.001372, -0.000054, 0.046419)",LeftFalse_RightFalse,False,"(1.889682412147522, -0.0664999708533287, 38.404884338378906)","(356.686279296875, 352.036376953125, 355.7684326171875)",-0.496211,-1.0,"(0.000019, -0.000005, -0.000005)",LeftFalse_RightFalse
28.317139,0.01978,"(-1.4404845237731934, 0.8860034942626953, -35.74525833129883)","(357.4455261230469, 353.13720703125, 179.00743103027344)","(-1.8539540767669678, 1.1921099424362183, -35.15229034423828)","(359.9612731933594, 234.7816162109375, 359.94598388671875)","(-2.124107837677002, -0.03837914019823074, -34.99531173706055)","(359.9336242675781, 177.69622802734375, 0.003169056260958314)",0.0,0.0289,"(-0.001375, -0.000055, 0.046295)",LeftFalse_RightFalse,False,"(1.889683485031128, -0.06649985164403915, 38.404884338378906)","(356.686279296875, 352.0363464355469, 355.7684326171875)",-0.496211,-1.0,"(0.000019, -0.000003, -0.000005)",LeftFalse_RightFalse
28.357544,0.020016,"(-1.4405491352081299, 0.8859996199607849, -35.74333190917969)","(357.44537353515625, 353.1371154785156, 179.00746154785156)","(-1.8540115356445312, 1.1921074390411377, -35.150367736816406)","(359.96136474609375, 234.781982421875, 359.94610595703125)","(-2.12416410446167, -0.03838132321834564, -34.993385314941406)","(359.9337463378906, 177.6965789794922, 0.003152571152895689)",0.0,0.0289,"(-0.001399, -0.000057, 0.047800)",LeftFalse_RightFalse,False,"(1.8896843194961548, -0.06649982929229736, 38.404884338378906)","(356.686279296875, 352.03631591796875, 355.7684326171875)",-0.496211,-1.0,"(0.000019, -0.000003, -0.000005)",LeftFalse_RightFalse
28.415283,0.019627,"(-1.4406180381774902, 0.8859953880310059, -35.740577697753906)","(357.44525146484375, 353.13568115234375, 179.00747680664062)","(-1.8540889024734497, 1.1921041011810303, -35.14762496948242)","(359.9613952636719, 234.78091430664062, 359.9461669921875)","(-2.124244213104248, -0.0383845716714859, -34.99064636230469)","(359.933837890625, 177.6955108642578, 0.0031397652346640825)",0.0,0.0289,"(-0.001369, -0.000055, 0.046545)",LeftFalse_RightFalse,False,"(1.8896856307983398, -0.0664997473359108, 38.404884338378906)","(356.686279296875, 352.0362854003906, 355.7684326171875)",-0.496213,-1.0,"(0.000019, -0.000003, -0.000005)",LeftFalse_RightFalse
28.47522,0.019909,"(-1.4406681060791016, 0.8859908580780029, -35.73768615722656)","(357.44512939453125, 353.1327819824219, 179.0074920654297)","(-1.8541651964187622, 1.1921005249023438, -35.14475631713867)","(359.9614562988281, 234.77822875976562, 359.94622802734375)","(-2.1243276596069336, -0.03838794678449631, -34.98778533935547)","(359.9339294433594, 177.69284057617188, 0.0031315889209508896)",0.0,0.0289,"(-0.001420, -0.000058, 0.049197)",LeftFalse_RightFalse,False,"(1.8896870613098145, -0.06649980694055557, 38.404884338378906)","(356.686279296875, 352.0362548828125, 355.7684326171875)",-0.49621,-1.0,"(0.000019, -0.000007, -0.000005)",LeftFalse_RightFalse
28.532959,0.019559,"(-1.4407384395599365, 0.885986864566803, -35.73490524291992)","(357.445068359375, 353.1318359375, 179.0074920654297)","(-1.8542437553405762, 1.1920970678329468, -35.14198303222656)","(359.96148681640625, 234.77735900878906, 359.9462890625)","(-2.124408721923828, -0.038391128182411194, -34.985015869140625)","(359.9339904785156, 177.6919708251953, 0.003129576798528433)",0.0,0.0289,"(-0.001410, -0.000054, 0.048447)",LeftFalse_RightFalse,False,"(1.889688491821289, -0.06649991869926453, 38.404884338378906)","(356.686279296875, 352.0362243652344, 355.7684326171875)",-0.49621,-1.0,"(0.000019, -0.000004, -0.000005)",LeftFalse_RightFalse
28.57373,0.019839,"(-1.4407840967178345, 0.885986328125, -35.73297119140625)","(357.4451904296875, 353.1309509277344, 179.00747680664062)","(-1.8542976379394531, 1.1920952796936035, -35.140052795410156)","(359.96142578125, 234.77651977539062, 359.9461669921875)","(-2.124464988708496, -0.0383933000266552, -34.98309326171875)","(359.933837890625, 177.69113159179688, 0.00314291100949049)",0.0,0.0289,"(-0.001419, -0.000057, 0.048710)",LeftFalse_RightFalse,False,"(1.8896894454956055, -0.06649993360042572, 38.404884338378906)","(356.686279296875, 352.03619384765625, 355.7684326171875)",-0.496212,-1.0,"(0.000019, -0.000005, -0.000005)",LeftFalse_RightFalse
28.616089,0.020287,"(-1.44081711769104, 0.8859854936599731, -35.73094177246094)","(357.4453125, 353.1289367675781, 179.0074462890625)","(-1.8543511629104614, 1.1920931339263916, -35.138038635253906)","(359.9613342285156, 234.7745361328125, 359.9460754394531)","(-2.1245241165161133, -0.03839562088251114, -34.9810905456543)","(359.9337158203125, 177.6891326904297, 0.0031538093462586403)",0.0,0.0289,"(-0.001364, -0.000053, 0.045595)",LeftFalse_RightFalse,False,"(1.8896902799606323, -0.06649996340274811, 38.404884338378906)","(356.686279296875, 352.0361633300781, 355.7684326171875)",-0.496211,-1.0,"(0.000019, -0.000004, -0.000005)",LeftFalse_RightFalse
28.675293,0.020069,"(-1.4408783912658691, 0.885982096195221, -35.72809600830078)","(357.4453125, 353.1272277832031, 179.00746154785156)","(-1.8544296026229858, 1.1920897960662842, -35.13520431518555)","(359.96136474609375, 234.77285766601562, 359.94610595703125)","(-2.1246070861816406, -0.038398921489715576, -34.97826385498047)","(359.9337463378906, 177.6874542236328, 0.00315134902484715)",0.0,0.0289,"(-0.001436, -0.000058, 0.049593)",LeftFalse_RightFalse,False,"(1.8896918296813965, -0.06649989634752274, 38.404884338378906)","(356.686279296875, 352.0361328125, 355.7684326171875)",-0.496211,-1.0,"(0.000019, -0.000003, -0.000005)",LeftFalse_RightFalse
28.72937,0.019084,"(-1.440934419631958, 0.8859800696372986, -35.72550964355469)","(357.4454040527344, 353.125732421875, 179.0074462890625)","(-1.8545012474060059, 1.1920870542526245, -35.132633209228516)","(359.9613037109375, 234.77133178710938, 359.9460144042969)","(-2.124682903289795, -0.03840196877717972, -34.97570037841797)","(359.93365478515625, 177.68594360351562, 0.003159895772114396)",0.0,0.0289,"(-0.001427, -0.000059, 0.048615)",LeftFalse_RightFalse,False,"(1.8896931409835815, -0.06649976968765259, 38.404884338378906)","(356.686279296875, 352.0361022949219, 355.7684631347656)",-0.496213,-1.0,"(0.000019, -0.000004, -0.000005)",LeftFalse_RightFalse
28.77063,0.019641,"(-1.4409840106964111, 0.8859758377075195, -35.7234992980957)","(357.44525146484375, 353.12701416015625, 179.00506591796875)","(-1.8545582294464111, 1.1920843124389648, -35.1306266784668)","(359.9613952636719, 234.77061462402344, 359.9461364746094)","(-2.124741792678833, -0.03840437904000282, -34.97369384765625)","(359.9338073730469, 177.68521118164062, 0.0031469441018998623)",0.0,0.0289,"(-0.001407, -0.000055, 0.047982)",LeftFalse_RightFalse,False,"(1.8896942138671875, -0.06649976968765259, 38.404884338378906)","(356.686279296875, 352.03607177734375, 355.7684631347656)",-0.496211,-1.0,"(0.000019, -0.000004, -0.000005)",LeftFalse_RightFalse
28.82959,0.019697,"(-1.4410641193389893, 0.8859743475914001, -35.72068786621094)","(357.4454040527344, 353.1278991699219, 179.00814819335938)","(-1.854640245437622, 1.192081332206726, -35.12781524658203)","(359.9613037109375, 234.77041625976562, 359.9460144042969)","(-2.1248245239257812, -0.03840767592191696, -34.97088623046875)","(359.93365478515625, 177.68502807617188, 0.0031587982084602118)",0.0,0.0289,"(-0.001400, -0.000056, 0.047204)",LeftFalse_RightFalse,False,"(1.8896955251693726, -0.06649986654520035, 38.404884338378906)","(356.686279296875, 352.0360412597656, 355.7684631347656)",-0.496217,-1.0,"(0.000019, -0.000006, -0.000005)",LeftFalse_RightFalse
28.888184,0.019604,"(-1.4411451816558838, 0.8859724998474121, -35.71791458129883)","(357.44549560546875, 353.1296081542969, 179.01158142089844)","(-1.854722499847412, 1.1920782327651978, -35.12504196166992)","(359.96124267578125, 234.77032470703125, 359.9459533691406)","(-2.1249070167541504, -0.03841099143028259, -34.968116760253906)","(359.9335632324219, 177.68492126464844, 0.00316560547798872)",0.0,0.0289,"(-0.001418, -0.000058, 0.048153)",LeftFalse_RightFalse,False,"(1.8896970748901367, -0.06649994850158691, 38.404884338378906)","(356.686279296875, 352.0360107421875, 355.7684631347656)",-0.496212,-1.0,"(0.000019, -0.000004, -0.000005)",LeftFalse_RightFalse
28.928589,0.019791,"(-1.4411978721618652, 0.8859691023826599, -35.71595764160156)","(357.4454040527344, 353.1299133300781, 179.00958251953125)","(-1.8547788858413696, 1.1920757293701172, -35.12308883666992)","(359.9613037109375, 234.76995849609375, 359.9460144042969)","(-2.1249642372131348, -0.038413312286138535, -34.966163635253906)","(359.93365478515625, 177.6845703125, 0.0031537862960249186)",0.0,0.0289,"(-0.001412, -0.000053, 0.047854)",LeftFalse_RightFalse,False,"(1.8896979093551636, -0.06649995595216751, 38.404884338378906)","(356.686279296875, 352.0359802246094, 355.7684631347656)",-0.496211,-1.0,"(0.000019, -0.000005, -0.000005)",LeftFalse_RightFalse
28.970581,0.020216,"(-1.4412510395050049, 0.8859668970108032, -35.713932037353516)","(357.4454345703125, 353.1319274902344, 179.0128631591797)","(-1.8548367023468018, 1.1920735836029053, -35.121063232421875)","(359.9613037109375, 234.76950073242188, 359.9460144042969)","(-2.125023365020752, -0.038415566086769104, -34.964141845703125)","(359.9336242675781, 177.68411254882812, 0.0031529953703284264)",0.0,0.0289,"(-0.001432, -0.000055, 0.048739)",LeftFalse_RightFalse,False,"(1.8896987438201904, -0.0664999783039093, 38.404884338378906)","(356.686279296875, 352.0359802246094, 355.7684631347656)",-0.496211,-1.0,"(0.000019, -0.000004, -0.000005)",LeftFalse_RightFalse
29.010986,0.020154,"(-1.441291332244873, 0.8859652876853943, -35.71198654174805)","(357.4454650878906, 353.1282958984375, 179.0098876953125)","(-1.8548903465270996, 1.1920714378356934, -35.1191291809082)","(359.96124267578125, 234.7682342529297, 359.9459533691406)","(-2.1250805854797363, -0.03841784968972206, -34.962215423583984)","(359.9335632324219, 177.68283081054688, 0.0031583341769874096)",0.0,0.0289,"(-0.001457, -0.000059, 0.050017)",LeftFalse_RightFalse,False,"(1.889699935913086, -0.06649990379810333, 38.404884338378906)","(356.686279296875, 352.03594970703125, 355.7684631347656)",-0.496214,-1.0,"(0.000019, -0.000004, -0.000005)",LeftFalse_RightFalse
29.051514,0.020181,"(-1.4413251876831055, 0.8859626650810242, -35.709999084472656)","(357.4454345703125, 353.1292724609375, 179.01002502441406)","(-1.8549431562423706, 1.1920690536499023, -35.11715316772461)","(359.9612731933594, 234.7664031982422, 359.94598388671875)","(-2.125138282775879, -0.038420066237449646, -34.96024703979492)","(359.9336242675781, 177.68099975585938, 0.003156334860250354)",0.0,0.0289,"(-0.001413, -0.000052, 0.047522)",LeftFalse_RightFalse,False,"(1.8897008895874023, -0.06649979948997498, 38.404884338378906)","(356.686279296875, 352.0359191894531, 355.7684631347656)",-0.496209,-1.0,"(0.000019, -0.000002, -0.000005)",LeftFalse_RightFalse
29.092163,0.020199,"(-1.4413630962371826, 0.8859620690345764, -35.708045959472656)","(357.445556640625, 353.12957763671875, 179.0117645263672)","(-1.8549965620040894, 1.1920671463012695, -35.115211486816406)","(359.961181640625, 234.764892578125, 359.9458923339844)","(-2.1251959800720215, -0.03842228651046753, -34.95831298828125)","(359.9334716796875, 177.6794891357422, 0.003167377319186926)",0.0,0.0289,"(-0.001406, -0.000055, 0.047114)",LeftFalse_RightFalse,False,"(1.8897018432617188, -0.0664997547864914, 38.404884338378906)","(356.686279296875, 352.035888671875, 355.7684631347656)",-0.496211,-1.0,"(0.000019, -0.000003, -0.000005)",LeftFalse_RightFalse
29.148438,0.019441,"(-1.4414174556732178, 0.885960042476654, -35.70534133911133)","(357.4456481933594, 353.12908935546875, 179.01316833496094)","(-1.8550708293914795, 1.1920641660690308, -35.11252212524414)","(359.9611511230469, 234.76296997070312, 359.94580078125)","(-2.1252756118774414, -0.03842546045780182, -34.95563507080078)","(359.9333801269531, 177.6775665283203, 0.0031755142845213413)",0.0,0.0289,"(-0.001431, -0.000056, 0.048107)",LeftFalse_RightFalse,False,"(1.8897031545639038, -0.06649980694055557, 38.404884338378906)","(356.686279296875, 352.0358581542969, 355.7684631347656)",-0.496215,-1.0,"(0.000019, -0.000005, -0.000005)",LeftFalse_RightFalse
29.206177,0.019288,"(-1.441476583480835, 0.8859544992446899, -35.7025146484375)","(357.44549560546875, 353.127685546875, 179.01463317871094)","(-1.8551487922668457, 1.1920603513717651, -35.109710693359375)","(359.96124267578125, 234.76116943359375, 359.9459533691406)","(-2.1253583431243896, -0.03842885419726372, -34.95282745361328)","(359.9335632324219, 177.67576599121094, 0.0031575763132423162)",0.0,0.0289,"(-0.001430, -0.000056, 0.048435)",LeftFalse_RightFalse,False,"(1.8897044658660889, -0.06649988889694214, 38.404884338378906)","(356.686279296875, 352.03582763671875, 355.7684631347656)",-0.496212,-1.0,"(0.000019, -0.000005, -0.000005)",LeftFalse_RightFalse
29.247192,0.019671,"(-1.4415256977081299, 0.8859526515007019, -35.700531005859375)","(357.4455261230469, 353.1231384277344, 179.01443481445312)","(-1.8552054166793823, 1.1920582056045532, -35.10772705078125)","(359.9612121582031, 234.7604217529297, 359.9459228515625)","(-2.1254169940948486, -0.03843121975660324, -34.95085144042969)","(359.93353271484375, 177.67501831054688, 0.003161726286634803)",0.0,0.0289,"(-0.001451, -0.000056, 0.049315)",LeftFalse_RightFalse,False,"(1.8897054195404053, -0.06649991869926453, 38.404884338378906)","(356.686279296875, 352.0357971191406, 355.7684631347656)",-0.496211,-1.0,"(0.000019, -0.000004, -0.000005)",LeftFalse_RightFalse
29.303711,0.019284,"(-1.441595196723938, 0.8859474062919617, -35.69771957397461)","(357.44537353515625, 353.119140625, 179.01429748535156)","(-1.8552851676940918, 1.1920546293258667, -35.10492706298828)","(359.9613342285156, 234.75946044921875, 359.946044921875)","(-2.1254992485046387, -0.03843434900045395, -34.94805145263672)","(359.9336853027344, 177.67404174804688, 0.003147979499772191)",0.0,0.0289,"(-0.001396, -0.000054, 0.046566)",LeftFalse_RightFalse,False,"(1.8897067308425903, -0.06649991869926453, 38.404884338378906)","(356.686279296875, 352.0357666015625, 355.7684631347656)",-0.49621,-1.0,"(0.000019, -0.000004, -0.000005)",LeftFalse_RightFalse
29.360718,0.019137,"(-1.4416391849517822, 0.8859484791755676, -35.69498062133789)","(357.4457092285156, 353.11468505859375, 179.01417541503906)","(-1.8553578853607178, 1.1920523643493652, -35.10220718383789)","(359.96112060546875, 234.75665283203125, 359.9457702636719)","(-2.125580072402954, -0.03843752667307854, -34.945350646972656)","(359.933349609375, 177.67123413085938, 0.003179812105372548)",0.0,0.0289,"(-0.001419, -0.000055, 0.047273)",LeftFalse_RightFalse,False,"(1.8897080421447754, -0.06649977713823318, 38.404884338378906)","(356.686279296875, 352.0357360839844, 355.7684631347656)",-0.496211,-1.0,"(0.000019, -0.000004, -0.000005)",LeftFalse_RightFalse
29.416504,0.018865,"(-1.4416873455047607, 0.8859447240829468, -35.69224548339844)","(357.4456481933594, 353.1113586425781, 179.01414489746094)","(-1.8554317951202393, 1.1920490264892578, -35.0994873046875)","(359.9611511230469, 234.75416564941406, 359.94580078125)","(-2.1256606578826904, -0.038440752774477005, -34.94264221191406)","(359.9333801269531, 177.66876220703125, 0.003173641860485077)",0.0,0.0289,"(-0.001454, -0.000059, 0.049121)",LeftFalse_RightFalse,False,"(1.88970947265625, -0.06649979203939438, 38.404884338378906)","(356.686279296875, 352.03570556640625, 355.7684631347656)",-0.496212,-1.0,"(0.000019, -0.000004, -0.000005)",LeftFalse_RightFalse
29.47522,0.019183,"(-1.441756248474121, 0.8859409093856812, -35.689369201660156)","(357.44561767578125, 353.11016845703125, 179.01412963867188)","(-1.855513334274292, 1.1920455694198608, -35.096622467041016)","(359.961181640625, 234.7529296875, 359.9458312988281)","(-2.1257455348968506, -0.03844408318400383, -34.939781188964844)","(359.9334411621094, 177.66754150390625, 0.003169955685734749)",0.0,0.0289,"(-0.001454, -0.000059, 0.049104)",LeftFalse_RightFalse,False,"(1.8897109031677246, -0.06649983674287796, 38.404884338378906)","(356.686279296875, 352.0356750488281, 355.7684631347656)",-0.496211,-1.0,"(0.000019, -0.000006, -0.000005)",LeftFalse_RightFalse
29.532959,0.019374,"(-1.441823959350586, 0.8859394788742065, -35.68658447265625)","(357.4457702636719, 353.110595703125, 179.0140838623047)","(-1.8555928468704224, 1.192042589187622, -35.093841552734375)","(359.9610900878906, 234.75180053710938, 359.94573974609375)","(-2.125828266143799, -0.038447409868240356, -34.93701171875)","(359.93328857421875, 177.66639709472656, 0.003182445652782917)",0.0,0.0289,"(-0.001459, -0.000057, 0.049291)",LeftFalse_RightFalse,False,"(1.8897122144699097, -0.06649996340274811, 38.404884338378906)","(356.686279296875, 352.03564453125, 355.7684631347656)",-0.496212,-1.0,"(0.000019, -0.000004, -0.000005)",LeftFalse_RightFalse
29.574097,0.019832,"(-1.441873550415039, 0.8859394192695618, -35.68462371826172)","(357.4459228515625, 353.10980224609375, 179.01405334472656)","(-1.855649471282959, 1.1920408010482788, -35.091888427734375)","(359.9609680175781, 234.75112915039062, 359.9455871582031)","(-2.125886917114258, -0.03844965994358063, -34.935062408447266)","(359.93310546875, 177.6657257080078, 0.00319758546538651)",0.0,0.0289,"(-0.001418, -0.000055, 0.046603)",LeftFalse_RightFalse,False,"(1.889713168144226, -0.0664999932050705, 38.404884338378906)","(356.686279296875, 352.0356140136719, 355.7684631347656)",-0.496211,-1.0,"(0.000019, -0.000005, -0.000005)",LeftFalse_RightFalse
29.631836,0.019514,"(-1.4419519901275635, 0.885934591293335, -35.681800842285156)","(357.44580078125, 353.1092529296875, 179.01406860351562)","(-1.8557325601577759, 1.1920372247695923, -35.08906936645508)","(359.9610595703125, 234.7506561279297, 359.9456787109375)","(-2.1259710788726807, -0.038452908396720886, -34.93224334716797)","(359.9332275390625, 177.66525268554688, 0.0031829376239329576)",0.0,0.0289,"(-0.001432, -0.000056, 0.047663)",LeftFalse_RightFalse,False,"(1.8897147178649902, -0.0664999932050705, 38.404884338378906)","(356.686279296875, 352.03558349609375, 355.7684631347656)",-0.496209,-1.0,"(0.000019, -0.000002, -0.000005)",LeftFalse_RightFalse
29.688599,0.019284,"(-1.4420146942138672, 0.885931134223938, -35.679019927978516)","(357.44580078125, 353.1076965332031, 179.01406860351562)","(-1.8558111190795898, 1.1920338869094849, -35.086299896240234)","(359.9610595703125, 234.7491455078125, 359.9457092285156)","(-2.126053810119629, -0.03845617175102234, -34.929481506347656)","(359.9332580566406, 177.6637420654297, 0.0031818340066820383)",0.0,0.0289,"(-0.001445, -0.000056, 0.048116)",LeftFalse_RightFalse,False,"(1.8897159099578857, -0.06649987399578094, 38.404884338378906)","(356.686279296875, 352.0355529785156, 355.7684631347656)",-0.496212,-1.0,"(0.000019, -0.000003, -0.000005)",LeftFalse_RightFalse
29.744385,0.018936,"(-1.4420557022094727, 0.88592928647995, -35.67629623413086)","(357.4458923339844, 353.1046447753906, 179.01405334472656)","(-1.855883240699768, 1.1920310258865356, -35.08359909057617)","(359.96099853515625, 234.74612426757812, 359.94561767578125)","(-2.126134157180786, -0.038459453731775284, -34.926795959472656)","(359.9331359863281, 177.6607208251953, 0.003191115567460656)",0.0,0.0289,"(-0.001427, -0.000056, 0.047227)",LeftFalse_RightFalse,False,"(1.8897172212600708, -0.06649976968765259, 38.404884338378906)","(356.686279296875, 352.0355224609375, 355.7684631347656)",-0.496211,-1.0,"(0.000019, -0.000004, -0.000005)",LeftFalse_RightFalse
29.787354,0.019773,"(-1.4421062469482422, 0.8859291672706604, -35.67424011230469)","(357.4460754394531, 353.1037902832031, 179.01402282714844)","(-1.8559426069259644, 1.1920291185379028, -35.081546783447266)","(359.96087646484375, 234.74526977539062, 359.9454650878906)","(-2.1261961460113525, -0.03846168518066406, -34.92475128173828)","(359.9329833984375, 177.65988159179688, 0.003206489607691765)",0.0,0.0289,"(-0.001475, -0.000058, 0.049213)",LeftFalse_RightFalse,False,"(1.8897182941436768, -0.06649976223707199, 38.404884338378906)","(356.686279296875, 352.0354919433594, 355.7684631347656)",-0.496208,-1.0,"(0.000019, -0.000003, -0.000005)",LeftFalse_RightFalse
29.846069,0.01959,"(-1.442190170288086, 0.8859236836433411, -35.671356201171875)","(357.4459228515625, 353.10357666015625, 179.01405334472656)","(-1.8560285568237305, 1.1920251846313477, -35.07866287231445)","(359.96099853515625, 234.74508666992188, 359.9455871582031)","(-2.1262824535369873, -0.03846520930528641, -34.92186737060547)","(359.9331359863281, 177.65968322753906, 0.003192777745425701)",0.0,0.0289,"(-0.001437, -0.000056, 0.047373)",LeftFalse_RightFalse,False,"(1.8897197246551514, -0.06649971753358841, 38.404884338378906)","(356.686279296875, 352.03546142578125, 355.7684631347656)",-0.496211,-1.0,"(0.000019, -0.000006, -0.000005)",LeftFalse_RightFalse
29.886719,0.019792,"(-1.4422378540039062, 0.8859236240386963, -35.669410705566406)","(357.4460754394531, 353.1027526855469, 179.01400756835938)","(-1.8560848236083984, 1.1920233964920044, -35.07672119140625)","(359.96087646484375, 234.74424743652344, 359.9454650878906)","(-2.1263411045074463, -0.038467396050691605, -34.9199333190918)","(359.9329528808594, 177.65884399414062, 0.003206949681043625)",0.0,0.0289,"(-0.001496, -0.000062, 0.050268)",LeftFalse_RightFalse,False,"(1.8897206783294678, -0.06649977713823318, 38.404884338378906)","(356.686279296875, 352.0354309082031, 355.7684631347656)",-0.496212,-1.0,"(0.000019, -0.000005, -0.000005)",LeftFalse_RightFalse
29.928833,0.020263,"(-1.442286491394043, 0.8859207034111023, -35.66734313964844)","(357.446044921875, 353.1039123535156, 179.01402282714844)","(-1.8561440706253052, 1.1920207738876343, -35.07466125488281)","(359.9609069824219, 234.74322509765625, 359.94549560546875)","(-2.1264030933380127, -0.038469888269901276, -34.917877197265625)","(359.9329833984375, 177.65782165527344, 0.0032020946964621544)",0.0,0.0289,"(-0.001462, -0.000056, 0.048380)",LeftFalse_RightFalse,False,"(1.8897216320037842, -0.06649982929229736, 38.404884338378906)","(356.686279296875, 352.0354309082031, 355.7684631347656)",-0.496211,-1.0,"(0.000019, -0.000004, -0.000005)",LeftFalse_RightFalse
29.970947,0.020551,"(-1.4423432350158691, 0.885918915271759, -35.665306091308594)","(357.44610595703125, 353.10418701171875, 179.01402282714844)","(-1.8562043905258179, 1.1920185089111328, -35.072628021240234)","(359.96087646484375, 234.74288940429688, 359.9454650878906)","(-2.126464366912842, -0.0384722501039505, -34.91584777832031)","(359.9329528808594, 177.65748596191406, 0.0032042351085692644)",0.0,0.0289,"(-0.001443, -0.000058, 0.047446)",LeftFalse_RightFalse,False,"(1.8897225856781006, -0.06649985909461975, 38.404884338378906)","(356.686279296875, 352.035400390625, 355.7684631347656)",-0.496211,-1.0,"(0.000019, -0.000004, -0.000005)",LeftFalse_RightFalse
30.029419,0.020076,"(-1.44240140914917, 0.885915994644165, -35.66246795654297)","(357.4461364746094, 353.1025695800781, 179.01402282714844)","(-1.8562840223312378, 1.1920154094696045, -35.06980514526367)","(359.9608459472656, 234.74078369140625, 359.9454345703125)","(-2.12654972076416, -0.03847556561231613, -34.91303253173828)","(359.93292236328125, 177.6553955078125, 0.0032062013633549213)",0.0,0.0289,"(-0.001460, -0.000054, 0.048064)",LeftFalse_RightFalse,False,"(1.8897241353988647, -0.06649985909461975, 38.404884338378906)","(356.686279296875, 352.0353698730469, 355.7684631347656)",-0.496212,-1.0,"(0.000019, -0.000004, -0.000005)",LeftFalse_RightFalse
30.08728,0.019667,"(-1.4424734115600586, 0.8859102129936218, -35.65959930419922)","(357.4459228515625, 353.1017761230469, 179.01429748535156)","(-1.8563671112060547, 1.1920115947723389, -35.06694793701172)","(359.9609680175781, 234.73971557617188, 359.9455871582031)","(-2.1266355514526367, -0.038478873670101166, -34.91017532348633)","(359.93310546875, 177.65432739257812, 0.0031869523227214813)",0.0,0.0289,"(-0.001501, -0.000056, 0.050464)",LeftFalse_RightFalse,False,"(1.8897255659103394, -0.06649976968765259, 38.404884338378906)","(356.686279296875, 352.03533935546875, 355.7684631347656)",-0.496211,-1.0,"(0.000019, -0.000004, -0.000005)",LeftFalse_RightFalse
30.143921,0.019324,"(-1.4425437450408936, 0.8859049677848816, -35.656768798828125)","(357.4457702636719, 353.1008605957031, 179.0148162841797)","(-1.8564484119415283, 1.1920080184936523, -35.06412124633789)","(359.9610900878906, 234.73867797851562, 359.9457092285156)","(-2.1267194747924805, -0.03848208487033844, -34.907352447509766)","(359.93328857421875, 177.65328979492188, 0.003169803647324443)",0.0,0.0289,"(-0.001494, -0.000058, 0.050403)",LeftFalse_RightFalse,False,"(1.8897267580032349, -0.0664997398853302, 38.404884338378906)","(356.686279296875, 352.0353088378906, 355.7684631347656)",-0.496211,-1.0,"(0.000019, -0.000005, -0.000005)",LeftFalse_RightFalse
30.18457,0.01961,"(-1.4425878524780273, 0.8859046697616577, -35.65477752685547)","(357.4459228515625, 353.09979248046875, 179.0150146484375)","(-1.856504201889038, 1.1920061111450195, -35.062137603759766)","(359.96099853515625, 234.737548828125, 359.9455871582031)","(-2.1267786026000977, -0.03848428651690483, -34.90537643432617)","(359.9331359863281, 177.65216064453125, 0.0031851613894104958)",0.0,0.0289,"(-0.001475, -0.000057, 0.048866)",LeftFalse_RightFalse,False,"(1.8897278308868408, -0.06649980694055557, 38.404884338378906)","(356.686279296875, 352.0352783203125, 355.7684631347656)",-0.496214,-1.0,"(0.000019, -0.000005, -0.000005)",LeftFalse_RightFalse
30.227173,0.02019,"(-1.4426312446594238, 0.885903537273407, -35.65267562866211)","(357.4460144042969, 353.09832763671875, 179.01513671875)","(-1.8565630912780762, 1.1920039653778076, -35.0600471496582)","(359.9609375, 234.73605346679688, 359.9455261230469)","(-2.1268415451049805, -0.03848666697740555, -34.903297424316406)","(359.93304443359375, 177.65066528320312, 0.0031951230484992266)",0.0,0.0289,"(-0.001461, -0.000057, 0.048403)",LeftFalse_RightFalse,False,"(1.8897287845611572, -0.06649985909461975, 38.404884338378906)","(356.686279296875, 352.0352478027344, 355.7684631347656)",-0.49621,-1.0,"(0.000019, -0.000004, -0.000005)",LeftFalse_RightFalse
30.287476,0.02014,"(-1.4426921606063843, 0.8858997225761414, -35.64968490600586)","(357.44598388671875, 353.0946044921875, 179.01524353027344)","(-1.8566462993621826, 1.1920005083084106, -35.057071685791016)","(359.9609375, 234.73388671875, 359.9455261230469)","(-2.1269307136535645, -0.03849015384912491, -34.90032958984375)","(359.93304443359375, 177.64849853515625, 0.003190179355442524)",0.0,0.0289,"(-0.001484, -0.000058, 0.049480)",LeftFalse_RightFalse,False,"(1.8897300958633423, -0.06649988144636154, 38.404884338378906)","(356.686279296875, 352.03521728515625, 355.76849365234375)",-0.496211,-1.0,"(0.000019, -0.000003, -0.000005)",LeftFalse_RightFalse
30.343262,0.019354,"(-1.4427695274353027, 0.8858980536460876, -35.64695358276367)","(357.44610595703125, 353.0948181152344, 179.01531982421875)","(-1.8567276000976562, 1.1919975280761719, -35.054344177246094)","(359.96087646484375, 234.7335205078125, 359.9454345703125)","(-2.1270132064819336, -0.03849336877465248, -34.897605895996094)","(359.93292236328125, 177.6481170654297, 0.0032009538263082504)",0.0,0.0289,"(-0.001478, -0.000057, 0.048711)",LeftFalse_RightFalse,False,"(1.889731526374817, -0.06649982184171677, 38.404884338378906)","(356.686279296875, 352.0351867675781, 355.76849365234375)",-0.496211,-1.0,"(0.000019, -0.000004, -0.000005)",LeftFalse_RightFalse
30.401367,0.019366,"(-1.4428496360778809, 0.8858960270881653, -35.644107818603516)","(357.44622802734375, 353.09466552734375, 179.01353454589844)","(-1.8568124771118164, 1.1919944286346436, -35.0515022277832)","(359.9607849121094, 234.73304748535156, 359.9453430175781)","(-2.1270995140075684, -0.03849683329463005, -34.89476776123047)","(359.93280029296875, 177.64764404296875, 0.003211475908756256)",0.0,0.0289,"(-0.001458, -0.000058, 0.047802)",LeftFalse_RightFalse,False,"(1.889732837677002, -0.06649971753358841, 38.404884338378906)","(356.686279296875, 352.03515625, 355.7684631347656)",-0.496213,-1.0,"(0.000019, -0.000005, -0.000005)",LeftFalse_RightFalse
30.458008,0.019081,"(-1.4429270029067993, 0.8858929872512817, -35.64132308959961)","(357.44622802734375, 353.0943298339844, 179.0168914794922)","(-1.8568952083587646, 1.1919912099838257, -35.04872131347656)","(359.9607849121094, 234.7325439453125, 359.9453430175781)","(-2.127183437347412, -0.03850008547306061, -34.891990661621094)","(359.93280029296875, 177.6471405029297, 0.0032087841536849737)",0.0,0.0289,"(-0.001496, -0.000059, 0.049705)",LeftFalse_RightFalse,False,"(1.8897342681884766, -0.0664997398853302, 38.404884338378906)","(356.686279296875, 352.0351257324219, 355.76849365234375)",-0.496211,-1.0,"(0.000019, -0.000004, -0.000005)",LeftFalse_RightFalse
30.518921,0.019786,"(-1.443005084991455, 0.8858897686004639, -35.63832092285156)","(357.4462585449219, 353.0934753417969, 179.01620483398438)","(-1.856982946395874, 1.1919876337051392, -35.04572677612305)","(359.9607849121094, 234.73159790039062, 359.9453125)","(-2.1272737979888916, -0.03850365802645683, -34.888999938964844)","(359.9327697753906, 177.6461944580078, 0.0032079636584967375)",0.0,0.0289,"(-0.001482, -0.000060, 0.048905)",LeftFalse_RightFalse,False,"(1.8897356986999512, -0.06649979203939438, 38.404884338378906)","(356.686279296875, 352.0350646972656, 355.7684631347656)",-0.496211,-1.0,"(0.000019, -0.000006, -0.000005)",LeftFalse_RightFalse
30.562012,0.020387,"(-1.4430677890777588, 0.8858870267868042, -35.63618850708008)","(357.44622802734375, 353.0933532714844, 179.01333618164062)","(-1.8570473194122314, 1.1919852495193481, -35.04359436035156)","(359.9608154296875, 234.73143005371094, 359.9453430175781)","(-2.127338409423828, -0.03850605711340904, -34.88686752319336)","(359.93280029296875, 177.6460418701172, 0.003203083062544465)",0.0,0.0289,"(-0.001508, -0.000057, 0.050058)",LeftFalse_RightFalse,False,"(1.8897367715835571, -0.06649988889694214, 38.404884338378906)","(356.686279296875, 352.0350646972656, 355.76849365234375)",-0.496211,-1.0,"(0.000019, -0.000005, -0.000005)",LeftFalse_RightFalse
30.603271,0.02044,"(-1.4431116580963135, 0.8858845233917236, -35.63414764404297)","(357.44622802734375, 353.092041015625, 179.016357421875)","(-1.857104778289795, 1.1919827461242676, -35.041561126708984)","(359.9607849121094, 234.7301025390625, 359.9453430175781)","(-2.127399444580078, -0.038508590310811996, -34.88484191894531)","(359.93280029296875, 177.6447296142578, 0.0032022735103964806)",0.0,0.0289,"(-0.001513, -0.000061, 0.050532)",LeftFalse_RightFalse,False,"(1.8897377252578735, -0.06649989634752274, 38.40488815307617)","(356.686279296875, 352.0350341796875, 355.76849365234375)",-0.496212,-1.0,"(0.000019, -0.000004, -0.000005)",LeftFalse_RightFalse
30.662964,0.020165,"(-1.4431812763214111, 0.8858829736709595, -35.63120651245117)","(357.4463806152344, 353.0906066894531, 179.016357421875)","(-1.8571895360946655, 1.1919797658920288, -35.03862762451172)","(359.9607238769531, 234.72866821289062, 359.9452209472656)","(-2.127488374710083, -0.03851185366511345, -34.881919860839844)","(359.93267822265625, 177.6432647705078, 0.003215873148292303)",0.0,0.0289,"(-0.001515, -0.000061, 0.050449)",LeftFalse_RightFalse,False,"(1.8897391557693481, -0.06649991869926453, 38.404884338378906)","(356.686279296875, 352.0350036621094, 355.76849365234375)",-0.49621,-1.0,"(0.000019, -0.000004, -0.000005)",LeftFalse_RightFalse
30.721191,0.01995,"(-1.4432506561279297, 0.8858777284622192, -35.62828063964844)","(357.44622802734375, 353.0892333984375, 179.0164337158203)","(-1.8572733402252197, 1.1919758319854736, -35.03571319580078)","(359.9608154296875, 234.72726440429688, 359.9453430175781)","(-2.1275758743286133, -0.03851541131734848, -34.87900924682617)","(359.93280029296875, 177.64187622070312, 0.0032012646552175283)",0.0,0.0289,"(-0.001535, -0.000059, 0.051414)",LeftFalse_RightFalse,False,"(1.8897404670715332, -0.06649994850158691, 38.404884338378906)","(356.686279296875, 352.03497314453125, 355.76849365234375)",-0.496211,-1.0,"(0.000019, -0.000004, -0.000005)",LeftFalse_RightFalse
30.762573,0.020236,"(-1.4432954788208008, 0.885875403881073, -35.626220703125)","(357.44622802734375, 353.0916748046875, 179.02015686035156)","(-1.8573319911956787, 1.1919736862182617, -35.03366470336914)","(359.9608154296875, 234.7259521484375, 359.9453430175781)","(-2.127638101577759, -0.03851773217320442, -34.8769645690918)","(359.93280029296875, 177.64056396484375, 0.003200158476829529)",0.0,0.0289,"(-0.001498, -0.000057, 0.049646)",LeftFalse_RightFalse,False,"(1.8897415399551392, -0.0664999783039093, 38.404884338378906)","(356.686279296875, 352.0349426269531, 355.76849365234375)",-0.49621,-1.0,"(0.000019, -0.000004, -0.000005)",LeftFalse_RightFalse
30.82251,0.020123,"(-1.4433667659759521, 0.8858718872070312, -35.62321090698242)","(357.44622802734375, 353.0888977050781, 179.01797485351562)","(-1.857418179512024, 1.1919702291488647, -35.03066635131836)","(359.9608154296875, 234.7244873046875, 359.9453430175781)","(-2.127728223800659, -0.038521040230989456, -34.87397384643555)","(359.9328308105469, 177.6390838623047, 0.0031992592848837376)",0.0,0.0289,"(-0.001494, -0.000056, 0.049439)",LeftFalse_RightFalse,False,"(1.8897429704666138, -0.06649979948997498, 38.404884338378906)","(356.686279296875, 352.034912109375, 355.76849365234375)",-0.496212,-1.0,"(0.000019, -0.000003, -0.000005)",LeftFalse_RightFalse
30.877808,0.019307,"(-1.4434235095977783, 0.8858699202537537, -35.620460510253906)","(357.4463195800781, 353.0848693847656, 179.01885986328125)","(-1.8574953079223633, 1.1919671297073364, -35.02792739868164)","(359.96075439453125, 234.72250366210938, 359.94525146484375)","(-2.1278109550476074, -0.03852435201406479, -34.871246337890625)","(359.9327087402344, 177.63711547851562, 0.0032076623756438494)",0.0,0.0289,"(-0.001518, -0.000059, 0.050299)",LeftFalse_RightFalse,False,"(1.8897442817687988, -0.06649982929229736, 38.404884338378906)","(356.686279296875, 352.0348815917969, 355.76849365234375)",-0.496212,-1.0,"(0.000019, -0.000004, -0.000005)",LeftFalse_RightFalse
30.936157,0.019353,"(-1.4435031414031982, 0.8858662843704224, -35.617530822753906)","(357.4462890625, 353.08538818359375, 179.01547241210938)","(-1.8575819730758667, 1.1919636726379395, -35.025001525878906)","(359.96075439453125, 234.72183227539062, 359.9452819824219)","(-2.127899408340454, -0.03852769359946251, -34.868324279785156)","(359.9327392578125, 177.6364288330078, 0.0032062791287899017)",0.0,0.0289,"(-0.001515, -0.000057, 0.050065)",LeftFalse_RightFalse,False,"(1.8897454738616943, -0.06649985164403915, 38.404884338378906)","(356.686279296875, 352.03485107421875, 355.76849365234375)",-0.496212,-1.0,"(0.000019, -0.000005, -0.000005)",LeftFalse_RightFalse
30.995483,0.019495,"(-1.4435832500457764, 0.8858675360679626, -35.614646911621094)","(357.4466552734375, 353.08551025390625, 179.01710510253906)","(-1.857668161392212, 1.1919612884521484, -35.02212142944336)","(359.9605407714844, 234.72125244140625, 359.9449768066406)","(-2.1279876232147217, -0.038531091064214706, -34.865455627441406)","(359.932373046875, 177.63584899902344, 0.003238304750993848)",0.0,0.0289,"(-0.001475, -0.000058, 0.047593)",LeftFalse_RightFalse,False,"(1.889746904373169, -0.06649991869926453, 38.404884338378906)","(356.686279296875, 352.0347900390625, 355.76849365234375)",-0.49621,-1.0,"(0.000019, -0.000004, -0.000005)",LeftFalse_RightFalse
31.052734,0.019201,"(-1.4436485767364502, 0.8858640789985657, -35.611812591552734)","(357.4466552734375, 353.08392333984375, 179.0151824951172)","(-1.8577498197555542, 1.191957712173462, -35.01930236816406)","(359.9605407714844, 234.71966552734375, 359.9449768066406)","(-2.1280734539031982, -0.03853459656238556, -34.862640380859375)","(359.932373046875, 177.63427734375, 0.003232518443837762)",0.0,0.0289,"(-0.001523, -0.000060, 0.050254)",LeftFalse_RightFalse,False,"(1.8897483348846436, -0.06649994850158691, 38.404884338378906)","(356.686279296875, 352.0347595214844, 355.76849365234375)",-0.496211,-1.0,"(0.000019, -0.000004, -0.000005)",LeftFalse_RightFalse
31.110718,0.019367,"(-1.4437177181243896, 0.8858601450920105, -35.60893249511719)","(357.4466247558594, 353.0812072753906, 179.01414489746094)","(-1.8578336238861084, 1.191954255104065, -35.01642990112305)","(359.9605712890625, 234.71823120117188, 359.94500732421875)","(-2.1281609535217285, -0.03853798285126686, -34.85977554321289)","(359.9324035644531, 177.6328582763672, 0.0032280124723911285)",0.0,0.0289,"(-0.001469, -0.000055, 0.047331)",LeftFalse_RightFalse,False,"(1.8897497653961182, -0.06649988889694214, 38.404884338378906)","(356.686279296875, 352.03472900390625, 355.76849365234375)",-0.496211,-1.0,"(0.000019, -0.000004, -0.000005)",LeftFalse_RightFalse
31.169067,0.019452,"(-1.4437975883483887, 0.8858582377433777, -35.60607147216797)","(357.4467468261719, 353.0823974609375, 179.01358032226562)","(-1.8579192161560059, 1.1919513940811157, -35.013572692871094)","(359.96051025390625, 234.71768188476562, 359.9449462890625)","(-2.1282482147216797, -0.03854124993085861, -34.8569221496582)","(359.93231201171875, 177.63229370117188, 0.003238201839849353)",0.0,0.0289,"(-0.001494, -0.000057, 0.048280)",LeftFalse_RightFalse,False,"(1.8897511959075928, -0.06649980694055557, 38.404884338378906)","(356.686279296875, 352.0346984863281, 355.76849365234375)",-0.496211,-1.0,"(0.000019, -0.000004, -0.000005)",LeftFalse_RightFalse
31.225342,0.019086,"(-1.4438669681549072, 0.8858537673950195, -35.60326385498047)","(357.4466247558594, 353.07891845703125, 179.01332092285156)","(-1.858001708984375, 1.1919478178024292, -35.01077651977539)","(359.9605712890625, 234.7164306640625, 359.94500732421875)","(-2.1283340454101562, -0.038544490933418274, -34.854129791259766)","(359.9324035644531, 177.63104248046875, 0.0032283382024616003)",0.0,0.0289,"(-0.001529, -0.000060, 0.050208)",LeftFalse_RightFalse,False,"(1.8897525072097778, -0.06649982929229736, 38.404884338378906)","(356.686279296875, 352.03466796875, 355.76849365234375)",-0.496208,-1.0,"(0.000019, -0.000003, -0.000005)",LeftFalse_RightFalse
31.283569,0.019243,"(-1.443939447402954, 0.8858510851860046, -35.600364685058594)","(357.4466857910156, 353.07647705078125, 179.0131378173828)","(-1.8580865859985352, 1.1919445991516113, -35.00788497924805)","(359.9605407714844, 234.7152099609375, 359.9449768066406)","(-2.128422260284424, -0.03854786604642868, -34.85124588012695)","(359.9323425292969, 177.62982177734375, 0.0032318723388016224)",0.0,0.0289,"(-0.001541, -0.000059, 0.050869)",LeftFalse_RightFalse,False,"(1.889753818511963, -0.06649988889694214, 38.404884338378906)","(356.686279296875, 352.0346374511719, 355.76849365234375)",-0.496212,-1.0,"(0.000019, -0.000005, -0.000005)",LeftFalse_RightFalse
31.325928,0.019927,"(-1.4440031051635742, 0.8858472108840942, -35.598243713378906)","(357.4465637207031, 353.075927734375, 179.01312255859375)","(-1.8581509590148926, 1.1919419765472412, -35.005760192871094)","(359.9606018066406, 234.71514892578125, 359.945068359375)","(-2.1284866333007812, -0.03855028748512268, -34.84912109375)","(359.9324645996094, 177.6297607421875, 0.0032206291798502207)",0.0,0.0289,"(-0.001529, -0.000058, 0.050093)",LeftFalse_RightFalse,False,"(1.8897548913955688, -0.06649991869926453, 38.404884338378906)","(356.686279296875, 352.03460693359375, 355.76849365234375)",-0.496211,-1.0,"(0.000019, -0.000004, -0.000005)",LeftFalse_RightFalse
31.366821,0.020116,"(-1.4440553188323975, 0.88584303855896, -35.596160888671875)","(357.4464416503906, 353.0747985839844, 179.01309204101562)","(-1.8582117557525635, 1.191939115524292, -35.003684997558594)","(359.960693359375, 234.71435546875, 359.9451599121094)","(-2.128549575805664, -0.038552768528461456, -34.8470458984375)","(359.9326171875, 177.6289520263672, 0.0032072390895336866)",0.0,0.0289,"(-0.001508, -0.000056, 0.049302)",LeftFalse_RightFalse,False,"(1.8897558450698853, -0.06649991869926453, 38.404884338378906)","(356.686279296875, 352.0345764160156, 355.76849365234375)",-0.496211,-1.0,"(0.000019, -0.000004, -0.000005)",LeftFalse_RightFalse
31.406982,0.020043,"(-1.4441149234771729, 0.8858412504196167, -35.594154357910156)","(357.44647216796875, 353.0744934082031, 179.0130615234375)","(-1.858272671699524, 1.19193696975708, -35.00168228149414)","(359.9606628417969, 234.71421813964844, 359.94512939453125)","(-2.128610849380493, -0.038555022329092026, -34.84504318237305)","(359.93255615234375, 177.6288299560547, 0.003209936898201704)",0.0,0.0289,"(-0.001553, -0.000061, 0.051681)",LeftFalse_RightFalse,False,"(1.8897569179534912, -0.06649988889694214, 38.404884338378906)","(356.686279296875, 352.0345764160156, 355.76849365234375)",-0.49621,-1.0,"(0.000019, -0.000004, -0.000005)",LeftFalse_RightFalse
31.44812,0.020158,"(-1.4441583156585693, 0.8858377933502197, -35.59204864501953)","(357.4463806152344, 353.07281494140625, 179.0130615234375)","(-1.8583317995071411, 1.19193434715271, -34.99958419799805)","(359.9607238769531, 234.7126922607422, 359.9451904296875)","(-2.128674030303955, -0.03855738043785095, -34.842952728271484)","(359.9326477050781, 177.62728881835938, 0.0032007908448576927)",0.0,0.0289,"(-0.001534, -0.000059, 0.050595)",LeftFalse_RightFalse,False,"(1.8897576332092285, -0.06649990379810333, 38.404884338378906)","(356.686279296875, 352.0345458984375, 355.76849365234375)",-0.496213,-1.0,"(0.000019, -0.000004, -0.000005)",LeftFalse_RightFalse
31.50647,0.019886,"(-1.444223165512085, 0.8858340978622437, -35.58905792236328)","(357.4463806152344, 353.0730285644531, 179.0152130126953)","(-1.8584160804748535, 1.1919310092926025, -34.99660873413086)","(359.9607238769531, 234.7108154296875, 359.9452209472656)","(-2.128763437271118, -0.038560785353183746, -34.83998489379883)","(359.93267822265625, 177.62542724609375, 0.0031979249324649572)",0.0,0.0289,"(-0.001519, -0.000057, 0.049853)",LeftFalse_RightFalse,False,"(1.8897591829299927, -0.0664997324347496, 38.404884338378906)","(356.686279296875, 352.0345153808594, 355.76849365234375)",-0.496211,-1.0,"(0.000019, -0.000003, -0.000005)",LeftFalse_RightFalse
31.564941,0.019657,"(-1.444262146949768, 0.8858349919319153, -35.586116790771484)","(357.44671630859375, 353.0732421875, 179.01914978027344)","(-1.8584940433502197, 1.1919282674789429, -34.99369430541992)","(359.96051025390625, 234.70703125, 359.9449462890625)","(-2.128852128982544, -0.03856421262025833, -34.837093353271484)","(359.9323425292969, 177.6216278076172, 0.0032305028289556503)",0.0,0.0289,"(-0.001517, -0.000059, 0.049383)",LeftFalse_RightFalse,False,"(1.8897606134414673, -0.06649976968765259, 38.40488052368164)","(356.686279296875, 352.03448486328125, 355.76849365234375)",-0.496207,-1.0,"(0.000019, -0.000003, -0.000005)",LeftFalse_RightFalse
31.606812,0.020102,"(-1.4442973136901855, 0.8858340382575989, -35.58400344848633)","(357.4468078613281, 353.07269287109375, 179.0193634033203)","(-1.8585519790649414, 1.1919262409210205, -34.99159622192383)","(359.96044921875, 234.704833984375, 359.9448547363281)","(-2.128916025161743, -0.038566555827856064, -34.83501052856445)","(359.9322204589844, 177.61944580078125, 0.003239333862438798)",0.0,0.0289,"(-0.001557, -0.000061, 0.051411)",LeftFalse_RightFalse,False,"(1.8897615671157837, -0.06649980694055557, 38.404884338378906)","(356.686279296875, 352.0344543457031, 355.76849365234375)",-0.496215,-1.0,"(0.000019, -0.000006, -0.000005)",LeftFalse_RightFalse
31.658813,0.018749,"(-1.4443504810333252, 0.8858290314674377, -35.58134078979492)","(357.4466857910156, 353.06939697265625, 179.01759338378906)","(-1.8586266040802002, 1.1919225454330444, -34.988948822021484)","(359.9605407714844, 234.70274353027344, 359.9449768066406)","(-2.1289963722229004, -0.03856987506151199, -34.83237075805664)","(359.9323425292969, 177.6173553466797, 0.0032275901176035404)",0.0,0.0289,"(-0.001566, -0.000062, 0.051735)",LeftFalse_RightFalse,False,"(1.8897627592086792, -0.06649988144636154, 38.404884338378906)","(356.686279296875, 352.034423828125, 355.76849365234375)",-0.496211,-1.0,"(0.000019, -0.000004, -0.000005)",LeftFalse_RightFalse
31.717041,0.019045,"(-1.4444270133972168, 0.8858270049095154, -35.57841873168945)","(357.4468078613281, 353.06976318359375, 179.01779174804688)","(-1.8587130308151245, 1.1919195652008057, -34.98603439331055)","(359.96044921875, 234.7017822265625, 359.94488525390625)","(-2.1290855407714844, -0.038573283702135086, -34.82946014404297)","(359.9322509765625, 177.61639404296875, 0.003241349942982197)",0.0,0.0289,"(-0.001520, -0.000058, 0.049211)",LeftFalse_RightFalse,False,"(1.8897641897201538, -0.06649986654520035, 38.404884338378906)","(356.686279296875, 352.0343933105469, 355.76849365234375)",-0.496211,-1.0,"(0.000019, -0.000002, -0.000005)",LeftFalse_RightFalse
31.758789,0.019656,"(-1.4444825649261475, 0.885826826095581, -35.57635498046875)","(357.4469909667969, 353.0667419433594, 179.01663208007812)","(-1.8587749004364014, 1.1919174194335938, -34.98397445678711)","(359.9603576660156, 234.701171875, 359.9447326660156)","(-2.1291491985321045, -0.038575757294893265, -34.82740783691406)","(359.93206787109375, 177.61578369140625, 0.00325711234472692)",0.0,0.0289,"(-0.001511, -0.000060, 0.048648)",LeftFalse_RightFalse,False,"(1.8897651433944702, -0.06649968773126602, 38.404884338378906)","(356.6863098144531, 352.03436279296875, 355.76849365234375)",-0.496211,-1.0,"(0.000019, -0.000003, -0.000005)",LeftFalse_RightFalse
31.816772,0.019545,"(-1.4445573091506958, 0.8858212828636169, -35.57340621948242)","(357.4468078613281, 353.0629577636719, 179.01300048828125)","(-1.8588618040084839, 1.1919134855270386, -34.98103332519531)","(359.96044921875, 234.70001220703125, 359.9448547363281)","(-2.129239082336426, -0.038579318672418594, -34.82447052001953)","(359.9322204589844, 177.6146240234375, 0.0032376348972320557)",0.0,0.0289,"(-0.001550, -0.000058, 0.050737)",LeftFalse_RightFalse,False,"(1.8897664546966553, -0.06649968028068542, 38.404884338378906)","(356.6863098144531, 352.0343322753906, 355.76849365234375)",-0.496213,-1.0,"(0.000019, -0.000004, -0.000005)",LeftFalse_RightFalse
31.87207,0.018993,"(-1.4446125030517578, 0.8858178853988647, -35.570587158203125)","(357.4468078613281, 353.0593566894531, 179.01116943359375)","(-1.8589407205581665, 1.1919102668762207, -34.978233337402344)","(359.9604797363281, 234.69772338867188, 359.94488525390625)","(-2.129324197769165, -0.038582541048526764, -34.821678161621094)","(359.9322509765625, 177.61231994628906, 0.003234410658478737)",0.0,0.0289,"(-0.001534, -0.000058, 0.049805)",LeftFalse_RightFalse,False,"(1.8897678852081299, -0.06649968028068542, 38.404884338378906)","(356.6863098144531, 352.0343017578125, 355.76849365234375)",-0.496213,-1.0,"(0.000019, -0.000004, -0.000005)",LeftFalse_RightFalse
31.912598,0.019394,"(-1.4446594715118408, 0.8858152031898499, -35.56851577758789)","(357.44677734375, 353.0575866699219, 179.0103759765625)","(-1.8590000867843628, 1.1919077634811401, -34.97616958618164)","(359.9604797363281, 234.69650268554688, 359.94488525390625)","(-2.1293869018554688, -0.038584910333156586, -34.81962203979492)","(359.9322814941406, 177.61111450195312, 0.0032329107634723186)",0.0,0.0289,"(-0.001572, -0.000062, 0.051856)",LeftFalse_RightFalse,False,"(1.8897688388824463, -0.06649978458881378, 38.404884338378906)","(356.686279296875, 352.0342712402344, 355.76849365234375)",-0.496214,-1.0,"(0.000019, -0.000006, -0.000005)",LeftFalse_RightFalse
31.955933,0.020213,"(-1.4447154998779297, 0.8858135342597961, -35.56632614135742)","(357.44683837890625, 353.06036376953125, 179.01583862304688)","(-1.8590648174285889, 1.1919056177139282, -34.9739875793457)","(359.96044921875, 234.69564819335938, 359.9448547363281)","(-2.1294541358947754, -0.038587383925914764, -34.81744384765625)","(359.93218994140625, 177.61024475097656, 0.0032409438863396645)",0.0,0.0289,"(-0.001551, -0.000059, 0.050417)",LeftFalse_RightFalse,False,"(1.8897699117660522, -0.06649981439113617, 38.404884338378906)","(356.6863098144531, 352.03424072265625, 355.76849365234375)",-0.496209,-1.0,"(0.000019, -0.000004, -0.000005)",LeftFalse_RightFalse
32.015991,0.020133,"(-1.4447917938232422, 0.8858124017715454, -35.56332015991211)","(357.447021484375, 353.06195068359375, 179.01780700683594)","(-1.8591538667678833, 1.1919023990631104, -34.970985412597656)","(359.9603271484375, 234.69442749023438, 359.9447021484375)","(-2.129546642303467, -0.03859090059995651, -34.814453125)","(359.9320068359375, 177.60902404785156, 0.0032562599517405033)",0.0,0.0289,"(-0.001545, -0.000059, 0.049859)",LeftFalse_RightFalse,False,"(1.8897713422775269, -0.06649984419345856, 38.404884338378906)","(356.6863098144531, 352.0342102050781, 355.7685241699219)",-0.496211,-1.0,"(0.000019, -0.000004, -0.000005)",LeftFalse_RightFalse
32.056519,0.02025,"(-1.444844126701355, 0.8858115077018738, -35.5612907409668)","(357.4471435546875, 353.0622863769531, 179.0162811279297)","(-1.859214186668396, 1.191900372505188, -34.968963623046875)","(359.96026611328125, 234.69366455078125, 359.9446105957031)","(-2.1296091079711914, -0.03859325498342514, -34.812435150146484)","(359.931884765625, 177.60826110839844, 0.0032645624596625566)",0.0,0.0289,"(-0.001535, -0.000061, 0.049391)",LeftFalse_RightFalse,False,"(1.8897721767425537, -0.06649983674287796, 38.404884338378906)","(356.6863098144531, 352.0342102050781, 355.7685241699219)",-0.496211,-1.0,"(0.000019, -0.000003, -0.000005)",LeftFalse_RightFalse
32.097534,0.020371,"(-1.4449000358581543, 0.8858085870742798, -35.559226989746094)","(357.4471130371094, 353.0623779296875, 179.0175018310547)","(-1.8592760562896729, 1.1918977499008179, -34.96690368652344)","(359.96026611328125, 234.69308471679688, 359.94464111328125)","(-2.1296725273132324, -0.03859575465321541, -34.81037902832031)","(359.93194580078125, 177.60768127441406, 0.0032580839470028877)",0.0,0.0289,"(-0.001564, -0.000060, 0.050922)",LeftFalse_RightFalse,False,"(1.8897732496261597, -0.06649982929229736, 38.404884338378906)","(356.686279296875, 352.0341796875, 355.7685241699219)",-0.496211,-1.0,"(0.000019, -0.000004, -0.000005)",LeftFalse_RightFalse
32.13916,0.020566,"(-1.4449496269226074, 0.8858062624931335, -35.55713653564453)","(357.4471130371094, 353.06170654296875, 179.0175323486328)","(-1.8593374490737915, 1.1918953657150269, -34.964820861816406)","(359.96026611328125, 234.6919403076172, 359.9446105957031)","(-2.12973690032959, -0.03859827294945717, -34.80830001831055)","(359.9319152832031, 177.60655212402344, 0.0032570671755820513)",0.0,0.0289,"(-0.001521, -0.000058, 0.048913)",LeftFalse_RightFalse,False,"(1.8897743225097656, -0.06649982929229736, 38.404884338378906)","(356.6863098144531, 352.0341491699219, 355.7685241699219)",-0.496212,-1.0,"(0.000019, -0.000004, -0.000005)",LeftFalse_RightFalse
32.19458,0.019552,"(-1.4450080394744873, 0.8858039379119873, -35.554351806640625)","(357.44720458984375, 353.0599670410156, 179.0205841064453)","(-1.859417200088501, 1.1918922662734985, -34.96205139160156)","(359.9602355957031, 234.68988037109375, 359.9445495605469)","(-2.1298224925994873, -0.03860149532556534, -34.8055419921875)","(359.9318542480469, 177.60447692871094, 0.003264838829636574)",0.0,0.0289,"(-0.001548, -0.000058, 0.049775)",LeftFalse_RightFalse,False,"(1.8897755146026611, -0.06649968028068542, 38.404884338378906)","(356.6863098144531, 352.03411865234375, 355.7685241699219)",-0.496212,-1.0,"(0.000019, -0.000003, -0.000005)",LeftFalse_RightFalse
32.253906,0.019691,"(-1.445080280303955, 0.8858017921447754, -35.5514030456543)","(357.4472961425781, 353.0586853027344, 179.02105712890625)","(-1.8595046997070312, 1.1918891668319702, -34.959110260009766)","(359.9601745605469, 234.6884002685547, 359.9444885253906)","(-2.1299140453338623, -0.0386049821972847, -34.8026123046875)","(359.9317321777344, 177.60301208496094, 0.0032747569493949413)",0.0,0.0289,"(-0.001565, -0.000060, 0.050604)",LeftFalse_RightFalse,False,"(1.8897769451141357, -0.06649966537952423, 38.404884338378906)","(356.6863098144531, 352.0340881347656, 355.7685241699219)",-0.496213,-1.0,"(0.000019, -0.000005, -0.000005)",LeftFalse_RightFalse
32.310303,0.019226,"(-1.445146083831787, 0.8857990503311157, -35.5485954284668)","(357.44732666015625, 353.05718994140625, 179.02098083496094)","(-1.8595870733261108, 1.1918859481811523, -34.95631790161133)","(359.96014404296875, 234.68679809570312, 359.9444274902344)","(-2.1300008296966553, -0.038608256727457047, -34.799827575683594)","(359.93170166015625, 177.6013946533203, 0.003277653595432639)",0.0,0.0289,"(-0.001588, -0.000060, 0.051567)",LeftFalse_RightFalse,False,"(1.8897783756256104, -0.06649976223707199, 38.404884338378906)","(356.686279296875, 352.0340576171875, 355.7685241699219)",-0.496217,-1.0,"(0.000019, -0.000006, -0.000005)",LeftFalse_RightFalse
32.371338,0.019828,"(-1.4452104568481445, 0.8857936859130859, -35.545494079589844)","(357.44720458984375, 353.0548400878906, 179.02000427246094)","(-1.8596762418746948, 1.1918820142745972, -34.95323181152344)","(359.9602355957031, 234.6844024658203, 359.9445495605469)","(-2.130096435546875, -0.03861179202795029, -34.796749114990234)","(359.9318542480469, 177.5989990234375, 0.003266016487032175)",0.0,0.0289,"(-0.001562, -0.000058, 0.050159)",LeftFalse_RightFalse,False,"(1.889779806137085, -0.06649984419345856, 38.404884338378906)","(356.686279296875, 352.0340270996094, 355.7685241699219)",-0.49621,-1.0,"(0.000019, -0.000004, -0.000005)",LeftFalse_RightFalse
32.427979,0.019327,"(-1.4452612400054932, 0.885789155960083, -35.542606353759766)","(357.44708251953125, 353.0492248535156, 179.0186309814453)","(-1.8597569465637207, 1.1918784379959106, -34.95036697387695)","(359.9602966308594, 234.6815185546875, 359.94464111328125)","(-2.1301848888397217, -0.038615066558122635, -34.79389572143555)","(359.93194580078125, 177.5961151123047, 0.003253963077440858)",0.0,0.0289,"(-0.001550, -0.000056, 0.049828)",LeftFalse_RightFalse,False,"(1.8897809982299805, -0.06649985909461975, 38.404884338378906)","(356.6863098144531, 352.03399658203125, 355.7685241699219)",-0.496211,-1.0,"(0.000019, -0.000003, -0.000005)",LeftFalse_RightFalse
32.469604,0.019825,"(-1.4453051090240479, 0.8857860565185547, -35.54047393798828)","(357.4470520019531, 353.0490417480469, 179.01805114746094)","(-1.8598179817199707, 1.1918761730194092, -34.948246002197266)","(359.9603271484375, 234.6798553466797, 359.9446716308594)","(-2.1302504539489746, -0.038617417216300964, -34.79178237915039)","(359.9320068359375, 177.59445190429688, 0.003250881563872099)",0.0,0.0289,"(-0.001565, -0.000056, 0.050390)",LeftFalse_RightFalse,False,"(1.889782190322876, -0.06649971008300781, 38.404884338378906)","(356.6863098144531, 352.0339660644531, 355.7685241699219)",-0.496211,-1.0,"(0.000019, -0.000004, -0.000005)",LeftFalse_RightFalse
32.52832,0.01965,"(-1.445363998413086, 0.8857828378677368, -35.537471771240234)","(357.4470520019531, 353.04547119140625, 179.01754760742188)","(-1.8599029779434204, 1.191872477531433, -34.94526290893555)","(359.9602966308594, 234.67733764648438, 359.9446716308594)","(-2.130342483520508, -0.03862091898918152, -34.78881072998047)","(359.9319763183594, 177.59194946289062, 0.0032553798519074917)",0.0,0.0289,"(-0.001580, -0.000059, 0.051001)",LeftFalse_RightFalse,False,"(1.8897836208343506, -0.06649965047836304, 38.404884338378906)","(356.6863098144531, 352.033935546875, 355.7685241699219)",-0.496214,-1.0,"(0.000019, -0.000004, -0.000005)",LeftFalse_RightFalse
32.572266,0.020405,"(-1.4454066753387451, 0.885778546333313, -35.53518295288086)","(357.4469299316406, 353.0440673828125, 179.01739501953125)","(-1.8599673509597778, 1.191869854927063, -34.942989349365234)","(359.96038818359375, 234.67523193359375, 359.9447937011719)","(-2.1304123401641846, -0.03862336277961731, -34.78654479980469)","(359.93212890625, 177.58984375, 0.0032445744145661592)",0.0,0.0289,"(-0.001588, -0.000057, 0.051437)",LeftFalse_RightFalse,False,"(1.889784574508667, -0.06649968028068542, 38.404884338378906)","(356.6863098144531, 352.0339050292969, 355.7685241699219)",-0.496211,-1.0,"(0.000019, -0.000004, -0.000005)",LeftFalse_RightFalse
32.613281,0.020489,"(-1.445448398590088, 0.8857767581939697, -35.5330696105957)","(357.44696044921875, 353.0426940917969, 179.0172576904297)","(-1.8600271940231323, 1.191867470741272, -34.94089126586914)","(359.9603576660156, 234.6734619140625, 359.9447326660156)","(-2.1304771900177, -0.03862579166889191, -34.784454345703125)","(359.93206787109375, 177.58807373046875, 0.0032511416357010603)",0.0,0.0289,"(-0.001565, -0.000058, 0.050210)",LeftFalse_RightFalse,False,"(1.8897855281829834, -0.06649969518184662, 38.404884338378906)","(356.6863098144531, 352.03387451171875, 355.7685241699219)",-0.496211,-1.0,"(0.000019, -0.000006, -0.000005)",LeftFalse_RightFalse
32.669312,0.0196,"(-1.4455327987670898, 0.8857763409614563, -35.530250549316406)","(357.44720458984375, 353.042724609375, 179.01712036132812)","(-1.8601142168045044, 1.1918648481369019, -34.93806838989258)","(359.960205078125, 234.6732177734375, 359.9445495605469)","(-2.1305651664733887, -0.03862905874848366, -34.781639099121094)","(359.9318542480469, 177.5878143310547, 0.0032724663615226746)",0.0,0.0289,"(-0.001611, -0.000061, 0.052231)",LeftFalse_RightFalse,False,"(1.889786958694458, -0.06649982184171677, 38.404884338378906)","(356.6863098144531, 352.0338439941406, 355.7685241699219)",-0.496211,-1.0,"(0.000019, -0.000005, -0.000005)",LeftFalse_RightFalse
32.72583,0.019195,"(-1.445601463317871, 0.8857736587524414, -35.527347564697266)","(357.4472351074219, 353.04132080078125, 179.01707458496094)","(-1.8601990938186646, 1.191861629486084, -34.9351806640625)","(359.9601745605469, 234.671630859375, 359.94451904296875)","(-2.1306543350219727, -0.03863242268562317, -34.77875900268555)","(359.9317932128906, 177.5862274169922, 0.0032738419249653816)",0.0,0.0289,"(-0.001585, -0.000059, 0.050885)",LeftFalse_RightFalse,False,"(1.8897881507873535, -0.06649985909461975, 38.404884338378906)","(356.6863098144531, 352.0338134765625, 355.7685241699219)",-0.496211,-1.0,"(0.000019, -0.000004, -0.000005)",LeftFalse_RightFalse
32.768188,0.019953,"(-1.4456424713134766, 0.8857701420783997, -35.525150299072266)","(357.4471740722656, 353.03692626953125, 179.01705932617188)","(-1.860261082649231, 1.1918587684631348, -34.93299865722656)","(359.9602355957031, 234.66961669921875, 359.944580078125)","(-2.1307215690612793, -0.0386350080370903, -34.77658462524414)","(359.9318542480469, 177.58421325683594, 0.0032642073929309845)",0.0,0.0289,"(-0.001613, -0.000063, 0.052408)",LeftFalse_RightFalse,False,"(1.88978910446167, -0.06649988144636154, 38.404884338378906)","(356.6863098144531, 352.0337829589844, 355.7685241699219)",-0.496211,-1.0,"(0.000019, -0.000003, -0.000005)",LeftFalse_RightFalse
32.827393,0.019769,"(-1.4457095861434937, 0.8857684135437012, -35.522117614746094)","(357.44732666015625, 353.0361022949219, 179.0170135498047)","(-1.8603490591049194, 1.191855549812317, -34.92997741699219)","(359.96014404296875, 234.6676025390625, 359.9444580078125)","(-2.130815267562866, -0.038638580590486526, -34.77357864379883)","(359.9317321777344, 177.58218383789062, 0.0032783905044198036)",0.0,0.0289,"(-0.001579, -0.000062, 0.050488)",LeftFalse_RightFalse,False,"(1.8897905349731445, -0.06649985164403915, 38.404884338378906)","(356.6863098144531, 352.03375244140625, 355.7685241699219)",-0.49621,-1.0,"(0.000019, -0.000004, -0.000005)",LeftFalse_RightFalse
32.869507,0.020195,"(-1.445761799812317, 0.8857672810554504, -35.519981384277344)","(357.44744873046875, 353.0354919433594, 179.01699829101562)","(-1.8604124784469604, 1.1918531656265259, -34.92784881591797)","(359.9600830078125, 234.66650390625, 359.9443664550781)","(-2.1308817863464355, -0.03864122927188873, -34.77145767211914)","(359.9316101074219, 177.58111572265625, 0.003285926068201661)",0.0,0.0289,"(-0.001584, -0.000063, 0.050749)",LeftFalse_RightFalse,False,"(1.8897916078567505, -0.0664997324347496, 38.404884338378906)","(356.6863098144531, 352.0337219238281, 355.7685241699219)",-0.496211,-1.0,"(0.000019, -0.000003, -0.000005)",LeftFalse_RightFalse
32.912964,0.020712,"(-1.4458354711532593, 0.8857648372650146, -35.51778793334961)","(357.44744873046875, 353.0361328125, 179.01699829101562)","(-1.8604825735092163, 1.1918506622314453, -34.92565155029297)","(359.9600830078125, 234.66683959960938, 359.9443664550781)","(-2.130950927734375, -0.038643866777420044, -34.769256591796875)","(359.93157958984375, 177.58145141601562, 0.0032861661165952682)",0.0,0.0289,"(-0.001597, -0.000060, 0.051114)",LeftFalse_RightFalse,False,"(1.8897926807403564, -0.06649969518184662, 38.404884338378906)","(356.6863098144531, 352.03369140625, 355.7685241699219)",-0.496212,-1.0,"(0.000019, -0.000003, -0.000005)",LeftFalse_RightFalse
32.955078,0.020804,"(-1.4458850622177124, 0.8857623934745789, -35.5156364440918)","(357.44744873046875, 353.0350341796875, 179.01698303222656)","(-1.8605453968048096, 1.1918481588363647, -34.92350769042969)","(359.9600524902344, 234.6655731201172, 359.9443359375)","(-2.1310172080993652, -0.038646385073661804, -34.767120361328125)","(359.93157958984375, 177.58016967773438, 0.0032833749428391457)",0.0,0.0289,"(-0.001602, -0.000063, 0.051650)",LeftFalse_RightFalse,False,"(1.8897937536239624, -0.06649978458881378, 38.404884338378906)","(356.6863098144531, 352.03369140625, 355.7685241699219)",-0.496218,-1.0,"(0.000019, -0.000005, -0.000005)",LeftFalse_RightFalse
32.996216,0.020695,"(-1.4459524154663086, 0.885759174823761, -35.51353073120117)","(357.4473876953125, 353.0352478027344, 179.01699829101562)","(-1.8606116771697998, 1.1918455362319946, -34.92140579223633)","(359.9601135253906, 234.66567993164062, 359.94439697265625)","(-2.1310830116271973, -0.038648821413517, -34.7650146484375)","(359.931640625, 177.5802764892578, 0.0032752566039562225)",0.0,0.0289,"(-0.001593, -0.000060, 0.051160)",LeftFalse_RightFalse,False,"(1.8897945880889893, -0.06649984419345856, 38.404884338378906)","(356.686279296875, 352.0336608886719, 355.7685241699219)",-0.49621,-1.0,"(0.000019, -0.000006, -0.000005)",LeftFalse_RightFalse
33.050903,0.022739,"(-1.4460318088531494, 0.8857545852661133, -35.51069641113281)","(357.4472961425781, 353.0346984863281, 179.0170135498047)","(-1.8606977462768555, 1.1918420791625977, -34.91857147216797)","(359.9601745605469, 234.6650390625, 359.9444885253906)","(-2.1311707496643066, -0.03865210711956024, -34.762184143066406)","(359.9317626953125, 177.57965087890625, 0.003266193438321352)",0.0,0.0289,"(-0.001576, -0.000058, 0.050272)",LeftFalse_RightFalse,False,"(1.8897958993911743, -0.06649988889694214, 38.404884338378906)","(356.686279296875, 352.03363037109375, 355.7685241699219)",-0.496212,-1.0,"(0.000019, -0.000003, -0.000005)",LeftFalse_RightFalse
33.111328,0.021486,"(-1.446108102798462, 0.8857556581497192, -35.507659912109375)","(357.4476623535156, 353.0333251953125, 179.01693725585938)","(-1.8607884645462036, 1.1918394565582275, -34.91554641723633)","(359.9599304199219, 234.6636199951172, 359.9441833496094)","(-2.131265640258789, -0.03865567594766617, -34.75917053222656)","(359.9313659667969, 177.57823181152344, 0.0032992190681397915)",0.0,0.0289,"(-0.001554, -0.000059, 0.048906)",LeftFalse_RightFalse,False,"(1.8897974491119385, -0.06649982929229736, 38.404884338378906)","(356.6863098144531, 352.0335998535156, 355.7685241699219)",-0.496211,-1.0,"(0.000019, -0.000003, -0.000005)",LeftFalse_RightFalse
33.169922,0.020553,"(-1.4461910724639893, 0.8857517838478088, -35.50467300415039)","(357.4476318359375, 353.03253173828125, 179.01695251464844)","(-1.8608797788619995, 1.1918357610702515, -34.912567138671875)","(359.9599609375, 234.66281127929688, 359.9442138671875)","(-2.131359100341797, -0.038659241050481796, -34.756195068359375)","(359.931396484375, 177.57740783691406, 0.0032922097016125917)",0.0,0.0289,"(-0.001594, -0.000059, 0.050907)",LeftFalse_RightFalse,False,"(1.8897987604141235, -0.06649969518184662, 38.404884338378906)","(356.6863098144531, 352.0335693359375, 355.7685241699219)",-0.496211,-1.0,"(0.000019, -0.000004, -0.000005)",LeftFalse_RightFalse
33.224731,0.0195,"(-1.446254849433899, 0.8857473134994507, -35.50185012817383)","(357.447509765625, 353.03070068359375, 179.01698303222656)","(-1.8609626293182373, 1.1918323040008545, -34.90975570678711)","(359.96002197265625, 234.66098022460938, 359.94427490234375)","(-2.1314468383789062, -0.03866243362426758, -34.75339126586914)","(359.9315185546875, 177.57557678222656, 0.0032818603795021772)",0.0,0.0289,"(-0.001605, -0.000059, 0.051393)",LeftFalse_RightFalse,False,"(1.8898000717163086, -0.06649962067604065, 38.404884338378906)","(356.6863098144531, 352.0335388183594, 355.7685241699219)",-0.49621,-1.0,"(0.000019, -0.000003, -0.000005)",LeftFalse_RightFalse
33.266846,0.02002,"(-1.4463105201721191, 0.8857442736625671, -35.49968338012695)","(357.447509765625, 353.03070068359375, 179.01698303222656)","(-1.8610275983810425, 1.1918295621871948, -34.907596588134766)","(359.9600524902344, 234.66006469726562, 359.9443054199219)","(-2.131514310836792, -0.0386650525033474, -34.75123596191406)","(359.9315490722656, 177.57467651367188, 0.003280529286712408)",0.0,0.0289,"(-0.001585, -0.000059, 0.050451)",LeftFalse_RightFalse,False,"(1.8898011445999146, -0.06649963557720184, 38.404884338378906)","(356.6863098144531, 352.03350830078125, 355.7685241699219)",-0.496212,-1.0,"(0.000019, -0.000007, -0.000005)",LeftFalse_RightFalse
33.30835,0.020228,"(-1.446373462677002, 0.8857422471046448, -35.497562408447266)","(357.447509765625, 353.03173828125, 179.01698303222656)","(-1.861093282699585, 1.1918272972106934, -34.905479431152344)","(359.96002197265625, 234.6598358154297, 359.9443054199219)","(-2.1315805912017822, -0.038667455315589905, -34.74911880493164)","(359.9315185546875, 177.57443237304688, 0.0032821493223309517)",0.0,0.0289,"(-0.001594, -0.000059, 0.050716)",LeftFalse_RightFalse,False,"(1.8898019790649414, -0.06649968773126602, 38.404884338378906)","(356.6863098144531, 352.0334777832031, 355.7685241699219)",-0.496205,-1.0,"(0.000019, -0.000006, -0.000005)",LeftFalse_RightFalse
33.351563,0.020698,"(-1.4464505910873413, 0.8857418894767761, -35.495391845703125)","(357.44769287109375, 353.0286865234375, 179.01693725585938)","(-1.8611633777618408, 1.191825270652771, -34.903297424316406)","(359.9599304199219, 234.66049194335938, 359.94415283203125)","(-2.1316490173339844, -0.03866994380950928, -34.74694061279297)","(359.93133544921875, 177.57510375976562, 0.0032967482693493366)",0.0,0.0289,"(-0.001565, -0.000058, 0.049172)",LeftFalse_RightFalse,False,"(1.8898029327392578, -0.0664997324347496, 38.404884338378906)","(356.6863098144531, 352.033447265625, 355.7685241699219)",-0.496211,-1.0,"(0.000019, -0.000005, -0.000005)",LeftFalse_RightFalse
33.410278,0.020122,"(-1.4465289115905762, 0.8857401013374329, -35.492431640625)","(357.44781494140625, 353.0301818847656, 179.0169219970703)","(-1.861253261566162, 1.1918220520019531, -34.90034484863281)","(359.9598388671875, 234.65939331054688, 359.9440612792969)","(-2.131742000579834, -0.03867341950535774, -34.743995666503906)","(359.93121337890625, 177.573974609375, 0.003304470796138048)",0.0,0.0289,"(-0.001590, -0.000060, 0.050287)",LeftFalse_RightFalse,False,"(1.8898046016693115, -0.06649976968765259, 38.404884338378906)","(356.6863098144531, 352.0334167480469, 355.7685241699219)",-0.496211,-1.0,"(0.000019, -0.000003, -0.000005)",LeftFalse_RightFalse
33.466064,0.019356,"(-1.4466087818145752, 0.8857352137565613, -35.489566802978516)","(357.44769287109375, 353.02520751953125, 179.01695251464844)","(-1.8613409996032715, 1.191818356513977, -34.89748764038086)","(359.9599304199219, 234.65859985351562, 359.94415283203125)","(-2.131831645965576, -0.03867683932185173, -34.74113845825195)","(359.93133544921875, 177.57321166992188, 0.0032887770794332027)",0.0,0.0289,"(-0.001585, -0.000061, 0.050167)",LeftFalse_RightFalse,False,"(1.889805793762207, -0.06649979948997498, 38.404884338378906)","(356.6863098144531, 352.03338623046875, 355.7685241699219)",-0.496213,-1.0,"(0.000019, -0.000005, -0.000005)",LeftFalse_RightFalse
33.519043,0.018493,"(-1.4466779232025146, 0.885732114315033, -35.48686599731445)","(357.4477233886719, 353.0218811035156, 179.01693725585938)","(-1.8614225387573242, 1.1918150186538696, -34.894798278808594)","(359.9599304199219, 234.65744018554688, 359.9441223144531)","(-2.1319162845611572, -0.03868015110492706, -34.73845291137695)","(359.9313049316406, 177.57203674316406, 0.003289013635367155)",0.0,0.0289,"(-0.001604, -0.000060, 0.051189)",LeftFalse_RightFalse,False,"(1.8898069858551025, -0.06649976968765259, 38.404884338378906)","(356.6863098144531, 352.0333557128906, 355.7685241699219)",-0.49621,-1.0,"(0.000019, -0.000002, -0.000005)",LeftFalse_RightFalse
33.576538,0.018871,"(-1.44673490524292, 0.8857303857803345, -35.48392105102539)","(357.4478454589844, 353.01788330078125, 179.0169219970703)","(-1.8615068197250366, 1.1918121576309204, -34.89187240600586)","(359.9598388671875, 234.65476989746094, 359.94403076171875)","(-2.1320080757141113, -0.03868338093161583, -34.73554229736328)","(359.93121337890625, 177.5693817138672, 0.003300515003502369)",0.0,0.0289,"(-0.001599, -0.000060, 0.050502)",LeftFalse_RightFalse,False,"(1.8898084163665771, -0.06649965047836304, 38.404884338378906)","(356.6863098144531, 352.0333251953125, 355.7685241699219)",-0.49621,-1.0,"(0.000019, -0.000004, -0.000005)",LeftFalse_RightFalse
33.631836,0.018671,"(-1.4467990398406982, 0.8857266306877136, -35.481075286865234)","(357.4477844238281, 353.015380859375, 179.0169219970703)","(-1.8615903854370117, 1.191808819770813, -34.8890380859375)","(359.9598693847656, 234.65289306640625, 359.9440612792969)","(-2.132096767425537, -0.03868667781352997, -34.73271942138672)","(359.9312438964844, 177.5675048828125, 0.003296199254691601)",0.0,0.0289,"(-0.001625, -0.000059, 0.051903)",LeftFalse_RightFalse,False,"(1.8898097276687622, -0.06649960577487946, 38.404884338378906)","(356.6863098144531, 352.0332946777344, 355.7685241699219)",-0.496211,-1.0,"(0.000019, -0.000003, -0.000005)",LeftFalse_RightFalse
33.687134,0.018541,"(-1.4468488693237305, 0.8857226371765137, -35.47821044921875)","(357.44775390625, 353.01202392578125, 179.01693725585938)","(-1.861670970916748, 1.191805362701416, -34.88619613647461)","(359.95989990234375, 234.64993286132812, 359.944091796875)","(-2.132185459136963, -0.038690026849508286, -34.729888916015625)","(359.9312744140625, 177.5645294189453, 0.0032929673325270414)",0.0,0.0289,"(-0.001607, -0.000060, 0.050970)",LeftFalse_RightFalse,False,"(1.8898109197616577, -0.06649971008300781, 38.404884338378906)","(356.6863098144531, 352.03326416015625, 355.7685241699219)",-0.49621,-1.0,"(0.000019, -0.000005, -0.000005)",LeftFalse_RightFalse
33.743042,0.01855,"(-1.4469285011291504, 0.885722815990448, -35.47542190551758)","(357.4480285644531, 353.0111389160156, 179.01687622070312)","(-1.8617578744888306, 1.1918026208877563, -34.8834114074707)","(359.959716796875, 234.64920043945312, 359.9438781738281)","(-2.132274627685547, -0.03869341313838959, -34.72711181640625)","(359.9309997558594, 177.56381225585938, 0.0033209961839020252)",0.0,0.0289,"(-0.001604, -0.000060, 0.050493)",LeftFalse_RightFalse,False,"(1.8898122310638428, -0.0664997398853302, 38.404884338378906)","(356.6863098144531, 352.0332336425781, 355.7685546875)",-0.496212,-1.0,"(0.000019, -0.000004, -0.000005)",LeftFalse_RightFalse
33.798096,0.018441,"(-1.4470112323760986, 0.8857183456420898, -35.47261428833008)","(357.44793701171875, 353.01055908203125, 179.0168914794922)","(-1.8618454933166504, 1.1917991638183594, -34.88060760498047)","(359.95977783203125, 234.64874267578125, 359.9439697265625)","(-2.1323633193969727, -0.03869667276740074, -34.724308013916016)","(359.93109130859375, 177.56333923339844, 0.0033102429006248713)",0.0,0.0289,"(-0.001606, -0.000059, 0.050687)",LeftFalse_RightFalse,False,"(1.8898136615753174, -0.0664997398853302, 38.404884338378906)","(356.6863098144531, 352.033203125, 355.7685546875)",-0.496211,-1.0,"(0.000019, -0.000004, -0.000005)",LeftFalse_RightFalse
33.857788,0.019177,"(-1.447094202041626, 0.8857129812240601, -35.46953201293945)","(357.4477844238281, 353.0093994140625, 179.0169219970703)","(-1.861939549446106, 1.1917953491210938, -34.877532958984375)","(359.9598693847656, 234.64767456054688, 359.944091796875)","(-2.132460117340088, -0.038700129836797714, -34.72123718261719)","(359.9312438964844, 177.562255859375, 0.0032946637365967035)",0.0,0.0289,"(-0.001616, -0.000057, 0.051125)",LeftFalse_RightFalse,False,"(1.889815092086792, -0.06649965792894363, 38.404884338378906)","(356.6863098144531, 352.0331726074219, 355.7685546875)",-0.496211,-1.0,"(0.000019, -0.000004, -0.000005)",LeftFalse_RightFalse
33.912598,0.018727,"(-1.4471542835235596, 0.8857125639915466, -35.46676254272461)","(357.447998046875, 353.0072937011719, 179.0168914794922)","(-1.8620213270187378, 1.1917927265167236, -34.874778747558594)","(359.9597473144531, 234.64556884765625, 359.94390869140625)","(-2.1325478553771973, -0.03870334476232529, -34.71849822998047)","(359.9310302734375, 177.56016540527344, 0.003316290210932493)",0.0,0.0289,"(-0.001639, -0.000063, 0.051969)",LeftFalse_RightFalse,False,"(1.889816403388977, -0.06649959087371826, 38.404884338378906)","(356.6863098144531, 352.03314208984375, 355.7685546875)",-0.49621,-1.0,"(0.000019, -0.000004, -0.000005)",LeftFalse_RightFalse
33.96875,0.018798,"(-1.4472243785858154, 0.8857090473175049, -35.46388244628906)","(357.447998046875, 353.0051574707031, 179.0168914794922)","(-1.8621078729629517, 1.191789150238037, -34.871910095214844)","(359.9597473144531, 234.64398193359375, 359.94390869140625)","(-2.132638692855835, -0.03870671987533569, -34.71563720703125)","(359.9310302734375, 177.55857849121094, 0.003313835011795163)",0.0,0.0289,"(-0.001588, -0.000057, 0.049653)",LeftFalse_RightFalse,False,"(1.889817714691162, -0.06649963557720184, 38.404884338378906)","(356.6863098144531, 352.0331115722656, 355.7685546875)",-0.496212,-1.0,"(0.000019, -0.000007, -0.000005)",LeftFalse_RightFalse
34.025024,0.018822,"(-1.447268009185791, 0.8857075572013855, -35.461029052734375)","(357.4481201171875, 353.00677490234375, 179.01687622070312)","(-1.8621879816055298, 1.1917864084243774, -34.86907958984375)","(359.95965576171875, 234.64044189453125, 359.94378662109375)","(-2.1327285766601562, -0.03871001675724983, -34.712825775146484)","(359.930908203125, 177.55503845214844, 0.0033245303202420473)",0.0,0.0289,"(-0.001604, -0.000058, 0.050088)",LeftFalse_RightFalse,False,"(1.8898190259933472, -0.06649977713823318, 38.404884338378906)","(356.6863098144531, 352.0330810546875, 355.7685546875)",-0.496216,-1.0,"(0.000019, -0.000006, -0.000005)",LeftFalse_RightFalse
34.080933,0.018799,"(-1.4473414421081543, 0.8857026100158691, -35.458160400390625)","(357.4480285644531, 353.0063171386719, 179.0168914794922)","(-1.8622753620147705, 1.1917825937271118, -34.8662223815918)","(359.959716796875, 234.6391143798828, 359.9438781738281)","(-2.132819414138794, -0.03871344029903412, -34.7099723815918)","(359.9309997558594, 177.5537109375, 0.0033141649328172207)",0.0,0.0289,"(-0.001616, -0.000059, 0.050757)",LeftFalse_RightFalse,False,"(1.8898203372955322, -0.06649982929229736, 38.404884338378906)","(356.6863098144531, 352.03302001953125, 355.7685546875)",-0.496208,-1.0,"(0.000019, -0.000005, -0.000005)",LeftFalse_RightFalse
34.136353,0.018611,"(-1.447439432144165, 0.8856977224349976, -35.45530319213867)","(357.4478759765625, 353.0038757324219, 179.0169219970703)","(-1.8623677492141724, 1.1917790174484253, -34.863365173339844)","(359.9598083496094, 234.63963317871094, 359.9440002441406)","(-2.1329102516174316, -0.03871668130159378, -34.70710754394531)","(359.93115234375, 177.55422973632812, 0.0033018074464052916)",0.0,0.0289,"(-0.001616, -0.000058, 0.050835)",LeftFalse_RightFalse,False,"(1.8898217678070068, -0.06649982929229736, 38.404884338378906)","(356.6863098144531, 352.0329895019531, 355.7685546875)",-0.496211,-1.0,"(0.000019, -0.000003, -0.000005)",LeftFalse_RightFalse
34.193115,0.018783,"(-1.4475256204605103, 0.8856949806213379, -35.45240020751953)","(357.44793701171875, 353.0018005371094, 179.01690673828125)","(-1.8624584674835205, 1.1917757987976074, -34.8604621887207)","(359.95977783203125, 234.63919067382812, 359.9439392089844)","(-2.133002281188965, -0.03872004896402359, -34.70420837402344)","(359.93109130859375, 177.5537872314453, 0.0033056577667593956)",0.0,0.0289,"(-0.001612, -0.000059, 0.050667)",LeftFalse_RightFalse,False,"(1.889823079109192, -0.066499724984169, 38.404884338378906)","(356.6863098144531, 352.032958984375, 355.7685546875)",-0.496213,-1.0,"(0.000019, -0.000004, -0.000005)",LeftFalse_RightFalse
34.253662,0.019563,"(-1.447624683380127, 0.8856924772262573, -35.44931411743164)","(357.447998046875, 353.0008850097656, 179.0168914794922)","(-1.8625571727752686, 1.1917724609375, -34.85737228393555)","(359.9597473144531, 234.6392364501953, 359.9438781738281)","(-2.133100748062134, -0.03872356563806534, -34.70112228393555)","(359.9310302734375, 177.5538330078125, 0.0033088424243032932)",0.0,0.0289,"(-0.001616, -0.000059, 0.050799)",LeftFalse_RightFalse,False,"(1.889824390411377, -0.06649962067604065, 38.404884338378906)","(356.6863098144531, 352.0329284667969, 355.7685546875)",-0.496211,-1.0,"(0.000019, -0.000003, -0.000005)",LeftFalse_RightFalse
34.314209,0.019975,"(-1.4477052688598633, 0.8856892585754395, -35.44618606567383)","(357.4480285644531, 352.9990234375, 179.0168914794922)","(-1.862652063369751, 1.191769003868103, -34.85425567626953)","(359.959716796875, 234.63784790039062, 359.9438781738281)","(-2.133199453353882, -0.03872708976268768, -34.69801330566406)","(359.9309997558594, 177.55242919921875, 0.0033078256528824568)",0.0,0.0289,"(-0.001609, -0.000057, 0.050251)",LeftFalse_RightFalse,False,"(1.8898260593414307, -0.06649961322546005, 38.404884338378906)","(356.6863098144531, 352.03289794921875, 355.7685546875)",-0.496211,-1.0,"(0.000019, -0.000006, -0.000005)",LeftFalse_RightFalse
34.372192,0.019634,"(-1.4477839469909668, 0.8856865763664246, -35.44320297241211)","(357.4480895996094, 352.99761962890625, 179.01687622070312)","(-1.8627430200576782, 1.191765546798706, -34.85128402709961)","(359.9596862792969, 234.6366729736328, 359.9438171386719)","(-2.133293628692627, -0.038730740547180176, -34.695045471191406)","(359.9309387207031, 177.55125427246094, 0.0033117826096713543)",0.0,0.0289,"(-0.001636, -0.000062, 0.051515)",LeftFalse_RightFalse,False,"(1.8898273706436157, -0.06649971008300781, 38.404884338378906)","(356.6863098144531, 352.0328674316406, 355.7685546875)",-0.496218,-1.0,"(0.000019, -0.000006, -0.000005)",LeftFalse_RightFalse
34.431396,0.019658,"(-1.447854995727539, 0.8856847882270813, -35.44016647338867)","(357.4482421875, 352.9975891113281, 179.01687622070312)","(-1.8628337383270264, 1.1917624473571777, -34.84825897216797)","(359.9595947265625, 234.634765625, 359.9436950683594)","(-2.133389711380005, -0.038734253495931625, -34.69203186035156)","(359.9307861328125, 177.5493621826172, 0.0033241542987525463)",0.0,0.0289,"(-0.001606, -0.000058, 0.049926)",LeftFalse_RightFalse,False,"(1.8898286819458008, -0.06649979948997498, 38.404884338378906)","(356.6863098144531, 352.0328369140625, 355.7685546875)",-0.49621,-1.0,"(0.000019, -0.000003, -0.000005)",LeftFalse_RightFalse
34.491089,0.019806,"(-1.4479494094848633, 0.8856815099716187, -35.4371223449707)","(357.4482727050781, 353.0013427734375, 179.01687622070312)","(-1.8629306554794312, 1.1917588710784912, -34.84521484375)","(359.9595947265625, 234.634521484375, 359.9436950683594)","(-2.1334872245788574, -0.038737952709198, -34.68899154663086)","(359.9307556152344, 177.5491180419922, 0.0033238984178751707)",0.0,0.0289,"(-0.001630, -0.000060, 0.051087)",LeftFalse_RightFalse,False,"(1.8898303508758545, -0.06649981439113617, 38.404884338378906)","(356.6863098144531, 352.0328063964844, 355.7685546875)",-0.496212,-1.0,"(0.000019, -0.000004, -0.000005)",LeftFalse_RightFalse
34.547241,0.019325,"(-1.4480382204055786, 0.8856810331344604, -35.43429946899414)","(357.448486328125, 353.0012512207031, 179.01683044433594)","(-1.8630205392837524, 1.191756010055542, -34.8423957824707)","(359.9594421386719, 234.63441467285156, 359.9435119628906)","(-2.133577585220337, -0.038741305470466614, -34.68617630004883)","(359.9305419921875, 177.54901123046875, 0.003343048505485058)",0.0,0.0289,"(-0.001597, -0.000058, 0.049185)",LeftFalse_RightFalse,False,"(1.8898314237594604, -0.06649968028068542, 38.404884338378906)","(356.6863098144531, 352.03277587890625, 355.7685546875)",-0.496209,-1.0,"(0.000019, -0.000003, -0.000005)",LeftFalse_RightFalse
34.598877,0.018288,"(-1.4481085538864136, 0.8856760859489441, -35.431644439697266)","(357.4483337402344, 353.0001525878906, 179.01686096191406)","(-1.8631021976470947, 1.191752552986145, -34.839744567871094)","(359.95953369140625, 234.63333129882812, 359.943603515625)","(-2.133661985397339, -0.03874439746141434, -34.683528900146484)","(359.9306945800781, 177.5479278564453, 0.0033234665170311928)",0.0,0.0289,"(-0.001649, -0.000062, 0.051901)",LeftFalse_RightFalse,False,"(1.8898327350616455, -0.06649968028068542, 38.404884338378906)","(356.6863098144531, 352.0327453613281, 355.7685546875)",-0.496215,-1.0,"(0.000019, -0.000004, -0.000005)",LeftFalse_RightFalse
34.654175,0.018391,"(-1.4481736421585083, 0.8856723308563232, -35.42880630493164)","(357.44830322265625, 352.99468994140625, 179.01687622070312)","(-1.863187313079834, 1.1917492151260376, -34.83692169189453)","(359.9595642089844, 234.63137817382812, 359.9436340332031)","(-2.1337523460388184, -0.038747638463974, -34.68071365356445)","(359.93072509765625, 177.5459747314453, 0.0033196397125720978)",0.0,0.0289,"(-0.001630, -0.000060, 0.051120)",LeftFalse_RightFalse,False,"(1.8898341655731201, -0.06649968773126602, 38.404884338378906)","(356.6863098144531, 352.03271484375, 355.7685546875)",-0.496212,-1.0,"(0.000019, -0.000007, -0.000005)",LeftFalse_RightFalse
34.713135,0.019045,"(-1.4482500553131104, 0.8856667876243591, -35.42573165893555)","(357.4481506347656, 352.9911193847656, 179.01687622070312)","(-1.863279938697815, 1.1917452812194824, -34.8338623046875)","(359.95965576171875, 234.62979125976562, 359.94378662109375)","(-2.1338491439819336, -0.038751132786273956, -34.67765808105469)","(359.9308776855469, 177.5443878173828, 0.0033055704552680254)",0.0,0.0289,"(-0.001669, -0.000061, 0.052932)",LeftFalse_RightFalse,False,"(1.8898355960845947, -0.06649976968765259, 38.404884338378906)","(356.6863098144531, 352.0326843261719, 355.7685546875)",-0.496213,-1.0,"(0.000019, -0.000005, -0.000005)",LeftFalse_RightFalse
34.770752,0.019088,"(-1.4483273029327393, 0.8856634497642517, -35.422733306884766)","(357.4481506347656, 352.9928283691406, 179.0168914794922)","(-1.8633711338043213, 1.191741943359375, -34.83087158203125)","(359.95965576171875, 234.62844848632812, 359.94378662109375)","(-2.133944034576416, -0.03875452280044556, -34.67467498779297)","(359.9308776855469, 177.5430450439453, 0.0033084265887737274)",0.0,0.0289,"(-0.001666, -0.000060, 0.052590)",LeftFalse_RightFalse,False,"(1.8898367881774902, -0.06649981439113617, 38.404884338378906)","(356.6863098144531, 352.0326232910156, 355.7685546875)",-0.496215,-1.0,"(0.000019, -0.000003, -0.000005)",LeftFalse_RightFalse
34.827759,0.019094,"(-1.448406457901001, 0.8856588006019592, -35.41973114013672)","(357.44805908203125, 352.9895324707031, 179.01690673828125)","(-1.8634626865386963, 1.1917383670806885, -34.827877044677734)","(359.959716796875, 234.62725830078125, 359.94384765625)","(-2.1340386867523193, -0.038757942616939545, -34.67168426513672)","(359.93096923828125, 177.5418701171875, 0.003298975760117173)",0.0,0.0289,"(-0.001609, -0.000058, 0.049975)",LeftFalse_RightFalse,False,"(1.8898382186889648, -0.06649976968765259, 38.404884338378906)","(356.6863098144531, 352.0325927734375, 355.7685546875)",-0.49621,-1.0,"(0.000019, -0.000004, -0.000005)",LeftFalse_RightFalse
34.868652,0.01953,"(-1.4484455585479736, 0.8856601715087891, -35.41764450073242)","(357.4483642578125, 352.986572265625, 179.01686096191406)","(-1.8635231256484985, 1.1917365789413452, -34.8258056640625)","(359.95953369140625, 234.6251983642578, 359.943603515625)","(-2.1341052055358887, -0.03876040130853653, -34.66962814331055)","(359.9306640625, 177.539794921875, 0.003328382270410657)",0.0,0.0289,"(-0.001617, -0.000059, 0.050105)",LeftFalse_RightFalse,False,"(1.8898391723632812, -0.06649971008300781, 38.404884338378906)","(356.6863098144531, 352.0325927734375, 355.7685546875)",-0.49621,-1.0,"(0.000019, -0.000003, -0.000005)",LeftFalse_RightFalse
34.910034,0.019909,"(-1.4485021829605103, 0.8856596350669861, -35.4155387878418)","(357.4485168457031, 352.9851989746094, 179.0189666748047)","(-1.8635880947113037, 1.1917345523834229, -34.82370376586914)","(359.9594421386719, 234.6243896484375, 359.9434814453125)","(-2.1341724395751953, -0.03876284137368202, -34.66753387451172)","(359.9305114746094, 177.53900146484375, 0.0033421418629586697)",0.0,0.0289,"(-0.001615, -0.000060, 0.049844)",LeftFalse_RightFalse,False,"(1.8898401260375977, -0.06649968028068542, 38.404884338378906)","(356.6863098144531, 352.0325622558594, 355.7685546875)",-0.496213,-1.0,"(0.000019, -0.000004, -0.000005)",LeftFalse_RightFalse
34.969116,0.019748,"(-1.4485907554626465, 0.8856561183929443, -35.412506103515625)","(357.4485168457031, 352.98406982421875, 179.01683044433594)","(-1.8636833429336548, 1.1917308568954468, -34.820674896240234)","(359.9594421386719, 234.62371826171875, 359.9434814453125)","(-2.1342694759368896, -0.03876649588346481, -34.66450881958008)","(359.9305114746094, 177.538330078125, 0.003338895970955491)",0.0,0.0289,"(-0.001644, -0.000060, 0.051461)",LeftFalse_RightFalse,False,"(1.8898415565490723, -0.06649958342313766, 38.404884338378906)","(356.6863098144531, 352.03253173828125, 355.7685546875)",-0.49621,-1.0,"(0.000019, -0.000003, -0.000005)",LeftFalse_RightFalse
35.025879,0.019425,"(-1.4486818313598633, 0.8856527209281921, -35.40959167480469)","(357.4485168457031, 352.9862365722656, 179.01806640625)","(-1.8637762069702148, 1.1917273998260498, -34.81776428222656)","(359.9594421386719, 234.62356567382812, 359.9434814453125)","(-2.1343626976013184, -0.03876997157931328, -34.661598205566406)","(359.9305114746094, 177.5381622314453, 0.003336368128657341)",0.0,0.0289,"(-0.001652, -0.000059, 0.051536)",LeftFalse_RightFalse,False,"(1.8898429870605469, -0.06649959087371826, 38.40488815307617)","(356.6863098144531, 352.0325012207031, 355.7685546875)",-0.496211,-1.0,"(0.000019, -0.000003, -0.000005)",LeftFalse_RightFalse
35.066284,0.019712,"(-1.4487420320510864, 0.8856486678123474, -35.4074821472168)","(357.4483947753906, 352.98492431640625, 179.0175323486328)","(-1.8638418912887573, 1.1917247772216797, -34.81565856933594)","(359.95953369140625, 234.623046875, 359.9435729980469)","(-2.134429693222046, -0.038772378116846085, -34.65949249267578)","(359.9306335449219, 177.53762817382812, 0.0033223775681108236)",0.0,0.0289,"(-0.001642, -0.000060, 0.051312)",LeftFalse_RightFalse,False,"(1.8898439407348633, -0.06649965047836304, 38.404884338378906)","(356.6863098144531, 352.032470703125, 355.7685546875)",-0.49622,-1.0,"(0.000019, -0.000005, -0.000005)",LeftFalse_RightFalse
35.124512,0.019576,"(-1.4488298892974854, 0.8856480717658997, -35.404518127441406)","(357.4486083984375, 352.9837341308594, 179.01609802246094)","(-1.8639354705810547, 1.1917219161987305, -34.81269836425781)","(359.9593811035156, 234.62246704101562, 359.9433898925781)","(-2.1345248222351074, -0.0387757383286953, -34.65653991699219)","(359.930419921875, 177.53707885742188, 0.003341133240610361)",0.0,0.0289,"(-0.001647, -0.000060, 0.051293)",LeftFalse_RightFalse,False,"(1.889845371246338, -0.06649976968765259, 38.40488815307617)","(356.6863098144531, 352.0324401855469, 355.7685546875)",-0.496211,-1.0,"(0.000019, -0.000004, -0.000005)",LeftFalse_RightFalse
35.178345,0.018761,"(-1.448899745941162, 0.8856445550918579, -35.4017333984375)","(357.4485778808594, 352.98199462890625, 179.01905822753906)","(-1.8640202283859253, 1.191718578338623, -34.8099250793457)","(359.95941162109375, 234.62103271484375, 359.94342041015625)","(-2.134613513946533, -0.03877900540828705, -34.653770446777344)","(359.9304504394531, 177.53562927246094, 0.0033347385469824076)",0.0,0.0289,"(-0.001621, -0.000058, 0.050171)",LeftFalse_RightFalse,False,"(1.8898465633392334, -0.06649979948997498, 38.404884338378906)","(356.6863098144531, 352.03240966796875, 355.7685546875)",-0.49621,-1.0,"(0.000019, -0.000004, -0.000005)",LeftFalse_RightFalse
35.234985,0.018863,"(-1.4489836692810059, 0.8856394290924072, -35.39876937866211)","(357.4484558105469, 352.98095703125, 179.02076721191406)","(-1.8641126155853271, 1.191714882850647, -34.80696487426758)","(359.9595031738281, 234.62022399902344, 359.9435119628906)","(-2.1347079277038574, -0.03878246620297432, -34.650814056396484)","(359.9305725097656, 177.53482055664062, 0.003322170116007328)",0.0,0.0289,"(-0.001620, -0.000058, 0.050138)",LeftFalse_RightFalse,False,"(1.889847993850708, -0.06649967283010483, 38.404884338378906)","(356.6863098144531, 352.0323791503906, 355.7685546875)",-0.49621,-1.0,"(0.000019, -0.000003, -0.000005)",LeftFalse_RightFalse
35.275635,0.019371,"(-1.4490278959274292, 0.8856386542320251, -35.39666748046875)","(357.4485778808594, 352.9791259765625, 179.0214385986328)","(-1.8641746044158936, 1.1917126178741455, -34.804874420166016)","(359.95941162109375, 234.61849975585938, 359.94342041015625)","(-2.134774923324585, -0.03878496587276459, -34.64873504638672)","(359.9304504394531, 177.53309631347656, 0.0033369380980730057)",0.0,0.0289,"(-0.001643, -0.000059, 0.050912)",LeftFalse_RightFalse,False,"(1.8898489475250244, -0.06649953126907349, 38.404884338378906)","(356.6863098144531, 352.0323486328125, 355.7685546875)",-0.496211,-1.0,"(0.000019, -0.000003, -0.000005)",LeftFalse_RightFalse
35.331055,0.018877,"(-1.449110507965088, 0.8856351971626282, -35.393795013427734)","(357.4485778808594, 352.980712890625, 179.0220184326172)","(-1.8642646074295044, 1.191709280014038, -34.80200958251953)","(359.95941162109375, 234.6177978515625, 359.94342041015625)","(-2.134866714477539, -0.038788340985774994, -34.645870208740234)","(359.9304504394531, 177.53237915039062, 0.003332895925268531)",0.0,0.0289,"(-0.001657, -0.000061, 0.051722)",LeftFalse_RightFalse,False,"(1.88985013961792, -0.06649953126907349, 38.404884338378906)","(356.6863098144531, 352.0323181152344, 355.7685546875)",-0.496211,-1.0,"(0.000019, -0.000004, -0.000005)",LeftFalse_RightFalse
35.385742,0.018598,"(-1.4492021799087524, 0.8856315612792969, -35.390960693359375)","(357.44854736328125, 352.9812316894531, 179.02232360839844)","(-1.8643558025360107, 1.1917059421539307, -34.79917526245117)","(359.95941162109375, 234.61782836914062, 359.9434509277344)","(-2.134957790374756, -0.038791678845882416, -34.643035888671875)","(359.93048095703125, 177.5324249267578, 0.0033294372260570526)",0.0,0.0289,"(-0.001638, -0.000059, 0.050842)",LeftFalse_RightFalse,False,"(1.889851450920105, -0.06649959087371826, 38.40488052368164)","(356.6863098144531, 352.03228759765625, 355.7685546875)",-0.496214,-1.0,"(0.000019, -0.000006, -0.000005)",LeftFalse_RightFalse
35.441406,0.018638,"(-1.4492722749710083, 0.8856306076049805, -35.38809585571289)","(357.44873046875, 352.97735595703125, 179.02249145507812)","(-1.8644428253173828, 1.1917030811309814, -34.796321868896484)","(359.9593200683594, 234.61618041992188, 359.94329833984375)","(-2.135049343109131, -0.03879489004611969, -34.640193939208984)","(359.9302978515625, 177.53077697753906, 0.0033438755199313164)",0.0,0.0289,"(-0.001634, -0.000059, 0.050352)",LeftFalse_RightFalse,False,"(1.88985276222229, -0.06649965047836304, 38.40488052368164)","(356.6863098144531, 352.0322570800781, 355.7685546875)",-0.49621,-1.0,"(0.000019, -0.000004, -0.000005)",LeftFalse_RightFalse
35.498413,0.018777,"(-1.4493560791015625, 0.8856289386749268, -35.38517379760742)","(357.4488830566406, 352.980224609375, 179.0168914794922)","(-1.864534616470337, 1.1917001008987427, -34.79340362548828)","(359.959228515625, 234.61541748046875, 359.94317626953125)","(-2.135143280029297, -0.03879836946725845, -34.63728332519531)","(359.9301452636719, 177.53001403808594, 0.0033546490594744682)",0.0,0.0289,"(-0.001653, -0.000061, 0.051252)",LeftFalse_RightFalse,False,"(1.8898541927337646, -0.06649968028068542, 38.40488052368164)","(356.6863098144531, 352.0322265625, 355.7685852050781)",-0.496211,-1.0,"(0.000019, -0.000004, -0.000005)",LeftFalse_RightFalse
35.554688,0.018732,"(-1.4494361877441406, 0.8856256604194641, -35.382286071777344)","(357.44891357421875, 352.9776306152344, 179.01475524902344)","(-1.8646248579025269, 1.1916966438293457, -34.790523529052734)","(359.959228515625, 234.61444091796875, 359.94317626953125)","(-2.1352362632751465, -0.03880196064710617, -34.63440704345703)","(359.93011474609375, 177.52903747558594, 0.003355814144015312)",0.0,0.0289,"(-0.001648, -0.000059, 0.050779)",LeftFalse_RightFalse,False,"(1.8898555040359497, -0.06649968028068542, 38.40488052368164)","(356.6863098144531, 352.0321960449219, 355.7685852050781)",-0.496209,-1.0,"(0.000019, -0.000004, -0.000005)",LeftFalse_RightFalse
35.61084,0.01877,"(-1.4495205879211426, 0.8856207728385925, -35.379371643066406)","(357.4487609863281, 352.9787902832031, 179.02061462402344)","(-1.864716649055481, 1.1916927099227905, -34.78761672973633)","(359.95928955078125, 234.61373901367188, 359.9432678222656)","(-2.1353297233581543, -0.03880532830953598, -34.631500244140625)","(359.9302673339844, 177.52833557128906, 0.0033392703626304865)",0.0,0.0289,"(-0.001674, -0.000061, 0.052423)",LeftFalse_RightFalse,False,"(1.8898568153381348, -0.06649957597255707, 38.40488052368164)","(356.6863098144531, 352.03216552734375, 355.7685852050781)",-0.496211,-1.0,"(0.000019, -0.000003, -0.000005)",LeftFalse_RightFalse
35.662598,0.018029,"(-1.4495890140533447, 0.8856158256530762, -35.376651763916016)","(357.4486389160156, 352.97503662109375, 179.01901245117188)","(-1.8647992610931396, 1.191689372062683, -34.78490447998047)","(359.9593811035156, 234.61233520507812, 359.9433898925781)","(-2.135416030883789, -0.0388084277510643, -34.62879180908203)","(359.9303894042969, 177.52694702148438, 0.0033259557094424963)",0.0,0.0289,"(-0.001670, -0.000058, 0.052182)",LeftFalse_RightFalse,False,"(1.8898581266403198, -0.0664995014667511, 38.40488052368164)","(356.6863098144531, 352.0321350097656, 355.7685852050781)",-0.496211,-1.0,"(0.000019, -0.000005, -0.000005)",LeftFalse_RightFalse
35.719604,0.018497,"(-1.4496818780899048, 0.8856114745140076, -35.373661041259766)","(357.44854736328125, 352.97149658203125, 179.01614379882812)","(-1.8648942708969116, 1.191685676574707, -34.781917572021484)","(359.9594421386719, 234.61215209960938, 359.9434509277344)","(-2.1355113983154297, -0.03881186619400978, -34.62580490112305)","(359.93048095703125, 177.52674865722656, 0.003316667163744569)",0.0,0.0289,"(-0.001687, -0.000061, 0.053138)",LeftFalse_RightFalse,False,"(1.8898594379425049, -0.06649963557720184, 38.40488052368164)","(356.6863098144531, 352.0321044921875, 355.7685852050781)",-0.496218,-1.0,"(0.000019, -0.000007, -0.000005)",LeftFalse_RightFalse
35.776855,0.018686,"(-1.4497714042663574, 0.8856103420257568, -35.37070846557617)","(357.44873046875, 352.9751281738281, 179.01419067382812)","(-1.8649876117706299, 1.1916826963424683, -34.77896499633789)","(359.9593200683594, 234.61178588867188, 359.94329833984375)","(-2.135606050491333, -0.03881528228521347, -34.622859954833984)","(359.9302978515625, 177.5263671875, 0.0033335243351757526)",0.0,0.0289,"(-0.001657, -0.000060, 0.051619)",LeftFalse_RightFalse,False,"(1.8898608684539795, -0.066499724984169, 38.40488052368164)","(356.6863098144531, 352.03204345703125, 355.7685852050781)",-0.496208,-1.0,"(0.000019, -0.000004, -0.000005)",LeftFalse_RightFalse
35.833862,0.018859,"(-1.449850082397461, 0.885607898235321, -35.36774444580078)","(357.452880859375, 352.97601318359375, 179.02310180664062)","(-1.8650790452957153, 1.19167959690094, -34.77600860595703)","(359.95928955078125, 234.6105499267578, 359.9432373046875)","(-2.1357007026672363, -0.03881864994764328, -34.619911193847656)","(359.93023681640625, 177.52516174316406, 0.003338027745485306)",0.0,0.0289,"(-0.001678, -0.000061, 0.052483)",LeftFalse_RightFalse,False,"(1.889862060546875, -0.0664997547864914, 38.40488052368164)","(356.6863098144531, 352.0320129394531, 355.7685852050781)",-0.496212,-1.0,"(0.000019, -0.000004, -0.000005)",LeftFalse_RightFalse
35.891968,0.019062,"(-1.4499226808547974, 0.8856077194213867, -35.364776611328125)","(357.45672607421875, 352.970458984375, 179.02041625976562)","(-1.8651697635650635, 1.1916767358779907, -34.77305603027344)","(359.9591064453125, 234.60877990722656, 359.9430236816406)","(-2.135796546936035, -0.038822196424007416, -34.61697006225586)","(359.9299621582031, 177.52337646484375, 0.003361244685947895)",0.0,0.0289,"(-0.001661, -0.000062, 0.051340)",LeftFalse_RightFalse,False,"(1.8898634910583496, -0.06649968773126602, 38.404884338378906)","(356.6863098144531, 352.031982421875, 355.7685852050781)",-0.49621,-1.0,"(0.000019, -0.000003, -0.000005)",LeftFalse_RightFalse
35.948608,0.018913,"(-1.4499897956848145, 0.8856040835380554, -35.36183547973633)","(357.4585876464844, 352.9687194824219, 179.0218048095703)","(-1.8652580976486206, 1.1916731595993042, -34.77012634277344)","(359.9591064453125, 234.60671997070312, 359.9430236816406)","(-2.135890483856201, -0.038825735449790955, -34.614051818847656)","(359.9299621582031, 177.52133178710938, 0.00336011266335845)",0.0,0.0289,"(-0.001683, -0.000062, 0.052307)",LeftFalse_RightFalse,False,"(1.8898648023605347, -0.06649953126907349, 38.404876708984375)","(356.6863098144531, 352.0319519042969, 355.7685852050781)",-0.496212,-1.0,"(0.000019, -0.000003, -0.000005)",LeftFalse_RightFalse
35.989258,0.019389,"(-1.450047254562378, 0.8856017589569092, -35.359737396240234)","(357.4593505859375, 352.9720458984375, 179.0259552001953)","(-1.8653236627578735, 1.1916707754135132, -34.76803207397461)","(359.9591064453125, 234.60592651367188, 359.9430236816406)","(-2.135958194732666, -0.03882812336087227, -34.611961364746094)","(359.9299621582031, 177.52052307128906, 0.003360059345141053)",0.0,0.0289,"(-0.001683, -0.000061, 0.052235)",LeftFalse_RightFalse,False,"(1.8898658752441406, -0.06649952381849289, 38.404884338378906)","(356.6863098144531, 352.03192138671875, 355.7685852050781)",-0.496212,-1.0,"(0.000019, -0.000003, -0.000005)",LeftFalse_RightFalse
36.041138,0.018394,"(-1.4501136541366577, 0.8856001496315002, -35.3570671081543)","(357.4600524902344, 352.97369384765625, 179.02137756347656)","(-1.865405559539795, 1.191667914390564, -34.765377044677734)","(359.95904541015625, 234.6044464111328, 359.94293212890625)","(-2.1360442638397217, -0.03883131965994835, -34.60931396484375)","(359.9298400878906, 177.51904296875, 0.0033711306750774384)",0.0,0.0289,"(-0.001651, -0.000060, 0.050498)",LeftFalse_RightFalse,False,"(1.8898670673370361, -0.06649953126907349, 38.40488052368164)","(356.6863098144531, 352.0318908691406, 355.7685852050781)",-0.496211,-1.0,"(0.000019, -0.000006, -0.000005)",LeftFalse_RightFalse
36.099609,0.018976,"(-1.4501924514770508, 0.8855957388877869, -35.354034423828125)","(357.4603576660156, 352.9685974121094, 179.0209197998047)","(-1.8654992580413818, 1.191664218902588, -34.762351989746094)","(359.9590759277344, 234.6029815673828, 359.9429931640625)","(-2.136141777038574, -0.0388348288834095, -34.60629653930664)","(359.9299011230469, 177.51759338378906, 0.0033639096654951572)",0.0,0.0289,"(-0.001639, -0.000059, 0.050081)",LeftFalse_RightFalse,False,"(1.8898683786392212, -0.06649955362081528, 38.40488052368164)","(356.6863098144531, 352.0318603515625, 355.7685852050781)",-0.496211,-1.0,"(0.000019, -0.000007, -0.000005)",LeftFalse_RightFalse
36.157593,0.019131,"(-1.4502638578414917, 0.8855910897254944, -35.35100173950195)","(357.46044921875, 352.9647521972656, 179.02378845214844)","(-1.8655911684036255, 1.1916605234146118, -34.759334564208984)","(359.9591369628906, 234.60101318359375, 359.94305419921875)","(-2.1362390518188477, -0.03883838653564453, -34.60328674316406)","(359.92999267578125, 177.51560974121094, 0.003354571992531419)",0.0,0.0289,"(-0.001647, -0.000059, 0.050475)",LeftFalse_RightFalse,False,"(1.8898698091506958, -0.06649962067604065, 38.40488052368164)","(356.6863098144531, 352.0318298339844, 355.7685852050781)",-0.49621,-1.0,"(0.000019, -0.000005, -0.000005)",LeftFalse_RightFalse
36.215332,0.019263,"(-1.4503376483917236, 0.885586678981781, -35.34797668457031)","(357.4604797363281, 352.9692687988281, 179.02664184570312)","(-1.8656835556030273, 1.1916568279266357, -34.75632095336914)","(359.9591979980469, 234.59922790527344, 359.943115234375)","(-2.136336088180542, -0.038841843605041504, -34.60028076171875)","(359.9300537109375, 177.51382446289062, 0.0033475756645202637)",0.0,0.0289,"(-0.001681, -0.000060, 0.052071)",LeftFalse_RightFalse,False,"(1.8898712396621704, -0.06649968028068542, 38.40488052368164)","(356.6863098144531, 352.03179931640625, 355.7685852050781)",-0.49621,-1.0,"(0.000019, -0.000004, -0.000005)",LeftFalse_RightFalse
36.270874,0.018893,"(-1.4504265785217285, 0.885583221912384, -35.3450927734375)","(357.46051025390625, 352.97216796875, 179.02809143066406)","(-1.8657758235931396, 1.1916534900665283, -34.753440856933594)","(359.9591979980469, 234.598876953125, 359.943115234375)","(-2.1364293098449707, -0.03884514421224594, -34.5974006652832)","(359.9300842285156, 177.51348876953125, 0.0033476892858743668)",0.0,0.0289,"(-0.001675, -0.000060, 0.051705)",LeftFalse_RightFalse,False,"(1.889872431755066, -0.06649965047836304, 38.40488052368164)","(356.6863098144531, 352.0317687988281, 355.7685852050781)",-0.49621,-1.0,"(0.000019, -0.000004, -0.000005)",LeftFalse_RightFalse
36.326904,0.018757,"(-1.4504942893981934, 0.8855829834938049, -35.34220504760742)","(357.4588928222656, 352.9659118652344, 179.0271759033203)","(-1.86586332321167, 1.1916507482528687, -34.75056457519531)","(359.95904541015625, 234.59695434570312, 359.94293212890625)","(-2.1365222930908203, -0.03884836286306381, -34.594539642333984)","(359.9298400878906, 177.51156616210938, 0.003368943464010954)",0.0,0.0289,"(-0.001674, -0.000062, 0.051517)",LeftFalse_RightFalse,False,"(1.88987398147583, -0.06649956107139587, 38.40488052368164)","(356.6863098144531, 352.03173828125, 355.7685852050781)",-0.496211,-1.0,"(0.000019, -0.000004, -0.000005)",LeftFalse_RightFalse
36.38623,0.019238,"(-1.4505503177642822, 0.8855797648429871, -35.339107513427734)","(357.45477294921875, 352.96014404296875, 179.0254669189453)","(-1.8659536838531494, 1.1916472911834717, -34.747493743896484)","(359.95904541015625, 234.5936279296875, 359.9429016113281)","(-2.1366217136383057, -0.0388520173728466, -34.59148406982422)","(359.9298095703125, 177.5082244873047, 0.0033692317083477974)",0.0,0.0289,"(-0.001697, -0.000062, 0.052483)",LeftFalse_RightFalse,False,"(1.8898751735687256, -0.06649961322546005, 38.40488052368164)","(356.6863098144531, 352.0317077636719, 355.7685852050781)",-0.496217,-1.0,"(0.000019, -0.000002, -0.000005)",LeftFalse_RightFalse
36.442017,0.01892,"(-1.4506138563156128, 0.885576605796814, -35.336204528808594)","(357.45281982421875, 352.9566650390625, 179.0274658203125)","(-1.866040825843811, 1.1916439533233643, -34.744606018066406)","(359.9590148925781, 234.59133911132812, 359.9429016113281)","(-2.1367151737213135, -0.0388554222881794, -34.58860778808594)","(359.9297790527344, 177.50595092773438, 0.0033723211381584406)",0.0,0.0289,"(-0.001674, -0.000061, 0.051292)",LeftFalse_RightFalse,False,"(1.8898766040802002, -0.06649962067604065, 38.40488052368164)","(356.6863098144531, 352.03167724609375, 355.7685852050781)",-0.496211,-1.0,"(0.000019, -0.000006, -0.000005)",LeftFalse_RightFalse
36.500977,0.019348,"(-1.4506893157958984, 0.8855723738670349, -35.33312225341797)","(357.45159912109375, 352.9541320800781, 179.02362060546875)","(-1.8661354780197144, 1.1916401386260986, -34.741539001464844)","(359.95904541015625, 234.5894775390625, 359.94293212890625)","(-2.136814832687378, -0.038859106600284576, -34.585548400878906)","(359.9298400878906, 177.50408935546875, 0.0033670002594590187)",0.0,0.0289,"(-0.001687, -0.000063, 0.051990)",LeftFalse_RightFalse,False,"(1.8898779153823853, -0.06649968028068542, 38.40488052368164)","(356.6863098144531, 352.0316467285156, 355.7685852050781)",-0.496212,-1.0,"(0.000019, -0.000006, -0.000005)",LeftFalse_RightFalse
36.559082,0.019356,"(-1.4507582187652588, 0.8855686783790588, -35.33008575439453)","(357.4510192871094, 352.95404052734375, 179.0216522216797)","(-1.866227388381958, 1.191636562347412, -34.7385139465332)","(359.95904541015625, 234.58726501464844, 359.94293212890625)","(-2.1369128227233887, -0.03886256739497185, -34.58253479003906)","(359.9298400878906, 177.50186157226562, 0.003366115503013134)",0.0,0.0289,"(-0.001684, -0.000062, 0.051670)",LeftFalse_RightFalse,False,"(1.8898794651031494, -0.0664997324347496, 38.40488052368164)","(356.6863098144531, 352.0316162109375, 355.7685852050781)",-0.496211,-1.0,"(0.000019, -0.000005, -0.000005)",LeftFalse_RightFalse
36.618774,0.019604,"(-1.4508346319198608, 0.8855651617050171, -35.32695770263672)","(357.45068359375, 352.9570617675781, 179.02061462402344)","(-1.8663233518600464, 1.1916331052780151, -34.73540115356445)","(359.95904541015625, 234.58535766601562, 359.94293212890625)","(-2.1370139122009277, -0.038866203278303146, -34.579429626464844)","(359.9298400878906, 177.49998474121094, 0.0033669108524918556)",0.0,0.0289,"(-0.001684, -0.000060, 0.051733)",LeftFalse_RightFalse,False,"(1.8898807764053345, -0.06649970263242722, 38.40488052368164)","(356.6863098144531, 352.0315856933594, 355.7685852050781)",-0.496208,-1.0,"(0.000019, -0.000003, -0.000005)",LeftFalse_RightFalse
36.677124,0.019567,"(-1.4509069919586182, 0.8855612277984619, -35.32387924194336)","(357.45050048828125, 352.9557189941406, 179.0200653076172)","(-1.8664169311523438, 1.191629409790039, -34.73234176635742)","(359.9590759277344, 234.58331298828125, 359.9429626464844)","(-2.137113094329834, -0.038869768381118774, -34.576377868652344)","(359.92987060546875, 177.4979248046875, 0.0033653336577117443)",0.0,0.0289,"(-0.001688, -0.000059, 0.051793)",LeftFalse_RightFalse,False,"(1.8898823261260986, -0.0664995014667511, 38.40488052368164)","(356.6863098144531, 352.0315246582031, 355.7685852050781)",-0.496211,-1.0,"(0.000019, -0.000003, -0.000005)",LeftFalse_RightFalse
36.734253,0.019251,"(-1.450989842414856, 0.8855602145195007, -35.3209342956543)","(357.4505920410156, 352.955078125, 179.01976013183594)","(-1.8665101528167725, 1.1916264295578003, -34.729400634765625)","(359.9589538574219, 234.58230590820312, 359.94281005859375)","(-2.137209177017212, -0.038873158395290375, -34.573448181152344)","(359.9296875, 177.4969024658203, 0.003381405957043171)",0.0,0.0289,"(-0.001689, -0.000059, 0.051583)",LeftFalse_RightFalse,False,"(1.8898835182189941, -0.0664994865655899, 38.40488052368164)","(356.6863098144531, 352.031494140625, 355.7685852050781)",-0.496211,-1.0,"(0.000019, -0.000005, -0.000005)",LeftFalse_RightFalse
36.793579,0.019475,"(-1.4510931968688965, 0.8855571150779724, -35.317874908447266)","(357.45062255859375, 352.95086669921875, 179.02369689941406)","(-1.866611123085022, 1.1916228532791138, -34.72633743286133)","(359.95892333984375, 234.58253479003906, 359.9427795410156)","(-2.1373095512390137, -0.038876865059137344, -34.57038497924805)","(359.92962646484375, 177.49713134765625, 0.003383360104635358)",0.0,0.0289,"(-0.001670, -0.000059, 0.050723)",LeftFalse_RightFalse,False,"(1.8898849487304688, -0.06649959087371826, 38.40488052368164)","(356.6863098144531, 352.0314636230469, 355.7685852050781)",-0.496212,-1.0,"(0.000019, -0.000005, -0.000005)",LeftFalse_RightFalse
36.8479,0.01878,"(-1.4511843919754028, 0.8855542540550232, -35.315059661865234)","(357.45062255859375, 352.9515380859375, 179.0225372314453)","(-1.8667027950286865, 1.1916195154190063, -34.72352600097656)","(359.9588928222656, 234.58248901367188, 359.9427490234375)","(-2.1374013423919678, -0.03888017311692238, -34.56757354736328)","(359.9295959472656, 177.49710083007812, 0.0033832930494099855)",0.0,0.0289,"(-0.001707, -0.000063, 0.052312)",LeftFalse_RightFalse,False,"(1.8898863792419434, -0.06649966537952423, 38.40488052368164)","(356.6863098144531, 352.03143310546875, 355.7685852050781)",-0.496211,-1.0,"(0.000019, -0.000005, -0.000005)",LeftFalse_RightFalse
36.907104,0.019241,"(-1.4512673616409302, 0.8855528831481934, -35.312015533447266)","(357.4508056640625, 352.9464416503906, 179.02041625976562)","(-1.8667988777160645, 1.1916165351867676, -34.720489501953125)","(359.95880126953125, 234.5812225341797, 359.9425964355469)","(-2.1375010013580322, -0.03888378292322159, -34.564544677734375)","(359.9294128417969, 177.49583435058594, 0.0033964207395911217)",0.0,0.0289,"(-0.001690, -0.000060, 0.051270)",LeftFalse_RightFalse,False,"(1.8898876905441284, -0.0664997398853302, 38.40488052368164)","(356.6863098144531, 352.0314025878906, 355.7685852050781)",-0.496209,-1.0,"(0.000019, -0.000003, -0.000005)",LeftFalse_RightFalse
36.959717,0.018468,"(-1.4513293504714966, 0.8855509161949158, -35.30931091308594)","(357.4508972167969, 352.9439392089844, 179.01954650878906)","(-1.8668818473815918, 1.1916136741638184, -34.71780014038086)","(359.958740234375, 234.57919311523438, 359.9425354003906)","(-2.137589454650879, -0.03888695314526558, -34.561866760253906)","(359.9293212890625, 177.49380493164062, 0.0034012668766081333)",0.0,0.0289,"(-0.001693, -0.000061, 0.051585)",LeftFalse_RightFalse,False,"(1.8898890018463135, -0.06649971008300781, 38.404884338378906)","(356.6863098144531, 352.0313720703125, 355.7685852050781)",-0.496211,-1.0,"(0.000019, -0.000004, -0.000005)",LeftFalse_RightFalse
37.013428,0.018202,"(-1.4514003992080688, 0.8855456113815308, -35.30649185180664)","(357.45068359375, 352.9415283203125, 179.0190887451172)","(-1.8669694662094116, 1.1916098594665527, -34.714988708496094)","(359.9588623046875, 234.5775909423828, 359.9426574707031)","(-2.137681245803833, -0.038890205323696136, -34.55906295776367)","(359.92950439453125, 177.4921875, 0.003386590862646699)",0.0,0.0289,"(-0.001682, -0.000059, 0.051082)",LeftFalse_RightFalse,False,"(1.889890193939209, -0.06649951636791229, 38.40488052368164)","(356.6863098144531, 352.0313415527344, 355.76861572265625)",-0.496209,-1.0,"(0.000019, -0.000003, -0.000005)",LeftFalse_RightFalse
37.071533,0.018824,"(-1.4514648914337158, 0.8855427503585815, -35.303470611572266)","(357.45074462890625, 352.9373779296875, 179.018798828125)","(-1.8670604228973389, 1.1916064023971558, -34.71199035644531)","(359.95880126953125, 234.57501220703125, 359.9425964355469)","(-2.1377792358398438, -0.03889378160238266, -34.55607604980469)","(359.929443359375, 177.48960876464844, 0.003390459343791008)",0.0,0.0289,"(-0.001688, -0.000058, 0.051324)",LeftFalse_RightFalse,False,"(1.8898916244506836, -0.06649952381849289, 38.404876708984375)","(356.6863098144531, 352.03131103515625, 355.76861572265625)",-0.496213,-1.0,"(0.000019, -0.000007, -0.000005)",LeftFalse_RightFalse
37.128418,0.018892,"(-1.4515295028686523, 0.8855397701263428, -35.30051803588867)","(357.4507751464844, 352.93438720703125, 179.01864624023438)","(-1.867150068283081, 1.191603183746338, -34.70905303955078)","(359.95880126953125, 234.57260131835938, 359.9425964355469)","(-2.137875556945801, -0.03889711946249008, -34.55315017700195)","(359.9294128417969, 177.48721313476562, 0.003392901737242937)",0.0,0.0289,"(-0.001705, -0.000060, 0.051864)",LeftFalse_RightFalse,False,"(1.8898929357528687, -0.06649962812662125, 38.40488052368164)","(356.6863098144531, 352.0312805175781, 355.7685852050781)",-0.496209,-1.0,"(0.000019, -0.000006, -0.000005)",LeftFalse_RightFalse
37.185913,0.018991,"(-1.4516042470932007, 0.8855368494987488, -35.29753112792969)","(357.4508361816406, 352.93707275390625, 179.0185546875)","(-1.867242693901062, 1.19159996509552, -34.706077575683594)","(359.9587707519531, 234.57086181640625, 359.94256591796875)","(-2.1379730701446533, -0.038900475949048996, -34.55018615722656)","(359.92938232421875, 177.4854736328125, 0.0033998771104961634)",0.0,0.0289,"(-0.001662, -0.000058, 0.049632)",LeftFalse_RightFalse,False,"(1.8898943662643433, -0.06649968028068542, 38.40488052368164)","(356.6863098144531, 352.03125, 355.7685852050781)",-0.496211,-1.0,"(0.000019, -0.000004, -0.000005)",LeftFalse_RightFalse
37.227051,0.019568,"(-1.4516544342041016, 0.885536789894104, -35.29544448852539)","(357.4510192871094, 352.9375, 179.01849365234375)","(-1.8673075437545776, 1.1915979385375977, -34.704002380371094)","(359.9586486816406, 234.5694580078125, 359.9424133300781)","(-2.1380419731140137, -0.03890296816825867, -34.548118591308594)","(359.9291687011719, 177.48403930664062, 0.003419295884668827)",0.0,0.0289,"(-0.001733, -0.000064, 0.052730)",LeftFalse_RightFalse,False,"(1.8898953199386597, -0.06649968028068542, 38.40488052368164)","(356.6863098144531, 352.0312194824219, 355.7685852050781)",-0.496211,-1.0,"(0.000019, -0.000004, -0.000005)",LeftFalse_RightFalse
37.267334,0.019728,"(-1.4517054557800293, 0.8855334520339966, -35.29334259033203)","(357.4509582519531, 352.937255859375, 179.02044677734375)","(-1.867372751235962, 1.191595196723938, -34.701908111572266)","(359.95867919921875, 234.5680694580078, 359.94244384765625)","(-2.138110876083374, -0.03890547901391983, -34.5460319519043)","(359.92926025390625, 177.482666015625, 0.003412549151107669)",0.0,0.0289,"(-0.001694, -0.000059, 0.050965)",LeftFalse_RightFalse,False,"(1.889896273612976, -0.06649965047836304, 38.40488052368164)","(356.6863098144531, 352.03118896484375, 355.7685852050781)",-0.49621,-1.0,"(0.000019, -0.000004, -0.000005)",LeftFalse_RightFalse
37.309937,0.020243,"(-1.4517807960510254, 0.8855317831039429, -35.29118347167969)","(357.4510192871094, 352.9382629394531, 179.02366638183594)","(-1.867445468902588, 1.1915929317474365, -34.69974899291992)","(359.9586486816406, 234.5683135986328, 359.9424133300781)","(-2.1381828784942627, -0.0389079824090004, -34.54387283325195)","(359.9291687011719, 177.48292541503906, 0.0034175110049545765)",0.0,0.0289,"(-0.001718, -0.000063, 0.052075)",LeftFalse_RightFalse,False,"(1.889897346496582, -0.06649965792894363, 38.40488052368164)","(356.6863098144531, 352.03118896484375, 355.76861572265625)",-0.496211,-1.0,"(0.000019, -0.000004, -0.000005)",LeftFalse_RightFalse
37.368652,0.019913,"(-1.4518675804138184, 0.8855254650115967, -35.288108825683594)","(357.4508056640625, 352.93780517578125, 179.02622985839844)","(-1.8675432205200195, 1.1915887594223022, -34.69668197631836)","(359.95880126953125, 234.5672607421875, 359.94256591796875)","(-2.1382832527160645, -0.03891156613826752, -34.54080581665039)","(359.9294128417969, 177.48187255859375, 0.0033928505145013332)",0.0,0.0289,"(-0.001715, -0.000061, 0.052002)",LeftFalse_RightFalse,False,"(1.889898657798767, -0.06649955362081528, 38.40488052368164)","(356.6863098144531, 352.0311279296875, 355.76861572265625)",-0.496213,-1.0,"(0.000019, -0.000003, -0.000005)",LeftFalse_RightFalse
37.427368,0.019742,"(-1.451957106590271, 0.8855226039886475, -35.28506851196289)","(357.4508361816406, 352.9372863769531, 179.0218963623047)","(-1.8676413297653198, 1.1915855407714844, -34.69364929199219)","(359.9587707519531, 234.56643676757812, 359.9425354003906)","(-2.138383626937866, -0.03891494497656822, -34.537776947021484)","(359.9293518066406, 177.4810333251953, 0.0033955597318708897)",0.0,0.0289,"(-0.001747, -0.000062, 0.053335)",LeftFalse_RightFalse,False,"(1.8898999691009521, -0.06649959832429886, 38.40488052368164)","(356.6863098144531, 352.0310974121094, 355.76861572265625)",-0.496214,-1.0,"(0.000019, -0.000005, -0.000005)",LeftFalse_RightFalse
37.468262,0.020013,"(-1.4520238637924194, 0.8855182528495789, -35.28291320800781)","(357.45068359375, 352.9371032714844, 179.02362060546875)","(-1.8677114248275757, 1.1915826797485352, -34.69149398803711)","(359.9588623046875, 234.56610107421875, 359.9426574707031)","(-2.1384544372558594, -0.038917504251003265, -34.535621643066406)","(359.92950439453125, 177.480712890625, 0.003381947288289666)",0.0,0.0289,"(-0.001733, -0.000061, 0.052957)",LeftFalse_RightFalse,False,"(1.8899011611938477, -0.06649968028068542, 38.404884338378906)","(356.6863098144531, 352.0310974121094, 355.76861572265625)",-0.496212,-1.0,"(0.000019, -0.000004, -0.000005)",LeftFalse_RightFalse
37.526123,0.019611,"(-1.4521147012710571, 0.8855175375938416, -35.2799186706543)","(357.4508972167969, 352.9342041015625, 179.02357482910156)","(-1.8678079843521118, 1.191579818725586, -34.68850326538086)","(359.958740234375, 234.5655517578125, 359.9425048828125)","(-2.138552665710449, -0.03892085328698158, -34.53263854980469)","(359.9292907714844, 177.4801483154297, 0.00339951878413558)",0.0,0.0289,"(-0.001696, -0.000061, 0.050959)",LeftFalse_RightFalse,False,"(1.8899023532867432, -0.06649971008300781, 38.40488052368164)","(356.6863098144531, 352.03106689453125, 355.76861572265625)",-0.49621,-1.0,"(0.000019, -0.000004, -0.000005)",LeftFalse_RightFalse
37.582275,0.019147,"(-1.4521849155426025, 0.8855149745941162, -35.27699661254883)","(357.4509582519531, 352.92730712890625, 179.02223205566406)","(-1.8678985834121704, 1.191576600074768, -34.68559646606445)","(359.95867919921875, 234.5635986328125, 359.94244384765625)","(-2.138648509979248, -0.03892436623573303, -34.52973937988281)","(359.9292297363281, 177.4781951904297, 0.0034000466112047434)",0.0,0.0289,"(-0.001697, -0.000063, 0.051269)",LeftFalse_RightFalse,False,"(1.8899037837982178, -0.06649971008300781, 38.40488052368164)","(356.6863098144531, 352.031005859375, 355.76861572265625)",-0.496211,-1.0,"(0.000019, -0.000003, -0.000005)",LeftFalse_RightFalse
37.640503,0.019333,"(-1.4522809982299805, 0.8855108618736267, -35.27396774291992)","(357.450927734375, 352.9243469238281, 179.021484375)","(-1.867997646331787, 1.191572904586792, -34.68256759643555)","(359.9587097167969, 234.56329345703125, 359.9424743652344)","(-2.1387484073638916, -0.03892797231674194, -34.52671432495117)","(359.92926025390625, 177.4779052734375, 0.00339674623683095)",0.0,0.0289,"(-0.001724, -0.000062, 0.052241)",LeftFalse_RightFalse,False,"(1.8899049758911133, -0.06649957597255707, 38.40488052368164)","(356.6863098144531, 352.0309753417969, 355.76861572265625)",-0.496214,-1.0,"(0.000019, -0.000004, -0.000005)",LeftFalse_RightFalse
37.700073,0.019587,"(-1.4523818492889404, 0.8855096697807312, -35.27091598510742)","(357.45111083984375, 352.9228515625, 179.0210723876953)","(-1.8680987358093262, 1.1915696859359741, -34.67951583862305)","(359.9585876464844, 234.56326293945312, 359.94232177734375)","(-2.1388497352600098, -0.03893151506781578, -34.52366638183594)","(359.9290771484375, 177.47784423828125, 0.0034122716169804335)",0.0,0.0289,"(-0.001706, -0.000061, 0.051338)",LeftFalse_RightFalse,False,"(1.8899065256118774, -0.06649953126907349, 38.40488052368164)","(356.6863098144531, 352.03094482421875, 355.76861572265625)",-0.496209,-1.0,"(0.000019, -0.000003, -0.000005)",LeftFalse_RightFalse
37.740479,0.019852,"(-1.4524409770965576, 0.8855065703392029, -35.268798828125)","(357.4510498046875, 352.9215087890625, 179.0209197998047)","(-1.868166208267212, 1.191567301750183, -34.677406311035156)","(359.9586486816406, 234.56246948242188, 359.9423522949219)","(-2.1389193534851074, -0.03893392160534859, -34.52155685424805)","(359.92913818359375, 177.47705078125, 0.0034052999690175056)",0.0,0.0289,"(-0.001693, -0.000059, 0.050786)",LeftFalse_RightFalse,False,"(1.8899074792861938, -0.0664995014667511, 38.40488052368164)","(356.6863098144531, 352.0309143066406, 355.76861572265625)",-0.496211,-1.0,"(0.000019, -0.000003, -0.000005)",LeftFalse_RightFalse
37.798706,0.01959,"(-1.4525216817855835, 0.8855037093162537, -35.26577377319336)","(357.45111083984375, 352.9195251464844, 179.0207977294922)","(-1.8682622909545898, 1.1915637254714966, -34.67439270019531)","(359.9585876464844, 234.56097412109375, 359.94232177734375)","(-2.13901948928833, -0.03893750533461571, -34.518550872802734)","(359.9290771484375, 177.47557067871094, 0.0034087966196238995)",0.0,0.0289,"(-0.001699, -0.000060, 0.050978)",LeftFalse_RightFalse,False,"(1.889908790588379, -0.0664995089173317, 38.40488052368164)","(356.6863098144531, 352.0308837890625, 355.76861572265625)",-0.496205,-1.0,"(0.000019, -0.000003, -0.000005)",LeftFalse_RightFalse
37.840454,0.020025,"(-1.452582597732544, 0.8855021595954895, -35.26362228393555)","(357.4512023925781, 352.9185485839844, 179.02073669433594)","(-1.8683314323425293, 1.1915613412857056, -34.672245025634766)","(359.95855712890625, 234.5601806640625, 359.9422607421875)","(-2.1390907764434814, -0.03894004970788956, -34.51641082763672)","(359.9289855957031, 177.4747772216797, 0.0034148585982620716)",0.0,0.0289,"(-0.001714, -0.000062, 0.051564)",LeftFalse_RightFalse,False,"(1.8899098634719849, -0.06649958342313766, 38.404876708984375)","(356.6863098144531, 352.0308837890625, 355.76861572265625)",-0.496214,-1.0,"(0.000019, -0.000006, -0.000005)",LeftFalse_RightFalse
37.898193,0.019602,"(-1.452668309211731, 0.8854992985725403, -35.260643005371094)","(357.45123291015625, 352.91741943359375, 179.0206756591797)","(-1.8684272766113281, 1.1915580034255981, -34.669273376464844)","(359.9585266113281, 234.55918884277344, 359.9422302246094)","(-2.1391892433166504, -0.03894354775547981, -34.51344299316406)","(359.928955078125, 177.4738006591797, 0.003416523803025484)",0.0,0.0289,"(-0.001733, -0.000061, 0.052245)",LeftFalse_RightFalse,False,"(1.88991117477417, -0.06649964302778244, 38.40488052368164)","(356.6863098144531, 352.0308532714844, 355.76861572265625)",-0.49621,-1.0,"(0.000019, -0.000005, -0.000005)",LeftFalse_RightFalse
37.953369,0.019022,"(-1.4527437686920166, 0.885493278503418, -35.257713317871094)","(357.4510192871094, 352.915771484375, 179.0207061767578)","(-1.8685190677642822, 1.1915541887283325, -34.66635513305664)","(359.9586486816406, 234.5576171875, 359.9423828125)","(-2.139285087585449, -0.03894684836268425, -34.510528564453125)","(359.9291687011719, 177.47222900390625, 0.003395529231056571)",0.0,0.0289,"(-0.001707, -0.000058, 0.051349)",LeftFalse_RightFalse,False,"(1.889912486076355, -0.06649966537952423, 38.40488052368164)","(356.6863098144531, 352.0307922363281, 355.76861572265625)",-0.496212,-1.0,"(0.000019, -0.000004, -0.000005)",LeftFalse_RightFalse
37.994263,0.019521,"(-1.452804446220398, 0.8854895830154419, -35.25554275512695)","(357.450927734375, 352.9149169921875, 179.0207061767578)","(-1.8685879707336426, 1.1915514469146729, -34.66419219970703)","(359.9587097167969, 234.55682373046875, 359.94244384765625)","(-2.1393561363220215, -0.038949377834796906, -34.50836944580078)","(359.92926025390625, 177.47142028808594, 0.0033873729407787323)",0.0,0.0289,"(-0.001735, -0.000059, 0.052594)",LeftFalse_RightFalse,False,"(1.8899134397506714, -0.06649962067604065, 38.40488052368164)","(356.6863098144531, 352.0307922363281, 355.76861572265625)",-0.496212,-1.0,"(0.000019, -0.000004, -0.000005)",LeftFalse_RightFalse
38.049438,0.018906,"(-1.4528717994689941, 0.8854880928993225, -35.25265121459961)","(357.4510803222656, 352.91278076171875, 179.0206756591797)","(-1.8686771392822266, 1.191548466682434, -34.66131591796875)","(359.9586181640625, 234.5546875, 359.9423522949219)","(-2.139451265335083, -0.03895271569490433, -34.5055046081543)","(359.9291076660156, 177.46929931640625, 0.0034023786429315805)",0.0,0.0289,"(-0.001759, -0.000064, 0.053538)",LeftFalse_RightFalse,False,"(1.8899149894714355, -0.06649956107139587, 38.404884338378906)","(356.6863098144531, 352.03076171875, 355.76861572265625)",-0.49621,-1.0,"(0.000019, -0.000004, -0.000005)",LeftFalse_RightFalse
38.106689,0.018931,"(-1.4529502391815186, 0.8854871988296509, -35.24967575073242)","(357.4512634277344, 352.9112854003906, 179.0206298828125)","(-1.8687710762023926, 1.1915454864501953, -34.658348083496094)","(359.95849609375, 234.55319213867188, 359.94219970703125)","(-2.139549493789673, -0.03895611688494682, -34.50254821777344)","(359.9289245605469, 177.46780395507812, 0.0034205319825559855)",0.0,0.0289,"(-0.001732, -0.000062, 0.052179)",LeftFalse_RightFalse,False,"(1.889916181564331, -0.06649958342313766, 38.40488052368164)","(356.6863098144531, 352.0307312011719, 355.76861572265625)",-0.496211,-1.0,"(0.000019, -0.000003, -0.000005)",LeftFalse_RightFalse
38.147217,0.019359,"(-1.4530255794525146, 0.8854849338531494, -35.24757766723633)","(357.4512939453125, 352.9114685058594, 179.01837158203125)","(-1.8688421249389648, 1.1915431022644043, -34.656246185302734)","(359.95849609375, 234.55361938476562, 359.9421691894531)","(-2.1396193504333496, -0.03895867243409157, -34.50044631958008)","(359.92889404296875, 177.4682159423828, 0.003420773195102811)",0.0,0.0289,"(-0.001721, -0.000060, 0.051508)",LeftFalse_RightFalse,False,"(1.8899171352386475, -0.06649962067604065, 38.404884338378906)","(356.6863098144531, 352.03070068359375, 355.76861572265625)",-0.496215,-1.0,"(0.000019, -0.000005, -0.000005)",LeftFalse_RightFalse
38.204956,0.019378,"(-1.4531095027923584, 0.8854838013648987, -35.24461364746094)","(357.45147705078125, 352.9130554199219, 179.01612854003906)","(-1.8689372539520264, 1.1915401220321655, -34.653289794921875)","(359.9583740234375, 234.55252075195312, 359.9420166015625)","(-2.1397175788879395, -0.038962092250585556, -34.49749755859375)","(359.9287109375, 177.46713256835938, 0.0034332701470702887)",0.0,0.0289,"(-0.001729, -0.000061, 0.051857)",LeftFalse_RightFalse,False,"(1.8899184465408325, -0.06649965047836304, 38.40488052368164)","(356.6863098144531, 352.0306701660156, 355.76861572265625)",-0.496213,-1.0,"(0.000019, -0.000004, -0.000005)",LeftFalse_RightFalse
38.264526,0.019639,"(-1.4532063007354736, 0.885478138923645, -35.24148941040039)","(357.4513244628906, 352.91796875, 179.01805114746094)","(-1.8690398931503296, 1.1915359497070312, -34.650169372558594)","(359.95849609375, 234.55197143554688, 359.942138671875)","(-2.1398215293884277, -0.038965851068496704, -34.49437713623047)","(359.9288635253906, 177.466552734375, 0.0034154760651290417)",0.0,0.0289,"(-0.001740, -0.000063, 0.052533)",LeftFalse_RightFalse,False,"(1.8899198770523071, -0.06649968028068542, 38.40488052368164)","(356.6863098144531, 352.0306396484375, 355.76861572265625)",-0.496213,-1.0,"(0.000019, -0.000005, -0.000005)",LeftFalse_RightFalse
38.305786,0.020035,"(-1.4532684087753296, 0.8854752779006958, -35.23933410644531)","(357.4512939453125, 352.91937255859375, 179.01881408691406)","(-1.8691096305847168, 1.1915334463119507, -34.64802169799805)","(359.95849609375, 234.55123901367188, 359.9421691894531)","(-2.139893054962158, -0.03896832466125488, -34.49223327636719)","(359.92889404296875, 177.46583557128906, 0.003410773351788521)",0.0,0.0289,"(-0.001732, -0.000060, 0.051938)",LeftFalse_RightFalse,False,"(1.8899208307266235, -0.06649965792894363, 38.404876708984375)","(356.6863098144531, 352.0306091308594, 355.76861572265625)",-0.49621,-1.0,"(0.000019, -0.000004, -0.000005)",LeftFalse_RightFalse
38.364258,0.019745,"(-1.4533488750457764, 0.8854730725288391, -35.236289978027344)","(357.4513854980469, 352.9194030761719, 179.01939392089844)","(-1.8692060708999634, 1.1915301084518433, -34.644989013671875)","(359.95843505859375, 234.54966735839844, 359.94207763671875)","(-2.139993906021118, -0.03897187486290932, -34.48920822143555)","(359.9288024902344, 177.4642791748047, 0.00342154735699296)",0.0,0.0289,"(-0.001732, -0.000063, 0.052027)",LeftFalse_RightFalse,False,"(1.8899223804473877, -0.06649953126907349, 38.40488052368164)","(356.6863098144531, 352.03057861328125, 355.76861572265625)",-0.496212,-1.0,"(0.000019, -0.000003, -0.000005)",LeftFalse_RightFalse
38.422729,0.019578,"(-1.453446626663208, 0.885470449924469, -35.23326873779297)","(357.45147705078125, 352.92327880859375, 179.0196990966797)","(-1.869306206703186, 1.1915267705917358, -34.6419677734375)","(359.9584045410156, 234.5494384765625, 359.9420166015625)","(-2.140094757080078, -0.038975443691015244, -34.48619079589844)","(359.9287109375, 177.4640350341797, 0.0034257336519658566)",0.0,0.0289,"(-0.001737, -0.000061, 0.052073)",LeftFalse_RightFalse,False,"(1.8899236917495728, -0.06649953126907349, 38.40488052368164)","(356.6863098144531, 352.0305480957031, 355.76861572265625)",-0.496211,-1.0,"(0.000019, -0.000003, -0.000005)",LeftFalse_RightFalse
38.463501,0.019922,"(-1.4534971714019775, 0.8854697942733765, -35.231163024902344)","(357.45159912109375, 352.921142578125, 179.01974487304688)","(-1.8693721294403076, 1.191524624824524, -34.63987350463867)","(359.95831298828125, 234.54794311523438, 359.9419250488281)","(-2.140164852142334, -0.03897788003087044, -34.48410415649414)","(359.9285888671875, 177.46255493164062, 0.0034371595829725266)",0.0,0.0289,"(-0.001706, -0.000060, 0.050606)",LeftFalse_RightFalse,False,"(1.8899246454238892, -0.06649956107139587, 38.40488052368164)","(356.6863098144531, 352.030517578125, 355.76861572265625)",-0.496211,-1.0,"(0.000019, -0.000006, -0.000005)",LeftFalse_RightFalse
38.505127,0.020181,"(-1.4535468816757202, 0.8854680061340332, -35.22902297973633)","(357.45166015625, 352.9173278808594, 179.01974487304688)","(-1.8694391250610352, 1.191522479057312, -34.63774490356445)","(359.9582824707031, 234.5462646484375, 359.9418640136719)","(-2.1402363777160645, -0.03898029774427414, -34.48198699951172)","(359.92852783203125, 177.46087646484375, 0.003439313266426325)",0.0,0.0289,"(-0.001713, -0.000061, 0.050938)",LeftFalse_RightFalse,False,"(1.8899257183074951, -0.06649962812662125, 38.404884338378906)","(356.6863098144531, 352.0304870605469, 355.76861572265625)",-0.49621,-1.0,"(0.000019, -0.000005, -0.000005)",LeftFalse_RightFalse
38.558228,0.018949,"(-1.453636884689331, 0.8854628205299377, -35.226253509521484)","(357.4515075683594, 352.91558837890625, 179.019775390625)","(-1.8695311546325684, 1.191518783569336, -34.634979248046875)","(359.9583740234375, 234.54608154296875, 359.9419860839844)","(-2.1403286457061768, -0.03898360952734947, -34.479217529296875)","(359.9286804199219, 177.46067810058594, 0.00342298555187881)",0.0,0.0289,"(-0.001741, -0.000060, 0.052205)",LeftFalse_RightFalse,False,"(1.8899269104003906, -0.06649967283010483, 38.40488052368164)","(356.6863098144531, 352.03045654296875, 355.76861572265625)",-0.49621,-1.0,"(0.000019, -0.000005, -0.000005)",LeftFalse_RightFalse
38.598633,0.01942,"(-1.4536850452423096, 0.8854613304138184, -35.224159240722656)","(357.4515686035156, 352.9132385253906, 179.01976013183594)","(-1.869596242904663, 1.1915165185928345, -34.63289260864258)","(359.95831298828125, 234.54443359375, 359.9419250488281)","(-2.1403982639312744, -0.03898604214191437, -34.477142333984375)","(359.9286193847656, 177.45904541015625, 0.003430023090913892)",0.0,0.0289,"(-0.001740, -0.000061, 0.051893)",LeftFalse_RightFalse,False,"(1.889927864074707, -0.06649968028068542, 38.40488052368164)","(356.6863098144531, 352.0304260253906, 355.76861572265625)",-0.496212,-1.0,"(0.000019, -0.000004, -0.000005)",LeftFalse_RightFalse
38.657104,0.019484,"(-1.4537570476531982, 0.8854564428329468, -35.221092224121094)","(357.45147705078125, 352.91033935546875, 179.019775390625)","(-1.8696917295455933, 1.1915125846862793, -34.629844665527344)","(359.9584045410156, 234.54214477539062, 359.9420166015625)","(-2.1404998302459717, -0.038989655673503876, -34.47410202026367)","(359.9287109375, 177.45675659179688, 0.003419872373342514)",0.0,0.0289,"(-0.001744, -0.000060, 0.052379)",LeftFalse_RightFalse,False,"(1.8899292945861816, -0.06649955362081528, 38.40488052368164)","(356.6863098144531, 352.0303955078125, 355.76861572265625)",-0.496212,-1.0,"(0.000019, -0.000004, -0.000005)",LeftFalse_RightFalse
38.715332,0.019407,"(-1.4538347721099854, 0.8854506015777588, -35.217994689941406)","(357.4512939453125, 352.90814208984375, 179.01980590820312)","(-1.8697890043258667, 1.1915086507797241, -34.62676239013672)","(359.95849609375, 234.540283203125, 359.9421691894531)","(-2.1406021118164062, -0.038993194699287415, -34.47102355957031)","(359.92889404296875, 177.4548797607422, 0.0034046180080622435)",0.0,0.0289,"(-0.001749, -0.000060, 0.052601)",LeftFalse_RightFalse,False,"(1.8899306058883667, -0.06649951636791229, 38.40488052368164)","(356.6863098144531, 352.0303649902344, 355.76861572265625)",-0.496211,-1.0,"(0.000019, -0.000003, -0.000005)",LeftFalse_RightFalse
38.770142,0.018873,"(-1.4539201259613037, 0.8854491114616394, -35.215145111083984)","(357.4514465332031, 352.90728759765625, 179.0237579345703)","(-1.8698816299438477, 1.1915056705474854, -34.62391662597656)","(359.9584045410156, 234.53955078125, 359.9420471191406)","(-2.1406970024108887, -0.038996562361717224, -34.46818542480469)","(359.9287414550781, 177.45416259765625, 0.0034266160801053047)",0.0,0.0289,"(-0.001736, -0.000062, 0.051887)",LeftFalse_RightFalse,False,"(1.8899319171905518, -0.06649953126907349, 38.40488052368164)","(356.6863098144531, 352.03033447265625, 355.76861572265625)",-0.496212,-1.0,"(0.000019, -0.000004, -0.000005)",LeftFalse_RightFalse
38.829956,0.01942,"(-1.4540154933929443, 0.8854471445083618, -35.2120361328125)","(357.45159912109375, 352.9065856933594, 179.02267456054688)","(-1.8699833154678345, 1.1915022134780884, -34.620811462402344)","(359.9582824707031, 234.5389404296875, 359.9419250488281)","(-2.140800952911377, -0.03900035843253136, -34.465087890625)","(359.9285888671875, 177.4535369873047, 0.0034582673106342554)",0.0,0.0289,"(-0.001721, -0.000066, 0.051149)",LeftFalse_RightFalse,False,"(1.8899333477020264, -0.06649959087371826, 38.40488052368164)","(356.6863098144531, 352.0303039550781, 355.76861572265625)",-0.496211,-1.0,"(0.000019, -0.000004, -0.000005)",LeftFalse_RightFalse
38.87085,0.019807,"(-1.4540770053863525, 0.8854448199272156, -35.20991516113281)","(357.45166015625, 352.90582275390625, 179.0222625732422)","(-1.8700522184371948, 1.1914995908737183, -34.61869430541992)","(359.958251953125, 234.53822326660156, 359.94189453125)","(-2.140872001647949, -0.039003051817417145, -34.462974548339844)","(359.92852783203125, 177.4528045654297, 0.003473771270364523)",0.0,0.0289,"(-0.001714, -0.000066, 0.050962)",LeftFalse_RightFalse,False,"(1.8899343013763428, -0.06649962067604065, 38.40488052368164)","(356.6863098144531, 352.0302734375, 355.7686462402344)",-0.496212,-1.0,"(0.000019, -0.000004, -0.000005)",LeftFalse_RightFalse
38.911255,0.019951,"(-1.4541351795196533, 0.8854425549507141, -35.20780563354492)","(357.4516906738281, 352.9048767089844, 179.02200317382812)","(-1.8701196908950806, 1.1914968490600586, -34.61659240722656)","(359.9582214355469, 234.5373077392578, 359.9418640136719)","(-2.140942335128784, -0.039005719125270844, -34.46087646484375)","(359.9284973144531, 177.451904296875, 0.00348971807397902)",0.0,0.0289,"(-0.001734, -0.000066, 0.051741)",LeftFalse_RightFalse,False,"(1.8899353742599487, -0.06649962067604065, 38.40488052368164)","(356.6863098144531, 352.0302429199219, 355.7686462402344)",-0.496212,-1.0,"(0.000019, -0.000003, -0.000005)",LeftFalse_RightFalse
38.952148,0.020133,"(-1.4541974067687988, 0.885439395904541, -35.20566940307617)","(357.4516906738281, 352.90423583984375, 179.0206756591797)","(-1.8701887130737305, 1.1914938688278198, -34.61445999145508)","(359.9582214355469, 234.53665161132812, 359.94189453125)","(-2.1410133838653564, -0.039008572697639465, -34.45874786376953)","(359.9284973144531, 177.4512481689453, 0.003505297703668475)",0.0,0.0289,"(-0.001734, -0.000067, 0.051691)",LeftFalse_RightFalse,False,"(1.8899363279342651, -0.06649962067604065, 38.40488052368164)","(356.6863098144531, 352.0302429199219, 355.7686462402344)",-0.496212,-1.0,"(0.000019, -0.000004, -0.000005)",LeftFalse_RightFalse
38.992676,0.020176,"(-1.4542567729949951, 0.8854374289512634, -35.20355224609375)","(357.4517517089844, 352.90338134765625, 179.0225372314453)","(-1.8702565431594849, 1.1914913654327393, -34.61235046386719)","(359.9581604003906, 234.53579711914062, 359.94183349609375)","(-2.1410839557647705, -0.03901121765375137, -34.456642150878906)","(359.9284362792969, 177.45040893554688, 0.003527257824316621)",0.0,0.0289,"(-0.001744, -0.000067, 0.051889)",LeftFalse_RightFalse,False,"(1.889937162399292, -0.06649965047836304, 38.40488052368164)","(356.6863098144531, 352.03021240234375, 355.7686462402344)",-0.496211,-1.0,"(0.000019, -0.000004, -0.000005)",LeftFalse_RightFalse
39.033936,0.02039,"(-1.4543092250823975, 0.8854354023933411, -35.2014045715332)","(357.4518127441406, 352.9018859863281, 179.0237274169922)","(-1.8703241348266602, 1.1914886236190796, -34.61021041870117)","(359.9580993652344, 234.53433227539062, 359.9417724609375)","(-2.141155958175659, -0.03901410102844238, -34.45451354980469)","(359.9283447265625, 177.44894409179688, 0.0035470998845994473)",0.0,0.0289,"(-0.001763, -0.000071, 0.052793)",LeftFalse_RightFalse,False,"(1.889938235282898, -0.06649960577487946, 38.40488052368164)","(356.6863098144531, 352.0301818847656, 355.7686462402344)",-0.49621,-1.0,"(0.000019, -0.000004, -0.000005)",LeftFalse_RightFalse
39.095215,0.020464,"(-1.4544012546539307, 0.8854305148124695, -35.19819259643555)","(357.4517822265625, 352.9007263183594, 179.02471923828125)","(-1.8704278469085693, 1.1914842128753662, -34.60700988769531)","(359.9580993652344, 234.53317260742188, 359.94183349609375)","(-2.141263246536255, -0.03901825472712517, -34.451316833496094)","(359.9283752441406, 177.44778442382812, 0.0035657472908496857)",0.0,0.0289,"(-0.001751, -0.000068, 0.052154)",LeftFalse_RightFalse,False,"(1.8899396657943726, -0.0664995014667511, 38.40488052368164)","(356.6863098144531, 352.0301513671875, 355.7686462402344)",-0.496211,-1.0,"(0.000019, -0.000003, -0.000005)",LeftFalse_RightFalse
39.151855,0.019801,"(-1.454475998878479, 0.8854238390922546, -35.19514846801758)","(357.4515686035156, 352.89874267578125, 179.02037048339844)","(-1.8705230951309204, 1.1914799213409424, -34.603981018066406)","(359.9582214355469, 234.53118896484375, 359.9420166015625)","(-2.141364097595215, -0.039021991193294525, -34.44829177856445)","(359.9286193847656, 177.44580078125, 0.003566809929907322)",0.0,0.0289,"(-0.001787, -0.000066, 0.053819)",LeftFalse_RightFalse,False,"(1.8899409770965576, -0.06649951636791229, 38.404876708984375)","(356.6863098144531, 352.0301208496094, 355.7686462402344)",-0.496214,-1.0,"(0.000019, -0.000004, -0.000005)",LeftFalse_RightFalse
39.192261,0.019934,"(-1.454535961151123, 0.8854223489761353, -35.193016052246094)","(357.45166015625, 352.89788818359375, 179.0225372314453)","(-1.870591640472412, 1.1914774179458618, -34.60185241699219)","(359.9581298828125, 234.5303497314453, 359.9419250488281)","(-2.141435384750366, -0.039024557918310165, -34.446170806884766)","(359.9284973144531, 177.4449462890625, 0.0035918750800192356)",0.0,0.0289,"(-0.001770, -0.000065, 0.052801)",LeftFalse_RightFalse,False,"(1.8899420499801636, -0.06649951636791229, 38.40488052368164)","(356.6863098144531, 352.03009033203125, 355.7686462402344)",-0.496211,-1.0,"(0.000019, -0.000005, -0.000005)",LeftFalse_RightFalse
39.251831,0.01993,"(-1.4546170234680176, 0.8854193091392517, -35.189857482910156)","(357.4517822265625, 352.8960876464844, 179.0243682861328)","(-1.8706912994384766, 1.1914736032485962, -34.59870529174805)","(359.95806884765625, 234.52854919433594, 359.9418640136719)","(-2.14154052734375, -0.03902861848473549, -34.44303512573242)","(359.92840576171875, 177.44314575195312, 0.003622270654886961)",0.0,0.0289,"(-0.001771, -0.000070, 0.052849)",LeftFalse_RightFalse,False,"(1.8899434804916382, -0.06649959087371826, 38.40488052368164)","(356.6863098144531, 352.0300598144531, 355.7686462402344)",-0.496211,-1.0,"(0.000019, -0.000004, -0.000005)",LeftFalse_RightFalse
39.307983,0.019259,"(-1.4547162055969238, 0.8854159116744995, -35.18689727783203)","(357.4518127441406, 352.8961181640625, 179.0252685546875)","(-1.8707902431488037, 1.1914697885513306, -34.59574508666992)","(359.9580078125, 234.52854919433594, 359.94183349609375)","(-2.1416399478912354, -0.03903248533606529, -34.4400749206543)","(359.9283447265625, 177.44314575195312, 0.0036472773645073175)",0.0,0.0289,"(-0.001758, -0.000070, 0.052217)",LeftFalse_RightFalse,False,"(1.8899447917938232, -0.06649959087371826, 38.40488052368164)","(356.6863098144531, 352.030029296875, 355.7686462402344)",-0.49621,-1.0,"(0.000019, -0.000005, -0.000005)",LeftFalse_RightFalse
39.348755,0.01971,"(-1.4547934532165527, 0.8854135870933533, -35.18474578857422)","(357.4518737792969, 352.8965148925781, 179.02566528320312)","(-1.8708631992340088, 1.1914671659469604, -34.593589782714844)","(359.95794677734375, 234.52896118164062, 359.9418029785156)","(-2.141712188720703, -0.03903535380959511, -34.43791961669922)","(359.92828369140625, 177.44354248046875, 0.0036658139433711767)",0.0,0.0289,"(-0.001794, -0.000068, 0.053586)",LeftFalse_RightFalse,False,"(1.8899457454681396, -0.06649956107139587, 38.40488052368164)","(356.6863098144531, 352.0299987792969, 355.7686462402344)",-0.496212,-1.0,"(0.000019, -0.000005, -0.000005)",LeftFalse_RightFalse
39.389282,0.019894,"(-1.454856038093567, 0.885411262512207, -35.182594299316406)","(357.451904296875, 352.89581298828125, 179.02178955078125)","(-1.8709328174591064, 1.1914644241333008, -34.59144592285156)","(359.9579162597656, 234.52825927734375, 359.9417724609375)","(-2.1417839527130127, -0.0390380397439003, -34.4357795715332)","(359.9282531738281, 177.44287109375, 0.0036824129056185484)",0.0,0.0289,"(-0.001768, -0.000068, 0.052669)",LeftFalse_RightFalse,False,"(1.889946699142456, -0.06649956852197647, 38.40488052368164)","(356.6863098144531, 352.02996826171875, 355.7686462402344)",-0.496212,-1.0,"(0.000019, -0.000005, -0.000005)",LeftFalse_RightFalse
39.448486,0.019841,"(-1.4549379348754883, 0.8854096531867981, -35.179481506347656)","(357.4521179199219, 352.8941345214844, 179.02088928222656)","(-1.8710321187973022, 1.1914608478546143, -34.58834457397461)","(359.9577941894531, 234.52658081054688, 359.9416198730469)","(-2.141888380050659, -0.03904208168387413, -34.43268966674805)","(359.92803955078125, 177.44117736816406, 0.0037171542644500732)",0.0,0.0289,"(-0.001755, -0.000067, 0.051709)",LeftFalse_RightFalse,False,"(1.8899481296539307, -0.0664994865655899, 38.404884338378906)","(356.6863098144531, 352.0299377441406, 355.7686462402344)",-0.496213,-1.0,"(0.000019, -0.000004, -0.000005)",LeftFalse_RightFalse
39.490356,0.020196,"(-1.4549851417541504, 0.8854067325592041, -35.17725372314453)","(357.4521179199219, 352.89208984375, 179.0233154296875)","(-1.8711001873016357, 1.1914578676223755, -34.58612823486328)","(359.957763671875, 234.5245361328125, 359.9416198730469)","(-2.1419622898101807, -0.03904493525624275, -34.430484771728516)","(359.92803955078125, 177.4391326904297, 0.0037287643644958735)",0.0,0.0289,"(-0.001749, -0.000066, 0.051639)",LeftFalse_RightFalse,False,"(1.889949083328247, -0.0664994865655899, 38.40488052368164)","(356.6863098144531, 352.0299072265625, 355.7686462402344)",-0.496211,-1.0,"(0.000019, -0.000003, -0.000005)",LeftFalse_RightFalse
39.549194,0.01994,"(-1.4550611972808838, 0.8854013681411743, -35.174102783203125)","(357.4520263671875, 352.8935852050781, 179.022705078125)","(-1.871199131011963, 1.1914535760879517, -34.5829963684082)","(359.9577941894531, 234.52230834960938, 359.9416809082031)","(-2.1420676708221436, -0.03904898837208748, -34.42736053466797)","(359.9281311035156, 177.43690490722656, 0.0037434238474816084)",0.0,0.0289,"(-0.001775, -0.000068, 0.052652)",LeftFalse_RightFalse,False,"(1.8899505138397217, -0.06649959087371826, 38.40488052368164)","(356.6863098144531, 352.0298767089844, 355.7686462402344)",-0.496206,-1.0,"(0.000019, -0.000004, -0.000005)",LeftFalse_RightFalse
39.606445,0.019512,"(-1.455127239227295, 0.8854003548622131, -35.17109680175781)","(357.4523010253906, 352.8939208984375, 179.02366638183594)","(-1.871292233467102, 1.1914502382278442, -34.58000564575195)","(359.9576416015625, 234.51968383789062, 359.9414978027344)","(-2.1421685218811035, -0.03905288502573967, -34.42438888549805)","(359.9278869628906, 177.4342803955078, 0.0037864078767597675)",0.0,0.0289,"(-0.001799, -0.000071, 0.053611)",LeftFalse_RightFalse,False,"(1.8899519443511963, -0.06649962067604065, 38.40488052368164)","(356.6863098144531, 352.02984619140625, 355.7686462402344)",-0.496211,-1.0,"(0.000019, -0.000004, -0.000005)",LeftFalse_RightFalse
39.648315,0.020019,"(-1.455185055732727, 0.885398268699646, -35.16889190673828)","(357.4523620605469, 352.8916015625, 179.0240478515625)","(-1.8713631629943848, 1.1914474964141846, -34.57781219482422)","(359.95758056640625, 234.5183868408203, 359.94146728515625)","(-2.1422433853149414, -0.03905564546585083, -34.422203063964844)","(359.92779541015625, 177.4329833984375, 0.0038067996501922607)",0.0,0.0289,"(-0.001777, -0.000068, 0.052276)",LeftFalse_RightFalse,False,"(1.8899530172348022, -0.06649965047836304, 38.40488052368164)","(356.6863098144531, 352.02984619140625, 355.7686462402344)",-0.496211,-1.0,"(0.000019, -0.000004, -0.000005)",LeftFalse_RightFalse
39.703857,0.019213,"(-1.4552769660949707, 0.8853943943977356, -35.165977478027344)","(357.4523620605469, 352.8880310058594, 179.02224731445312)","(-1.8714600801467896, 1.1914435625076294, -34.57490158081055)","(359.9575500488281, 234.51788330078125, 359.94146728515625)","(-2.1423420906066895, -0.03905953839421272, -34.41929244995117)","(359.92779541015625, 177.4324951171875, 0.0038288189098238945)",0.0,0.0289,"(-0.001760, -0.000068, 0.051666)",LeftFalse_RightFalse,False,"(1.8899540901184082, -0.06649953871965408, 38.40488052368164)","(356.6863098144531, 352.02978515625, 355.7686462402344)",-0.496212,-1.0,"(0.000019, -0.000004, -0.000005)",LeftFalse_RightFalse
39.763672,0.019603,"(-1.4553509950637817, 0.8853902220726013, -35.162818908691406)","(357.4523620605469, 352.8866271972656, 179.0238494873047)","(-1.8715596199035645, 1.1914393901824951, -34.57176208496094)","(359.95751953125, 234.51541137695312, 359.94146728515625)","(-2.142448663711548, -0.03906351327896118, -34.41616439819336)","(359.92779541015625, 177.43002319335938, 0.003849040949717164)",0.0,0.0289,"(-0.001792, -0.000066, 0.053025)",LeftFalse_RightFalse,False,"(1.8899556398391724, -0.06649953126907349, 38.40488052368164)","(356.6863098144531, 352.0297546386719, 355.7686462402344)",-0.496211,-1.0,"(0.000019, -0.000004, -0.000005)",LeftFalse_RightFalse
39.821655,0.019568,"(-1.455411434173584, 0.885384738445282, -35.15970230102539)","(357.4522399902344, 352.8838806152344, 179.02467346191406)","(-1.8716541528701782, 1.1914352178573608, -34.568668365478516)","(359.95758056640625, 234.51210021972656, 359.9415588378906)","(-2.142552614212036, -0.039067380130290985, -34.4130859375)","(359.9278869628906, 177.4267120361328, 0.003857466159388423)",0.0,0.0289,"(-0.001785, -0.000067, 0.052688)",LeftFalse_RightFalse,False,"(1.889957070350647, -0.0664995014667511, 38.40488052368164)","(356.6863098144531, 352.02972412109375, 355.7686462402344)",-0.49621,-1.0,"(0.000019, -0.000003, -0.000005)",LeftFalse_RightFalse
39.862061,0.019832,"(-1.4554588794708252, 0.8853815197944641, -35.157527923583984)","(357.45220947265625, 352.88214111328125, 179.02496337890625)","(-1.8717217445373535, 1.1914324760437012, -34.56650924682617)","(359.95758056640625, 234.51014709472656, 359.94158935546875)","(-2.1426258087158203, -0.03907002881169319, -34.41093444824219)","(359.92791748046875, 177.4247589111328, 0.0038728336803615093)",0.0,0.0289,"(-0.001807, -0.000065, 0.053439)",LeftFalse_RightFalse,False,"(1.8899580240249634, -0.06649956107139587, 38.40488052368164)","(356.6863098144531, 352.0296936035156, 355.7686462402344)",-0.496212,-1.0,"(0.000019, -0.000006, -0.000005)",LeftFalse_RightFalse
39.902588,0.019997,"(-1.4555330276489258, 0.8853793740272522, -35.1553840637207)","(357.4522705078125, 352.87847900390625, 179.025146484375)","(-1.8717944622039795, 1.1914300918579102, -34.56436538696289)","(359.9575500488281, 234.51026916503906, 359.94158935546875)","(-2.1426985263824463, -0.039072565734386444, -34.408790588378906)","(359.9278869628906, 177.4248809814453, 0.003894082037732005)",0.0,0.0289,"(-0.001804, -0.000066, 0.053122)",LeftFalse_RightFalse,False,"(1.8899589776992798, -0.06649965047836304, 38.40488052368164)","(356.6863098144531, 352.0296936035156, 355.7686462402344)",-0.496211,-1.0,"(0.000019, -0.000005, -0.000005)",LeftFalse_RightFalse
39.943359,0.020147,"(-1.4556152820587158, 0.8853766918182373, -35.15323257446289)","(357.4523010253906, 352.8767395019531, 179.02525329589844)","(-1.8718695640563965, 1.1914269924163818, -34.56220626831055)","(359.95751953125, 234.51097106933594, 359.9415588378906)","(-2.1427721977233887, -0.039075471460819244, -34.40663146972656)","(359.9278564453125, 177.42556762695312, 0.003911576233804226)",0.0,0.0289,"(-0.001821, -0.000068, 0.053730)",LeftFalse_RightFalse,False,"(1.8899598121643066, -0.06649968028068542, 38.404884338378906)","(356.6863098144531, 352.0296630859375, 355.7686462402344)",-0.49621,-1.0,"(0.000019, -0.000004, -0.000005)",LeftFalse_RightFalse
39.985474,0.020469,"(-1.4556671380996704, 0.8853747248649597, -35.15098190307617)","(357.4523620605469, 352.8733215332031, 179.02114868164062)","(-1.8719402551651, 1.1914243698120117, -34.55997085571289)","(359.95745849609375, 234.50912475585938, 359.9414978027344)","(-2.142848253250122, -0.03907826915383339, -34.40440368652344)","(359.9277648925781, 177.42372131347656, 0.003931963350623846)",0.0,0.0289,"(-0.001809, -0.000068, 0.053226)",LeftFalse_RightFalse,False,"(1.8899608850479126, -0.06649965047836304, 38.40488052368164)","(356.6863098144531, 352.0296325683594, 355.7686462402344)",-0.496211,-1.0,"(0.000019, -0.000003, -0.000005)",LeftFalse_RightFalse
40.0271,0.02062,"(-1.4557278156280518, 0.8853706121444702, -35.14873123168945)","(357.4522705078125, 352.87115478515625, 179.01864624023438)","(-1.872012972831726, 1.1914212703704834, -34.5577278137207)","(359.9574890136719, 234.50794982910156, 359.94158935546875)","(-2.1429243087768555, -0.0390811562538147, -34.402164459228516)","(359.9278564453125, 177.42254638671875, 0.003934026230126619)",0.0,0.0289,"(-0.001777, -0.000066, 0.051913)",LeftFalse_RightFalse,False,"(1.889961838722229, -0.06649958342313766, 38.40488052368164)","(356.6863098144531, 352.02960205078125, 355.7686462402344)",-0.496211,-1.0,"(0.000019, -0.000004, -0.000005)",LeftFalse_RightFalse
40.068237,0.020608,"(-1.4557808637619019, 0.885369062423706, -35.14653396606445)","(357.452392578125, 352.86895751953125, 179.01705932617188)","(-1.872082233428955, 1.1914186477661133, -34.5555419921875)","(359.9574279785156, 234.5063934326172, 359.9414978027344)","(-2.142998218536377, -0.03908398747444153, -34.39999008178711)","(359.927734375, 177.4209747314453, 0.003959374502301216)",0.0,0.0289,"(-0.001813, -0.000070, 0.053521)",LeftFalse_RightFalse,False,"(1.8899627923965454, -0.06649960577487946, 38.40488052368164)","(356.6863098144531, 352.0295715332031, 355.7686462402344)",-0.496211,-1.0,"(0.000019, -0.000004, -0.000005)",LeftFalse_RightFalse
40.128052,0.020355,"(-1.4558510780334473, 0.8853667974472046, -35.143333435058594)","(357.4525451660156, 352.86822509765625, 179.0157012939453)","(-1.8721816539764404, 1.1914149522781372, -34.55236053466797)","(359.9573059082031, 234.5035400390625, 359.9413757324219)","(-2.143105983734131, -0.039088018238544464, -34.39682388305664)","(359.9275817871094, 177.41812133789062, 0.003993877675384283)",0.0,0.0289,"(-0.001782, -0.000069, 0.051922)",LeftFalse_RightFalse,False,"(1.88996422290802, -0.0664995014667511, 38.40488052368164)","(356.6863098144531, 352.029541015625, 355.7686462402344)",-0.496211,-1.0,"(0.000019, -0.000004, -0.000005)",LeftFalse_RightFalse
40.185669,0.019787,"(-1.4559171199798584, 0.885362982749939, -35.14023208618164)","(357.45257568359375, 352.8677978515625, 179.0150604248047)","(-1.8722777366638184, 1.1914108991622925, -34.54928207397461)","(359.957275390625, 234.50057983398438, 359.9413757324219)","(-2.1432106494903564, -0.03909189999103546, -34.393760681152344)","(359.92755126953125, 177.41517639160156, 0.004017785657197237)",0.0,0.0289,"(-0.001826, -0.000068, 0.053708)",LeftFalse_RightFalse,False,"(1.8899656534194946, -0.06649947911500931, 38.404884338378906)","(356.6863098144531, 352.0295104980469, 355.7686462402344)",-0.496211,-1.0,"(0.000019, -0.000006, -0.000005)",LeftFalse_RightFalse
40.24353,0.019538,"(-1.455996036529541, 0.8853589296340942, -35.13712692260742)","(357.4526062011719, 352.8640441894531, 179.0133514404297)","(-1.8723772764205933, 1.1914068460464478, -34.54618835449219)","(359.9572448730469, 234.49859619140625, 359.9413757324219)","(-2.1433157920837402, -0.03909599781036377, -34.39067840576172)","(359.92755126953125, 177.4132080078125, 0.0040342542342841625)",0.0,0.0289,"(-0.001838, -0.000075, 0.053968)",LeftFalse_RightFalse,False,"(1.8899669647216797, -0.06649959087371826, 38.40488052368164)","(356.6863098144531, 352.02947998046875, 355.7686462402344)",-0.496212,-1.0,"(0.000019, -0.000004, -0.000005)",LeftFalse_RightFalse
40.300049,0.019115,"(-1.4560681581497192, 0.8853552937507629, -35.13408279418945)","(357.45263671875, 352.8607177734375, 179.01779174804688)","(-1.872473955154419, 1.191402792930603, -34.54316329956055)","(359.95721435546875, 234.49620056152344, 359.94134521484375)","(-2.143419027328491, -0.039100147783756256, -34.387664794921875)","(359.927490234375, 177.4108123779297, 0.004039023071527481)",0.0,0.0289,"(-0.001838, -0.000075, 0.053824)",LeftFalse_RightFalse,False,"(1.8899682760238647, -0.06649961322546005, 38.40488052368164)","(356.6863098144531, 352.0294494628906, 355.7686462402344)",-0.49621,-1.0,"(0.000019, -0.000004, -0.000005)",LeftFalse_RightFalse
40.356323,0.018999,"(-1.4561495780944824, 0.8853505253791809, -35.13103485107422)","(357.45257568359375, 352.8652038574219, 179.01780700683594)","(-1.872572898864746, 1.1913985013961792, -34.54012680053711)","(359.9572448730469, 234.49452209472656, 359.9413757324219)","(-2.1435225009918213, -0.039104342460632324, -34.38463592529297)","(359.92755126953125, 177.40911865234375, 0.0040323431603610516)",0.0,0.0289,"(-0.001847, -0.000073, 0.054209)",LeftFalse_RightFalse,False,"(1.8899695873260498, -0.06649956107139587, 38.40488052368164)","(356.6863098144531, 352.0294189453125, 355.7686462402344)",-0.496211,-1.0,"(0.000019, -0.000003, -0.000005)",LeftFalse_RightFalse
40.414307,0.019227,"(-1.4562487602233887, 0.8853479623794556, -35.12793731689453)","(357.4527282714844, 352.8680114746094, 179.01779174804688)","(-1.8726775646209717, 1.191394567489624, -34.53703308105469)","(359.9571533203125, 234.4939727783203, 359.9412536621094)","(-2.1436285972595215, -0.039108604192733765, -34.38154602050781)","(359.92742919921875, 177.40858459472656, 0.004040322732180357)",0.0,0.0289,"(-0.001838, -0.000075, 0.053545)",LeftFalse_RightFalse,False,"(1.8899710178375244, -0.0664995014667511, 38.40488052368164)","(356.6863098144531, 352.0293884277344, 355.7686767578125)",-0.496211,-1.0,"(0.000019, -0.000004, -0.000005)",LeftFalse_RightFalse
40.470703,0.01892,"(-1.4563409090042114, 0.8853451609611511, -35.124916076660156)","(357.45281982421875, 352.860595703125, 179.0177764892578)","(-1.8727786540985107, 1.1913907527923584, -34.53401565551758)","(359.95709228515625, 234.49310302734375, 359.9411926269531)","(-2.1437320709228516, -0.039112791419029236, -34.378536224365234)","(359.92730712890625, 177.40771484375, 0.004045408219099045)",0.0,0.0289,"(-0.001856, -0.000075, 0.054092)",LeftFalse_RightFalse,False,"(1.889972448348999, -0.06649941205978394, 38.40488052368164)","(356.6863098144531, 352.02935791015625, 355.7686767578125)",-0.496212,-1.0,"(0.000019, -0.000003, -0.000005)",LeftFalse_RightFalse
40.523682,0.018304,"(-1.4564383029937744, 0.8853407502174377, -35.12205123901367)","(357.4527893066406, 352.86126708984375, 179.01779174804688)","(-1.8728768825531006, 1.1913865804672241, -34.531150817871094)","(359.9571228027344, 234.4930419921875, 359.9411926269531)","(-2.1438302993774414, -0.03911686688661575, -34.37567138671875)","(359.9273376464844, 177.4076385498047, 0.004035206511616707)",0.0,0.0289,"(-0.001862, -0.000074, 0.054539)",LeftFalse_RightFalse,False,"(1.8899736404418945, -0.06649944186210632, 38.40488052368164)","(356.6863098144531, 352.0293273925781, 355.7686767578125)",-0.496216,-1.0,"(0.000019, -0.000003, -0.000005)",LeftFalse_RightFalse
40.564697,0.019111,"(-1.4565004110336304, 0.8853390216827393, -35.11983871459961)","(357.452880859375, 352.8580322265625, 179.0177764892578)","(-1.8729493618011475, 1.1913838386535645, -34.52894973754883)","(359.95709228515625, 234.49203491210938, 359.9411315917969)","(-2.1439056396484375, -0.039119869470596313, -34.37347412109375)","(359.92724609375, 177.40663146972656, 0.0040397727862000465)",0.0,0.0289,"(-0.001870, -0.000077, 0.054670)",LeftFalse_RightFalse,False,"(1.889974594116211, -0.06649947166442871, 38.40488052368164)","(356.6863098144531, 352.029296875, 355.7686767578125)",-0.496216,-1.0,"(0.000019, -0.000006, -0.000005)",LeftFalse_RightFalse
40.607056,0.019889,"(-1.4565585851669312, 0.8853353261947632, -35.117515563964844)","(357.4528503417969, 352.85797119140625, 179.01779174804688)","(-1.8730241060256958, 1.1913803815841675, -34.52663803100586)","(359.95709228515625, 234.49041748046875, 359.941162109375)","(-2.14398455619812, -0.03912312537431717, -34.37117004394531)","(359.9272766113281, 177.40501403808594, 0.004032175987958908)",0.0,0.0289,"(-0.001870, -0.000076, 0.054759)",LeftFalse_RightFalse,False,"(1.889975666999817, -0.06649953126907349, 38.40488052368164)","(356.6863098144531, 352.0292663574219, 355.7686767578125)",-0.496209,-1.0,"(0.000019, -0.000005, -0.000005)",LeftFalse_RightFalse
40.647339,0.019995,"(-1.4566211700439453, 0.8853330612182617, -35.115325927734375)","(357.4529113769531, 352.8557434082031, 179.0177764892578)","(-1.8730964660644531, 1.1913776397705078, -34.524452209472656)","(359.9570617675781, 234.48947143554688, 359.94110107421875)","(-2.144059419631958, -0.039126135408878326, -34.36899185180664)","(359.9272155761719, 177.40408325195312, 0.00403379974886775)",0.0,0.0289,"(-0.001887, -0.000077, 0.055264)",LeftFalse_RightFalse,False,"(1.8899766206741333, -0.0664995089173317, 38.40488052368164)","(356.6863098144531, 352.0292663574219, 355.7686767578125)",-0.496209,-1.0,"(0.000019, -0.000004, -0.000005)",LeftFalse_RightFalse
40.702637,0.019266,"(-1.456695556640625, 0.8853272199630737, -35.11225128173828)","(357.4527893066406, 352.8524169921875, 179.01779174804688)","(-1.8731939792633057, 1.1913732290267944, -34.521392822265625)","(359.9571533203125, 234.48724365234375, 359.9411926269531)","(-2.144162893295288, -0.03913038223981857, -34.36594009399414)","(359.9273681640625, 177.40184020996094, 0.004018799401819706)",0.0,0.0289,"(-0.001877, -0.000076, 0.054958)",LeftFalse_RightFalse,False,"(1.8899779319763184, -0.06649953126907349, 38.40488052368164)","(356.6863098144531, 352.02923583984375, 355.7686767578125)",-0.496211,-1.0,"(0.000019, -0.000004, -0.000005)",LeftFalse_RightFalse
40.760376,0.019251,"(-1.4567792415618896, 0.8853247761726379, -35.109092712402344)","(357.4529113769531, 352.8499450683594, 179.0177764892578)","(-1.873296856880188, 1.1913691759109497, -34.51824951171875)","(359.9570617675781, 234.48536682128906, 359.94110107421875)","(-2.144270896911621, -0.03913463279604912, -34.36280822753906)","(359.9272155761719, 177.3999786376953, 0.004030449315905571)",0.0,0.0289,"(-0.001865, -0.000074, 0.054418)",LeftFalse_RightFalse,False,"(1.8899792432785034, -0.06649951636791229, 38.40488052368164)","(356.6863098144531, 352.0292053222656, 355.7686767578125)",-0.496211,-1.0,"(0.000019, -0.000004, -0.000005)",LeftFalse_RightFalse
40.817871,0.019241,"(-1.456864833831787, 0.885319709777832, -35.10590744018555)","(357.452880859375, 352.8479309082031, 179.01779174804688)","(-1.8734002113342285, 1.1913646459579468, -34.51507568359375)","(359.95709228515625, 234.48365783691406, 359.9411315917969)","(-2.144378662109375, -0.039139099419116974, -34.359642028808594)","(359.9272766113281, 177.3982696533203, 0.004020545165985823)",0.0,0.0289,"(-0.001883, -0.000076, 0.055129)",LeftFalse_RightFalse,False,"(1.889980673789978, -0.06649941205978394, 38.40488052368164)","(356.6863098144531, 352.0291442871094, 355.7686767578125)",-0.496212,-1.0,"(0.000019, -0.000004, -0.000005)",LeftFalse_RightFalse
40.875977,0.019342,"(-1.4569759368896484, 0.8853160738945007, -35.10270309448242)","(357.4529113769531, 352.8478698730469, 179.01779174804688)","(-1.8735101222991943, 1.1913604736328125, -34.511871337890625)","(359.9570617675781, 234.4837646484375, 359.94110107421875)","(-2.1444883346557617, -0.039143435657024384, -34.35643768310547)","(359.9272155761719, 177.39837646484375, 0.004024759866297245)",0.0,0.0289,"(-0.001915, -0.000076, 0.056164)",LeftFalse_RightFalse,False,"(1.889981985092163, -0.06649944186210632, 38.40488052368164)","(356.6863098144531, 352.02911376953125, 355.7686767578125)",-0.496211,-1.0,"(0.000019, -0.000004, -0.000005)",LeftFalse_RightFalse
40.93396,0.019379,"(-1.4570695161819458, 0.8853135108947754, -35.0994987487793)","(357.45306396484375, 352.8465576171875, 179.01776123046875)","(-1.8736162185668945, 1.1913564205169678, -34.50867462158203)","(359.95697021484375, 234.4825439453125, 359.94097900390625)","(-2.1445977687835693, -0.03914785012602806, -34.353248596191406)","(359.92706298828125, 177.39715576171875, 0.004033850971609354)",0.0,0.0289,"(-0.001895, -0.000079, 0.055425)",LeftFalse_RightFalse,False,"(1.8899834156036377, -0.06649951636791229, 38.40488052368164)","(356.6863098144531, 352.0290832519531, 355.7686767578125)",-0.496216,-1.0,"(0.000019, -0.000006, -0.000005)",LeftFalse_RightFalse
40.975098,0.019789,"(-1.4571326971054077, 0.8853113651275635, -35.09722137451172)","(357.4531555175781, 352.845458984375, 179.01776123046875)","(-1.8736907243728638, 1.191353440284729, -34.506404876708984)","(359.9569396972656, 234.4814453125, 359.9408874511719)","(-2.1446752548217773, -0.03915107250213623, -34.35098648071289)","(359.927001953125, 177.39605712890625, 0.004037048667669296)",0.0,0.0289,"(-0.001847, -0.000075, 0.053340)",LeftFalse_RightFalse,False,"(1.889984369277954, -0.06649956107139587, 38.40488052368164)","(356.6863098144531, 352.029052734375, 355.7686767578125)",-0.496211,-1.0,"(0.000019, -0.000005, -0.000005)",LeftFalse_RightFalse
41.016113,0.020033,"(-1.457196831703186, 0.8853105306625366, -35.094974517822266)","(357.4533386230469, 352.8444519042969, 179.01771545410156)","(-1.8737648725509644, 1.1913506984710693, -34.50416564941406)","(359.9568176269531, 234.48046875, 359.9407653808594)","(-2.144752264022827, -0.039154261350631714, -34.3487548828125)","(359.9267883300781, 177.39508056640625, 0.004051016643643379)",0.0,0.0289,"(-0.001916, -0.000079, 0.055883)",LeftFalse_RightFalse,False,"(1.8899853229522705, -0.06649958342313766, 38.40488052368164)","(356.6863098144531, 352.029052734375, 355.7686767578125)",-0.496209,-1.0,"(0.000019, -0.000004, -0.000005)",LeftFalse_RightFalse
41.074829,0.019718,"(-1.4572705030441284, 0.8853071928024292, -35.091712951660156)","(357.4533996582031, 352.841552734375, 179.01771545410156)","(-1.8738681077957153, 1.1913466453552246, -34.50092315673828)","(359.956787109375, 234.47763061523438, 359.940673828125)","(-2.1448631286621094, -0.03915863484144211, -34.34552764892578)","(359.9267272949219, 177.39222717285156, 0.00405286205932498)",0.0,0.0289,"(-0.001856, -0.000075, 0.053275)",LeftFalse_RightFalse,False,"(1.8899867534637451, -0.06649947166442871, 38.40488052368164)","(356.6863098144531, 352.02899169921875, 355.7686767578125)",-0.496212,-1.0,"(0.000019, -0.000004, -0.000005)",LeftFalse_RightFalse
41.134155,0.01981,"(-1.457362413406372, 0.885305643081665, -35.0884895324707)","(357.4536437988281, 352.84002685546875, 179.01766967773438)","(-1.8739757537841797, 1.1913425922393799, -34.497711181640625)","(359.9566345214844, 234.47610473632812, 359.94049072265625)","(-2.144975185394287, -0.03916327655315399, -34.34232711791992)","(359.9264831542969, 177.3907012939453, 0.004072256851941347)",0.0,0.0289,"(-0.001919, -0.000082, 0.055743)",LeftFalse_RightFalse,False,"(1.8899881839752197, -0.06649942696094513, 38.40488052368164)","(356.6863098144531, 352.0289611816406, 355.7686767578125)",-0.496212,-1.0,"(0.000019, -0.000004, -0.000005)",LeftFalse_RightFalse
41.175781,0.020135,"(-1.4574253559112549, 0.8853030204772949, -35.086204528808594)","(357.4537048339844, 352.8408203125, 179.01766967773438)","(-1.8740510940551758, 1.191339373588562, -34.49543380737305)","(359.95660400390625, 234.47488403320312, 359.9404602050781)","(-2.1450538635253906, -0.03916653245687485, -34.340057373046875)","(359.9264221191406, 177.38946533203125, 0.004074613098055124)",0.0,0.0289,"(-0.001922, -0.000078, 0.055729)",LeftFalse_RightFalse,False,"(1.8899891376495361, -0.06649941205978394, 38.40488052368164)","(356.6863098144531, 352.0289611816406, 355.7686767578125)",-0.49621,-1.0,"(0.000019, -0.000004, -0.000005)",LeftFalse_RightFalse
41.219482,0.020732,"(-1.45749032497406, 0.8852992057800293, -35.08379364013672)","(357.45367431640625, 352.84033203125, 179.01766967773438)","(-1.8741302490234375, 1.191335916519165, -34.4930305480957)","(359.9566345214844, 234.47352600097656, 359.94049072265625)","(-2.145136594772339, -0.039170049130916595, -34.33766174316406)","(359.92645263671875, 177.38812255859375, 0.0040695322677493095)",0.0,0.0289,"(-0.001865, -0.000077, 0.053516)",LeftFalse_RightFalse,False,"(1.8899903297424316, -0.0664995014667511, 38.40488052368164)","(356.6863098144531, 352.0289306640625, 355.7686767578125)",-0.496216,-1.0,"(0.000019, -0.000004, -0.000005)",LeftFalse_RightFalse
41.265991,0.021568,"(-1.457554817199707, 0.8852950930595398, -35.081214904785156)","(357.4536437988281, 352.83941650390625, 179.01768493652344)","(-1.8742139339447021, 1.191332221031189, -34.4904670715332)","(359.9566345214844, 234.47164916992188, 359.9405212402344)","(-2.1452252864837646, -0.03917359188199043, -34.335105895996094)","(359.926513671875, 177.38624572753906, 0.004065678920596838)",0.0,0.0289,"(-0.001864, -0.000073, 0.053205)",LeftFalse_RightFalse,False,"(1.8899914026260376, -0.06649959087371826, 38.40488052368164)","(356.6863098144531, 352.0289001464844, 355.7686767578125)",-0.49621,-1.0,"(0.000019, -0.000005, -0.000005)",LeftFalse_RightFalse
41.307495,0.021319,"(-1.4576189517974854, 0.8852927684783936, -35.07892608642578)","(357.45367431640625, 352.8407287597656, 179.01768493652344)","(-1.8742899894714355, 1.1913294792175293, -34.48818588256836)","(359.9566345214844, 234.47048950195312, 359.94049072265625)","(-2.1453044414520264, -0.039176493883132935, -34.33283233642578)","(359.92645263671875, 177.38510131835938, 0.004069593735039234)",0.0,0.0289,"(-0.001909, -0.000075, 0.055081)",LeftFalse_RightFalse,False,"(1.8899924755096436, -0.06649960577487946, 38.40488052368164)","(356.6863098144531, 352.02886962890625, 355.7686767578125)",-0.496211,-1.0,"(0.000019, -0.000005, -0.000005)",LeftFalse_RightFalse
41.347778,0.020907,"(-1.4576945304870605, 0.8852895498275757, -35.07670211791992)","(357.45367431640625, 352.8405456542969, 179.01768493652344)","(-1.8743667602539062, 1.1913262605667114, -34.4859619140625)","(359.9566345214844, 234.47039794921875, 359.9404602050781)","(-2.145381450653076, -0.039179667830467224, -34.33060836791992)","(359.92645263671875, 177.38499450683594, 0.004069725517183542)",0.0,0.0289,"(-0.001900, -0.000075, 0.054538)",LeftFalse_RightFalse,False,"(1.8899933099746704, -0.06649964302778244, 38.40488052368164)","(356.6863098144531, 352.0288391113281, 355.7686767578125)",-0.496211,-1.0,"(0.000019, -0.000003, -0.000005)",LeftFalse_RightFalse
41.388306,0.020622,"(-1.4577693939208984, 0.8852871060371399, -35.074466705322266)","(357.4537048339844, 352.8420104980469, 179.01766967773438)","(-1.8744434118270874, 1.1913233995437622, -34.48373031616211)","(359.95660400390625, 234.47021484375, 359.9404296875)","(-2.145458698272705, -0.039182648062705994, -34.32837677001953)","(359.9264221191406, 177.3848114013672, 0.004072132986038923)",0.0,0.0289,"(-0.001886, -0.000073, 0.053924)",LeftFalse_RightFalse,False,"(1.8899942636489868, -0.06649964302778244, 38.40488052368164)","(356.6863098144531, 352.02880859375, 355.7686767578125)",-0.496212,-1.0,"(0.000019, -0.000003, -0.000005)",LeftFalse_RightFalse
41.430542,0.02079,"(-1.4578393697738647, 0.8852831125259399, -35.072113037109375)","(357.4536437988281, 352.84222412109375, 179.0177001953125)","(-1.87452232837677, 1.1913199424743652, -34.481380462646484)","(359.9566345214844, 234.46934509277344, 359.94049072265625)","(-2.1455397605895996, -0.03918587416410446, -34.32603073120117)","(359.9264831542969, 177.38394165039062, 0.004063563887029886)",0.0,0.0289,"(-0.001936, -0.000077, 0.056038)",LeftFalse_RightFalse,False,"(1.8899953365325928, -0.0664994940161705, 38.40488052368164)","(356.6863098144531, 352.02880859375, 355.7686767578125)",-0.496211,-1.0,"(0.000019, -0.000003, -0.000005)",LeftFalse_RightFalse
41.474854,0.021277,"(-1.4579112529754639, 0.8852823972702026, -35.06968307495117)","(357.453857421875, 352.84197998046875, 179.0176544189453)","(-1.8746039867401123, 1.1913172006607056, -34.47895812988281)","(359.9565124511719, 234.46839904785156, 359.9403381347656)","(-2.1456241607666016, -0.039189212024211884, -34.32361602783203)","(359.92626953125, 177.38299560546875, 0.004080019425600767)",0.0,0.0289,"(-0.001910, -0.000076, 0.054640)",LeftFalse_RightFalse,False,"(1.8899962902069092, -0.06649944186210632, 38.40488052368164)","(356.6863098144531, 352.0287780761719, 355.7686767578125)",-0.496213,-1.0,"(0.000019, -0.000004, -0.000005)",LeftFalse_RightFalse
41.518433,0.021438,"(-1.4579740762710571, 0.8852807283401489, -35.06727600097656)","(357.4539794921875, 352.8408203125, 179.0176544189453)","(-1.8746830224990845, 1.1913141012191772, -34.4765625)","(359.9564208984375, 234.46682739257812, 359.9402160644531)","(-2.145707607269287, -0.039192598313093185, -34.321231842041016)","(359.9261474609375, 177.3814239501953, 0.004090314731001854)",0.0,0.0289,"(-0.001917, -0.000078, 0.054843)",LeftFalse_RightFalse,False,"(1.8899974822998047, -0.06649947166442871, 38.40488052368164)","(356.6863098144531, 352.02874755859375, 355.7686767578125)",-0.496211,-1.0,"(0.000019, -0.000004, -0.000005)",LeftFalse_RightFalse
41.560547,0.021301,"(-1.4580460786819458, 0.8852777481079102, -35.064945220947266)","(357.4540100097656, 352.838623046875, 179.0176544189453)","(-1.8747620582580566, 1.191311001777649, -34.47423553466797)","(359.9564208984375, 234.46612548828125, 359.9402160644531)","(-2.1457884311676025, -0.03919579088687897, -34.31890869140625)","(359.9261169433594, 177.38072204589844, 0.004089962691068649)",0.0,0.0289,"(-0.001913, -0.000074, 0.054651)",LeftFalse_RightFalse,False,"(1.889998435974121, -0.06649952381849289, 38.40488052368164)","(356.6863098144531, 352.0287170410156, 355.7686767578125)",-0.496215,-1.0,"(0.000019, -0.000004, -0.000005)",LeftFalse_RightFalse
41.601563,0.020951,"(-1.4581093788146973, 0.8852765560150146, -35.06270980834961)","(357.45416259765625, 352.83447265625, 179.01760864257812)","(-1.8748369216918945, 1.1913082599639893, -34.472007751464844)","(359.9563293457031, 234.46502685546875, 359.9400939941406)","(-2.1458663940429688, -0.0391988530755043, -34.316688537597656)","(359.92596435546875, 177.37962341308594, 0.00410155113786459)",0.0,0.0289,"(-0.001909, -0.000075, 0.054211)",LeftFalse_RightFalse,False,"(1.8899993896484375, -0.06649953126907349, 38.40488052368164)","(356.6863098144531, 352.0286865234375, 355.7686767578125)",-0.496211,-1.0,"(0.000019, -0.000004, -0.000005)",LeftFalse_RightFalse
41.642578,0.020828,"(-1.4581921100616455, 0.8852723836898804, -35.06044387817383)","(357.4540710449219, 352.8327941894531, 179.01763916015625)","(-1.874916911125183, 1.1913049221038818, -34.46974182128906)","(359.9563903808594, 234.46527099609375, 359.9401550292969)","(-2.1459455490112305, -0.03920198976993561, -34.31441879272461)","(359.9260559082031, 177.37986755371094, 0.0040873391553759575)",0.0,0.0289,"(-0.001923, -0.000077, 0.055197)",LeftFalse_RightFalse,False,"(1.890000343322754, -0.06649953126907349, 38.40488052368164)","(356.6863098144531, 352.0286865234375, 355.7686767578125)",-0.496211,-1.0,"(0.000019, -0.000004, -0.000005)",LeftFalse_RightFalse
41.701904,0.020385,"(-1.4582957029342651, 0.8852667808532715, -35.0571403503418)","(357.4539794921875, 352.8328857421875, 179.0176544189453)","(-1.8750295639038086, 1.1913002729415894, -34.4664421081543)","(359.9564514160156, 234.46441650390625, 359.9402160644531)","(-2.1460602283477783, -0.03920653462409973, -34.31112289428711)","(359.9261474609375, 177.37901306152344, 0.004072658717632294)",0.0,0.0289,"(-0.001944, -0.000076, 0.056032)",LeftFalse_RightFalse,False,"(1.8900017738342285, -0.06649953126907349, 38.40488052368164)","(356.6863098144531, 352.0286560058594, 355.7686767578125)",-0.496212,-1.0,"(0.000019, -0.000004, -0.000005)",LeftFalse_RightFalse
41.748291,0.021467,"(-1.4583642482757568, 0.885262668132782, -35.05453109741211)","(357.45391845703125, 352.8282775878906, 179.0176544189453)","(-1.875114917755127, 1.1912965774536133, -34.463844299316406)","(359.95648193359375, 234.4627685546875, 359.94024658203125)","(-2.1461501121520996, -0.03921006992459297, -34.30853271484375)","(359.92620849609375, 177.3773651123047, 0.004068040754646063)",0.0,0.0289,"(-0.001933, -0.000073, 0.055545)",LeftFalse_RightFalse,False,"(1.8900028467178345, -0.0664994865655899, 38.40488052368164)","(356.6863098144531, 352.02862548828125, 355.7686767578125)",-0.49621,-1.0,"(0.000019, -0.000004, -0.000005)",LeftFalse_RightFalse
41.790405,0.021277,"(-1.4584335088729858, 0.885259747505188, -35.05216979980469)","(357.4539489746094, 352.83154296875, 179.0176544189453)","(-1.8751938343048096, 1.191293478012085, -34.461490631103516)","(359.95648193359375, 234.46182250976562, 359.94024658203125)","(-2.1462316513061523, -0.03921322897076607, -34.306182861328125)","(359.9261779785156, 177.37643432617188, 0.0040732319466769695)",0.0,0.0289,"(-0.001936, -0.000076, 0.055553)",LeftFalse_RightFalse,False,"(1.8900038003921509, -0.06649945676326752, 38.40488052368164)","(356.6863098144531, 352.0285949707031, 355.7686767578125)",-0.496211,-1.0,"(0.000019, -0.000003, -0.000005)",LeftFalse_RightFalse
41.831787,0.021041,"(-1.4584904909133911, 0.8852572441101074, -35.049835205078125)","(357.4540100097656, 352.8298034667969, 179.01760864257812)","(-1.8752694129943848, 1.1912904977798462, -34.459171295166016)","(359.9564208984375, 234.46005249023438, 359.940185546875)","(-2.1463119983673096, -0.039216384291648865, -34.303871154785156)","(359.9261169433594, 177.3746337890625, 0.004077985882759094)",0.0,0.0289,"(-0.001916, -0.000075, 0.054592)",LeftFalse_RightFalse,False,"(1.8900047540664673, -0.06649935245513916, 38.404876708984375)","(356.6863098144531, 352.028564453125, 355.7686767578125)",-0.496212,-1.0,"(0.000019, -0.000004, -0.000005)",LeftFalse_RightFalse
41.875122,0.021251,"(-1.458557367324829, 0.8852554559707642, -35.04740905761719)","(357.4541320800781, 352.8285217285156, 179.017578125)","(-1.8753498792648315, 1.1912873983383179, -34.45675277709961)","(359.95635986328125, 234.45870971679688, 359.94012451171875)","(-2.1463961601257324, -0.039219699800014496, -34.30146408081055)","(359.926025390625, 177.37332153320312, 0.004087456036359072)",0.0,0.0289,"(-0.001913, -0.000077, 0.054383)",LeftFalse_RightFalse,False,"(1.8900058269500732, -0.06649938225746155, 38.40488052368164)","(356.6863098144531, 352.0285339355469, 355.7686767578125)",-0.496212,-1.0,"(0.000019, -0.000004, -0.000005)",LeftFalse_RightFalse
41.917969,0.021249,"(-1.4586151838302612, 0.8852522373199463, -35.04498291015625)","(357.4541320800781, 352.82537841796875, 179.01612854003906)","(-1.875428318977356, 1.191283941268921, -34.454341888427734)","(359.95635986328125, 234.45672607421875, 359.9400939941406)","(-2.146480083465576, -0.039223141968250275, -34.2990608215332)","(359.9259948730469, 177.37130737304688, 0.004087890964001417)",0.0,0.0289,"(-0.001952, -0.000076, 0.055843)",LeftFalse_RightFalse,False,"(1.8900068998336792, -0.06649938225746155, 38.40488052368164)","(356.6863098144531, 352.02850341796875, 355.7686767578125)",-0.496212,-1.0,"(0.000019, -0.000003, -0.000005)",LeftFalse_RightFalse
41.977661,0.02061,"(-1.4586904048919678, 0.8852500915527344, -35.04164123535156)","(357.4543151855469, 352.82135009765625, 179.01869201660156)","(-1.8755356073379517, 1.1912801265716553, -34.45102310180664)","(359.95623779296875, 234.45361328125, 359.93994140625)","(-2.1465959548950195, -0.039227575063705444, -34.29576110839844)","(359.9258117675781, 177.3682098388672, 0.004104149527847767)",0.0,0.0289,"(-0.001972, -0.000080, 0.056522)",LeftFalse_RightFalse,False,"(1.8900084495544434, -0.06649951636791229, 38.40488052368164)","(356.6863098144531, 352.0284729003906, 355.7686767578125)",-0.49621,-1.0,"(0.000019, -0.000005, -0.000005)",LeftFalse_RightFalse
42.020142,0.020841,"(-1.4587498903274536, 0.8852475881576538, -35.03925323486328)","(357.4543762207031, 352.8214416503906, 179.01974487304688)","(-1.8756134510040283, 1.1912767887115479, -34.448646545410156)","(359.9562072753906, 234.45181274414062, 359.93988037109375)","(-2.1466786861419678, -0.03923092409968376, -34.29339599609375)","(359.9257507324219, 177.36642456054688, 0.004108203109353781)",0.0,0.0289,"(-0.001931, -0.000077, 0.054849)",LeftFalse_RightFalse,False,"(1.8900091648101807, -0.06649953126907349, 38.40488052368164)","(356.6863098144531, 352.0284423828125, 355.7686767578125)",-0.49621,-1.0,"(0.000019, -0.000004, -0.000005)",LeftFalse_RightFalse
42.078003,0.020035,"(-1.45884370803833, 0.8852436542510986, -35.0359992980957)","(357.4544372558594, 352.8209533691406, 179.0183563232422)","(-1.8757225275039673, 1.191272258758545, -34.445404052734375)","(359.9561767578125, 234.45034790039062, 359.9398498535156)","(-2.146791696548462, -0.03923553228378296, -34.2901611328125)","(359.9256896972656, 177.36492919921875, 0.0041119372472167015)",0.0,0.0289,"(-0.001929, -0.000077, 0.054591)",LeftFalse_RightFalse,False,"(1.8900107145309448, -0.06649958342313766, 38.40488052368164)","(356.6863098144531, 352.0284118652344, 355.7686767578125)",-0.496212,-1.0,"(0.000019, -0.000005, -0.000005)",LeftFalse_RightFalse
42.118774,0.020118,"(-1.458906650543213, 0.8852418661117554, -35.03371810913086)","(357.45452880859375, 352.8211975097656, 179.01565551757812)","(-1.8757989406585693, 1.1912695169448853, -34.44313049316406)","(359.95611572265625, 234.44903564453125, 359.93975830078125)","(-2.14687180519104, -0.03923865407705307, -34.28789520263672)","(359.92559814453125, 177.36361694335938, 0.004122735001146793)",0.0,0.0289,"(-0.002000, -0.000081, 0.057194)",LeftFalse_RightFalse,False,"(1.8900117874145508, -0.06649955362081528, 38.40488052368164)","(356.6863098144531, 352.0284118652344, 355.7687072753906)",-0.496208,-1.0,"(0.000019, -0.000002, -0.000005)",LeftFalse_RightFalse
42.160645,0.020402,"(-1.4589799642562866, 0.8852386474609375, -35.03136444091797)","(357.4545593261719, 352.8183898925781, 179.0177001953125)","(-1.8758795261383057, 1.1912662982940674, -34.44078063964844)","(359.95611572265625, 234.4483184814453, 359.93975830078125)","(-2.146954298019409, -0.039241939783096313, -34.28554916381836)","(359.9255676269531, 177.36293029785156, 0.004121852573007345)",0.0,0.0289,"(-0.001961, -0.000075, 0.055675)",LeftFalse_RightFalse,False,"(1.8900126218795776, -0.06649941205978394, 38.40488052368164)","(356.6863098144531, 352.02838134765625, 355.7687072753906)",-0.496212,-1.0,"(0.000019, -0.000003, -0.000005)",LeftFalse_RightFalse
42.202026,0.020485,"(-1.4590609073638916, 0.8852338790893555, -35.02901840209961)","(357.45440673828125, 352.8186340332031, 179.0189971923828)","(-1.8759616613388062, 1.1912628412246704, -34.438438415527344)","(359.9561767578125, 234.4481964111328, 359.9398498535156)","(-2.147036552429199, -0.0392451249063015, -34.283203125)","(359.92572021484375, 177.36280822753906, 0.004106650594621897)",0.0,0.0289,"(-0.001981, -0.000078, 0.056653)",LeftFalse_RightFalse,False,"(1.8900136947631836, -0.06649935245513916, 38.40488052368164)","(356.6863098144531, 352.0283508300781, 355.7687072753906)",-0.496211,-1.0,"(0.000019, -0.000003, -0.000005)",LeftFalse_RightFalse
42.24231,0.020371,"(-1.459123134613037, 0.8852318525314331, -35.026737213134766)","(357.4544982910156, 352.8175354003906, 179.01976013183594)","(-1.87603759765625, 1.1912598609924316, -34.43616485595703)","(359.9561462402344, 234.44688415527344, 359.9397888183594)","(-2.147116184234619, -0.03924819827079773, -34.280941009521484)","(359.9256286621094, 177.36148071289062, 0.004114441107958555)",0.0,0.0289,"(-0.001990, -0.000076, 0.056708)",LeftFalse_RightFalse,False,"(1.8900146484375, -0.06649935245513916, 38.40488052368164)","(356.6863098144531, 352.0283203125, 355.7687072753906)",-0.49621,-1.0,"(0.000019, -0.000004, -0.000005)",LeftFalse_RightFalse
42.284302,0.020549,"(-1.4591935873031616, 0.8852264881134033, -35.02431869506836)","(357.454345703125, 352.8154602050781, 179.0202178955078)","(-1.8761186599731445, 1.1912562847137451, -34.433753967285156)","(359.95623779296875, 234.44586181640625, 359.93994140625)","(-2.147199869155884, -0.03925149887800217, -34.27853012084961)","(359.92578125, 177.36045837402344, 0.004094826057553291)",0.0,0.0289,"(-0.001976, -0.000077, 0.056333)",LeftFalse_RightFalse,False,"(1.8900154829025269, -0.06649944186210632, 38.40488052368164)","(356.6863098144531, 352.0283203125, 355.7687072753906)",-0.496212,-1.0,"(0.000019, -0.000006, -0.000005)",LeftFalse_RightFalse
42.34314,0.02013,"(-1.4592828750610352, 0.8852267265319824, -35.02102279663086)","(357.4547119140625, 352.8099365234375, 179.0189971923828)","(-1.8762283325195312, 1.1912527084350586, -34.43047332763672)","(359.95599365234375, 234.44387817382812, 359.93963623046875)","(-2.147315263748169, -0.03925597667694092, -34.275264739990234)","(359.9254150390625, 177.35845947265625, 0.0041272565722465515)",0.0,0.0289,"(-0.001992, -0.000079, 0.056647)",LeftFalse_RightFalse,False,"(1.890017032623291, -0.0664995014667511, 38.40488052368164)","(356.6863098144531, 352.02825927734375, 355.7687072753906)",-0.496213,-1.0,"(0.000019, -0.000004, -0.000005)",LeftFalse_RightFalse
42.38623,0.020677,"(-1.4593594074249268, 0.8852221369743347, -35.018550872802734)","(357.4546203613281, 352.8089599609375, 179.0145263671875)","(-1.8763126134872437, 1.1912490129470825, -34.42800521850586)","(359.9560546875, 234.443115234375, 359.939697265625)","(-2.1474013328552246, -0.0392594151198864, -34.27280044555664)","(359.9255065917969, 177.35772705078125, 0.00411555590108037)",0.0,0.0289,"(-0.002003, -0.000080, 0.057204)",LeftFalse_RightFalse,False,"(1.8900179862976074, -0.0664995089173317, 38.40488052368164)","(356.6863098144531, 352.02825927734375, 355.7686767578125)",-0.496211,-1.0,"(0.000019, -0.000004, -0.000005)",LeftFalse_RightFalse
42.426758,0.020565,"(-1.4594204425811768, 0.885218620300293, -35.01621627807617)","(357.45458984375, 352.8055419921875, 179.01422119140625)","(-1.876389503479004, 1.1912457942962646, -34.425682067871094)","(359.9560852050781, 234.4415740966797, 359.9397277832031)","(-2.147482395172119, -0.039262574166059494, -34.270484924316406)","(359.925537109375, 177.35617065429688, 0.004112085327506065)",0.0,0.0289,"(-0.002012, -0.000080, 0.057739)",LeftFalse_RightFalse,False,"(1.8900189399719238, -0.0664995014667511, 38.40488052368164)","(356.6863098144531, 352.0282287597656, 355.7686767578125)",-0.496211,-1.0,"(0.000019, -0.000005, -0.000005)",LeftFalse_RightFalse
42.48584,0.020097,"(-1.4595136642456055, 0.8852143883705139, -35.012813568115234)","(357.4546203613281, 352.8046569824219, 179.0147247314453)","(-1.8765023946762085, 1.1912412643432617, -34.42229461669922)","(359.9560852050781, 234.43966674804688, 359.939697265625)","(-2.1476004123687744, -0.03926713764667511, -34.26710510253906)","(359.9255065917969, 177.35426330566406, 0.004111406859010458)",0.0,0.0289,"(-0.002002, -0.000079, 0.057155)",LeftFalse_RightFalse,False,"(1.8900203704833984, -0.06649943441152573, 38.40488052368164)","(356.6863098144531, 352.0281982421875, 355.7687072753906)",-0.496206,-1.0,"(0.000019, -0.000003, -0.000005)",LeftFalse_RightFalse
42.526611,0.020216,"(-1.459583044052124, 0.8852105140686035, -35.01045608520508)","(357.4545593261719, 352.8031311035156, 179.01206970214844)","(-1.8765819072723389, 1.1912380456924438, -34.419944763183594)","(359.95611572265625, 234.43869018554688, 359.93975830078125)","(-2.1476824283599854, -0.03927033394575119, -34.2647590637207)","(359.9255676269531, 177.35330200195312, 0.0041039506904780865)",0.0,0.0289,"(-0.001989, -0.000080, 0.056652)",LeftFalse_RightFalse,False,"(1.8900213241577148, -0.06649944186210632, 38.40488052368164)","(356.6863098144531, 352.0281677246094, 355.7687072753906)",-0.496213,-1.0,"(0.000019, -0.000003, -0.000005)",LeftFalse_RightFalse
42.568359,0.020505,"(-1.4596527814865112, 0.885208010673523, -35.00804901123047)","(357.4546203613281, 352.8016357421875, 179.0186004638672)","(-1.8766628503799438, 1.1912347078323364, -34.417545318603516)","(359.9560546875, 234.43759155273438, 359.939697265625)","(-2.147766351699829, -0.03927377983927727, -34.262367248535156)","(359.9255065917969, 177.35220336914062, 0.004110096488147974)",0.0,0.0289,"(-0.002000, -0.000080, 0.057071)",LeftFalse_RightFalse,False,"(1.8900222778320312, -0.06649938225746155, 38.40488052368164)","(356.6863098144531, 352.02813720703125, 355.7687072753906)",-0.496211,-1.0,"(0.000019, -0.000003, -0.000005)",LeftFalse_RightFalse
42.624878,0.019638,"(-1.459732174873352, 0.8852052688598633, -35.004791259765625)","(357.45477294921875, 352.803466796875, 179.019775390625)","(-1.8767691850662231, 1.1912306547164917, -34.414302825927734)","(359.95599365234375, 234.43499755859375, 359.9395751953125)","(-2.1478798389434814, -0.039278265088796616, -34.25914001464844)","(359.92535400390625, 177.34957885742188, 0.004120573401451111)",0.0,0.0289,"(-0.001955, -0.000078, 0.055033)",LeftFalse_RightFalse,False,"(1.8900237083435059, -0.0664995014667511, 38.404884338378906)","(356.6863098144531, 352.0281066894531, 355.7687072753906)",-0.49621,-1.0,"(0.000019, -0.000004, -0.000005)",LeftFalse_RightFalse
42.686157,0.020082,"(-1.4598431587219238, 0.8852057456970215, -35.00135040283203)","(357.4551696777344, 352.8052673339844, 179.0207977294922)","(-1.8768880367279053, 1.1912269592285156, -34.41086959838867)","(359.9557189941406, 234.43423461914062, 359.9392395019531)","(-2.148001194000244, -0.03928299620747566, -34.25571823120117)","(359.9249572753906, 177.34881591796875, 0.0041565787978470325)",0.0,0.0289,"(-0.002004, -0.000084, 0.056596)",LeftFalse_RightFalse,False,"(1.8900251388549805, -0.06649953871965408, 38.40488052368164)","(356.6863098144531, 352.028076171875, 355.7687072753906)",-0.496211,-1.0,"(0.000019, -0.000004, -0.000005)",LeftFalse_RightFalse
42.74231,0.019433,"(-1.4599244594573975, 0.8852019309997559, -34.99814987182617)","(357.45526123046875, 352.79962158203125, 179.02394104003906)","(-1.876994013786316, 1.1912221908569336, -34.407684326171875)","(359.9556884765625, 234.43182373046875, 359.9391784667969)","(-2.14811372756958, -0.03928780183196068, -34.25254440307617)","(359.92486572265625, 177.34642028808594, 0.004160664975643158)",0.0,0.0289,"(-0.002028, -0.000084, 0.057515)",LeftFalse_RightFalse,False,"(1.890026330947876, -0.0664995014667511, 38.40488052368164)","(356.6863098144531, 352.0280456542969, 355.7687072753906)",-0.496211,-1.0,"(0.000019, -0.000003, -0.000005)",LeftFalse_RightFalse
42.784058,0.019974,"(-1.4600069522857666, 0.8851980566978455, -34.99576950073242)","(357.4552001953125, 352.7980651855469, 179.02232360839844)","(-1.8770778179168701, 1.1912189722061157, -34.40530776977539)","(359.9557189941406, 234.43170166015625, 359.9392395019531)","(-2.148197650909424, -0.03929102048277855, -34.25016784667969)","(359.9249267578125, 177.34628295898438, 0.004152156878262758)",0.0,0.0289,"(-0.002026, -0.000078, 0.057381)",LeftFalse_RightFalse,False,"(1.8900275230407715, -0.06649936735630035, 38.40488052368164)","(356.6863098144531, 352.02801513671875, 355.7687072753906)",-0.496213,-1.0,"(0.000019, -0.000004, -0.000005)",LeftFalse_RightFalse
42.844482,0.020068,"(-1.460112452507019, 0.8851925730705261, -34.992286682128906)","(357.45513916015625, 352.8021240234375, 179.02333068847656)","(-1.8771964311599731, 1.1912140846252441, -34.40182876586914)","(359.95574951171875, 234.430419921875, 359.93927001953125)","(-2.148319721221924, -0.03929581493139267, -34.24669647216797)","(359.92498779296875, 177.34503173828125, 0.004145112819969654)",0.0,0.0289,"(-0.002009, -0.000077, 0.056791)",LeftFalse_RightFalse,False,"(1.8900288343429565, -0.06649935245513916, 38.40488052368164)","(356.6863098144531, 352.0279846191406, 355.7687072753906)",-0.496209,-1.0,"(0.000019, -0.000003, -0.000005)",LeftFalse_RightFalse
42.900635,0.01935,"(-1.46022367477417, 0.8851884007453918, -34.98906707763672)","(357.4551696777344, 352.80450439453125, 179.02236938476562)","(-1.8773095607757568, 1.1912096738815308, -34.39861297607422)","(359.95574951171875, 234.4302520751953, 359.93927001953125)","(-2.148433208465576, -0.039300162345170975, -34.24348068237305)","(359.9249572753906, 177.3448486328125, 0.004145554266870022)",0.0,0.0289,"(-0.002021, -0.000078, 0.057270)",LeftFalse_RightFalse,False,"(1.8900301456451416, -0.06649931520223618, 38.40488052368164)","(356.6863098144531, 352.0279541015625, 355.7687072753906)",-0.496211,-1.0,"(0.000019, -0.000004, -0.000005)",LeftFalse_RightFalse
42.956055,0.019001,"(-1.4603140354156494, 0.8851825594902039, -34.98583221435547)","(357.4550476074219, 352.8008728027344, 179.02186584472656)","(-1.8774179220199585, 1.1912050247192383, -34.39539337158203)","(359.955810546875, 234.42849731445312, 359.9393615722656)","(-2.1485462188720703, -0.03930458053946495, -34.240264892578125)","(359.9250793457031, 177.34310913085938, 0.00413123145699501)",0.0,0.0289,"(-0.002041, -0.000080, 0.058122)",LeftFalse_RightFalse,False,"(1.8900315761566162, -0.06649945676326752, 38.40488052368164)","(356.6863098144531, 352.0279235839844, 355.7687072753906)",-0.496214,-1.0,"(0.000019, -0.000006, -0.000005)",LeftFalse_RightFalse
42.997925,0.01966,"(-1.4603893756866455, 0.885180652141571, -34.9834098815918)","(357.45513916015625, 352.79833984375, 179.02163696289062)","(-1.8775007724761963, 1.1912020444869995, -34.392974853515625)","(359.95574951171875, 234.4277801513672, 359.93927001953125)","(-2.1486310958862305, -0.03930782899260521, -34.23785400390625)","(359.92498779296875, 177.34237670898438, 0.004140107426792383)",0.0,0.0289,"(-0.001993, -0.000075, 0.056008)",LeftFalse_RightFalse,False,"(1.8900325298309326, -0.06649944186210632, 38.40488052368164)","(356.6863098144531, 352.02789306640625, 355.7687072753906)",-0.496208,-1.0,"(0.000019, -0.000004, -0.000005)",LeftFalse_RightFalse
43.038696,0.019958,"(-1.4604575634002686, 0.8851786851882935, -34.98105239868164)","(357.4552307128906, 352.80029296875, 179.021484375)","(-1.8775805234909058, 1.1911990642547607, -34.390625)","(359.9556884765625, 234.42666625976562, 359.939208984375)","(-2.1487138271331787, -0.03931108117103577, -34.235511779785156)","(359.9248962402344, 177.3412628173828, 0.004145325627177954)",0.0,0.0289,"(-0.002031, -0.000083, 0.057634)",LeftFalse_RightFalse,False,"(1.890033483505249, -0.0664994940161705, 38.40488052368164)","(356.6863098144531, 352.0278625488281, 355.7687072753906)",-0.496213,-1.0,"(0.000019, -0.000005, -0.000005)",LeftFalse_RightFalse
43.096436,0.01972,"(-1.4605634212493896, 0.8851776719093323, -34.97777557373047)","(357.45550537109375, 352.7981872558594, 179.0213165283203)","(-1.8776941299438477, 1.1911952495574951, -34.387351989746094)","(359.9555358886719, 234.4259033203125, 359.93896484375)","(-2.148829698562622, -0.039315540343523026, -34.23224639892578)","(359.92462158203125, 177.3404998779297, 0.00416612671688199)",0.0,0.0289,"(-0.002004, -0.000078, 0.056229)",LeftFalse_RightFalse,False,"(1.8900349140167236, -0.0664995014667511, 38.40488052368164)","(356.6863098144531, 352.02783203125, 355.7687072753906)",-0.496212,-1.0,"(0.000019, -0.000004, -0.000005)",LeftFalse_RightFalse
43.137817,0.020096,"(-1.4606270790100098, 0.8851763010025024, -34.97541809082031)","(357.4556579589844, 352.7950744628906, 179.02125549316406)","(-1.877773404121399, 1.191192388534546, -34.385005950927734)","(359.9554443359375, 234.42437744140625, 359.9388427734375)","(-2.1489131450653076, -0.03931890055537224, -34.22991180419922)","(359.9244384765625, 177.33895874023438, 0.0041781398467719555)",0.0,0.0289,"(-0.002028, -0.000083, 0.056920)",LeftFalse_RightFalse,False,"(1.89003586769104, -0.06649941951036453, 38.40488052368164)","(356.6863098144531, 352.0278015136719, 355.7687072753906)",-0.496212,-1.0,"(0.000019, -0.000004, -0.000005)",LeftFalse_RightFalse
43.197021,0.01999,"(-1.4607203006744385, 0.8851720094680786, -34.972023010253906)","(357.4557189941406, 352.7917175292969, 179.02120971679688)","(-1.8778878450393677, 1.1911876201629639, -34.381622314453125)","(359.9554138183594, 234.42233276367188, 359.9388122558594)","(-2.1490330696105957, -0.03932376950979233, -34.226539611816406)","(359.9244079589844, 177.3369140625, 0.0041771396063268185)",0.0,0.0289,"(-0.002022, -0.000080, 0.056738)",LeftFalse_RightFalse,False,"(1.8900372982025146, -0.06649935245513916, 38.40488052368164)","(356.6863098144531, 352.02777099609375, 355.7687072753906)",-0.496211,-1.0,"(0.000019, -0.000003, -0.000005)",LeftFalse_RightFalse
43.237427,0.020085,"(-1.4607832431793213, 0.8851681351661682, -34.96967697143555)","(357.4556579589844, 352.7897033691406, 179.0203094482422)","(-1.8779665231704712, 1.1911842823028564, -34.37929153442383)","(359.9554443359375, 234.42080688476562, 359.9388427734375)","(-2.149115800857544, -0.03932702913880348, -34.224212646484375)","(359.9244689941406, 177.3354034423828, 0.004172587767243385)",0.0,0.0289,"(-0.002047, -0.000081, 0.057740)",LeftFalse_RightFalse,False,"(1.890038251876831, -0.06649935245513916, 38.40488052368164)","(356.6863098144531, 352.02777099609375, 355.7687072753906)",-0.496212,-1.0,"(0.000019, -0.000004, -0.000005)",LeftFalse_RightFalse
43.296021,0.019913,"(-1.4608790874481201, 0.8851616382598877, -34.96623992919922)","(357.45550537109375, 352.787353515625, 179.01939392089844)","(-1.878082275390625, 1.1911792755126953, -34.3758659362793)","(359.9555358886719, 234.4188690185547, 359.93896484375)","(-2.1492366790771484, -0.039331644773483276, -34.220794677734375)","(359.92462158203125, 177.33348083496094, 0.0041587804444134235)",0.0,0.0289,"(-0.002071, -0.000077, 0.058747)",LeftFalse_RightFalse,False,"(1.8900396823883057, -0.06649945676326752, 38.40488052368164)","(356.6863098144531, 352.0277099609375, 355.7687072753906)",-0.49621,-1.0,"(0.000019, -0.000004, -0.000005)",LeftFalse_RightFalse
43.337402,0.020222,"(-1.4609410762786865, 0.885159432888031, -34.96384048461914)","(357.4555969238281, 352.7828063964844, 179.0179443359375)","(-1.878161907196045, 1.191176176071167, -34.373477935791016)","(359.95550537109375, 234.41714477539062, 359.93890380859375)","(-2.1493210792541504, -0.03933484107255936, -34.21841812133789)","(359.9245300292969, 177.3317413330078, 0.004164897371083498)",0.0,0.0289,"(-0.002015, -0.000077, 0.056466)",LeftFalse_RightFalse,False,"(1.890040636062622, -0.06649947166442871, 38.40488052368164)","(356.6863098144531, 352.0277099609375, 355.7687072753906)",-0.496211,-1.0,"(0.000019, -0.000004, -0.000005)",LeftFalse_RightFalse
43.378418,0.020283,"(-1.4610222578048706, 0.8851569890975952, -34.96146774291992)","(357.45831298828125, 352.7818603515625, 179.0170135498047)","(-1.87824547290802, 1.1911730766296387, -34.37110900878906)","(359.9554443359375, 234.41693115234375, 359.9388732910156)","(-2.1494052410125732, -0.03933805227279663, -34.21604919433594)","(359.9244689941406, 177.33152770996094, 0.004170647822320461)",0.0,0.0289,"(-0.002046, -0.000079, 0.057542)",LeftFalse_RightFalse,False,"(1.8900415897369385, -0.06649938225746155, 38.40488052368164)","(356.6863098144531, 352.0276794433594, 355.7687072753906)",-0.496213,-1.0,"(0.000018, 0.000003, -0.000005)",LeftFalse_RightFalse
43.437622,0.020008,"(-1.4611244201660156, 0.8851540088653564, -34.95806121826172)","(357.45831298828125, 352.783203125, 179.01251220703125)","(-1.8783624172210693, 1.1911687850952148, -34.36771011352539)","(359.9553527832031, 234.41546630859375, 359.9387512207031)","(-2.149526357650757, -0.039342887699604034, -34.21266174316406)","(359.92431640625, 177.330078125, 0.004182491451501846)",0.0,0.0289,"(-0.002094, -0.000084, 0.059302)",LeftFalse_RightFalse,False,"(1.8900431394577026, -0.06649912893772125, 38.40488052368164)","(356.68634033203125, 352.02764892578125, 355.76873779296875)",-0.496212,-1.0,"(0.000018, -0.000001, -0.000005)",LeftFalse_RightFalse
43.496338,0.019853,"(-1.4612430334091187, 0.8851503729820251, -34.954654693603516)","(357.4601745605469, 352.7819519042969, 179.01934814453125)","(-1.8784830570220947, 1.191164493560791, -34.36430740356445)","(359.955322265625, 234.415283203125, 359.9386901855469)","(-2.1496474742889404, -0.0393473356962204, -34.209259033203125)","(359.92425537109375, 177.32986450195312, 0.0041863867081701756)",0.0,0.0289,"(-0.002026, -0.000077, 0.056521)",LeftFalse_RightFalse,False,"(1.8900444507598877, -0.06649892032146454, 38.40488052368164)","(356.68634033203125, 352.0276184082031, 355.76873779296875)",-0.496211,-1.0,"(0.000019, -0.000003, -0.000005)",LeftFalse_RightFalse
43.536743,0.019938,"(-1.4613076448440552, 0.8851494193077087, -34.95234298706055)","(357.4620666503906, 352.7777099609375, 179.02474975585938)","(-1.8785616159439087, 1.1911616325378418, -34.362003326416016)","(359.9552001953125, 234.4139404296875, 359.93853759765625)","(-2.1497297286987305, -0.03935066983103752, -34.206966400146484)","(359.924072265625, 177.3285369873047, 0.004200153984129429)",0.0,0.0289,"(-0.002061, -0.000083, 0.057641)",LeftFalse_RightFalse,False,"(1.8900455236434937, -0.06649890542030334, 38.40488052368164)","(356.68634033203125, 352.027587890625, 355.76873779296875)",-0.49621,-1.0,"(0.000019, -0.000003, -0.000005)",LeftFalse_RightFalse
43.578491,0.02029,"(-1.4613741636276245, 0.8851451873779297, -34.94990921020508)","(357.4601745605469, 352.7774353027344, 179.0194091796875)","(-1.8786437511444092, 1.1911580562591553, -34.359580993652344)","(359.95526123046875, 234.41241455078125, 359.9385986328125)","(-2.149815797805786, -0.03935399278998375, -34.204551696777344)","(359.9241638183594, 177.32701110839844, 0.004187917336821556)",0.0,0.0289,"(-0.002049, -0.000081, 0.057589)",LeftFalse_RightFalse,False,"(1.89004647731781, -0.06649884581565857, 38.40488052368164)","(356.68634033203125, 352.0275573730469, 355.76873779296875)",-0.49621,-1.0,"(0.000019, -0.000004, -0.000005)",LeftFalse_RightFalse
43.63501,0.019561,"(-1.4614698886871338, 0.8851397633552551, -34.94660568237305)","(357.45599365234375, 352.7799377441406, 179.0252685546875)","(-1.8787562847137451, 1.1911534070968628, -34.35628890991211)","(359.955322265625, 234.41078186035156, 359.93865966796875)","(-2.149932622909546, -0.039358630776405334, -34.201263427734375)","(359.9242248535156, 177.3253936767578, 0.004179814830422401)",0.0,0.0289,"(-0.002056, -0.000080, 0.057717)",LeftFalse_RightFalse,False,"(1.8900477886199951, -0.06649888306856155, 38.40488052368164)","(356.68634033203125, 352.02752685546875, 355.76873779296875)",-0.496211,-1.0,"(0.000019, -0.000007, -0.000005)",LeftFalse_RightFalse
43.675171,0.019737,"(-1.461519479751587, 0.8851383924484253, -34.94425964355469)","(357.4539794921875, 352.7754211425781, 179.0213165283203)","(-1.8788316249847412, 1.1911505460739136, -34.35396194458008)","(359.9552307128906, 234.40829467773438, 359.93853759765625)","(-2.150014877319336, -0.039361752569675446, -34.198951721191406)","(359.924072265625, 177.32289123535156, 0.004190729930996895)",0.0,0.0289,"(-0.002053, -0.000079, 0.057444)",LeftFalse_RightFalse,False,"(1.8900487422943115, -0.06649897247552872, 38.40488052368164)","(356.68634033203125, 352.0274963378906, 355.76873779296875)",-0.49621,-1.0,"(0.000019, -0.000005, -0.000005)",LeftFalse_RightFalse
43.732056,0.019243,"(-1.461609125137329, 0.885134220123291, -34.940940856933594)","(357.4522399902344, 352.7763671875, 179.01934814453125)","(-1.8789434432983398, 1.1911460161209106, -34.35065841674805)","(359.9552001953125, 234.4061279296875, 359.9385070800781)","(-2.150132417678833, -0.03936631977558136, -34.19565963745117)","(359.9240417480469, 177.3207244873047, 0.004193912725895643)",0.0,0.0289,"(-0.002092, -0.000081, 0.058825)",LeftFalse_RightFalse,False,"(1.8900501728057861, -0.0664990097284317, 38.40488052368164)","(356.68634033203125, 352.0274658203125, 355.76873779296875)",-0.496212,-1.0,"(0.000019, -0.000004, -0.000005)",LeftFalse_RightFalse
43.790039,0.019196,"(-1.4617325067520142, 0.8851295709609985, -34.93756866455078)","(357.4512939453125, 352.7747802734375, 179.0283203125)","(-1.8790645599365234, 1.1911413669586182, -34.34728240966797)","(359.9552001953125, 234.40635681152344, 359.9385070800781)","(-2.1502530574798584, -0.039370957762002945, -34.192283630371094)","(359.9240417480469, 177.3209686279297, 0.00419376976788044)",0.0,0.0289,"(-0.002081, -0.000081, 0.058220)",LeftFalse_RightFalse,False,"(1.8900516033172607, -0.06649903953075409, 38.404884338378906)","(356.68634033203125, 352.0274353027344, 355.76873779296875)",-0.49621,-1.0,"(0.000019, -0.000004, -0.000005)",LeftFalse_RightFalse
43.848511,0.019241,"(-1.4618208408355713, 0.8851258754730225, -34.93415069580078)","(357.45086669921875, 352.77130126953125, 179.01815795898438)","(-1.879178762435913, 1.1911369562149048, -34.3438835144043)","(359.9551696777344, 234.40383911132812, 359.9384460449219)","(-2.150373935699463, -0.03937563672661781, -34.18889617919922)","(359.9239807128906, 177.31845092773438, 0.004196165595203638)",0.0,0.0289,"(-0.002071, -0.000080, 0.057931)",LeftFalse_RightFalse,False,"(1.8900527954101562, -0.0664990097284317, 38.40488052368164)","(356.68634033203125, 352.02740478515625, 355.76873779296875)",-0.496211,-1.0,"(0.000019, -0.000003, -0.000005)",LeftFalse_RightFalse
43.908325,0.019604,"(-1.4619160890579224, 0.885123610496521, -34.930667877197266)","(357.4556884765625, 352.7714538574219, 179.0229034423828)","(-1.8792961835861206, 1.1911325454711914, -34.340415954589844)","(359.9550476074219, 234.4016876220703, 359.93829345703125)","(-2.1504974365234375, -0.03938038647174835, -34.18544387817383)","(359.92376708984375, 177.3162841796875, 0.004213226493448019)",0.0,0.0289,"(-0.002092, -0.000084, 0.058421)",LeftFalse_RightFalse,False,"(1.8900543451309204, -0.06649890542030334, 38.40488052368164)","(356.68634033203125, 352.0273742675781, 355.76873779296875)",-0.496211,-1.0,"(0.000019, -0.000003, -0.000005)",LeftFalse_RightFalse
43.949097,0.019891,"(-1.461989164352417, 0.8851205706596375, -34.928287506103516)","(357.45751953125, 352.7685546875, 179.02474975585938)","(-1.8793790340423584, 1.1911293268203735, -34.338043212890625)","(359.95501708984375, 234.40074157714844, 359.93829345703125)","(-2.150582790374756, -0.039383720606565475, -34.183074951171875)","(359.9237365722656, 177.3153533935547, 0.004216104280203581)",0.0,0.0289,"(-0.002081, -0.000081, 0.057837)",LeftFalse_RightFalse,False,"(1.8900554180145264, -0.06649889051914215, 38.40488052368164)","(356.68634033203125, 352.02734375, 355.76873779296875)",-0.496211,-1.0,"(0.000019, -0.000003, -0.000005)",LeftFalse_RightFalse
44.007446,0.019742,"(-1.462099552154541, 0.8851154446601868, -34.924861907958984)","(357.4589538574219, 352.7661437988281, 179.0286407470703)","(-1.879499077796936, 1.191124677658081, -34.334625244140625)","(359.9550476074219, 234.39981079101562, 359.93829345703125)","(-2.150705337524414, -0.03938842937350273, -34.17966079711914)","(359.9237976074219, 177.3144073486328, 0.0042095910757780075)",0.0,0.0289,"(-0.002109, -0.000080, 0.059191)",LeftFalse_RightFalse,False,"(1.8900567293167114, -0.06649889796972275, 38.40488052368164)","(356.68634033203125, 352.0273132324219, 355.76873779296875)",-0.496209,-1.0,"(0.000019, -0.000002, -0.000005)",LeftFalse_RightFalse
44.067749,0.019924,"(-1.4622068405151367, 0.8851125240325928, -34.921356201171875)","(357.4598693847656, 352.7672424316406, 179.0241241455078)","(-1.8796205520629883, 1.1911202669143677, -34.33112716674805)","(359.9549560546875, 234.3984375, 359.9382019042969)","(-2.1508305072784424, -0.03939320519566536, -34.17617416381836)","(359.92364501953125, 177.31301879882812, 0.0042178393341600895)",0.0,0.0289,"(-0.002058, -0.000079, 0.056869)",LeftFalse_RightFalse,False,"(1.8900580406188965, -0.06649896502494812, 38.40488052368164)","(356.68634033203125, 352.02728271484375, 355.76873779296875)",-0.496211,-1.0,"(0.000019, -0.000004, -0.000005)",LeftFalse_RightFalse
44.127319,0.019917,"(-1.4623126983642578, 0.8851105570793152, -34.91792297363281)","(357.4604797363281, 352.7687683105469, 179.02174377441406)","(-1.8797402381896973, 1.1911159753799438, -34.327701568603516)","(359.954833984375, 234.39707946777344, 359.9380187988281)","(-2.150954008102417, -0.03939809277653694, -34.172760009765625)","(359.92340087890625, 177.3116912841797, 0.00423610070720315)",0.0,0.0289,"(-0.002100, -0.000083, 0.058300)",LeftFalse_RightFalse,False,"(1.8900595903396606, -0.0664990246295929, 38.40488052368164)","(356.68634033203125, 352.0272521972656, 355.76873779296875)",-0.496212,-1.0,"(0.000019, -0.000004, -0.000005)",LeftFalse_RightFalse
44.168823,0.020238,"(-1.462386131286621, 0.8851051926612854, -34.915470123291016)","(357.46051025390625, 352.7687072753906, 179.0172576904297)","(-1.8798247575759888, 1.1911120414733887, -34.325260162353516)","(359.9549255371094, 234.39599609375, 359.9381408691406)","(-2.151041269302368, -0.03940148651599884, -34.170318603515625)","(359.923583984375, 177.31060791015625, 0.004217666108161211)",0.0,0.0289,"(-0.002092, -0.000081, 0.058186)",LeftFalse_RightFalse,False,"(1.890060544013977, -0.06649905443191528, 38.40488052368164)","(356.68634033203125, 352.0272216796875, 355.76873779296875)",-0.496212,-1.0,"(0.000019, -0.000005, -0.000005)",LeftFalse_RightFalse
44.210815,0.020544,"(-1.4624500274658203, 0.885103166103363, -34.913021087646484)","(357.4607238769531, 352.767578125, 179.01637268066406)","(-1.8799073696136475, 1.19110906124115, -34.32282257080078)","(359.9548645019531, 234.39419555664062, 359.93804931640625)","(-2.1511287689208984, -0.039404843002557755, -34.16789245605469)","(359.9234619140625, 177.3087921142578, 0.00422576442360878)",0.0,0.0289,"(-0.002076, -0.000080, 0.057421)",LeftFalse_RightFalse,False,"(1.890061616897583, -0.06649897992610931, 38.40488052368164)","(356.68634033203125, 352.0271911621094, 355.76873779296875)",-0.496211,-1.0,"(0.000019, -0.000004, -0.000005)",LeftFalse_RightFalse
44.267822,0.019682,"(-1.4625650644302368, 0.8851014375686646, -34.90975570678711)","(357.46099853515625, 352.7631530761719, 179.01902770996094)","(-1.8800244331359863, 1.1911050081253052, -34.31955337524414)","(359.9547119140625, 234.39398193359375, 359.9378662109375)","(-2.1512467861175537, -0.039409369230270386, -34.16463088989258)","(359.9232482910156, 177.30857849121094, 0.004245545715093613)",0.0,0.0289,"(-0.002099, -0.000081, 0.058133)",LeftFalse_RightFalse,False,"(1.890062928199768, -0.06649893522262573, 38.40488052368164)","(356.68634033203125, 352.02716064453125, 355.76873779296875)",-0.49621,-1.0,"(0.000019, -0.000003, -0.000005)",LeftFalse_RightFalse
44.325928,0.019496,"(-1.4626786708831787, 0.88509601354599, -34.90635681152344)","(357.4610290527344, 352.763671875, 179.0205078125)","(-1.8801450729370117, 1.1911003589630127, -34.316162109375)","(359.95477294921875, 234.393310546875, 359.93792724609375)","(-2.151369094848633, -0.03941408544778824, -34.16123962402344)","(359.9233093261719, 177.3079071044922, 0.004236691165715456)",0.0,0.0289,"(-0.002093, -0.000081, 0.057829)",LeftFalse_RightFalse,False,"(1.8900643587112427, -0.06649889051914215, 38.404884338378906)","(356.68634033203125, 352.0271301269531, 355.7687683105469)",-0.496211,-1.0,"(0.000019, -0.000007, -0.000005)",LeftFalse_RightFalse
44.366699,0.019817,"(-1.4627439975738525, 0.8850921392440796, -34.903953552246094)","(357.4609680175781, 352.75982666015625, 179.02110290527344)","(-1.8802270889282227, 1.1910970211029053, -34.31377029418945)","(359.9548034667969, 234.39169311523438, 359.9379577636719)","(-2.1514551639556885, -0.03941726312041283, -34.15885543823242)","(359.9233703613281, 177.30630493164062, 0.00422928761690855)",0.0,0.0289,"(-0.002099, -0.000078, 0.058121)",LeftFalse_RightFalse,False,"(1.890065312385559, -0.0664990022778511, 38.40488052368164)","(356.68634033203125, 352.027099609375, 355.7687683105469)",-0.496211,-1.0,"(0.000019, -0.000006, -0.000005)",LeftFalse_RightFalse
44.425903,0.019783,"(-1.4628350734710693, 0.885089099407196, -34.900489807128906)","(357.46112060546875, 352.76080322265625, 179.01715087890625)","(-1.880344033241272, 1.191092610359192, -34.310325622558594)","(359.9547424316406, 234.38917541503906, 359.9378662109375)","(-2.1515791416168213, -0.039421942085027695, -34.155426025390625)","(359.9232482910156, 177.30377197265625, 0.00423934031277895)",0.0,0.0289,"(-0.002114, -0.000080, 0.058606)",LeftFalse_RightFalse,False,"(1.8900667428970337, -0.06649909168481827, 38.404884338378906)","(356.68634033203125, 352.0270690917969, 355.7687683105469)",-0.496211,-1.0,"(0.000019, -0.000005, -0.000005)",LeftFalse_RightFalse
44.485474,0.019935,"(-1.4629414081573486, 0.8850861191749573, -34.89702224731445)","(357.46124267578125, 352.7558898925781, 179.0239715576172)","(-1.8804652690887451, 1.1910881996154785, -34.30686950683594)","(359.95465087890625, 234.3877410888672, 359.937744140625)","(-2.1517043113708496, -0.039426740258932114, -34.1519775390625)","(359.923095703125, 177.3023223876953, 0.004250253085047007)",0.0,0.0289,"(-0.002111, -0.000082, 0.058365)",LeftFalse_RightFalse,False,"(1.8900681734085083, -0.06649914383888245, 38.404884338378906)","(356.68634033203125, 352.02703857421875, 355.7687683105469)",-0.496211,-1.0,"(0.000019, -0.000004, -0.000005)",LeftFalse_RightFalse
44.525635,0.019973,"(-1.4630131721496582, 0.8850831985473633, -34.894683837890625)","(357.4612731933594, 352.75787353515625, 179.01878356933594)","(-1.8805469274520874, 1.1910849809646606, -34.304534912109375)","(359.9546203613281, 234.38677978515625, 359.9377136230469)","(-2.1517884731292725, -0.03943005949258804, -34.14965057373047)","(359.9230651855469, 177.30137634277344, 0.004247892647981644)",0.0,0.0289,"(-0.002159, -0.000083, 0.060239)",LeftFalse_RightFalse,False,"(1.8900691270828247, -0.06649914383888245, 38.40488052368164)","(356.68634033203125, 352.0270080566406, 355.7687683105469)",-0.496212,-1.0,"(0.000019, -0.000003, -0.000005)",LeftFalse_RightFalse
44.566284,0.020094,"(-1.4630814790725708, 0.8850768208503723, -34.89223098754883)","(357.4610290527344, 352.7543640136719, 179.0154571533203)","(-1.880630373954773, 1.191080927848816, -34.30209732055664)","(359.95477294921875, 234.38531494140625, 359.9378967285156)","(-2.1518757343292236, -0.039433497935533524, -34.147212982177734)","(359.9233093261719, 177.29991149902344, 0.004223971161991358)",0.0,0.0289,"(-0.002135, -0.000079, 0.059403)",LeftFalse_RightFalse,False,"(1.8900699615478516, -0.06649911403656006, 38.40488052368164)","(356.68634033203125, 352.0269775390625, 355.7687683105469)",-0.496211,-1.0,"(0.000019, -0.000004, -0.000005)",LeftFalse_RightFalse
44.625854,0.019937,"(-1.463193416595459, 0.8850749135017395, -34.888755798339844)","(357.4612731933594, 352.7515869140625, 179.017822265625)","(-1.8807528018951416, 1.1910767555236816, -34.29862594604492)","(359.95465087890625, 234.38427734375, 359.937744140625)","(-2.152001142501831, -0.039438094943761826, -34.14375305175781)","(359.923095703125, 177.29888916015625, 0.004246557131409645)",0.0,0.0289,"(-0.002107, -0.000080, 0.057965)",LeftFalse_RightFalse,False,"(1.8900715112686157, -0.06649896502494812, 38.40488052368164)","(356.68634033203125, 352.0269470214844, 355.7687683105469)",-0.496213,-1.0,"(0.000019, -0.000003, -0.000005)",LeftFalse_RightFalse
44.683105,0.019547,"(-1.463287591934204, 0.8850705623626709, -34.885379791259766)","(357.4612731933594, 352.7486267089844, 179.01901245117188)","(-1.8808685541152954, 1.1910722255706787, -34.295265197753906)","(359.9546203613281, 234.3822021484375, 359.9377136230469)","(-2.1521224975585938, -0.039442747831344604, -34.14039993286133)","(359.9230651855469, 177.29678344726562, 0.004247464705258608)",0.0,0.0289,"(-0.002133, -0.000082, 0.059066)",LeftFalse_RightFalse,False,"(1.8900728225708008, -0.06649893522262573, 38.40488052368164)","(356.68634033203125, 352.02691650390625, 355.7687683105469)",-0.496209,-1.0,"(0.000019, -0.000005, -0.000005)",LeftFalse_RightFalse
44.737183,0.018782,"(-1.4633715152740479, 0.8850674629211426, -34.88218688964844)","(357.4613952636719, 352.7458190917969, 179.0196075439453)","(-1.880976915359497, 1.191068172454834, -34.29208755493164)","(359.9545593261719, 234.37982177734375, 359.9376220703125)","(-2.1522374153137207, -0.039447151124477386, -34.137237548828125)","(359.9229431152344, 177.29441833496094, 0.004256041254848242)",0.0,0.0289,"(-0.002130, -0.000079, 0.058628)",LeftFalse_RightFalse,False,"(1.8900740146636963, -0.0664990171790123, 38.40488052368164)","(356.68634033203125, 352.0268859863281, 355.7687683105469)",-0.496211,-1.0,"(0.000019, -0.000006, -0.000005)",LeftFalse_RightFalse
44.778931,0.019504,"(-1.4634487628936768, 0.8850657939910889, -34.8797492980957)","(357.4615173339844, 352.7447814941406, 179.01986694335938)","(-1.8810627460479736, 1.1910650730133057, -34.28965759277344)","(359.9544982910156, 234.3789825439453, 359.9375305175781)","(-2.1523256301879883, -0.03945053368806839, -34.13481521606445)","(359.9228210449219, 177.2935791015625, 0.00426451163366437)",0.0,0.0289,"(-0.002100, -0.000081, 0.057479)",LeftFalse_RightFalse,False,"(1.8900750875473022, -0.06649905443191528, 38.40488052368164)","(356.68634033203125, 352.02685546875, 355.7687683105469)",-0.496208,-1.0,"(0.000019, -0.000004, -0.000005)",LeftFalse_RightFalse
44.833862,0.018796,"(-1.4635742902755737, 0.8850614428520203, -34.87654495239258)","(357.4615173339844, 352.7472229003906, 179.0197296142578)","(-1.8811811208724976, 1.1910606622695923, -34.28644561767578)","(359.9544677734375, 234.37966918945312, 359.9375305175781)","(-2.15244197845459, -0.03945503011345863, -34.13159942626953)","(359.9228210449219, 177.2942657470703, 0.0042627304792404175)",0.0,0.0289,"(-0.002126, -0.000082, 0.058451)",LeftFalse_RightFalse,False,"(1.8900763988494873, -0.06649908423423767, 38.40488052368164)","(356.68634033203125, 352.0268249511719, 355.7687683105469)",-0.496213,-1.0,"(0.000019, -0.000004, -0.000005)",LeftFalse_RightFalse
44.875732,0.019623,"(-1.4636542797088623, 0.8850587606430054, -34.87408447265625)","(357.4615783691406, 352.74517822265625, 179.01919555664062)","(-1.8812686204910278, 1.1910573244094849, -34.283992767333984)","(359.9544372558594, 234.37893676757812, 359.9374694824219)","(-2.152531385421753, -0.03945840895175934, -34.129150390625)","(359.9227600097656, 177.29354858398438, 0.004263832233846188)",0.0,0.0289,"(-0.002153, -0.000081, 0.059384)",LeftFalse_RightFalse,False,"(1.8900773525238037, -0.0664990097284317, 38.40488052368164)","(356.68634033203125, 352.0268249511719, 355.7687683105469)",-0.496211,-1.0,"(0.000019, -0.000004, -0.000005)",LeftFalse_RightFalse
44.934814,0.019681,"(-1.463752269744873, 0.8850534558296204, -34.87057113647461)","(357.4615478515625, 352.7420349121094, 179.01988220214844)","(-1.8813891410827637, 1.1910524368286133, -34.28049850463867)","(359.9544677734375, 234.3767547607422, 359.9375)","(-2.1526577472686768, -0.03946324437856674, -34.12566375732422)","(359.92279052734375, 177.29135131835938, 0.004255348350852728)",0.0,0.0289,"(-0.002124, -0.000080, 0.058418)",LeftFalse_RightFalse,False,"(1.8900789022445679, -0.06649893522262573, 38.40488052368164)","(356.68634033203125, 352.0267639160156, 355.7687683105469)",-0.49621,-1.0,"(0.000019, -0.000003, -0.000005)",LeftFalse_RightFalse
44.976074,0.019975,"(-1.4638340473175049, 0.8850493431091309, -34.86811828613281)","(357.46148681640625, 352.74127197265625, 179.01622009277344)","(-1.8814764022827148, 1.1910490989685059, -34.278045654296875)","(359.95452880859375, 234.376220703125, 359.93756103515625)","(-2.1527462005615234, -0.03946654871106148, -34.12321472167969)","(359.9228820800781, 177.29083251953125, 0.0042456672526896)",0.0,0.0289,"(-0.002157, -0.000083, 0.059759)",LeftFalse_RightFalse,False,"(1.8900798559188843, -0.06649890542030334, 38.40488052368164)","(356.68634033203125, 352.0267639160156, 355.7687683105469)",-0.496211,-1.0,"(0.000019, -0.000003, -0.000005)",LeftFalse_RightFalse
45.032349,0.019273,"(-1.463927149772644, 0.8850471377372742, -34.86479949951172)","(357.4616394042969, 352.739013671875, 179.01844787597656)","(-1.8815903663635254, 1.1910450458526611, -34.274742126464844)","(359.95440673828125, 234.37420654296875, 359.9374084472656)","(-2.1528658866882324, -0.03947104513645172, -34.11992263793945)","(359.9226989746094, 177.28878784179688, 0.0042604729533195496)",0.0,0.0289,"(-0.002091, -0.000079, 0.057019)",LeftFalse_RightFalse,False,"(1.8900811672210693, -0.06649897992610931, 38.40488052368164)","(356.68634033203125, 352.0267333984375, 355.7687683105469)",-0.496212,-1.0,"(0.000019, -0.000005, -0.000005)",LeftFalse_RightFalse
45.072998,0.019722,"(-1.4640061855316162, 0.8850444555282593, -34.86239242553711)","(357.4617004394531, 352.7383117675781, 179.0211639404297)","(-1.8816759586334229, 1.1910417079925537, -34.2723388671875)","(359.9543762207031, 234.37356567382812, 359.9373779296875)","(-2.1529531478881836, -0.039474405348300934, -34.117523193359375)","(359.9226379394531, 177.2881622314453, 0.004263683687895536)",0.0,0.0289,"(-0.002129, -0.000082, 0.058465)",LeftFalse_RightFalse,False,"(1.8900821208953857, -0.0664990246295929, 38.40488052368164)","(356.68634033203125, 352.0267028808594, 355.7687683105469)",-0.496211,-1.0,"(0.000019, -0.000004, -0.000005)",LeftFalse_RightFalse
45.132568,0.019756,"(-1.4641335010528564, 0.8850406408309937, -34.85888671875)","(357.4617919921875, 352.73822021484375, 179.0177001953125)","(-1.881803274154663, 1.1910370588302612, -34.26883316040039)","(359.954345703125, 234.37356567382812, 359.93731689453125)","(-2.153080463409424, -0.03947928547859192, -34.11402130126953)","(359.92254638671875, 177.28817749023438, 0.004268741235136986)",0.0,0.0289,"(-0.002163, -0.000083, 0.059571)",LeftFalse_RightFalse,False,"(1.8900835514068604, -0.06649905443191528, 38.40488052368164)","(356.68634033203125, 352.02667236328125, 355.7687683105469)",-0.49621,-1.0,"(0.000019, -0.000004, -0.000005)",LeftFalse_RightFalse
45.18811,0.019132,"(-1.464246392250061, 0.8850352168083191, -34.85557174682617)","(357.4617004394531, 352.7376708984375, 179.01966857910156)","(-1.881921648979187, 1.1910325288772583, -34.26552200317383)","(359.9543762207031, 234.373046875, 359.9373474121094)","(-2.153200149536133, -0.03948383033275604, -34.11071014404297)","(359.9226379394531, 177.28762817382812, 0.004255988635122776)",0.0,0.0289,"(-0.002130, -0.000078, 0.058421)",LeftFalse_RightFalse,False,"(1.8900848627090454, -0.06649907678365707, 38.40488052368164)","(356.68634033203125, 352.0266418457031, 355.7687683105469)",-0.49621,-1.0,"(0.000019, -0.000003, -0.000005)",LeftFalse_RightFalse
45.246704,0.019336,"(-1.4643681049346924, 0.8850336074829102, -34.852142333984375)","(357.4619445800781, 352.7373962402344, 179.02186584472656)","(-1.8820459842681885, 1.191028356552124, -34.26209259033203)","(359.9542236328125, 234.37277221679688, 359.9371643066406)","(-2.153325319290161, -0.039488594979047775, -34.1072883605957)","(359.9223937988281, 177.28738403320312, 0.004275651182979345)",0.0,0.0289,"(-0.002139, -0.000081, 0.058521)",LeftFalse_RightFalse,False,"(1.89008629322052, -0.06649894267320633, 38.40488052368164)","(356.68634033203125, 352.026611328125, 355.7687683105469)",-0.496212,-1.0,"(0.000019, -0.000004, -0.000005)",LeftFalse_RightFalse
45.304199,0.01918,"(-1.4644801616668701, 0.8850303292274475, -34.848758697509766)","(357.4620666503906, 352.7413330078125, 179.01622009277344)","(-1.882166862487793, 1.1910239458084106, -34.25871658325195)","(359.95416259765625, 234.37191772460938, 359.93707275390625)","(-2.1534485816955566, -0.0394933708012104, -34.10391616821289)","(359.9222717285156, 177.28652954101562, 0.004282782319933176)",0.0,0.0289,"(-0.002168, -0.000083, 0.059612)",LeftFalse_RightFalse,False,"(1.890087604522705, -0.06649893522262573, 38.40488052368164)","(356.68634033203125, 352.0265808105469, 355.7687683105469)",-0.496212,-1.0,"(0.000019, -0.000004, -0.000005)",LeftFalse_RightFalse
45.364136,0.0196,"(-1.464573621749878, 0.8850269317626953, -34.84519577026367)","(357.4621887207031, 352.73443603515625, 179.02320861816406)","(-1.8822883367538452, 1.1910194158554077, -34.25517272949219)","(359.9541015625, 234.36920166015625, 359.9369812011719)","(-2.1535773277282715, -0.03949813172221184, -34.10038757324219)","(359.9221496582031, 177.28379821777344, 0.004287932068109512)",0.0,0.0289,"(-0.002198, -0.000084, 0.060751)",LeftFalse_RightFalse,False,"(1.8900891542434692, -0.06649893522262573, 38.40488052368164)","(356.68634033203125, 352.0265197753906, 355.7687683105469)",-0.496211,-1.0,"(0.000019, -0.000004, -0.000005)",LeftFalse_RightFalse
45.405762,0.020016,"(-1.4646532535552979, 0.885020911693573, -34.842674255371094)","(357.46197509765625, 352.73193359375, 179.02598571777344)","(-1.882377028465271, 1.1910152435302734, -34.25265884399414)","(359.9542236328125, 234.36831665039062, 359.9371337890625)","(-2.153668165206909, -0.03950171172618866, -34.09787368774414)","(359.92236328125, 177.28292846679688, 0.004268324468284845)",0.0,0.0289,"(-0.002169, -0.000082, 0.059749)",LeftFalse_RightFalse,False,"(1.890089988708496, -0.06649899482727051, 38.40488052368164)","(356.68634033203125, 352.0265197753906, 355.7687683105469)",-0.496213,-1.0,"(0.000019, -0.000004, -0.000005)",LeftFalse_RightFalse
45.462158,0.019357,"(-1.464756727218628, 0.8850153088569641, -34.839271545410156)","(357.4618835449219, 352.7327880859375, 179.02418518066406)","(-1.8824958801269531, 1.191010594367981, -34.249263763427734)","(359.95428466796875, 234.3668212890625, 359.9372253417969)","(-2.1537909507751465, -0.0395062081515789, -34.094486236572266)","(359.9224548339844, 177.2814178466797, 0.004255279432982206)",0.0,0.0289,"(-0.002180, -0.000081, 0.060304)",LeftFalse_RightFalse,False,"(1.8900914192199707, -0.0664990246295929, 38.40488052368164)","(356.68634033203125, 352.0264892578125, 355.7687683105469)",-0.496211,-1.0,"(0.000019, -0.000004, -0.000005)",LeftFalse_RightFalse
45.520386,0.01935,"(-1.4648792743682861, 0.8850114941596985, -34.83578872680664)","(357.46197509765625, 352.73602294921875, 179.02464294433594)","(-1.8826215267181396, 1.1910059452056885, -34.245784759521484)","(359.9542236328125, 234.36654663085938, 359.9371337890625)","(-2.1539173126220703, -0.039510998874902725, -34.09101104736328)","(359.92236328125, 177.28114318847656, 0.004264049232006073)",0.0,0.0289,"(-0.002170, -0.000082, 0.059717)",LeftFalse_RightFalse,False,"(1.8900927305221558, -0.06649905443191528, 38.40488052368164)","(356.68634033203125, 352.0264587402344, 355.7687683105469)",-0.496211,-1.0,"(0.000019, -0.000004, -0.000005)",LeftFalse_RightFalse
45.581177,0.019877,"(-1.464991807937622, 0.8850109577178955, -34.83219909667969)","(357.4623107910156, 352.73773193359375, 179.0248260498047)","(-1.8827478885650635, 1.1910017728805542, -34.24220275878906)","(359.9540100097656, 234.36520385742188, 359.9368591308594)","(-2.154047727584839, -0.03951593115925789, -34.087440490722656)","(359.9220275878906, 177.27978515625, 0.004293006379157305)",0.0,0.0289,"(-0.002174, -0.000083, 0.059697)",LeftFalse_RightFalse,False,"(1.8900941610336304, -0.06649886071681976, 38.40488052368164)","(356.68634033203125, 352.0263977050781, 355.7687683105469)",-0.496211,-1.0,"(0.000019, -0.000003, -0.000005)",LeftFalse_RightFalse
45.639526,0.019706,"(-1.4650946855545044, 0.8850066065788269, -34.82870864868164)","(357.4623718261719, 352.73193359375, 179.02049255371094)","(-1.8828692436218262, 1.1909970045089722, -34.23872375488281)","(359.9540100097656, 234.36337280273438, 359.93682861328125)","(-2.1541738510131836, -0.03952084481716156, -34.0839729309082)","(359.9219665527344, 177.27798461914062, 0.004290546756237745)",0.0,0.0289,"(-0.002148, -0.000080, 0.058682)",LeftFalse_RightFalse,False,"(1.8900954723358154, -0.06649884581565857, 38.40488052368164)","(356.68634033203125, 352.0263671875, 355.7687683105469)",-0.496213,-1.0,"(0.000019, -0.000004, -0.000005)",LeftFalse_RightFalse
45.698486,0.019687,"(-1.4652128219604492, 0.8850033283233643, -34.82521438598633)","(357.4624938964844, 352.7271728515625, 179.02149963378906)","(-1.8829947710037231, 1.1909924745559692, -34.23523712158203)","(359.95391845703125, 234.3626708984375, 359.9367370605469)","(-2.154301404953003, -0.039525825530290604, -34.08049011230469)","(359.9218444824219, 177.2772674560547, 0.004300165455788374)",0.0,0.0289,"(-0.002172, -0.000085, 0.059390)",LeftFalse_RightFalse,False,"(1.8900970220565796, -0.06649887561798096, 38.40488052368164)","(356.68634033203125, 352.0263366699219, 355.7687683105469)",-0.496211,-1.0,"(0.000019, -0.000005, -0.000005)",LeftFalse_RightFalse
45.760254,0.020189,"(-1.4653232097625732, 0.8849970698356628, -34.82149887084961)","(357.46240234375, 352.7265625, 179.01974487304688)","(-1.883124589920044, 1.1909871101379395, -34.231536865234375)","(359.9539794921875, 234.36080932617188, 359.9367980957031)","(-2.1544361114501953, -0.03953099995851517, -34.07679748535156)","(359.92193603515625, 177.275390625, 0.004285421222448349)",0.0,0.0289,"(-0.002179, -0.000081, 0.059764)",LeftFalse_RightFalse,False,"(1.8900984525680542, -0.06649893522262573, 38.404876708984375)","(356.68634033203125, 352.02630615234375, 355.7687683105469)",-0.496212,-1.0,"(0.000019, -0.000004, -0.000005)",LeftFalse_RightFalse
45.802979,0.020665,"(-1.4654000997543335, 0.8849942088127136, -34.818939208984375)","(357.4624328613281, 352.72320556640625, 179.02134704589844)","(-1.8832142353057861, 1.1909836530685425, -34.22898483276367)","(359.9539489746094, 234.3595428466797, 359.936767578125)","(-2.154529094696045, -0.03953441232442856, -34.07425308227539)","(359.9219055175781, 177.27413940429688, 0.0042892214842140675)",0.0,0.0289,"(-0.002164, -0.000082, 0.059188)",LeftFalse_RightFalse,False,"(1.8900995254516602, -0.06649897247552872, 38.40488052368164)","(356.68634033203125, 352.0262756347656, 355.768798828125)",-0.496212,-1.0,"(0.000019, -0.000004, -0.000005)",LeftFalse_RightFalse
45.847168,0.021082,"(-1.465484619140625, 0.8849912881851196, -34.81629943847656)","(357.4624938964844, 352.720947265625, 179.02235412597656)","(-1.883307933807373, 1.1909801959991455, -34.22635269165039)","(359.95391845703125, 234.35865783691406, 359.93670654296875)","(-2.154625177383423, -0.039538100361824036, -34.071624755859375)","(359.9218444824219, 177.27325439453125, 0.00429285503923893)",0.0,0.0289,"(-0.002188, -0.000084, 0.060147)",LeftFalse_RightFalse,False,"(1.8901004791259766, -0.06649897992610931, 38.404884338378906)","(356.68634033203125, 352.0262451171875, 355.768798828125)",-0.49621,-1.0,"(0.000019, -0.000005, -0.000005)",LeftFalse_RightFalse
45.890137,0.02118,"(-1.4655712842941284, 0.884987473487854, -34.813720703125)","(357.4624938964844, 352.7196044921875, 179.0190887451172)","(-1.8834002017974854, 1.1909767389297485, -34.22377395629883)","(359.9539489746094, 234.35812377929688, 359.9367370605469)","(-2.1547188758850098, -0.03954164683818817, -34.06904983520508)","(359.9218444824219, 177.27272033691406, 0.004290064796805382)",0.0,0.0289,"(-0.002159, -0.000079, 0.058985)",LeftFalse_RightFalse,False,"(1.890101432800293, -0.0664990246295929, 38.40488052368164)","(356.68634033203125, 352.0262451171875, 355.768798828125)",-0.49621,-1.0,"(0.000019, -0.000004, -0.000005)",LeftFalse_RightFalse
45.952637,0.021118,"(-1.4656929969787598, 0.8849875330924988, -34.810062408447266)","(357.462890625, 352.7236328125, 179.02145385742188)","(-1.8835316896438599, 1.1909726858139038, -34.220123291015625)","(359.95367431640625, 234.35714721679688, 359.9364013671875)","(-2.154853343963623, -0.03954670950770378, -34.06541061401367)","(359.92144775390625, 177.27175903320312, 0.0043266103602945805)",0.0,0.0289,"(-0.002188, -0.000083, 0.059575)",LeftFalse_RightFalse,False,"(1.8901029825210571, -0.06649897992610931, 38.40488052368164)","(356.68634033203125, 352.02618408203125, 355.768798828125)",-0.496212,-1.0,"(0.000019, -0.000004, -0.000005)",LeftFalse_RightFalse
45.993652,0.020928,"(-1.4657750129699707, 0.8849831223487854, -34.80760955810547)","(357.4627990722656, 352.7248229980469, 179.02235412597656)","(-1.883619785308838, 1.1909689903259277, -34.217674255371094)","(359.9537353515625, 234.3565673828125, 359.93646240234375)","(-2.1549429893493652, -0.039550237357616425, -34.062965393066406)","(359.9215087890625, 177.2711639404297, 0.004316926002502441)",0.0,0.0289,"(-0.002223, -0.000086, 0.061066)",LeftFalse_RightFalse,False,"(1.890103816986084, -0.06649892032146454, 38.40488052368164)","(356.68634033203125, 352.02618408203125, 355.768798828125)",-0.496211,-1.0,"(0.000019, -0.000003, -0.000005)",LeftFalse_RightFalse
46.033813,0.020628,"(-1.4658527374267578, 0.8849800825119019, -34.805213928222656)","(357.46282958984375, 352.72515869140625, 179.01991271972656)","(-1.8837058544158936, 1.1909658908843994, -34.21528244018555)","(359.9537353515625, 234.35577392578125, 359.93646240234375)","(-2.1550309658050537, -0.03955340385437012, -34.060577392578125)","(359.9215087890625, 177.27037048339844, 0.004314137157052755)",0.0,0.0289,"(-0.002156, -0.000080, 0.058548)",LeftFalse_RightFalse,False,"(1.8901050090789795, -0.06649887561798096, 38.40488052368164)","(356.68634033203125, 352.0261535644531, 355.768798828125)",-0.496211,-1.0,"(0.000019, -0.000003, -0.000005)",LeftFalse_RightFalse
46.078369,0.021234,"(-1.4659440517425537, 0.8849782943725586, -34.80258560180664)","(357.4629821777344, 352.7255554199219, 179.0182647705078)","(-1.883800983428955, 1.190962553024292, -34.2126579284668)","(359.9536437988281, 234.35537719726562, 359.93634033203125)","(-2.1551272869110107, -0.03955712541937828, -34.05795669555664)","(359.9213562011719, 177.2699737548828, 0.0043264469131827354)",0.0,0.0289,"(-0.002160, -0.000081, 0.058439)",LeftFalse_RightFalse,False,"(1.890105962753296, -0.06649892777204514, 38.40488052368164)","(356.68634033203125, 352.026123046875, 355.768798828125)",-0.496216,-1.0,"(0.000019, -0.000006, -0.000005)",LeftFalse_RightFalse
46.120728,0.02126,"(-1.466016411781311, 0.8849742412567139, -34.80004119873047)","(357.4629211425781, 352.7222900390625, 179.01922607421875)","(-1.8838894367218018, 1.190959095954895, -34.21012496948242)","(359.95367431640625, 234.3538360595703, 359.9363708496094)","(-2.155219793319702, -0.0395604744553566, -34.0554313659668)","(359.9214172363281, 177.26841735839844, 0.004313679877668619)",0.0,0.0289,"(-0.002171, -0.000081, 0.059197)",LeftFalse_RightFalse,False,"(1.8901070356369019, -0.06649896502494812, 38.40488052368164)","(356.68634033203125, 352.0260925292969, 355.768798828125)",-0.496208,-1.0,"(0.000019, -0.000005, -0.000005)",LeftFalse_RightFalse
46.164307,0.021498,"(-1.4660797119140625, 0.8849695324897766, -34.797393798828125)","(357.46282958984375, 352.716064453125, 179.0198211669922)","(-1.883978247642517, 1.1909550428390503, -34.207496643066406)","(359.9537353515625, 234.3513641357422, 359.9364318847656)","(-2.1553151607513428, -0.03956419602036476, -34.05281066894531)","(359.9215087890625, 177.2659454345703, 0.004305287729948759)",0.0,0.0289,"(-0.002212, -0.000080, 0.060499)",LeftFalse_RightFalse,False,"(1.8901081085205078, -0.06649899482727051, 38.40488052368164)","(356.68634033203125, 352.02606201171875, 355.768798828125)",-0.49621,-1.0,"(0.000019, -0.000004, -0.000005)",LeftFalse_RightFalse
46.20874,0.021835,"(-1.4661540985107422, 0.8849656581878662, -34.7946891784668)","(357.4627990722656, 352.7118835449219, 179.02020263671875)","(-1.884071707725525, 1.1909515857696533, -34.20480728149414)","(359.9537353515625, 234.34950256347656, 359.93646240234375)","(-2.1554136276245117, -0.039567649364471436, -34.05012893676758)","(359.9215393066406, 177.26409912109375, 0.004305192735046148)",0.0,0.0289,"(-0.002183, -0.000079, 0.059387)",LeftFalse_RightFalse,False,"(1.8901090621948242, -0.0664990097284317, 38.404884338378906)","(356.68634033203125, 352.02606201171875, 355.768798828125)",-0.496211,-1.0,"(0.000019, -0.000004, -0.000005)",LeftFalse_RightFalse
46.271362,0.02145,"(-1.4662866592407227, 0.8849616646766663, -34.79094314575195)","(357.462890625, 352.7120361328125, 179.02120971679688)","(-1.8842077255249023, 1.1909466981887817, -34.2010612487793)","(359.9537048339844, 234.34915161132812, 359.9364013671875)","(-2.155550718307495, -0.03957279771566391, -34.04638671875)","(359.92144775390625, 177.26376342773438, 0.004313841927796602)",0.0,0.0289,"(-0.002218, -0.000083, 0.060860)",LeftFalse_RightFalse,False,"(1.8901104927062988, -0.06649895012378693, 38.40488052368164)","(356.68634033203125, 352.0260009765625, 355.768798828125)",-0.496211,-1.0,"(0.000019, -0.000003, -0.000005)",LeftFalse_RightFalse
46.314087,0.021362,"(-1.4663641452789307, 0.8849579691886902, -34.78835678100586)","(357.462890625, 352.7130432128906, 179.0195770263672)","(-1.88429856300354, 1.1909431219100952, -34.198482513427734)","(359.9537048339844, 234.34786987304688, 359.9364013671875)","(-2.1556448936462402, -0.03957633674144745, -34.04381561279297)","(359.92144775390625, 177.26246643066406, 0.00430943351238966)",0.0,0.0289,"(-0.002209, -0.000085, 0.060533)",LeftFalse_RightFalse,False,"(1.8901116847991943, -0.06649889051914215, 38.40488052368164)","(356.68634033203125, 352.0260009765625, 355.768798828125)",-0.496212,-1.0,"(0.000019, -0.000004, -0.000005)",LeftFalse_RightFalse
46.358032,0.021525,"(-1.4664400815963745, 0.884955883026123, -34.785709381103516)","(357.4629821777344, 352.7129821777344, 179.01593017578125)","(-1.8843905925750732, 1.1909396648406982, -34.19584655761719)","(359.9536437988281, 234.3463134765625, 359.9363098144531)","(-2.1557412147521973, -0.039579980075359344, -34.04119110107422)","(359.92132568359375, 177.2609100341797, 0.004317048471421003)",0.0,0.0289,"(-0.002191, -0.000083, 0.059738)",LeftFalse_RightFalse,False,"(1.8901126384735107, -0.06649881601333618, 38.40488052368164)","(356.68634033203125, 352.0259704589844, 355.768798828125)",-0.496211,-1.0,"(0.000019, -0.000004, -0.000005)",LeftFalse_RightFalse
46.401489,0.021599,"(-1.4665021896362305, 0.884953498840332, -34.7830696105957)","(357.4631042480469, 352.7112731933594, 179.01370239257812)","(-1.8844791650772095, 1.1909363269805908, -34.1932258605957)","(359.95355224609375, 234.34373474121094, 359.93621826171875)","(-2.155836820602417, -0.039583638310432434, -34.03858184814453)","(359.9212341308594, 177.25833129882812, 0.004326998256146908)",0.0,0.0289,"(-0.002189, -0.000085, 0.059431)",LeftFalse_RightFalse,False,"(1.8901135921478271, -0.06649883836507797, 38.40488052368164)","(356.68634033203125, 352.02593994140625, 355.768798828125)",-0.496212,-1.0,"(0.000019, -0.000005, -0.000005)",LeftFalse_RightFalse
46.462036,0.021019,"(-1.4666240215301514, 0.8849515914916992, -34.779483795166016)","(357.4633483886719, 352.711181640625, 179.01348876953125)","(-1.8846091032028198, 1.1909319162368774, -34.18964385986328)","(359.95343017578125, 234.34292602539062, 359.93603515625)","(-2.1559691429138184, -0.03958866372704506, -34.035011291503906)","(359.9209899902344, 177.2575225830078, 0.004346428904682398)",0.0,0.0289,"(-0.002169, -0.000084, 0.058567)",LeftFalse_RightFalse,False,"(1.8901151418685913, -0.06649890542030334, 38.40488052368164)","(356.68634033203125, 352.0259094238281, 355.768798828125)",-0.49621,-1.0,"(0.000019, -0.000006, -0.000005)",LeftFalse_RightFalse
46.520386,0.020252,"(-1.4667387008666992, 0.8849454522132874, -34.77595138549805)","(357.4632568359375, 352.71038818359375, 179.01388549804688)","(-1.8847354650497437, 1.1909267902374268, -34.186119079589844)","(359.9534606933594, 234.34181213378906, 359.93609619140625)","(-2.1560983657836914, -0.039593733847141266, -34.031490325927734)","(359.92108154296875, 177.25640869140625, 0.004335680976510048)",0.0,0.0289,"(-0.002217, -0.000084, 0.060300)",LeftFalse_RightFalse,False,"(1.890116572380066, -0.06649896502494812, 38.40488052368164)","(356.68634033203125, 352.02587890625, 355.768798828125)",-0.496211,-1.0,"(0.000019, -0.000004, -0.000005)",LeftFalse_RightFalse
46.561279,0.020268,"(-1.4668307304382324, 0.8849428296089172, -34.77349853515625)","(357.46331787109375, 352.71063232421875, 179.0167999267578)","(-1.8848261833190918, 1.1909235715866089, -34.18366622924805)","(359.95343017578125, 234.34194946289062, 359.9360656738281)","(-2.156188726425171, -0.03959701582789421, -34.02903747558594)","(359.9210205078125, 177.2565460205078, 0.004339450970292091)",0.0,0.0289,"(-0.002203, -0.000081, 0.059821)",LeftFalse_RightFalse,False,"(1.8901175260543823, -0.06649896502494812, 38.40488052368164)","(356.68634033203125, 352.0258483886719, 355.768798828125)",-0.496213,-1.0,"(0.000019, -0.000005, -0.000005)",LeftFalse_RightFalse
46.603149,0.020482,"(-1.4668996334075928, 0.8849411606788635, -34.77098083496094)","(357.46343994140625, 352.7089538574219, 179.01866149902344)","(-1.884913444519043, 1.190920352935791, -34.18115997314453)","(359.953369140625, 234.34014892578125, 359.9359436035156)","(-2.156280994415283, -0.03960046544671059, -34.02654266357422)","(359.9208679199219, 177.25474548339844, 0.004350938368588686)",0.0,0.0289,"(-0.002225, -0.000085, 0.060468)",LeftFalse_RightFalse,False,"(1.8901184797286987, -0.06649899482727051, 38.40488052368164)","(356.68634033203125, 352.02581787109375, 355.768798828125)",-0.496211,-1.0,"(0.000019, -0.000004, -0.000005)",LeftFalse_RightFalse
46.646729,0.020939,"(-1.4669820070266724, 0.8849380612373352, -34.76835632324219)","(357.4635009765625, 352.7079162597656, 179.01434326171875)","(-1.8850071430206299, 1.1909167766571045, -34.17854690551758)","(359.9533386230469, 234.33905029296875, 359.9359130859375)","(-2.1563775539398193, -0.039604149758815765, -34.02393341064453)","(359.92083740234375, 177.253662109375, 0.004350000526756048)",0.0,0.0289,"(-0.002174, -0.000081, 0.058456)",LeftFalse_RightFalse,False,"(1.8901195526123047, -0.06649898737668991, 38.40488052368164)","(356.68634033203125, 352.0257873535156, 355.768798828125)",-0.496211,-1.0,"(0.000019, -0.000003, -0.000005)",LeftFalse_RightFalse
46.687256,0.020638,"(-1.467050552368164, 0.8849369883537292, -34.76594924926758)","(357.4636535644531, 352.7063903808594, 179.01181030273438)","(-1.8850913047790527, 1.1909141540527344, -34.1761474609375)","(359.9532165527344, 234.33753967285156, 359.9357604980469)","(-2.156466007232666, -0.039607442915439606, -34.02154541015625)","(359.920654296875, 177.2521209716797, 0.004363540094345808)",0.0,0.0289,"(-0.002254, -0.000088, 0.061431)",LeftFalse_RightFalse,False,"(1.890120506286621, -0.06649882346391678, 38.40488052368164)","(356.68634033203125, 352.0257873535156, 355.768798828125)",-0.496212,-1.0,"(0.000019, -0.000004, -0.000005)",LeftFalse_RightFalse
46.728027,0.020464,"(-1.4671211242675781, 0.8849319219589233, -34.76346206665039)","(357.4635314941406, 352.70111083984375, 179.01434326171875)","(-1.8851783275604248, 1.1909102201461792, -34.173675537109375)","(359.95330810546875, 234.33595275878906, 359.9358825683594)","(-2.156557083129883, -0.03961087763309479, -34.01907730102539)","(359.9208068847656, 177.25054931640625, 0.00434950552880764)",0.0,0.0289,"(-0.002203, -0.000082, 0.059494)",LeftFalse_RightFalse,False,"(1.8901214599609375, -0.06649884581565857, 38.40488052368164)","(356.68634033203125, 352.0257568359375, 355.768798828125)",-0.496213,-1.0,"(0.000019, -0.000004, -0.000005)",LeftFalse_RightFalse
46.785767,0.019888,"(-1.4672256708145142, 0.884929895401001, -34.7600212097168)","(357.4637451171875, 352.6963806152344, 179.016357421875)","(-1.8853003978729248, 1.190906286239624, -34.17024230957031)","(359.95318603515625, 234.33424377441406, 359.9356994628906)","(-2.156683921813965, -0.03961551934480667, -34.01565933227539)","(359.92059326171875, 177.24884033203125, 0.004366008099168539)",0.0,0.0289,"(-0.002200, -0.000084, 0.059272)",LeftFalse_RightFalse,False,"(1.890122890472412, -0.06649888306856155, 38.40488052368164)","(356.68634033203125, 352.0257263183594, 355.768798828125)",-0.496216,-1.0,"(0.000019, -0.000005, -0.000005)",LeftFalse_RightFalse
46.844482,0.019788,"(-1.4673199653625488, 0.8849258422851562, -34.75649642944336)","(357.46380615234375, 352.6946105957031, 179.01455688476562)","(-1.8854228258132935, 1.1909013986587524, -34.16674041748047)","(359.9531555175781, 234.33151245117188, 359.9356689453125)","(-2.156813621520996, -0.039620429277420044, -34.012168884277344)","(359.9205322265625, 177.24610900878906, 0.004367219749838114)",0.0,0.0289,"(-0.002195, -0.000084, 0.059011)",LeftFalse_RightFalse,False,"(1.8901242017745972, -0.06649893522262573, 38.40488052368164)","(356.68634033203125, 352.02569580078125, 355.768798828125)",-0.496212,-1.0,"(0.000019, -0.000005, -0.000005)",LeftFalse_RightFalse
46.885986,0.020095,"(-1.467400312423706, 0.88492351770401, -34.7540283203125)","(357.4638977050781, 352.6947937011719, 179.01649475097656)","(-1.8855116367340088, 1.1908981800079346, -34.164276123046875)","(359.9530944824219, 234.33065795898438, 359.9355773925781)","(-2.156904935836792, -0.03962390869855881, -34.00971221923828)","(359.9204406738281, 177.24525451660156, 0.004377402830868959)",0.0,0.0289,"(-0.002244, -0.000085, 0.060808)",LeftFalse_RightFalse,False,"(1.8901252746582031, -0.06649896502494812, 38.40488052368164)","(356.68634033203125, 352.0256652832031, 355.768798828125)",-0.496211,-1.0,"(0.000019, -0.000004, -0.000005)",LeftFalse_RightFalse
46.927002,0.020256,"(-1.4674668312072754, 0.8849195241928101, -34.75156021118164)","(357.4638671875, 352.6918029785156, 179.01768493652344)","(-1.8855974674224854, 1.1908944845199585, -34.16182327270508)","(359.953125, 234.32879638671875, 359.93560791015625)","(-2.1569955348968506, -0.03962741047143936, -34.007266998291016)","(359.92047119140625, 177.24339294433594, 0.004371719900518656)",0.0,0.0289,"(-0.002205, -0.000082, 0.059399)",LeftFalse_RightFalse,False,"(1.8901262283325195, -0.06649897992610931, 38.40488052368164)","(356.68634033203125, 352.025634765625, 355.768798828125)",-0.496211,-1.0,"(0.000019, -0.000005, -0.000005)",LeftFalse_RightFalse
46.969971,0.020663,"(-1.4675304889678955, 0.8849180936813354, -34.74900436401367)","(357.4639892578125, 352.688720703125, 179.01844787597656)","(-1.8856850862503052, 1.1908916234970093, -34.15928268432617)","(359.9530334472656, 234.32647705078125, 359.93548583984375)","(-2.1570897102355957, -0.03963075950741768, -34.00474166870117)","(359.9203186035156, 177.24105834960938, 0.004385890904814005)",0.0,0.0289,"(-0.002233, -0.000085, 0.060064)",LeftFalse_RightFalse,False,"(1.8901273012161255, -0.06649891287088394, 38.404884338378906)","(356.68634033203125, 352.0256042480469, 355.768798828125)",-0.496211,-1.0,"(0.000019, -0.000004, -0.000005)",LeftFalse_RightFalse
47.027954,0.020072,"(-1.4676388502120972, 0.884913444519043, -34.74553680419922)","(357.4640197753906, 352.68658447265625, 179.0190887451172)","(-1.8858095407485962, 1.1908868551254272, -34.155826568603516)","(359.9530029296875, 234.32492065429688, 359.93548583984375)","(-2.1572184562683105, -0.03963550925254822, -34.00129318237305)","(359.9203186035156, 177.239501953125, 0.00438768370077014)",0.0,0.0289,"(-0.002259, -0.000083, 0.060893)",LeftFalse_RightFalse,False,"(1.8901286125183105, -0.06649884581565857, 38.40488052368164)","(356.68634033203125, 352.02557373046875, 355.768798828125)",-0.496211,-1.0,"(0.000019, -0.000004, -0.000005)",LeftFalse_RightFalse
47.068848,0.020229,"(-1.4677205085754395, 0.8849092721939087, -34.74308395385742)","(357.4639587402344, 352.68560791015625, 179.01513671875)","(-1.8858989477157593, 1.1908832788467407, -34.15338134765625)","(359.9530334472656, 234.32415771484375, 359.9355163574219)","(-2.1573097705841064, -0.039639003574848175, -33.99884796142578)","(359.9203796386719, 177.23875427246094, 0.004382749553769827)",0.0,0.0289,"(-0.002254, -0.000082, 0.060738)",LeftFalse_RightFalse,False,"(1.890129566192627, -0.06649887561798096, 38.40488052368164)","(356.68634033203125, 352.0255432128906, 355.768798828125)",-0.496211,-1.0,"(0.000019, -0.000004, -0.000005)",LeftFalse_RightFalse
47.109375,0.02024,"(-1.4677965641021729, 0.8849047422409058, -34.740623474121094)","(357.4638366699219, 352.684326171875, 179.01654052734375)","(-1.8859868049621582, 1.1908798217773438, -34.15092849731445)","(359.953125, 234.322998046875, 359.93560791015625)","(-2.157400608062744, -0.03964214026927948, -33.99639892578125)","(359.92047119140625, 177.23760986328125, 0.0043698204681277275)",0.0,0.0289,"(-0.002244, -0.000081, 0.060579)",LeftFalse_RightFalse,False,"(1.8901305198669434, -0.06649889051914215, 38.40488052368164)","(356.68634033203125, 352.0255432128906, 355.768798828125)",-0.496211,-1.0,"(0.000019, -0.000006, -0.000005)",LeftFalse_RightFalse
47.16687,0.019678,"(-1.4679043292999268, 0.8849020600318909, -34.7371826171875)","(357.4640197753906, 352.68267822265625, 179.01766967773438)","(-1.8861104249954224, 1.19087553024292, -34.147499084472656)","(359.9530334472656, 234.3214874267578, 359.93548583984375)","(-2.1575284004211426, -0.03964687138795853, -33.99298095703125)","(359.9203186035156, 177.23606872558594, 0.004381179343909025)",0.0,0.0289,"(-0.002236, -0.000083, 0.059960)",LeftFalse_RightFalse,False,"(1.890131950378418, -0.06649897247552872, 38.40488052368164)","(356.68634033203125, 352.0255126953125, 355.768798828125)",-0.49621,-1.0,"(0.000019, -0.000004, -0.000005)",LeftFalse_RightFalse
47.207642,0.019849,"(-1.4679956436157227, 0.8849002122879028, -34.734764099121094)","(357.4641418457031, 352.68267822265625, 179.01812744140625)","(-1.8862011432647705, 1.1908724308013916, -34.145076751708984)","(359.95294189453125, 234.321533203125, 359.9353942871094)","(-2.157618999481201, -0.039650291204452515, -33.990562438964844)","(359.9201965332031, 177.2361297607422, 0.004391978029161692)",0.0,0.0289,"(-0.002232, -0.000082, 0.059751)",LeftFalse_RightFalse,False,"(1.8901329040527344, -0.06649896502494812, 38.40488052368164)","(356.68634033203125, 352.0254821777344, 355.768798828125)",-0.496208,-1.0,"(0.000019, -0.000003, -0.000005)",LeftFalse_RightFalse
47.266846,0.019886,"(-1.4680960178375244, 0.8848971128463745, -34.73122787475586)","(357.4642639160156, 352.6802673339844, 179.0185089111328)","(-1.8863258361816406, 1.1908679008483887, -34.14155960083008)","(359.952880859375, 234.31915283203125, 359.9352722167969)","(-2.157750129699707, -0.03965519368648529, -33.987056732177734)","(359.9200439453125, 177.23374938964844, 0.004396419506520033)",0.0,0.0289,"(-0.002234, -0.000084, 0.059810)",LeftFalse_RightFalse,False,"(1.8901342153549194, -0.06649893522262573, 38.40488052368164)","(356.68634033203125, 352.02545166015625, 355.768798828125)",-0.496211,-1.0,"(0.000019, -0.000004, -0.000005)",LeftFalse_RightFalse
47.322998,0.019272,"(-1.4681956768035889, 0.8848918676376343, -34.72783660888672)","(357.4642028808594, 352.67828369140625, 179.01870727539062)","(-1.8864457607269287, 1.1908631324768066, -34.138179779052734)","(359.9529113769531, 234.3171844482422, 359.935302734375)","(-2.1578752994537354, -0.039659854024648666, -33.98368835449219)","(359.92010498046875, 177.23178100585938, 0.004389097448438406)",0.0,0.0289,"(-0.002262, -0.000085, 0.060888)",LeftFalse_RightFalse,False,"(1.8901355266571045, -0.0664987862110138, 38.40488052368164)","(356.68634033203125, 352.0254211425781, 355.768798828125)",-0.496211,-1.0,"(0.000019, -0.000004, -0.000005)",LeftFalse_RightFalse
47.380615,0.019259,"(-1.4683165550231934, 0.8848870992660522, -34.724369049072266)","(357.4642028808594, 352.6775817871094, 179.01882934570312)","(-1.8865735530853271, 1.1908583641052246, -34.13471984863281)","(359.9529113769531, 234.31651306152344, 359.9353332519531)","(-2.1580047607421875, -0.039664577692747116, -33.980228424072266)","(359.92010498046875, 177.23110961914062, 0.0043870131485164165)",0.0,0.0289,"(-0.002253, -0.000082, 0.060391)",LeftFalse_RightFalse,False,"(1.8901370763778687, -0.0664987862110138, 38.40488052368164)","(356.68634033203125, 352.025390625, 355.7688293457031)",-0.496211,-1.0,"(0.000019, -0.000003, -0.000005)",LeftFalse_RightFalse
47.433472,0.018431,"(-1.4684243202209473, 0.8848848342895508, -34.721221923828125)","(357.4643859863281, 352.67681884765625, 179.0188446044922)","(-1.8866891860961914, 1.1908544301986694, -34.13157653808594)","(359.95281982421875, 234.31576538085938, 359.9351806640625)","(-2.1581225395202637, -0.03966893255710602, -33.97709274291992)","(359.9199523925781, 177.2303466796875, 0.004399409983307123)",0.0,0.0289,"(-0.002220, -0.000082, 0.058908)",LeftFalse_RightFalse,False,"(1.8901381492614746, -0.06649883091449738, 38.40488052368164)","(356.68634033203125, 352.0253601074219, 355.768798828125)",-0.496209,-1.0,"(0.000019, -0.000006, -0.000005)",LeftFalse_RightFalse
47.488892,0.018427,"(-1.4685368537902832, 0.8848796486854553, -34.71788024902344)","(357.4643249511719, 352.67791748046875, 179.01889038085938)","(-1.88681161403656, 1.190849781036377, -34.12824249267578)","(359.9528503417969, 234.3148193359375, 359.9352111816406)","(-2.158247470855713, -0.03967362269759178, -33.97376251220703)","(359.91998291015625, 177.2294158935547, 0.004392075352370739)",0.0,0.0289,"(-0.002238, -0.000083, 0.059988)",LeftFalse_RightFalse,False,"(1.8901395797729492, -0.06649890542030334, 38.40488052368164)","(356.68634033203125, 352.0252990722656, 355.768798828125)",-0.496214,-1.0,"(0.000019, -0.000005, -0.000005)",LeftFalse_RightFalse
47.529907,0.019204,"(-1.468612790107727, 0.8848758935928345, -34.71539306640625)","(357.46429443359375, 352.67999267578125, 179.0189208984375)","(-1.8869004249572754, 1.19084632396698, -34.125762939453125)","(359.9528503417969, 234.31356811523438, 359.93524169921875)","(-2.158339500427246, -0.03967694193124771, -33.971290588378906)","(359.9200134277344, 177.2281494140625, 0.0043858555145561695)",0.0,0.0289,"(-0.002256, -0.000083, 0.060389)",LeftFalse_RightFalse,False,"(1.8901405334472656, -0.06649892777204514, 38.40488052368164)","(356.68634033203125, 352.0252990722656, 355.768798828125)",-0.496211,-1.0,"(0.000019, -0.000005, -0.000005)",LeftFalse_RightFalse
47.586792,0.018998,"(-1.4687167406082153, 0.8848695158958435, -34.7119026184082)","(357.46417236328125, 352.678955078125, 179.0189666748047)","(-1.8870242834091187, 1.1908411979675293, -34.12228775024414)","(359.95294189453125, 234.31161499023438, 359.93536376953125)","(-2.15846848487854, -0.03968164697289467, -33.96781921386719)","(359.920166015625, 177.22621154785156, 0.004372051917016506)",0.0,0.0289,"(-0.002252, -0.000080, 0.060431)",LeftFalse_RightFalse,False,"(1.8901419639587402, -0.06649896502494812, 38.40488052368164)","(356.68634033203125, 352.0252685546875, 355.7688293457031)",-0.496209,-1.0,"(0.000019, -0.000003, -0.000005)",LeftFalse_RightFalse
47.640259,0.018475,"(-1.4687936305999756, 0.8848680853843689, -34.70864486694336)","(357.4643859863281, 352.67608642578125, 179.01893615722656)","(-1.8871352672576904, 1.1908375024795532, -34.11905288696289)","(359.9527893066406, 234.3083038330078, 359.9351806640625)","(-2.1585886478424072, -0.03968598693609238, -33.96460723876953)","(359.919921875, 177.222900390625, 0.00439596688374877)",0.0,0.0289,"(-0.002249, -0.000084, 0.060017)",LeftFalse_RightFalse,False,"(1.8901431560516357, -0.06649896502494812, 38.40488052368164)","(356.68634033203125, 352.0252380371094, 355.7688293457031)",-0.496212,-1.0,"(0.000019, -0.000004, -0.000005)",LeftFalse_RightFalse
47.699585,0.019165,"(-1.4689044952392578, 0.8848615884780884, -34.704994201660156)","(357.4642639160156, 352.6744689941406, 179.01895141601562)","(-1.8872654438018799, 1.190832257270813, -34.11541748046875)","(359.952880859375, 234.30642700195312, 359.9352722167969)","(-2.158723831176758, -0.03969098627567291, -33.960975646972656)","(359.9200439453125, 177.22100830078125, 0.004386190325021744)",0.0,0.0289,"(-0.002279, -0.000084, 0.061155)",LeftFalse_RightFalse,False,"(1.8901447057724, -0.06649884581565857, 38.40488052368164)","(356.68634033203125, 352.0251770019531, 355.7688293457031)",-0.49621,-1.0,"(0.000019, -0.000003, -0.000005)",LeftFalse_RightFalse
47.75708,0.019158,"(-1.469017744064331, 0.8848608136177063, -34.701541900634766)","(357.464599609375, 352.6734313964844, 179.01889038085938)","(-1.8873910903930664, 1.1908282041549683, -34.111968994140625)","(359.9526672363281, 234.30520629882812, 359.93499755859375)","(-2.158853054046631, -0.039695821702480316, -33.957542419433594)","(359.9197082519531, 177.2198028564453, 0.004414401948451996)",0.0,0.0289,"(-0.002274, -0.000086, 0.060729)",LeftFalse_RightFalse,False,"(1.890146017074585, -0.066498763859272, 38.40488052368164)","(356.68634033203125, 352.025146484375, 355.7688293457031)",-0.496211,-1.0,"(0.000019, -0.000003, -0.000005)",LeftFalse_RightFalse
47.814941,0.019254,"(-1.4691383838653564, 0.8848565816879272, -34.698028564453125)","(357.46466064453125, 352.67266845703125, 179.01849365234375)","(-1.8875203132629395, 1.1908234357833862, -34.108463287353516)","(359.95263671875, 234.30438232421875, 359.9349670410156)","(-2.158984422683716, -0.03970074653625488, -33.95404052734375)","(359.919677734375, 177.21897888183594, 0.00441371276974678)",0.0,0.0289,"(-0.002295, -0.000085, 0.061494)",LeftFalse_RightFalse,False,"(1.8901472091674805, -0.06649880111217499, 38.40488052368164)","(356.68634033203125, 352.0251159667969, 355.7688293457031)",-0.496211,-1.0,"(0.000019, -0.000006, -0.000005)",LeftFalse_RightFalse
47.855103,0.019553,"(-1.4692050218582153, 0.884854257106781, -34.695587158203125)","(357.4647216796875, 352.67083740234375, 179.018310546875)","(-1.887606143951416, 1.1908200979232788, -34.10603332519531)","(359.9526062011719, 234.30252075195312, 359.9349060058594)","(-2.1590752601623535, -0.03970416262745857, -33.951622009277344)","(359.9195861816406, 177.2171173095703, 0.0044186715967953205)",0.0,0.0289,"(-0.002248, -0.000083, 0.059736)",LeftFalse_RightFalse,False,"(1.8901481628417969, -0.06649888306856155, 38.40488052368164)","(356.68634033203125, 352.0251159667969, 355.7688293457031)",-0.49621,-1.0,"(0.000019, -0.000005, -0.000005)",LeftFalse_RightFalse
47.896606,0.019985,"(-1.4692704677581787, 0.8848552107810974, -34.69312286376953)","(357.4650573730469, 352.6687927246094, 179.0157012939453)","(-1.8876928091049194, 1.1908175945281982, -34.10358428955078)","(359.952392578125, 234.3004608154297, 359.93463134765625)","(-2.159167766571045, -0.03970753774046898, -33.949188232421875)","(359.91925048828125, 177.21505737304688, 0.0044471812434494495)",0.0,0.0289,"(-0.002205, -0.000084, 0.057901)",LeftFalse_RightFalse,False,"(1.8901492357254028, -0.06649895012378693, 38.40488052368164)","(356.68634033203125, 352.02508544921875, 355.7688293457031)",-0.49621,-1.0,"(0.000019, -0.000005, -0.000005)",LeftFalse_RightFalse
47.95459,0.01964,"(-1.4693756103515625, 0.8848522901535034, -34.689674377441406)","(357.4652404785156, 352.6669006347656, 179.0175323486328)","(-1.8878173828125, 1.1908130645751953, -34.10014724731445)","(359.9523010253906, 234.29855346679688, 359.9344787597656)","(-2.159297466278076, -0.03971255570650101, -33.94576644897461)","(359.9190673828125, 177.21315002441406, 0.004456833470612764)",0.0,0.0289,"(-0.002254, -0.000086, 0.059610)",LeftFalse_RightFalse,False,"(1.890150547027588, -0.06649892032146454, 38.40488052368164)","(356.68634033203125, 352.0250549316406, 355.7688293457031)",-0.496211,-1.0,"(0.000019, -0.000003, -0.000005)",LeftFalse_RightFalse
48.010986,0.019179,"(-1.4694839715957642, 0.8848452568054199, -34.68625259399414)","(357.4650573730469, 352.66534423828125, 179.01649475097656)","(-1.8879417181015015, 1.1908079385757446, -34.09674072265625)","(359.952392578125, 234.2969970703125, 359.93463134765625)","(-2.159425735473633, -0.039717286825180054, -33.942359924316406)","(359.91925048828125, 177.21160888671875, 0.004438992589712143)",0.0,0.0289,"(-0.002221, -0.000079, 0.058392)",LeftFalse_RightFalse,False,"(1.890151858329773, -0.06649881601333618, 38.40488052368164)","(356.68634033203125, 352.0250244140625, 355.7688293457031)",-0.496211,-1.0,"(0.000019, -0.000003, -0.000005)",LeftFalse_RightFalse
48.051758,0.019633,"(-1.4695703983306885, 0.884843111038208, -34.6838264465332)","(357.46514892578125, 352.6649475097656, 179.0165252685547)","(-1.8880324363708496, 1.1908047199249268, -34.09431838989258)","(359.95233154296875, 234.29660034179688, 359.9345703125)","(-2.159517526626587, -0.039720647037029266, -33.93994140625)","(359.9191589355469, 177.21119689941406, 0.0044461507350206375)",0.0,0.0289,"(-0.002292, -0.000084, 0.060953)",LeftFalse_RightFalse,False,"(1.890152931213379, -0.0664987564086914, 38.40488052368164)","(356.68634033203125, 352.0249938964844, 355.7688293457031)",-0.496213,-1.0,"(0.000019, -0.000004, -0.000005)",LeftFalse_RightFalse
48.092773,0.019945,"(-1.4696471691131592, 0.8848387598991394, -34.681339263916016)","(357.4650573730469, 352.6636657714844, 179.0189971923828)","(-1.888122320175171, 1.1908012628555298, -34.09183883666992)","(359.952392578125, 234.29531860351562, 359.93463134765625)","(-2.1596107482910156, -0.039723992347717285, -33.937469482421875)","(359.91925048828125, 177.20993041992188, 0.004434758797287941)",0.0,0.0289,"(-0.002257, -0.000082, 0.059719)",LeftFalse_RightFalse,False,"(1.8901538848876953, -0.0664987862110138, 38.40488052368164)","(356.68634033203125, 352.02496337890625, 355.7688293457031)",-0.496214,-1.0,"(0.000019, -0.000006, -0.000005)",LeftFalse_RightFalse
48.134399,0.02033,"(-1.4697232246398926, 0.884833812713623, -34.67878341674805)","(357.4649353027344, 352.6622009277344, 179.0172882080078)","(-1.8882135152816772, 1.1907974481582642, -34.08929443359375)","(359.9524841308594, 234.29385375976562, 359.9347229003906)","(-2.159705877304077, -0.039727430790662766, -33.93492889404297)","(359.91937255859375, 177.2084503173828, 0.004423256032168865)",0.0,0.0289,"(-0.002287, -0.000081, 0.060862)",LeftFalse_RightFalse,False,"(1.8901548385620117, -0.06649881601333618, 38.40488052368164)","(356.68634033203125, 352.0249328613281, 355.7688293457031)",-0.496209,-1.0,"(0.000019, -0.000004, -0.000005)",LeftFalse_RightFalse
48.178345,0.020899,"(-1.469804048538208, 0.8848299384117126, -34.67609405517578)","(357.46490478515625, 352.66064453125, 179.01380920410156)","(-1.888310194015503, 1.1907939910888672, -34.08661651611328)","(359.9524841308594, 234.29229736328125, 359.93475341796875)","(-2.159806728363037, -0.03973091021180153, -33.932254791259766)","(359.9194030761719, 177.20689392089844, 0.004422829952090979)",0.0,0.0289,"(-0.002259, -0.000079, 0.059694)",LeftFalse_RightFalse,False,"(1.8901559114456177, -0.06649887561798096, 38.40488052368164)","(356.68634033203125, 352.02490234375, 355.7688293457031)",-0.496214,-1.0,"(0.000019, -0.000004, -0.000005)",LeftFalse_RightFalse
48.221313,0.021099,"(-1.4698808193206787, 0.8848273158073425, -34.67347717285156)","(357.4649963378906, 352.6590576171875, 179.01675415039062)","(-1.8884036540985107, 1.1907905340194702, -34.08401107788086)","(359.95245361328125, 234.2906951904297, 359.9346923828125)","(-2.1599044799804688, -0.03973444923758507, -33.92966079711914)","(359.9193420410156, 177.20529174804688, 0.0044275508262217045)",0.0,0.0289,"(-0.002275, -0.000083, 0.060345)",LeftFalse_RightFalse,False,"(1.8901569843292236, -0.06649890542030334, 38.40488052368164)","(356.68634033203125, 352.02490234375, 355.7688293457031)",-0.496211,-1.0,"(0.000019, -0.000004, -0.000005)",LeftFalse_RightFalse
48.263306,0.021041,"(-1.469980001449585, 0.884827196598053, -34.670989990234375)","(357.4652404785156, 352.6615905761719, 179.01641845703125)","(-1.888499140739441, 1.1907877922058105, -34.081520080566406)","(359.9522705078125, 234.29104614257812, 359.9344787597656)","(-2.159999370574951, -0.039737898856401443, -33.92717361450195)","(359.9190673828125, 177.2056427001953, 0.004453886300325394)",0.0,0.0289,"(-0.002274, -0.000083, 0.059943)",LeftFalse_RightFalse,False,"(1.8901580572128296, -0.06649890542030334, 38.40488052368164)","(356.68634033203125, 352.0248718261719, 355.7688293457031)",-0.496211,-1.0,"(0.000019, -0.000005, -0.000005)",LeftFalse_RightFalse
48.320557,0.020077,"(-1.4700918197631836, 0.8848234415054321, -34.66753005981445)","(357.46533203125, 352.6640930175781, 179.01803588867188)","(-1.8886256217956543, 1.1907832622528076, -34.07807159423828)","(359.9522399902344, 234.28961181640625, 359.9344177246094)","(-2.1601295471191406, -0.039742738008499146, -33.92373275756836)","(359.9189758300781, 177.20420837402344, 0.004453645087778568)",0.0,0.0289,"(-0.002254, -0.000082, 0.059240)",LeftFalse_RightFalse,False,"(1.890159249305725, -0.06649890542030334, 38.40488052368164)","(356.68634033203125, 352.02484130859375, 355.7688293457031)",-0.496212,-1.0,"(0.000018, -0.000003, -0.000005)",LeftFalse_RightFalse
48.378418,0.01968,"(-1.4701895713806152, 0.8848201632499695, -34.66403579711914)","(357.4654541015625, 352.6595764160156, 179.02059936523438)","(-1.8887498378753662, 1.1907786130905151, -34.07459259033203)","(359.9521789550781, 234.2870635986328, 359.9342956542969)","(-2.1602606773376465, -0.039747729897499084, -33.92026901245117)","(359.9188537597656, 177.20164489746094, 0.0044586630538105965)",0.0,0.0289,"(-0.002255, -0.000085, 0.059251)",LeftFalse_RightFalse,False,"(1.8901606798171997, -0.06649879366159439, 38.40488052368164)","(356.68634033203125, 352.0248107910156, 355.7688293457031)",-0.496211,-1.0,"(0.000019, -0.000003, -0.000005)",LeftFalse_RightFalse
48.436279,0.019498,"(-1.470296025276184, 0.8848134875297546, -34.660484313964844)","(357.4653015136719, 352.655029296875, 179.02207946777344)","(-1.8888773918151855, 1.190773367881775, -34.0710563659668)","(359.9522705078125, 234.2849884033203, 359.9344177246094)","(-2.160393714904785, -0.03975255414843559, -33.91674041748047)","(359.91900634765625, 177.19956970214844, 0.004442613106220961)",0.0,0.0289,"(-0.002290, -0.000081, 0.060517)",LeftFalse_RightFalse,False,"(1.8901621103286743, -0.066498763859272, 38.40488052368164)","(356.68634033203125, 352.0247802734375, 355.7688293457031)",-0.496211,-1.0,"(0.000019, -0.000003, -0.000005)",LeftFalse_RightFalse
48.493652,0.01933,"(-1.4704222679138184, 0.8848074674606323, -34.65696334838867)","(357.4652099609375, 352.6532287597656, 179.0205535888672)","(-1.8890087604522705, 1.1907684803009033, -34.06753921508789)","(359.95233154296875, 234.28451538085938, 359.93450927734375)","(-2.1605262756347656, -0.039757244288921356, -33.91322326660156)","(359.9190979003906, 177.1990966796875, 0.004435632843524218)",0.0,0.0289,"(-0.002306, -0.000082, 0.061203)",LeftFalse_RightFalse,False,"(1.8901634216308594, -0.06649881601333618, 38.40488052368164)","(356.68634033203125, 352.02471923828125, 355.7688293457031)",-0.496214,-1.0,"(0.000019, -0.000007, -0.000005)",LeftFalse_RightFalse
48.551392,0.019297,"(-1.4705437421798706, 0.8848058581352234, -34.65348434448242)","(357.4654541015625, 352.6517333984375, 179.02096557617188)","(-1.889138102531433, 1.1907644271850586, -34.06406784057617)","(359.9521789550781, 234.28372192382812, 359.9342956542969)","(-2.1606578826904297, -0.039761949330568314, -33.909759521484375)","(359.9188537597656, 177.1983184814453, 0.004455289337784052)",0.0,0.0289,"(-0.002305, -0.000086, 0.061059)",LeftFalse_RightFalse,False,"(1.8901647329330444, -0.06649890542030334, 38.404876708984375)","(356.68634033203125, 352.0246887207031, 355.7688293457031)",-0.496209,-1.0,"(0.000019, -0.000005, -0.000005)",LeftFalse_RightFalse
48.609863,0.019388,"(-1.4706653356552124, 0.8848018050193787, -34.649932861328125)","(357.46551513671875, 352.6504211425781, 179.01864624023438)","(-1.8892695903778076, 1.190759539604187, -34.06052017211914)","(359.9521484375, 234.28277587890625, 359.93426513671875)","(-2.1607918739318848, -0.03976693004369736, -33.906219482421875)","(359.9187927246094, 177.19735717773438, 0.004455560352653265)",0.0,0.0289,"(-0.002303, -0.000084, 0.060828)",LeftFalse_RightFalse,False,"(1.8901662826538086, -0.06649896502494812, 38.40488052368164)","(356.68634033203125, 352.024658203125, 355.7688293457031)",-0.49621,-1.0,"(0.000019, -0.000004, -0.000005)",LeftFalse_RightFalse
48.668823,0.019624,"(-1.4707741737365723, 0.8847988843917847, -34.64635467529297)","(357.4656677246094, 352.64825439453125, 179.02066040039062)","(-1.8893986940383911, 1.190755009651184, -34.05695724487305)","(359.9520568847656, 234.28079223632812, 359.9341125488281)","(-2.160926342010498, -0.03977189213037491, -33.90266799926758)","(359.91864013671875, 177.1953887939453, 0.00446390500292182)",0.0,0.0289,"(-0.002277, -0.000083, 0.059814)",LeftFalse_RightFalse,False,"(1.890167474746704, -0.06649893522262573, 38.404876708984375)","(356.68634033203125, 352.0246276855469, 355.7688293457031)",-0.496211,-1.0,"(0.000019, -0.000004, -0.000005)",LeftFalse_RightFalse
48.725586,0.019279,"(-1.4708900451660156, 0.8847981095314026, -34.64297866821289)","(357.4659729003906, 352.6471862792969, 179.0216064453125)","(-1.8895246982574463, 1.190751075744629, -34.053585052490234)","(359.95184326171875, 234.27981567382812, 359.9338684082031)","(-2.161055326461792, -0.039776645600795746, -33.89930725097656)","(359.9183349609375, 177.1944122314453, 0.004491947125643492)",0.0,0.0289,"(-0.002275, -0.000088, 0.059304)",LeftFalse_RightFalse,False,"(1.8901689052581787, -0.06649883836507797, 38.404876708984375)","(356.68634033203125, 352.02459716796875, 355.7688293457031)",-0.496214,-1.0,"(0.000019, -0.000003, -0.000005)",LeftFalse_RightFalse
48.782715,0.019142,"(-1.4709923267364502, 0.8847945332527161, -34.63954162597656)","(357.466064453125, 352.64495849609375, 179.02212524414062)","(-1.8896493911743164, 1.1907464265823364, -34.050167083740234)","(359.9517822265625, 234.2776336669922, 359.9338073730469)","(-2.1611857414245605, -0.039781395345926285, -33.89590072631836)","(359.918212890625, 177.19223022460938, 0.00449639605358243)",0.0,0.0289,"(-0.002308, -0.000085, 0.060510)",LeftFalse_RightFalse,False,"(1.8901703357696533, -0.06649884581565857, 38.404876708984375)","(356.68634033203125, 352.0245666503906, 355.7688293457031)",-0.496216,-1.0,"(0.000019, -0.000004, -0.000005)",LeftFalse_RightFalse
48.838745,0.018915,"(-1.4710886478424072, 0.8847872614860535, -34.636112213134766)","(357.46588134765625, 352.6423645019531, 179.02244567871094)","(-1.8897722959518433, 1.1907411813735962, -34.046756744384766)","(359.951904296875, 234.2750701904297, 359.9339599609375)","(-2.161315441131592, -0.03978629410266876, -33.89249801635742)","(359.9184265136719, 177.1896514892578, 0.004477416630834341)",0.0,0.0289,"(-0.002306, -0.000084, 0.060502)",LeftFalse_RightFalse,False,"(1.8901716470718384, -0.06649887561798096, 38.404876708984375)","(356.68634033203125, 352.0245361328125, 355.7688293457031)",-0.496212,-1.0,"(0.000019, -0.000004, -0.000005)",LeftFalse_RightFalse
48.906128,0.021055,"(-1.4712316989898682, 0.8847803473472595, -34.631996154785156)","(357.4657897949219, 352.641357421875, 179.02064514160156)","(-1.889925479888916, 1.1907354593276978, -34.04264831542969)","(359.9519958496094, 234.27407836914062, 359.93402099609375)","(-2.161471128463745, -0.03979179635643959, -33.88839340209961)","(359.91851806640625, 177.18865966796875, 0.004465374164283276)",0.0,0.0289,"(-0.002281, -0.000079, 0.059689)",LeftFalse_RightFalse,False,"(1.890173316001892, -0.06649893522262573, 38.404876708984375)","(356.68634033203125, 352.0245056152344, 355.7688293457031)",-0.49621,-1.0,"(0.000019, -0.000004, -0.000005)",LeftFalse_RightFalse
48.948242,0.020992,"(-1.471296787261963, 0.8847780227661133, -34.62942123413086)","(357.4658508300781, 352.6388854980469, 179.01992797851562)","(-1.8900158405303955, 1.1907322406768799, -34.04008865356445)","(359.9519348144531, 234.27162170410156, 359.9339599609375)","(-2.1615681648254395, -0.0397951677441597, -33.88584899902344)","(359.91845703125, 177.18621826171875, 0.0044715143740177155)",0.0,0.0289,"(-0.002280, -0.000081, 0.059597)",LeftFalse_RightFalse,False,"(1.8901742696762085, -0.06649896502494812, 38.404876708984375)","(356.68634033203125, 352.02447509765625, 355.7688293457031)",-0.496211,-1.0,"(0.000019, -0.000004, -0.000005)",LeftFalse_RightFalse
49.005249,0.020031,"(-1.4714131355285645, 0.8847724795341492, -34.625938415527344)","(357.4657897949219, 352.6376647949219, 179.0166473388672)","(-1.8901447057724, 1.1907272338867188, -34.03661346435547)","(359.95196533203125, 234.2703857421875, 359.93402099609375)","(-2.1617002487182617, -0.039800014346838, -33.88237762451172)","(359.91851806640625, 177.1849822998047, 0.004467333666980267)",0.0,0.0289,"(-0.002330, -0.000083, 0.061526)",LeftFalse_RightFalse,False,"(1.890175700187683, -0.06649891287088394, 38.404876708984375)","(356.68634033203125, 352.0244445800781, 355.7688293457031)",-0.496211,-1.0,"(0.000019, -0.000004, -0.000005)",LeftFalse_RightFalse
49.063477,0.019744,"(-1.471496820449829, 0.8847702741622925, -34.62236785888672)","(357.46600341796875, 352.6337890625, 179.01907348632812)","(-1.8902682065963745, 1.190723180770874, -34.0330696105957)","(359.95184326171875, 234.26654052734375, 359.9338684082031)","(-2.161834239959717, -0.03980456292629242, -33.87885665893555)","(359.9183349609375, 177.18113708496094, 0.004482600372284651)",0.0,0.0289,"(-0.002299, -0.000084, 0.060089)",LeftFalse_RightFalse,False,"(1.8901771306991577, -0.0664987862110138, 38.40488052368164)","(356.68634033203125, 352.0244140625, 355.7688293457031)",-0.496211,-1.0,"(0.000019, -0.000003, -0.000005)",LeftFalse_RightFalse
49.121094,0.019599,"(-1.4716116189956665, 0.8847678899765015, -34.61887741088867)","(357.4661865234375, 352.6324157714844, 179.0158233642578)","(-1.890397071838379, 1.1907187700271606, -34.02959442138672)","(359.95172119140625, 234.26516723632812, 359.9337158203125)","(-2.1619670391082764, -0.03980951011180878, -33.875389099121094)","(359.9181213378906, 177.17974853515625, 0.004502636846154928)",0.0,0.0289,"(-0.002263, -0.000082, 0.058723)",LeftFalse_RightFalse,False,"(1.8901784420013428, -0.0664987787604332, 38.404876708984375)","(356.68634033203125, 352.0243835449219, 355.7688293457031)",-0.496211,-1.0,"(0.000019, -0.000005, -0.000005)",LeftFalse_RightFalse
49.162476,0.019928,"(-1.4717040061950684, 0.8847658634185791, -34.61639404296875)","(357.4663391113281, 352.6322326660156, 179.01895141601562)","(-1.8904917240142822, 1.1907154321670532, -34.02710723876953)","(359.9516296386719, 234.26495361328125, 359.93359375)","(-2.162062406539917, -0.039813265204429626, -33.87290954589844)","(359.91796875, 177.17955017089844, 0.004515120759606361)",0.0,0.0289,"(-0.002298, -0.000087, 0.059752)",LeftFalse_RightFalse,False,"(1.8901793956756592, -0.06649881601333618, 38.404876708984375)","(356.68634033203125, 352.02435302734375, 355.7688293457031)",-0.496211,-1.0,"(0.000019, -0.000004, -0.000005)",LeftFalse_RightFalse
49.219971,0.019524,"(-1.471816062927246, 0.8847601413726807, -34.61288070678711)","(357.46624755859375, 352.6305236816406, 179.02145385742188)","(-1.8906210660934448, 1.1907103061676025, -34.02360916137695)","(359.9516906738281, 234.26327514648438, 359.93365478515625)","(-2.162196159362793, -0.03981814533472061, -33.869415283203125)","(359.9180603027344, 177.1778564453125, 0.004501569550484419)",0.0,0.0289,"(-0.002309, -0.000083, 0.060317)",LeftFalse_RightFalse,False,"(1.8901808261871338, -0.06649887561798096, 38.404876708984375)","(356.68634033203125, 352.0243225097656, 355.76885986328125)",-0.49621,-1.0,"(0.000019, -0.000005, -0.000005)",LeftFalse_RightFalse
49.2771,0.019248,"(-1.4719219207763672, 0.884754478931427, -34.60935592651367)","(357.4661865234375, 352.6283874511719, 179.0205535888672)","(-1.8907489776611328, 1.1907055377960205, -34.02009963989258)","(359.9517517089844, 234.26112365722656, 359.9337158203125)","(-2.16232967376709, -0.03982280567288399, -33.86591339111328)","(359.9181213378906, 177.1757049560547, 0.004491916857659817)",0.0,0.0289,"(-0.002323, -0.000082, 0.060820)",LeftFalse_RightFalse,False,"(1.8901820182800293, -0.06649890542030334, 38.404876708984375)","(356.68634033203125, 352.0242919921875, 355.76885986328125)",-0.49621,-1.0,"(0.000019, -0.000004, -0.000005)",LeftFalse_RightFalse
49.334961,0.01924,"(-1.4720298051834106, 0.8847506642341614, -34.60580825805664)","(357.46624755859375, 352.6263427734375, 179.02105712890625)","(-1.8908777236938477, 1.190700888633728, -34.01656723022461)","(359.9516906738281, 234.25909423828125, 359.93365478515625)","(-2.162463903427124, -0.03982756286859512, -33.86239242553711)","(359.9180603027344, 177.17367553710938, 0.0044965315610170364)",0.0,0.0289,"(-0.002288, -0.000081, 0.059437)",LeftFalse_RightFalse,False,"(1.8901835680007935, -0.06649893522262573, 38.404876708984375)","(356.68634033203125, 352.0242614746094, 355.76885986328125)",-0.496211,-1.0,"(0.000019, -0.000004, -0.000005)",LeftFalse_RightFalse
49.375122,0.019522,"(-1.4720945358276367, 0.8847498297691345, -34.603363037109375)","(357.4664306640625, 352.6241455078125, 179.02255249023438)","(-1.8909649848937988, 1.1906980276107788, -34.014137268066406)","(359.9515686035156, 234.2568817138672, 359.9335021972656)","(-2.1625571250915527, -0.039830904453992844, -33.85997772216797)","(359.9178466796875, 177.17149353027344, 0.004513921681791544)",0.0,0.0289,"(-0.002287, -0.000083, 0.059263)",LeftFalse_RightFalse,False,"(1.8901845216751099, -0.06649887561798096, 38.404876708984375)","(356.68634033203125, 352.02423095703125, 355.76885986328125)",-0.49621,-1.0,"(0.000019, -0.000004, -0.000005)",LeftFalse_RightFalse
49.43103,0.019089,"(-1.4722011089324951, 0.8847453594207764, -34.599937438964844)","(357.4664611816406, 352.6223449707031, 179.02194213867188)","(-1.8910902738571167, 1.1906933784484863, -34.01072311401367)","(359.9515686035156, 234.25506591796875, 359.9334716796875)","(-2.162687301635742, -0.039835721254348755, -33.85657501220703)","(359.9178161621094, 177.16966247558594, 0.004514827858656645)",0.0,0.0289,"(-0.002327, -0.000085, 0.060592)",LeftFalse_RightFalse,False,"(1.890185832977295, -0.0664987713098526, 38.404876708984375)","(356.68634033203125, 352.0242004394531, 355.76885986328125)",-0.496209,-1.0,"(0.000019, -0.000005, -0.000005)",LeftFalse_RightFalse
49.488525,0.019139,"(-1.4723186492919922, 0.8847422003746033, -34.59645462036133)","(357.46661376953125, 352.6210632324219, 179.01907348632812)","(-1.8912206888198853, 1.1906887292861938, -34.00724792480469)","(359.95147705078125, 234.25381469726562, 359.9333801269531)","(-2.1628212928771973, -0.039840541779994965, -33.85310745239258)","(359.9176940917969, 177.16839599609375, 0.0045269257389009)",0.0,0.0289,"(-0.002299, -0.000080, 0.059330)",LeftFalse_RightFalse,False,"(1.89018714427948, -0.06649887561798096, 38.404876708984375)","(356.68634033203125, 352.024169921875, 355.76885986328125)",-0.496212,-1.0,"(0.000019, -0.000004, -0.000005)",LeftFalse_RightFalse
49.545776,0.019066,"(-1.4724185466766357, 0.8847395777702332, -34.59298324584961)","(357.4667663574219, 352.6185607910156, 179.02113342285156)","(-1.8913464546203613, 1.1906845569610596, -34.0037956237793)","(359.9513854980469, 234.2512969970703, 359.9332275390625)","(-2.1629538536071777, -0.03984535485506058, -33.84967041015625)","(359.91754150390625, 177.1658935546875, 0.004538295790553093)",0.0,0.0289,"(-0.002338, -0.000085, 0.060811)",LeftFalse_RightFalse,False,"(1.8901885747909546, -0.06649890542030334, 38.404876708984375)","(356.68634033203125, 352.0241394042969, 355.76885986328125)",-0.496211,-1.0,"(0.000019, -0.000004, -0.000005)",LeftFalse_RightFalse
49.603882,0.019149,"(-1.4725284576416016, 0.8847318887710571, -34.589393615722656)","(357.466552734375, 352.61651611328125, 179.02113342285156)","(-1.8914775848388672, 1.1906789541244507, -34.000221252441406)","(359.9515075683594, 234.24925231933594, 359.93341064453125)","(-2.163090229034424, -0.039850324392318726, -33.846099853515625)","(359.9177551269531, 177.16383361816406, 0.004515158012509346)",0.0,0.0289,"(-0.002311, -0.000082, 0.059870)",LeftFalse_RightFalse,False,"(1.8901898860931396, -0.06649889796972275, 38.404876708984375)","(356.68634033203125, 352.02410888671875, 355.76885986328125)",-0.496211,-1.0,"(0.000019, -0.000003, -0.000005)",LeftFalse_RightFalse
49.661133,0.019109,"(-1.472640037536621, 0.8847320675849915, -34.58597183227539)","(357.4669494628906, 352.61492919921875, 179.018310546875)","(-1.891605257987976, 1.1906752586364746, -33.99681091308594)","(359.9512634277344, 234.24766540527344, 359.93310546875)","(-2.163222551345825, -0.03985504433512688, -33.84270477294922)","(359.9173583984375, 177.16226196289062, 0.004551249090582132)",0.0,0.0289,"(-0.002273, -0.000083, 0.058240)",LeftFalse_RightFalse,False,"(1.8901910781860352, -0.06649890542030334, 38.404876708984375)","(356.68634033203125, 352.0240478515625, 355.76885986328125)",-0.496213,-1.0,"(0.000019, -0.000004, -0.000005)",LeftFalse_RightFalse
49.70166,0.01947,"(-1.4727376699447632, 0.8847277164459229, -34.5835075378418)","(357.46685791015625, 352.6151123046875, 179.02223205566406)","(-1.8917012214660645, 1.190671682357788, -33.99434280395508)","(359.9513244628906, 234.24783325195312, 359.93316650390625)","(-2.163317918777466, -0.03985845297574997, -33.84023666381836)","(359.91741943359375, 177.16241455078125, 0.004543362185359001)",0.0,0.0289,"(-0.002370, -0.000088, 0.061641)",LeftFalse_RightFalse,False,"(1.8901921510696411, -0.06649890542030334, 38.404876708984375)","(356.68634033203125, 352.0240478515625, 355.76885986328125)",-0.496211,-1.0,"(0.000019, -0.000004, -0.000005)",LeftFalse_RightFalse
49.753662,0.01844,"(-1.4728496074676514, 0.8847230672836304, -34.580326080322266)","(357.4668273925781, 352.61431884765625, 179.0181427001953)","(-1.8918211460113525, 1.1906672716140747, -33.99116897583008)","(359.95135498046875, 234.24703979492188, 359.93316650390625)","(-2.1634397506713867, -0.03986277058720589, -33.837066650390625)","(359.91748046875, 177.16165161132812, 0.004535189364105463)",0.0,0.0289,"(-0.002298, -0.000081, 0.059141)",LeftFalse_RightFalse,False,"(1.8901934623718262, -0.0664987564086914, 38.404876708984375)","(356.68634033203125, 352.0240173339844, 355.76885986328125)",-0.496211,-1.0,"(0.000019, -0.000004, -0.000005)",LeftFalse_RightFalse
49.811157,0.018752,"(-1.4729633331298828, 0.8847204446792603, -34.57686233520508)","(357.4670104980469, 352.61279296875, 179.02053833007812)","(-1.8919506072998047, 1.1906628608703613, -33.98771667480469)","(359.95123291015625, 234.24551391601562, 359.93304443359375)","(-2.1635735034942627, -0.03986760601401329, -33.833621978759766)","(359.91729736328125, 177.1601104736328, 0.004547821823507547)",0.0,0.0289,"(-0.002333, -0.000084, 0.060355)",LeftFalse_RightFalse,False,"(1.8901948928833008, -0.06649881601333618, 38.404876708984375)","(356.68634033203125, 352.02398681640625, 355.76885986328125)",-0.496213,-1.0,"(0.000019, -0.000005, -0.000005)",LeftFalse_RightFalse
49.86792,0.018875,"(-1.4730734825134277, 0.8847124576568604, -34.57333755493164)","(357.46673583984375, 352.61090087890625, 179.02174377441406)","(-1.892080545425415, 1.1906574964523315, -33.98420715332031)","(359.951416015625, 234.24362182617188, 359.9332580566406)","(-2.163708209991455, -0.03987237811088562, -33.830116271972656)","(359.91754150390625, 177.15821838378906, 0.004519462585449219)",0.0,0.0289,"(-0.002348, -0.000081, 0.061042)",LeftFalse_RightFalse,False,"(1.8901960849761963, -0.06649887561798096, 38.404876708984375)","(356.68634033203125, 352.0239562988281, 355.76885986328125)",-0.496208,-1.0,"(0.000019, -0.000005, -0.000005)",LeftFalse_RightFalse
49.928101,0.019489,"(-1.4732073545455933, 0.8847074508666992, -34.56962585449219)","(357.46673583984375, 352.609130859375, 179.01947021484375)","(-1.8922210931777954, 1.1906524896621704, -33.980499267578125)","(359.951416015625, 234.24295043945312, 359.9332275390625)","(-2.1638505458831787, -0.03987737372517586, -33.826412200927734)","(359.91754150390625, 177.15756225585938, 0.004517009016126394)",0.0,0.0289,"(-0.002319, -0.000081, 0.059862)",LeftFalse_RightFalse,False,"(1.890197515487671, -0.06649890542030334, 38.404876708984375)","(356.68634033203125, 352.0238952636719, 355.76885986328125)",-0.496212,-1.0,"(0.000019, -0.000005, -0.000005)",LeftFalse_RightFalse
49.983154,0.0189,"(-1.4733269214630127, 0.8847052454948425, -34.56626892089844)","(357.4669189453125, 352.61065673828125, 179.02035522460938)","(-1.8923484086990356, 1.1906484365463257, -33.97714614868164)","(359.9512939453125, 234.24220275878906, 359.93310546875)","(-2.163980007171631, -0.03988180309534073, -33.82306671142578)","(359.9173889160156, 177.1567840576172, 0.004531973972916603)",0.0,0.0289,"(-0.002371, -0.000084, 0.061630)",LeftFalse_RightFalse,False,"(1.890198826789856, -0.066498763859272, 38.404876708984375)","(356.68634033203125, 352.02386474609375, 355.76885986328125)",-0.496211,-1.0,"(0.000019, -0.000004, -0.000005)",LeftFalse_RightFalse
50.040894,0.019005,"(-1.473433017730713, 0.884700357913971, -34.56268310546875)","(357.4669494628906, 352.6055908203125, 179.0158233642578)","(-1.8924789428710938, 1.1906434297561646, -33.97357940673828)","(359.9512939453125, 234.23983764648438, 359.93310546875)","(-2.164116859436035, -0.03988686576485634, -33.81951141357422)","(359.9173583984375, 177.15443420410156, 0.004525420721620321)",0.0,0.0289,"(-0.002384, -0.000087, 0.062240)",LeftFalse_RightFalse,False,"(1.890200138092041, -0.0664987564086914, 38.404876708984375)","(356.68634033203125, 352.0238342285156, 355.76885986328125)",-0.496211,-1.0,"(0.000019, -0.000003, -0.000005)",LeftFalse_RightFalse
50.08313,0.019722,"(-1.4735145568847656, 0.8846980333328247, -34.5600700378418)","(357.4670104980469, 352.60302734375, 179.01388549804688)","(-1.8925747871398926, 1.1906402111053467, -33.970977783203125)","(359.95123291015625, 234.23843383789062, 359.9330139160156)","(-2.1642165184020996, -0.039890412241220474, -33.816917419433594)","(359.9172668457031, 177.1530303955078, 0.004531498532742262)",0.0,0.0289,"(-0.002284, -0.000082, 0.058474)",LeftFalse_RightFalse,False,"(1.890201210975647, -0.0664987564086914, 38.404876708984375)","(356.68634033203125, 352.0238342285156, 355.76885986328125)",-0.496212,-1.0,"(0.000019, -0.000004, -0.000005)",LeftFalse_RightFalse
50.126099,0.020287,"(-1.473598599433899, 0.8846980333328247, -34.55748748779297)","(357.4673156738281, 352.60369873046875, 179.01463317871094)","(-1.8926713466644287, 1.1906371116638184, -33.96839904785156)","(359.9510498046875, 234.23721313476562, 359.9327697753906)","(-2.164316415786743, -0.03989417850971222, -33.814353942871094)","(359.9169921875, 177.1518096923828, 0.0045570675283670425)",0.0,0.0289,"(-0.002356, -0.000089, 0.060919)",LeftFalse_RightFalse,False,"(1.890202283859253, -0.0664987564086914, 38.404876708984375)","(356.68634033203125, 352.0238037109375, 355.76885986328125)",-0.496212,-1.0,"(0.000019, -0.000004, -0.000005)",LeftFalse_RightFalse
50.166504,0.020199,"(-1.4736727476119995, 0.8846960663795471, -34.555030822753906)","(357.4674377441406, 352.6054992675781, 179.01687622070312)","(-1.8927619457244873, 1.1906341314315796, -33.9659538269043)","(359.95098876953125, 234.23562622070312, 359.9327087402344)","(-2.1644113063812256, -0.03989751636981964, -33.81191635131836)","(359.9168701171875, 177.1502227783203, 0.0045632245019078255)",0.0,0.0289,"(-0.002331, -0.000083, 0.059823)",LeftFalse_RightFalse,False,"(1.8902032375335693, -0.06649882346391678, 38.404876708984375)","(356.68634033203125, 352.0237731933594, 355.76885986328125)",-0.496215,-1.0,"(0.000019, -0.000006, -0.000005)",LeftFalse_RightFalse
50.210327,0.020756,"(-1.4737482070922852, 0.8846918940544128, -34.552330017089844)","(357.4673767089844, 352.6055908203125, 179.0184326171875)","(-1.892859935760498, 1.190630316734314, -33.9632682800293)","(359.9510192871094, 234.23341369628906, 359.9327392578125)","(-2.164515256881714, -0.03990122303366661, -33.809242248535156)","(359.9169006347656, 177.14801025390625, 0.004556551575660706)",0.0,0.0289,"(-0.002364, -0.000087, 0.061119)",LeftFalse_RightFalse,False,"(1.8902043104171753, -0.06649892032146454, 38.404876708984375)","(356.68634033203125, 352.02374267578125, 355.76885986328125)",-0.49621,-1.0,"(0.000019, -0.000005, -0.000005)",LeftFalse_RightFalse
50.267212,0.023107,"(-1.4738727807998657, 0.8846904039382935, -34.548919677734375)","(357.4676513671875, 352.6068115234375, 179.0203094482422)","(-1.8929903507232666, 1.1906260251998901, -33.959861755371094)","(359.95086669921875, 234.23284912109375, 359.9324951171875)","(-2.164647340774536, -0.03990611061453819, -33.805843353271484)","(359.9166259765625, 177.14744567871094, 0.0045804353430867195)",0.0,0.0289,"(-0.002384, -0.000086, 0.061508)",LeftFalse_RightFalse,False,"(1.8902056217193604, -0.06649896502494812, 38.404876708984375)","(356.68634033203125, 352.0237121582031, 355.76885986328125)",-0.496211,-1.0,"(0.000019, -0.000004, -0.000005)",LeftFalse_RightFalse
50.322876,0.020833,"(-1.473969578742981, 0.8846849799156189, -34.545494079589844)","(357.46759033203125, 352.6012878417969, 179.0223846435547)","(-1.8931152820587158, 1.1906213760375977, -33.95645523071289)","(359.9508972167969, 234.23013305664062, 359.93255615234375)","(-2.1647794246673584, -0.03991077467799187, -33.80244827270508)","(359.91668701171875, 177.14471435546875, 0.0045695919543504715)",0.0,0.0289,"(-0.002335, -0.000082, 0.059851)",LeftFalse_RightFalse,False,"(1.8902069330215454, -0.0664987862110138, 38.404876708984375)","(356.68634033203125, 352.023681640625, 355.76885986328125)",-0.496212,-1.0,"(0.000019, -0.000004, -0.000005)",LeftFalse_RightFalse
50.378174,0.019579,"(-1.474066972732544, 0.8846817016601562, -34.54213333129883)","(357.4676818847656, 352.6010437011719, 179.02142333984375)","(-1.8932380676269531, 1.1906170845031738, -33.9531135559082)","(359.9508361816406, 234.2276611328125, 359.9324951171875)","(-2.1649088859558105, -0.03991532698273659, -33.79912185668945)","(359.9166259765625, 177.14224243164062, 0.0045740618370473385)",0.0,0.0289,"(-0.002310, -0.000082, 0.058966)",LeftFalse_RightFalse,False,"(1.8902082443237305, -0.06649880856275558, 38.404876708984375)","(356.68634033203125, 352.0236511230469, 355.76885986328125)",-0.496211,-1.0,"(0.000019, -0.000004, -0.000005)",LeftFalse_RightFalse
50.433838,0.019067,"(-1.4741687774658203, 0.884677529335022, -34.53874969482422)","(357.46771240234375, 352.5969543457031, 179.02003479003906)","(-1.8933632373809814, 1.1906124353408813, -33.949745178222656)","(359.9508361816406, 234.22537231445312, 359.9324645996094)","(-2.1650402545928955, -0.03991994261741638, -33.7957649230957)","(359.91656494140625, 177.1399688720703, 0.004577577579766512)",0.0,0.0289,"(-0.002380, -0.000085, 0.061114)",LeftFalse_RightFalse,False,"(1.8902095556259155, -0.06649880111217499, 38.404876708984375)","(356.68634033203125, 352.02362060546875, 355.76885986328125)",-0.496212,-1.0,"(0.000019, -0.000004, -0.000005)",LeftFalse_RightFalse
50.49231,0.019209,"(-1.4742828607559204, 0.8846700191497803, -34.535125732421875)","(357.467529296875, 352.5973815917969, 179.01930236816406)","(-1.8934977054595947, 1.1906070709228516, -33.946136474609375)","(359.9509582519531, 234.22340393066406, 359.9326171875)","(-2.16517972946167, -0.03992486745119095, -33.79216003417969)","(359.9167785644531, 177.13800048828125, 0.00455738790333271)",0.0,0.0289,"(-0.002383, -0.000080, 0.061437)",LeftFalse_RightFalse,False,"(1.8902109861373901, -0.06649881601333618, 38.404876708984375)","(356.68634033203125, 352.0235900878906, 355.76885986328125)",-0.496211,-1.0,"(0.000019, -0.000005, -0.000005)",LeftFalse_RightFalse
50.548096,0.018828,"(-1.4743902683258057, 0.8846672773361206, -34.53171920776367)","(357.4676513671875, 352.5945739746094, 179.0188751220703)","(-1.8936247825622559, 1.1906028985977173, -33.942745208740234)","(359.95086669921875, 234.2214813232422, 359.9324951171875)","(-2.1653120517730713, -0.0399293527007103, -33.788780212402344)","(359.9166259765625, 177.1360626220703, 0.004571567755192518)",0.0,0.0289,"(-0.002360, -0.000083, 0.060481)",LeftFalse_RightFalse,False,"(1.8902124166488647, -0.06649888306856155, 38.404876708984375)","(356.68634033203125, 352.0235595703125, 355.76885986328125)",-0.496211,-1.0,"(0.000019, -0.000005, -0.000005)",LeftFalse_RightFalse
50.593628,0.020181,"(-1.4744796752929688, 0.8846622109413147, -34.52889633178711)","(357.4675598144531, 352.5914306640625, 179.0187225341797)","(-1.893729567527771, 1.190598726272583, -33.93993377685547)","(359.950927734375, 234.21998596191406, 359.9325866699219)","(-2.1654207706451416, -0.039933282881975174, -33.785972595214844)","(359.9167175292969, 177.13458251953125, 0.004558994900435209)",0.0,0.0289,"(-0.002419, -0.000085, 0.062624)",LeftFalse_RightFalse,False,"(1.8902134895324707, -0.06649890542030334, 38.404876708984375)","(356.68634033203125, 352.0235290527344, 355.76885986328125)",-0.49621,-1.0,"(0.000019, -0.000004, -0.000005)",LeftFalse_RightFalse
50.650391,0.019548,"(-1.474593162536621, 0.884658694267273, -34.525394439697266)","(357.4676513671875, 352.5885925292969, 179.01858520507812)","(-1.8938605785369873, 1.1905944347381592, -33.93644332885742)","(359.95086669921875, 234.21829223632812, 359.9324951171875)","(-2.1655564308166504, -0.03993783891201019, -33.782493591308594)","(359.9166564941406, 177.13287353515625, 0.004565977957099676)",0.0,0.0289,"(-0.002390, -0.000083, 0.061404)",LeftFalse_RightFalse,False,"(1.8902148008346558, -0.06649880111217499, 38.404876708984375)","(356.68634033203125, 352.02349853515625, 355.76885986328125)",-0.496212,-1.0,"(0.000019, -0.000003, -0.000005)",LeftFalse_RightFalse
50.706909,0.019178,"(-1.4747042655944824, 0.884655237197876, -34.52190399169922)","(357.4677429199219, 352.5861511230469, 179.01849365234375)","(-1.8939905166625977, 1.1905900239944458, -33.93296432495117)","(359.9508056640625, 234.2164306640625, 359.93243408203125)","(-2.165691375732422, -0.039942651987075806, -33.77902603149414)","(359.9165344238281, 177.1310272216797, 0.004571167752146721)",0.0,0.0289,"(-0.002422, -0.000087, 0.062505)",LeftFalse_RightFalse,False,"(1.8902161121368408, -0.06649871915578842, 38.404876708984375)","(356.68634033203125, 352.0234680175781, 355.76885986328125)",-0.496211,-1.0,"(0.000019, -0.000003, -0.000005)",LeftFalse_RightFalse
50.76416,0.01921,"(-1.474818468093872, 0.8846540451049805, -34.51841735839844)","(357.4680480957031, 352.5841979980469, 179.02297973632812)","(-1.8941214084625244, 1.1905858516693115, -33.92948913574219)","(359.95062255859375, 234.21482849121094, 359.93218994140625)","(-2.1658267974853516, -0.03994748368859291, -33.77556610107422)","(359.916259765625, 177.12940979003906, 0.004594878293573856)",0.0,0.0289,"(-0.002370, -0.000086, 0.060271)",LeftFalse_RightFalse,False,"(1.8902174234390259, -0.06649869680404663, 38.404876708984375)","(356.68634033203125, 352.0234375, 355.76885986328125)",-0.49621,-1.0,"(0.000019, -0.000003, -0.000005)",LeftFalse_RightFalse
50.807495,0.020012,"(-1.4749054908752441, 0.8846532106399536, -34.51581573486328)","(357.46826171875, 352.5828857421875, 179.0215301513672)","(-1.8942203521728516, 1.1905826330184937, -33.92689514160156)","(359.95050048828125, 234.21363830566406, 359.9320068359375)","(-2.165929079055786, -0.03995124623179436, -33.772979736328125)","(359.916015625, 177.12823486328125, 0.004612309858202934)",0.0,0.0289,"(-0.002345, -0.000086, 0.059252)",LeftFalse_RightFalse,False,"(1.8902184963226318, -0.06649870425462723, 38.404876708984375)","(356.68634033203125, 352.0234069824219, 355.76885986328125)",-0.496215,-1.0,"(0.000019, -0.000004, -0.000005)",LeftFalse_RightFalse
50.848267,0.020133,"(-1.475001335144043, 0.8846502304077148, -34.51335144042969)","(357.46832275390625, 352.5827331542969, 179.02182006835938)","(-1.8943172693252563, 1.1905791759490967, -33.92443084716797)","(359.9504699707031, 234.21356201171875, 359.9319763183594)","(-2.1660261154174805, -0.03995480388402939, -33.7705192565918)","(359.9159851074219, 177.12814331054688, 0.00461281044408679)",0.0,0.0289,"(-0.002375, -0.000087, 0.060265)",LeftFalse_RightFalse,False,"(1.8902195692062378, -0.06649874150753021, 38.404876708984375)","(356.68634033203125, 352.02337646484375, 355.76885986328125)",-0.496212,-1.0,"(0.000019, -0.000005, -0.000005)",LeftFalse_RightFalse
50.905762,0.019662,"(-1.4751005172729492, 0.8846448063850403, -34.509822845458984)","(357.46826171875, 352.5797119140625, 179.02207946777344)","(-1.8944467306137085, 1.1905741691589355, -33.92092514038086)","(359.95050048828125, 234.2106170654297, 359.9320068359375)","(-2.166163206100464, -0.03995966911315918, -33.767024993896484)","(359.9160461425781, 177.12521362304688, 0.004600126296281815)",0.0,0.0289,"(-0.002392, -0.000084, 0.061103)",LeftFalse_RightFalse,False,"(1.8902208805084229, -0.06649881601333618, 38.404876708984375)","(356.68634033203125, 352.0233459472656, 355.76885986328125)",-0.49621,-1.0,"(0.000019, -0.000004, -0.000005)",LeftFalse_RightFalse
50.960449,0.018923,"(-1.4752107858657837, 0.8846392631530762, -34.5064697265625)","(357.4681701660156, 352.57891845703125, 179.02281188964844)","(-1.8945732116699219, 1.190569519996643, -33.91758728027344)","(359.9505615234375, 234.2090301513672, 359.93206787109375)","(-2.1662938594818115, -0.039964187890291214, -33.76369094848633)","(359.9161071777344, 177.12362670898438, 0.004590658470988274)",0.0,0.0289,"(-0.002396, -0.000082, 0.061135)",LeftFalse_RightFalse,False,"(1.8902220726013184, -0.06649887561798096, 38.404876708984375)","(356.68634033203125, 352.0233154296875, 355.7688903808594)",-0.496213,-1.0,"(0.000019, -0.000005, -0.000005)",LeftFalse_RightFalse
51.018799,0.019143,"(-1.4753234386444092, 0.8846354484558105, -34.502906799316406)","(357.46826171875, 352.57562255859375, 179.02113342285156)","(-1.8947067260742188, 1.1905648708343506, -33.91403579711914)","(359.9505310058594, 234.20700073242188, 359.9320068359375)","(-2.1664328575134277, -0.039969056844711304, -33.76015090942383)","(359.9160461425781, 177.12159729003906, 0.004596792161464691)",0.0,0.0289,"(-0.002347, -0.000079, 0.059324)",LeftFalse_RightFalse,False,"(1.890223503112793, -0.066498763859272, 38.404876708984375)","(356.68634033203125, 352.0232849121094, 355.7688903808594)",-0.496211,-1.0,"(0.000019, -0.000004, -0.000005)",LeftFalse_RightFalse
51.074219,0.018801,"(-1.4754445552825928, 0.88463294506073, -34.49955749511719)","(357.4684143066406, 352.5741271972656, 179.01727294921875)","(-1.894836187362671, 1.1905608177185059, -33.91069030761719)","(359.9504089355469, 234.2062225341797, 359.931884765625)","(-2.166564464569092, -0.03997354209423065, -33.756813049316406)","(359.9158935546875, 177.1208038330078, 0.004607142880558968)",0.0,0.0289,"(-0.002386, -0.000085, 0.060523)",LeftFalse_RightFalse,False,"(1.8902249336242676, -0.06649871170520782, 38.404876708984375)","(356.68634033203125, 352.02325439453125, 355.7688903808594)",-0.49621,-1.0,"(0.000019, -0.000003, -0.000005)",LeftFalse_RightFalse
51.130859,0.0188,"(-1.4755525588989258, 0.8846278786659241, -34.49607467651367)","(357.4683837890625, 352.5716247558594, 179.01515197753906)","(-1.8949661254882812, 1.1905559301376343, -33.907222747802734)","(359.950439453125, 234.20407104492188, 359.9319152832031)","(-2.1667001247406006, -0.03997831419110298, -33.75335693359375)","(359.9159240722656, 177.11866760253906, 0.004600430838763714)",0.0,0.0289,"(-0.002415, -0.000086, 0.061521)",LeftFalse_RightFalse,False,"(1.8902262449264526, -0.06649865210056305, 38.404876708984375)","(356.68634033203125, 352.0232238769531, 355.7688903808594)",-0.496211,-1.0,"(0.000019, -0.000002, -0.000005)",LeftFalse_RightFalse
51.187134,0.018795,"(-1.4756693840026855, 0.884623646736145, -34.492637634277344)","(357.4684143066406, 352.57000732421875, 179.01400756835938)","(-1.8950971364974976, 1.190551519393921, -33.9037971496582)","(359.950439453125, 234.20266723632812, 359.931884765625)","(-2.166834831237793, -0.03998297080397606, -33.74993896484375)","(359.9158935546875, 177.1172637939453, 0.004598924424499273)",0.0,0.0289,"(-0.002372, -0.000082, 0.060102)",LeftFalse_RightFalse,False,"(1.8902275562286377, -0.06649867445230484, 38.404876708984375)","(356.68634033203125, 352.023193359375, 355.7688903808594)",-0.496216,-1.0,"(0.000019, -0.000005, -0.000005)",LeftFalse_RightFalse
51.24353,0.018752,"(-1.4757890701293945, 0.884617805480957, -34.48917007446289)","(357.46832275390625, 352.5686340332031, 179.01344299316406)","(-1.8952300548553467, 1.1905465126037598, -33.90033721923828)","(359.95050048828125, 234.20138549804688, 359.93194580078125)","(-2.16697096824646, -0.03998766466975212, -33.746482849121094)","(359.9159851074219, 177.11598205566406, 0.0045882537961006165)",0.0,0.0289,"(-0.002418, -0.000082, 0.061555)",LeftFalse_RightFalse,False,"(1.8902288675308228, -0.06649873405694962, 38.40488052368164)","(356.6863708496094, 352.0231628417969, 355.7688903808594)",-0.496209,-1.0,"(0.000019, -0.000004, -0.000005)",LeftFalse_RightFalse
51.299805,0.018676,"(-1.4758974313735962, 0.8846120238304138, -34.485660552978516)","(357.4682312011719, 352.56640625, 179.01312255859375)","(-1.8953609466552734, 1.190541386604309, -33.896846771240234)","(359.9505310058594, 234.19921875, 359.9320068359375)","(-2.167107582092285, -0.03999253362417221, -33.74300003051758)","(359.9160461425781, 177.1138153076172, 0.004575556144118309)",0.0,0.0289,"(-0.002426, -0.000086, 0.062068)",LeftFalse_RightFalse,False,"(1.8902301788330078, -0.0664987862110138, 38.404876708984375)","(356.6863708496094, 352.02313232421875, 355.7688903808594)",-0.496212,-1.0,"(0.000019, -0.000005, -0.000005)",LeftFalse_RightFalse
51.359619,0.019348,"(-1.4760185480117798, 0.8846092820167542, -34.48197937011719)","(357.4684143066406, 352.56463623046875, 179.012939453125)","(-1.8954997062683105, 1.1905370950698853, -33.8931770324707)","(359.950439453125, 234.19747924804688, 359.931884765625)","(-2.1672511100769043, -0.03999738395214081, -33.739341735839844)","(359.9158935546875, 177.11207580566406, 0.004588627256453037)",0.0,0.0289,"(-0.002397, -0.000082, 0.060975)",LeftFalse_RightFalse,False,"(1.890231728553772, -0.06649881601333618, 38.404876708984375)","(356.6863708496094, 352.0231018066406, 355.7688903808594)",-0.496212,-1.0,"(0.000019, -0.000004, -0.000005)",LeftFalse_RightFalse
51.420166,0.019759,"(-1.4761326313018799, 0.8846075534820557, -34.47827911376953)","(357.46868896484375, 352.5622863769531, 179.01278686523438)","(-1.8956379890441895, 1.1905325651168823, -33.889488220214844)","(359.9502868652344, 234.19515991210938, 359.9316711425781)","(-2.167395830154419, -0.04000253230333328, -33.73567199707031)","(359.9156188964844, 177.1097412109375, 0.004611370153725147)",0.0,0.0289,"(-0.002398, -0.000087, 0.060752)",LeftFalse_RightFalse,False,"(1.8902331590652466, -0.06649871170520782, 38.404876708984375)","(356.6863708496094, 352.0230712890625, 355.7688903808594)",-0.496212,-1.0,"(0.000019, -0.000004, -0.000005)",LeftFalse_RightFalse
51.475952,0.0191,"(-1.476254940032959, 0.8846060633659363, -34.474918365478516)","(357.46893310546875, 352.5614318847656, 179.01271057128906)","(-1.8957688808441162, 1.190528392791748, -33.88613510131836)","(359.9501037597656, 234.19430541992188, 359.93145751953125)","(-2.1675291061401367, -0.04000735282897949, -33.73232650756836)","(359.91534423828125, 177.10890197753906, 0.004632954020053148)",0.0,0.0289,"(-0.002391, -0.000087, 0.060209)",LeftFalse_RightFalse,False,"(1.890234351158142, -0.06649871915578842, 38.404876708984375)","(356.6863708496094, 352.02301025390625, 355.7688903808594)",-0.496212,-1.0,"(0.000019, -0.000004, -0.000005)",LeftFalse_RightFalse
51.532349,0.018931,"(-1.4763765335083008, 0.8846022486686707, -34.471492767333984)","(357.4690246582031, 352.5603332519531, 179.01315307617188)","(-1.8959014415740967, 1.1905238628387451, -33.88271713256836)","(359.9500732421875, 234.1932373046875, 359.931396484375)","(-2.1676645278930664, -0.040012139827013016, -33.72891616821289)","(359.915283203125, 177.10781860351562, 0.004635160323232412)",0.0,0.0289,"(-0.002381, -0.000085, 0.059758)",LeftFalse_RightFalse,False,"(1.8902357816696167, -0.06649881601333618, 38.404876708984375)","(356.68634033203125, 352.0229797363281, 355.7688903808594)",-0.496212,-1.0,"(0.000019, -0.000006, -0.000005)",LeftFalse_RightFalse
51.588745,0.018833,"(-1.4764854907989502, 0.8845986723899841, -34.468074798583984)","(357.4691162109375, 352.558349609375, 179.01339721679688)","(-1.8960309028625488, 1.1905192136764526, -33.87931442260742)","(359.95001220703125, 234.19125366210938, 359.9313049316406)","(-2.167799234390259, -0.040016960352659225, -33.72552490234375)","(359.9151916503906, 177.10585021972656, 0.004637131467461586)",0.0,0.0289,"(-0.002393, -0.000084, 0.060131)",LeftFalse_RightFalse,False,"(1.8902370929718018, -0.06649886071681976, 38.404876708984375)","(356.68634033203125, 352.02294921875, 355.7688903808594)",-0.496211,-1.0,"(0.000019, -0.000005, -0.000005)",LeftFalse_RightFalse
51.643555,0.018553,"(-1.4766169786453247, 0.8845952153205872, -34.464778900146484)","(357.4692077636719, 352.558349609375, 179.01637268066406)","(-1.8961623907089233, 1.1905149221420288, -33.87601852416992)","(359.949951171875, 234.19125366210938, 359.9312438964844)","(-2.167930841445923, -0.04002152383327484, -33.72222900390625)","(359.91510009765625, 177.1058349609375, 0.004644951317459345)",0.0,0.0289,"(-0.002406, -0.000083, 0.060393)",LeftFalse_RightFalse,False,"(1.8902384042739868, -0.06649887561798096, 38.404876708984375)","(356.68634033203125, 352.0229187011719, 355.7688903808594)",-0.496212,-1.0,"(0.000019, -0.000004, -0.000005)",LeftFalse_RightFalse
51.700439,0.018671,"(-1.476747989654541, 0.8845890760421753, -34.46131134033203)","(357.4690856933594, 352.5578308105469, 179.01809692382812)","(-1.8962986469268799, 1.1905099153518677, -33.872554779052734)","(359.9500427246094, 234.19073486328125, 359.93133544921875)","(-2.1680681705474854, -0.040026240050792694, -33.71876525878906)","(359.91522216796875, 177.10531616210938, 0.0046263402327895164)",0.0,0.0289,"(-0.002408, -0.000081, 0.060670)",LeftFalse_RightFalse,False,"(1.8902398347854614, -0.06649888306856155, 38.404876708984375)","(356.68634033203125, 352.02288818359375, 355.7688903808594)",-0.496211,-1.0,"(0.000019, -0.000003, -0.000005)",LeftFalse_RightFalse
51.755981,0.018589,"(-1.4768704175949097, 0.8845826387405396, -34.457881927490234)","(357.46893310546875, 352.556884765625, 179.01406860351562)","(-1.8964309692382812, 1.190505027770996, -33.86913299560547)","(359.95013427734375, 234.1897735595703, 359.93145751953125)","(-2.1682028770446777, -0.04003074765205383, -33.71534729003906)","(359.9153747558594, 177.10435485839844, 0.004607245791703463)",0.0,0.0289,"(-0.002406, -0.000079, 0.060621)",LeftFalse_RightFalse,False,"(1.8902411460876465, -0.06649874150753021, 38.404876708984375)","(356.6863708496094, 352.0228576660156, 355.7688903808594)",-0.496213,-1.0,"(0.000019, -0.000003, -0.000005)",LeftFalse_RightFalse
51.812622,0.018678,"(-1.476978063583374, 0.8845809698104858, -34.454437255859375)","(357.4691467285156, 352.5547180175781, 179.0120391845703)","(-1.8965609073638916, 1.1905009746551514, -33.865699768066406)","(359.95001220703125, 234.18759155273438, 359.9312744140625)","(-2.1683387756347656, -0.040035445243120193, -33.71192932128906)","(359.9151306152344, 177.10218811035156, 0.004624546971172094)",0.0,0.0289,"(-0.002379, -0.000082, 0.059464)",LeftFalse_RightFalse,False,"(1.8902424573898315, -0.06649865210056305, 38.404876708984375)","(356.6863708496094, 352.0228271484375, 355.7688903808594)",-0.496212,-1.0,"(0.000019, -0.000003, -0.000005)",LeftFalse_RightFalse
51.869751,0.018834,"(-1.4771063327789307, 0.884575605392456, -34.450927734375)","(357.4691162109375, 352.55389404296875, 179.01620483398438)","(-1.8966975212097168, 1.1904960870742798, -33.86220169067383)","(359.9500427246094, 234.18678283691406, 359.9313049316406)","(-2.1684775352478027, -0.04004023224115372, -33.708431243896484)","(359.9151916503906, 177.1013641357422, 0.004617395345121622)",0.0,0.0289,"(-0.002440, -0.000084, 0.061709)",LeftFalse_RightFalse,False,"(1.8902437686920166, -0.06649873405694962, 38.404876708984375)","(356.68634033203125, 352.0227966308594, 355.7688903808594)",-0.496211,-1.0,"(0.000019, -0.000006, -0.000005)",LeftFalse_RightFalse
51.924194,0.018482,"(-1.4772372245788574, 0.8845695853233337, -34.447566986083984)","(357.468994140625, 352.5536804199219, 179.0131072998047)","(-1.8968305587768555, 1.1904911994934082, -33.85884094238281)","(359.9501037597656, 234.18658447265625, 359.931396484375)","(-2.1686108112335205, -0.040044818073511124, -33.70507049560547)","(359.9153137207031, 177.10118103027344, 0.0046021523885428905)",0.0,0.0289,"(-0.002413, -0.000084, 0.060837)",LeftFalse_RightFalse,False,"(1.8902451992034912, -0.06649881601333618, 38.404876708984375)","(356.68634033203125, 352.02276611328125, 355.7688903808594)",-0.496211,-1.0,"(0.000019, -0.000004, -0.000005)",LeftFalse_RightFalse
51.978394,0.018274,"(-1.477353572845459, 0.8845657110214233, -34.444210052490234)","(357.4690246582031, 352.552490234375, 179.0180206298828)","(-1.8969591856002808, 1.1904866695404053, -33.855491638183594)","(359.9500732421875, 234.18539428710938, 359.9313659667969)","(-2.1687426567077637, -0.040049389004707336, -33.70172882080078)","(359.9152526855469, 177.09999084472656, 0.004603666253387928)",0.0,0.0289,"(-0.002417, -0.000081, 0.060905)",LeftFalse_RightFalse,False,"(1.8902463912963867, -0.06649884581565857, 38.404876708984375)","(356.68634033203125, 352.0227355957031, 355.7688903808594)",-0.49621,-1.0,"(0.000019, -0.000004, -0.000005)",LeftFalse_RightFalse
52.033447,0.018284,"(-1.4774634838104248, 0.8845639824867249, -34.44084167480469)","(357.4692687988281, 352.5553894042969, 179.02072143554688)","(-1.897087574005127, 1.1904828548431396, -33.852134704589844)","(359.949951171875, 234.18359375, 359.9311828613281)","(-2.1688759326934814, -0.04005395621061325, -33.69838333129883)","(359.9150390625, 177.0981903076172, 0.004619982093572617)",0.0,0.0289,"(-0.002419, -0.000085, 0.060886)",LeftFalse_RightFalse,False,"(1.8902478218078613, -0.06649883091449738, 38.404876708984375)","(356.68634033203125, 352.022705078125, 355.7688903808594)",-0.496213,-1.0,"(0.000019, -0.000003, -0.000005)",LeftFalse_RightFalse
52.088745,0.018281,"(-1.4775612354278564, 0.8845595717430115, -34.43740463256836)","(357.4692687988281, 352.5504150390625, 179.0181884765625)","(-1.897214651107788, 1.1904782056808472, -33.84872055053711)","(359.949951171875, 234.1807403564453, 359.93115234375)","(-2.169010639190674, -0.04005865380167961, -33.694984436035156)","(359.9150085449219, 177.0953369140625, 0.004617467522621155)",0.0,0.0289,"(-0.002443, -0.000085, 0.061700)",LeftFalse_RightFalse,False,"(1.8902490139007568, -0.06649879366159439, 38.404876708984375)","(356.68634033203125, 352.0226745605469, 355.7688903808594)",-0.496211,-1.0,"(0.000019, -0.000004, -0.000005)",LeftFalse_RightFalse
52.142822,0.018134,"(-1.4776724576950073, 0.8845561742782593, -34.4340705871582)","(357.4693908691406, 352.5476989746094, 179.01800537109375)","(-1.8973419666290283, 1.1904739141464233, -33.84539794921875)","(359.94989013671875, 234.17918395996094, 359.93109130859375)","(-2.169142246246338, -0.040063295513391495, -33.69166946411133)","(359.9149169921875, 177.09378051757812, 0.004624235909432173)",0.0,0.0289,"(-0.002456, -0.000086, 0.062021)",LeftFalse_RightFalse,False,"(1.890250325202942, -0.06649866700172424, 38.40488052368164)","(356.68634033203125, 352.02264404296875, 355.7688903808594)",-0.496212,-1.0,"(0.000019, -0.000003, -0.000005)",LeftFalse_RightFalse
52.198486,0.01826,"(-1.4777764081954956, 0.8845518231391907, -34.43061065673828)","(357.4693908691406, 352.5445861816406, 179.014404296875)","(-1.8974714279174805, 1.1904691457748413, -33.84195327758789)","(359.9498596191406, 234.1766815185547, 359.9310607910156)","(-2.169278144836426, -0.04006803408265114, -33.68824005126953)","(359.9148864746094, 177.09127807617188, 0.004621450789272785)",0.0,0.0289,"(-0.002456, -0.000086, 0.062152)",LeftFalse_RightFalse,False,"(1.890251636505127, -0.06649865955114365, 38.404876708984375)","(356.68634033203125, 352.0226135253906, 355.7688903808594)",-0.496211,-1.0,"(0.000019, -0.000004, -0.000005)",LeftFalse_RightFalse
52.253296,0.018239,"(-1.4778727293014526, 0.8845489025115967, -34.42721939086914)","(357.46954345703125, 352.5413818359375, 179.0203399658203)","(-1.897597074508667, 1.1904648542404175, -33.838584899902344)","(359.94976806640625, 234.17384338378906, 359.9309387207031)","(-2.1694116592407227, -0.04007268324494362, -33.68488693237305)","(359.91473388671875, 177.0884246826172, 0.004634165205061436)",0.0,0.0289,"(-0.002452, -0.000086, 0.061745)",LeftFalse_RightFalse,False,"(1.8902528285980225, -0.06649872660636902, 38.404876708984375)","(356.68634033203125, 352.0225830078125, 355.7688903808594)",-0.496216,-1.0,"(0.000019, -0.000006, -0.000005)",LeftFalse_RightFalse
52.305908,0.017863,"(-1.477962613105774, 0.8845478296279907, -34.42400360107422)","(357.4698181152344, 352.53839111328125, 179.02345275878906)","(-1.8977159261703491, 1.1904609203338623, -33.83538818359375)","(359.9496154785156, 234.1710205078125, 359.93072509765625)","(-2.1695382595062256, -0.04007723182439804, -33.68170928955078)","(359.9144592285156, 177.08560180664062, 0.00465755769982934)",0.0,0.0289,"(-0.002421, -0.000085, 0.060501)",LeftFalse_RightFalse,False,"(1.8902541399002075, -0.06649879366159439, 38.404876708984375)","(356.68634033203125, 352.0225524902344, 355.7688903808594)",-0.496209,-1.0,"(0.000019, -0.000004, -0.000005)",LeftFalse_RightFalse
52.361084,0.018059,"(-1.4780691862106323, 0.8845440149307251, -34.42064666748047)","(357.46990966796875, 352.53619384765625, 179.0194091796875)","(-1.8978439569473267, 1.190456509590149, -33.83204650878906)","(359.9495544433594, 234.16891479492188, 359.9306640625)","(-2.1696720123291016, -0.04008200764656067, -33.67837905883789)","(359.9143981933594, 177.08351135253906, 0.004663658794015646)",0.0,0.0289,"(-0.002476, -0.000089, 0.062265)",LeftFalse_RightFalse,False,"(1.8902554512023926, -0.06649881601333618, 38.404876708984375)","(356.68634033203125, 352.02252197265625, 355.7688903808594)",-0.496211,-1.0,"(0.000019, -0.000004, -0.000005)",LeftFalse_RightFalse
52.418335,0.018659,"(-1.478196144104004, 0.8845371007919312, -34.41709518432617)","(357.4697265625, 352.5350646972656, 179.01719665527344)","(-1.8979820013046265, 1.1904511451721191, -33.8285026550293)","(359.9496765136719, 234.16786193847656, 359.9307861328125)","(-2.1698126792907715, -0.040086887776851654, -33.674835205078125)","(359.91455078125, 177.0824432373047, 0.004645206034183502)",0.0,0.0289,"(-0.002454, -0.000084, 0.061623)",LeftFalse_RightFalse,False,"(1.8902568817138672, -0.0664987564086914, 38.404876708984375)","(356.6863708496094, 352.0224914550781, 355.7689208984375)",-0.496211,-1.0,"(0.000019, -0.000004, -0.000005)",LeftFalse_RightFalse
52.475098,0.018784,"(-1.4783368110656738, 0.8845326900482178, -34.41360855102539)","(357.4697570800781, 352.53912353515625, 179.02223205566406)","(-1.8981215953826904, 1.1904466152191162, -33.825016021728516)","(359.9496765136719, 234.16793823242188, 359.9307861328125)","(-2.169951915740967, -0.040091536939144135, -33.671348571777344)","(359.91455078125, 177.08253479003906, 0.004644486587494612)",0.0,0.0289,"(-0.002443, -0.000082, 0.061199)",LeftFalse_RightFalse,False,"(1.8902583122253418, -0.06649863719940186, 38.404876708984375)","(356.6863708496094, 352.0224609375, 355.7689208984375)",-0.49621,-1.0,"(0.000019, -0.000004, -0.000005)",LeftFalse_RightFalse
52.532593,0.018939,"(-1.4784709215164185, 0.8845296502113342, -34.410091400146484)","(357.466064453125, 352.53814697265625, 179.02011108398438)","(-1.8982607126235962, 1.1904422044754028, -33.82149887084961)","(359.9495849609375, 234.16746520996094, 359.9306640625)","(-2.1700923442840576, -0.04009629040956497, -33.66783905029297)","(359.9143981933594, 177.08206176757812, 0.004650768358260393)",0.0,0.0289,"(-0.002450, -0.000084, 0.061316)",LeftFalse_RightFalse,False,"(1.8902595043182373, -0.06649866700172424, 38.404876708984375)","(356.6863708496094, 352.0224304199219, 355.7689208984375)",-0.496213,-1.0,"(0.000019, -0.000004, -0.000005)",LeftFalse_RightFalse
52.589966,0.019089,"(-1.478581190109253, 0.8845236301422119, -34.40650939941406)","(357.4624938964844, 352.5323181152344, 179.01710510253906)","(-1.8983956575393677, 1.1904370784759521, -33.817935943603516)","(359.94964599609375, 234.16506958007812, 359.9307556152344)","(-2.1702334880828857, -0.04010119289159775, -33.664283752441406)","(359.9145202636719, 177.0796661376953, 0.0046332781203091145)",0.0,0.0289,"(-0.002429, -0.000081, 0.060695)",LeftFalse_RightFalse,False,"(1.890260934829712, -0.066498763859272, 38.404876708984375)","(356.6863708496094, 352.0223693847656, 355.7689208984375)",-0.496211,-1.0,"(0.000019, -0.000005, -0.000005)",LeftFalse_RightFalse
52.646973,0.019023,"(-1.4786889553070068, 0.8845206499099731, -34.40298843383789)","(357.4607849121094, 352.53350830078125, 179.0222930908203)","(-1.8985285758972168, 1.1904326677322388, -33.81443405151367)","(359.9495849609375, 234.16262817382812, 359.9306335449219)","(-2.17037296295166, -0.040105901658535004, -33.660797119140625)","(359.91436767578125, 177.0772247314453, 0.004642554558813572)",0.0,0.0289,"(-0.002443, -0.000084, 0.061118)",LeftFalse_RightFalse,False,"(1.8902621269226074, -0.06649884581565857, 38.404876708984375)","(356.6863708496094, 352.0223388671875, 355.7689208984375)",-0.496212,-1.0,"(0.000019, -0.000004, -0.000005)",LeftFalse_RightFalse
52.702393,0.018776,"(-1.4787940979003906, 0.8845204710960388, -34.399627685546875)","(357.46014404296875, 352.533203125, 179.0247039794922)","(-1.8986563682556152, 1.1904289722442627, -33.81108474731445)","(359.9493713378906, 234.160400390625, 359.93035888671875)","(-2.1705069541931152, -0.040110472589731216, -33.657466888427734)","(359.9140319824219, 177.0749969482422, 0.0046725342981517315)",0.0,0.0289,"(-0.002421, -0.000084, 0.060101)",LeftFalse_RightFalse,False,"(1.890263557434082, -0.06649884581565857, 38.404876708984375)","(356.68634033203125, 352.0223083496094, 355.7689208984375)",-0.496211,-1.0,"(0.000019, -0.000003, -0.000005)",LeftFalse_RightFalse
52.756714,0.018428,"(-1.478908896446228, 0.8845149278640747, -34.39628982543945)","(357.4643249511719, 352.52752685546875, 179.0259246826172)","(-1.8987854719161987, 1.190423846244812, -33.80775833129883)","(359.9493713378906, 234.15902709960938, 359.9303894042969)","(-2.170639991760254, -0.04011547565460205, -33.654144287109375)","(359.9140625, 177.0736083984375, 0.004679415374994278)",0.0,0.0289,"(-0.002447, -0.000092, 0.061110)",LeftFalse_RightFalse,False,"(1.8902647495269775, -0.06649879366159439, 38.404876708984375)","(356.6863708496094, 352.02227783203125, 355.7689208984375)",-0.496212,-1.0,"(0.000019, -0.000003, -0.000005)",LeftFalse_RightFalse
52.797363,0.019155,"(-1.4789795875549316, 0.8845124840736389, -34.3938102722168)","(357.46630859375, 352.52349853515625, 179.02340698242188)","(-1.8988779783248901, 1.1904202699661255, -33.805294036865234)","(359.94927978515625, 234.15687561035156, 359.9303283691406)","(-2.170738697052002, -0.04011916369199753, -33.651695251464844)","(359.9139404296875, 177.07147216796875, 0.0047047012485563755)",0.0,0.0289,"(-0.002428, -0.000090, 0.060328)",LeftFalse_RightFalse,False,"(1.8902658224105835, -0.06649864464998245, 38.404876708984375)","(356.6863708496094, 352.02227783203125, 355.7689208984375)",-0.496212,-1.0,"(0.000019, -0.000003, -0.000005)",LeftFalse_RightFalse
52.854614,0.019136,"(-1.4790905714035034, 0.8845047354698181, -34.39024353027344)","(357.4676818847656, 352.51959228515625, 179.01913452148438)","(-1.899012804031372, 1.190414547920227, -33.80174255371094)","(359.9493713378906, 234.15455627441406, 359.93048095703125)","(-2.1708803176879883, -0.04012439399957657, -33.64815139770508)","(359.91412353515625, 177.0691375732422, 0.004720741882920265)",0.0,0.0289,"(-0.002463, -0.000090, 0.061535)",LeftFalse_RightFalse,False,"(1.8902671337127686, -0.06649859249591827, 38.404876708984375)","(356.6863708496094, 352.0222473144531, 355.7689208984375)",-0.496211,-1.0,"(0.000019, -0.000003, -0.000005)",LeftFalse_RightFalse
52.907349,0.018376,"(-1.4791913032531738, 0.8844996094703674, -34.3869743347168)","(357.4684143066406, 352.5165710449219, 179.017578125)","(-1.8991364240646362, 1.1904096603393555, -33.798492431640625)","(359.9493408203125, 234.1522979736328, 359.93048095703125)","(-2.171010732650757, -0.04012919217348099, -33.6449089050293)","(359.91412353515625, 177.06689453125, 0.004754285793751478)",0.0,0.0289,"(-0.002499, -0.000093, 0.062568)",LeftFalse_RightFalse,False,"(1.8902684450149536, -0.06649868190288544, 38.404876708984375)","(356.6863708496094, 352.0221862792969, 355.7689208984375)",-0.49621,-1.0,"(0.000019, -0.000006, -0.000005)",LeftFalse_RightFalse
52.962891,0.01837,"(-1.4792964458465576, 0.88449627161026, -34.383548736572266)","(357.46905517578125, 352.515625, 179.0166473388672)","(-1.8992656469345093, 1.1904048919677734, -33.79508590698242)","(359.9491882324219, 234.14993286132812, 359.93035888671875)","(-2.171147108078003, -0.040134236216545105, -33.641517639160156)","(359.9139404296875, 177.06451416015625, 0.004805504344403744)",0.0,0.0289,"(-0.002429, -0.000092, 0.059951)",LeftFalse_RightFalse,False,"(1.8902697563171387, -0.0664987564086914, 38.404876708984375)","(356.6863708496094, 352.02215576171875, 355.7689208984375)",-0.496213,-1.0,"(0.000019, -0.000004, -0.000005)",LeftFalse_RightFalse
53.015747,0.018002,"(-1.4794187545776367, 0.8844910264015198, -34.38030242919922)","(357.4692687988281, 352.5185852050781, 179.0161895751953)","(-1.8993942737579346, 1.1903996467590332, -33.79184341430664)","(359.9491882324219, 234.14930725097656, 359.9303894042969)","(-2.1712779998779297, -0.040139175951480865, -33.63827896118164)","(359.9139404296875, 177.0638885498047, 0.004833949729800224)",0.0,0.0289,"(-0.002486, -0.000093, 0.061855)",LeftFalse_RightFalse,False,"(1.8902709484100342, -0.0664987862110138, 38.404876708984375)","(356.6863708496094, 352.0221252441406, 355.7689208984375)",-0.496213,-1.0,"(0.000019, -0.000004, -0.000005)",LeftFalse_RightFalse
53.069702,0.017988,"(-1.4795377254486084, 0.8844859004020691, -34.37696075439453)","(357.46942138671875, 352.5195007324219, 179.02053833007812)","(-1.8995245695114136, 1.190394639968872, -33.78850555419922)","(359.94915771484375, 234.148193359375, 359.9303894042969)","(-2.1714119911193848, -0.04014423117041588, -33.63494873046875)","(359.9139099121094, 177.06275939941406, 0.004864694084972143)",0.0,0.0289,"(-0.002478, -0.000093, 0.061420)",LeftFalse_RightFalse,False,"(1.8902722597122192, -0.06649869680404663, 38.404876708984375)","(356.6863708496094, 352.0220947265625, 355.7689208984375)",-0.496209,-1.0,"(0.000019, -0.000003, -0.000005)",LeftFalse_RightFalse
53.125366,0.018335,"(-1.4796528816223145, 0.8844800591468811, -34.37350082397461)","(357.4694519042969, 352.5135803222656, 179.01344299316406)","(-1.899657964706421, 1.1903891563415527, -33.78506088256836)","(359.9491271972656, 234.14642333984375, 359.930419921875)","(-2.171550750732422, -0.04014941677451134, -33.63151168823242)","(359.9139404296875, 177.06100463867188, 0.004890621639788151)",0.0,0.0289,"(-0.002531, -0.000094, 0.063332)",LeftFalse_RightFalse,False,"(1.8902736902236938, -0.06649857759475708, 38.404876708984375)","(356.6863708496094, 352.0220642089844, 355.7689208984375)",-0.496211,-1.0,"(0.000019, -0.000003, -0.000005)",LeftFalse_RightFalse
53.181396,0.018505,"(-1.4797661304473877, 0.8844746351242065, -34.369998931884766)","(357.4695129394531, 352.5115661621094, 179.01480102539062)","(-1.8997918367385864, 1.190384030342102, -33.78157424926758)","(359.9490966796875, 234.1443634033203, 359.930419921875)","(-2.1716907024383545, -0.040154486894607544, -33.62803268432617)","(359.9139404296875, 177.0589599609375, 0.004921458661556244)",0.0,0.0289,"(-0.002455, -0.000091, 0.060773)",LeftFalse_RightFalse,False,"(1.890275001525879, -0.06649857759475708, 38.404876708984375)","(356.6863708496094, 352.02203369140625, 355.7689208984375)",-0.496211,-1.0,"(0.000019, -0.000004, -0.000005)",LeftFalse_RightFalse
53.237061,0.018541,"(-1.479872226715088, 0.8844702839851379, -34.36653518676758)","(357.4696044921875, 352.51104736328125, 179.01882934570312)","(-1.8999230861663818, 1.190379023551941, -33.77812957763672)","(359.94903564453125, 234.14190673828125, 359.93035888671875)","(-2.1718292236328125, -0.0401596873998642, -33.624603271484375)","(359.9138488769531, 177.05648803710938, 0.004957480356097221)",0.0,0.0289,"(-0.002540, -0.000098, 0.063453)",LeftFalse_RightFalse,False,"(1.8902761936187744, -0.06649862974882126, 38.404876708984375)","(356.6863708496094, 352.0220031738281, 355.7689208984375)",-0.496217,-1.0,"(0.000019, -0.000004, -0.000005)",LeftFalse_RightFalse
53.2948,0.018927,"(-1.480005145072937, 0.8844637274742126, -34.3629264831543)","(357.4695739746094, 352.5126953125, 179.0210723876953)","(-1.9000650644302368, 1.190373182296753, -33.7745246887207)","(359.94903564453125, 234.14100646972656, 359.930419921875)","(-2.1719741821289062, -0.04016517475247383, -33.621002197265625)","(359.9139099121094, 177.05560302734375, 0.004983118269592524)",0.0,0.0289,"(-0.002506, -0.000093, 0.062439)",LeftFalse_RightFalse,False,"(1.890277624130249, -0.06649871170520782, 38.404876708984375)","(356.6863708496094, 352.02197265625, 355.7689208984375)",-0.49621,-1.0,"(0.000019, -0.000004, -0.000005)",LeftFalse_RightFalse
53.351074,0.018782,"(-1.4801418781280518, 0.8844585418701172, -34.35942840576172)","(357.4696044921875, 352.5174865722656, 179.02223205566406)","(-1.9002047777175903, 1.1903681755065918, -33.77103042602539)","(359.9490051269531, 234.1407012939453, 359.9304504394531)","(-2.1721153259277344, -0.04017024487257004, -33.61750793457031)","(359.91387939453125, 177.0552978515625, 0.005012509413063526)",0.0,0.0289,"(-0.002512, -0.000092, 0.062420)",LeftFalse_RightFalse,False,"(1.8902790546417236, -0.0664987713098526, 38.404876708984375)","(356.6863708496094, 352.0219421386719, 355.7689208984375)",-0.496212,-1.0,"(0.000019, -0.000004, -0.000005)",LeftFalse_RightFalse
53.409302,0.019053,"(-1.480283260345459, 0.8844531774520874, -34.355777740478516)","(357.46575927734375, 352.5168151855469, 179.01837158203125)","(-1.9003498554229736, 1.1903623342514038, -33.76738357543945)","(359.9489440917969, 234.14031982421875, 359.930419921875)","(-2.172262191772461, -0.04017574340105057, -33.61386489868164)","(359.9138488769531, 177.05491638183594, 0.0050436025485396385)",0.0,0.0289,"(-0.002476, -0.000093, 0.061141)",LeftFalse_RightFalse,False,"(1.8902803659439087, -0.06649882346391678, 38.404876708984375)","(356.6863708496094, 352.02191162109375, 355.7689208984375)",-0.496213,-1.0,"(0.000019, -0.000004, -0.000005)",LeftFalse_RightFalse
53.466064,0.018983,"(-1.48041570186615, 0.8844513297080994, -34.352294921875)","(357.46258544921875, 352.5160217285156, 179.01463317871094)","(-1.9004886150360107, 1.1903578042984009, -33.7639045715332)","(359.9487609863281, 234.13970947265625, 359.9302062988281)","(-2.172403335571289, -0.0401809923350811, -33.61039352416992)","(359.91357421875, 177.0542755126953, 0.005099021829664707)",0.0,0.0289,"(-0.002544, -0.000097, 0.063369)",LeftFalse_RightFalse,False,"(1.8902817964553833, -0.06649881601333618, 38.404876708984375)","(356.6863708496094, 352.0218811035156, 355.7689208984375)",-0.49621,-1.0,"(0.000019, -0.000003, -0.000005)",LeftFalse_RightFalse
53.518433,0.018276,"(-1.4805392026901245, 0.8844451308250427, -34.34901809692383)","(357.4607849121094, 352.51531982421875, 179.01675415039062)","(-1.900618553161621, 1.1903525590896606, -33.76062774658203)","(359.9487609863281, 234.13906860351562, 359.9302673339844)","(-2.1725354194641113, -0.040186066180467606, -33.607120513916016)","(359.91363525390625, 177.05364990234375, 0.0051148212514817715)",0.0,0.0289,"(-0.002502, -0.000091, 0.061915)",LeftFalse_RightFalse,False,"(1.8902829885482788, -0.06649858504533768, 38.404876708984375)","(356.6863708496094, 352.0218505859375, 355.7689208984375)",-0.496211,-1.0,"(0.000019, -0.000003, -0.000005)",LeftFalse_RightFalse
53.572632,0.018195,"(-1.4806413650512695, 0.8844397068023682, -34.34559631347656)","(357.4597473144531, 352.5126037597656, 179.0167236328125)","(-1.9007476568222046, 1.19034743309021, -33.75722885131836)","(359.9487609863281, 234.1364288330078, 359.9302978515625)","(-2.1726722717285156, -0.04019108787178993, -33.60373306274414)","(359.91363525390625, 177.051025390625, 0.005141987930983305)",0.0,0.0289,"(-0.002525, -0.000094, 0.062518)",LeftFalse_RightFalse,False,"(1.8902842998504639, -0.06649868190288544, 38.404876708984375)","(356.6863708496094, 352.0218200683594, 355.7689208984375)",-0.496217,-1.0,"(0.000019, -0.000005, -0.000005)",LeftFalse_RightFalse
53.632324,0.019097,"(-1.4807648658752441, 0.8844363689422607, -34.341880798339844)","(357.4593811035156, 352.5106201171875, 179.01976013183594)","(-1.9008913040161133, 1.1903421878814697, -33.7535285949707)","(359.9486083984375, 234.13442993164062, 359.9301452636719)","(-2.1728219985961914, -0.040196605026721954, -33.60004425048828)","(359.9134521484375, 177.0490264892578, 0.00519118458032608)",0.0,0.0289,"(-0.002522, -0.000093, 0.062287)",LeftFalse_RightFalse,False,"(1.8902857303619385, -0.06649874150753021, 38.404876708984375)","(356.6863708496094, 352.02178955078125, 355.7689208984375)",-0.496209,-1.0,"(0.000019, -0.000004, -0.000005)",LeftFalse_RightFalse
53.689575,0.019051,"(-1.4808886051177979, 0.8844321370124817, -34.338321685791016)","(357.46282958984375, 352.5091247558594, 179.02127075195312)","(-1.90103018283844, 1.1903369426727295, -33.749977111816406)","(359.9485168457031, 234.13296508789062, 359.9300537109375)","(-2.1729655265808105, -0.040202055126428604, -33.59650421142578)","(359.9132995605469, 177.04754638671875, 0.005228925496339798)",0.0,0.0289,"(-0.002561, -0.000098, 0.063419)",LeftFalse_RightFalse,False,"(1.890286922454834, -0.0664987564086914, 38.404876708984375)","(356.6863708496094, 352.0217590332031, 355.7689208984375)",-0.496211,-1.0,"(0.000019, -0.000004, -0.000005)",LeftFalse_RightFalse
53.744873,0.018773,"(-1.4810179471969604, 0.8844236135482788, -34.33481979370117)","(357.465576171875, 352.5082092285156, 179.0220947265625)","(-1.9011685848236084, 1.190330982208252, -33.746482849121094)","(359.9486389160156, 234.13204956054688, 359.9302673339844)","(-2.1731066703796387, -0.04020729288458824, -33.59300994873047)","(359.9135437011719, 177.04664611816406, 0.0052344840951263905)",0.0,0.0289,"(-0.002544, -0.000092, 0.062910)",LeftFalse_RightFalse,False,"(1.8902883529663086, -0.0664987862110138, 38.404876708984375)","(356.6863708496094, 352.021728515625, 355.7689208984375)",-0.496211,-1.0,"(0.000019, -0.000003, -0.000005)",LeftFalse_RightFalse
53.802612,0.019042,"(-1.4811322689056396, 0.8844186663627625, -34.33116912841797)","(357.46734619140625, 352.5057373046875, 179.01832580566406)","(-1.901308298110962, 1.1903256177902222, -33.74285125732422)","(359.9485778808594, 234.12957763671875, 359.93023681640625)","(-2.1732537746429443, -0.04021265357732773, -33.58938980102539)","(359.9134826660156, 177.04415893554688, 0.005271974019706249)",0.0,0.0289,"(-0.002533, -0.000095, 0.062578)",LeftFalse_RightFalse,False,"(1.8902897834777832, -0.0664987564086914, 38.404876708984375)","(356.6863708496094, 352.0216979980469, 355.7689208984375)",-0.496211,-1.0,"(0.000019, -0.000003, -0.000005)",LeftFalse_RightFalse
53.8573,0.018575,"(-1.4812668561935425, 0.8844156265258789, -34.3277702331543)","(357.4683532714844, 352.5055236816406, 179.01731872558594)","(-1.9014447927474976, 1.1903209686279297, -33.73945236206055)","(359.94842529296875, 234.12936401367188, 359.93011474609375)","(-2.173391580581665, -0.04021763056516647, -33.58599853515625)","(359.9132995605469, 177.04396057128906, 0.005314308684319258)",0.0,0.0289,"(-0.002532, -0.000094, 0.062348)",LeftFalse_RightFalse,False,"(1.8902909755706787, -0.0664985254406929, 38.404876708984375)","(356.6863708496094, 352.02166748046875, 355.7689208984375)",-0.49621,-1.0,"(0.000019, -0.000003, -0.000005)",LeftFalse_RightFalse
53.912231,0.018479,"(-1.4813830852508545, 0.8844084143638611, -34.32426834106445)","(357.46868896484375, 352.503662109375, 179.0172119140625)","(-1.9015799760818481, 1.1903151273727417, -33.735965728759766)","(359.948486328125, 234.12750244140625, 359.93023681640625)","(-2.173532247543335, -0.04022284969687462, -33.582515716552734)","(359.9134521484375, 177.04208374023438, 0.005329038482159376)",0.0,0.0289,"(-0.002539, -0.000094, 0.062806)",LeftFalse_RightFalse,False,"(1.8902924060821533, -0.06649854779243469, 38.404876708984375)","(356.6863708496094, 352.0216064453125, 355.7689208984375)",-0.496213,-1.0,"(0.000019, -0.000004, -0.000005)",LeftFalse_RightFalse
53.970825,0.019016,"(-1.481513500213623, 0.8844040036201477, -34.32058334350586)","(357.46905517578125, 352.5023193359375, 179.02267456054688)","(-1.901724100112915, 1.1903098821640015, -33.73229217529297)","(359.9483947753906, 234.1261444091797, 359.93017578125)","(-2.1736807823181152, -0.04022831469774246, -33.57884979248047)","(359.913330078125, 177.0407257080078, 0.0053687444888055325)",0.0,0.0289,"(-0.002591, -0.000100, 0.064368)",LeftFalse_RightFalse,False,"(1.8902937173843384, -0.06649866700172424, 38.404876708984375)","(356.6863708496094, 352.0215759277344, 355.7689208984375)",-0.49621,-1.0,"(0.000019, -0.000005, -0.000005)",LeftFalse_RightFalse
54.028809,0.019169,"(-1.4816594123840332, 0.8843979835510254, -34.31691360473633)","(357.46917724609375, 352.50213623046875, 179.01593017578125)","(-1.9018718004226685, 1.1903043985366821, -33.72861862182617)","(359.9483947753906, 234.12594604492188, 359.9302062988281)","(-2.1738295555114746, -0.0402337871491909, -33.57518005371094)","(359.9133605957031, 177.04054260253906, 0.005398122128099203)",0.0,0.0289,"(-0.002553, -0.000093, 0.062983)",LeftFalse_RightFalse,False,"(1.8902952671051025, -0.0664987564086914, 38.404876708984375)","(356.6863708496094, 352.02154541015625, 355.7689208984375)",-0.496211,-1.0,"(0.000019, -0.000005, -0.000005)",LeftFalse_RightFalse
54.088867,0.019718,"(-1.4818148612976074, 0.8843932151794434, -34.31312942504883)","(357.4693603515625, 352.5023193359375, 179.0171661376953)","(-1.9020251035690308, 1.1902986764907837, -33.72483444213867)","(359.94830322265625, 234.1261444091797, 359.9301452636719)","(-2.173983097076416, -0.040239423513412476, -33.57139587402344)","(359.9132385253906, 177.0407257080078, 0.0054362984374165535)",0.0,0.0289,"(-0.002575, -0.000095, 0.063663)",LeftFalse_RightFalse,False,"(1.8902966976165771, -0.0664987787604332, 38.404876708984375)","(356.6863708496094, 352.0215148925781, 355.7689208984375)",-0.496211,-1.0,"(0.000019, -0.000003, -0.000005)",LeftFalse_RightFalse
54.131226,0.020273,"(-1.4818999767303467, 0.8843892216682434, -34.31043243408203)","(357.4693908691406, 352.50054931640625, 179.0144500732422)","(-1.9021283388137817, 1.190294623374939, -33.72215270996094)","(359.9482727050781, 234.12435913085938, 359.93011474609375)","(-2.1740915775299072, -0.040243521332740784, -33.568721771240234)","(359.9132385253906, 177.03895568847656, 0.005459219682961702)",0.0,0.0289,"(-0.002553, -0.000095, 0.063009)",LeftFalse_RightFalse,False,"(1.8902976512908936, -0.06649866700172424, 38.404876708984375)","(356.6863708496094, 352.021484375, 355.7689208984375)",-0.496211,-1.0,"(0.000019, -0.000003, -0.000005)",LeftFalse_RightFalse
54.188965,0.019767,"(-1.4820096492767334, 0.88438481092453, -34.306766510009766)","(357.46954345703125, 352.4976501464844, 179.0150146484375)","(-1.902267575263977, 1.1902891397476196, -33.718502044677734)","(359.94818115234375, 234.12149047851562, 359.9300231933594)","(-2.174238920211792, -0.04024924337863922, -33.56509017944336)","(359.9131164550781, 177.03607177734375, 0.005483103450387716)",0.0,0.0289,"(-0.002551, -0.000101, 0.062664)",LeftFalse_RightFalse,False,"(1.8902990818023682, -0.06649854779243469, 38.404876708984375)","(356.6863708496094, 352.0214538574219, 355.7689208984375)",-0.49621,-1.0,"(0.000019, -0.000003, -0.000005)",LeftFalse_RightFalse
54.24585,0.019329,"(-1.482126235961914, 0.8843796849250793, -34.30316162109375)","(357.4696350097656, 352.4953918457031, 179.01710510253906)","(-1.902407169342041, 1.1902834177017212, -33.71491622924805)","(359.9481506347656, 234.1192626953125, 359.92999267578125)","(-2.174384593963623, -0.040255069732666016, -33.56151580810547)","(359.9130554199219, 177.03382873535156, 0.005491164512932301)",0.0,0.0289,"(-0.002582, -0.000103, 0.063654)",LeftFalse_RightFalse,False,"(1.8903002738952637, -0.06649846583604813, 38.40487289428711)","(356.6863708496094, 352.02142333984375, 355.7689514160156)",-0.496212,-1.0,"(0.000019, -0.000005, -0.000005)",LeftFalse_RightFalse
54.302124,0.019061,"(-1.4822463989257812, 0.884375810623169, -34.299617767333984)","(357.46978759765625, 352.4933166503906, 179.0181884765625)","(-1.9025461673736572, 1.190278172492981, -33.71138381958008)","(359.94805908203125, 234.117431640625, 359.92987060546875)","(-2.1745285987854004, -0.04026082158088684, -33.5579948425293)","(359.91290283203125, 177.03199768066406, 0.005506052169948816)",0.0,0.0289,"(-0.002536, -0.000102, 0.061786)",LeftFalse_RightFalse,False,"(1.8903017044067383, -0.06649857759475708, 38.404876708984375)","(356.6863708496094, 352.0213928222656, 355.7689514160156)",-0.496212,-1.0,"(0.000019, -0.000006, -0.000005)",LeftFalse_RightFalse
54.343018,0.019621,"(-1.4823509454727173, 0.8843705654144287, -34.297019958496094)","(357.4696960449219, 352.4928283691406, 179.01571655273438)","(-1.9026517868041992, 1.190273642539978, -33.70878982543945)","(359.9480895996094, 234.1173095703125, 359.929931640625)","(-2.1746344566345215, -0.04026507958769798, -33.555397033691406)","(359.9129638671875, 177.03189086914062, 0.005497769918292761)",0.0,0.0289,"(-0.002568, -0.000102, 0.062741)",LeftFalse_RightFalse,False,"(1.8903026580810547, -0.06649866700172424, 38.404876708984375)","(356.6863708496094, 352.0213623046875, 355.7689514160156)",-0.49621,-1.0,"(0.000019, -0.000005, -0.000005)",LeftFalse_RightFalse
54.387085,0.020379,"(-1.4824659824371338, 0.8843665719032288, -34.29424285888672)","(357.4697265625, 352.49267578125, 179.01602172851562)","(-1.9027656316757202, 1.1902693510055542, -33.70600891113281)","(359.9480895996094, 234.117431640625, 359.9299011230469)","(-2.174747943878174, -0.040269479155540466, -33.55261993408203)","(359.9129333496094, 177.03199768066406, 0.005496439523994923)",0.0,0.0289,"(-0.002636, -0.000107, 0.065046)",LeftFalse_RightFalse,False,"(1.8903037309646606, -0.06649872660636902, 38.404876708984375)","(356.6863708496094, 352.0213623046875, 355.7689514160156)",-0.49621,-1.0,"(0.000019, -0.000004, -0.000005)",LeftFalse_RightFalse
54.444458,0.019699,"(-1.4825842380523682, 0.8843585848808289, -34.29053497314453)","(357.4695739746094, 352.49005126953125, 179.0162811279297)","(-1.9029090404510498, 1.190263032913208, -33.70232009887695)","(359.94818115234375, 234.11495971679688, 359.9300537109375)","(-2.1748976707458496, -0.04027548059821129, -33.5489387512207)","(359.9131164550781, 177.02955627441406, 0.005479390732944012)",0.0,0.0289,"(-0.002536, -0.000099, 0.061652)",LeftFalse_RightFalse,False,"(1.8903050422668457, -0.06649871170520782, 38.404876708984375)","(356.6863708496094, 352.02130126953125, 355.7689514160156)",-0.496213,-1.0,"(0.000019, -0.000004, -0.000005)",LeftFalse_RightFalse
54.485107,0.019909,"(-1.4826929569244385, 0.8843572735786438, -34.28800582885742)","(357.46978759765625, 352.4903259277344, 179.0116424560547)","(-1.903014063835144, 1.1902594566345215, -33.699790954589844)","(359.94805908203125, 234.11532592773438, 359.92987060546875)","(-2.175001859664917, -0.04027952626347542, -33.546409606933594)","(359.91290283203125, 177.02992248535156, 0.00549975736066699)",0.0,0.0289,"(-0.002561, -0.000103, 0.062286)",LeftFalse_RightFalse,False,"(1.8903058767318726, -0.06649870425462723, 38.404876708984375)","(356.6863708496094, 352.02130126953125, 355.7689514160156)",-0.496213,-1.0,"(0.000019, -0.000003, -0.000005)",LeftFalse_RightFalse
54.542969,0.019609,"(-1.4828213453292847, 0.8843527436256409, -34.28434753417969)","(357.46990966796875, 352.4886779785156, 179.014404296875)","(-1.9031586647033691, 1.190253734588623, -33.69614028930664)","(359.9479675292969, 234.11373901367188, 359.9297790527344)","(-2.1751508712768555, -0.04028552770614624, -33.54277038574219)","(359.91278076171875, 177.02833557128906, 0.005507310386747122)",0.0,0.0289,"(-0.002627, -0.000104, 0.064386)",LeftFalse_RightFalse,False,"(1.8903074264526367, -0.06649854779243469, 38.404876708984375)","(356.6863708496094, 352.0212707519531, 355.7689514160156)",-0.496211,-1.0,"(0.000019, -0.000003, -0.000005)",LeftFalse_RightFalse
54.60022,0.019354,"(-1.4829621315002441, 0.8843451738357544, -34.28068542480469)","(357.46978759765625, 352.48797607421875, 179.0150909423828)","(-1.9033063650131226, 1.1902475357055664, -33.69248580932617)","(359.94805908203125, 234.1130828857422, 359.92987060546875)","(-2.175300121307373, -0.040291476994752884, -33.53911590576172)","(359.91290283203125, 177.02767944335938, 0.005491968709975481)",0.0,0.0289,"(-0.002610, -0.000103, 0.063847)",LeftFalse_RightFalse,False,"(1.8903087377548218, -0.0664985403418541, 38.404876708984375)","(356.6863708496094, 352.021240234375, 355.7689514160156)",-0.49621,-1.0,"(0.000019, -0.000006, -0.000005)",LeftFalse_RightFalse
54.655762,0.018949,"(-1.483086109161377, 0.8843401670455933, -34.277137756347656)","(357.4698181152344, 352.48638916015625, 179.01121520996094)","(-1.9034465551376343, 1.1902419328689575, -33.68894958496094)","(359.9480285644531, 234.1114959716797, 359.9298400878906)","(-2.1754446029663086, -0.04029720649123192, -33.535587310791016)","(359.912841796875, 177.02609252929688, 0.005498213693499565)",0.0,0.0289,"(-0.002587, -0.000101, 0.062915)",LeftFalse_RightFalse,False,"(1.8903100490570068, -0.06649863719940186, 38.404876708984375)","(356.6863708496094, 352.0212097167969, 355.7689514160156)",-0.496211,-1.0,"(0.000019, -0.000005, -0.000005)",LeftFalse_RightFalse
54.696289,0.019482,"(-1.4831719398498535, 0.8843356966972351, -34.2745361328125)","(357.4698181152344, 352.4848327636719, 179.0137176513672)","(-1.903548240661621, 1.1902376413345337, -33.68635940551758)","(359.94805908203125, 234.10997009277344, 359.9298400878906)","(-2.1755504608154297, -0.04030139744281769, -33.53300476074219)","(359.9128723144531, 177.02455139160156, 0.00549536244943738)",0.0,0.0289,"(-0.002575, -0.000101, 0.062592)",LeftFalse_RightFalse,False,"(1.8903110027313232, -0.06649866700172424, 38.404876708984375)","(356.6863708496094, 352.02117919921875, 355.7689514160156)",-0.496211,-1.0,"(0.000019, -0.000004, -0.000005)",LeftFalse_RightFalse
54.740112,0.020259,"(-1.4832496643066406, 0.8843328952789307, -34.2717399597168)","(357.4699401855469, 352.4820556640625, 179.01541137695312)","(-1.9036544561386108, 1.190233588218689, -33.6835823059082)","(359.9479675292969, 234.107177734375, 359.92974853515625)","(-2.175664186477661, -0.040305811911821365, -33.530242919921875)","(359.9127502441406, 177.02175903320312, 0.005506768357008696)",0.0,0.0289,"(-0.002584, -0.000103, 0.062843)",LeftFalse_RightFalse,False,"(1.8903119564056396, -0.06649872660636902, 38.404876708984375)","(356.6863708496094, 352.0211486816406, 355.7689514160156)",-0.496214,-1.0,"(0.000019, -0.000004, -0.000005)",LeftFalse_RightFalse
54.780518,0.020232,"(-1.4833301305770874, 0.8843275904655457, -34.26912307739258)","(357.4698486328125, 352.4800720214844, 179.0106964111328)","(-1.9037551879882812, 1.1902291774749756, -33.68098068237305)","(359.9480285644531, 234.105224609375, 359.9298095703125)","(-2.1757700443267822, -0.04031003639101982, -33.52764892578125)","(359.912841796875, 177.01980590820312, 0.005499714054167271)",0.0,0.0289,"(-0.002589, -0.000102, 0.062959)",LeftFalse_RightFalse,False,"(1.890312910079956, -0.06649870425462723, 38.404876708984375)","(356.6863708496094, 352.0211181640625, 355.7689514160156)",-0.496211,-1.0,"(0.000019, -0.000003, -0.000005)",LeftFalse_RightFalse
54.835449,0.019264,"(-1.483463168144226, 0.8843223452568054, -34.26560592651367)","(357.4698791503906, 352.479248046875, 179.01309204101562)","(-1.903896689414978, 1.1902234554290771, -33.677467346191406)","(359.947998046875, 234.10440063476562, 359.9297790527344)","(-2.1759138107299805, -0.04031571373343468, -33.52414321899414)","(359.9128112792969, 177.0189666748047, 0.005501850973814726)",0.0,0.0289,"(-0.002581, -0.000099, 0.062423)",LeftFalse_RightFalse,False,"(1.8903143405914307, -0.06649864464998245, 38.404876708984375)","(356.6863708496094, 352.0210876464844, 355.7689514160156)",-0.496212,-1.0,"(0.000019, -0.000004, -0.000005)",LeftFalse_RightFalse
54.876709,0.0197,"(-1.4835654497146606, 0.8843163251876831, -34.26293182373047)","(357.4697570800781, 352.47869873046875, 179.01583862304688)","(-1.9040045738220215, 1.1902188062667847, -33.674800872802734)","(359.9480895996094, 234.10385131835938, 359.9299011230469)","(-2.176023006439209, -0.0403200127184391, -33.5214729309082)","(359.9129333496094, 177.01841735839844, 0.005490346346050501)",0.0,0.0289,"(-0.002657, -0.000105, 0.065082)",LeftFalse_RightFalse,False,"(1.890315294265747, -0.06649854779243469, 38.404876708984375)","(356.6863708496094, 352.02105712890625, 355.7689514160156)",-0.496209,-1.0,"(0.000019, -0.000004, -0.000005)",LeftFalse_RightFalse
54.934814,0.019546,"(-1.4836926460266113, 0.8843086957931519, -34.259132385253906)","(357.4696350097656, 352.47662353515625, 179.01544189453125)","(-1.9041532278060913, 1.190212368965149, -33.671016693115234)","(359.9481506347656, 234.1017608642578, 359.92999267578125)","(-2.1761772632598877, -0.04032614082098007, -33.517696380615234)","(359.9130554199219, 177.01634216308594, 0.005481565836817026)",0.0,0.0289,"(-0.002662, -0.000102, 0.065219)",LeftFalse_RightFalse,False,"(1.8903166055679321, -0.06649856269359589, 38.404876708984375)","(356.6863708496094, 352.0210266113281, 355.7689514160156)",-0.496209,-1.0,"(0.000019, -0.000005, -0.000005)",LeftFalse_RightFalse
54.991699,0.019261,"(-1.4838327169418335, 0.8843042254447937, -34.255455017089844)","(357.4697570800781, 352.475830078125, 179.01751708984375)","(-1.904301404953003, 1.1902068853378296, -33.66734313964844)","(359.9480895996094, 234.10096740722656, 359.9299011230469)","(-2.176327705383301, -0.04033194109797478, -33.51403045654297)","(359.9129333496094, 177.0155487060547, 0.00549535546451807)",0.0,0.0289,"(-0.002671, -0.000105, 0.065186)",LeftFalse_RightFalse,False,"(1.8903181552886963, -0.06649856269359589, 38.404876708984375)","(356.6863708496094, 352.02099609375, 355.7689514160156)",-0.496211,-1.0,"(0.000019, -0.000006, -0.000005)",LeftFalse_RightFalse
55.048584,0.019163,"(-1.4839675426483154, 0.8842959403991699, -34.251686096191406)","(357.46954345703125, 352.47442626953125, 179.0206756591797)","(-1.9044506549835205, 1.1902004480361938, -33.6635856628418)","(359.9482116699219, 234.09954833984375, 359.9300537109375)","(-2.176480531692505, -0.04033795744180679, -33.510276794433594)","(359.9131164550781, 177.01414489746094, 0.0054768156260252)",0.0,0.0289,"(-0.002696, -0.000104, 0.066152)",LeftFalse_RightFalse,False,"(1.8903193473815918, -0.06649866700172424, 38.404876708984375)","(356.6863708496094, 352.0209655761719, 355.7689514160156)",-0.496211,-1.0,"(0.000019, -0.000005, -0.000005)",LeftFalse_RightFalse
55.092163,0.020014,"(-1.4840714931488037, 0.8842935562133789, -34.24884033203125)","(357.4697265625, 352.4734802246094, 179.0216522216797)","(-1.9045641422271729, 1.1901962757110596, -33.66074752807617)","(359.9480895996094, 234.09861755371094, 359.9299011230469)","(-2.1765966415405273, -0.040342479944229126, -33.5074462890625)","(359.9129638671875, 177.01319885253906, 0.005494263023138046)",0.0,0.0289,"(-0.002672, -0.000105, 0.065155)",LeftFalse_RightFalse,False,"(1.8903204202651978, -0.06649868190288544, 38.404876708984375)","(356.6863708496094, 352.02093505859375, 355.7689514160156)",-0.496213,-1.0,"(0.000019, -0.000005, -0.000005)",LeftFalse_RightFalse
55.150269,0.019703,"(-1.484215259552002, 0.8842898607254028, -34.24507141113281)","(357.46990966796875, 352.47265625, 179.02236938476562)","(-1.9047162532806396, 1.1901906728744507, -33.656982421875)","(359.9479675292969, 234.09779357910156, 359.9297790527344)","(-2.176751136779785, -0.040348559617996216, -33.50368881225586)","(359.91278076171875, 177.01239013671875, 0.005509365815669298)",0.0,0.0289,"(-0.002711, -0.000110, 0.066370)",LeftFalse_RightFalse,False,"(1.8903218507766724, -0.06649863719940186, 38.404876708984375)","(356.6863708496094, 352.0209045410156, 355.7689514160156)",-0.496211,-1.0,"(0.000019, -0.000004, -0.000005)",LeftFalse_RightFalse
55.192261,0.020113,"(-1.4843072891235352, 0.8842852115631104, -34.2423095703125)","(357.46990966796875, 352.4710998535156, 179.02268981933594)","(-1.9048242568969727, 1.1901861429214478, -33.654232025146484)","(359.9479675292969, 234.09625244140625, 359.9297790527344)","(-2.176863193511963, -0.04035314917564392, -33.500946044921875)","(359.91278076171875, 177.01084899902344, 0.005506086628884077)",0.0,0.0289,"(-0.002661, -0.000107, 0.064834)",LeftFalse_RightFalse,False,"(1.8903228044509888, -0.06649864464998245, 38.404876708984375)","(356.6863708496094, 352.0208740234375, 355.7689514160156)",-0.496212,-1.0,"(0.000019, -0.000005, -0.000005)",LeftFalse_RightFalse
55.247803,0.019354,"(-1.484403133392334, 0.8842822313308716, -34.238685607910156)","(357.4701232910156, 352.4671630859375, 179.02027893066406)","(-1.9049608707427979, 1.1901808977127075, -33.650634765625)","(359.9478454589844, 234.09228515625, 359.9295959472656)","(-2.1770105361938477, -0.04035904258489609, -33.497371673583984)","(359.91253662109375, 177.0068817138672, 0.005524015519768)",0.0,0.0289,"(-0.002601, -0.000104, 0.062595)",LeftFalse_RightFalse,False,"(1.8903241157531738, -0.06649857759475708, 38.404876708984375)","(356.6863708496094, 352.0208435058594, 355.7689514160156)",-0.496211,-1.0,"(0.000019, -0.000004, -0.000005)",LeftFalse_RightFalse
55.305786,0.019376,"(-1.4845366477966309, 0.8842768669128418, -34.234920501708984)","(357.47021484375, 352.4655456542969, 179.01699829101562)","(-1.9051108360290527, 1.1901746988296509, -33.646881103515625)","(359.9477844238281, 234.09066772460938, 359.9295349121094)","(-2.1771650314331055, -0.040365248918533325, -33.493629455566406)","(359.9124755859375, 177.0052490234375, 0.005534075666218996)",0.0,0.0289,"(-0.002667, -0.000105, 0.064632)",LeftFalse_RightFalse,False,"(1.8903255462646484, -0.06649864464998245, 38.404876708984375)","(356.6863708496094, 352.02081298828125, 355.7689514160156)",-0.496211,-1.0,"(0.000019, -0.000006, -0.000005)",LeftFalse_RightFalse
55.365112,0.019662,"(-1.4846960306167603, 0.8842708468437195, -34.23107147216797)","(357.47021484375, 352.4655456542969, 179.0174102783203)","(-1.9052698612213135, 1.190168857574463, -33.643035888671875)","(359.9477844238281, 234.0906982421875, 359.9295349121094)","(-2.177323818206787, -0.0403713583946228, -33.48978042602539)","(359.9124755859375, 177.00527954101562, 0.005532519891858101)",0.0,0.0289,"(-0.002732, -0.000108, 0.066685)",LeftFalse_RightFalse,False,"(1.890326976776123, -0.06649869680404663, 38.404876708984375)","(356.6863708496094, 352.0207824707031, 355.7689514160156)",-0.496212,-1.0,"(0.000019, -0.000005, -0.000005)",LeftFalse_RightFalse
55.425659,0.019899,"(-1.484849452972412, 0.8842641115188599, -34.227115631103516)","(357.4701843261719, 352.46484375, 179.01632690429688)","(-1.905430555343628, 1.190162181854248, -33.63908386230469)","(359.94781494140625, 234.08999633789062, 359.9295349121094)","(-2.1774864196777344, -0.04037780314683914, -33.48583221435547)","(359.9125061035156, 177.00457763671875, 0.005529265385121107)",0.0,0.0289,"(-0.002643, -0.000104, 0.063541)",LeftFalse_RightFalse,False,"(1.890328288078308, -0.06649872660636902, 38.404876708984375)","(356.6863708496094, 352.020751953125, 355.7689514160156)",-0.49621,-1.0,"(0.000019, -0.000004, -0.000005)",LeftFalse_RightFalse
55.483398,0.019563,"(-1.4849588871002197, 0.884259819984436, -34.22335433959961)","(357.4703369140625, 352.46142578125, 179.01942443847656)","(-1.9055753946304321, 1.19015634059906, -33.635345458984375)","(359.9477233886719, 234.0865478515625, 359.929443359375)","(-2.177640676498413, -0.04038388654589653, -33.482112884521484)","(359.912353515625, 177.00112915039062, 0.005542878061532974)",0.0,0.0289,"(-0.002716, -0.000106, 0.065947)",LeftFalse_RightFalse,False,"(1.8903295993804932, -0.06649874895811081, 38.404876708984375)","(356.6863708496094, 352.0207214355469, 355.7689514160156)",-0.496212,-1.0,"(0.000019, -0.000004, -0.000005)",LeftFalse_RightFalse
55.524048,0.019811,"(-1.4850456714630127, 0.8842551112174988, -34.220680236816406)","(357.4703063964844, 352.45965576171875, 179.01870727539062)","(-1.9056801795959473, 1.1901520490646362, -33.632686614990234)","(359.94775390625, 234.08477783203125, 359.9294738769531)","(-2.1777501106262207, -0.04038809984922409, -33.479461669921875)","(359.9123840332031, 176.9993896484375, 0.005541074089705944)",0.0,0.0289,"(-0.002671, -0.000104, 0.064448)",LeftFalse_RightFalse,False,"(1.8903306722640991, -0.0664987713098526, 38.404876708984375)","(356.6863708496094, 352.02069091796875, 355.7689514160156)",-0.496211,-1.0,"(0.000019, -0.000004, -0.000005)",LeftFalse_RightFalse
55.581909,0.01945,"(-1.4851555824279785, 0.884248673915863, -34.21687698364258)","(357.47027587890625, 352.45611572265625, 179.01588439941406)","(-1.905826449394226, 1.1901459693908691, -33.62890625)","(359.94775390625, 234.0812530517578, 359.9294738769531)","(-2.177905797958374, -0.04039416089653969, -33.47570037841797)","(359.91241455078125, 176.995849609375, 0.005542185623198748)",0.0,0.0289,"(-0.002714, -0.000107, 0.065765)",LeftFalse_RightFalse,False,"(1.8903321027755737, -0.06649860739707947, 38.404876708984375)","(356.6863708496094, 352.0206604003906, 355.7689514160156)",-0.496211,-1.0,"(0.000019, -0.000004, -0.000005)",LeftFalse_RightFalse
55.637695,0.019024,"(-1.4852919578552246, 0.8842434287071228, -34.21324157714844)","(357.4703063964844, 352.4550476074219, 179.0165252685547)","(-1.9059736728668213, 1.1901402473449707, -33.62527847290039)","(359.9477233886719, 234.08018493652344, 359.929443359375)","(-2.178056001663208, -0.04040008410811424, -33.472076416015625)","(359.912353515625, 176.99478149414062, 0.0055503277108073235)",0.0,0.0289,"(-0.002657, -0.000103, 0.063667)",LeftFalse_RightFalse,False,"(1.8903334140777588, -0.06649860739707947, 38.404876708984375)","(356.6863708496094, 352.0206298828125, 355.7689514160156)",-0.496213,-1.0,"(0.000019, -0.000003, -0.000005)",LeftFalse_RightFalse
55.696655,0.019339,"(-1.4854097366333008, 0.884235143661499, -34.20931625366211)","(357.47015380859375, 352.44915771484375, 179.01528930664062)","(-1.9061254262924194, 1.1901334524154663, -33.62137985229492)","(359.94781494140625, 234.07687377929688, 359.9295654296875)","(-2.1782166957855225, -0.04040639102458954, -33.46818923950195)","(359.9125061035156, 176.991455078125, 0.0055398535914719105)",0.0,0.0289,"(-0.002745, -0.000107, 0.066554)",LeftFalse_RightFalse,False,"(1.8903348445892334, -0.06649862974882126, 38.404876708984375)","(356.6863708496094, 352.0205993652344, 355.7689514160156)",-0.496215,-1.0,"(0.000019, -0.000005, -0.000005)",LeftFalse_RightFalse
55.752563,0.018951,"(-1.485550045967102, 0.8842292428016663, -34.205631256103516)","(357.47015380859375, 352.447998046875, 179.01466369628906)","(-1.9062750339508057, 1.1901276111602783, -33.617698669433594)","(359.94781494140625, 234.07595825195312, 359.9295654296875)","(-2.1783688068389893, -0.04041223227977753, -33.464515686035156)","(359.9125061035156, 176.9905548095703, 0.005543624982237816)",0.0,0.0289,"(-0.002716, -0.000104, 0.065489)",LeftFalse_RightFalse,False,"(1.890336036682129, -0.06649865210056305, 38.404876708984375)","(356.6863708496094, 352.02056884765625, 355.76898193359375)",-0.496212,-1.0,"(0.000019, -0.000005, -0.000005)",LeftFalse_RightFalse
55.809082,0.018814,"(-1.4856834411621094, 0.8842247724533081, -34.20191955566406)","(357.47027587890625, 352.4463195800781, 179.01429748535156)","(-1.9064241647720337, 1.1901220083236694, -33.6140022277832)","(359.9477233886719, 234.07443237304688, 359.9294738769531)","(-2.1785221099853516, -0.04041812941431999, -33.4608268737793)","(359.9123840332031, 176.989013671875, 0.00555802695453167)",0.0,0.0289,"(-0.002744, -0.000109, 0.066313)",LeftFalse_RightFalse,False,"(1.8903374671936035, -0.06649868190288544, 38.404876708984375)","(356.6863708496094, 352.0205383300781, 355.7689514160156)",-0.496211,-1.0,"(0.000019, -0.000004, -0.000005)",LeftFalse_RightFalse
55.865112,0.018693,"(-1.4858081340789795, 0.8842190504074097, -34.198219299316406)","(357.4703063964844, 352.444091796875, 179.0141143798828)","(-1.9065709114074707, 1.1901161670684814, -33.610313415527344)","(359.9477233886719, 234.07228088378906, 359.9294738769531)","(-2.1786746978759766, -0.04042402654886246, -33.457149505615234)","(359.9123840332031, 176.9868621826172, 0.0055589834228158)",0.0,0.0289,"(-0.002711, -0.000104, 0.065200)",LeftFalse_RightFalse,False,"(1.8903387784957886, -0.06649865210056305, 38.404876708984375)","(356.6863708496094, 352.0205078125, 355.7689514160156)",-0.496213,-1.0,"(0.000019, -0.000004, -0.000005)",LeftFalse_RightFalse
55.918579,0.018226,"(-1.4859209060668945, 0.8842159509658813, -34.1947135925293)","(357.4704895019531, 352.441650390625, 179.0146942138672)","(-1.9067087173461914, 1.1901111602783203, -33.60682678222656)","(359.9476013183594, 234.06985473632812, 359.9293212890625)","(-2.178819179534912, -0.040429625660181046, -33.453678131103516)","(359.91217041015625, 176.98443603515625, 0.005577458534389734)",0.0,0.0289,"(-0.002734, -0.000106, 0.065607)",LeftFalse_RightFalse,False,"(1.8903400897979736, -0.06649854779243469, 38.404876708984375)","(356.6863708496094, 352.0204772949219, 355.7689514160156)",-0.496211,-1.0,"(0.000019, -0.000004, -0.000005)",LeftFalse_RightFalse
55.95874,0.018945,"(-1.4860061407089233, 0.8842121958732605, -34.19206619262695)","(357.47052001953125, 352.439697265625, 179.01351928710938)","(-1.9068135023117065, 1.190106987953186, -33.604190826416016)","(359.94757080078125, 234.06793212890625, 359.9292907714844)","(-2.178929090499878, -0.04043389856815338, -33.451053619384766)","(359.9121398925781, 176.98251342773438, 0.005581734236329794)",0.0,0.0289,"(-0.002724, -0.000107, 0.065168)",LeftFalse_RightFalse,False,"(1.89034104347229, -0.06649857759475708, 38.404876708984375)","(356.6863708496094, 352.02044677734375, 355.7689514160156)",-0.496211,-1.0,"(0.000019, -0.000004, -0.000005)",LeftFalse_RightFalse
56.012939,0.01847,"(-1.4861220121383667, 0.8842056393623352, -34.188472747802734)","(357.4704895019531, 352.4371643066406, 179.0126190185547)","(-1.9069552421569824, 1.190100908279419, -33.600616455078125)","(359.9476013183594, 234.06539916992188, 359.9293212890625)","(-2.179077625274658, -0.040439728647470474, -33.44749069213867)","(359.9122009277344, 176.97998046875, 0.005578759592026472)",0.0,0.0289,"(-0.002750, -0.000105, 0.065882)",LeftFalse_RightFalse,False,"(1.890342354774475, -0.06649859249591827, 38.404876708984375)","(356.6863708496094, 352.0204162597656, 355.76898193359375)",-0.496208,-1.0,"(0.000019, -0.000006, -0.000005)",LeftFalse_RightFalse
56.068481,0.018509,"(-1.4862608909606934, 0.8841983675956726, -34.18478012084961)","(357.4703674316406, 352.43603515625, 179.01211547851562)","(-1.9071056842803955, 1.1900947093963623, -33.5969352722168)","(359.9476623535156, 234.0642852783203, 359.9294128417969)","(-2.1792309284210205, -0.04044564068317413, -33.443809509277344)","(359.91229248046875, 176.9788818359375, 0.005569062661379576)",0.0,0.0289,"(-0.002805, -0.000109, 0.067718)",LeftFalse_RightFalse,False,"(1.8903436660766602, -0.06649867445230484, 38.404876708984375)","(356.6863708496094, 352.0203857421875, 355.76898193359375)",-0.496209,-1.0,"(0.000019, -0.000005, -0.000005)",LeftFalse_RightFalse
56.124634,0.018605,"(-1.4863922595977783, 0.8841917514801025, -34.18101119995117)","(357.4703063964844, 352.43414306640625, 179.0118408203125)","(-1.9072564840316772, 1.1900885105133057, -33.59318161010742)","(359.94769287109375, 234.06240844726562, 359.929443359375)","(-2.179386854171753, -0.04045160487294197, -33.4400634765625)","(359.912353515625, 176.9769744873047, 0.00556822819635272)",0.0,0.0289,"(-0.002771, -0.000106, 0.066495)",LeftFalse_RightFalse,False,"(1.8903449773788452, -0.06649872660636902, 38.404876708984375)","(356.6863708496094, 352.0203552246094, 355.76898193359375)",-0.496213,-1.0,"(0.000019, -0.000004, -0.000005)",LeftFalse_RightFalse
56.181274,0.018689,"(-1.4865373373031616, 0.8841872811317444, -34.17726135253906)","(357.4704284667969, 352.43328857421875, 179.01165771484375)","(-1.9074103832244873, 1.1900829076766968, -33.58943557739258)","(359.9476318359375, 234.0615234375, 359.9293518066406)","(-2.1795430183410645, -0.04045756906270981, -33.43632507324219)","(359.9122314453125, 176.9761199951172, 0.005577434785664082)",0.0,0.0289,"(-0.002765, -0.000107, 0.066140)",LeftFalse_RightFalse,False,"(1.8903464078903198, -0.06649858504533768, 38.404876708984375)","(356.6863708496094, 352.02032470703125, 355.76898193359375)",-0.496211,-1.0,"(0.000019, -0.000004, -0.000005)",LeftFalse_RightFalse
56.23938,0.019083,"(-1.4866693019866943, 0.8841809034347534, -34.17336654663086)","(357.4704284667969, 352.4310302734375, 179.01158142089844)","(-1.9075654745101929, 1.1900765895843506, -33.58555603027344)","(359.9476318359375, 234.05929565429688, 359.9293518066406)","(-2.179704189300537, -0.040463872253894806, -33.432456970214844)","(359.9122314453125, 176.97386169433594, 0.005577027332037687)",0.0,0.0289,"(-0.002748, -0.000105, 0.065650)",LeftFalse_RightFalse,False,"(1.8903477191925049, -0.06649857759475708, 38.404876708984375)","(356.6863708496094, 352.0202941894531, 355.76898193359375)",-0.496211,-1.0,"(0.000019, -0.000004, -0.000005)",LeftFalse_RightFalse
56.296143,0.019029,"(-1.4868309497833252, 0.8841767907142639, -34.169612884521484)","(357.4705810546875, 352.4313659667969, 179.0115203857422)","(-1.9077234268188477, 1.1900708675384521, -33.58180236816406)","(359.9475402832031, 234.05963134765625, 359.9292297363281)","(-2.179861307144165, -0.04046996682882309, -33.42870330810547)","(359.9120788574219, 176.97421264648438, 0.005589247681200504)",0.0,0.0289,"(-0.002782, -0.000108, 0.066592)",LeftFalse_RightFalse,False,"(1.8903491497039795, -0.0664985403418541, 38.404876708984375)","(356.6863708496094, 352.020263671875, 355.76898193359375)",-0.496211,-1.0,"(0.000019, -0.000005, -0.000005)",LeftFalse_RightFalse
56.338135,0.019739,"(-1.4869494438171387, 0.8841714262962341, -34.16681671142578)","(357.47052001953125, 352.4315185546875, 179.0115203857422)","(-1.9078407287597656, 1.1900662183761597, -33.579002380371094)","(359.94757080078125, 234.0597686767578, 359.9292907714844)","(-2.179978132247925, -0.0404745377600193, -33.4259033203125)","(359.9121398925781, 176.97434997558594, 0.005580506753176451)",0.0,0.0289,"(-0.002782, -0.000107, 0.066632)",LeftFalse_RightFalse,False,"(1.890350103378296, -0.06649857014417648, 38.404876708984375)","(356.6863708496094, 352.0202331542969, 355.76898193359375)",-0.496211,-1.0,"(0.000019, -0.000005, -0.000005)",LeftFalse_RightFalse
56.393921,0.019159,"(-1.4870929718017578, 0.8841657042503357, -34.1630859375)","(357.4705505371094, 352.43060302734375, 179.01148986816406)","(-1.9079935550689697, 1.1900603771209717, -33.575279235839844)","(359.94757080078125, 234.058837890625, 359.92926025390625)","(-2.18013334274292, -0.04048047959804535, -33.422183990478516)","(359.9121398925781, 176.9734344482422, 0.005578857846558094)",0.0,0.0289,"(-0.002731, -0.000105, 0.065076)",LeftFalse_RightFalse,False,"(1.8903515338897705, -0.06649860739707947, 38.404876708984375)","(356.6863708496094, 352.02020263671875, 355.76898193359375)",-0.49621,-1.0,"(0.000019, -0.000004, -0.000005)",LeftFalse_RightFalse
56.450317,0.019023,"(-1.4872220754623413, 0.8841630816459656, -34.15934753417969)","(357.4707946777344, 352.4285583496094, 179.01144409179688)","(-1.9081435203552246, 1.190055012702942, -33.571556091308594)","(359.9473876953125, 234.05679321289062, 359.9290466308594)","(-2.1802890300750732, -0.04048647731542587, -33.41847610473633)","(359.911865234375, 176.9713897705078, 0.005606718361377716)",0.0,0.0289,"(-0.002758, -0.000108, 0.065621)",LeftFalse_RightFalse,False,"(1.890352725982666, -0.06649863719940186, 38.404876708984375)","(356.6863708496094, 352.0201721191406, 355.76898193359375)",-0.496211,-1.0,"(0.000019, -0.000005, -0.000005)",LeftFalse_RightFalse
56.490723,0.019486,"(-1.4873104095458984, 0.8841599225997925, -34.15667724609375)","(357.4709167480469, 352.4267883300781, 179.0107879638672)","(-1.9082499742507935, 1.1900508403778076, -33.56889724731445)","(359.94732666015625, 234.05503845214844, 359.9289855957031)","(-2.1804003715515137, -0.04049087315797806, -33.415828704833984)","(359.9117736816406, 176.96963500976562, 0.0056151472963392735)",0.0,0.0289,"(-0.002753, -0.000108, 0.065301)",LeftFalse_RightFalse,False,"(1.8903536796569824, -0.06649865210056305, 38.404876708984375)","(356.6863708496094, 352.0201416015625, 355.76898193359375)",-0.496212,-1.0,"(0.000019, -0.000004, -0.000005)",LeftFalse_RightFalse
56.53186,0.019857,"(-1.4874143600463867, 0.8841552734375, -34.15394973754883)","(357.47088623046875, 352.4259338378906, 179.01461791992188)","(-1.9083625078201294, 1.1900463104248047, -33.5661735534668)","(359.9473571777344, 234.05419921875, 359.9289855957031)","(-2.1805150508880615, -0.040495336055755615, -33.413108825683594)","(359.9117736816406, 176.96878051757812, 0.005614464171230793)",0.0,0.0289,"(-0.002757, -0.000109, 0.065462)",LeftFalse_RightFalse,False,"(1.8903547525405884, -0.06649859994649887, 38.404876708984375)","(356.6863708496094, 352.0201110839844, 355.76898193359375)",-0.496211,-1.0,"(0.000019, -0.000004, -0.000005)",LeftFalse_RightFalse
56.588745,0.01939,"(-1.4875564575195312, 0.884147584438324, -34.150142669677734)","(357.47076416015625, 352.42462158203125, 179.011962890625)","(-1.9085180759429932, 1.190039873123169, -33.5623779296875)","(359.9474182128906, 234.05288696289062, 359.9290771484375)","(-2.1806740760803223, -0.040501512587070465, -33.40931701660156)","(359.9118957519531, 176.96746826171875, 0.0056033325381577015)",0.0,0.0289,"(-0.002800, -0.000106, 0.066813)",LeftFalse_RightFalse,False,"(1.8903560638427734, -0.06649854779243469, 38.404876708984375)","(356.6863708496094, 352.02008056640625, 355.76898193359375)",-0.496213,-1.0,"(0.000019, -0.000005, -0.000005)",LeftFalse_RightFalse
56.645996,0.019205,"(-1.4876813888549805, 0.8841397166252136, -34.146263122558594)","(357.47064208984375, 352.4218444824219, 179.0157012939453)","(-1.9086716175079346, 1.1900333166122437, -33.55852127075195)","(359.947509765625, 234.05010986328125, 359.92919921875)","(-2.180835008621216, -0.040507640689611435, -33.40546798706055)","(359.91204833984375, 176.96469116210938, 0.005595115479081869)",0.0,0.0289,"(-0.002849, -0.000111, 0.068417)",LeftFalse_RightFalse,False,"(1.890357255935669, -0.06649858504533768, 38.404876708984375)","(356.6863708496094, 352.0200500488281, 355.76898193359375)",-0.496211,-1.0,"(0.000019, -0.000006, -0.000005)",LeftFalse_RightFalse
56.707642,0.020019,"(-1.4878156185150146, 0.884132981300354, -34.14208221435547)","(357.47064208984375, 352.4188232421875, 179.01756286621094)","(-1.9088369607925415, 1.1900267601013184, -33.55436325073242)","(359.947509765625, 234.0470733642578, 359.92919921875)","(-2.1810085773468018, -0.040514200925827026, -33.40132522583008)","(359.91204833984375, 176.961669921875, 0.005599850323051214)",0.0,0.0289,"(-0.002837, -0.000109, 0.067913)",LeftFalse_RightFalse,False,"(1.8903589248657227, -0.06649865955114365, 38.404876708984375)","(356.6863708496094, 352.02001953125, 355.76898193359375)",-0.496209,-1.0,"(0.000019, -0.000003, -0.000005)",LeftFalse_RightFalse
56.749268,0.020252,"(-1.4879097938537598, 0.8841303586959839, -34.139286041259766)","(357.47076416015625, 352.4170837402344, 179.01820373535156)","(-1.9089486598968506, 1.190022587776184, -33.551578521728516)","(359.9474182128906, 234.04534912109375, 359.9290771484375)","(-2.1811249256134033, -0.04051869362592697, -33.39855194091797)","(359.9118957519531, 176.95994567871094, 0.005614348221570253)",0.0,0.0289,"(-0.002822, -0.000108, 0.067160)",LeftFalse_RightFalse,False,"(1.890359878540039, -0.06649866700172424, 38.404876708984375)","(356.6863708496094, 352.0199890136719, 355.76898193359375)",-0.496213,-1.0,"(0.000019, -0.000004, -0.000005)",LeftFalse_RightFalse
56.805908,0.019548,"(-1.4880568981170654, 0.8841244578361511, -34.13548278808594)","(357.4707946777344, 352.4161682128906, 179.01870727539062)","(-1.9091055393218994, 1.190016508102417, -33.54778289794922)","(359.9473876953125, 234.04440307617188, 359.9290771484375)","(-2.1812844276428223, -0.04052482545375824, -33.39476013183594)","(359.911865234375, 176.95899963378906, 0.005618257448077202)",0.0,0.0289,"(-0.002871, -0.000110, 0.068659)",LeftFalse_RightFalse,False,"(1.8903611898422241, -0.06649869680404663, 38.404876708984375)","(356.6863708496094, 352.01995849609375, 355.76898193359375)",-0.496211,-1.0,"(0.000019, -0.000004, -0.000005)",LeftFalse_RightFalse
56.861938,0.019135,"(-1.4881975650787354, 0.8841170072555542, -34.13167190551758)","(357.4706726074219, 352.41473388671875, 179.0189971923828)","(-1.9092607498168945, 1.1900101900100708, -33.54397964477539)","(359.9474792480469, 234.04299926757812, 359.9291687011719)","(-2.181443452835083, -0.04053094983100891, -33.39096450805664)","(359.9119873046875, 176.9575653076172, 0.0056092701852321625)",0.0,0.0289,"(-0.002826, -0.000109, 0.067375)",LeftFalse_RightFalse,False,"(1.8903625011444092, -0.06649871915578842, 38.404876708984375)","(356.6863708496094, 352.0199279785156, 355.76898193359375)",-0.496211,-1.0,"(0.000019, -0.000004, -0.000005)",LeftFalse_RightFalse
56.921753,0.019695,"(-1.4883358478546143, 0.8841102719306946, -34.127593994140625)","(357.4706726074219, 352.41229248046875, 179.0175018310547)","(-1.909423828125, 1.1900036334991455, -33.539920806884766)","(359.9474792480469, 234.04055786132812, 359.9291687011719)","(-2.181612968444824, -0.04053742066025734, -33.38691711425781)","(359.9119873046875, 176.95513916015625, 0.0056069837883114815)",0.0,0.0289,"(-0.002841, -0.000110, 0.067852)",LeftFalse_RightFalse,False,"(1.8903639316558838, -0.0664985254406929, 38.404876708984375)","(356.6863708496094, 352.0198974609375, 355.76898193359375)",-0.49621,-1.0,"(0.000019, -0.000003, -0.000005)",LeftFalse_RightFalse
56.979736,0.019404,"(-1.488470196723938, 0.8841062188148499, -34.123680114746094)","(357.4708557128906, 352.4100341796875, 179.01922607421875)","(-1.9095814228057861, 1.1899977922439575, -33.53602600097656)","(359.9473571777344, 234.03829956054688, 359.92901611328125)","(-2.181776762008667, -0.04054369404911995, -33.383033752441406)","(359.9118347167969, 176.952880859375, 0.00562600651755929)",0.0,0.0289,"(-0.002798, -0.000108, 0.066224)",LeftFalse_RightFalse,False,"(1.8903653621673584, -0.06649851053953171, 38.404876708984375)","(356.6863708496094, 352.0198669433594, 355.76898193359375)",-0.496214,-1.0,"(0.000019, -0.000004, -0.000005)",LeftFalse_RightFalse
57.037598,0.019338,"(-1.4886035919189453, 0.8841012120246887, -34.119754791259766)","(357.470947265625, 352.40765380859375, 179.01535034179688)","(-1.9097392559051514, 1.18999183177948, -33.5321159362793)","(359.9472961425781, 234.03591918945312, 359.928955078125)","(-2.181941032409668, -0.040550000965595245, -33.3791389465332)","(359.9117126464844, 176.9504852294922, 0.0056357416324317455)",0.0,0.0289,"(-0.002799, -0.000107, 0.066169)",LeftFalse_RightFalse,False,"(1.8903666734695435, -0.0664985179901123, 38.404876708984375)","(356.6863708496094, 352.01983642578125, 355.76898193359375)",-0.496207,-1.0,"(0.000019, -0.000003, -0.000005)",LeftFalse_RightFalse
57.09668,0.019542,"(-1.4887404441833496, 0.8840932846069336, -34.11570739746094)","(357.4708557128906, 352.4051818847656, 179.0189666748047)","(-1.9099016189575195, 1.1899847984313965, -33.5280876159668)","(359.9473571777344, 234.03343200683594, 359.92901611328125)","(-2.182110071182251, -0.0405566543340683, -33.375118255615234)","(359.91180419921875, 176.94801330566406, 0.005629790015518665)",0.0,0.0289,"(-0.002860, -0.000112, 0.068041)",LeftFalse_RightFalse,False,"(1.890368103981018, -0.06649862229824066, 38.404876708984375)","(356.6863708496094, 352.0198059082031, 355.76898193359375)",-0.496211,-1.0,"(0.000019, -0.000005, -0.000005)",LeftFalse_RightFalse
57.139648,0.020294,"(-1.4888492822647095, 0.8840901255607605, -34.11281204223633)","(357.4709777832031, 352.4041748046875, 179.01544189453125)","(-1.9100207090377808, 1.1899805068969727, -33.52519989013672)","(359.947265625, 234.03244018554688, 359.9289245605469)","(-2.182231903076172, -0.040561310946941376, -33.37223815917969)","(359.91168212890625, 176.94700622558594, 0.005642628762871027)",0.0,0.0289,"(-0.002860, -0.000110, 0.067766)",LeftFalse_RightFalse,False,"(1.890369176864624, -0.06649863719940186, 38.404876708984375)","(356.6863708496094, 352.019775390625, 355.76898193359375)",-0.49621,-1.0,"(0.000019, -0.000005, -0.000005)",LeftFalse_RightFalse
57.180542,0.020284,"(-1.488948106765747, 0.884087085723877, -34.11006546020508)","(357.4710998535156, 352.40289306640625, 179.0153045654297)","(-1.9101327657699585, 1.1899762153625488, -33.522457122802734)","(359.94720458984375, 234.0311279296875, 359.9288330078125)","(-2.182347536087036, -0.040565792471170425, -33.3695068359375)","(359.9115905761719, 176.9457244873047, 0.005653262138366699)",0.0,0.0289,"(-0.002854, -0.000113, 0.067598)",LeftFalse_RightFalse,False,"(1.8903701305389404, -0.06649866700172424, 38.404876708984375)","(356.6863708496094, 352.0197448730469, 355.76898193359375)",-0.496211,-1.0,"(0.000019, -0.000005, -0.000005)",LeftFalse_RightFalse
57.238892,0.019918,"(-1.489100456237793, 0.8840802311897278, -34.106109619140625)","(357.4710693359375, 352.4017639160156, 179.0155487060547)","(-1.9102964401245117, 1.1899696588516235, -33.51851272583008)","(359.9472351074219, 234.030029296875, 359.9288635253906)","(-2.182514190673828, -0.04057224467396736, -33.36556625366211)","(359.91162109375, 176.94461059570312, 0.005649079103022814)",0.0,0.0289,"(-0.002858, -0.000109, 0.067684)",LeftFalse_RightFalse,False,"(1.8903714418411255, -0.06649865955114365, 38.404876708984375)","(356.6863708496094, 352.01971435546875, 355.76898193359375)",-0.496211,-1.0,"(0.000019, -0.000004, -0.000005)",LeftFalse_RightFalse
57.280029,0.02023,"(-1.4892215728759766, 0.8840761780738831, -34.103328704833984)","(357.4710693359375, 352.40203857421875, 179.01348876953125)","(-1.9104148149490356, 1.1899654865264893, -33.51572799682617)","(359.94720458984375, 234.03028869628906, 359.9288330078125)","(-2.182631731033325, -0.04057663679122925, -33.3627815246582)","(359.9115905761719, 176.9448699951172, 0.005649218335747719)",0.0,0.0289,"(-0.002839, -0.000108, 0.067047)",LeftFalse_RightFalse,False,"(1.890372395515442, -0.06649854779243469, 38.404876708984375)","(356.6863708496094, 352.0196838378906, 355.76898193359375)",-0.49621,-1.0,"(0.000019, -0.000004, -0.000005)",LeftFalse_RightFalse
57.320679,0.020255,"(-1.4893074035644531, 0.8840720057487488, -34.100555419921875)","(357.4710998535156, 352.3996887207031, 179.0123748779297)","(-1.9105247259140015, 1.1899611949920654, -33.512969970703125)","(359.94720458984375, 234.0279541015625, 359.9288330078125)","(-2.1827478408813477, -0.04058104753494263, -33.36003494262695)","(359.91156005859375, 176.94253540039062, 0.005648920312523842)",0.0,0.0289,"(-0.002881, -0.000110, 0.068404)",LeftFalse_RightFalse,False,"(1.8903734683990479, -0.06649854779243469, 38.404876708984375)","(356.6863708496094, 352.0196533203125, 355.76898193359375)",-0.496211,-1.0,"(0.000019, -0.000004, -0.000005)",LeftFalse_RightFalse
57.379272,0.019873,"(-1.4894444942474365, 0.8840651512145996, -34.09654235839844)","(357.4710693359375, 352.3973388671875, 179.0116424560547)","(-1.9106861352920532, 1.1899546384811401, -33.50897979736328)","(359.9472351074219, 234.0255889892578, 359.9288635253906)","(-2.182915687561035, -0.040587469935417175, -33.35605239868164)","(359.9115905761719, 176.94017028808594, 0.0056488970294594765)",0.0,0.0289,"(-0.002859, -0.000108, 0.067558)",LeftFalse_RightFalse,False,"(1.8903748989105225, -0.06649857014417648, 38.404876708984375)","(356.6863708496094, 352.0196228027344, 355.76898193359375)",-0.49621,-1.0,"(0.000019, -0.000005, -0.000005)",LeftFalse_RightFalse
57.436279,0.019417,"(-1.4895844459533691, 0.8840620517730713, -34.09272766113281)","(357.4713134765625, 352.39630126953125, 179.01531982421875)","(-1.9108428955078125, 1.1899490356445312, -33.50517272949219)","(359.94708251953125, 234.02392578125, 359.9286804199219)","(-2.183077096939087, -0.040593624114990234, -33.35226058959961)","(359.9113464355469, 176.93850708007812, 0.005672666244208813)",0.0,0.0289,"(-0.002834, -0.000110, 0.066524)",LeftFalse_RightFalse,False,"(1.890376091003418, -0.06649860739707947, 38.404876708984375)","(356.6863708496094, 352.01959228515625, 355.76898193359375)",-0.496211,-1.0,"(0.000019, -0.000004, -0.000005)",LeftFalse_RightFalse
57.493896,0.019301,"(-1.4897267818450928, 0.8840535879135132, -34.088768005371094)","(357.47113037109375, 352.394775390625, 179.01893615722656)","(-1.911004662513733, 1.1899423599243164, -33.50122833251953)","(359.9471740722656, 234.0220489501953, 359.9288024902344)","(-2.183243751525879, -0.04059996455907822, -33.34832000732422)","(359.9115295410156, 176.93663024902344, 0.005658080335706472)",0.0,0.0289,"(-0.002852, -0.000108, 0.067298)",LeftFalse_RightFalse,False,"(1.8903775215148926, -0.06649863719940186, 38.404876708984375)","(356.6863708496094, 352.0195617675781, 355.76898193359375)",-0.496211,-1.0,"(0.000019, -0.000004, -0.000005)",LeftFalse_RightFalse
57.55249,0.019474,"(-1.4898630380630493, 0.8840466737747192, -34.084747314453125)","(357.4710998535156, 352.3924255371094, 179.02117919921875)","(-1.9111669063568115, 1.1899358034133911, -33.49722671508789)","(359.94720458984375, 234.01950073242188, 359.9288330078125)","(-2.183412790298462, -0.04060637578368187, -33.344329833984375)","(359.91156005859375, 176.93409729003906, 0.005660484544932842)",0.0,0.0289,"(-0.002863, -0.000107, 0.067451)",LeftFalse_RightFalse,False,"(1.8903789520263672, -0.06649865210056305, 38.404876708984375)","(356.6863708496094, 352.01953125, 355.7690124511719)",-0.496211,-1.0,"(0.000019, -0.000003, -0.000005)",LeftFalse_RightFalse
57.608154,0.018956,"(-1.4900027513504028, 0.8840436935424805, -34.08099365234375)","(357.4713439941406, 352.39105224609375, 179.0174560546875)","(-1.9113215208053589, 1.1899304389953613, -33.49348449707031)","(359.9470520019531, 234.01803588867188, 359.92864990234375)","(-2.1835715770721436, -0.04061237722635269, -33.340599060058594)","(359.91131591796875, 176.9326171875, 0.00568496435880661)",0.0,0.0289,"(-0.002933, -0.000113, 0.069350)",LeftFalse_RightFalse,False,"(1.8903802633285522, -0.06649858504533768, 38.404876708984375)","(356.6863708496094, 352.0195007324219, 355.7690124511719)",-0.496211,-1.0,"(0.000019, -0.000003, -0.000005)",LeftFalse_RightFalse
57.665894,0.019067,"(-1.4901518821716309, 0.884033203125, -34.07696533203125)","(357.4710388183594, 352.39239501953125, 179.02032470703125)","(-1.9114868640899658, 1.1899230480194092, -33.48946762084961)","(359.9472351074219, 234.0164794921875, 359.92889404296875)","(-2.1837408542633057, -0.040618933737277985, -33.336585998535156)","(359.91162109375, 176.93106079101562, 0.005656612105667591)",0.0,0.0289,"(-0.002907, -0.000110, 0.068624)",LeftFalse_RightFalse,False,"(1.8903815746307373, -0.06649848818778992, 38.40487289428711)","(356.6863708496094, 352.01947021484375, 355.7690124511719)",-0.496212,-1.0,"(0.000019, -0.000004, -0.000005)",LeftFalse_RightFalse
57.7229,0.018999,"(-1.490297555923462, 0.8840287923812866, -34.07307052612305)","(357.4711608886719, 352.394287109375, 179.01641845703125)","(-1.9116475582122803, 1.1899170875549316, -33.4855842590332)","(359.9471435546875, 234.01498413085938, 359.92877197265625)","(-2.183905839920044, -0.04062504693865776, -33.33271026611328)","(359.9114990234375, 176.92958068847656, 0.005671436432749033)",0.0,0.0289,"(-0.002911, -0.000110, 0.068639)",LeftFalse_RightFalse,False,"(1.890383005142212, -0.0664985179901123, 38.404876708984375)","(356.6863708496094, 352.0194396972656, 355.7690124511719)",-0.496208,-1.0,"(0.000019, -0.000002, -0.000005)",LeftFalse_RightFalse
57.779175,0.018786,"(-1.490432620048523, 0.8840250968933105, -34.06922912597656)","(357.47137451171875, 352.392578125, 179.01760864257812)","(-1.9118040800094604, 1.1899116039276123, -33.481754302978516)","(359.947021484375, 234.01290893554688, 359.9286193847656)","(-2.184067964553833, -0.04063108563423157, -33.328895568847656)","(359.9112854003906, 176.927490234375, 0.005691115744411945)",0.0,0.0289,"(-0.002850, -0.000107, 0.066570)",LeftFalse_RightFalse,False,"(1.890384316444397, -0.06649857014417648, 38.404876708984375)","(356.6863708496094, 352.0194091796875, 355.7690124511719)",-0.496218,-1.0,"(0.000019, -0.000006, -0.000005)",LeftFalse_RightFalse
57.831055,0.018054,"(-1.4905667304992676, 0.8840203285217285, -34.065696716308594)","(357.471435546875, 352.3914794921875, 179.0177459716797)","(-1.911950707435608, 1.1899058818817139, -33.478233337402344)","(359.94696044921875, 234.01165771484375, 359.9285583496094)","(-2.184217929840088, -0.040636979043483734, -33.325382232666016)","(359.9112243652344, 176.92625427246094, 0.005696899723261595)",0.0,0.0289,"(-0.002925, -0.000116, 0.068945)",LeftFalse_RightFalse,False,"(1.890385627746582, -0.06649860739707947, 38.404876708984375)","(356.6863708496094, 352.0193786621094, 355.7690124511719)",-0.496209,-1.0,"(0.000019, -0.000005, -0.000005)",LeftFalse_RightFalse
57.884766,0.017992,"(-1.4907134771347046, 0.8840135931968689, -34.062015533447266)","(357.47137451171875, 352.38787841796875, 179.01507568359375)","(-1.9121050834655762, 1.1898998022079468, -33.47455596923828)","(359.947021484375, 234.01095581054688, 359.9286193847656)","(-2.1843740940093994, -0.040643054991960526, -33.32170867919922)","(359.9112854003906, 176.925537109375, 0.005686971824616194)",0.0,0.0289,"(-0.002885, -0.000109, 0.067538)",LeftFalse_RightFalse,False,"(1.8903868198394775, -0.06649863719940186, 38.404876708984375)","(356.6863708496094, 352.01934814453125, 355.7690124511719)",-0.496213,-1.0,"(0.000019, -0.000005, -0.000005)",LeftFalse_RightFalse
57.940796,0.018279,"(-1.4908685684204102, 0.8840077519416809, -34.058197021484375)","(357.471435546875, 352.3856506347656, 179.0135498046875)","(-1.9122660160064697, 1.1898936033248901, -33.47074508666992)","(359.9469909667969, 234.0103759765625, 359.9285888671875)","(-2.1845366954803467, -0.04064924642443657, -33.31789779663086)","(359.9112548828125, 176.92495727539062, 0.005689981393516064)",0.0,0.0289,"(-0.002941, -0.000113, 0.069281)",LeftFalse_RightFalse,False,"(1.8903881311416626, -0.06649867445230484, 38.404876708984375)","(356.6863708496094, 352.0193176269531, 355.7690124511719)",-0.496211,-1.0,"(0.000019, -0.000005, -0.000005)",LeftFalse_RightFalse
57.995483,0.0182,"(-1.4909956455230713, 0.8840019106864929, -34.054447174072266)","(357.471435546875, 352.3823547363281, 179.01535034179688)","(-1.9124181270599365, 1.1898876428604126, -33.46700668334961)","(359.9469909667969, 234.0079345703125, 359.9285583496094)","(-2.184695243835449, -0.04065529257059097, -33.31417465209961)","(359.9112243652344, 176.92251586914062, 0.005691092927008867)",0.0,0.0289,"(-0.002891, -0.000110, 0.067805)",LeftFalse_RightFalse,False,"(1.8903894424438477, -0.0664985328912735, 38.404876708984375)","(356.6863708496094, 352.019287109375, 355.7690124511719)",-0.496212,-1.0,"(0.000019, -0.000004, -0.000005)",LeftFalse_RightFalse
58.053223,0.018801,"(-1.4911341667175293, 0.883996307849884, -34.05048370361328)","(357.47149658203125, 352.37957763671875, 179.02073669433594)","(-1.9125797748565674, 1.189881443977356, -33.46306228637695)","(359.94696044921875, 234.0056610107422, 359.92852783203125)","(-2.1848630905151367, -0.040661536157131195, -33.31024169921875)","(359.9111633300781, 176.9202423095703, 0.005698168184608221)",0.0,0.0289,"(-0.002894, -0.000109, 0.067752)",LeftFalse_RightFalse,False,"(1.8903908729553223, -0.06649860739707947, 38.404876708984375)","(356.6863708496094, 352.0192565917969, 355.7690124511719)",-0.496213,-1.0,"(0.000019, -0.000005, -0.000005)",LeftFalse_RightFalse
58.09436,0.019494,"(-1.4912309646606445, 0.8839935660362244, -34.04768371582031)","(357.47161865234375, 352.3776550292969, 179.01734924316406)","(-1.9126942157745361, 1.1898775100708008, -33.46027374267578)","(359.9468688964844, 234.00392150878906, 359.92840576171875)","(-2.1849822998046875, -0.04066602885723114, -33.307464599609375)","(359.9110412597656, 176.91851806640625, 0.0057129031047225)",0.0,0.0289,"(-0.002873, -0.000108, 0.066949)",LeftFalse_RightFalse,False,"(1.8903918266296387, -0.06649863719940186, 38.404876708984375)","(356.6863708496094, 352.01922607421875, 355.7690124511719)",-0.49621,-1.0,"(0.000019, -0.000004, -0.000005)",LeftFalse_RightFalse
58.136108,0.020028,"(-1.4913349151611328, 0.8839913010597229, -34.04487609863281)","(357.4718017578125, 352.37628173828125, 179.01806640625)","(-1.912811040878296, 1.1898733377456665, -33.45747756958008)","(359.9467468261719, 234.002685546875, 359.92828369140625)","(-2.1851024627685547, -0.040670525282621384, -33.3046760559082)","(359.9108581542969, 176.9172821044922, 0.005729428958147764)",0.0,0.0289,"(-0.002903, -0.000111, 0.067577)",LeftFalse_RightFalse,False,"(1.8903928995132446, -0.06649866700172424, 38.404876708984375)","(356.6863708496094, 352.0191955566406, 355.7690124511719)",-0.49621,-1.0,"(0.000019, -0.000004, -0.000005)",LeftFalse_RightFalse
58.19458,0.01972,"(-1.4914908409118652, 0.8839829564094543, -34.040863037109375)","(357.4716491699219, 352.37493896484375, 179.0155792236328)","(-1.9129793643951416, 1.189866304397583, -33.45347213745117)","(359.94683837890625, 234.00148010253906, 359.92840576171875)","(-2.185274124145508, -0.040677011013031006, -33.30067443847656)","(359.9110107421875, 176.91604614257812, 0.005719859153032303)",0.0,0.0289,"(-0.002927, -0.000109, 0.068271)",LeftFalse_RightFalse,False,"(1.8903942108154297, -0.06649868190288544, 38.404876708984375)","(356.6863708496094, 352.0191650390625, 355.7690124511719)",-0.496209,-1.0,"(0.000019, -0.000003, -0.000005)",LeftFalse_RightFalse
58.236206,0.020093,"(-1.4915869235992432, 0.8839779496192932, -34.03799057006836)","(357.47161865234375, 352.3728942871094, 179.01278686523438)","(-1.9130961894989014, 1.18986177444458, -33.45061492919922)","(359.9468688964844, 233.99945068359375, 359.92840576171875)","(-2.185396194458008, -0.040681611746549606, -33.29782485961914)","(359.9110412597656, 176.91404724121094, 0.005718987435102463)",0.0,0.0289,"(-0.002889, -0.000107, 0.067200)",LeftFalse_RightFalse,False,"(1.890395164489746, -0.06649868190288544, 38.404876708984375)","(356.6863708496094, 352.0191345214844, 355.7690124511719)",-0.496212,-1.0,"(0.000019, -0.000004, -0.000005)",LeftFalse_RightFalse
58.295288,0.019896,"(-1.491735816001892, 0.8839718103408813, -34.0339469909668)","(357.4716491699219, 352.3710632324219, 179.0187225341797)","(-1.9132635593414307, 1.1898553371429443, -33.44658279418945)","(359.94683837890625, 233.9976348876953, 359.92840576171875)","(-2.1855685710906982, -0.04068806767463684, -33.29380416870117)","(359.9110107421875, 176.91221618652344, 0.005721692461520433)",0.0,0.0289,"(-0.002914, -0.000110, 0.067938)",LeftFalse_RightFalse,False,"(1.8903965950012207, -0.06649858504533768, 38.404876708984375)","(356.6863708496094, 352.01910400390625, 355.7690124511719)",-0.496211,-1.0,"(0.000019, -0.000003, -0.000005)",LeftFalse_RightFalse
58.335571,0.019999,"(-1.4918450117111206, 0.8839671015739441, -34.03117370605469)","(357.47161865234375, 352.3703308105469, 179.01577758789062)","(-1.9133800268173218, 1.1898508071899414, -33.443817138671875)","(359.94683837890625, 233.99691772460938, 359.92840576171875)","(-2.1856868267059326, -0.0406925193965435, -33.291038513183594)","(359.9110412597656, 176.91151428222656, 0.005719554610550404)",0.0,0.0289,"(-0.002912, -0.000108, 0.067732)",LeftFalse_RightFalse,False,"(1.890397548675537, -0.0664985179901123, 38.404876708984375)","(356.6863708496094, 352.0190734863281, 355.7690124511719)",-0.496211,-1.0,"(0.000019, -0.000004, -0.000005)",LeftFalse_RightFalse
58.392944,0.019561,"(-1.4919829368591309, 0.8839641809463501, -34.02729415893555)","(357.4718933105469, 352.3681640625, 179.01708984375)","(-1.9135401248931885, 1.1898452043533325, -33.43994903564453)","(359.9466857910156, 233.99476623535156, 359.9281921386719)","(-2.1858530044555664, -0.04069879278540611, -33.28718948364258)","(359.9107666015625, 176.90936279296875, 0.005745582282543182)",0.0,0.0289,"(-0.002964, -0.000113, 0.069060)",LeftFalse_RightFalse,False,"(1.8903989791870117, -0.06649854779243469, 38.404876708984375)","(356.6863708496094, 352.01904296875, 355.7690124511719)",-0.49621,-1.0,"(0.000019, -0.000004, -0.000005)",LeftFalse_RightFalse
58.435669,0.020174,"(-1.4920902252197266, 0.883956789970398, -34.024330139160156)","(357.4717102050781, 352.36669921875, 179.01812744140625)","(-1.9136625528335571, 1.1898398399353027, -33.4370002746582)","(359.9468078613281, 233.99331665039062, 359.9283752441406)","(-2.185979127883911, -0.0407036617398262, -33.28424072265625)","(359.91094970703125, 176.90789794921875, 0.005726942792534828)",0.0,0.0289,"(-0.002929, -0.000111, 0.068211)",LeftFalse_RightFalse,False,"(1.8903999328613281, -0.06649859249591827, 38.404876708984375)","(356.6863708496094, 352.0190124511719, 355.7690124511719)",-0.496212,-1.0,"(0.000019, -0.000006, -0.000005)",LeftFalse_RightFalse
58.476074,0.020167,"(-1.4922008514404297, 0.8839530944824219, -34.02157211303711)","(357.4717712402344, 352.36871337890625, 179.0188446044922)","(-1.913779377937317, 1.1898356676101685, -33.43424606323242)","(359.94677734375, 233.99269104003906, 359.9283142089844)","(-2.1860976219177246, -0.04070804640650749, -33.281490325927734)","(359.910888671875, 176.90728759765625, 0.005732813850045204)",0.0,0.0289,"(-0.002900, -0.000106, 0.067104)",LeftFalse_RightFalse,False,"(1.8904008865356445, -0.06649863719940186, 38.404876708984375)","(356.6863708496094, 352.0190124511719, 355.7690124511719)",-0.496211,-1.0,"(0.000019, -0.000004, -0.000005)",LeftFalse_RightFalse
58.535278,0.019954,"(-1.492368459701538, 0.88394695520401, -34.01752853393555)","(357.4717712402344, 352.371826171875, 179.01962280273438)","(-1.9139518737792969, 1.1898293495178223, -33.430206298828125)","(359.9467468261719, 233.99221801757812, 359.92828369140625)","(-2.1862714290618896, -0.04071450233459473, -33.2774543762207)","(359.9108581542969, 176.90679931640625, 0.005736005492508411)",0.0,0.0289,"(-0.002937, -0.000111, 0.068245)",LeftFalse_RightFalse,False,"(1.8904021978378296, -0.06649871170520782, 38.404876708984375)","(356.6863708496094, 352.01898193359375, 355.7690124511719)",-0.49621,-1.0,"(0.000019, -0.000005, -0.000005)",LeftFalse_RightFalse
58.593994,0.019744,"(-1.4925155639648438, 0.8839408159255981, -34.01350021362305)","(357.4718017578125, 352.37078857421875, 179.0197296142578)","(-1.9141188859939575, 1.1898229122161865, -33.42618942260742)","(359.9467468261719, 233.99029541015625, 359.92828369140625)","(-2.186443567276001, -0.040720973163843155, -33.2734489440918)","(359.9108581542969, 176.9048614501953, 0.005738108418881893)",0.0,0.0289,"(-0.002970, -0.000113, 0.069187)",LeftFalse_RightFalse,False,"(1.8904036283493042, -0.06649860739707947, 38.404876708984375)","(356.6863708496094, 352.0189208984375, 355.7690124511719)",-0.496212,-1.0,"(0.000019, -0.000003, -0.000005)",LeftFalse_RightFalse
58.635132,0.02009,"(-1.4926190376281738, 0.8839357495307922, -34.01066207885742)","(357.4717712402344, 352.3656311035156, 179.0196990966797)","(-1.9142365455627441, 1.189818263053894, -33.423362731933594)","(359.94677734375, 233.9888916015625, 359.9283142089844)","(-2.1865649223327637, -0.04072548449039459, -33.270626068115234)","(359.910888671875, 176.90347290039062, 0.00573431421071291)",0.0,0.0289,"(-0.002978, -0.000110, 0.069424)",LeftFalse_RightFalse,False,"(1.8904047012329102, -0.06649861484766006, 38.404876708984375)","(356.6863708496094, 352.0189208984375, 355.7690124511719)",-0.496212,-1.0,"(0.000019, -0.000004, -0.000005)",LeftFalse_RightFalse
58.677246,0.020348,"(-1.4927242994308472, 0.8839322924613953, -34.00777053833008)","(357.47186279296875, 352.3634338378906, 179.01934814453125)","(-1.9143561124801636, 1.1898137331008911, -33.42048263549805)","(359.94671630859375, 233.9874725341797, 359.9282531738281)","(-2.1866884231567383, -0.04073011130094528, -33.26775360107422)","(359.9107971191406, 176.90206909179688, 0.005743592977523804)",0.0,0.0289,"(-0.002933, -0.000111, 0.068017)",LeftFalse_RightFalse,False,"(1.8904056549072266, -0.0664985403418541, 38.404876708984375)","(356.6863708496094, 352.0188903808594, 355.7690124511719)",-0.496209,-1.0,"(0.000019, -0.000004, -0.000005)",LeftFalse_RightFalse
58.718872,0.020485,"(-1.4928181171417236, 0.8839275240898132, -34.00489807128906)","(357.4718322753906, 352.3624267578125, 179.01882934570312)","(-1.9144729375839233, 1.1898090839385986, -33.417625427246094)","(359.94671630859375, 233.9852294921875, 359.9282531738281)","(-2.1868112087249756, -0.04073472321033478, -33.26490783691406)","(359.91082763671875, 176.8998260498047, 0.005744786933064461)",0.0,0.0289,"(-0.002980, -0.000113, 0.069359)",LeftFalse_RightFalse,False,"(1.890406608581543, -0.0664985179901123, 38.404876708984375)","(356.6863708496094, 352.01885986328125, 355.7690124511719)",-0.496211,-1.0,"(0.000019, -0.000004, -0.000005)",LeftFalse_RightFalse
58.759644,0.020465,"(-1.492908239364624, 0.8839215040206909, -34.00204849243164)","(357.47174072265625, 352.3607482910156, 179.0185089111328)","(-1.9145878553390503, 1.1898043155670166, -33.414791107177734)","(359.94677734375, 233.98281860351562, 359.9283447265625)","(-2.1869325637817383, -0.040739238262176514, -33.2620849609375)","(359.9109191894531, 176.89739990234375, 0.0057378108613193035)",0.0,0.0289,"(-0.002987, -0.000112, 0.069556)",LeftFalse_RightFalse,False,"(1.890407681465149, -0.06649857014417648, 38.404876708984375)","(356.6863708496094, 352.0188293457031, 355.7690124511719)",-0.496211,-1.0,"(0.000019, -0.000006, -0.000005)",LeftFalse_RightFalse
58.818359,0.020016,"(-1.4930413961410522, 0.8839147090911865, -33.99795150756836)","(357.4717102050781, 352.35821533203125, 179.01821899414062)","(-1.914753794670105, 1.1897977590560913, -33.41072082519531)","(359.94677734375, 233.97964477539062, 359.9283752441406)","(-2.1871070861816406, -0.040745701640844345, -33.258026123046875)","(359.91094970703125, 176.89422607421875, 0.0057419100776314735)",0.0,0.0289,"(-0.002974, -0.000109, 0.069021)",LeftFalse_RightFalse,False,"(1.890408992767334, -0.06649863719940186, 38.404876708984375)","(356.6863708496094, 352.018798828125, 355.7690124511719)",-0.49621,-1.0,"(0.000019, -0.000005, -0.000005)",LeftFalse_RightFalse
58.876343,0.019682,"(-1.4931663274765015, 0.8839101791381836, -33.993919372558594)","(357.47186279296875, 352.3548889160156, 179.01805114746094)","(-1.914915919303894, 1.1897917985916138, -33.406715393066406)","(359.9466857910156, 233.97598266601562, 359.9282531738281)","(-2.187279224395752, -0.04075207933783531, -33.25404357910156)","(359.9107971191406, 176.8905792236328, 0.00576084665954113)",0.0,0.0289,"(-0.002944, -0.000110, 0.067984)",LeftFalse_RightFalse,False,"(1.8904104232788086, -0.06649871915578842, 38.404876708984375)","(356.6863708496094, 352.0187683105469, 355.7690124511719)",-0.496209,-1.0,"(0.000019, -0.000005, -0.000005)",LeftFalse_RightFalse
58.93811,0.02028,"(-1.4933092594146729, 0.8839027881622314, -33.98960494995117)","(357.4718322753906, 352.3518371582031, 179.0179901123047)","(-1.915091872215271, 1.1897847652435303, -33.40242385864258)","(359.94671630859375, 233.97276306152344, 359.92828369140625)","(-2.1874637603759766, -0.040758997201919556, -33.2497673034668)","(359.91082763671875, 176.88735961914062, 0.005761818960309029)",0.0,0.0289,"(-0.003003, -0.000113, 0.069579)",LeftFalse_RightFalse,False,"(1.8904118537902832, -0.06649856269359589, 38.404876708984375)","(356.6863708496094, 352.01873779296875, 355.7690124511719)",-0.496209,-1.0,"(0.000019, -0.000003, -0.000005)",LeftFalse_RightFalse
58.997437,0.019974,"(-1.493483066558838, 0.8838977813720703, -33.98552322387695)","(357.4719543457031, 352.3516845703125, 179.01792907714844)","(-1.9152679443359375, 1.189778447151184, -33.39834213256836)","(359.9466247558594, 233.9725341796875, 359.92816162109375)","(-2.18764066696167, -0.04076569527387619, -33.245689392089844)","(359.91070556640625, 176.88711547851562, 0.005776107311248779)",0.0,0.0289,"(-0.002989, -0.000112, 0.068939)",LeftFalse_RightFalse,False,"(1.8904132843017578, -0.06649849563837051, 38.404876708984375)","(356.6863708496094, 352.0187072753906, 355.7690124511719)",-0.49621,-1.0,"(0.000019, -0.000003, -0.000005)",LeftFalse_RightFalse
59.055542,0.019682,"(-1.4936392307281494, 0.8838891983032227, -33.981449127197266)","(357.4718017578125, 352.3501892089844, 179.0179443359375)","(-1.9154388904571533, 1.1897715330123901, -33.39427947998047)","(359.94671630859375, 233.97109985351562, 359.92828369140625)","(-2.1878151893615723, -0.040772221982479095, -33.24163055419922)","(359.9108581542969, 176.88568115234375, 0.005758169572800398)",0.0,0.0289,"(-0.003009, -0.000110, 0.069719)",LeftFalse_RightFalse,False,"(1.8904147148132324, -0.06649848073720932, 38.404876708984375)","(356.6863708496094, 352.0186767578125, 355.7690124511719)",-0.496211,-1.0,"(0.000019, -0.000005, -0.000005)",LeftFalse_RightFalse
59.113159,0.019445,"(-1.4938009977340698, 0.883882999420166, -33.97740936279297)","(357.4718322753906, 352.34918212890625, 179.01455688476562)","(-1.9156103134155273, 1.1897650957107544, -33.3902473449707)","(359.94671630859375, 233.97015380859375, 359.92828369140625)","(-2.1879892349243164, -0.040778666734695435, -33.23760223388672)","(359.91082763671875, 176.88475036621094, 0.0057604373432695866)",0.0,0.0289,"(-0.003015, -0.000111, 0.069752)",LeftFalse_RightFalse,False,"(1.8904160261154175, -0.06649859249591827, 38.404876708984375)","(356.6863708496094, 352.0186462402344, 355.7690124511719)",-0.496209,-1.0,"(0.000019, -0.000005, -0.000005)",LeftFalse_RightFalse
59.153931,0.019771,"(-1.4939069747924805, 0.8838806748390198, -33.97458267211914)","(357.47198486328125, 352.3479309082031, 179.01551818847656)","(-1.9157285690307617, 1.1897610425949097, -33.38743209838867)","(359.94659423828125, 233.9689483642578, 359.9281311035156)","(-2.188110828399658, -0.04078321531414986, -33.23479461669922)","(359.9106750488281, 176.883544921875, 0.005776962265372276)",0.0,0.0289,"(-0.002970, -0.000113, 0.068368)",LeftFalse_RightFalse,False,"(1.8904170989990234, -0.06649862229824066, 38.404876708984375)","(356.6863708496094, 352.01861572265625, 355.7690124511719)",-0.49621,-1.0,"(0.000019, -0.000004, -0.000005)",LeftFalse_RightFalse
59.19519,0.020043,"(-1.493998408317566, 0.8838772773742676, -33.97170639038086)","(357.4720764160156, 352.3454284667969, 179.01609802246094)","(-1.915845513343811, 1.1897566318511963, -33.38457107543945)","(359.946533203125, 233.96646118164062, 359.9280700683594)","(-2.188234329223633, -0.040787771344184875, -33.23194885253906)","(359.91058349609375, 176.8810577392578, 0.00578555790707469)",0.0,0.0289,"(-0.003014, -0.000116, 0.069658)",LeftFalse_RightFalse,False,"(1.8904180526733398, -0.06649866700172424, 38.404876708984375)","(356.6863708496094, 352.0185852050781, 355.7690124511719)",-0.496213,-1.0,"(0.000019, -0.000004, -0.000005)",LeftFalse_RightFalse
59.237305,0.020425,"(-1.494102954864502, 0.8838741183280945, -33.96879577636719)","(357.47222900390625, 352.34320068359375, 179.0164794921875)","(-1.9159667491912842, 1.1897521018981934, -33.38167190551758)","(359.94647216796875, 233.96484375, 359.927978515625)","(-2.1883599758148193, -0.0407925620675087, -33.229061126708984)","(359.9104309082031, 176.87942504882812, 0.00579671049490571)",0.0,0.0289,"(-0.003041, -0.000116, 0.070279)",LeftFalse_RightFalse,False,"(1.8904190063476562, -0.06649869680404663, 38.404876708984375)","(356.6863708496094, 352.0185546875, 355.7690124511719)",-0.496213,-1.0,"(0.000019, -0.000004, -0.000005)",LeftFalse_RightFalse
59.279663,0.020666,"(-1.4942092895507812, 0.8838676810264587, -33.9658203125)","(357.47210693359375, 352.34112548828125, 179.01675415039062)","(-1.9160903692245483, 1.1897469758987427, -33.37871170043945)","(359.946533203125, 233.963134765625, 359.9280700683594)","(-2.188488006591797, -0.04079749435186386, -33.226104736328125)","(359.9105529785156, 176.8777313232422, 0.005784227978438139)",0.0,0.0289,"(-0.003027, -0.000116, 0.070028)",LeftFalse_RightFalse,False,"(1.8904199600219727, -0.06649857014417648, 38.404876708984375)","(356.6863708496094, 352.0185546875, 355.7690124511719)",-0.49621,-1.0,"(0.000019, -0.000003, -0.000005)",LeftFalse_RightFalse
59.337036,0.019935,"(-1.4943649768829346, 0.8838604092597961, -33.96179962158203)","(357.4720153808594, 352.3394775390625, 179.01695251464844)","(-1.916260004043579, 1.1897403001785278, -33.37470245361328)","(359.94659423828125, 233.9617919921875, 359.9281311035156)","(-2.1886613368988037, -0.040803875774145126, -33.22209930419922)","(359.91064453125, 176.87637329101562, 0.005779551807790995)",0.0,0.0289,"(-0.003012, -0.000111, 0.069487)",LeftFalse_RightFalse,False,"(1.8904213905334473, -0.06649851053953171, 38.404876708984375)","(356.6863708496094, 352.01849365234375, 355.7690124511719)",-0.496212,-1.0,"(0.000019, -0.000004, -0.000005)",LeftFalse_RightFalse
59.395142,0.019605,"(-1.494516372680664, 0.883858323097229, -33.95782470703125)","(357.47235107421875, 352.3376770019531, 179.01699829101562)","(-1.9164280891418457, 1.189734935760498, -33.37073516845703)","(359.9463806152344, 233.96017456054688, 359.9278564453125)","(-2.1888339519500732, -0.040810249745845795, -33.21814727783203)","(359.9102783203125, 176.87474060058594, 0.00581161305308342)",0.0,0.0289,"(-0.002970, -0.000111, 0.067940)",LeftFalse_RightFalse,False,"(1.8904228210449219, -0.06649850308895111, 38.404876708984375)","(356.6863708496094, 352.0184631347656, 355.76904296875)",-0.496211,-1.0,"(0.000019, -0.000004, -0.000005)",LeftFalse_RightFalse
59.455322,0.019834,"(-1.4946612119674683, 0.8838508725166321, -33.9536247253418)","(357.4723205566406, 352.33477783203125, 179.01705932617188)","(-1.9166018962860107, 1.1897279024124146, -33.366554260253906)","(359.9463806152344, 233.95733642578125, 359.9278869628906)","(-2.1890153884887695, -0.040817175060510635, -33.21398162841797)","(359.91033935546875, 176.8719024658203, 0.0058090416714549065)",0.0,0.0289,"(-0.003019, -0.000113, 0.069398)",LeftFalse_RightFalse,False,"(1.8904242515563965, -0.0664985179901123, 38.404876708984375)","(356.6863708496094, 352.0184326171875, 355.76904296875)",-0.496207,-1.0,"(0.000019, -0.000003, -0.000005)",LeftFalse_RightFalse
59.513672,0.019675,"(-1.494802713394165, 0.883843719959259, -33.94953536987305)","(357.4722595214844, 352.3358459472656, 179.01710510253906)","(-1.9167712926864624, 1.1897212266921997, -33.362483978271484)","(359.9464416503906, 233.95458984375, 359.92791748046875)","(-2.189192056655884, -0.04082364961504936, -33.209922790527344)","(359.9103698730469, 176.8691864013672, 0.00580654526129365)",0.0,0.0289,"(-0.003021, -0.000111, 0.069242)",LeftFalse_RightFalse,False,"(1.890425682067871, -0.06649863719940186, 38.404876708984375)","(356.6863708496094, 352.0184020996094, 355.76904296875)",-0.496208,-1.0,"(0.000019, -0.000005, -0.000005)",LeftFalse_RightFalse
59.573975,0.019933,"(-1.4949774742126465, 0.8838367462158203, -33.9453239440918)","(357.4722595214844, 352.3346862792969, 179.01712036132812)","(-1.9169524908065796, 1.1897144317626953, -33.358280181884766)","(359.9464416503906, 233.9539794921875, 359.9279479980469)","(-2.1893749237060547, -0.04083032160997391, -33.205718994140625)","(359.910400390625, 176.8685760498047, 0.005807842127978802)",0.0,0.0289,"(-0.003003, -0.000110, 0.068760)",LeftFalse_RightFalse,False,"(1.8904269933700562, -0.06649871170520782, 38.404876708984375)","(356.6863708496094, 352.01837158203125, 355.76904296875)",-0.496211,-1.0,"(0.000019, -0.000004, -0.000005)",LeftFalse_RightFalse
59.629639,0.019258,"(-1.4951350688934326, 0.883832573890686, -33.941490173339844)","(357.472412109375, 352.3372497558594, 179.01708984375)","(-1.9171178340911865, 1.1897085905075073, -33.35445022583008)","(359.94635009765625, 233.95323181152344, 359.92779541015625)","(-2.189542293548584, -0.04083658382296562, -33.20189666748047)","(359.9102478027344, 176.86781311035156, 0.00582065200433135)",0.0,0.0289,"(-0.002995, -0.000112, 0.068551)",LeftFalse_RightFalse,False,"(1.8904284238815308, -0.06649867445230484, 38.404876708984375)","(356.6863708496094, 352.0183410644531, 355.76904296875)",-0.496212,-1.0,"(0.000019, -0.000004, -0.000005)",LeftFalse_RightFalse
59.670166,0.019602,"(-1.495248556137085, 0.8838292956352234, -33.93870162963867)","(357.4725036621094, 352.33355712890625, 179.01708984375)","(-1.917237639427185, 1.1897042989730835, -33.35166549682617)","(359.9462890625, 233.95260620117188, 359.927734375)","(-2.189663887023926, -0.04084109514951706, -33.199119567871094)","(359.91015625, 176.8671875, 0.005828799679875374)",0.0,0.0289,"(-0.003011, -0.000113, 0.068688)",LeftFalse_RightFalse,False,"(1.8904293775558472, -0.06649865210056305, 38.404876708984375)","(356.6863708496094, 352.018310546875, 355.76904296875)",-0.496209,-1.0,"(0.000019, -0.000002, -0.000005)",LeftFalse_RightFalse
59.710327,0.019794,"(-1.495349407196045, 0.8838231563568115, -33.935874938964844)","(357.4723815917969, 352.3299255371094, 179.0130615234375)","(-1.9173557758331299, 1.189699411392212, -33.348854064941406)","(359.94635009765625, 233.950927734375, 359.9278259277344)","(-2.189786434173584, -0.04084561765193939, -33.196311950683594)","(359.9102783203125, 176.86549377441406, 0.005818140227347612)",0.0,0.0289,"(-0.003019, -0.000111, 0.069051)",LeftFalse_RightFalse,False,"(1.890430212020874, -0.06649850308895111, 38.404876708984375)","(356.6863708496094, 352.018310546875, 355.76904296875)",-0.49621,-1.0,"(0.000019, -0.000003, -0.000005)",LeftFalse_RightFalse
59.769409,0.019751,"(-1.495497703552246, 0.883817732334137, -33.9317741394043)","(357.47247314453125, 352.32598876953125, 179.01502990722656)","(-1.9175275564193726, 1.1896932125091553, -33.34476852416992)","(359.9462890625, 233.94862365722656, 359.9277648925781)","(-2.1899642944335938, -0.040852244943380356, -33.192237854003906)","(359.91015625, 176.86322021484375, 0.005827088840305805)",0.0,0.0289,"(-0.003074, -0.000114, 0.070544)",LeftFalse_RightFalse,False,"(1.8904316425323486, -0.06649845838546753, 38.404876708984375)","(356.6863708496094, 352.01824951171875, 355.76904296875)",-0.496212,-1.0,"(0.000019, -0.000004, -0.000005)",LeftFalse_RightFalse
59.829956,0.020073,"(-1.4956707954406738, 0.8838127851486206, -33.92759704589844)","(357.4726257324219, 352.3243713378906, 179.0154266357422)","(-1.917708158493042, 1.1896867752075195, -33.34059524536133)","(359.9461975097656, 233.94789123535156, 359.9276428222656)","(-2.1901471614837646, -0.04085901007056236, -33.188072204589844)","(359.9100341796875, 176.8624725341797, 0.005842533428221941)",0.0,0.0289,"(-0.003029, -0.000112, 0.069024)",LeftFalse_RightFalse,False,"(1.8904330730438232, -0.06649856269359589, 38.404876708984375)","(356.6863708496094, 352.0182189941406, 355.76904296875)",-0.496212,-1.0,"(0.000019, -0.000005, -0.000005)",LeftFalse_RightFalse
59.888428,0.019799,"(-1.4958407878875732, 0.8838063478469849, -33.92355728149414)","(357.4726257324219, 352.3234558105469, 179.01231384277344)","(-1.9178835153579712, 1.1896802186965942, -33.3365592956543)","(359.9461975097656, 233.94735717773438, 359.9276428222656)","(-2.190323829650879, -0.04086555913090706, -33.18404006958008)","(359.9100036621094, 176.8619384765625, 0.005842140875756741)",0.0,0.0289,"(-0.003093, -0.000115, 0.071014)",LeftFalse_RightFalse,False,"(1.8904345035552979, -0.06649860739707947, 38.404876708984375)","(356.6863708496094, 352.0181884765625, 355.76904296875)",-0.496211,-1.0,"(0.000019, -0.000004, -0.000005)",LeftFalse_RightFalse
59.929199,0.020044,"(-1.4959498643875122, 0.8837997317314148, -33.92068862915039)","(357.47247314453125, 352.322021484375, 179.01112365722656)","(-1.9180052280426025, 1.189675211906433, -33.333702087402344)","(359.9462890625, 233.94613647460938, 359.9277648925781)","(-2.190448760986328, -0.04087008908390999, -33.181182861328125)","(359.9101867675781, 176.8607177734375, 0.0058271451853215694)",0.0,0.0289,"(-0.003057, -0.000112, 0.069987)",LeftFalse_RightFalse,False,"(1.8904354572296143, -0.06649862229824066, 38.404876708984375)","(356.6863708496094, 352.0181579589844, 355.76904296875)",-0.49621,-1.0,"(0.000019, -0.000004, -0.000005)",LeftFalse_RightFalse
59.986816,0.019626,"(-1.4961042404174805, 0.8837926387786865, -33.916648864746094)","(357.472412109375, 352.3202209472656, 179.01466369628906)","(-1.9181766510009766, 1.1896686553955078, -33.329673767089844)","(359.94635009765625, 233.94447326660156, 359.9278259277344)","(-2.190624475479126, -0.040876466780900955, -33.177162170410156)","(359.9102478027344, 176.85906982421875, 0.005820922553539276)",0.0,0.0289,"(-0.003059, -0.000112, 0.070069)",LeftFalse_RightFalse,False,"(1.8904368877410889, -0.06649855524301529, 38.404876708984375)","(356.6863708496094, 352.01812744140625, 355.76904296875)",-0.49621,-1.0,"(0.000019, -0.000004, -0.000005)",LeftFalse_RightFalse
60.049316,0.020348,"(-1.49628484249115, 0.883784830570221, -33.91226577758789)","(357.47235107421875, 352.3193054199219, 179.01205444335938)","(-1.9183658361434937, 1.1896617412567139, -33.32529830932617)","(359.9463806152344, 233.94363403320312, 359.9278564453125)","(-2.1908159255981445, -0.040883470326662064, -33.17279052734375)","(359.9103088378906, 176.85821533203125, 0.005818008445203304)",0.0,0.0289,"(-0.003013, -0.000108, 0.068496)",LeftFalse_RightFalse,False,"(1.8904383182525635, -0.06649848818778992, 38.404876708984375)","(356.6863708496094, 352.0180969238281, 355.76904296875)",-0.496208,-1.0,"(0.000019, -0.000002, -0.000005)",LeftFalse_RightFalse
60.106934,0.019752,"(-1.496433973312378, 0.8837786912918091, -33.9082145690918)","(357.4723815917969, 352.32342529296875, 179.0091552734375)","(-1.9185364246368408, 1.189655065536499, -33.321258544921875)","(359.94635009765625, 233.94155883789062, 359.9278259277344)","(-2.1909921169281006, -0.040889982134103775, -33.16876220703125)","(359.9102783203125, 176.85614013671875, 0.005821858532726765)",0.0,0.0289,"(-0.003029, -0.000113, 0.069138)",LeftFalse_RightFalse,False,"(1.8904396295547485, -0.06649844348430634, 38.404876708984375)","(356.6863708496094, 352.01806640625, 355.76904296875)",-0.496212,-1.0,"(0.000019, -0.000007, -0.000005)",LeftFalse_RightFalse
60.147217,0.019952,"(-1.4965227842330933, 0.8837752342224121, -33.90536880493164)","(357.47247314453125, 352.3179016113281, 179.01370239257812)","(-1.9186522960662842, 1.1896507740020752, -33.31843566894531)","(359.9462890625, 233.93890380859375, 359.9277648925781)","(-2.191115140914917, -0.040894515812397, -33.165950775146484)","(359.9101867675781, 176.85348510742188, 0.005829636938869953)",0.0,0.0289,"(-0.003065, -0.000114, 0.070000)",LeftFalse_RightFalse,False,"(1.890440583229065, -0.06649855524301529, 38.404876708984375)","(356.6863708496094, 352.0180358886719, 355.76904296875)",-0.496208,-1.0,"(0.000019, -0.000006, -0.000005)",LeftFalse_RightFalse
60.188965,0.020269,"(-1.4966492652893066, 0.8837723135948181, -33.9024658203125)","(357.47259521484375, 352.3162536621094, 179.0135040283203)","(-1.9187793731689453, 1.1896463632583618, -33.31553268432617)","(359.94622802734375, 233.9388427734375, 359.92767333984375)","(-2.1912424564361572, -0.040899235755205154, -33.16305160522461)","(359.9100341796875, 176.85342407226562, 0.005844295956194401)",0.0,0.0289,"(-0.003027, -0.000111, 0.068653)",LeftFalse_RightFalse,False,"(1.890441656112671, -0.06649862974882126, 38.404876708984375)","(356.6863708496094, 352.01800537109375, 355.76904296875)",-0.496211,-1.0,"(0.000019, -0.000003, -0.000005)",LeftFalse_RightFalse
60.248047,0.019992,"(-1.4968173503875732, 0.8837679028511047, -33.89838409423828)","(357.4727783203125, 352.31451416015625, 179.00990295410156)","(-1.9189560413360596, 1.1896402835845947, -33.31145477294922)","(359.94610595703125, 233.93798828125, 359.9275207519531)","(-2.1914215087890625, -0.04090587794780731, -33.15898132324219)","(359.90985107421875, 176.85256958007812, 0.005859152879565954)",0.0,0.0289,"(-0.003060, -0.000114, 0.069615)",LeftFalse_RightFalse,False,"(1.8904430866241455, -0.06649863719940186, 38.404876708984375)","(356.6863708496094, 352.0179748535156, 355.76904296875)",-0.496212,-1.0,"(0.000019, -0.000004, -0.000005)",LeftFalse_RightFalse
60.306763,0.019799,"(-1.49696946144104, 0.8837629556655884, -33.89430236816406)","(357.4729309082031, 352.3119812011719, 179.008056640625)","(-1.9191293716430664, 1.1896339654922485, -33.30738830566406)","(359.9460144042969, 233.9359130859375, 359.9273986816406)","(-2.1916003227233887, -0.04091254994273186, -33.154930114746094)","(359.90972900390625, 176.8505096435547, 0.0058710272423923016)",0.0,0.0289,"(-0.003021, -0.000112, 0.068405)",LeftFalse_RightFalse,False,"(1.8904443979263306, -0.06649866700172424, 38.404876708984375)","(356.6863708496094, 352.0179443359375, 355.76904296875)",-0.496211,-1.0,"(0.000019, -0.000004, -0.000005)",LeftFalse_RightFalse
60.347412,0.019935,"(-1.497077465057373, 0.8837589025497437, -33.8914909362793)","(357.47296142578125, 352.3105773925781, 179.00730895996094)","(-1.9192497730255127, 1.1896295547485352, -33.30458068847656)","(359.94598388671875, 233.93472290039062, 359.9273681640625)","(-2.1917240619659424, -0.04091709852218628, -33.152130126953125)","(359.9096984863281, 176.8492889404297, 0.0058753471821546555)",0.0,0.0289,"(-0.003095, -0.000114, 0.070425)",LeftFalse_RightFalse,False,"(1.8904454708099365, -0.06649849563837051, 38.404876708984375)","(356.6863708496094, 352.0179443359375, 355.76904296875)",-0.49621,-1.0,"(0.000019, -0.000003, -0.000005)",LeftFalse_RightFalse
60.40686,0.019954,"(-1.4972264766693115, 0.8837507963180542, -33.88731384277344)","(357.47283935546875, 352.30780029296875, 179.0067138671875)","(-1.9194252490997314, 1.1896225214004517, -33.3004264831543)","(359.9460754394531, 233.93212890625, 359.9274597167969)","(-2.191906452178955, -0.040923845022916794, -33.14798355102539)","(359.9097900390625, 176.84669494628906, 0.005865090526640415)",0.0,0.0289,"(-0.003042, -0.000112, 0.068905)",LeftFalse_RightFalse,False,"(1.8904469013214111, -0.06649845093488693, 38.404876708984375)","(356.6863708496094, 352.01788330078125, 355.76904296875)",-0.49621,-1.0,"(0.000019, -0.000003, -0.000005)",LeftFalse_RightFalse
60.447266,0.020026,"(-1.49733567237854, 0.8837462067604065, -33.88450241088867)","(357.47283935546875, 352.306640625, 179.00645446777344)","(-1.9195458889007568, 1.1896179914474487, -33.29762268066406)","(359.946044921875, 233.93101501464844, 359.9274597167969)","(-2.1920299530029297, -0.040928419679403305, -33.14518737792969)","(359.9097900390625, 176.84559631347656, 0.005866482853889465)",0.0,0.0289,"(-0.003013, -0.000110, 0.067985)",LeftFalse_RightFalse,False,"(1.8904478549957275, -0.06649842113256454, 38.404876708984375)","(356.6863708496094, 352.01788330078125, 355.76904296875)",-0.496211,-1.0,"(0.000019, -0.000003, -0.000005)",LeftFalse_RightFalse
60.505981,0.0198,"(-1.497481346130371, 0.883741021156311, -33.88042449951172)","(357.47296142578125, 352.30401611328125, 179.00625610351562)","(-1.9197180271148682, 1.1896116733551025, -33.29356384277344)","(359.94598388671875, 233.9284210205078, 359.9273681640625)","(-2.192209243774414, -0.0409349724650383, -33.14113998413086)","(359.90966796875, 176.843017578125, 0.005879062693566084)",0.0,0.0289,"(-0.003114, -0.000114, 0.070845)",LeftFalse_RightFalse,False,"(1.8904492855072021, -0.06649841368198395, 38.404876708984375)","(356.6863708496094, 352.0178527832031, 355.76904296875)",-0.496212,-1.0,"(0.000019, -0.000007, -0.000005)",LeftFalse_RightFalse
60.546509,0.019918,"(-1.4975959062576294, 0.8837341070175171, -33.8775634765625)","(357.4727783203125, 352.3031311035156, 179.00579833984375)","(-1.9198412895202637, 1.1896065473556519, -33.29071044921875)","(359.94610595703125, 233.92755126953125, 359.9275207519531)","(-2.1923346519470215, -0.040939539670944214, -33.13828659057617)","(359.9098815917969, 176.84214782714844, 0.005861551500856876)",0.0,0.0289,"(-0.003091, -0.000113, 0.070242)",LeftFalse_RightFalse,False,"(1.8904502391815186, -0.06649849563837051, 38.404876708984375)","(356.6863708496094, 352.017822265625, 355.76904296875)",-0.49621,-1.0,"(0.000019, -0.000005, -0.000005)",LeftFalse_RightFalse
60.601929,0.019203,"(-1.497748613357544, 0.8837286829948425, -33.87368392944336)","(357.47283935546875, 352.3017883300781, 179.00697326660156)","(-1.9200079441070557, 1.1896005868911743, -33.286842346191406)","(359.9460754394531, 233.9262237548828, 359.927490234375)","(-2.1925048828125, -0.04094565287232399, -33.13442611694336)","(359.9098205566406, 176.84080505371094, 0.005870343651622534)",0.0,0.0289,"(-0.003041, -0.000107, 0.068630)",LeftFalse_RightFalse,False,"(1.8904515504837036, -0.06649859994649887, 38.404876708984375)","(356.6863708496094, 352.0177917480469, 355.76904296875)",-0.496212,-1.0,"(0.000019, -0.000006, -0.000005)",LeftFalse_RightFalse
60.642944,0.019692,"(-1.497855544090271, 0.8837264776229858, -33.87084197998047)","(357.4730224609375, 352.3003234863281, 179.00962829589844)","(-1.9201291799545288, 1.1895966529846191, -33.28400802612305)","(359.9459533691406, 233.9248046875, 359.9273376464844)","(-2.1926300525665283, -0.04095011577010155, -33.1316032409668)","(359.9096374511719, 176.83937072753906, 0.005888779181987047)",0.0,0.0289,"(-0.003131, -0.000116, 0.071168)",LeftFalse_RightFalse,False,"(1.89045250415802, -0.06649863719940186, 38.40487289428711)","(356.6863708496094, 352.01776123046875, 355.76904296875)",-0.496209,-1.0,"(0.000019, -0.000004, -0.000005)",LeftFalse_RightFalse
60.69873,0.01913,"(-1.4980018138885498, 0.8837189674377441, -33.86690902709961)","(357.4729309082031, 352.29827880859375, 179.01158142089844)","(-1.920296549797058, 1.1895899772644043, -33.28009033203125)","(359.9460144042969, 233.92276000976562, 359.9273986816406)","(-2.192802906036377, -0.04095647856593132, -33.12769317626953)","(359.90972900390625, 176.83734130859375, 0.0058817011304199696)",0.0,0.0289,"(-0.003032, -0.000109, 0.068156)",LeftFalse_RightFalse,False,"(1.890453815460205, -0.06649862974882126, 38.404876708984375)","(356.6863708496094, 352.0177307128906, 355.76904296875)",-0.496212,-1.0,"(0.000019, -0.000004, -0.000005)",LeftFalse_RightFalse
60.755249,0.019004,"(-1.4981584548950195, 0.8837142586708069, -33.86298370361328)","(357.4730529785156, 352.2969970703125, 179.0126190185547)","(-1.9204665422439575, 1.1895841360092163, -33.27617263793945)","(359.9459228515625, 233.92144775390625, 359.92730712890625)","(-2.192976474761963, -0.04096274450421333, -33.12378692626953)","(359.90960693359375, 176.83604431152344, 0.005895531270653009)",0.0,0.0289,"(-0.003084, -0.000112, 0.069488)",LeftFalse_RightFalse,False,"(1.8904552459716797, -0.06649849563837051, 38.404876708984375)","(356.6863708496094, 352.0177001953125, 355.76904296875)",-0.496211,-1.0,"(0.000019, -0.000003, -0.000005)",LeftFalse_RightFalse
60.796021,0.019445,"(-1.4982638359069824, 0.8837084770202637, -33.86009979248047)","(357.47296142578125, 352.2953186035156, 179.01309204101562)","(-1.9205888509750366, 1.1895792484283447, -33.2733039855957)","(359.94598388671875, 233.91978454589844, 359.9273986816406)","(-2.193103075027466, -0.04096735268831253, -33.12092208862305)","(359.9096984863281, 176.83438110351562, 0.005886711645871401)",0.0,0.0289,"(-0.003103, -0.000113, 0.070219)",LeftFalse_RightFalse,False,"(1.890456199645996, -0.06649848818778992, 38.404876708984375)","(356.6863708496094, 352.0176696777344, 355.76904296875)",-0.496211,-1.0,"(0.000019, -0.000003, -0.000005)",LeftFalse_RightFalse
60.852661,0.019145,"(-1.498411774635315, 0.88370281457901, -33.85612869262695)","(357.4730224609375, 352.2998046875, 179.0135040283203)","(-1.9207580089569092, 1.1895729303359985, -33.26934814453125)","(359.9459533691406, 233.917724609375, 359.9273376464844)","(-2.1932778358459473, -0.04097374901175499, -33.11697769165039)","(359.9096374511719, 176.83230590820312, 0.005892658140510321)",0.0,0.0289,"(-0.003109, -0.000113, 0.070262)",LeftFalse_RightFalse,False,"(1.8904573917388916, -0.06649848818778992, 38.404876708984375)","(356.6863708496094, 352.01763916015625, 355.76904296875)",-0.496212,-1.0,"(0.000019, -0.000006, -0.000005)",LeftFalse_RightFalse
60.911255,0.01942,"(-1.498551607131958, 0.8836961388587952, -33.85200500488281)","(357.4730224609375, 352.2917175292969, 179.01373291015625)","(-1.9209306240081787, 1.1895662546157837, -33.2652473449707)","(359.9459533691406, 233.91452026367188, 359.9273376464844)","(-2.1934590339660645, -0.04098045453429222, -33.112892150878906)","(359.9096374511719, 176.8291015625, 0.005895642563700676)",0.0,0.0289,"(-0.003162, -0.000114, 0.071683)",LeftFalse_RightFalse,False,"(1.8904588222503662, -0.06649859249591827, 38.404876708984375)","(356.6863708496094, 352.0176086425781, 355.76904296875)",-0.496212,-1.0,"(0.000019, -0.000004, -0.000005)",LeftFalse_RightFalse
60.952271,0.019771,"(-1.4986599683761597, 0.8836921453475952, -33.849124908447266)","(357.4730529785156, 352.288330078125, 179.01380920410156)","(-1.9210536479949951, 1.1895617246627808, -33.26237869262695)","(359.9459228515625, 233.9130859375, 359.92730712890625)","(-2.1935858726501465, -0.04098496213555336, -33.11003112792969)","(359.9095764160156, 176.82766723632812, 0.005903675686568022)",0.0,0.0289,"(-0.003124, -0.000115, 0.070451)",LeftFalse_RightFalse,False,"(1.890459656715393, -0.06649859249591827, 38.404876708984375)","(356.6863708496094, 352.017578125, 355.76904296875)",-0.496212,-1.0,"(0.000019, -0.000003, -0.000005)",LeftFalse_RightFalse
61.011108,0.019691,"(-1.4988441467285156, 0.8836873173713684, -33.84504699707031)","(357.47320556640625, 352.29022216796875, 179.01388549804688)","(-1.9212356805801392, 1.1895556449890137, -33.258296966552734)","(359.9458312988281, 233.9132843017578, 359.92718505859375)","(-2.193767547607422, -0.040991589426994324, -33.105953216552734)","(359.909423828125, 176.827880859375, 0.005914389155805111)",0.0,0.0289,"(-0.003060, -0.000112, 0.068475)",LeftFalse_RightFalse,False,"(1.8904610872268677, -0.06649850308895111, 38.404876708984375)","(356.6863708496094, 352.0175476074219, 355.76904296875)",-0.496211,-1.0,"(0.000019, -0.000003, -0.000005)",LeftFalse_RightFalse
61.055054,0.020497,"(-1.498969554901123, 0.8836815357208252, -33.84196090698242)","(357.47314453125, 352.2901306152344, 179.013916015625)","(-1.921370267868042, 1.1895503997802734, -33.255218505859375)","(359.94586181640625, 233.91238403320312, 359.92724609375)","(-2.193904399871826, -0.04099653661251068, -33.102874755859375)","(359.9095153808594, 176.8269805908203, 0.005906222388148308)",0.0,0.0289,"(-0.003164, -0.000117, 0.071645)",LeftFalse_RightFalse,False,"(1.8904621601104736, -0.06649844348430634, 38.404876708984375)","(356.6863708496094, 352.01751708984375, 355.76904296875)",-0.49621,-1.0,"(0.000019, -0.000003, -0.000005)",LeftFalse_RightFalse
61.095215,0.020348,"(-1.4990864992141724, 0.8836780190467834, -33.83916473388672)","(357.47320556640625, 352.2872619628906, 179.01393127441406)","(-1.9214929342269897, 1.1895462274551392, -33.25242233276367)","(359.9458312988281, 233.91183471679688, 359.92718505859375)","(-2.194028615951538, -0.04100101441144943, -33.1000862121582)","(359.909423828125, 176.826416015625, 0.0059130010195076466)",0.0,0.0289,"(-0.003108, -0.000112, 0.069853)",LeftFalse_RightFalse,False,"(1.89046311378479, -0.06649836897850037, 38.404876708984375)","(356.6863708496094, 352.01751708984375, 355.7690734863281)",-0.496212,-1.0,"(0.000019, -0.000003, -0.000005)",LeftFalse_RightFalse
61.154053,0.019948,"(-1.4992365837097168, 0.8836702108383179, -33.83500671386719)","(357.47314453125, 352.284912109375, 179.0139617919922)","(-1.921669363975525, 1.1895391941070557, -33.248287200927734)","(359.94586181640625, 233.90924072265625, 359.92724609375)","(-2.194211959838867, -0.04100779443979263, -33.0959587097168)","(359.9095153808594, 176.82383728027344, 0.005906894337385893)",0.0,0.0289,"(-0.003123, -0.000116, 0.070333)",LeftFalse_RightFalse,False,"(1.8904645442962646, -0.06649833917617798, 38.404876708984375)","(356.6863708496094, 352.0174560546875, 355.7690734863281)",-0.496211,-1.0,"(0.000019, -0.000005, -0.000005)",LeftFalse_RightFalse
61.21106,0.019446,"(-1.4994007349014282, 0.8836628198623657, -33.83098220825195)","(357.4730529785156, 352.2866516113281, 179.01397705078125)","(-1.921844720840454, 1.1895325183868408, -33.24427032470703)","(359.9459228515625, 233.90817260742188, 359.92730712890625)","(-2.194390058517456, -0.04101422429084778, -33.09194564819336)","(359.9095764160156, 176.82275390625, 0.005899392068386078)",0.0,0.0289,"(-0.003152, -0.000112, 0.071175)",LeftFalse_RightFalse,False,"(1.8904659748077393, -0.06649839133024216, 38.404876708984375)","(356.6863708496094, 352.0174255371094, 355.7690734863281)",-0.496212,-1.0,"(0.000019, -0.000005, -0.000005)",LeftFalse_RightFalse
61.269653,0.019546,"(-1.4995498657226562, 0.8836560845375061, -33.82680892944336)","(357.4730529785156, 352.2847900390625, 179.0139923095703)","(-1.922020673751831, 1.189525842666626, -33.24011993408203)","(359.9459228515625, 233.90554809570312, 359.92730712890625)","(-2.194572925567627, -0.04102082550525665, -33.087806701660156)","(359.90960693359375, 176.82012939453125, 0.005898193921893835)",0.0,0.0289,"(-0.003133, -0.000112, 0.070594)",LeftFalse_RightFalse,False,"(1.8904675245285034, -0.06649846583604813, 38.404876708984375)","(356.6863708496094, 352.01739501953125, 355.7690734863281)",-0.49621,-1.0,"(0.000019, -0.000004, -0.000005)",LeftFalse_RightFalse
61.328857,0.019639,"(-1.4997074604034424, 0.8836485147476196, -33.82258605957031)","(357.47296142578125, 352.279541015625, 179.01400756835938)","(-1.9222010374069214, 1.1895190477371216, -33.23590850830078)","(359.94598388671875, 233.9033203125, 359.9273681640625)","(-2.1947591304779053, -0.04102751612663269, -33.0836067199707)","(359.90966796875, 176.8179168701172, 0.005892300978302956)",0.0,0.0289,"(-0.003130, -0.000113, 0.070581)",LeftFalse_RightFalse,False,"(1.8904688358306885, -0.06649849563837051, 38.404876708984375)","(356.6863708496094, 352.0173645019531, 355.7690734863281)",-0.496211,-1.0,"(0.000019, -0.000004, -0.000005)",LeftFalse_RightFalse
61.387695,0.019587,"(-1.499842643737793, 0.8836460709571838, -33.818458557128906)","(357.4732971191406, 352.27435302734375, 179.01492309570312)","(-1.9223732948303223, 1.1895132064819336, -33.231807708740234)","(359.94573974609375, 233.8997039794922, 359.9270935058594)","(-2.194941520690918, -0.041034139692783356, -33.07952880859375)","(359.9093322753906, 176.8142852783203, 0.005928643047809601)",0.0,0.0289,"(-0.003109, -0.000115, 0.069597)",LeftFalse_RightFalse,False,"(1.8904701471328735, -0.06649839133024216, 38.404876708984375)","(356.6863708496094, 352.017333984375, 355.7690734863281)",-0.496211,-1.0,"(0.000019, -0.000004, -0.000005)",LeftFalse_RightFalse
61.446533,0.019628,"(-1.499990701675415, 0.883640468120575, -33.814308166503906)","(357.473388671875, 352.27435302734375, 179.0128631591797)","(-1.9225497245788574, 1.1895068883895874, -33.22768020629883)","(359.9456787109375, 233.89691162109375, 359.9270324707031)","(-2.1951253414154053, -0.0410408154129982, -33.075416564941406)","(359.90924072265625, 176.81150817871094, 0.005941503215581179)",0.0,0.0289,"(-0.003163, -0.000114, 0.071014)",LeftFalse_RightFalse,False,"(1.8904715776443481, -0.06649837642908096, 38.404876708984375)","(356.6863708496094, 352.0173034667969, 355.7690734863281)",-0.496212,-1.0,"(0.000019, -0.000004, -0.000005)",LeftFalse_RightFalse
61.488525,0.020115,"(-1.5001065731048584, 0.8836338520050049, -33.81130599975586)","(357.4732666015625, 352.2751159667969, 179.01206970214844)","(-1.9226789474487305, 1.1895015239715576, -33.22468566894531)","(359.9457702636719, 233.89559936523438, 359.9271545410156)","(-2.195258140563965, -0.04104563593864441, -33.072425842285156)","(359.9093933105469, 176.81019592285156, 0.005930250510573387)",0.0,0.0289,"(-0.003179, -0.000115, 0.071581)",LeftFalse_RightFalse,False,"(1.890472412109375, -0.06649840623140335, 38.404876708984375)","(356.6863708496094, 352.01727294921875, 355.7690734863281)",-0.496212,-1.0,"(0.000019, -0.000005, -0.000005)",LeftFalse_RightFalse
61.547241,0.019837,"(-1.5002613067626953, 0.8836295008659363, -33.80717849731445)","(357.4734191894531, 352.2723083496094, 179.01092529296875)","(-1.922856092453003, 1.189495325088501, -33.22057342529297)","(359.9456787109375, 233.89340209960938, 359.927001953125)","(-2.195441246032715, -0.04105221852660179, -33.068328857421875)","(359.9092102050781, 176.80799865722656, 0.00594848208129406)",0.0,0.0289,"(-0.003068, -0.000112, 0.068116)",LeftFalse_RightFalse,False,"(1.8904738426208496, -0.06649837642908096, 38.404876708984375)","(356.6863708496094, 352.0172424316406, 355.7690734863281)",-0.496211,-1.0,"(0.000019, -0.000005, -0.000005)",LeftFalse_RightFalse
61.604736,0.019513,"(-1.5004236698150635, 0.883624792098999, -33.803165435791016)","(357.47357177734375, 352.26727294921875, 179.00965881347656)","(-1.9230320453643799, 1.1894892454147339, -33.21657180786133)","(359.9455871582031, 233.89208984375, 359.9268798828125)","(-2.1956207752227783, -0.04105880856513977, -33.064334869384766)","(359.9090576171875, 176.8066864013672, 0.005962830036878586)",0.0,0.0289,"(-0.003185, -0.000116, 0.071432)",LeftFalse_RightFalse,False,"(1.8904752731323242, -0.06649842858314514, 38.404876708984375)","(356.6863708496094, 352.0172119140625, 355.7690734863281)",-0.496213,-1.0,"(0.000019, -0.000004, -0.000005)",LeftFalse_RightFalse
61.665527,0.0199,"(-1.50059175491333, 0.8836160898208618, -33.798858642578125)","(357.47344970703125, 352.2679138183594, 179.00900268554688)","(-1.9232187271118164, 1.1894817352294922, -33.212276458740234)","(359.9456481933594, 233.89028930664062, 359.927001953125)","(-2.195812225341797, -0.04106590151786804, -33.0600471496582)","(359.9091796875, 176.80487060546875, 0.005951523315161467)",0.0,0.0289,"(-0.003124, -0.000112, 0.069711)",LeftFalse_RightFalse,False,"(1.8904768228530884, -0.06649845838546753, 38.40488052368164)","(356.6863708496094, 352.0171813964844, 355.7690734863281)",-0.496211,-1.0,"(0.000019, -0.000005, -0.000005)",LeftFalse_RightFalse
61.706299,0.020085,"(-1.500709891319275, 0.8836112022399902, -33.79597854614258)","(357.4734191894531, 352.269287109375, 179.00936889648438)","(-1.9233449697494507, 1.1894770860671997, -33.20940017700195)","(359.9456787109375, 233.88949584960938, 359.927001953125)","(-2.1959404945373535, -0.04107041656970978, -33.05717468261719)","(359.9092102050781, 176.80409240722656, 0.005949162878096104)",0.0,0.0289,"(-0.003116, -0.000111, 0.069325)",LeftFalse_RightFalse,False,"(1.8904777765274048, -0.06649846583604813, 38.404876708984375)","(356.6863708496094, 352.01715087890625, 355.7690734863281)",-0.496211,-1.0,"(0.000019, -0.000004, -0.000005)",LeftFalse_RightFalse
61.748047,0.020322,"(-1.5008336305618286, 0.883607804775238, -33.793052673339844)","(357.4735412597656, 352.2701110839844, 179.0120849609375)","(-1.9234741926193237, 1.1894727945327759, -33.20648193359375)","(359.9455871582031, 233.88894653320312, 359.92694091796875)","(-2.1960713863372803, -0.04107511043548584, -33.05426025390625)","(359.9090881347656, 176.80352783203125, 0.005962515715509653)",0.0,0.0289,"(-0.003180, -0.000117, 0.071160)",LeftFalse_RightFalse,False,"(1.8904786109924316, -0.06649845838546753, 38.404876708984375)","(356.6863708496094, 352.0171203613281, 355.7690734863281)",-0.496211,-1.0,"(0.000019, -0.000004, -0.000005)",LeftFalse_RightFalse
61.790039,0.020588,"(-1.5009435415267944, 0.8836033344268799, -33.79008865356445)","(357.47357177734375, 352.2692565917969, 179.015625)","(-1.9236019849777222, 1.1894681453704834, -33.203529357910156)","(359.9455871582031, 233.88720703125, 359.9269104003906)","(-2.1962037086486816, -0.04107993096113205, -33.05131530761719)","(359.9090881347656, 176.8018035888672, 0.005962456576526165)",0.0,0.0289,"(-0.003166, -0.000114, 0.070692)",LeftFalse_RightFalse,False,"(1.8904796838760376, -0.06649836897850037, 38.404876708984375)","(356.6863708496094, 352.01708984375, 355.7690734863281)",-0.496211,-1.0,"(0.000019, -0.000004, -0.000005)",LeftFalse_RightFalse
61.831421,0.020636,"(-1.5010496377944946, 0.8835979700088501, -33.78713607788086)","(357.4735107421875, 352.2666931152344, 179.01776123046875)","(-1.9237279891967773, 1.1894632577896118, -33.200592041015625)","(359.94561767578125, 233.88526916503906, 359.9269714355469)","(-2.1963348388671875, -0.04108455777168274, -33.04838562011719)","(359.9091491699219, 176.79986572265625, 0.00595731008797884)",0.0,0.0289,"(-0.003078, -0.000109, 0.068166)",LeftFalse_RightFalse,False,"(1.8904807567596436, -0.06649841368198395, 38.404876708984375)","(356.6863708496094, 352.01708984375, 355.7690734863281)",-0.49621,-1.0,"(0.000019, -0.000005, -0.000005)",LeftFalse_RightFalse
61.889893,0.020106,"(-1.5012069940567017, 0.8835923671722412, -33.783016204833984)","(357.4736022949219, 352.2667236328125, 179.0194549560547)","(-1.9239064455032349, 1.189456820487976, -33.19648742675781)","(359.945556640625, 233.88320922851562, 359.9268798828125)","(-2.196518898010254, -0.04109123349189758, -33.04429244995117)","(359.9090576171875, 176.79779052734375, 0.00596729526296258)",0.0,0.0289,"(-0.003157, -0.000114, 0.070294)",LeftFalse_RightFalse,False,"(1.8904821872711182, -0.06649847328662872, 38.404876708984375)","(356.6863708496094, 352.0170593261719, 355.7690734863281)",-0.496212,-1.0,"(0.000019, -0.000005, -0.000005)",LeftFalse_RightFalse
61.931274,0.020263,"(-1.5013163089752197, 0.8835886716842651, -33.78009796142578)","(357.4736633300781, 352.26593017578125, 179.02012634277344)","(-1.924032211303711, 1.1894522905349731, -33.193580627441406)","(359.9455261230469, 233.88157653808594, 359.92681884765625)","(-2.1966490745544434, -0.041095852851867676, -33.04139709472656)","(359.9089660644531, 176.79617309570312, 0.005977046675980091)",0.0,0.0289,"(-0.003161, -0.000114, 0.070259)",LeftFalse_RightFalse,False,"(1.8904831409454346, -0.0664985179901123, 38.404876708984375)","(356.6863708496094, 352.01702880859375, 355.7690734863281)",-0.49621,-1.0,"(0.000019, -0.000005, -0.000005)",LeftFalse_RightFalse
61.988281,0.019663,"(-1.5014617443084717, 0.8835821151733398, -33.77606201171875)","(357.4736633300781, 352.263916015625, 179.02066040039062)","(-1.9242053031921387, 1.1894458532333374, -33.1895637512207)","(359.9455261230469, 233.87890625, 359.9268493652344)","(-2.196829319000244, -0.0411023311316967, -33.037391662597656)","(359.9089660644531, 176.79347229003906, 0.005978915840387344)",0.0,0.0289,"(-0.003217, -0.000115, 0.071867)",LeftFalse_RightFalse,False,"(1.8904844522476196, -0.06649855524301529, 38.404876708984375)","(356.6863708496094, 352.0169982910156, 355.7690734863281)",-0.49621,-1.0,"(0.000019, -0.000004, -0.000005)",LeftFalse_RightFalse
62.031006,0.020286,"(-1.5015740394592285, 0.8835755586624146, -33.77299880981445)","(357.4735107421875, 352.2622985839844, 179.0209503173828)","(-1.9243366718292236, 1.1894407272338867, -33.1865119934082)","(359.94561767578125, 233.87701416015625, 359.92694091796875)","(-2.1969656944274902, -0.041107192635536194, -33.03434753417969)","(359.90911865234375, 176.79159545898438, 0.005965841002762318)",0.0,0.0289,"(-0.003158, -0.000112, 0.070215)",LeftFalse_RightFalse,False,"(1.8904855251312256, -0.06649854779243469, 38.404876708984375)","(356.6863708496094, 352.0169677734375, 355.7690734863281)",-0.49621,-1.0,"(0.000019, -0.000004, -0.000005)",LeftFalse_RightFalse
62.091431,0.02024,"(-1.5017266273498535, 0.8835708498954773, -33.76873016357422)","(357.47369384765625, 352.2596435546875, 179.02110290527344)","(-1.9245193004608154, 1.1894341707229614, -33.18226623535156)","(359.94549560546875, 233.87411499023438, 359.92681884765625)","(-2.1971561908721924, -0.041114069521427155, -33.03011703491211)","(359.908935546875, 176.78868103027344, 0.0059833163395524025)",0.0,0.0289,"(-0.003142, -0.000114, 0.069631)",LeftFalse_RightFalse,False,"(1.8904868364334106, -0.06649849563837051, 38.404876708984375)","(356.6863708496094, 352.0169372558594, 355.7690734863281)",-0.496211,-1.0,"(0.000019, -0.000004, -0.000005)",LeftFalse_RightFalse
62.151489,0.020168,"(-1.501886010169983, 0.8835632801055908, -33.76445007324219)","(357.4736328125, 352.25726318359375, 179.0211944580078)","(-1.9247040748596191, 1.1894272565841675, -33.17800521850586)","(359.9455261230469, 233.87159729003906, 359.9268493652344)","(-2.197347640991211, -0.04112086817622185, -33.0258674621582)","(359.90899658203125, 176.7861785888672, 0.0059844329953193665)",0.0,0.0289,"(-0.003220, -0.000115, 0.071714)",LeftFalse_RightFalse,False,"(1.8904882669448853, -0.06649839878082275, 38.404876708984375)","(356.6863708496094, 352.01690673828125, 355.7690734863281)",-0.49621,-1.0,"(0.000019, -0.000004, -0.000005)",LeftFalse_RightFalse
62.21106,0.020013,"(-1.5020570755004883, 0.8835561275482178, -33.76020812988281)","(357.4736022949219, 352.2558288574219, 179.021240234375)","(-1.924890398979187, 1.1894203424453735, -33.17377471923828)","(359.9455261230469, 233.8701171875, 359.9268798828125)","(-2.197537899017334, -0.041127659380435944, -33.021644592285156)","(359.9090270996094, 176.78469848632812, 0.00598300714045763)",0.0,0.0289,"(-0.003161, -0.000113, 0.069935)",LeftFalse_RightFalse,False,"(1.8904898166656494, -0.06649845838546753, 38.404876708984375)","(356.6863708496094, 352.016845703125, 355.7690734863281)",-0.496211,-1.0,"(0.000019, -0.000004, -0.000005)",LeftFalse_RightFalse
62.273071,0.020422,"(-1.5022284984588623, 0.8835509419441223, -33.755821228027344)","(357.4737854003906, 352.25390625, 179.021240234375)","(-1.9250819683074951, 1.1894137859344482, -33.169403076171875)","(359.9454345703125, 233.86814880371094, 359.9267578125)","(-2.197734832763672, -0.041134752333164215, -33.01728439331055)","(359.90887451171875, 176.78273010253906, 0.005997949279844761)",0.0,0.0289,"(-0.003133, -0.000111, 0.068953)",LeftFalse_RightFalse,False,"(1.890491247177124, -0.06649850308895111, 38.40487289428711)","(356.6863708496094, 352.0168151855469, 355.7690734863281)",-0.496211,-1.0,"(0.000019, -0.000005, -0.000005)",LeftFalse_RightFalse
62.313232,0.020284,"(-1.5023343563079834, 0.8835484385490417, -33.753013610839844)","(357.47393798828125, 352.2523193359375, 179.02122497558594)","(-1.9252041578292847, 1.1894094944000244, -33.166603088378906)","(359.9453430175781, 233.86654663085938, 359.9266357421875)","(-2.197861433029175, -0.04113934189081192, -33.014495849609375)","(359.90869140625, 176.78114318847656, 0.0060128699988126755)",0.0,0.0289,"(-0.003229, -0.000116, 0.071672)",LeftFalse_RightFalse,False,"(1.8904922008514404, -0.06649854779243469, 38.40487289428711)","(356.6863708496094, 352.0168151855469, 355.7690734863281)",-0.496211,-1.0,"(0.000019, -0.000004, -0.000005)",LeftFalse_RightFalse
62.353638,0.020245,"(-1.5024515390396118, 0.8835415244102478, -33.7501106262207)","(357.4737548828125, 352.2513122558594, 179.02127075195312)","(-1.9253315925598145, 1.1894043684005737, -33.16371154785156)","(359.9454650878906, 233.86553955078125, 359.9267578125)","(-2.197991371154785, -0.04114403948187828, -33.01160430908203)","(359.90887451171875, 176.78013610839844, 0.0059936027973890305)",0.0,0.0289,"(-0.003179, -0.000115, 0.070424)",LeftFalse_RightFalse,False,"(1.8904931545257568, -0.06649856269359589, 38.40487289428711)","(356.6863708496094, 352.01678466796875, 355.7690734863281)",-0.496211,-1.0,"(0.000019, -0.000004, -0.000005)",LeftFalse_RightFalse
62.412354,0.019921,"(-1.502595067024231, 0.8835350871086121, -33.74592590332031)","(357.4737548828125, 352.24420166015625, 179.02127075195312)","(-1.9255099296569824, 1.1893978118896484, -33.159549713134766)","(359.9454345703125, 233.86215209960938, 359.9267578125)","(-2.198178768157959, -0.04115068167448044, -33.00746154785156)","(359.90887451171875, 176.77674865722656, 0.00599680608138442)",0.0,0.0289,"(-0.003246, -0.000115, 0.072265)",LeftFalse_RightFalse,False,"(1.8904945850372314, -0.06649847328662872, 38.40487289428711)","(356.6863708496094, 352.0167541503906, 355.7690734863281)",-0.496212,-1.0,"(0.000019, -0.000004, -0.000005)",LeftFalse_RightFalse
62.455078,0.020416,"(-1.5027284622192383, 0.8835310339927673, -33.74290466308594)","(357.4738464355469, 352.2414245605469, 179.02125549316406)","(-1.9256454706192017, 1.1893929243087769, -33.156532287597656)","(359.9454040527344, 233.8619384765625, 359.92669677734375)","(-2.198314905166626, -0.04115553945302963, -33.00444412231445)","(359.9087829589844, 176.77651977539062, 0.006004179362207651)",0.0,0.0289,"(-0.003179, -0.000113, 0.070156)",LeftFalse_RightFalse,False,"(1.8904955387115479, -0.06649836897850037, 38.40487289428711)","(356.6863708496094, 352.0167236328125, 355.7690734863281)",-0.49621,-1.0,"(0.000019, -0.000004, -0.000005)",LeftFalse_RightFalse
62.495972,0.020398,"(-1.5028424263000488, 0.8835269808769226, -33.7400016784668)","(357.473876953125, 352.23858642578125, 179.021240234375)","(-1.925772786140442, 1.189388632774353, -33.15363693237305)","(359.94537353515625, 233.86062622070312, 359.9266662597656)","(-2.1984457969665527, -0.04116014018654823, -33.001556396484375)","(359.90875244140625, 176.7752227783203, 0.006010673940181732)",0.0,0.0289,"(-0.003164, -0.000112, 0.069634)",LeftFalse_RightFalse,False,"(1.8904966115951538, -0.06649837642908096, 38.40487289428711)","(356.6863708496094, 352.0166931152344, 355.7690734863281)",-0.49621,-1.0,"(0.000019, -0.000003, -0.000005)",LeftFalse_RightFalse
62.537109,0.020492,"(-1.5029597282409668, 0.8835229873657227, -33.737083435058594)","(357.47393798828125, 352.2365417480469, 179.02122497558594)","(-1.9259014129638672, 1.1893839836120605, -33.150726318359375)","(359.9453430175781, 233.85952758789062, 359.9266052246094)","(-2.198577404022217, -0.041164856404066086, -32.998653411865234)","(359.90869140625, 176.77410888671875, 0.006015988066792488)",0.0,0.0289,"(-0.003192, -0.000114, 0.070349)",LeftFalse_RightFalse,False,"(1.8904976844787598, -0.06649844348430634, 38.40487289428711)","(356.6863708496094, 352.01666259765625, 355.7690734863281)",-0.496215,-1.0,"(0.000019, -0.000005, -0.000005)",LeftFalse_RightFalse
62.581909,0.02126,"(-1.5030877590179443, 0.8835164308547974, -33.73387145996094)","(357.4738464355469, 352.234619140625, 179.01828002929688)","(-1.9260425567626953, 1.1893783807754517, -33.14752197265625)","(359.9454040527344, 233.85824584960938, 359.92669677734375)","(-2.1987218856811523, -0.041170112788677216, -32.995452880859375)","(359.9087829589844, 176.77284240722656, 0.0060087465681135654)",0.0,0.0289,"(-0.003230, -0.000118, 0.071494)",LeftFalse_RightFalse,False,"(1.8904986381530762, -0.06649845838546753, 38.40487289428711)","(356.6863708496094, 352.0166320800781, 355.7690734863281)",-0.49621,-1.0,"(0.000019, -0.000004, -0.000005)",LeftFalse_RightFalse
62.625854,0.021473,"(-1.5032150745391846, 0.8835118412971497, -33.73073959350586)","(357.473876953125, 352.233154296875, 179.01686096191406)","(-1.9261806011199951, 1.18937349319458, -33.14440155029297)","(359.94537353515625, 233.857177734375, 359.9266662597656)","(-2.1988627910614014, -0.04117508605122566, -32.99233627319336)","(359.90875244140625, 176.77175903320312, 0.006010223645716906)",0.0,0.0289,"(-0.003214, -0.000114, 0.071052)",LeftFalse_RightFalse,False,"(1.8904995918273926, -0.06649848818778992, 38.40487289428711)","(356.6863708496094, 352.0166320800781, 355.7690734863281)",-0.496211,-1.0,"(0.000019, -0.000004, -0.000005)",LeftFalse_RightFalse
62.685181,0.020617,"(-1.5033974647521973, 0.8835064172744751, -33.72654724121094)","(357.4739685058594, 352.2322692871094, 179.01809692382812)","(-1.9263688325881958, 1.1893671751022339, -33.14020919799805)","(359.9453125, 233.85659790039062, 359.9266052246094)","(-2.199052572250366, -0.04118181765079498, -32.98815155029297)","(359.9086608886719, 176.77117919921875, 0.00601732125505805)",0.0,0.0289,"(-0.003233, -0.000116, 0.071514)",LeftFalse_RightFalse,False,"(1.8905010223388672, -0.06649848818778992, 38.404869079589844)","(356.6863708496094, 352.0165710449219, 355.7690734863281)",-0.496212,-1.0,"(0.000019, -0.000003, -0.000005)",LeftFalse_RightFalse
62.725342,0.020403,"(-1.5035157203674316, 0.8835028409957886, -33.723697662353516)","(357.47406005859375, 352.2313232421875, 179.01856994628906)","(-1.9264955520629883, 1.1893627643585205, -33.137367248535156)","(359.94525146484375, 233.8557891845703, 359.926513671875)","(-2.19918155670166, -0.04118642956018448, -32.985313415527344)","(359.9085693359375, 176.77037048339844, 0.006024878937751055)",0.0,0.0289,"(-0.003226, -0.000113, 0.071122)",LeftFalse_RightFalse,False,"(1.8905020952224731, -0.06649846583604813, 38.40487289428711)","(356.6863708496094, 352.0165710449219, 355.76910400390625)",-0.496213,-1.0,"(0.000019, -0.000004, -0.000005)",LeftFalse_RightFalse
62.785522,0.020313,"(-1.503675937652588, 0.8834982514381409, -33.71944046020508)","(357.4742126464844, 352.23187255859375, 179.0189666748047)","(-1.9266810417175293, 1.1893563270568848, -33.13312911987305)","(359.9451599121094, 233.8533172607422, 359.9263916015625)","(-2.199373722076416, -0.04119325429201126, -32.9810905456543)","(359.9084167480469, 176.7678985595703, 0.006040484644472599)",0.0,0.0289,"(-0.003158, -0.000114, 0.069167)",LeftFalse_RightFalse,False,"(1.8905035257339478, -0.06649836897850037, 38.40487289428711)","(356.6863708496094, 352.01654052734375, 355.7690734863281)",-0.496211,-1.0,"(0.000019, -0.000004, -0.000005)",LeftFalse_RightFalse
62.825928,0.020262,"(-1.5037784576416016, 0.8834940195083618, -33.716575622558594)","(357.4742431640625, 352.22857666015625, 179.0191192626953)","(-1.926804780960083, 1.1893517971038818, -33.130279541015625)","(359.94512939453125, 233.8512420654297, 359.9263610839844)","(-2.199502944946289, -0.041197847574949265, -32.97825241088867)","(359.90838623046875, 176.7658233642578, 0.006041180808097124)",0.0,0.0289,"(-0.003240, -0.000117, 0.071419)",LeftFalse_RightFalse,False,"(1.8905043601989746, -0.06649836897850037, 38.40487289428711)","(356.6863708496094, 352.0165100097656, 355.76910400390625)",-0.496211,-1.0,"(0.000019, -0.000004, -0.000005)",LeftFalse_RightFalse
62.883789,0.019778,"(-1.5039329528808594, 0.8834877610206604, -33.71248245239258)","(357.4742736816406, 352.22674560546875, 179.0204620361328)","(-1.9269839525222778, 1.1893452405929565, -33.12620162963867)","(359.94512939453125, 233.84884643554688, 359.92633056640625)","(-2.19968843460083, -0.041204486042261124, -32.974185943603516)","(359.9083557128906, 176.763427734375, 0.006044441368430853)",0.0,0.0289,"(-0.003156, -0.000111, 0.069026)",LeftFalse_RightFalse,False,"(1.8905057907104492, -0.06649839878082275, 38.40487289428711)","(356.6863708496094, 352.0164794921875, 355.76910400390625)",-0.496213,-1.0,"(0.000019, -0.000004, -0.000005)",LeftFalse_RightFalse
62.92395,0.019874,"(-1.5040504932403564, 0.8834839463233948, -33.70967102050781)","(357.4743347167969, 352.22442626953125, 179.02235412597656)","(-1.9271098375320435, 1.1893408298492432, -33.12339401245117)","(359.9450988769531, 233.8480224609375, 359.9263000488281)","(-2.1998164653778076, -0.04120905324816704, -32.97138595581055)","(359.9082946777344, 176.76260375976562, 0.006047357805073261)",0.0,0.0289,"(-0.003184, -0.000111, 0.069577)",LeftFalse_RightFalse,False,"(1.8905068635940552, -0.06649845838546753, 38.40487289428711)","(356.6863708496094, 352.0164489746094, 355.76910400390625)",-0.496213,-1.0,"(0.000019, -0.000004, -0.000005)",LeftFalse_RightFalse
62.981445,0.01947,"(-1.5042164325714111, 0.8834756016731262, -33.705589294433594)","(357.47418212890625, 352.2216796875, 179.0239715576172)","(-1.927290916442871, 1.1893339157104492, -33.11932373046875)","(359.9451904296875, 233.84654235839844, 359.9264221191406)","(-2.2000014781951904, -0.04121551290154457, -32.96731948852539)","(359.908447265625, 176.76112365722656, 0.006035311613231897)",0.0,0.0289,"(-0.003246, -0.000114, 0.071500)",LeftFalse_RightFalse,False,"(1.8905081748962402, -0.06649848818778992, 38.40487289428711)","(356.6863708496094, 352.01641845703125, 355.76910400390625)",-0.496211,-1.0,"(0.000019, -0.000005, -0.000005)",LeftFalse_RightFalse
63.038086,0.019276,"(-1.5043781995773315, 0.8834697008132935, -33.701576232910156)","(357.4742431640625, 352.2194519042969, 179.02479553222656)","(-1.9274686574935913, 1.189327597618103, -33.11532211303711)","(359.9451599121094, 233.84498596191406, 359.9263916015625)","(-2.200183391571045, -0.04122195392847061, -32.96332550048828)","(359.90838623046875, 176.7595672607422, 0.006041279528290033)",0.0,0.0289,"(-0.003211, -0.000112, 0.070348)",LeftFalse_RightFalse,False,"(1.8905094861984253, -0.06649848818778992, 38.40487289428711)","(356.6863708496094, 352.0163879394531, 355.76910400390625)",-0.496211,-1.0,"(0.000019, -0.000003, -0.000005)",LeftFalse_RightFalse
63.09668,0.019407,"(-1.50453519821167, 0.8834619522094727, -33.69738006591797)","(357.4741516113281, 352.216552734375, 179.02525329589844)","(-1.9276516437530518, 1.189320683479309, -33.111148834228516)","(359.9451904296875, 233.84243774414062, 359.92645263671875)","(-2.2003731727600098, -0.04122859612107277, -32.95915985107422)","(359.9084777832031, 176.75701904296875, 0.006035666912794113)",0.0,0.0289,"(-0.003211, -0.000110, 0.070282)",LeftFalse_RightFalse,False,"(1.8905107975006104, -0.06649846583604813, 38.40487289428711)","(356.6863708496094, 352.016357421875, 355.76910400390625)",-0.496212,-1.0,"(0.000019, -0.000004, -0.000005)",LeftFalse_RightFalse
63.154419,0.019277,"(-1.5046952962875366, 0.8834545016288757, -33.693233489990234)","(357.47406005859375, 352.2142028808594, 179.02549743652344)","(-1.9278335571289062, 1.1893140077590942, -33.107017517089844)","(359.94525146484375, 233.84030151367188, 359.926513671875)","(-2.2005605697631836, -0.04123508185148239, -32.955039978027344)","(359.9085693359375, 176.7548828125, 0.006027865689247847)",0.0,0.0289,"(-0.003190, -0.000110, 0.069740)",LeftFalse_RightFalse,False,"(1.890512228012085, -0.06649835407733917, 38.40487289428711)","(356.6863708496094, 352.0163269042969, 355.76910400390625)",-0.496211,-1.0,"(0.000019, -0.000003, -0.000005)",LeftFalse_RightFalse
63.210083,0.018909,"(-1.5048487186431885, 0.8834491968154907, -33.68925476074219)","(357.4741516113281, 352.2120666503906, 179.02561950683594)","(-1.9280081987380981, 1.1893079280853271, -33.10305404663086)","(359.9451904296875, 233.8382568359375, 359.92645263671875)","(-2.2007408142089844, -0.041241466999053955, -32.951087951660156)","(359.9084777832031, 176.75283813476562, 0.006037363316863775)",0.0,0.0289,"(-0.003239, -0.000115, 0.071015)",LeftFalse_RightFalse,False,"(1.8905134201049805, -0.06649836897850037, 38.40487289428711)","(356.6863708496094, 352.01629638671875, 355.76910400390625)",-0.496211,-1.0,"(0.000019, -0.000004, -0.000005)",LeftFalse_RightFalse
63.267456,0.018999,"(-1.5050081014633179, 0.8834439516067505, -33.685157775878906)","(357.4742431640625, 352.2099609375, 179.02566528320312)","(-1.928188443183899, 1.1893017292022705, -33.09897232055664)","(359.94512939453125, 233.83619689941406, 359.9263610839844)","(-2.2009265422821045, -0.04124798625707626, -32.947017669677734)","(359.9083557128906, 176.7507781982422, 0.006047411356121302)",0.0,0.0289,"(-0.003251, -0.000117, 0.071149)",LeftFalse_RightFalse,False,"(1.890514850616455, -0.06649845838546753, 38.40487289428711)","(356.6863708496094, 352.0162353515625, 355.76910400390625)",-0.496212,-1.0,"(0.000019, -0.000004, -0.000005)",LeftFalse_RightFalse
63.307739,0.019377,"(-1.5051124095916748, 0.8834380507469177, -33.682247161865234)","(357.47418212890625, 352.20782470703125, 179.02597045898438)","(-1.9283145666122437, 1.1892967224121094, -33.09607696533203)","(359.9451904296875, 233.83404541015625, 359.9264221191406)","(-2.2010583877563477, -0.041252780705690384, -32.944129943847656)","(359.908447265625, 176.74864196777344, 0.006042713299393654)",0.0,0.0289,"(-0.003268, -0.000117, 0.071674)",LeftFalse_RightFalse,False,"(1.8905158042907715, -0.0664985179901123, 38.40487289428711)","(356.6863708496094, 352.0162353515625, 355.76910400390625)",-0.496211,-1.0,"(0.000021, -0.000014, -0.000005)",LeftFalse_RightFalse
63.366943,0.019562,"(-1.5052666664123535, 0.8834341764450073, -33.67802810668945)","(357.4743957519531, 352.20745849609375, 179.02267456054688)","(-1.9284980297088623, 1.1892904043197632, -33.09187698364258)","(359.9450378417969, 233.83120727539062, 359.9262390136719)","(-2.201249599456787, -0.04125947132706642, -32.93994903564453)","(359.9082336425781, 176.7457733154297, 0.0060627576895058155)",0.0,0.0289,"(-0.003265, -0.000116, 0.071435)",LeftFalse_RightFalse,False,"(1.890516996383667, -0.0664990246295929, 38.40487289428711)","(356.6863708496094, 352.0162048339844, 355.7690734863281)",-0.496211,-1.0,"(0.000019, -0.000011, -0.000005)",LeftFalse_RightFalse
63.407471,0.019834,"(-1.5053887367248535, 0.8834314346313477, -33.6751708984375)","(357.47454833984375, 352.2104187011719, 179.02200317382812)","(-1.9286267757415771, 1.189286231994629, -33.08902359008789)","(359.9449462890625, 233.83053588867188, 359.9261169433594)","(-2.2013802528381348, -0.0412641316652298, -32.937103271484375)","(359.9080810546875, 176.74510192871094, 0.006076998542994261)",0.0,0.0289,"(-0.003264, -0.000117, 0.071339)",LeftFalse_RightFalse,False,"(1.8905179500579834, -0.0664992481470108, 38.40487289428711)","(356.68634033203125, 352.01617431640625, 355.7690734863281)",-0.496207,-1.0,"(0.000019, -0.000008, -0.000005)",LeftFalse_RightFalse
63.465576,0.01969,"(-1.5055551528930664, 0.8834249973297119, -33.67104721069336)","(357.4745788574219, 352.2058410644531, 179.0218048095703)","(-1.928810715675354, 1.1892796754837036, -33.08491134643555)","(359.9449462890625, 233.82882690429688, 359.9261169433594)","(-2.201568603515625, -0.04127083718776703, -32.93299865722656)","(359.9080505371094, 176.74339294433594, 0.006076277699321508)",0.0,0.0289,"(-0.003283, -0.000118, 0.071928)",LeftFalse_RightFalse,False,"(1.890519380569458, -0.06649933755397797, 38.404869079589844)","(356.68634033203125, 352.0161437988281, 355.76904296875)",-0.496215,-1.0,"(0.000019, -0.000008, -0.000005)",LeftFalse_RightFalse
63.506104,0.019894,"(-1.5056815147399902, 0.8834196329116821, -33.66816711425781)","(357.4745178222656, 352.2027587890625, 179.02182006835938)","(-1.9289411306381226, 1.189274787902832, -33.082035064697266)","(359.9449768066406, 233.82843017578125, 359.9261474609375)","(-2.20169997215271, -0.04127549007534981, -32.93012237548828)","(359.9081115722656, 176.74301147460938, 0.006068153772503138)",0.0,0.0289,"(-0.003250, -0.000113, 0.070888)",LeftFalse_RightFalse,False,"(1.8905203342437744, -0.0664995089173317, 38.40487289428711)","(356.68634033203125, 352.01611328125, 355.76904296875)",-0.496208,-1.0,"(0.000019, -0.000005, -0.000005)",LeftFalse_RightFalse
63.563965,0.019543,"(-1.5058236122131348, 0.8834134936332703, -33.66402816772461)","(357.47454833984375, 352.2002868652344, 179.0193328857422)","(-1.929119348526001, 1.1892682313919067, -33.07792282104492)","(359.9449462890625, 233.8249053955078, 359.9261169433594)","(-2.201887607574463, -0.04128216207027435, -32.926029205322266)","(359.9080810546875, 176.73948669433594, 0.006073539145290852)",0.0,0.0289,"(-0.003255, -0.000113, 0.070908)",LeftFalse_RightFalse,False,"(1.89052152633667, -0.06649959087371826, 38.40487289428711)","(356.68634033203125, 352.0160827636719, 355.76904296875)",-0.496211,-1.0,"(0.000019, -0.000003, -0.000005)",LeftFalse_RightFalse
63.619995,0.01915,"(-1.5059797763824463, 0.8834083080291748, -33.66005325317383)","(357.4746398925781, 352.1988220214844, 179.01837158203125)","(-1.9292958974838257, 1.1892621517181396, -33.0739631652832)","(359.94488525390625, 233.82289123535156, 359.9260559082031)","(-2.2020695209503174, -0.04128843545913696, -32.922080993652344)","(359.9079895019531, 176.73748779296875, 0.006083476822823286)",0.0,0.0289,"(-0.003249, -0.000114, 0.070628)",LeftFalse_RightFalse,False,"(1.890522837638855, -0.06649958342313766, 38.40487289428711)","(356.68634033203125, 352.01605224609375, 355.76904296875)",-0.496213,-1.0,"(0.000019, -0.000004, -0.000005)",LeftFalse_RightFalse
63.660889,0.01959,"(-1.5060853958129883, 0.8834030628204346, -33.657127380371094)","(357.474609375, 352.1968994140625, 179.016845703125)","(-1.9294236898422241, 1.1892573833465576, -33.07105255126953)","(359.9449157714844, 233.82073974609375, 359.92608642578125)","(-2.2022030353546143, -0.04129308462142944, -32.9191780090332)","(359.90802001953125, 176.73532104492188, 0.006081724539399147)",0.0,0.0289,"(-0.003279, -0.000115, 0.071394)",LeftFalse_RightFalse,False,"(1.890523910522461, -0.06649956107139587, 38.40487289428711)","(356.68634033203125, 352.0160217285156, 355.76904296875)",-0.49621,-1.0,"(0.000019, -0.000003, -0.000005)",LeftFalse_RightFalse
63.720947,0.019792,"(-1.5062589645385742, 0.8833970427513123, -33.65287399291992)","(357.47467041015625, 352.19451904296875, 179.01553344726562)","(-1.9296139478683472, 1.1892508268356323, -33.06681442260742)","(359.94488525390625, 233.81912231445312, 359.9260559082031)","(-2.2023978233337402, -0.04129983112215996, -32.914947509765625)","(359.907958984375, 176.7336883544922, 0.006088989786803722)",0.0,0.0289,"(-0.003233, -0.000112, 0.069963)",LeftFalse_RightFalse,False,"(1.8905253410339355, -0.06649931520223618, 38.40487289428711)","(356.68634033203125, 352.0159912109375, 355.76904296875)",-0.49621,-1.0,"(0.000019, -0.000002, -0.000005)",LeftFalse_RightFalse
63.780884,0.01989,"(-1.5064122676849365, 0.8833914399147034, -33.64862823486328)","(357.4747619628906, 352.1927185058594, 179.01486206054688)","(-1.9298001527786255, 1.1892441511154175, -33.06258773803711)","(359.94482421875, 233.81588745117188, 359.92596435546875)","(-2.202592611312866, -0.04130670800805092, -32.91073989868164)","(359.9078674316406, 176.73048400878906, 0.006098567973822355)",0.0,0.0289,"(-0.003287, -0.000117, 0.071417)",LeftFalse_RightFalse,False,"(1.8905267715454102, -0.06649923324584961, 38.40487289428711)","(356.68634033203125, 352.0159606933594, 355.76904296875)",-0.496212,-1.0,"(0.000019, -0.000003, -0.000005)",LeftFalse_RightFalse
63.823242,0.020345,"(-1.5065382719039917, 0.8833832740783691, -33.64555740356445)","(357.4744873046875, 352.192138671875, 179.01466369628906)","(-1.929937720298767, 1.1892386674880981, -33.05952835083008)","(359.9449768066406, 233.81475830078125, 359.9261779785156)","(-2.202733039855957, -0.04131165146827698, -32.90768051147461)","(359.9081115722656, 176.7293243408203, 0.006074641831219196)",0.0,0.0289,"(-0.003272, -0.000112, 0.071030)",LeftFalse_RightFalse,False,"(1.8905277252197266, -0.066499263048172, 38.40487289428711)","(356.68634033203125, 352.01593017578125, 355.76904296875)",-0.496211,-1.0,"(0.000019, -0.000006, -0.000005)",LeftFalse_RightFalse
63.884277,0.020455,"(-1.5067076683044434, 0.8833771347999573, -33.641197204589844)","(357.47454833984375, 352.1902770996094, 179.01441955566406)","(-1.930131196975708, 1.1892318725585938, -33.0551872253418)","(359.9449462890625, 233.81240844726562, 359.9261169433594)","(-2.202932834625244, -0.041318461298942566, -32.903350830078125)","(359.9080505371094, 176.7269744873047, 0.006081819999963045)",0.0,0.0289,"(-0.003330, -0.000116, 0.072676)",LeftFalse_RightFalse,False,"(1.8905292749404907, -0.06649935245513916, 38.40487289428711)","(356.68634033203125, 352.0158996582031, 355.76904296875)",-0.49621,-1.0,"(0.000019, -0.000004, -0.000005)",LeftFalse_RightFalse
63.942993,0.020044,"(-1.5068559646606445, 0.8833702802658081, -33.63695526123047)","(357.47454833984375, 352.18701171875, 179.01431274414062)","(-1.9303151369094849, 1.1892250776290894, -33.050968170166016)","(359.9449462890625, 233.80892944335938, 359.9261474609375)","(-2.2031259536743164, -0.04132518544793129, -32.89915084838867)","(359.9080810546875, 176.7235107421875, 0.006084590218961239)",0.0,0.0289,"(-0.003310, -0.000116, 0.071888)",LeftFalse_RightFalse,False,"(1.8905305862426758, -0.06649938225746155, 38.40487289428711)","(356.68634033203125, 352.015869140625, 355.76904296875)",-0.49621,-1.0,"(0.000019, -0.000004, -0.000005)",LeftFalse_RightFalse
64.002563,0.019925,"(-1.5070405006408691, 0.8833650946617126, -33.63270950317383)","(357.47467041015625, 352.1831970214844, 179.0142364501953)","(-1.9305081367492676, 1.1892186403274536, -33.046730041503906)","(359.9448547363281, 233.80810546875, 359.926025390625)","(-2.2033212184906006, -0.04133199155330658, -32.89491653442383)","(359.907958984375, 176.72268676757812, 0.0060963099822402)",0.0,0.0289,"(-0.003266, -0.000116, 0.070635)",LeftFalse_RightFalse,False,"(1.8905320167541504, -0.06649941205978394, 38.40487289428711)","(356.68634033203125, 352.0158386230469, 355.76904296875)",-0.496211,-1.0,"(0.000019, -0.000004, -0.000005)",LeftFalse_RightFalse
64.043091,0.02004,"(-1.5071642398834229, 0.8833606243133545, -33.62981414794922)","(357.4747009277344, 352.18035888671875, 179.0142059326172)","(-1.9306397438049316, 1.1892139911651611, -33.04383850097656)","(359.9448547363281, 233.80731201171875, 359.926025390625)","(-2.2034549713134766, -0.04133673384785652, -32.89202880859375)","(359.9079284667969, 176.72189331054688, 0.00609801197424531)",0.0,0.0289,"(-0.003261, -0.000114, 0.070469)",LeftFalse_RightFalse,False,"(1.8905330896377563, -0.06649944186210632, 38.40487289428711)","(356.68634033203125, 352.01580810546875, 355.76904296875)",-0.49621,-1.0,"(0.000019, -0.000003, -0.000005)",LeftFalse_RightFalse
64.10144,0.019678,"(-1.5073325634002686, 0.8833543658256531, -33.625648498535156)","(357.4747314453125, 352.1795959472656, 179.01199340820312)","(-1.9308263063430786, 1.1892074346542358, -33.0396842956543)","(359.94482421875, 233.8055419921875, 359.9259948730469)","(-2.203646183013916, -0.04134349524974823, -32.88788604736328)","(359.90789794921875, 176.72012329101562, 0.0060991887003183365)",0.0,0.0289,"(-0.003314, -0.000119, 0.071846)",LeftFalse_RightFalse,False,"(1.8905342817306519, -0.06649923324584961, 38.40487289428711)","(356.68634033203125, 352.0157775878906, 355.76904296875)",-0.496211,-1.0,"(0.000019, -0.000004, -0.000005)",LeftFalse_RightFalse
64.159302,0.01943,"(-1.507491111755371, 0.8833481073379517, -33.621498107910156)","(357.4747619628906, 352.17767333984375, 179.01405334472656)","(-1.9310100078582764, 1.189200758934021, -33.035552978515625)","(359.94482421875, 233.80307006835938, 359.92596435546875)","(-2.203836441040039, -0.041350096464157104, -32.883766174316406)","(359.9078674316406, 176.71766662597656, 0.006097713019698858)",0.0,0.0289,"(-0.003308, -0.000116, 0.071712)",LeftFalse_RightFalse,False,"(1.8905357122421265, -0.06649914383888245, 38.40487289428711)","(356.68634033203125, 352.0157165527344, 355.7690734863281)",-0.496203,-1.0,"(0.000018, -0.000003, -0.000005)",LeftFalse_RightFalse
64.202759,0.020336,"(-1.5076134204864502, 0.883342981338501, -33.618370056152344)","(357.4747619628906, 352.1763000488281, 179.01492309570312)","(-1.9311490058898926, 1.1891955137252808, -33.03243637084961)","(359.9447937011719, 233.80145263671875, 359.92596435546875)","(-2.203979730606079, -0.04135531559586525, -32.88065719604492)","(359.9078369140625, 176.71604919433594, 0.006100357510149479)",0.0,0.0289,"(-0.003254, -0.000111, 0.070007)",LeftFalse_RightFalse,False,"(1.8905367851257324, -0.06649905443191528, 38.40487289428711)","(356.68634033203125, 352.0157165527344, 355.7690734863281)",-0.496213,-1.0,"(0.000019, -0.000004, -0.000005)",LeftFalse_RightFalse
64.250488,0.021628,"(-1.5077520608901978, 0.8833389282226562, -33.614967346191406)","(357.474853515625, 352.1750183105469, 179.0155029296875)","(-1.9313021898269653, 1.1891905069351196, -33.0290412902832)","(359.9447326660156, 233.80001831054688, 359.9258728027344)","(-2.204136848449707, -0.04136061668395996, -32.87727355957031)","(359.9077453613281, 176.714599609375, 0.006111122667789459)",0.0,0.0289,"(-0.003304, -0.000116, 0.071489)",LeftFalse_RightFalse,False,"(1.890537977218628, -0.06649903953075409, 38.40487289428711)","(356.68634033203125, 352.01568603515625, 355.7690734863281)",-0.49621,-1.0,"(0.000019, -0.000003, -0.000005)",LeftFalse_RightFalse
64.293335,0.021559,"(-1.507876992225647, 0.8833341598510742, -33.61189270019531)","(357.4748840332031, 352.17376708984375, 179.01580810546875)","(-1.9314403533935547, 1.189185619354248, -33.02598190307617)","(359.9447326660156, 233.7987060546875, 359.9258728027344)","(-2.2042784690856934, -0.04136553406715393, -32.87421798706055)","(359.9077453613281, 176.7133026123047, 0.006112203933298588)",0.0,0.0289,"(-0.003262, -0.000112, 0.070078)",LeftFalse_RightFalse,False,"(1.8905390501022339, -0.0664990246295929, 38.40487289428711)","(356.68634033203125, 352.0156555175781, 355.7690734863281)",-0.496211,-1.0,"(0.000019, -0.000004, -0.000005)",LeftFalse_RightFalse
64.334839,0.021247,"(-1.508001446723938, 0.8833307027816772, -33.60894012451172)","(357.4749755859375, 352.17291259765625, 179.01597595214844)","(-1.9315743446350098, 1.1891812086105347, -33.023033142089844)","(359.9446716308594, 233.79779052734375, 359.92578125)","(-2.2044148445129395, -0.041370220482349396, -32.87127685546875)","(359.90765380859375, 176.71237182617188, 0.006120302714407444)",0.0,0.0289,"(-0.003326, -0.000117, 0.071780)",LeftFalse_RightFalse,False,"(1.8905401229858398, -0.0664990246295929, 38.40487289428711)","(356.68634033203125, 352.015625, 355.7690734863281)",-0.496211,-1.0,"(0.000019, -0.000003, -0.000005)",LeftFalse_RightFalse
64.375488,0.02089,"(-1.508113980293274, 0.8833282589912415, -33.606075286865234)","(357.47515869140625, 352.17138671875, 179.01605224609375)","(-1.9317026138305664, 1.1891769170761108, -33.020179748535156)","(359.9445495605469, 233.7962646484375, 359.9256591796875)","(-2.20454740524292, -0.04137490317225456, -32.86843490600586)","(359.907470703125, 176.71083068847656, 0.00613631634041667)",0.0,0.0289,"(-0.003225, -0.000112, 0.068860)",LeftFalse_RightFalse,False,"(1.8905409574508667, -0.06649899482727051, 38.40487289428711)","(356.6863708496094, 352.015625, 355.7690734863281)",-0.496211,-1.0,"(0.000019, -0.000004, -0.000005)",LeftFalse_RightFalse
64.419067,0.0212,"(-1.5082443952560425, 0.8833249807357788, -33.60300827026367)","(357.47528076171875, 352.1705017089844, 179.01609802246094)","(-1.931842565536499, 1.1891722679138184, -33.01711654663086)","(359.9444885253906, 233.79531860351562, 359.925537109375)","(-2.2046899795532227, -0.0413799025118351, -32.865379333496094)","(359.9073181152344, 176.70989990234375, 0.0061480384320020676)",0.0,0.0289,"(-0.003280, -0.000115, 0.070326)",LeftFalse_RightFalse,False,"(1.8905420303344727, -0.06649894267320633, 38.40487289428711)","(356.6863708496094, 352.0155944824219, 355.7690734863281)",-0.496209,-1.0,"(0.000019, -0.000003, -0.000005)",LeftFalse_RightFalse
64.461304,0.021128,"(-1.5083577632904053, 0.8833184242248535, -33.599979400634766)","(357.47515869140625, 352.1684265136719, 179.01617431640625)","(-1.9319770336151123, 1.1891670227050781, -33.014102935791016)","(359.9445495605469, 233.79324340820312, 359.9256591796875)","(-2.204829692840576, -0.04138483107089996, -32.86237335205078)","(359.9074401855469, 176.70782470703125, 0.006135297007858753)",0.0,0.0289,"(-0.003299, -0.000116, 0.070988)",LeftFalse_RightFalse,False,"(1.8905431032180786, -0.0664987862110138, 38.40487289428711)","(356.6863708496094, 352.01556396484375, 355.7690734863281)",-0.496211,-1.0,"(0.000019, -0.000003, -0.000005)",LeftFalse_RightFalse
64.501709,0.020801,"(-1.5084774494171143, 0.8833118677139282, -33.59706497192383)","(357.4750061035156, 352.16729736328125, 179.01449584960938)","(-1.9321084022521973, 1.1891621351242065, -33.011199951171875)","(359.9446716308594, 233.7921142578125, 359.92578125)","(-2.2049639225006104, -0.04138939082622528, -32.85947036743164)","(359.9076232910156, 176.7067108154297, 0.006115932483226061)",0.0,0.0289,"(-0.003293, -0.000113, 0.070988)",LeftFalse_RightFalse,False,"(1.890544056892395, -0.0664987862110138, 38.40487289428711)","(356.6863708496094, 352.0155334472656, 355.7690734863281)",-0.496211,-1.0,"(0.000019, -0.000004, -0.000005)",LeftFalse_RightFalse
64.542847,0.020719,"(-1.5085992813110352, 0.8833082318305969, -33.594139099121094)","(357.4750671386719, 352.1662292480469, 179.0157012939453)","(-1.9322410821914673, 1.1891577243804932, -33.00828170776367)","(359.9446105957031, 233.79104614257812, 359.92572021484375)","(-2.205099582672119, -0.041394010186195374, -32.85655975341797)","(359.90753173828125, 176.70562744140625, 0.006127442233264446)",0.0,0.0289,"(-0.003354, -0.000117, 0.072434)",LeftFalse_RightFalse,False,"(1.8905450105667114, -0.06649881601333618, 38.40487289428711)","(356.6863708496094, 352.0155029296875, 355.7690734863281)",-0.496212,-1.0,"(0.000019, -0.000007, -0.000005)",LeftFalse_RightFalse
64.599487,0.019714,"(-1.508751392364502, 0.883301854133606, -33.59008026123047)","(357.47509765625, 352.1685485839844, 179.01669311523438)","(-1.9324209690093994, 1.1891511678695679, -33.00424575805664)","(359.9446105957031, 233.78834533691406, 359.9256896972656)","(-2.205286741256714, -0.04140058159828186, -32.852535247802734)","(359.90753173828125, 176.7029266357422, 0.006131461355835199)",0.0,0.0289,"(-0.003309, -0.000114, 0.071025)",LeftFalse_RightFalse,False,"(1.8905463218688965, -0.06649895757436752, 38.40487289428711)","(356.6863708496094, 352.0154724121094, 355.7690734863281)",-0.496211,-1.0,"(0.000019, -0.000005, -0.000005)",LeftFalse_RightFalse
64.658081,0.019733,"(-1.5089168548583984, 0.8832957148551941, -33.58589553833008)","(357.4751281738281, 352.16461181640625, 179.01722717285156)","(-1.932608962059021, 1.1891446113586426, -33.00007629394531)","(359.944580078125, 233.78614807128906, 359.9256591796875)","(-2.2054805755615234, -0.041407227516174316, -32.8483772277832)","(359.907470703125, 176.7007293701172, 0.0061380257830023766)",0.0,0.0289,"(-0.003296, -0.000113, 0.070533)",LeftFalse_RightFalse,False,"(1.890547752380371, -0.0664990246295929, 38.40487289428711)","(356.6863708496094, 352.01544189453125, 355.7690734863281)",-0.496213,-1.0,"(0.000019, -0.000004, -0.000005)",LeftFalse_RightFalse
64.702881,0.020619,"(-1.5090560913085938, 0.8832896947860718, -33.58268737792969)","(357.4750671386719, 352.1643371582031, 179.0150604248047)","(-1.9327555894851685, 1.1891392469406128, -32.99687194824219)","(359.9446105957031, 233.78543090820312, 359.92572021484375)","(-2.2056291103363037, -0.04141239449381828, -32.845176696777344)","(359.90753173828125, 176.6999969482422, 0.006131371948868036)",0.0,0.0289,"(-0.003322, -0.000113, 0.071336)",LeftFalse_RightFalse,False,"(1.890548825263977, -0.0664990246295929, 38.404869079589844)","(356.6863708496094, 352.0154113769531, 355.7690734863281)",-0.496212,-1.0,"(0.000019, -0.000004, -0.000005)",LeftFalse_RightFalse
64.744629,0.020691,"(-1.5091874599456787, 0.8832843899726868, -33.57968521118164)","(357.47503662109375, 352.1660461425781, 179.0117645263672)","(-1.9328933954238892, 1.1891343593597412, -32.99387741088867)","(359.94464111328125, 233.7847900390625, 359.9257507324219)","(-2.205768585205078, -0.0414172001183033, -32.84218215942383)","(359.9075927734375, 176.69937133789062, 0.006128354929387569)",0.0,0.0289,"(-0.003327, -0.000113, 0.071388)",LeftFalse_RightFalse,False,"(1.890549898147583, -0.06649886071681976, 38.40487289428711)","(356.6863708496094, 352.0154113769531, 355.7690734863281)",-0.496211,-1.0,"(0.000019, -0.000002, -0.000005)",LeftFalse_RightFalse
64.785645,0.02059,"(-1.5093061923980713, 0.8832789659500122, -33.57672119140625)","(357.4749755859375, 352.16552734375, 179.0136260986328)","(-1.9330267906188965, 1.1891295909881592, -32.99092102050781)","(359.9446716308594, 233.78335571289062, 359.9258117675781)","(-2.2059056758880615, -0.04142182692885399, -32.8392333984375)","(359.90765380859375, 176.69793701171875, 0.006122106686234474)",0.0,0.0289,"(-0.003304, -0.000114, 0.070772)",LeftFalse_RightFalse,False,"(1.8905507326126099, -0.0664987862110138, 38.404869079589844)","(356.6863708496094, 352.015380859375, 355.76910400390625)",-0.496213,-1.0,"(0.000019, -0.000005, -0.000005)",LeftFalse_RightFalse
64.826538,0.020561,"(-1.5094335079193115, 0.8832756280899048, -33.57379150390625)","(357.4750671386719, 352.1654357910156, 179.01028442382812)","(-1.9331610202789307, 1.1891250610351562, -32.987998962402344)","(359.9446105957031, 233.78265380859375, 359.92572021484375)","(-2.2060418128967285, -0.04142652451992035, -32.8363151550293)","(359.90753173828125, 176.69725036621094, 0.0061320154927670956)",0.0,0.0289,"(-0.003379, -0.000118, 0.072758)",LeftFalse_RightFalse,False,"(1.8905516862869263, -0.06649882346391678, 38.40487289428711)","(356.6863708496094, 352.0153503417969, 355.7690734863281)",-0.496212,-1.0,"(0.000019, -0.000004, -0.000005)",LeftFalse_RightFalse
64.869873,0.020898,"(-1.5095670223236084, 0.883271336555481, -33.570682525634766)","(357.4751281738281, 352.16278076171875, 179.0137481689453)","(-1.9333032369613647, 1.1891202926635742, -32.984893798828125)","(359.944580078125, 233.7818145751953, 359.9256591796875)","(-2.206186294555664, -0.041431546211242676, -32.83321762084961)","(359.907470703125, 176.69639587402344, 0.006136764772236347)",0.0,0.0289,"(-0.003319, -0.000114, 0.071054)",LeftFalse_RightFalse,False,"(1.8905527591705322, -0.06649884581565857, 38.40487289428711)","(356.6863708496094, 352.01531982421875, 355.7690734863281)",-0.496211,-1.0,"(0.000019, -0.000004, -0.000005)",LeftFalse_RightFalse
64.929932,0.020486,"(-1.5097429752349854, 0.8832657337188721, -33.56637954711914)","(357.4752197265625, 352.1571350097656, 179.0142822265625)","(-1.9334977865219116, 1.1891136169433594, -32.9806022644043)","(359.94451904296875, 233.78001403808594, 359.92559814453125)","(-2.206385612487793, -0.04143848642706871, -32.82893753051758)","(359.9073791503906, 176.69459533691406, 0.006142063532024622)",0.0,0.0289,"(-0.003278, -0.000114, 0.069998)",LeftFalse_RightFalse,False,"(1.8905541896820068, -0.06649898737668991, 38.40487289428711)","(356.6863708496094, 352.0152893066406, 355.7690734863281)",-0.49621,-1.0,"(0.000019, -0.000006, -0.000005)",LeftFalse_RightFalse
64.98877,0.020115,"(-1.5098975896835327, 0.8832598328590393, -33.56216049194336)","(357.4753112792969, 352.1544494628906, 179.01165771484375)","(-1.9336848258972168, 1.189107060432434, -32.97640609741211)","(359.9444580078125, 233.77682495117188, 359.925537109375)","(-2.2065811157226562, -0.04144526645541191, -32.82475662231445)","(359.9073181152344, 176.69140625, 0.006148289889097214)",0.0,0.0289,"(-0.003308, -0.000115, 0.070629)",LeftFalse_RightFalse,False,"(1.8905556201934814, -0.0664990171790123, 38.40487289428711)","(356.6863708496094, 352.0152587890625, 355.76910400390625)",-0.496212,-1.0,"(0.000018, -0.000001, -0.000005)",LeftFalse_RightFalse
65.049683,0.020361,"(-1.5100656747817993, 0.8832548260688782, -33.55782699584961)","(357.4754638671875, 352.1507263183594, 179.01043701171875)","(-1.9338794946670532, 1.1891003847122192, -32.97209167480469)","(359.9443664550781, 233.77420043945312, 359.9254150390625)","(-2.206782817840576, -0.04145226255059242, -32.820457458496094)","(359.9071350097656, 176.6887969970703, 0.006163639482110739)",0.0,0.0289,"(-0.003371, -0.000118, 0.072188)",LeftFalse_RightFalse,False,"(1.890557050704956, -0.06649882346391678, 38.40487289428711)","(356.6863708496094, 352.0152282714844, 355.76910400390625)",-0.496212,-1.0,"(0.000019, -0.000001, -0.000005)",LeftFalse_RightFalse
65.092529,0.020714,"(-1.5102002620697021, 0.8832479119300842, -33.55473709106445)","(357.4753112792969, 352.1495666503906, 179.0100555419922)","(-1.9340217113494873, 1.1890950202941895, -32.96900939941406)","(359.9444580078125, 233.7734832763672, 359.9255065917969)","(-2.2069268226623535, -0.04145728796720505, -32.81737518310547)","(359.90728759765625, 176.6880645751953, 0.006149310618638992)",0.0,0.0289,"(-0.003393, -0.000118, 0.072943)",LeftFalse_RightFalse,False,"(1.890558123588562, -0.06649868190288544, 38.40487289428711)","(356.6863708496094, 352.01519775390625, 355.76910400390625)",-0.496212,-1.0,"(0.000019, -0.000002, -0.000005)",LeftFalse_RightFalse
65.151001,0.020077,"(-1.5103673934936523, 0.8832447528839111, -33.550601959228516)","(357.4755859375, 352.1472473144531, 179.01319885253906)","(-1.9342091083526611, 1.1890891790390015, -32.96488571166992)","(359.9443054199219, 233.77151489257812, 359.92529296875)","(-2.2071197032928467, -0.041463904082775116, -32.81326675415039)","(359.9070129394531, 176.6860809326172, 0.0061761182732880116)",0.0,0.0289,"(-0.003326, -0.000115, 0.070717)",LeftFalse_RightFalse,False,"(1.890559434890747, -0.06649856269359589, 38.40487289428711)","(356.6863708496094, 352.0151672363281, 355.76910400390625)",-0.496208,-1.0,"(0.000019, -0.000002, -0.000005)",LeftFalse_RightFalse
65.20874,0.019637,"(-1.5105396509170532, 0.883234977722168, -33.546424865722656)","(357.475341796875, 352.14532470703125, 179.01649475097656)","(-1.9343990087509155, 1.1890817880630493, -32.960723876953125)","(359.9444580078125, 233.76974487304688, 359.9255065917969)","(-2.2073140144348145, -0.041470639407634735, -32.80910873413086)","(359.9072570800781, 176.68434143066406, 0.006151512265205383)",0.0,0.0289,"(-0.003378, -0.000115, 0.072440)",LeftFalse_RightFalse,False,"(1.8905609846115112, -0.0664985403418541, 38.40487289428711)","(356.6863708496094, 352.01513671875, 355.76910400390625)",-0.496214,-1.0,"(0.000019, -0.000003, -0.000005)",LeftFalse_RightFalse
65.253296,0.020574,"(-1.5106676816940308, 0.8832307457923889, -33.54323196411133)","(357.47540283203125, 352.1437072753906, 179.01809692382812)","(-1.9345431327819824, 1.1890769004821777, -32.957542419433594)","(359.94439697265625, 233.76821899414062, 359.9254455566406)","(-2.2074623107910156, -0.04147569090127945, -32.80593490600586)","(359.9071960449219, 176.6827850341797, 0.0061609758995473385)",0.0,0.0289,"(-0.003329, -0.000114, 0.070829)",LeftFalse_RightFalse,False,"(1.8905619382858276, -0.0664985328912735, 38.40487289428711)","(356.6863708496094, 352.0151062011719, 355.76910400390625)",-0.496211,-1.0,"(0.000019, -0.000004, -0.000005)",LeftFalse_RightFalse
65.312012,0.02009,"(-1.5108482837677002, 0.8832247853279114, -33.539031982421875)","(357.4754638671875, 352.1424255371094, 179.01925659179688)","(-1.9347363710403442, 1.189070224761963, -32.95335006713867)","(359.9443664550781, 233.7669677734375, 359.9253845214844)","(-2.2076590061187744, -0.04148239642381668, -32.80175018310547)","(359.9071350097656, 176.68154907226562, 0.006167596206068993)",0.0,0.0289,"(-0.003378, -0.000117, 0.072093)",LeftFalse_RightFalse,False,"(1.8905632495880127, -0.06649862229824066, 38.40487289428711)","(356.6863708496094, 352.01507568359375, 355.76910400390625)",-0.496211,-1.0,"(0.000019, -0.000005, -0.000005)",LeftFalse_RightFalse
65.370483,0.019803,"(-1.511017918586731, 0.8832200169563293, -33.53486251831055)","(357.47564697265625, 352.1404113769531, 179.0198516845703)","(-1.9349262714385986, 1.1890637874603271, -32.94919204711914)","(359.9442443847656, 233.76498413085938, 359.9252624511719)","(-2.2078542709350586, -0.04148925840854645, -32.797607421875)","(359.906982421875, 176.6795654296875, 0.00618407130241394)",0.0,0.0289,"(-0.003351, -0.000115, 0.071187)",LeftFalse_RightFalse,False,"(1.8905646800994873, -0.06649867445230484, 38.40487289428711)","(356.6863708496094, 352.0150451660156, 355.76910400390625)",-0.49621,-1.0,"(0.000019, -0.000004, -0.000005)",LeftFalse_RightFalse
65.410889,0.020023,"(-1.5111241340637207, 0.8832141160964966, -33.531944274902344)","(357.47552490234375, 352.1380615234375, 179.02011108398438)","(-1.935056209564209, 1.1890588998794556, -32.946292877197266)","(359.9443359375, 233.7626495361328, 359.92535400390625)","(-2.2079901695251465, -0.04149385541677475, -32.794715881347656)","(359.9070739746094, 176.67724609375, 0.006172580178827047)",0.0,0.0289,"(-0.003361, -0.000114, 0.071579)",LeftFalse_RightFalse,False,"(1.8905657529830933, -0.06649869680404663, 38.40487289428711)","(356.6863708496094, 352.0150146484375, 355.76910400390625)",-0.49621,-1.0,"(0.000019, -0.000004, -0.000005)",LeftFalse_RightFalse
65.451904,0.020177,"(-1.5112534761428833, 0.8832095265388489, -33.52901077270508)","(357.4755554199219, 352.1374206542969, 179.01626586914062)","(-1.9351919889450073, 1.1890543699264526, -32.943363189697266)","(359.9443359375, 233.76202392578125, 359.92535400390625)","(-2.208127737045288, -0.041498541831970215, -32.79179000854492)","(359.9070739746094, 176.67660522460938, 0.006170929875224829)",0.0,0.0289,"(-0.003298, -0.000110, 0.069740)",LeftFalse_RightFalse,False,"(1.8905665874481201, -0.06649864464998245, 38.40487289428711)","(356.6863708496094, 352.0149841308594, 355.76910400390625)",-0.496212,-1.0,"(0.000019, -0.000004, -0.000005)",LeftFalse_RightFalse
65.511353,0.019962,"(-1.5114262104034424, 0.8832055330276489, -33.52479934692383)","(357.47576904296875, 352.1354675292969, 179.01304626464844)","(-1.9353843927383423, 1.1890480518341064, -32.93916702270508)","(359.9441833496094, 233.7600860595703, 359.9251708984375)","(-2.2083253860473633, -0.041505277156829834, -32.78760528564453)","(359.9068603515625, 176.67466735839844, 0.006191513035446405)",0.0,0.0289,"(-0.003362, -0.000116, 0.071462)",LeftFalse_RightFalse,False,"(1.8905680179595947, -0.0664985328912735, 38.404869079589844)","(356.6863708496094, 352.01495361328125, 355.76910400390625)",-0.49621,-1.0,"(0.000019, -0.000003, -0.000005)",LeftFalse_RightFalse
65.569946,0.019698,"(-1.5116117000579834, 0.8831969499588013, -33.52058029174805)","(357.4756164550781, 352.134521484375, 179.01144409179688)","(-1.9355798959732056, 1.189041018486023, -32.93495559692383)","(359.94427490234375, 233.75912475585938, 359.9252624511719)","(-2.2085232734680176, -0.04151212424039841, -32.78339767456055)","(359.906982421875, 176.6737060546875, 0.0061786421574652195)",0.0,0.0289,"(-0.003309, -0.000113, 0.069913)",LeftFalse_RightFalse,False,"(1.8905695676803589, -0.06649851053953171, 38.40487289428711)","(356.6863708496094, 352.0149230957031, 355.7691345214844)",-0.49621,-1.0,"(0.000019, -0.000003, -0.000005)",LeftFalse_RightFalse
65.62854,0.019651,"(-1.5117887258529663, 0.8831911087036133, -33.516387939453125)","(357.4757080078125, 352.13299560546875, 179.01315307617188)","(-1.9357725381851196, 1.1890342235565186, -32.9307746887207)","(359.9442138671875, 233.75759887695312, 359.92523193359375)","(-2.2087199687957764, -0.041518934071063995, -32.77922439575195)","(359.90692138671875, 176.6721954345703, 0.006185236852616072)",0.0,0.0289,"(-0.003350, -0.000114, 0.070982)",LeftFalse_RightFalse,False,"(1.890570878982544, -0.06649861484766006, 38.40487289428711)","(356.6863708496094, 352.014892578125, 355.7691345214844)",-0.496212,-1.0,"(0.000019, -0.000005, -0.000005)",LeftFalse_RightFalse
65.687378,0.019567,"(-1.5119656324386597, 0.8831854462623596, -33.51220703125)","(357.47576904296875, 352.1314392089844, 179.01263427734375)","(-1.9359652996063232, 1.1890277862548828, -32.92660140991211)","(359.9441833496094, 233.75604248046875, 359.9251403808594)","(-2.2089169025421143, -0.04152568057179451, -32.775062561035156)","(359.9068298339844, 176.67062377929688, 0.006192245054990053)",0.0,0.0289,"(-0.003352, -0.000114, 0.070998)",LeftFalse_RightFalse,False,"(1.8905723094940186, -0.06649869680404663, 38.40487289428711)","(356.6863708496094, 352.0148620605469, 355.7691345214844)",-0.496212,-1.0,"(0.000019, -0.000005, -0.000005)",LeftFalse_RightFalse
65.745483,0.019429,"(-1.5121397972106934, 0.8831766247749329, -33.50800704956055)","(357.4756164550781, 352.1296691894531, 179.01426696777344)","(-1.936157464981079, 1.1890207529067993, -32.92241668701172)","(359.94427490234375, 233.7542724609375, 359.92529296875)","(-2.209113597869873, -0.041532255709171295, -32.77088165283203)","(359.9070129394531, 176.6688690185547, 0.006176203489303589)",0.0,0.0289,"(-0.003382, -0.000115, 0.071838)",LeftFalse_RightFalse,False,"(1.8905736207962036, -0.06649872660636902, 38.40487289428711)","(356.6863708496094, 352.01483154296875, 355.7691345214844)",-0.49621,-1.0,"(0.000019, -0.000004, -0.000005)",LeftFalse_RightFalse
65.804688,0.0197,"(-1.5123329162597656, 0.8831709623336792, -33.5037727355957)","(357.4756774902344, 352.1291809082031, 179.0188751220703)","(-1.9363553524017334, 1.1890140771865845, -32.91818618774414)","(359.9442443847656, 233.75379943847656, 359.92523193359375)","(-2.209312915802002, -0.0415390320122242, -32.76665496826172)","(359.90692138671875, 176.6683807373047, 0.006182539276778698)",0.0,0.0289,"(-0.003393, -0.000115, 0.072033)",LeftFalse_RightFalse,False,"(1.8905751705169678, -0.06649874150753021, 38.404876708984375)","(356.6863708496094, 352.0148010253906, 355.7691345214844)",-0.496211,-1.0,"(0.000019, -0.000004, -0.000005)",LeftFalse_RightFalse
65.845581,0.019942,"(-1.5124585628509521, 0.8831667304039001, -33.50082778930664)","(357.4757080078125, 352.1282043457031, 179.02066040039062)","(-1.9364910125732422, 1.189009666442871, -32.915252685546875)","(359.9442138671875, 233.75283813476562, 359.9252014160156)","(-2.2094509601593018, -0.041543636471033096, -32.76372528076172)","(359.9068908691406, 176.66741943359375, 0.0061855558305978775)",0.0,0.0289,"(-0.003388, -0.000116, 0.071879)",LeftFalse_RightFalse,False,"(1.890575885772705, -0.06649871170520782, 38.40487289428711)","(356.6863708496094, 352.0147705078125, 355.76910400390625)",-0.496212,-1.0,"(0.000021, -0.000001, 0.000005)",LeftFalse_RightFalse
65.88623,0.020073,"(-1.5125683546066284, 0.8831631541252136, -33.497920989990234)","(357.4757995605469, 352.12615966796875, 179.02175903320312)","(-1.9366220235824585, 1.1890052556991577, -32.912357330322266)","(359.94415283203125, 233.75076293945312, 359.9251403808594)","(-2.209587574005127, -0.041548267006874084, -32.760841369628906)","(359.90679931640625, 176.66534423828125, 0.006192450877279043)",0.0,0.0289,"(-0.003439, -0.000118, 0.073240)",LeftFalse_RightFalse,False,"(1.8905748128890991, -0.06649783998727798, 38.40487289428711)","(356.6862487792969, 352.0147399902344, 355.7686767578125)",-0.496294,-1.0,"(0.000035, 0.000028, 0.000008)",LeftFalse_RightFalse
65.943359,0.019533,"(-1.5127482414245605, 0.8831564784049988, -33.493804931640625)","(357.4757995605469, 352.1251220703125, 179.02044677734375)","(-1.936812400817871, 1.1889985799789429, -32.90824890136719)","(359.94415283203125, 233.74974060058594, 359.9251403808594)","(-2.209780693054199, -0.04155496507883072, -32.75674057006836)","(359.90679931640625, 176.66433715820312, 0.006194517947733402)",0.0,0.0289,"(-0.003425, -0.000117, 0.072767)",LeftFalse_RightFalse,False,"(1.8905725479125977, -0.06649518758058548, 38.40487289428711)","(356.6861267089844, 352.0146789550781, 355.7679138183594)",-0.496262,-1.0,"(0.000027, 0.000026, -0.000003)",LeftFalse_RightFalse
65.998535,0.018996,"(-1.5128912925720215, 0.8831499814987183, -33.48979568481445)","(357.4757995605469, 352.1217346191406, 179.01663208007812)","(-1.9369900226593018, 1.1889921426773071, -32.904266357421875)","(359.94415283203125, 233.746337890625, 359.9251403808594)","(-2.2099673748016357, -0.041561342775821686, -32.75277328491211)","(359.90679931640625, 176.66091918945312, 0.006192378234118223)",0.0,0.0289,"(-0.003361, -0.000116, 0.071167)",LeftFalse_RightFalse,False,"(1.890573263168335, -0.06649400293827057, 38.40487289428711)","(356.6861572265625, 352.0146484375, 355.767822265625)",-0.496149,-1.0,"(0.000017, 0.000008, -0.000006)",LeftFalse_RightFalse
66.056396,0.019152,"(-1.513044834136963, 0.8831431269645691, -33.48560333251953)","(357.4757995605469, 352.1184387207031, 179.01620483398438)","(-1.9371774196624756, 1.1889854669570923, -32.90009689331055)","(359.9441833496094, 233.7430419921875, 359.9251403808594)","(-2.2101633548736572, -0.0415680855512619, -32.748619079589844)","(359.9068298339844, 176.65762329101562, 0.006191022228449583)",0.0,0.0289,"(-0.003391, -0.000118, 0.071962)",LeftFalse_RightFalse,False,"(1.8905750513076782, -0.06649404764175415, 38.40487289428711)","(356.6861877441406, 352.0146179199219, 355.7679443359375)",-0.496203,-1.0,"(0.000012, -0.000008, -0.000006)",LeftFalse_RightFalse
66.097778,0.019688,"(-1.5131855010986328, 0.8831391930580139, -33.48265075683594)","(357.4758605957031, 352.1185302734375, 179.0145263671875)","(-1.9373170137405396, 1.1889806985855103, -32.89714431762695)","(359.9441223144531, 233.74314880371094, 359.9250793457031)","(-2.2103028297424316, -0.0415729284286499, -32.74566650390625)","(359.90673828125, 176.65771484375, 0.006198234390467405)",0.0,0.0289,"(-0.003400, -0.000116, 0.071962)",LeftFalse_RightFalse,False,"(1.8905766010284424, -0.066494420170784, 38.40487289428711)","(356.68621826171875, 352.01458740234375, 355.76806640625)",-0.496219,-1.0,"(0.000012, -0.000013, -0.000007)",LeftFalse_RightFalse
66.154297,0.01924,"(-1.513361930847168, 0.8831329941749573, -33.47859191894531)","(357.47589111328125, 352.11737060546875, 179.01318359375)","(-1.9375053644180298, 1.1889742612838745, -32.89309310913086)","(359.9441223144531, 233.74197387695312, 359.9250793457031)","(-2.21049427986145, -0.0415794812142849, -32.74162292480469)","(359.9067077636719, 176.65655517578125, 0.006200497969985008)",0.0,0.0289,"(-0.003389, -0.000115, 0.071585)",LeftFalse_RightFalse,False,"(1.8905781507492065, -0.06649501621723175, 38.40487289428711)","(356.6861877441406, 352.0145568847656, 355.7681579589844)",-0.496213,-1.0,"(0.000016, -0.000017, 0.000004)",LeftFalse_RightFalse
66.210449,0.018962,"(-1.5135188102722168, 0.8831270933151245, -33.47453689575195)","(357.4759216308594, 352.11474609375, 179.01246643066406)","(-1.937688946723938, 1.1889679431915283, -32.88905715942383)","(359.944091796875, 233.73936462402344, 359.9250183105469)","(-2.2106847763061523, -0.04158588498830795, -32.73759841918945)","(359.90667724609375, 176.65394592285156, 0.0062042949721217155)",0.0,0.0289,"(-0.003385, -0.000116, 0.071591)",LeftFalse_RightFalse,False,"(1.8905789852142334, -0.0664949044585228, 38.40487289428711)","(356.6861877441406, 352.0145263671875, 355.76806640625)",-0.496193,-1.0,"(0.000016, -0.000007, -0.000006)",LeftFalse_RightFalse
66.270996,0.019598,"(-1.5137150287628174, 0.8831208944320679, -33.47019958496094)","(357.4759826660156, 352.1141052246094, 179.01205444335938)","(-1.9378920793533325, 1.1889610290527344, -32.88472366333008)","(359.94403076171875, 233.73867797851562, 359.92498779296875)","(-2.2108898162841797, -0.041592955589294434, -32.733272552490234)","(359.9066162109375, 176.6532745361328, 0.006211159285157919)",0.0,0.0289,"(-0.003379, -0.000115, 0.071196)",LeftFalse_RightFalse,False,"(1.8905807733535767, -0.06649527698755264, 38.404876708984375)","(356.6861877441406, 352.0144958496094, 355.7681884765625)",-0.496211,-1.0,"(0.000014, -0.000009, -0.000006)",LeftFalse_RightFalse
66.328735,0.019381,"(-1.5138962268829346, 0.8831166625022888, -33.46608352661133)","(357.4761962890625, 352.113037109375, 179.01181030273438)","(-1.9380837678909302, 1.1889550685882568, -32.880615234375)","(359.94390869140625, 233.73764038085938, 359.9248352050781)","(-2.2110843658447266, -0.04159951210021973, -32.72917175292969)","(359.90643310546875, 176.65223693847656, 0.006228686776012182)",0.0,0.0289,"(-0.003410, -0.000117, 0.071920)",LeftFalse_RightFalse,False,"(1.8905813694000244, -0.06649523973464966, 38.40487289428711)","(356.6861572265625, 352.01446533203125, 355.76806640625)",-0.496228,-1.0,"(0.000019, 0.000001, -0.000005)",LeftFalse_RightFalse
66.384766,0.019058,"(-1.5140529870986938, 0.8831098079681396, -33.4620361328125)","(357.4761657714844, 352.11041259765625, 179.01174926757812)","(-1.938267469406128, 1.188948392868042, -32.8765869140625)","(359.9439392089844, 233.73500061035156, 359.9248352050781)","(-2.2112748622894287, -0.041606031358242035, -32.725154876708984)","(359.9064636230469, 176.64959716796875, 0.0062225377187132835)",0.0,0.0289,"(-0.003371, -0.000116, 0.070860)",LeftFalse_RightFalse,False,"(1.890582799911499, -0.06649528443813324, 38.40487289428711)","(356.6861877441406, 352.0144348144531, 355.76812744140625)",-0.496209,-1.0,"(0.000014, -0.000010, -0.000006)",LeftFalse_RightFalse
66.442993,0.01916,"(-1.5142102241516113, 0.8831055760383606, -33.457889556884766)","(357.4763488769531, 352.107421875, 179.0116424560547)","(-1.93845534324646, 1.1889421939849854, -32.87246322631836)","(359.9438171386719, 233.73199462890625, 359.9247131347656)","(-2.21147084236145, -0.0416126511991024, -32.72105026245117)","(359.90625, 176.64659118652344, 0.006240656599402428)",0.0,0.0289,"(-0.003389, -0.000116, 0.071154)",LeftFalse_RightFalse,False,"(1.890583872795105, -0.0664956271648407, 38.40487289428711)","(356.6861572265625, 352.014404296875, 355.7680969238281)",-0.496222,-1.0,"(0.000022, 0.000008, -0.000004)",LeftFalse_RightFalse
66.483398,0.019568,"(-1.5143465995788574, 0.8830998539924622, -33.454994201660156)","(357.47625732421875, 352.1072998046875, 179.0116424560547)","(-1.9385926723480225, 1.1889373064041138, -32.86956787109375)","(359.9438781738281, 233.73191833496094, 359.9247741699219)","(-2.211608409881592, -0.04161737486720085, -32.71815490722656)","(359.9063415527344, 176.64649963378906, 0.006231500301510096)",0.0,0.0289,"(-0.003333, -0.000114, 0.069683)",LeftFalse_RightFalse,False,"(1.8905836343765259, -0.06649515777826309, 38.404876708984375)","(356.68609619140625, 352.0143737792969, 355.7679138183594)",-0.496222,-1.0,"(0.000028, 0.000017, 0.000007)",LeftFalse_RightFalse
66.542969,0.019696,"(-1.5145299434661865, 0.8830949068069458, -33.450782775878906)","(357.4764099121094, 352.1059875488281, 179.01158142089844)","(-1.9387896060943604, 1.188930869102478, -32.86536407470703)","(359.94378662109375, 233.7305908203125, 359.9246520996094)","(-2.211808919906616, -0.04162416234612465, -32.713958740234375)","(359.90618896484375, 176.64517211914062, 0.00624528992921114)",0.0,0.0289,"(-0.003355, -0.000113, 0.070075)",LeftFalse_RightFalse,False,"(1.8905811309814453, -0.06649299710988998, 38.40487289428711)","(356.6859436035156, 352.01434326171875, 355.76715087890625)",-0.496269,-1.0,"(0.000034, 0.000035, 0.000008)",LeftFalse_RightFalse
66.60144,0.019601,"(-1.5146939754486084, 0.8830880522727966, -33.44661331176758)","(357.47637939453125, 352.1033630371094, 179.01158142089844)","(-1.9389803409576416, 1.1889241933822632, -32.8612174987793)","(359.94378662109375, 233.72796630859375, 359.9246520996094)","(-2.2120065689086914, -0.04163088649511337, -32.70982360839844)","(359.9062194824219, 176.64254760742188, 0.00624201912432909)",0.0,0.0289,"(-0.003431, -0.000117, 0.072154)",LeftFalse_RightFalse,False,"(1.890578269958496, -0.06649021059274673, 38.40487289428711)","(356.6858215332031, 352.0142822265625, 355.76629638671875)",-0.49625,-1.0,"(0.000033, 0.000038, 0.000008)",LeftFalse_RightFalse
66.661377,0.019795,"(-1.5148754119873047, 0.8830780982971191, -33.442283630371094)","(357.47613525390625, 352.0982971191406, 179.01161193847656)","(-1.939180850982666, 1.1889166831970215, -32.856903076171875)","(359.9439392089844, 233.72613525390625, 359.92486572265625)","(-2.2122116088867188, -0.041637685149908066, -32.70551300048828)","(359.9064636230469, 176.6407012939453, 0.006219831760972738)",0.0,0.0289,"(-0.003460, -0.000117, 0.073030)",LeftFalse_RightFalse,False,"(1.8905776739120483, -0.0664878711104393, 38.40487289428711)","(356.685791015625, 352.01422119140625, 355.7658996582031)",-0.496226,-1.0,"(0.000017, 0.000016, -0.000005)",LeftFalse_RightFalse
66.702759,0.020088,"(-1.514980673789978, 0.8830724954605103, -33.439273834228516)","(357.47607421875, 352.09356689453125, 179.01161193847656)","(-1.939314842224121, 1.18891179561615, -32.853912353515625)","(359.9440002441406, 233.72329711914062, 359.9248962402344)","(-2.212353229522705, -0.041642457246780396, -32.70253372192383)","(359.9065246582031, 176.63787841796875, 0.006219770293682814)",0.0,0.0289,"(-0.003415, -0.000113, 0.071685)",LeftFalse_RightFalse,False,"(1.890579104423523, -0.06648775935173035, 38.40487289428711)","(356.68585205078125, 352.01422119140625, 355.7660827636719)",-0.496135,-1.0,"(0.000007, -0.000018, 0.000002)",LeftFalse_RightFalse
