ScenarioTime,FrameRate,A VR Pos,A VR Rot,A XR Origin Pos,A XR Origin  Rot,A car Pos,A car Rot,A accel,A steering,A velocity,A indicators,A Horn Button,0 car Pos,0 car Rot,0 accel,0 steering,0 velocity,0 indicators
0.0,0.014287,"(34.872188568115234, 1.2058310508728027, 1.0326124429702759)","(18.57829475402832, 266.86370849609375, 355.52587890625)","(34.84444046020508, 0.6884920001029968, -1.0066494941711426)","(0.00019621987303253263, 192.8253936767578, -0.000864590925630182)","(34.999996185302734, -0.0039159213192760944, 1.4000000953674316)","(0.0008865773561410606, 270.0000305175781, -5.97808309521497e-07)",0.0,-0.0065,"(0.000003, -0.000022, 0.000000)",LeftFalse_RightFalse,False,"(-34.92997741699219, -0.0039156656712293625, -1.8898519277572632)","(0.0007074742461554706, 87.10427856445312, -9.054252586793154e-06)",0.0,0.0,"(-0.000002, -0.000059, 0.000000)",LeftFalse_RightFalse
0.052856,0.018486,"(34.8719482421875, 1.2055732011795044, 1.0320833921432495)","(18.809425354003906, 267.2599182128906, 355.76708984375)","(34.844486236572266, 0.6884903907775879, -1.006650686264038)","(0.00022242771228775382, 192.82516479492188, -0.0009676078916527331)","(35.00003433227539, -0.003917137626558542, 1.4000000953674316)","(0.000992841785773635, 269.9997863769531, 2.088472683681175e-06)",0.0,-0.0065,"(0.001532, -0.000021, 0.000009)",LeftFalse_RightFalse,False,"(-34.92998504638672, -0.003918112255632877, -1.8898470401763916)","(0.0007084893295541406, 87.10399627685547, -8.926609007176012e-05)",0.003115,0.63661,"(-0.000744, -0.000034, 0.000539)",LeftFalse_RightFalse
0.094238,0.019158,"(34.8712158203125, 1.205460548400879, 1.0315256118774414)","(18.97834587097168, 267.5736999511719, 355.96820068359375)","(34.844539642333984, 0.6884893178939819, -1.006650447845459)","(0.0002432656183373183, 192.8250732421875, -0.0010479209013283253)","(35.000083923339844, -0.003917881287634373, 1.4000005722045898)","(0.0010757767595350742, 269.99969482421875, 4.578558673529187e-06)",0.0,-0.0065,"(-0.000427, -0.000017, -0.000001)",LeftFalse_RightFalse,False,"(-34.930023193359375, -0.003919251263141632, -1.8898305892944336)","(0.0008047584560699761, 87.10340118408203, -0.00017644857871346176)",-0.009973,0.638986,"(-0.006200, -0.000018, 0.002222)",LeftFalse_RightFalse
0.149292,0.018763,"(34.8699836730957, 1.2053744792938232, 1.0312292575836182)","(19.023666381835938, 267.92138671875, 356.24664306640625)","(34.844478607177734, 0.6884897947311401, -1.0066500902175903)","(0.000150336985825561, 192.82530212402344, -0.0006732256733812392)","(35.000030517578125, -0.003918768372386694, 1.4000002145767212)","(0.0006898013525642455, 269.99993896484375, -2.856603032341809e-06)",0.0,-0.0065,"(-0.000155, -0.000017, -0.000002)",LeftFalse_RightFalse,False,"(-34.93008041381836, -0.003920221701264381, -1.8898080587387085)","(0.000698689604178071, 87.1024169921875, 4.7884877858450636e-05)",-0.005965,0.642083,"(0.002124, -0.000019, -0.000818)",LeftFalse_RightFalse
0.20459,0.018531,"(34.86835861206055, 1.2053265571594238, 1.0312871932983398)","(19.04613494873047, 268.4671630859375, 356.60595703125)","(34.84451675415039, 0.6884889602661133, -1.0066529512405396)","(0.00014190003275871277, 192.82424926757812, -0.0006338530802167952)","(35.000022888183594, -0.003919690847396851, 1.4000002145767212)","(0.0006495382986031473, 269.9988708496094, -2.343135292903753e-06)",0.0,-0.0065,"(0.000505, -0.000015, 0.000001)",LeftFalse_RightFalse,False,"(-34.92997360229492, -0.003921330440789461, -1.889843225479126)","(0.0004953585448674858, 87.10507202148438, 0.0002186731726396829)",0.024333,0.645152,"(0.000002, -0.000010, -0.000025)",LeftFalse_RightFalse
0.257568,0.018085,"(34.86673355102539, 1.2050386667251587, 1.0317232608795166)","(19.169031143188477, 269.00836181640625, 356.8253479003906)","(34.8444938659668, 0.6884883046150208, -1.0066512823104858)","(0.00014135290984995663, 192.8248291015625, -0.0006317332154139876)","(35.000022888183594, -0.003920380957424641, 1.4000002145767212)","(0.0006473498651757836, 269.99945068359375, -2.406006387900561e-06)",0.0,-0.0065,"(-0.000576, -0.000012, -0.000002)",LeftFalse_RightFalse,False,"(-34.929962158203125, -0.003921734634786844, -1.889847993850708)","(0.0005537709803320467, 87.10504913330078, 0.0001382922928314656)",0.000218,0.648125,"(0.000570, -0.000007, -0.000048)",LeftFalse_RightFalse
0.31189,0.018081,"(34.86573028564453, 1.2042484283447266, 1.0326175689697266)","(19.685169219970703, 269.6630859375, 356.88458251953125)","(34.8444938659668, 0.6884879469871521, -1.0066534280776978)","(0.00012431734648998827, 192.8240966796875, -0.0005630603991448879)","(34.99999237060547, -0.0039209481328725815, 1.399999976158142)","(0.0005766087560914457, 269.99871826171875, -3.7725442325609038e-06)",0.0,-0.0065,"(-0.000400, -0.000009, -0.000004)",LeftFalse_RightFalse,False,"(-34.929954528808594, -0.003921893425285816, -1.8898532390594482)","(0.0006068521179258823, 87.10454559326172, 0.0001823433703975752)",-0.012195,0.651197,"(-0.005318, 0.000004, 0.001995)",LeftFalse_RightFalse
0.365845,0.018037,"(34.865013122558594, 1.2034646272659302, 1.033599853515625)","(20.352983474731445, 270.18865966796875, 356.9260559082031)","(34.84453201293945, 0.6884870529174805, -1.0066555738449097)","(0.00015838608669582754, 192.8234405517578, -0.0007011793786659837)","(35.000003814697266, -0.003921333700418472, 1.399999737739563)","(0.0007188444724306464, 269.9980773925781, -1.213516384268587e-06)",0.0,-0.0065,"(0.000193, -0.000003, -0.000001)",LeftFalse_RightFalse,False,"(-34.930023193359375, -0.0039216927252709866, -1.889824390411377)","(0.0006952211260795593, 87.10346221923828, 6.541518814628944e-05)",-0.002167,0.654257,"(0.001273, -0.000004, -0.000535)",LeftFalse_RightFalse
0.420044,0.01802,"(34.86474609375, 1.2022203207015991, 1.0346513986587524)","(20.997364044189453, 270.5468444824219, 356.8544921875)","(34.844581604003906, 0.6884866952896118, -1.006657600402832)","(0.00017577377730049193, 192.8227081298828, -0.0007706973701715469)","(35.000022888183594, -0.003921419382095337, 1.3999998569488525)","(0.000790487858466804, 269.997314453125, 3.0872689649186214e-07)",0.0,-0.0065,"(-0.000666, 0.000000, -0.000002)",LeftFalse_RightFalse,False,"(-34.9299201965332, -0.003921935334801674, -1.88985276222229)","(0.0004422597121447325, 87.10458374023438, 0.000255032442510128)",-0.007094,0.657259,"(0.002475, -0.000006, -0.000406)",LeftFalse_RightFalse
0.475586,0.018205,"(34.86458206176758, 1.201139211654663, 1.0352418422698975)","(21.64628791809082, 270.6822509765625, 356.70751953125)","(34.84457015991211, 0.6884865760803223, -1.0066568851470947)","(0.0001794908312149346, 192.82298278808594, -0.0007826195214875042)","(35.000022888183594, -0.003921478986740112, 1.3999998569488525)","(0.0008029375458136201, 269.99761962890625, 1.2866269116784679e-06)",0.0,-0.0065,"(0.000196, -0.000001, -0.000002)",LeftFalse_RightFalse,False,"(-34.92994689941406, -0.003922028932720423, -1.8898353576660156)","(0.0007591960020363331, 87.10396575927734, -0.0002885008289013058)",-0.019647,0.66043,"(-0.000105, 0.000002, 0.000159)",LeftFalse_RightFalse
0.530151,0.018191,"(34.863887786865234, 1.2005633115768433, 1.0361665487289429)","(21.89333724975586, 270.6893005371094, 356.443359375)","(34.8444938659668, 0.6884875893592834, -1.0066564083099365)","(0.0001077840497600846, 192.82330322265625, -0.0004920153878629208)","(34.99995803833008, -0.003921525087207556, 1.3999993801116943)","(0.0005036661168560386, 269.9979248046875, -4.122776772419456e-06)",0.0,-0.0065,"(-0.000305, -0.000004, -0.000002)",LeftFalse_RightFalse,False,"(-34.92966079711914, -0.0039221905171871185, -1.8899097442626953)","(3.034729161299765e-05, 87.1075439453125, 0.0004965437692590058)",-0.013048,0.663313,"(0.012234, -0.000017, -0.003177)",LeftFalse_RightFalse
0.583252,0.017969,"(34.86271667480469, 1.2002540826797485, 1.0366361141204834)","(21.916629791259766, 270.63800048828125, 356.2237243652344)","(34.84453582763672, 0.6884869933128357, -1.0066593885421753)","(0.00013580359518527985, 192.82212829589844, -0.0006046274793334305)","(34.99995040893555, -0.00392168341204524, 1.3999994993209839)","(0.0006196884787641466, 269.99676513671875, -1.7999645933741704e-06)",0.0,-0.0065,"(0.001011, -0.000003, 0.000004)",LeftFalse_RightFalse,False,"(-34.92948532104492, -0.003922708798199892, -1.8899606466293335)","(0.00035231374204158783, 87.10964965820312, 9.055265400093049e-05)",0.000914,0.666298,"(0.000022, 0.000007, -0.000046)",LeftFalse_RightFalse
0.639404,0.018296,"(34.86098861694336, 1.200073480606079, 1.0368292331695557)","(21.960866928100586, 270.5380859375, 356.1439514160156)","(34.8446044921875, 0.6884864568710327, -1.0066626071929932)","(0.00017199150170199573, 192.8208770751953, -0.0007517569465562701)","(34.999969482421875, -0.003921687602996826, 1.3999996185302734)","(0.0007711802609264851, 269.9955139160156, 8.252692964560993e-07)",0.0,-0.0065,"(0.000264, 0.000001, 0.000001)",LeftFalse_RightFalse,False,"(-34.92947006225586, -0.003922181203961372, -1.8899706602096558)","(0.0006549434619955719, 87.11058044433594, 1.659303597989492e-05)",-0.008311,0.669435,"(0.000125, 0.000010, -0.000150)",LeftFalse_RightFalse
0.696655,0.018685,"(34.859519958496094, 1.199975609779358, 1.0365500450134277)","(22.21677589416504, 270.3913269042969, 356.2608947753906)","(34.84465789794922, 0.6884868741035461, -1.0066683292388916)","(0.00014559758710674942, 192.81887817382812, -0.0006472345557995141)","(34.99993896484375, -0.003921699710190296, 1.3999993801116943)","(0.0006634066230617464, 269.9934997558594, -1.7082505792131997e-06)",0.0,-0.0065,"(-0.000132, 0.000000, -0.000003)",LeftFalse_RightFalse,False,"(-34.92949676513672, -0.003921758849173784, -1.8899695873260498)","(0.0009144099312834442, 87.10966491699219, -0.00015998496382962912)",-0.000676,0.672677,"(-0.000805, 0.000008, -0.000079)",LeftFalse_RightFalse
0.75293,0.01871,"(34.85801696777344, 1.1988205909729004, 1.03578519821167)","(22.655811309814453, 270.253662109375, 356.4673767089844)","(34.84467697143555, 0.6884867548942566, -1.0066702365875244)","(0.00014680044841952622, 192.81822204589844, -0.0006541994516737759)","(34.99993133544922, -0.003921729978173971, 1.3999993801116943)","(0.0006704647676087916, 269.99285888671875, -2.0814900381083135e-06)",0.0,-0.0065,"(0.000199, -0.000001, 0.000002)",LeftFalse_RightFalse,False,"(-34.92949295043945, -0.003921407274901867, -1.8899755477905273)","(0.0009186933748424053, 87.11133575439453, -0.00012599924230016768)",-0.003041,0.675825,"(0.000028, 0.000003, -0.000025)",LeftFalse_RightFalse
0.809692,0.018886,"(34.85713195800781, 1.1981958150863647, 1.0349899530410767)","(23.160175323486328, 270.0693359375, 356.7256164550781)","(34.84470748901367, 0.6884866952896118, -1.0066717863082886)","(0.00016611213504802436, 192.81765747070312, -0.0007280517602339387)","(34.99993896484375, -0.003921590745449066, 1.3999992609024048)","(0.0007467615068890154, 269.9923095703125, 3.546099094364763e-07)",0.0,-0.0065,"(0.000749, 0.000002, 0.000001)",LeftFalse_RightFalse,False,"(-34.92951583862305, -0.003921359311789274, -1.8899682760238647)","(0.000990276806987822, 87.11056518554688, -0.00025288204778917134)",-1e-05,0.67905,"(-0.002331, 0.000005, 0.000720)",LeftFalse_RightFalse
0.865479,0.018738,"(34.856117248535156, 1.197867512702942, 1.0341397523880005)","(23.477937698364258, 269.8760681152344, 356.99530029296875)","(34.844757080078125, 0.6884862780570984, -1.0066720247268677)","(0.00019909749971702695, 192.8175506591797, -0.0008607690106146038)","(34.99998474121094, -0.0039215064607560635, 1.3999994993209839)","(0.0008834896143525839, 269.9921875, 3.056471769014024e-06)",0.0,-0.0065,"(0.000487, 0.000003, 0.000000)",LeftFalse_RightFalse,False,"(-34.9295539855957, -0.003921212162822485, -1.8899569511413574)","(0.0009405937162227929, 87.10905456542969, -0.00016944383969530463)",0.001194,0.682205,"(0.000108, -0.000001, -0.000050)",LeftFalse_RightFalse
0.921875,0.018757,"(34.85550308227539, 1.1976902484893799, 1.0336756706237793)","(23.797710418701172, 269.7002868652344, 357.2467346191406)","(34.844749450683594, 0.6884873509407043, -1.0066746473312378)","(0.00012512426474131644, 192.81668090820312, -0.0005673079285770655)","(34.999935150146484, -0.00392156420275569, 1.3999990224838257)","(0.0005809293943457305, 269.9913024902344, -3.928614205506165e-06)",0.0,-0.0065,"(-0.000899, -0.000002, -0.000007)",LeftFalse_RightFalse,False,"(-34.92957305908203, -0.003921228460967541, -1.8899421691894531)","(0.000961785321123898, 87.107421875, -0.00039645814104005694)",-0.008517,0.685409,"(-0.000570, -0.000003, 0.000435)",LeftFalse_RightFalse
0.979126,0.018965,"(34.85513687133789, 1.1973916292190552, 1.0330116748809814)","(23.967092514038086, 269.5694274902344, 357.4349670410156)","(34.844818115234375, 0.6884865164756775, -1.0066763162612915)","(0.0001693715457804501, 192.81578063964844, -0.000741329335141927)","(34.999969482421875, -0.003921709023416042, 1.3999992609024048)","(0.0007604311686009169, 269.99041748046875, 5.853800075783511e-07)",0.0,-0.0065,"(0.001488, -0.000001, 0.000006)",LeftFalse_RightFalse,False,"(-34.929046630859375, -0.003922147676348686, -1.8900846242904663)","(-0.0003962430637329817, 87.11467742919922, 0.0009801201522350311)",-0.004275,0.688334,"(0.008946, -0.000019, -0.001940)",LeftFalse_RightFalse
1.035522,0.018916,"(34.85480499267578, 1.1969513893127441, 1.0320807695388794)","(24.02881622314453, 269.46856689453125, 357.5858459472656)","(34.84487533569336, 0.6884865760803223, -1.0066802501678467)","(0.0001674312661634758, 192.8146209716797, -0.0007369400118477643)","(34.999977111816406, -0.003921674098819494, 1.3999991416931152)","(0.0007557207718491554, 269.9892578125, -3.3215042094525415e-07)",0.0,-0.0065,"(0.001111, -0.000001, 0.000003)",LeftFalse_RightFalse,False,"(-34.92897415161133, -0.003922459669411182, -1.890105962753296)","(0.00030126163619570434, 87.11537170410156, 0.00024247773399110883)",0.005206,0.691535,"(0.002059, 0.000005, -0.000915)",LeftFalse_RightFalse
1.09375,0.019175,"(34.854759216308594, 1.1967087984085083, 1.0311739444732666)","(24.126428604125977, 269.37701416015625, 357.7142028808594)","(34.844871520996094, 0.6884863972663879, -1.0066790580749512)","(0.00017879143706522882, 192.81507873535156, -0.0007802887703292072)","(34.99999237060547, -0.003921703435480595, 1.3999991416931152)","(0.0008005097042769194, 269.98968505859375, 1.1220108717679977e-06)",0.0,-0.0065,"(-0.001215, 0.000000, -0.000005)",LeftFalse_RightFalse,False,"(-34.928680419921875, -0.003922533243894577, -1.890194296836853)","(-5.609966319752857e-05, 87.11966705322266, 0.0006848496850579977)",-0.042838,0.694625,"(0.008300, -0.000006, -0.002232)",LeftFalse_RightFalse
1.150757,0.01905,"(34.85498046875, 1.196584939956665, 1.0305193662643433)","(24.14726448059082, 269.2747802734375, 357.8099060058594)","(34.84485626220703, 0.6884869337081909, -1.0066790580749512)","(0.00014714422286488116, 192.81483459472656, -0.0006466710474342108)","(34.99996566772461, -0.003921568393707275, 1.3999991416931152)","(0.0006632004515267909, 269.9894714355469, -7.511686561656461e-08)",0.0,-0.0065,"(-0.000984, -0.000002, -0.000003)",LeftFalse_RightFalse,False,"(-34.928409576416016, -0.003923005890101194, -1.8902602195739746)","(0.0002745863457676023, 87.12225341796875, 0.00016956061881501228)",0.052404,0.697808,"(0.000034, 0.000013, -0.000053)",LeftFalse_RightFalse
1.19104,0.019457,"(34.85506820678711, 1.1965339183807373, 1.0302531719207764)","(24.114864349365234, 269.2019348144531, 357.8598327636719)","(34.84480667114258, 0.6884869933128357, -1.0066763162612915)","(0.00013886034139432013, 192.81585693359375, -0.0006121514597907662)","(34.99995803833008, -0.003921587485820055, 1.3999990224838257)","(0.0006277032080106437, 269.990478515625, -4.896535870102525e-07)",0.0,-0.0065,"(0.000555, -0.000003, 0.000003)",LeftFalse_RightFalse,False,"(-34.92833709716797, -0.00392246525734663, -1.8902935981750488)","(0.00047678512055426836, 87.12338256835938, 0.0002702591009438038)",-0.022069,0.700001,"(0.001394, 0.000008, 0.000127)",LeftFalse_RightFalse
1.249756,0.019544,"(34.855323791503906, 1.196489930152893, 1.0294724702835083)","(23.941686630249023, 269.04168701171875, 357.9254150390625)","(34.844913482666016, 0.6884860396385193, -1.0066803693771362)","(0.00019764938042499125, 192.81454467773438, -0.0008532016072422266)","(35.00001525878906, -0.003921725321561098, 1.3999992609024048)","(0.0008757896139286458, 269.98919677734375, 3.3242399695154745e-06)",0.0,-0.0065,"(0.000977, 0.000000, 0.000002)",LeftFalse_RightFalse,False,"(-34.92830276489258, -0.003921880386769772, -1.8902982473373413)","(0.0009106482029892504, 87.12332153320312, -0.00016569055151194334)",-0.002842,0.70332,"(0.001883, 0.000009, -0.000897)",LeftFalse_RightFalse
1.307739,0.019366,"(34.855735778808594, 1.1964678764343262, 1.0290042161941528)","(23.835010528564453, 268.8922424316406, 357.99749755859375)","(34.844905853271484, 0.6884862184524536, -1.0066794157028198)","(0.00018624067888595164, 192.8148956298828, -0.0008073286153376102)","(35.000022888183594, -0.003921682946383953, 1.3999992609024048)","(0.000828528543934226, 269.9895324707031, 2.383103947067866e-06)",0.0,-0.0065,"(0.000295, 0.000001, 0.000001)",LeftFalse_RightFalse,False,"(-34.9282112121582, -0.003921570722013712, -1.8903262615203857)","(0.0010057161562144756, 87.1250991821289, -0.0002596149279270321)",0.014536,0.706548,"(0.000008, 0.000009, -0.000023)",LeftFalse_RightFalse
1.36499,0.019263,"(34.85622787475586, 1.1964565515518188, 1.0283191204071045)","(23.80579376220703, 268.7860412597656, 358.0909423828125)","(34.84490966796875, 0.688486635684967, -1.0066787004470825)","(0.0001646323362365365, 192.81494140625, -0.0007217214442789555)","(35.00002670288086, -0.003921627998352051, 1.3999992609024048)","(0.0007402603514492512, 269.98956298828125, 3.1696035307504644e-07)",0.0,-0.0065,"(-0.000770, -0.000001, -0.000002)",LeftFalse_RightFalse,False,"(-34.92826461791992, -0.0039210570976138115, -1.8903051614761353)","(0.0013322021113708615, 87.12435913085938, -0.0005750780110247433)",-0.018717,0.709849,"(-0.000088, 0.000011, 0.000084)",LeftFalse_RightFalse
1.421997,0.019211,"(34.85651779174805, 1.1964514255523682, 1.0278053283691406)","(23.806928634643555, 268.7054443359375, 358.1950378417969)","(34.84486389160156, 0.6884878873825073, -1.0066807270050049)","(7.695017848163843e-05, 192.81448364257812, -0.0003716261708177626)","(34.99995422363281, -0.003921679686754942, 1.3999989032745361)","(0.0003794360382016748, 269.9891052246094, -7.463327619916527e-06)",0.0,-0.0065,"(-0.002134, -0.000003, -0.000015)",LeftFalse_RightFalse,False,"(-34.92823791503906, -0.003920789808034897, -1.8903186321258545)","(0.0010794269619509578, 87.12470245361328, -0.00015030437498353422)",0.006287,0.712967,"(0.001595, -0.000001, -0.000742)",LeftFalse_RightFalse
1.478638,0.019043,"(34.856712341308594, 1.196447491645813, 1.0275332927703857)","(23.882658004760742, 268.60809326171875, 358.3128662109375)","(34.844879150390625, 0.6884870529174805, -1.006680965423584)","(0.00012547244841698557, 192.814208984375, -0.0005658766021952033)","(34.999961853027344, -0.003921818919479847, 1.3999989032745361)","(0.0005796109908260405, 269.98883056640625, -3.2714008284528973e-06)",0.0,-0.0065,"(0.000369, -0.000003, -0.000001)",LeftFalse_RightFalse,False,"(-34.92827606201172, -0.003920671064406633, -1.8903002738952637)","(0.0011049796594306827, 87.12358856201172, -0.00018672781880013645)",-0.023074,0.716219,"(-0.000104, 0.000006, 0.000100)",LeftFalse_RightFalse
1.534912,0.018852,"(34.857242584228516, 1.1964459419250488, 1.0272778272628784)","(23.92770004272461, 268.48956298828125, 358.375732421875)","(34.844905853271484, 0.6884872913360596, -1.0066869258880615)","(0.0001024382290779613, 192.81239318847656, -0.00047539701336063445)","(34.99991226196289, -0.003921926021575928, 1.399998426437378)","(0.000486275675939396, 269.9870300292969, -5.646270437864587e-06)",0.0,-0.0065,"(-0.001103, 0.000001, -0.000009)",LeftFalse_RightFalse,False,"(-34.92815399169922, -0.0039210510440170765, -1.8903454542160034)","(0.000633820949587971, 87.1258773803711, 0.0003248373686801642)",-0.004566,0.719235,"(0.009160, -0.000016, -0.003086)",LeftFalse_RightFalse
1.592407,0.018995,"(34.85755157470703, 1.1964447498321533, 1.0271382331848145)","(23.810213088989258, 268.4154052734375, 358.38653564453125)","(34.84493637084961, 0.6884868144989014, -1.0066895484924316)","(0.00013510619464796036, 192.81149291992188, -0.0006046670605428517)","(34.99990463256836, -0.003921914380043745, 1.3999981880187988)","(0.0006195722380653024, 269.9861145019531, -2.488757218088722e-06)",0.0,-0.0065,"(0.000865, 0.000001, 0.000005)",LeftFalse_RightFalse,False,"(-34.92805480957031, -0.0039216578006744385, -1.8903822898864746)","(0.0007555480697192252, 87.12770080566406, -8.922731649363413e-05)",0.001573,0.72248,"(0.001247, 0.000001, -0.000476)",LeftFalse_RightFalse
1.650146,0.019166,"(34.85737609863281, 1.1964439153671265, 1.0271475315093994)","(23.661333084106445, 268.45361328125, 358.41278076171875)","(34.84494400024414, 0.6884863972663879, -1.0066882371902466)","(0.00017896403733175248, 192.81175231933594, -0.0007804403430782259)","(34.99992752075195, -0.003921709023416042, 1.3999983072280884)","(0.0008006956777535379, 269.98638916015625, 1.2566637224153965e-06)",0.0,-0.0065,"(0.000948, 0.000002, 0.000003)",LeftFalse_RightFalse,False,"(-34.92770004272461, -0.003922089468687773, -1.890491247177124)","(-9.964896889869124e-05, 87.13288879394531, 0.0008087933529168367)",-0.0763,0.725454,"(0.012844, -0.000018, -0.003878)",LeftFalse_RightFalse
1.707153,0.01907,"(34.857154846191406, 1.1964432001113892, 1.0268431901931763)","(23.403873443603516, 268.51251220703125, 358.51373291015625)","(34.84502410888672, 0.6884855031967163, -1.006687879562378)","(0.0002495304506737739, 192.8118133544922, -0.0010620082030072808)","(35.0000114440918, -0.003921531140804291, 1.399998664855957)","(0.0010909033007919788, 269.9864501953125, 7.5599405136017594e-06)",0.0,-0.0065,"(0.000027, 0.000004, 0.000000)",LeftFalse_RightFalse,False,"(-34.92739486694336, -0.0039227791130542755, -1.8905613422393799)","(5.5126580264186487e-05, 87.13728332519531, 0.0004129124281462282)",0.026669,0.728667,"(0.000639, 0.000006, -0.000188)",LeftFalse_RightFalse
1.764282,0.01905,"(34.85651397705078, 1.196982979774475, 1.0266568660736084)","(22.876483917236328, 268.50238037109375, 358.5945739746094)","(34.84505844116211, 0.6884862184524536, -1.0066897869110107)","(0.00021059637947473675, 192.81105041503906, -0.000908041198272258)","(35.0000114440918, -0.003921389579772949, 1.399998664855957)","(0.000932134804315865, 269.98565673828125, 3.774967808567453e-06)",0.0,-0.0065,"(0.000635, 0.000000, 0.000004)",LeftFalse_RightFalse,False,"(-34.92730712890625, -0.003922494128346443, -1.8905839920043945)","(0.0005081868730485439, 87.13831329345703, -8.553579391445965e-05)",-0.00261,0.731846,"(0.001361, 0.000008, -0.000184)",LeftFalse_RightFalse
1.821777,0.019118,"(34.855812072753906, 1.1983106136322021, 1.0260276794433594)","(21.857702255249023, 268.302001953125, 358.7405090332031)","(34.844993591308594, 0.6884870529174805, -1.0066874027252197)","(0.00015215321036521345, 192.81199645996094, -0.0006779532413929701)","(34.99998474121094, -0.003921444993466139, 1.399998426437378)","(0.0006948140799067914, 269.98663330078125, -2.135111571988091e-06)",0.0,-0.0065,"(-0.000995, -0.000002, -0.000007)",LeftFalse_RightFalse,False,"(-34.92729568481445, -0.003921895287930965, -1.8905906677246094)","(0.0009315154165960848, 87.1385269165039, -0.00037039429298602045)",-0.002696,0.735076,"(-0.000071, 0.000010, 0.000133)",LeftFalse_RightFalse
1.881348,0.019509,"(34.8549690246582, 1.200810432434082, 1.0248432159423828)","(20.06473159790039, 267.9955139160156, 358.8919677734375)","(34.844993591308594, 0.6884868741035461, -1.0066863298416138)","(0.0001610527979210019, 192.81240844726562, -0.0007124991388991475)","(35.000003814697266, -0.003921533469110727, 1.3999985456466675)","(0.0007304737227968872, 269.9870300292969, -1.1260755172770587e-06)",0.0,-0.0065,"(-0.000864, 0.000000, -0.000006)",LeftFalse_RightFalse,False,"(-34.92713928222656, -0.003921647556126118, -1.8906352519989014)","(0.0007738078129477799, 87.14028930664062, -9.325043720309623e-06)",-0.015969,0.738364,"(-0.000592, 0.000005, 0.001004)",LeftFalse_RightFalse
1.937378,0.019101,"(34.85348892211914, 1.2047733068466187, 1.0235249996185303)","(16.771501541137695, 267.3433837890625, 358.9851989746094)","(34.84502410888672, 0.6884871125221252, -1.0066895484924316)","(0.0001411269186064601, 192.81124877929688, -0.0006302661495283246)","(34.99998474121094, -0.003921576775610447, 1.399998426437378)","(0.0006458691204898059, 269.98590087890625, -2.3007439722277923e-06)",0.0,-0.0065,"(0.001026, -0.000001, 0.000003)",LeftFalse_RightFalse,False,"(-34.92713165283203, -0.0039214519783854485, -1.8906352519989014)","(0.0009797115344554186, 87.14083099365234, -0.0002580028085503727)",0.002148,0.741493,"(0.001244, 0.000004, -0.000458)",LeftFalse_RightFalse
1.993774,0.018977,"(34.85256576538086, 1.2084957361221313, 1.0220205783843994)","(13.596879959106445, 266.6623229980469, 359.12298583984375)","(34.84510040283203, 0.6884863376617432, -1.0066912174224854)","(0.00018253916641697288, 192.8105926513672, -0.0007921129581518471)","(35.00003433227539, -0.003921614494174719, 1.399998664855957)","(0.0008128706831485033, 269.9852294921875, 2.151500211766688e-06)",0.0,-0.006409,"(0.000805, 0.000000, 0.000004)",LeftFalse_RightFalse,False,"(-34.92701721191406, -0.0039214170537889, -1.8906738758087158)","(0.0008506304584443569, 87.14259338378906, -0.00010673628275981173)",-0.015936,0.744602,"(0.000092, -0.000004, -0.000072)",LeftFalse_RightFalse
2.049927,0.018834,"(34.8524284362793, 1.211456298828125, 1.0209728479385376)","(10.908223152160645, 265.9570617675781, 359.3641357421875)","(34.84516525268555, 0.6884862184524536, -1.0066914558410645)","(0.0002040006802417338, 192.81033325195312, -0.0008829933940432966)","(35.000091552734375, -0.0039215306751430035, 1.3999989032745361)","(0.0009062478202395141, 269.9849853515625, 2.903893573602545e-06)",0.0,-0.006409,"(0.000611, 0.000001, 0.000006)",LeftFalse_RightFalse,False,"(-34.92695999145508, -0.003921300172805786, -1.8907015323638916)","(0.0008488601306453347, 87.1434097290039, 5.828651410411112e-05)",-0.015191,0.747718,"(0.002097, -0.000003, -0.000315)",LeftFalse_RightFalse
2.108521,0.019207,"(34.852386474609375, 1.21360182762146, 1.0198798179626465)","(8.7391939163208, 265.1934509277344, 359.5308837890625)","(34.8452262878418, 0.6884863972663879, -1.0066933631896973)","(0.00018604923388920724, 192.8095703125, -0.0008055942016653717)","(35.000118255615234, -0.00392148457467556, 1.3999991416931152)","(0.0008267948287539184, 269.98419189453125, 2.5814615582930855e-06)",0.0,-0.006409,"(-0.000747, 0.000000, -0.000004)",LeftFalse_RightFalse,False,"(-34.92694854736328, -0.003921323921531439, -1.8906960487365723)","(0.0010299020214006305, 87.14352416992188, -0.0003869959036819637)",-0.004303,0.751051,"(0.000932, 0.000002, -0.000429)",LeftFalse_RightFalse
2.16626,0.019241,"(34.853729248046875, 1.2154507637023926, 1.019008755683899)","(7.196424961090088, 264.58538818359375, 359.4844970703125)","(34.845211029052734, 0.6884865760803223, -1.0066909790039062)","(0.00017180159920826554, 192.8104248046875, -0.0007455179002135992)","(35.00013732910156, -0.0039215413853526115, 1.3999991416931152)","(0.0007650545448996127, 269.98504638671875, 2.025054754994926e-06)",0.0,-0.006409,"(-0.000365, -0.000002, 0.000000)",LeftFalse_RightFalse,False,"(-34.92700958251953, -0.003920942544937134, -1.8906694650650024)","(0.0011042313417419791, 87.14257049560547, -0.0003478527651168406)",0.02083,0.75432,"(-0.000008, 0.000000, 0.000001)",LeftFalse_RightFalse
2.224365,0.019305,"(34.854736328125, 1.216771125793457, 1.0184789896011353)","(5.657861709594727, 264.1365661621094, 359.1795959472656)","(34.845149993896484, 0.6884868741035461, -1.0066874027252197)","(0.00014761579222977161, 192.811767578125, -0.0006486469064839184)","(35.0001335144043, -0.003921627998352051, 1.3999991416931152)","(0.0006652316660620272, 269.98638916015625, -5.3934066102101497e-08)",0.0,-0.006409,"(-0.000050, 0.000000, 0.000001)",LeftFalse_RightFalse,False,"(-34.927005767822266, -0.003921090625226498, -1.8906654119491577)","(0.0010207458399236202, 87.14302825927734, -0.0003820616111624986)",-0.000485,0.75758,"(0.000588, -0.000004, -0.000083)",LeftFalse_RightFalse
2.281128,0.019164,"(34.85573196411133, 1.2179036140441895, 1.0180981159210205)","(4.363631248474121, 263.93701171875, 358.8228454589844)","(34.845130920410156, 0.6884868741035461, -1.0066863298416138)","(0.00014200012083165348, 192.81231689453125, -0.0006244958494789898)","(35.0001335144043, -0.003921682480722666, 1.3999992609024048)","(0.0006404366577044129, 269.9869384765625, -1.68420172030892e-07)",0.0,-0.006409,"(0.001469, -0.000002, 0.000006)",LeftFalse_RightFalse,False,"(-34.92709732055664, -0.0039209723472595215, -1.8906251192092896)","(0.0011851077433675528, 87.13964080810547, -0.0006201849319040775)",-0.01129,0.760847,"(-0.001142, 0.000002, 0.000289)",LeftFalse_RightFalse
2.339966,0.019425,"(34.857337951660156, 1.219535231590271, 1.0176516771316528)","(3.2879445552825928, 263.876953125, 358.4909362792969)","(34.84512710571289, 0.6884866952896118, -1.00668466091156)","(0.00015492268721573055, 192.812744140625, -0.0006800350965932012)","(35.00014877319336, -0.003921710420399904, 1.3999992609024048)","(0.0006974587449803948, 269.98736572265625, 1.0312610498885988e-07)",0.0,-0.006409,"(0.000473, 0.000000, 0.000001)",LeftFalse_RightFalse,False,"(-34.927467346191406, -0.003920461982488632, -1.8905181884765625)","(0.0018827831372618675, 87.13432312011719, -0.0011286968365311623)",0.000613,0.764391,"(-0.011385, 0.000015, 0.003431)",LeftFalse_RightFalse
2.396606,0.019148,"(34.858280181884766, 1.2204827070236206, 1.017397165298462)","(2.641930103302002, 263.89886474609375, 358.2700500488281)","(34.84513854980469, 0.6884866952896118, -1.0066845417022705)","(0.00015695211186539382, 192.812744140625, -0.0006884956383146346)","(35.000160217285156, -0.003921699710190296, 1.3999993801116943)","(0.0007061587530188262, 269.98736572265625, 2.038551372152142e-07)",0.0,-0.006409,"(0.000077, 0.000001, 0.000000)",LeftFalse_RightFalse,False,"(-34.928123474121094, -0.003919191658496857, -1.8903312683105469)","(0.0024047379847615957, 87.12538146972656, -0.001266368431970477)",-0.084633,0.767832,"(-0.000539, 0.000030, 0.000290)",LeftFalse_RightFalse
2.454956,0.019306,"(34.8591423034668, 1.2210007905960083, 1.0171737670898438)","(2.247938394546509, 263.9693298339844, 358.19305419921875)","(34.84521484375, 0.6884869337081909, -1.0066899061203003)","(0.00014265331265050918, 192.81076049804688, -0.0006380016566254199)","(35.000152587890625, -0.0039216578006744385, 1.3999992609024048)","(0.0006537504959851503, 269.9853820800781, -2.529507582949009e-06)",0.0,-0.006409,"(0.000166, -0.000001, -0.000002)",LeftFalse_RightFalse,False,"(-34.92795181274414, -0.003920029848814011, -1.890411138534546)","(0.0005093869986012578, 87.1299819946289, 0.0010430829133838415)",-0.040177,0.770864,"(0.005765, -0.000030, -0.002039)",LeftFalse_RightFalse
2.512817,0.019262,"(34.85975646972656, 1.2212693691253662, 1.017029047012329)","(2.007826566696167, 264.08209228515625, 358.1333923339844)","(34.845306396484375, 0.6884867548942566, -1.0066936016082764)","(0.00015994814748410136, 192.80938720703125, -0.0007106043049134314)","(35.00019073486328, -0.003921627998352051, 1.3999993801116943)","(0.0007283809245564044, 269.9840087890625, -1.7825339000410168e-06)",0.0,-0.006409,"(-0.000075, 0.000001, -0.000003)",LeftFalse_RightFalse,False,"(-34.927642822265625, -0.003921716473996639, -1.8904993534088135)","(-0.00042883382411673665, 87.13321685791016, 0.0014377487823367119)",-0.008419,0.774032,"(0.002184, -0.000024, -0.000033)",LeftFalse_RightFalse
2.567749,0.018804,"(34.86003494262695, 1.221405029296875, 1.0169544219970703)","(1.8379089832305908, 264.2184143066406, 358.0519714355469)","(34.8453483581543, 0.6884871125221252, -1.0066972970962524)","(0.00012845497985836118, 192.80804443359375, -0.0005791179137304425)","(35.00017166137695, -0.003921692259609699, 1.3999992609024048)","(0.0005931840278208256, 269.982666015625, -3.302614686617744e-06)",0.0,-0.006409,"(0.001901, -0.000001, 0.000010)",LeftFalse_RightFalse,False,"(-34.92761993408203, -0.003922503441572189, -1.8904987573623657)","(-5.676734872395173e-05, 87.13351440429688, 0.0006058245780877769)",0.00303,0.777145,"(0.000744, -0.000009, -0.000216)",LeftFalse_RightFalse
2.621948,0.018409,"(34.86001968383789, 1.2214778661727905, 1.0169603824615479)","(1.7750078439712524, 264.3955078125, 357.95819091796875)","(34.845298767089844, 0.6884868144989014, -1.006692886352539)","(0.00014618641580455005, 192.8096466064453, -0.0006482554017566144)","(35.00019073486328, -0.003921717405319214, 1.3999993801116943)","(0.0006645327084697783, 269.9842834472656, -1.3607277651317418e-06)",0.0,-0.006409,"(-0.000149, 0.000000, 0.000000)",LeftFalse_RightFalse,False,"(-34.92748260498047, -0.003922956995666027, -1.8905415534973145)","(-0.00011352691217325628, 87.13554382324219, 0.0006416421965695918)",-0.013445,0.780088,"(0.004333, -0.000005, -0.001377)",LeftFalse_RightFalse
2.677979,0.018526,"(34.859867095947266, 1.2215189933776855, 1.0174846649169922)","(1.7858768701553345, 264.5690612792969, 357.874267578125)","(34.84534454345703, 0.6884863376617432, -1.00669264793396)","(0.00018203565559815615, 192.80955505371094, -0.0007903281948529184)","(35.00023651123047, -0.0039216578006744385, 1.3999998569488525)","(0.0008110186900012195, 269.98419189453125, 2.0567638330248883e-06)",0.0,-0.006409,"(0.000379, 0.000002, 0.000002)",LeftFalse_RightFalse,False,"(-34.927452087402344, -0.00392285967245698, -1.8905529975891113)","(0.0002967791515402496, 87.1367416381836, 0.00020619644783437252)",0.000607,0.78326,"(0.000942, 0.000007, -0.000575)",LeftFalse_RightFalse
2.734497,0.01869,"(34.85956573486328, 1.2215416431427002, 1.017810583114624)","(1.8197075128555298, 264.7896728515625, 357.7170104980469)","(34.845359802246094, 0.6884866952896118, -1.006693959236145)","(0.00015358465316239744, 192.8091278076172, -0.0006775984074920416)","(35.00022888183594, -0.003921687602996826, 1.399999737739563)","(0.0006947859073989093, 269.9837341308594, -6.606792908314674e-07)",0.0,-0.006409,"(0.000337, -0.000001, 0.000000)",LeftFalse_RightFalse,False,"(-34.927406311035156, -0.003922522999346256, -1.8905720710754395)","(0.0004385228385217488, 87.13778686523438, 0.00010892612772295251)",-0.001054,0.786421,"(0.000037, 0.000005, -0.000032)",LeftFalse_RightFalse
2.790527,0.018703,"(34.859127044677734, 1.2215533256530762, 1.0180487632751465)","(1.7938544750213623, 264.9356384277344, 357.5976867675781)","(34.84535217285156, 0.688486635684967, -1.0066933631896973)","(0.00015276949852705002, 192.8094024658203, -0.0006668200367130339)","(35.0002326965332, -0.003921738360077143, 1.3999996185302734)","(0.0006840955466032028, 269.9840087890625, 9.371239571009937e-07)",0.0,-0.006409,"(-0.001423, 0.000000, -0.000007)",LeftFalse_RightFalse,False,"(-34.9273681640625, -0.003922188654541969, -1.8905980587005615)","(0.0005060829571448267, 87.13854217529297, 0.00029685033950954676)",-0.012758,0.789518,"(0.001196, 0.000005, -0.000758)",LeftFalse_RightFalse
2.84729,0.018812,"(34.85905456542969, 1.221559762954712, 1.018907904624939)","(1.7846026420593262, 265.04217529296875, 357.54833984375)","(34.845306396484375, 0.688486635684967, -1.0066899061203003)","(0.000158875816850923, 192.8105926513672, -0.0006906649796292186)","(35.000240325927734, -0.003921691328287125, 1.399999737739563)","(0.0007087009726092219, 269.9852294921875, 1.5980116359060048e-06)",0.0,-0.006409,"(0.000295, 0.000000, 0.000002)",LeftFalse_RightFalse,False,"(-34.92744827270508, -0.00392165407538414, -1.890561819076538)","(0.0007644995348528028, 87.13716125488281, 2.0717217921628617e-05)",0.028135,0.792779,"(-0.000003, 0.000002, -0.000011)",LeftFalse_RightFalse
2.904053,0.018858,"(34.85919189453125, 1.221178412437439, 1.0199697017669678)","(1.9004414081573486, 265.192138671875, 357.4479064941406)","(34.84537887573242, 0.6884863972663879, -1.0066922903060913)","(0.00017821337678469718, 192.80970764160156, -0.0007729739882051945)","(35.000274658203125, -0.003921628929674625, 1.399999737739563)","(0.0007932490552775562, 269.9843444824219, 2.182114940296742e-06)",0.0,-0.006409,"(0.000514, 0.000001, 0.000001)",LeftFalse_RightFalse,False,"(-34.92739486694336, -0.0039215655997395515, -1.89058518409729)","(0.0006436564726755023, 87.13838958740234, 0.00015322172839660197)",-0.00056,0.79592,"(0.001648, -0.000002, -0.000658)",LeftFalse_RightFalse
2.959473,0.018718,"(34.859375, 1.2206417322158813, 1.0211042165756226)","(2.0135035514831543, 265.36248779296875, 357.28790283203125)","(34.845375061035156, 0.6884869933128357, -1.0066924095153809)","(0.0001473331212764606, 192.8096923828125, -0.0006515596178360283)","(35.00027084350586, -0.0039215837605297565, 1.3999996185302734)","(0.0006680089863948524, 269.98431396484375, -9.760763077792944e-07)",0.0,-0.006409,"(-0.000430, 0.000001, -0.000004)",LeftFalse_RightFalse,False,"(-34.92735290527344, -0.0039216578006744385, -1.890605092048645)","(0.0005934287328273058, 87.13822937011719, 0.00031812649103812873)",0.003916,0.799011,"(0.001976, 0.000001, -0.001324)",LeftFalse_RightFalse
3.016235,0.018775,"(34.8594856262207, 1.2200605869293213, 1.021723985671997)","(2.1051347255706787, 265.5434265136719, 357.0422058105469)","(34.845455169677734, 0.6884870529174805, -1.0066978931427002)","(0.0001385193900205195, 192.80772399902344, -0.0006195576279424131)","(35.000267028808594, -0.003921632654964924, 1.3999996185302734)","(0.0006348489550873637, 269.9823303222656, -2.4661155748617603e-06)",0.0,-0.006409,"(-0.000498, -0.000002, -0.000004)",LeftFalse_RightFalse,False,"(-34.92749786376953, -0.003921323921531439, -1.8905560970306396)","(0.0011044853599742055, 87.13597869873047, -0.0003015963884536177)",-0.038716,0.802352,"(-0.004868, 0.000011, 0.001154)",LeftFalse_RightFalse
3.070679,0.018481,"(34.85952377319336, 1.2197602987289429, 1.022045373916626)","(2.135570764541626, 265.68792724609375, 356.8247375488281)","(34.845462799072266, 0.6884869933128357, -1.006699562072754)","(0.00013420369941741228, 192.8072052001953, -0.0006022579618729651)","(35.00025177001953, -0.003921726252883673, 1.3999993801116943)","(0.0006170229171402752, 269.9818115234375, -2.833961616488523e-06)",0.0,-0.006409,"(0.000939, -0.000001, 0.000005)",LeftFalse_RightFalse,False,"(-34.928192138671875, -0.003920277580618858, -1.8903368711471558)","(0.0026534805074334145, 87.1258544921875, -0.002049501985311508)",-0.009659,0.805807,"(-0.017044, 0.000029, 0.004911)",LeftFalse_RightFalse
3.125488,0.018347,"(34.859683990478516, 1.2195942401885986, 1.0225884914398193)","(2.1020872592926025, 265.7890625, 356.6609802246094)","(34.84549331665039, 0.6884861588478088, -1.0066978931427002)","(0.00019113182497676462, 192.80772399902344, -0.0008302431087940931)","(35.000308990478516, -0.003921744879335165, 1.3999996185302734)","(0.000851956894621253, 269.98236083984375, 2.065648686766508e-06)",0.0,-0.006409,"(0.000959, 0.000003, 0.000007)",LeftFalse_RightFalse,False,"(-34.928428649902344, -0.003919524606317282, -1.8902723789215088)","(0.0015875390963628888, 87.12234497070312, -0.00043943445780314505)",0.005564,0.808845,"(0.004705, -0.000018, -0.002458)",LeftFalse_RightFalse
3.180298,0.018336,"(34.859901428222656, 1.2193154096603394, 1.0234405994415283)","(2.093749761581421, 265.8319396972656, 356.5869140625)","(34.845542907714844, 0.6884862780570984, -1.0066990852355957)","(0.00018952557002194226, 192.8072052001953, -0.0008191473316401243)","(35.000335693359375, -0.003921634517610073, 1.3999998569488525)","(0.0008407813729718328, 269.9818115234375, 2.9625434763147496e-06)",0.0,-0.006409,"(0.000091, 0.000002, 0.000003)",LeftFalse_RightFalse,False,"(-34.92820358276367, -0.003920690156519413, -1.8903687000274658)","(0.0002820997324306518, 87.12800598144531, 0.000978102209046483)",-0.006352,0.811783,"(0.001544, -0.000024, -0.000265)",LeftFalse_RightFalse
3.235107,0.018318,"(34.860023498535156, 1.2188935279846191, 1.0239028930664062)","(2.144883155822754, 265.8217468261719, 356.53472900390625)","(34.84560775756836, 0.6884867548942566, -1.0067026615142822)","(0.00016596695058979094, 192.80589294433594, -0.0007335074478760362)","(35.000343322753906, -0.003921568393707275, 1.3999998569488525)","(0.0007520486833527684, 269.98052978515625, -9.979365813705954e-07)",0.0,-0.006409,"(-0.000029, 0.000000, -0.000002)",LeftFalse_RightFalse,False,"(-34.92816162109375, -0.003921679686754942, -1.890390396118164)","(0.00012542960757855326, 87.12859344482422, 0.0008146425243467093)",-0.007449,0.814842,"(0.001705, -0.000015, -0.000904)",LeftFalse_RightFalse
3.292358,0.018802,"(34.86002731323242, 1.218654990196228, 1.0241669416427612)","(2.2151553630828857, 265.79412841796875, 356.4533996582031)","(34.84553909301758, 0.6884876489639282, -1.0067020654678345)","(0.0001041482319124043, 192.80624389648438, -0.00047999582602642477)","(35.00028610229492, -0.0039215912111103535, 1.3999994993209839)","(0.0004911393625661731, 269.9808654785156, -4.99976613355102e-06)",0.0,-0.006409,"(0.000189, -0.000004, 0.000001)",LeftFalse_RightFalse,False,"(-34.92828369140625, -0.003922033589333296, -1.8903429508209229)","(0.0005530137568712234, 87.1269760131836, 3.120064502581954e-05)",-0.003223,0.81818,"(-0.005521, 0.000002, 0.001795)",LeftFalse_RightFalse
3.332764,0.019318,"(34.86006546020508, 1.2185566425323486, 1.0242724418640137)","(2.249880313873291, 265.7940673828125, 356.39752197265625)","(34.8455924987793, 0.6884870529174805, -1.0067048072814941)","(0.00012849424092564732, 192.80517578125, -0.0005748749244958162)","(35.00029754638672, -0.003921717405319214, 1.3999996185302734)","(0.0005890556494705379, 269.97979736328125, -2.3224999949889025e-06)",0.0,-0.006409,"(-0.001550, 0.000000, -0.000009)",LeftFalse_RightFalse,False,"(-34.9283561706543, -0.003921950235962868, -1.890320062637329)","(0.0005176853155717254, 87.12528228759766, 0.00013250501069705933)",0.034943,0.820454,"(-0.000012, -0.000003, -0.000003)",LeftFalse_RightFalse
3.372925,0.019549,"(34.86003112792969, 1.2184951305389404, 1.0243427753448486)","(2.315770387649536, 265.8495788574219, 356.2776184082031)","(34.84550094604492, 0.6884874701499939, -1.0067020654678345)","(9.682526433607563e-05, 192.80628967285156, -0.0004462986544240266)","(35.00025177001953, -0.003921759780496359, 1.3999992609024048)","(0.0004566573479678482, 269.9809265136719, -4.6599293455074076e-06)",0.0,-0.006409,"(-0.000133, -0.000004, -0.000002)",LeftFalse_RightFalse,False,"(-34.9283332824707, -0.003922060132026672, -1.890328049659729)","(0.00039060358540154994, 87.12509155273438, 0.00019071917631663382)",-0.00644,0.822697,"(0.001732, -0.000007, -0.000658)",LeftFalse_RightFalse
3.429443,0.019201,"(34.8599967956543, 1.2182562351226807, 1.0244003534317017)","(2.466334819793701, 265.9439697265625, 356.10638427734375)","(34.845428466796875, 0.6884874701499939, -1.0067002773284912)","(8.762071229284629e-05, 192.80706787109375, -0.0004060373757965863)","(35.00020980834961, -0.003921873867511749, 1.3999989032745361)","(0.0004153572372160852, 269.981689453125, -4.697657004726352e-06)",0.0,-0.006409,"(-0.000933, -0.000001, -0.000006)",LeftFalse_RightFalse,False,"(-34.928245544433594, -0.003922425676137209, -1.89035964012146)","(0.0002966464380733669, 87.12681579589844, 0.00022574648028239608)",0.023309,0.82584,"(0.000005, 0.000001, -0.000016)",LeftFalse_RightFalse
3.488525,0.019425,"(34.8600959777832, 1.2174729108810425, 1.0248323678970337)","(3.135650157928467, 266.24468994140625, 355.71319580078125)","(34.845420837402344, 0.688486635684967, -1.0066996812820435)","(0.00014382183144334704, 192.80734252929688, -0.000634036841802299)","(35.00021743774414, -0.003921890165656805, 1.3999987840652466)","(0.0006501439493149519, 269.9819641113281, -5.1000262146772e-07)",0.0,-0.006409,"(0.001831, 0.000002, 0.000008)",LeftFalse_RightFalse,False,"(-34.92805862426758, -0.003922610078006983, -1.8904359340667725)","(-7.429224933730438e-05, 87.1306381225586, 0.0007224336150102317)",-0.061654,0.828964,"(0.000251, -0.000015, -0.000168)",LeftFalse_RightFalse
3.546143,0.019325,"(34.86088562011719, 1.2158098220825195, 1.0259034633636475)","(4.089113712310791, 266.689697265625, 355.2476806640625)","(34.84543991088867, 0.6884862184524536, -1.006698727607727)","(0.0001811820693546906, 192.80767822265625, -0.0007855452131479979)","(35.00025177001953, -0.003921774681657553, 1.3999990224838257)","(0.0008061656844802201, 269.9822998046875, 2.2862311652716016e-06)",0.0,-0.006409,"(-0.001896, 0.000002, -0.000009)",LeftFalse_RightFalse,False,"(-34.92799758911133, -0.003922607284039259, -1.8904712200164795)","(0.00023551929916720837, 87.13188934326172, 0.0004860365588683635)",-0.01388,0.832217,"(0.003570, 0.000002, -0.001769)",LeftFalse_RightFalse
3.604248,0.019347,"(34.861717224121094, 1.2141832113265991, 1.0274566411972046)","(5.217773914337158, 267.4117126464844, 354.7497863769531)","(34.84539794921875, 0.6884863972663879, -1.0066967010498047)","(0.00017614680109545588, 192.80848693847656, -0.0007657004171051085)","(35.000244140625, -0.003921658731997013, 1.3999989032745361)","(0.0007856981246732175, 269.98309326171875, 1.7817001207731664e-06)",0.0,-0.006409,"(-0.000702, 0.000003, -0.000004)",LeftFalse_RightFalse,False,"(-34.92802047729492, -0.003922079224139452, -1.8904491662979126)","(0.0005128473858349025, 87.1307373046875, 0.00020684253831859678)",-0.004865,0.835555,"(-0.000096, 0.000014, 0.000083)",LeftFalse_RightFalse
3.6604,0.019015,"(34.862548828125, 1.2130101919174194, 1.0285561084747314)","(6.037030220031738, 268.13995361328125, 354.4210205078125)","(34.845489501953125, 0.6884865760803223, -1.0067024230957031)","(0.00017181949806399643, 192.8063507080078, -0.0007474333397112787)","(35.000244140625, -0.003921574912965298, 1.3999989032745361)","(0.0007669262704439461, 269.9809875488281, 1.61729246883624e-06)",0.0,-0.006409,"(-0.000302, 0.000002, -0.000002)",LeftFalse_RightFalse,False,"(-34.92794418334961, -0.003921879455447197, -1.8904997110366821)","(0.00041802952182479203, 87.1322021484375, 0.000612475851085037)",-0.024095,0.838634,"(0.001280, 0.000001, -0.000660)",LeftFalse_RightFalse
3.719238,0.019319,"(34.863121032714844, 1.2122251987457275, 1.0297597646713257)","(6.519649982452393, 268.7060546875, 354.2332458496094)","(34.84548568725586, 0.6884869337081909, -1.0067037343978882)","(0.00014548812760040164, 192.80604553222656, -0.000645204447209835)","(35.00022506713867, -0.003921634051948786, 1.3999985456466675)","(0.0006614027661271393, 269.9806823730469, -1.3642971907756873e-06)",0.0,-0.006409,"(0.000616, -0.000001, 0.000003)",LeftFalse_RightFalse,False,"(-34.92782211303711, -0.0039220452308654785, -1.8905452489852905)","(0.00037286055157892406, 87.13532257080078, 0.00054190430091694)",-0.018033,0.841914,"(-0.001594, 0.000001, 0.001466)",LeftFalse_RightFalse
3.778687,0.019573,"(34.863670349121094, 1.2118149995803833, 1.0314255952835083)","(6.503908157348633, 269.4525146484375, 353.92041015625)","(34.84546661376953, 0.6884867548942566, -1.006702184677124)","(0.0001580430252943188, 192.8067169189453, -0.0006972831906750798)","(35.00023651123047, -0.003921586088836193, 1.399998426437378)","(0.0007149693556129932, 269.9813537597656, -6.831648420302372e-07)",0.0,-0.006409,"(-0.000576, 0.000001, -0.000004)",LeftFalse_RightFalse,False,"(-34.92782974243164, -0.003921893425285816, -1.8905284404754639)","(0.0006995586445555091, 87.13526153564453, -0.00015763237024657428)",0.000724,0.845262,"(-0.000438, 0.000002, 0.000432)",LeftFalse_RightFalse
3.838501,0.019772,"(34.86405944824219, 1.211601972579956, 1.0327048301696777)","(6.445537567138672, 269.86224365234375, 353.6859130859375)","(34.845489501953125, 0.688486635684967, -1.0067026615142822)","(0.0001671899954089895, 192.80645751953125, -0.0007278165430761874)","(35.000247955322266, -0.003921568393707275, 1.399998664855957)","(0.0007467714021913707, 269.9810791015625, 1.4578349691873882e-06)",0.0,-0.006409,"(-0.001898, 0.000000, -0.000008)",LeftFalse_RightFalse,False,"(-34.92780303955078, -0.003921646159142256, -1.89052414894104)","(0.0007651163614355028, 87.13545989990234, -0.0003080266178585589)",-0.002876,0.848613,"(0.000473, 0.000002, 0.000231)",LeftFalse_RightFalse
3.879272,0.019977,"(34.86418151855469, 1.2115204334259033, 1.0333049297332764)","(6.416521072387695, 270.0157165527344, 353.5708312988281)","(34.845462799072266, 0.6884874701499939, -1.0067048072814941)","(0.00010843382915481925, 192.8057861328125, -0.0004962524399161339)","(35.00019073486328, -0.003921612165868282, 1.3999981880187988)","(0.0005079416441731155, 269.98040771484375, -4.4297839849605225e-06)",0.0,-0.006409,"(-0.000790, -0.000002, -0.000006)",LeftFalse_RightFalse,False,"(-34.92778778076172, -0.0039215246215462685, -1.8905348777770996)","(0.0007687469478696585, 87.13663482666016, -7.225893205031753e-05)",0.000841,0.85088,"(0.001008, 0.000002, -0.000765)",LeftFalse_RightFalse
3.937744,0.019803,"(34.864051818847656, 1.2114516496658325, 1.0342330932617188)","(6.399980545043945, 270.16925048828125, 353.3285217285156)","(34.84550857543945, 0.6884865164756775, -1.006706953048706)","(0.00016262962890323251, 192.8050079345703, -0.000709963554982096)","(35.000205993652344, -0.0039217667654156685, 1.3999981880187988)","(0.0007283514714799821, 269.9796447753906, 9.742263955558883e-07)",0.0,-0.006409,"(0.001513, 0.000000, 0.000008)",LeftFalse_RightFalse,False,"(-34.927860260009766, -0.003921261988580227, -1.8905022144317627)","(0.0010539666982367635, 87.13468170166016, -0.000463536154711619)",-0.014174,0.854257,"(-0.002077, 0.000007, 0.000544)",LeftFalse_RightFalse
3.994751,0.019367,"(34.86385726928711, 1.2114171981811523, 1.0348514318466187)","(6.39300537109375, 270.385009765625, 353.0959777832031)","(34.845489501953125, 0.688486635684967, -1.0067074298858643)","(0.00015451520448550582, 192.80491638183594, -0.0006748661398887634)","(35.00018310546875, -0.00392170250415802, 1.3999979496002197)","(0.0006923283217474818, 269.9795227050781, 8.532264246241539e-07)",0.0,-0.006409,"(0.000657, 0.000000, 0.000005)",LeftFalse_RightFalse,False,"(-34.927978515625, -0.003920986782759428, -1.8904826641082764)","(0.0011940366821363568, 87.13435363769531, -0.0003377476241439581)",0.009974,0.857495,"(-0.005442, 0.000006, 0.001983)",LeftFalse_RightFalse
4.050903,0.019066,"(34.86341857910156, 1.211398959159851, 1.0358024835586548)","(6.36814546585083, 270.71484375, 352.85833740234375)","(34.84552764892578, 0.6884868144989014, -1.0067102909088135)","(0.0001507589768152684, 192.80384826660156, -0.0006645550020039082)","(35.00017547607422, -0.003921637311577797, 1.3999979496002197)","(0.0006814407533966005, 269.9784851074219, -5.20450669228012e-07)",0.0,-0.006409,"(0.000669, 0.000001, 0.000003)",LeftFalse_RightFalse,False,"(-34.92826461791992, -0.00392052810639143, -1.8903932571411133)","(0.0016177995130419731, 87.12965393066406, -0.0008665201021358371)",-0.011216,0.860804,"(-0.003985, 0.000007, 0.000688)",LeftFalse_RightFalse
4.091919,0.019557,"(34.86317825317383, 1.2113914489746094, 1.0371217727661133)","(6.377373218536377, 271.6593933105469, 352.425537109375)","(34.84550857543945, 0.68848717212677, -1.0067107677459717)","(0.00012669374700635672, 192.80374145507812, -0.0005718891625292599)","(35.000152587890625, -0.003921638708561659, 1.3999977111816406)","(0.000585744681302458, 269.9783630371094, -3.4152506032114616e-06)",0.0,-0.006409,"(-0.000422, -0.000001, -0.000004)",LeftFalse_RightFalse,False,"(-34.928688049316406, -0.00392000749707222, -1.8902575969696045)","(0.0023020743392407894, 87.12364196777344, -0.0016444780630990863)",-0.0772,0.863394,"(-0.012435, 0.000017, 0.003783)",LeftFalse_RightFalse
4.132324,0.019811,"(34.86322784423828, 1.2113864421844482, 1.039719820022583)","(6.374018669128418, 273.35302734375, 351.75921630859375)","(34.84547805786133, 0.6884869337081909, -1.0067098140716553)","(0.00013757326814811677, 192.8042449951172, -0.0006116054719313979)","(35.00014114379883, -0.003921687602996826, 1.3999974727630615)","(0.0006268852157518268, 269.9788818359375, -1.623441448828089e-06)",0.0,-0.006409,"(-0.001036, -0.000001, -0.000005)",LeftFalse_RightFalse,False,"(-34.92912292480469, -0.003919313661754131, -1.8901193141937256)","(0.0024712756276130676, 87.11792755126953, -0.001641538692638278)",-0.021585,0.865807,"(-0.000437, 0.000017, 0.000217)",LeftFalse_RightFalse
4.175171,0.020352,"(34.86354446411133, 1.2113831043243408, 1.0426028966903687)","(6.451369285583496, 275.376708984375, 351.35137939453125)","(34.84552764892578, 0.688486635684967, -1.006712794303894)","(0.00015921889280434698, 192.8031005859375, -0.000697951065376401)","(35.000144958496094, -0.003921670839190483, 1.399997591972351)","(0.0007158814114518464, 269.97772216796875, 3.151364467157691e-07)",0.0,-0.006409,"(-0.000155, 0.000002, -0.000001)",LeftFalse_RightFalse,False,"(-34.92908477783203, -0.0039196559228003025, -1.8901481628417969)","(0.0011024870909750462, 87.11882019042969, 0.0002471136103849858)",-0.000412,0.868067,"(0.003537, -0.000022, -0.002137)",LeftFalse_RightFalse
4.237915,0.020779,"(34.864479064941406, 1.2108370065689087, 1.047866940498352)","(6.5975775718688965, 279.2601318359375, 350.75762939453125)","(34.84561538696289, 0.6884863972663879, -1.0067172050476074)","(0.00018333403568249196, 192.80137634277344, -0.0008033252670429647)","(35.00016403198242, -0.003921608440577984, 1.3999974727630615)","(0.0008239797316491604, 269.97601318359375, 4.3762153723037045e-07)",0.0,-0.006409,"(-0.000691, 0.000002, -0.000004)",LeftFalse_RightFalse,False,"(-34.92891311645508, -0.003921309020370245, -1.8902177810668945)","(0.00021936891425866634, 87.12273406982422, 0.0007312145899049938)",0.029039,0.871537,"(-0.000008, -0.000017, -0.000021)",LeftFalse_RightFalse
4.294678,0.019932,"(34.865440368652344, 1.2105878591537476, 1.052631139755249)","(6.618656635284424, 282.7832946777344, 350.3525695800781)","(34.84565353393555, 0.6884865760803223, -1.0067194700241089)","(0.00017469146405346692, 192.8005828857422, -0.0007656934903934598)","(35.00016784667969, -0.0039215534925460815, 1.399997353553772)","(0.0007853683782741427, 269.9752197265625, 3.6422429161575565e-07)",0.0,-0.006409,"(-0.000210, 0.000000, -0.000001)",LeftFalse_RightFalse,False,"(-34.92884826660156, -0.003922270145267248, -1.8902342319488525)","(-2.4660947019583546e-05, 87.12319946289062, 0.0005914730136282742)",-0.002272,0.874672,"(0.006007, -0.000016, -0.002560)",LeftFalse_RightFalse
4.353271,0.019713,"(34.867218017578125, 1.2104518413543701, 1.0583233833312988)","(6.333299160003662, 287.27728271484375, 350.33294677734375)","(34.845645904541016, 0.6884863376617432, -1.0067167282104492)","(0.00019832543330267072, 192.8015899658203, -0.0008637195569463074)","(35.00020217895508, -0.003921521827578545, 1.3999974727630615)","(0.0008861951646395028, 269.9761962890625, 1.6486627600897918e-06)",0.0,-0.006409,"(0.001045, 0.000000, 0.000006)",LeftFalse_RightFalse,False,"(-34.928768157958984, -0.003922777250409126, -1.8902742862701416)","(2.9915898267063312e-05, 87.12541961669922, 0.0005228026420809329)",0.004422,0.877934,"(0.002089, 0.000000, -0.001410)",LeftFalse_RightFalse
4.411621,0.019668,"(34.868717193603516, 1.2107608318328857, 1.062329888343811)","(6.0769734382629395, 290.3126220703125, 350.4309387207031)","(34.84556579589844, 0.68848717212677, -1.0067139863967896)","(0.00014113140059635043, 192.8026123046875, -0.0006313361809588969)","(35.00016403198242, -0.003921529743820429, 1.399997353553772)","(0.0006469134241342545, 269.97723388671875, -2.533884980948642e-06)",0.0,-0.006409,"(-0.001052, -0.000002, -0.000006)",LeftFalse_RightFalse,False,"(-34.92872619628906, -0.003922818694263697, -1.8902933597564697)","(0.00014216122508514673, 87.12641906738281, 0.0004864227375946939)",0.005965,0.881236,"(-0.000030, 0.000006, 0.000026)",LeftFalse_RightFalse
4.468872,0.019369,"(34.86981964111328, 1.2110443115234375, 1.064995288848877)","(5.79767370223999, 292.1907043457031, 350.4435119628906)","(34.84560012817383, 0.6884860992431641, -1.0067129135131836)","(0.00020155655511189252, 192.8030242919922, -0.0008695869473740458)","(35.00021743774414, -0.003921645227819681, 1.3999974727630615)","(0.0008926332811824977, 269.9776611328125, 3.4967513329320354e-06)",0.0,-0.006409,"(0.001105, 0.000001, 0.000006)",LeftFalse_RightFalse,False,"(-34.9287223815918, -0.003922498784959316, -1.8902957439422607)","(0.000324575521517545, 87.12696075439453, 0.0002612733806017786)",-0.004798,0.884425,"(-0.000107, 0.000003, 0.000205)",LeftFalse_RightFalse
4.525024,0.019045,"(34.87041091918945, 1.2111927270889282, 1.06650972366333)","(5.436061382293701, 293.4565734863281, 350.42950439453125)","(34.84568405151367, 0.6884867548942566, -1.006718397140503)","(0.0001632011408219114, 192.80101013183594, -0.0007153386250138283)","(35.000213623046875, -0.00392156932502985, 1.3999974727630615)","(0.0007337192073464394, 269.97564697265625, 3.3832552048806974e-07)",0.0,-0.006409,"(0.000382, 0.000000, 0.000000)",LeftFalse_RightFalse,False,"(-34.92860412597656, -0.003922578878700733, -1.8903502225875854)","(0.000335414195433259, 87.12921142578125, 0.00011861504026455805)",0.03683,0.887523,"(0.000011, 0.000007, -0.000021)",LeftFalse_RightFalse
4.582886,0.019164,"(34.87152099609375, 1.211653470993042, 1.0675685405731201)","(5.106808662414551, 294.5379943847656, 350.2859191894531)","(34.84565353393555, 0.68848717212677, -1.0067181587219238)","(0.0001278802810702473, 192.80113220214844, -0.0005768898990936577)","(35.000186920166016, -0.003921627998352051, 1.3999972343444824)","(0.0005908841267228127, 269.97576904296875, -3.3684300433378667e-06)",0.0,-0.006409,"(-0.000728, -0.000001, -0.000007)",LeftFalse_RightFalse,False,"(-34.92859649658203, -0.003922207280993462, -1.8903611898422241)","(0.0005184217006899416, 87.13064575195312, 0.00012891351070720702)",-0.001121,0.890747,"(0.000291, 0.000007, -0.000387)",LeftFalse_RightFalse
4.639648,0.019068,"(34.87240982055664, 1.2120274305343628, 1.0681979656219482)","(4.994715213775635, 295.2691650390625, 350.23211669921875)","(34.845664978027344, 0.6884868144989014, -1.0067182779312134)","(0.00014759646728634834, 192.80108642578125, -0.0006512173567898571)","(35.00019836425781, -0.003921717405319214, 1.399997353553772)","(0.0006677337805740535, 269.9757080078125, -6.43352620954829e-07)",0.0,-0.006409,"(0.000879, -0.000001, 0.000004)",LeftFalse_RightFalse,False,"(-34.92867660522461, -0.00392170250415802, -1.8903183937072754)","(0.0007198030943982303, 87.12862396240234, -4.8980131396092474e-05)",0.028241,0.894004,"(-0.000005, 0.000003, -0.000004)",LeftFalse_RightFalse
4.697266,0.019167,"(34.872962951660156, 1.2122288942337036, 1.068540096282959)","(4.996707439422607, 295.8061218261719, 350.3193359375)","(34.84571075439453, 0.688485860824585, -1.006714940071106)","(0.0002206149511039257, 192.8021240234375, -0.0009478771826252341)","(35.00028991699219, -0.003921639174222946, 1.3999978303909302)","(0.0009732008911669254, 269.97674560546875, 4.700705630966695e-06)",0.0,-0.006409,"(0.002204, 0.000002, 0.000011)",LeftFalse_RightFalse,False,"(-34.928531646728516, -0.003921808674931526, -1.8903911113739014)","(0.0003357621899340302, 87.13138580322266, 0.0005703330971300602)",0.019691,0.897093,"(0.007928, -0.000010, -0.003602)",LeftFalse_RightFalse
4.755981,0.019368,"(34.87258529663086, 1.2123372554779053, 1.0674234628677368)","(4.986539840698242, 295.54083251953125, 350.7913513183594)","(34.84572219848633, 0.6884863376617432, -1.0067145824432373)","(0.00019465674995444715, 192.80226135253906, -0.0008414154872298241)","(35.00030517578125, -0.003921538591384888, 1.3999979496002197)","(0.0008636331185698509, 269.97686767578125, 3.0225485261325957e-06)",0.0,-0.006409,"(0.000823, 0.000000, 0.000006)",LeftFalse_RightFalse,False,"(-34.928096771240234, -0.003922717180103064, -1.8905694484710693)","(-0.0002703042991925031, 87.13969421386719, 0.001204904168844223)",-0.006293,0.900188,"(0.000274, -0.000016, -0.000174)",LeftFalse_RightFalse
4.81311,0.019161,"(34.87099838256836, 1.2128567695617676, 1.0646919012069702)","(4.702907085418701, 293.8732604980469, 351.5341491699219)","(34.845611572265625, 0.6884870529174805, -1.0067086219787598)","(0.00013819074956700206, 192.80438232421875, -0.0006154507864266634)","(35.000282287597656, -0.003921551164239645, 1.3999979496002197)","(0.0006307715666480362, 269.97900390625, -1.8749252603811328e-06)",0.0,-0.006409,"(0.000211, -0.000003, 0.000000)",LeftFalse_RightFalse,False,"(-34.9279899597168, -0.003922492265701294, -1.8906420469284058)","(0.00013416765432339162, 87.14307403564453, 0.0009956995490938425)",-0.03751,0.903286,"(0.003149, 0.000004, -0.001759)",LeftFalse_RightFalse
4.869995,0.019108,"(34.86859130859375, 1.2140581607818604, 1.0604140758514404)","(4.081141948699951, 290.9273681640625, 352.54180908203125)","(34.845672607421875, 0.6884869337081909, -1.006712794303894)","(0.0001384914794471115, 192.80291748046875, -0.0006157262250781059)","(35.000282287597656, -0.003921687602996826, 1.3999978303909302)","(0.0006311069009825587, 269.9775390625, -1.6428524531875155e-06)",0.0,-0.006409,"(0.000356, -0.000001, 0.000000)",LeftFalse_RightFalse,False,"(-34.92790222167969, -0.003922303207218647, -1.890678882598877)","(0.00045672341366298497, 87.14451599121094, 0.00034989145933650434)",-0.005891,0.906489,"(0.000694, 0.000006, -0.000237)",LeftFalse_RightFalse
4.927612,0.019151,"(34.86580276489258, 1.2153401374816895, 1.0539162158966064)","(3.341965436935425, 286.66754150390625, 353.68463134765625)","(34.845611572265625, 0.6884872913360596, -1.0067102909088135)","(0.00011507888120831922, 192.8038787841797, -0.0005221309256739914)","(35.00025939941406, -0.003921726252883673, 1.3999977111816406)","(0.0005346494726836681, 269.978515625, -3.6950045796402264e-06)",0.011547,-0.006409,"(-0.000159, -0.000002, 0.000000)",LeftFalse_RightFalse,False,"(-34.92764663696289, -0.0039222207851707935, -1.890782356262207)","(0.00022118008928373456, 87.14916229248047, 0.0004993066540919244)",-0.003329,0.909542,"(0.010364, -0.000010, -0.004349)",LeftFalse_RightFalse
4.987305,0.019492,"(34.86307144165039, 1.2161688804626465, 1.0468201637268066)","(2.778189182281494, 282.10052490234375, 354.81048583984375)","(34.84550476074219, 0.6884877681732178, -1.0067088603973389)","(6.597585161216557e-05, 192.80442810058594, -0.00031449401285499334)","(35.00017547607422, -0.003921885974705219, 1.3999974727630615)","(0.0003212931042071432, 269.97906494140625, -5.481655080075143e-06)",0.062728,-0.006409,"(-0.005176, -0.000007, -0.000022)",LeftFalse_RightFalse,False,"(-34.927459716796875, -0.0039223493076860905, -1.8908640146255493)","(0.0006428142078220844, 87.15325927734375, -0.0002696490555536002)",0.01471,0.912844,"(0.003643, 0.000011, -0.002443)",LeftFalse_RightFalse
5.046265,0.019582,"(34.860809326171875, 1.2165930271148682, 1.0411441326141357)","(2.570232629776001, 278.2971496582031, 355.5928649902344)","(34.84506607055664, 0.6884903907775879, -1.0067123174667358)","(-0.00018577685113996267, 192.80392456054688, 0.0007440828485414386)","(34.99970245361328, -0.003922623582184315, 1.3999954462051392)","(-0.0007667576428502798, 269.9785461425781, -1.597013761056587e-05)",0.12385,-0.006409,"(-0.017280, -0.000024, -0.000064)",LeftFalse_RightFalse,False,"(-34.92703628540039, -0.003922283183783293, -1.8910744190216064)","(-0.00013270333874970675, 87.16336822509766, 0.0012404776643961668)",-0.041575,0.915717,"(0.014284, -0.000016, -0.005597)",LeftFalse_RightFalse
5.105469,0.01965,"(34.85792922973633, 1.216817021369934, 1.0355067253112793)","(2.3905508518218994, 275.2942810058594, 356.2632141113281)","(34.843746185302734, 0.6884966492652893, -1.006718635559082)","(-0.0008116978569887578, 192.80313110351562, 0.0033832129556685686)","(34.998313903808594, -0.003924716264009476, 1.3999907970428467)","(-0.0034789866767823696, 269.9777526855469, -4.0440128941554576e-05)",0.187519,-0.006409,"(-0.037037, -0.000059, -0.000121)",LeftFalse_RightFalse,False,"(-34.925968170166016, -0.003923678305000067, -1.8914874792099)","(-0.0018069910584017634, 87.18233489990234, 0.00321926549077034)",0.048283,0.918453,"(0.018622, -0.000028, -0.006354)",LeftFalse_RightFalse
5.162354,0.019296,"(34.85413360595703, 1.2169333696365356, 1.0307066440582275)","(2.196279287338257, 272.9139709472656, 356.8123779296875)","(34.84115982055664, 0.6885051131248474, -1.0067287683486938)","(-0.00174687837716192, 192.8024444580078, 0.007353109773248434)","(34.99565124511719, -0.003928682301193476, 1.3999820947647095)","(359.992431640625, 269.9770812988281, -7.105039549060166e-05)",0.258781,-0.006409,"(-0.056768, -0.000083, -0.000181)",LeftFalse_RightFalse,False,"(-34.92472457885742, -0.003925262950360775, -1.8919634819030762)","(-0.0027894889935851097, 87.20319366455078, 0.0043845041655004025)",0.055973,0.920951,"(0.023808, -0.000027, -0.009466)",LeftFalse_RightFalse
5.221436,0.019468,"(34.84821319580078, 1.2175209522247314, 1.0254743099212646)","(1.892030954360962, 270.0804748535156, 357.3288269042969)","(34.83650207519531, 0.6885170936584473, -1.0067481994628906)","(-0.00314187235198915, 192.80081176757812, 0.013259674422442913)","(34.99085235595703, -0.003935200162231922, 1.3999664783477783)","(359.9863586425781, 269.9754333496094, -0.00012009943748125806)",0.327937,-0.006409,"(-0.096925, -0.000127, -0.000308)",LeftFalse_RightFalse,False,"(-34.92305374145508, -0.003926798235625029, -1.89262855052948)","(-0.0038208910264074802, 87.23361206054688, 0.005681307520717382)",0.126963,0.923261,"(0.033861, -0.000028, -0.013916)",LeftFalse_RightFalse
5.276489,0.01894,"(34.84088134765625, 1.2178137302398682, 1.0220561027526855)","(1.6218653917312622, 267.4965515136719, 357.74615478515625)","(34.82975769042969, 0.6885294914245605, -1.0067729949951172)","(-0.004741792567074299, 192.79953002929688, 0.02006845735013485)","(34.98396682739258, -0.0039437878876924515, 1.39994478225708)","(359.9793701171875, 269.97418212890625, -0.00016868696548044682)",0.383773,-0.006409,"(-0.145974, -0.000170, -0.000454)",LeftFalse_RightFalse,False,"(-34.92069625854492, -0.003928798250854015, -1.8935863971710205)","(359.9942626953125, 87.276611328125, 0.008348634466528893)",0.179799,0.924908,"(0.050939, -0.000041, -0.020999)",LeftFalse_RightFalse
5.330688,0.018506,"(34.83135223388672, 1.2179757356643677, 1.0190131664276123)","(1.52767813205719, 265.659423828125, 358.0955810546875)","(34.82051086425781, 0.6885426640510559, -1.0068050622940063)","(359.9934997558594, 192.7981719970703, 0.027574094012379646)","(34.974571228027344, -0.003953834995627403, 1.3999155759811401)","(359.9716796875, 269.9728088378906, -0.00022269657347351313)",0.424793,-0.006409,"(-0.201994, -0.000202, -0.000625)",LeftFalse_RightFalse,False,"(-34.91741943359375, -0.003931645303964615, -1.894927978515625)","(359.9916076660156, 87.33570861816406, 0.01197457779198885)",0.213015,0.92597,"(0.071198, -0.000065, -0.028389)",LeftFalse_RightFalse
5.38501,0.018345,"(34.81899642944336, 1.2180689573287964, 1.017028570175171)","(1.4999895095825195, 264.46112060546875, 358.30517578125)","(34.80836486816406, 0.6885550618171692, -1.0068466663360596)","(359.99169921875, 192.79673767089844, 0.03527340665459633)","(34.9622688293457, -0.00396502111107111, 1.3998770713806152)","(359.9637756347656, 269.97137451171875, -0.00027561388560570776)",0.453213,-0.006409,"(-0.264128, -0.000213, -0.000819)",LeftFalse_RightFalse,False,"(-34.91293716430664, -0.00393552053719759, -1.8967517614364624)","(359.98828125, 87.41714477539062, 0.016328971832990646)",0.250824,0.926314,"(0.099640, -0.000083, -0.040161)",LeftFalse_RightFalse
5.439819,0.018344,"(34.803436279296875, 1.218123197555542, 1.0159049034118652)","(1.576974868774414, 263.7528076171875, 358.43060302734375)","(34.79292678833008, 0.6885665059089661, -1.0068992376327515)","(359.98992919921875, 192.79495239257812, 0.04280029609799385)","(34.94666290283203, -0.003976781386882067, 1.399828553199768)","(359.9560241699219, 269.9696044921875, -0.00032873626332730055)",0.473299,-0.006409,"(-0.307683, -0.000214, -0.000956)",LeftFalse_RightFalse,False,"(-34.90694808959961, -0.003940391819924116, -1.8991899490356445)","(359.984375, 87.52490997314453, 0.021306321024894714)",0.271747,0.925853,"(0.118946, -0.000096, -0.047630)",LeftFalse_RightFalse
5.494995,0.018359,"(34.784481048583984, 1.2181557416915894, 1.0152523517608643)","(1.687137484550476, 263.442138671875, 358.4891052246094)","(34.7740478515625, 0.6885764598846436, -1.0069639682769775)","(359.98828125, 192.7928466796875, 0.049795374274253845)","(34.927608489990234, -0.003988297190517187, 1.3997690677642822)","(359.9488525390625, 269.96746826171875, -0.00037850532680749893)",0.488331,-0.006409,"(-0.374805, -0.000205, -0.001172)",LeftFalse_RightFalse,False,"(-34.89921569824219, -0.003946105949580669, -1.902324914932251)","(359.9800720214844, 87.66366577148438, 0.02657748945057392)",0.322707,0.924409,"(0.156219, -0.000110, -0.062878)",LeftFalse_RightFalse
5.552002,0.018677,"(34.76131820678711, 1.2181756496429443, 1.0148448944091797)","(1.8006647825241089, 263.3514099121094, 358.5085144042969)","(34.75095748901367, 0.6885850429534912, -1.0070436000823975)","(359.9867858886719, 192.790283203125, 0.05616295337677002)","(34.90433120727539, -0.0039993999525904655, 1.399695634841919)","(359.9422912597656, 269.96490478515625, -0.00042589649092406034)",0.499958,-0.006409,"(-0.443596, -0.000184, -0.001400)",LeftFalse_RightFalse,False,"(-34.88922882080078, -0.003952677361667156, -1.9063608646392822)","(359.9753723144531, 87.84107208251953, 0.03211823105812073)",0.359256,0.921863,"(0.195286, -0.000120, -0.078279)",LeftFalse_RightFalse
5.608521,0.018782,"(34.73418426513672, 1.2179911136627197, 1.0148890018463135)","(1.9264369010925293, 263.3446044921875, 358.47674560546875)","(34.724361419677734, 0.6885921359062195, -1.0071359872817993)","(359.9855041503906, 192.78733825683594, 0.06155938282608986)","(34.87754440307617, -0.004009047988802195, 1.3996104001998901)","(359.936767578125, 269.96197509765625, -0.00046886212658137083)",0.511016,-0.006409,"(-0.513622, -0.000159, -0.001641)",LeftFalse_RightFalse,False,"(-34.87712097167969, -0.003959418274462223, -1.9112427234649658)","(359.9706726074219, 88.05435943603516, 0.03761867433786392)",0.386825,0.918137,"(0.238985, -0.000122, -0.095822)",LeftFalse_RightFalse
5.661499,0.018166,"(34.70563507080078, 1.2176307439804077, 1.015122652053833)","(2.0331966876983643, 263.3773193359375, 358.40631103515625)","(34.696067810058594, 0.6885979175567627, -1.0072357654571533)","(359.9844970703125, 192.78421020507812, 0.06584430485963821)","(34.84906768798828, -0.004016907885670662, 1.3995187282562256)","(359.9323425292969, 269.9588623046875, -0.000509479723405093)",0.523312,-0.006409,"(-0.561220, -0.000141, -0.001812)",LeftFalse_RightFalse,False,"(-34.863609313964844, -0.0039659589529037476, -1.9166799783706665)","(359.96630859375, 88.2899398803711, 0.042714882642030716)",0.406926,0.913483,"(0.270499, -0.000124, -0.108505)",LeftFalse_RightFalse
5.716309,0.018236,"(34.67206954956055, 1.2174252271652222, 1.0153005123138428)","(2.146909236907959, 263.4400634765625, 358.3059387207031)","(34.66315841674805, 0.6886034607887268, -1.0073530673980713)","(359.98358154296875, 192.78060913085938, 0.06969963759183884)","(34.815956115722656, -0.004023828078061342, 1.3994104862213135)","(359.92840576171875, 269.9552307128906, -0.0005513780051842332)",0.536119,-0.006409,"(-0.634184, -0.000117, -0.002084)",LeftFalse_RightFalse,False,"(-34.847206115722656, -0.003972726874053478, -1.923272967338562)","(359.96185302734375, 88.5728988647461, 0.047794409096241)",0.440393,0.907483,"(0.319510, -0.000123, -0.128057)",LeftFalse_RightFalse
5.770996,0.01826,"(34.63518142700195, 1.217314600944519, 1.0153299570083618)","(2.2250614166259766, 263.4920654296875, 358.2196044921875)","(34.626686096191406, 0.688608705997467, -1.0074845552444458)","(359.9827575683594, 192.77659606933594, 0.07307738065719604)","(34.779273986816406, -0.0040297918021678925, 1.3992887735366821)","(359.9249267578125, 269.95123291015625, -0.0005939802504144609)",0.54644,-0.006409,"(-0.708580, -0.000103, -0.002374)",LeftFalse_RightFalse,False,"(-34.82832717895508, -0.003979342523962259, -1.9308717250823975)","(359.95758056640625, 88.89540100097656, 0.05277932062745094)",0.468258,0.900215,"(0.371944, -0.000118, -0.149457)",LeftFalse_RightFalse
5.827271,0.018509,"(34.59355545043945, 1.2172540426254272, 1.015268325805664)","(2.2703354358673096, 263.5264587402344, 358.1036682128906)","(34.58536148071289, 0.6886137127876282, -1.0076370239257812)","(359.9820251464844, 192.77207946777344, 0.0761367529630661)","(34.73772430419922, -0.0040351878851652145, 1.3991479873657227)","(359.9217834472656, 269.94671630859375, -0.0006394637166522443)",0.553964,-0.006409,"(-0.783980, -0.000088, -0.002686)",LeftFalse_RightFalse,False,"(-34.80615234375, -0.003985920920968056, -1.9398173093795776)","(359.953369140625, 89.27018737792969, 0.057805318385362625)",0.495074,0.891407,"(0.427476, -0.000117, -0.172364)",LeftFalse_RightFalse
5.880737,0.018095,"(34.55031204223633, 1.2172236442565918, 1.0154986381530762)","(2.2994771003723145, 263.5478515625, 358.0015869140625)","(34.54227066040039, 0.6886182427406311, -1.0077985525131226)","(359.98138427734375, 192.76736450195312, 0.078703373670578)","(34.694400787353516, -0.0040396396070718765, 1.3989981412887573)","(359.91912841796875, 269.9420166015625, -0.0006833664374426007)",0.559449,-0.006409,"(-0.834698, -0.000082, -0.002905)",LeftFalse_RightFalse,False,"(-34.782203674316406, -0.003992038778960705, -1.9495052099227905)","(359.9493713378906, 89.67020416259766, 0.0626063197851181)",0.505611,0.881696,"(0.467834, -0.000113, -0.188942)",LeftFalse_RightFalse
5.934814,0.018052,"(34.5030517578125, 1.2172071933746338, 1.0161383152008057)","(2.323227882385254, 263.570068359375, 357.91754150390625)","(34.49504089355469, 0.6886224150657654, -1.0079798698425293)","(359.9808044433594, 192.76222229003906, 0.08100050687789917)","(34.64692687988281, -0.0040438054129481316, 1.3988301753997803)","(359.916748046875, 269.9368591308594, -0.0007311110966838896)",0.563447,-0.006409,"(-0.911196, -0.000074, -0.003252)",LeftFalse_RightFalse,False,"(-34.75507736206055, -0.003997978288680315, -1.960474967956543)","(359.9454345703125, 90.11600494384766, 0.066971056163311)",0.533297,0.870839,"(0.527546, -0.000111, -0.213235)",LeftFalse_RightFalse
5.989502,0.018161,"(34.45156478881836, 1.2171986103057861, 1.0163928270339966)","(2.3414876461029053, 263.5989990234375, 357.8143615722656)","(34.44365692138672, 0.688626229763031, -1.008181095123291)","(359.98028564453125, 192.75662231445312, 0.0830274373292923)","(34.59528350830078, -0.004047731403261423, 1.3986432552337646)","(359.9146728515625, 269.9312744140625, -0.0007809603703208268)",0.565972,-0.006409,"(-0.987819, -0.000070, -0.003621)",LeftFalse_RightFalse,False,"(-34.72472381591797, -0.004003975540399551, -1.972801685333252)","(359.9417419433594, 90.60802459716797, 0.07133173197507858)",0.551577,0.858882,"(0.589921, -0.000106, -0.239972)",LeftFalse_RightFalse
6.042236,0.017825,"(34.398216247558594, 1.2171939611434937, 1.0166010856628418)","(2.387216567993164, 263.65069580078125, 357.708740234375)","(34.390419006347656, 0.6886293888092041, -1.0083941221237183)","(359.9798583984375, 192.7508544921875, 0.0847177505493164)","(34.54178237915039, -0.004051297437399626, 1.3984447717666626)","(359.9129333496094, 269.92547607421875, -0.0008293119608424604)",0.567144,-0.006409,"(-1.038837, -0.000066, -0.003881)",LeftFalse_RightFalse,False,"(-34.692420959472656, -0.004009419586509466, -1.9859977960586548)","(359.9383850097656, 91.1244888305664, 0.0755329504609108)",0.61235,0.846673,"(0.632811, -0.000103, -0.258672)",LeftFalse_RightFalse
6.095947,0.017852,"(34.34019088745117, 1.217191457748413, 1.0168869495391846)","(2.406810760498047, 263.7160339355469, 357.623291015625)","(34.33249282836914, 0.6886321902275085, -1.008631944656372)","(359.9794616699219, 192.74456787109375, 0.08618464320898056)","(34.48357391357422, -0.004054775461554527, 1.3982231616973877)","(359.9114074707031, 269.9192199707031, -0.0008807885460555553)",0.567998,-0.006409,"(-1.115192, -0.000059, -0.004290)",LeftFalse_RightFalse,False,"(-34.65622329711914, -0.004014940001070499, -2.0008511543273926)","(359.9347839355469, 91.69334411621094, 0.07982602715492249)",0.568729,0.834133,"(0.700865, -0.000105, -0.287524)",LeftFalse_RightFalse
6.1521,0.018305,"(34.275211334228516, 1.2171906232833862, 1.0169936418533325)","(2.4070706367492676, 263.7884521484375, 357.57330322265625)","(34.26802444458008, 0.6886348724365234, -1.008902907371521)","(359.9791259765625, 192.73757934570312, 0.08747836947441101)","(34.41879653930664, -0.004058098886162043, 1.3979698419570923)","(359.9100646972656, 269.9122314453125, -0.0009377880487591028)",0.568621,-0.006409,"(-1.191227, -0.000058, -0.004725)",LeftFalse_RightFalse,False,"(-34.614994049072266, -0.004020573105663061, -2.0178842544555664)","(359.9315185546875, 92.33004760742188, 0.08395411819219589)",0.588619,0.822034,"(0.767590, -0.000097, -0.318710)",LeftFalse_RightFalse
6.206909,0.018306,"(34.20806884765625, 1.2171902656555176, 1.0169332027435303)","(2.4171841144561768, 263.8247985839844, 357.536865234375)","(34.20139694213867, 0.6886371374130249, -1.0091902017593384)","(359.97882080078125, 192.7303924560547, 0.08853679150342941)","(34.35185241699219, -0.004061250481754541, 1.3977004289627075)","(359.9089660644531, 269.905029296875, -0.0009962549665942788)",0.569076,-0.006409,"(-1.266904, -0.000055, -0.005186)",LeftFalse_RightFalse,False,"(-34.571441650390625, -0.004025780130177736, -2.036111831665039)","(359.9286804199219, 92.9938735961914, 0.08843234181404114)",0.599852,0.812905,"(0.834792, -0.000091, -0.352363)",LeftFalse_RightFalse
6.260376,0.018011,"(34.13897705078125, 1.217189908027649, 1.016750693321228)","(2.4188342094421387, 263.8296203613281, 357.5108642578125)","(34.1327018737793, 0.6886393427848816, -1.0094947814941406)","(359.97857666015625, 192.72296142578125, 0.08941066265106201)","(34.282833099365234, -0.004064002074301243, 1.3974144458770752)","(359.9080505371094, 269.8975830078125, -0.0010554023319855332)",0.569407,-0.006409,"(-1.317150, -0.000054, -0.005511)",LeftFalse_RightFalse,False,"(-34.52561569213867, -0.004030383192002773, -2.0556366443634033)","(359.9261169433594, 93.68559265136719, 0.09371855109930038)",0.599561,0.808806,"(0.882205, -0.000088, -0.378430)",LeftFalse_RightFalse
6.315186,0.018106,"(34.06439208984375, 1.217189073562622, 1.0164819955825806)","(2.411430597305298, 263.81378173828125, 357.48565673828125)","(34.058475494384766, 0.6886411309242249, -1.0098339319229126)","(359.97833251953125, 192.71493530273438, 0.09018093347549438)","(34.20825958251953, -0.004067054018378258, 1.397096037864685)","(359.9072570800781, 269.88958740234375, -0.0011191852390766144)",0.569648,-0.006409,"(-1.392197, -0.000055, -0.006022)",LeftFalse_RightFalse,False,"(-34.47402572631836, -0.004036447033286095, -2.074902057647705)","(359.92083740234375, 94.33451843261719, 0.07114224880933762)",0.582344,0.618487,"(0.985610, -0.000138, -0.334189)",LeftFalse_RightFalse
6.36792,0.017853,"(33.989253997802734, 1.2171882390975952, 1.016168475151062)","(2.4011261463165283, 263.80596923828125, 357.4684753417969)","(33.98366165161133, 0.6886427998542786, -1.0101847648620605)","(359.9781188964844, 192.7068634033203, 0.09082770347595215)","(34.13309860229492, -0.0040699332021176815, 1.3967654705047607)","(359.9065856933594, 269.8815002441406, -0.0011837920174002647)",0.569824,-0.006409,"(-1.466832, -0.000055, -0.006565)",LeftFalse_RightFalse,False,"(-34.42036819458008, -0.004043824505060911, -2.093243360519409)","(359.91644287109375, 94.9210205078125, 0.05884388089179993)",0.604901,0.606826,"(1.058517, -0.000136, -0.367770)",LeftFalse_RightFalse
6.421021,0.017717,"(33.91021728515625, 1.2171872854232788, 1.0161314010620117)","(2.398810386657715, 263.8216247558594, 357.44879150390625)","(33.904869079589844, 0.6886444687843323, -1.0105644464492798)","(359.9779052734375, 192.6983642578125, 0.09140536189079285)","(34.0539436340332, -0.004072751384228468, 1.3964065313339233)","(359.9059753417969, 269.8730163574219, -0.0012518572621047497)",0.569952,-0.006409,"(-1.516359, -0.000054, -0.006945)",LeftFalse_RightFalse,False,"(-34.36277389526367, -0.004050835035741329, -2.1133453845977783)","(359.9129943847656, 95.54548645019531, 0.05945229530334473)",0.601319,0.588172,"(1.113178, -0.000130, -0.389602)",LeftFalse_RightFalse
6.475708,0.017957,"(33.82509231567383, 1.2171862125396729, 1.0160372257232666)","(2.3877391815185547, 263.8680114746094, 357.4332580566406)","(33.82000732421875, 0.6886460781097412, -1.0109864473342896)","(359.97772216796875, 192.689208984375, 0.09194114059209824)","(33.96868896484375, -0.00407569482922554, 1.3960076570510864)","(359.9053955078125, 269.8638610839844, -0.0013239646796137094)",0.568987,-0.006409,"(-1.590239, -0.000056, -0.007543)",LeftFalse_RightFalse,False,"(-34.299476623535156, -0.0040576565079391, -2.135552406311035)","(359.90997314453125, 96.20988464355469, 0.06309781223535538)",0.61203,0.563302,"(1.189824, -0.000121, -0.417526)",LeftFalse_RightFalse
6.532104,0.018408,"(33.73340606689453, 1.2171846628189087, 1.0157530307769775)","(2.356151580810547, 263.92108154296875, 357.43243408203125)","(33.728633880615234, 0.6886475682258606, -1.0114548206329346)","(359.9775085449219, 192.67938232421875, 0.09243036806583405)","(33.876895904541016, -0.004078933969140053, 1.3955638408660889)","(359.9048767089844, 269.85400390625, -0.0014030388556420803)",0.567541,-0.006409,"(-1.663515, -0.000058, -0.008175)",LeftFalse_RightFalse,False,"(-34.23013687133789, -0.004063837230205536, -2.159954071044922)","(359.90753173828125, 96.90913391113281, 0.06725247949361801)",0.608441,0.532732,"(1.268620, -0.000105, -0.446174)",LeftFalse_RightFalse
6.57251,0.019033,"(33.66544723510742, 1.2171834707260132, 1.01566743850708)","(2.331411361694336, 263.95233154296875, 357.4347229003906)","(33.66086959838867, 0.6886484622955322, -1.0118114948272705)","(359.9773864746094, 192.67208862304688, 0.09273916482925415)","(33.80882263183594, -0.004081286955624819, 1.3952252864837646)","(359.904541015625, 269.8467102050781, -0.0014605318428948522)",0.566581,-0.006409,"(-1.711985, -0.000060, -0.008617)",LeftFalse_RightFalse,False,"(-34.17793273925781, -0.0040680342353880405, -2.1783194541931152)","(359.90594482421875, 97.413818359375, 0.06946348398923874)",0.60978,0.508356,"(1.322174, -0.000100, -0.463994)",LeftFalse_RightFalse
6.627197,0.018656,"(33.570499420166016, 1.2171815633773804, 1.0155750513076782)","(2.309248208999634, 263.98614501953125, 357.4349365234375)","(33.56618881225586, 0.6886497139930725, -1.0123231410980225)","(359.97723388671875, 192.66189575195312, 0.09310644865036011)","(33.713706970214844, -0.004084560088813305, 1.3947386741638184)","(359.9041748046875, 269.8365478515625, -0.0015420441050082445)",0.565471,-0.006409,"(-1.784163, -0.000059, -0.009309)",LeftFalse_RightFalse,False,"(-34.103919982910156, -0.004073288291692734, -2.2042362689971924)","(359.9039611816406, 98.09410858154297, 0.07071710377931595)",0.605778,0.47265,"(1.402047, -0.000093, -0.488761)",LeftFalse_RightFalse
6.681885,0.018396,"(33.471595764160156, 1.2171796560287476, 1.0152562856674194)","(2.293567657470703, 263.9877624511719, 357.4112243652344)","(33.46760559082031, 0.6886508464813232, -1.0128731727600098)","(359.97705078125, 192.6512908935547, 0.09342870861291885)","(33.61467742919922, -0.00408785417675972, 1.3942151069641113)","(359.90380859375, 269.825927734375, -0.001625053700990975)",0.564661,-0.006531,"(-1.831955, -0.000062, -0.009791)",LeftFalse_RightFalse,False,"(-34.025657653808594, -0.004078211262822151, -2.2314465045928955)","(359.9021911621094, 98.76773834228516, 0.07027548551559448)",0.688018,0.434011,"(1.455718, -0.000090, -0.504638)",LeftFalse_RightFalse
6.735474,0.018111,"(33.371490478515625, 1.2171779870986938, 1.0148017406463623)","(2.3178818225860596, 263.950927734375, 357.3782653808594)","(33.36785888671875, 0.6886542439460754, -1.0134525299072266)","(359.97686767578125, 192.6403350830078, 0.09369893372058868)","(33.51446533203125, -0.004091166891157627, 1.3936622142791748)","(359.90350341796875, 269.81500244140625, -0.0017638455610722303)",0.564072,-0.007385,"(-1.903152, -0.000061, -0.010766)",LeftFalse_RightFalse,False,"(-33.944984436035156, -0.004083328414708376, -2.258971691131592)","(359.8999328613281, 99.40213775634766, 0.06642317026853561)",0.587976,0.394165,"(1.541865, -0.000098, -0.521346)",LeftFalse_RightFalse
6.79187,0.018452,"(33.26210403442383, 1.2171777486801147, 1.014240026473999)","(2.3354313373565674, 263.91534423828125, 357.3456115722656)","(33.25910568237305, 0.6886662840843201, -1.0141313076019287)","(359.9764404296875, 192.62725830078125, 0.0939214676618576)","(33.40515899658203, -0.0040947068482637405, 1.393012285232544)","(359.9031982421875, 269.8019104003906, -0.0021160077303647995)",0.563642,-0.009399,"(-1.973835, -0.000064, -0.012369)",LeftFalse_RightFalse,False,"(-33.85578918457031, -0.004088774789124727, -2.2888388633728027)","(359.8983459472656, 100.03889465332031, 0.06087633594870567)",0.598,0.346976,"(1.623060, -0.000091, -0.538569)",LeftFalse_RightFalse
6.848755,0.018677,"(33.147911071777344, 1.2171801328659058, 1.0135726928710938)","(2.3533384799957275, 263.89801025390625, 357.3261413574219)","(33.14585876464844, 0.6886931657791138, -1.0149292945861816)","(359.9756774902344, 192.61094665527344, 0.09406328201293945)","(33.291221618652344, -0.004098445642739534, 1.3922476768493652)","(359.90289306640625, 269.78558349609375, -0.002827271819114685)",0.563328,-0.012177,"(-2.044023, -0.000067, -0.014879)",LeftFalse_RightFalse,False,"(-33.761505126953125, -0.004093995317816734, -2.3197474479675293)","(359.89697265625, 100.64094543457031, 0.05398989096283913)",0.597659,0.297011,"(1.705388, -0.000088, -0.551021)",LeftFalse_RightFalse
6.905762,0.018891,"(33.02946472167969, 1.217185139656067, 1.0132060050964355)","(2.380953788757324, 263.888916015625, 357.3026428222656)","(33.02861404418945, 0.6887366771697998, -1.0158913135528564)","(359.97454833984375, 192.58973693847656, 0.09412319213151932)","(33.1730842590332, -0.004102280829101801, 1.3913252353668213)","(359.902587890625, 269.764404296875, -0.003932234365493059)",0.5631,-0.015137,"(-2.113733, -0.000068, -0.018156)",LeftFalse_RightFalse,False,"(-33.66242980957031, -0.004098765552043915, -2.3513529300689697)","(359.89581298828125, 101.1935043334961, 0.045353326946496964)",0.603,0.245137,"(1.787715, -0.000085, -0.559726)",LeftFalse_RightFalse
6.963013,0.018991,"(32.907066345214844, 1.2171924114227295, 1.0125212669372559)","(2.4120001792907715, 263.8868713378906, 357.2598571777344)","(32.90752410888672, 0.6887969970703125, -1.0170741081237793)","(359.9729919433594, 192.5619659423828, 0.09410169720649719)","(33.05082321166992, -0.004106202628463507, 1.3901944160461426)","(359.9022521972656, 269.73663330078125, -0.005442230496555567)",0.562933,-0.017517,"(-2.159932, -0.000069, -0.021044)",LeftFalse_RightFalse,False,"(-33.55830001831055, -0.004104006569832563, -2.3832128047943115)","(359.89422607421875, 101.67462921142578, 0.032460976392030716)",0.570661,0.192007,"(1.850076, -0.000095, -0.556279)",LeftFalse_RightFalse
7.020386,0.019046,"(32.78087615966797, 1.2171993255615234, 1.011704444885254)","(2.4448347091674805, 263.87603759765625, 357.2008972167969)","(32.782657623291016, 0.6888582110404968, -1.0184999704360962)","(359.971435546875, 192.5273895263672, 0.09408513456583023)","(32.92449951171875, -0.004110322799533606, 1.3888357877731323)","(359.90191650390625, 269.7020568847656, 359.9930114746094)",0.562811,-0.01886,"(-2.228866, -0.000072, -0.024952)",LeftFalse_RightFalse,False,"(-33.44926452636719, -0.004109241534024477, -2.414837121963501)","(359.8932189941406, 102.06564331054688, 0.016752788797020912)",0.601825,0.138123,"(1.932514, -0.000089, -0.551246)",LeftFalse_RightFalse
7.074951,0.018635,"(32.656856536865234, 1.2172037363052368, 1.0106830596923828)","(2.4650375843048096, 263.865478515625, 357.1531066894531)","(32.660430908203125, 0.6888993978500366, -1.0200514793395996)","(359.9703369140625, 192.49021911621094, 0.09417092800140381)","(32.80070877075195, -0.004114401526749134, 1.3873631954193115)","(359.9015808105469, 269.6648864746094, 359.9919738769531)",0.562723,-0.018951,"(-2.297373, -0.000076, -0.028246)",LeftFalse_RightFalse,False,"(-33.34120178222656, -0.004113893024623394, -2.4446563720703125)","(359.8926696777344, 102.35694122314453, 0.0021203940268605947)",0.599794,0.086525,"(2.015050, -0.000082, -0.544160)",LeftFalse_RightFalse
7.131348,0.018664,"(32.52553176879883, 1.2172046899795532, 1.0092123746871948)","(2.518803358078003, 263.888671875, 357.0545654296875)","(32.530818939208984, 0.6889210343360901, -1.0218172073364258)","(359.96966552734375, 192.4494171142578, 0.09438007324934006)","(32.669376373291016, -0.004118803888559341, 1.3856894969940186)","(359.9012451171875, 269.62408447265625, 359.9913635253906)",0.562658,-0.018951,"(-2.365456, -0.000079, -0.031111)",LeftFalse_RightFalse,False,"(-33.22538757324219, -0.0041183969005942345, -2.474972724914551)","(359.8924255371094, 102.57274627685547, 359.9872131347656)",0.599882,0.03457,"(2.097723, -0.000078, -0.532932)",LeftFalse_RightFalse
7.1875,0.018677,"(32.39137268066406, 1.217203140258789, 1.0076557397842407)","(2.5438013076782227, 263.9023132324219, 356.9849548339844)","(32.39825439453125, 0.6889293789863586, -1.0237280130386353)","(359.96929931640625, 192.40721130371094, 0.09466701000928879)","(32.5350341796875, -0.0041231634095311165, 1.3838764429092407)","(359.90087890625, 269.5818786621094, 359.9910888671875)",0.561869,-0.018951,"(-2.433086, -0.000079, -0.033942)",LeftFalse_RightFalse,False,"(-33.105735778808594, -0.004122673999518156, -2.504446029663086)","(359.892333984375, 102.69647216796875, 359.97186279296875)",0.606202,-0.017585,"(2.180026, -0.000072, -0.516037)",LeftFalse_RightFalse
7.241211,0.018224,"(32.25956726074219, 1.2172008752822876, 1.006203055381775)","(2.5402050018310547, 263.9249572753906, 356.921630859375)","(32.268089294433594, 0.6889320015907288, -1.0257011651992798)","(359.9690856933594, 192.36563110351562, 0.0949641540646553)","(32.40311813354492, -0.00412738136947155, 1.3820003271102905)","(359.9005432128906, 269.540283203125, 359.9909362792969)",0.560977,-0.018951,"(-2.477833, -0.000080, -0.035872)",LeftFalse_RightFalse,False,"(-32.98704528808594, -0.0041265422478318214, -2.5316076278686523)","(359.89215087890625, 102.7184066772461, 359.95489501953125)",0.601791,-0.066979,"(2.239357, -0.000075, -0.496545)",LeftFalse_RightFalse
7.297241,0.018423,"(32.11850357055664, 1.2171987295150757, 1.0043542385101318)","(2.50726318359375, 263.97259521484375, 356.8743896484375)","(32.1290168762207, 0.6889339685440063, -1.0279123783111572)","(359.9689025878906, 192.32107543945312, 0.09525413066148758)","(32.262168884277344, -0.004131960682570934, 1.3798918724060059)","(359.90020751953125, 269.4957275390625, 359.9908142089844)",0.560327,-0.019287,"(-2.544446, -0.000082, -0.038932)",LeftFalse_RightFalse,False,"(-32.85893249511719, -0.0041307080537080765, -2.5581767559051514)","(359.8921813964844, 102.62053680419922, 359.9335021972656)",0.617758,-0.103039,"(2.320776, -0.000074, -0.462350)",LeftFalse_RightFalse
7.353027,0.018541,"(31.9748592376709, 1.2171965837478638, 1.0026617050170898)","(2.4816019535064697, 264.0062255859375, 356.8565368652344)","(31.987110137939453, 0.6889408230781555, -1.030286192893982)","(359.96856689453125, 192.27516174316406, 0.09549780189990997)","(32.11832809448242, -0.004136588424444199, 1.377620816230774)","(359.89990234375, 269.4498291015625, 359.9905700683594)",0.559853,-0.020142,"(-2.610523, -0.000083, -0.042438)",LeftFalse_RightFalse,False,"(-32.727134704589844, -0.004134722985327244, -2.5832486152648926)","(359.89239501953125, 102.42864990234375, 359.9167785644531)",0.6127,-0.132631,"(2.401189, -0.000073, -0.440174)",LeftFalse_RightFalse
7.410522,0.018869,"(31.823339462280273, 1.2171958684921265, 1.0003798007965088)","(2.490159034729004, 264.0097351074219, 356.84307861328125)","(31.837421417236328, 0.6889578700065613, -1.0329415798187256)","(359.968017578125, 192.22523498535156, 0.09567971527576447)","(31.96653938293457, -0.004141480661928654, 1.375072717666626)","(359.89959716796875, 269.39990234375, 359.99005126953125)",0.559508,-0.021332,"(-2.676083, -0.000085, -0.046591)",LeftFalse_RightFalse,False,"(-32.587005615234375, -0.004138689488172531, -2.6078379154205322)","(359.8926086425781, 102.15357971191406, 359.90399169921875)",0.617389,-0.161952,"(2.480969, -0.000075, -0.414872)",LeftFalse_RightFalse
7.463989,0.018319,"(31.67871856689453, 1.2171974182128906, 0.9979707598686218)","(2.498570203781128, 263.9850158691406, 356.7884521484375)","(31.695039749145508, 0.6889844536781311, -1.0356310606002808)","(359.9672546386719, 192.1756591796875, 0.09578763693571091)","(31.822071075439453, -0.00414592819288373, 1.3724850416183472)","(359.8993225097656, 269.3503112792969, 359.9893493652344)",0.559256,-0.022491,"(-2.719512, -0.000085, -0.049676)",LeftFalse_RightFalse,False,"(-32.45268630981445, -0.004142741207033396, -2.629403829574585)","(359.8927917480469, 101.8286361694336, 359.8931884765625)",0.686894,-0.184489,"(2.534045, -0.000077, -0.395544)",LeftFalse_RightFalse
7.519165,0.01841,"(31.526506423950195, 1.2172002792358398, 0.9955562949180603)","(2.525489330291748, 263.96734619140625, 356.71185302734375)","(31.544965744018555, 0.689022958278656, -1.0386706590652466)","(359.9662170410156, 192.12030029296875, 0.09583622962236404)","(31.669666290283203, -0.004150630906224251, 1.369554877281189)","(359.8990478515625, 269.2949523925781, 359.9883117675781)",0.559072,-0.023804,"(-2.784234, -0.000088, -0.054920)",LeftFalse_RightFalse,False,"(-32.30982208251953, -0.00414707325398922, -2.6500022411346436)","(359.8925476074219, 101.4173812866211, 359.8811950683594)",0.611291,-0.204757,"(2.615782, -0.000088, -0.362195)",LeftFalse_RightFalse
7.577393,0.018854,"(31.3629150390625, 1.2172034978866577, 0.9924030303955078)","(2.539478302001953, 263.95635986328125, 356.6525573730469)","(31.383703231811523, 0.6890679001808167, -1.0421712398529053)","(359.9649963378906, 192.05740356445312, 0.0958646833896637)","(31.505756378173828, -0.004155848175287247, 1.366175651550293)","(359.89874267578125, 269.2320861816406, 359.9871520996094)",0.558939,-0.02478,"(-2.848492, -0.000090, -0.060440)",LeftFalse_RightFalse,False,"(-32.155250549316406, -0.004151955246925354, -2.669874668121338)","(359.89263916015625, 100.91470336914062, 359.8697814941406)",0.614032,-0.224307,"(2.694254, -0.000085, -0.328196)",LeftFalse_RightFalse
7.633301,0.018742,"(31.20195960998535, 1.2172062397003174, 0.9888954758644104)","(2.5476505756378174, 263.93890380859375, 356.6647033691406)","(31.22509002685547, 0.6891086101531982, -1.0458455085754395)","(359.9638977050781, 191.99278259277344, 0.09591072797775269)","(31.344423294067383, -0.0041608973406255245, 1.362624168395996)","(359.8984680175781, 269.1674499511719, 359.986083984375)",0.558841,-0.024933,"(-2.912302, -0.000091, -0.065964)",LeftFalse_RightFalse,False,"(-32.00216293334961, -0.004156757146120071, -2.687136650085449)","(359.8927917480469, 100.36717224121094, 359.85931396484375)",0.615021,-0.241287,"(2.771558, -0.000087, -0.291323)",LeftFalse_RightFalse
7.688477,0.01859,"(31.040191650390625, 1.2172073125839233, 0.9850732684135437)","(2.5700056552886963, 263.9360046386719, 356.6925964355469)","(31.065704345703125, 0.6891388297080994, -1.0497443675994873)","(359.9630126953125, 191.9263916015625, 0.09601514041423798)","(31.18224334716797, -0.004165882244706154, 1.3588523864746094)","(359.8981628417969, 269.1010437011719, 359.9852600097656)",0.55877,-0.02478,"(-2.975679, -0.000093, -0.071285)",LeftFalse_RightFalse,False,"(-31.84743309020996, -0.004161405842751265, -2.7021987438201904)","(359.8929748535156, 99.77131652832031, 359.8492431640625)",0.617796,-0.256222,"(2.848008, -0.000090, -0.251315)",LeftFalse_RightFalse
7.744507,0.01868,"(30.872865676879883, 1.217206597328186, 0.9808731079101562)","(2.6107230186462402, 263.981201171875, 356.7264709472656)","(30.900842666625977, 0.6891578435897827, -1.0539706945419312)","(359.96240234375, 191.85736083984375, 0.09618858247995377)","(31.014476776123047, -0.0041711763478815556, 1.3547579050064087)","(359.8978576660156, 269.03204345703125, 359.9847106933594)",0.558718,-0.022949,"(-3.017694, -0.000093, -0.074646)",LeftFalse_RightFalse,False,"(-31.686553955078125, -0.004166260361671448, -2.715341806411743)","(359.89312744140625, 99.11283111572266, 359.83905029296875)",0.688155,-0.269254,"(2.898637, -0.000094, -0.222754)",LeftFalse_RightFalse
7.801636,0.018862,"(30.69808006286621, 1.2168526649475098, 0.9764342308044434)","(2.716379165649414, 264.0852966308594, 356.73040771484375)","(30.728958129882812, 0.6891406178474426, -1.0584983825683594)","(359.962646484375, 191.7889862060547, 0.09656906127929688)","(30.83971405029297, -0.00417642155662179, 1.3503673076629639)","(359.8975524902344, 268.9636535644531, 359.9850158691406)",0.55868,-0.019348,"(-3.080417, -0.000095, -0.077890)",LeftFalse_RightFalse,False,"(-31.517921447753906, -0.004171802196651697, -2.726182222366333)","(359.892822265625, 98.37906646728516, 359.82708740234375)",0.610589,-0.280069,"(2.976948, -0.000100, -0.174115)",LeftFalse_RightFalse
7.859863,0.019123,"(30.516536712646484, 1.21652352809906, 0.971721887588501)","(2.863861083984375, 264.2381286621094, 356.71087646484375)","(30.54991340637207, 0.6890802979469299, -1.0632318258285522)","(359.9638671875, 191.725830078125, 0.09718981385231018)","(30.658008575439453, -0.004181967582553625, 1.3457709550857544)","(359.897216796875, 268.9004821777344, 359.986328125)",0.558653,-0.014709,"(-3.142758, -0.000096, -0.079527)",LeftFalse_RightFalse,False,"(-31.34185028076172, -0.00417738500982523, -2.7344915866851807)","(359.8929138183594, 97.57666778564453, 359.8155212402344)",0.615735,-0.289539,"(3.051058, -0.000099, -0.123921)",LeftFalse_RightFalse
7.91626,0.018967,"(30.33747673034668, 1.2163441181182861, 0.967094898223877)","(2.933673858642578, 264.3669738769531, 356.7165832519531)","(30.37281608581543, 0.688987672328949, -1.067842960357666)","(359.9658203125, 191.67417907714844, 0.09797422587871552)","(30.478734970092773, -0.004187454469501972, 1.3412811756134033)","(359.8968811035156, 268.8488464355469, 359.9884338378906)",0.558242,-0.011047,"(-3.204697, -0.000098, -0.079994)",LeftFalse_RightFalse,False,"(-31.16741371154785, -0.004183003678917885, -2.739755392074585)","(359.89300537109375, 96.75300598144531, 359.8049011230469)",0.617761,-0.29588,"(3.123649, -0.000101, -0.071510)",LeftFalse_RightFalse
7.974487,0.019214,"(30.149211883544922, 1.2162355184555054, 0.962303638458252)","(2.932101011276245, 264.5007019042969, 356.7915344238281)","(30.186155319213867, 0.6888829469680786, -1.0726044178009033)","(359.96807861328125, 191.63095092773438, 0.09882299602031708)","(30.290252685546875, -0.004193206783384085, 1.3366279602050781)","(359.89654541015625, 268.80560302734375, 359.9908142089844)",0.557275,-0.008698,"(-3.266080, -0.000098, -0.080336)",LeftFalse_RightFalse,False,"(-30.983348846435547, -0.004188572056591511, -2.7422261238098145)","(359.89312744140625, 95.86152648925781, 359.79486083984375)",0.61746,-0.298244,"(3.195680, -0.000100, -0.017014)",LeftFalse_RightFalse
8.031006,0.018977,"(29.963516235351562, 1.2161732912063599, 0.9576407074928284)","(2.8627166748046875, 264.551025390625, 356.8637390136719)","(30.00170135498047, 0.6887975931167603, -1.0772370100021362)","(359.9698791503906, 191.59695434570312, 0.09953567385673523)","(30.1043643951416, -0.0041986070573329926, 1.3320797681808472)","(359.8962707519531, 268.7716064453125, 359.99273681640625)",0.556569,-0.008514,"(-3.326846, -0.000097, -0.081631)",LeftFalse_RightFalse,False,"(-30.80117416381836, -0.004194302950054407, -2.741698741912842)","(359.8930969238281, 94.96587371826172, 359.78656005859375)",0.610518,-0.297061,"(3.266575, -0.000106, 0.037109)",LeftFalse_RightFalse
8.086304,0.018722,"(29.778244018554688, 1.2161380052566528, 0.9529884457588196)","(2.7350409030914307, 264.515380859375, 356.91729736328125)","(29.817493438720703, 0.6887484788894653, -1.081864356994629)","(359.9708557128906, 191.56744384765625, 0.1000245064496994)","(29.918912887573242, -0.004204020835459232, 1.3275172710418701)","(359.89599609375, 268.74212646484375, 359.9937744140625)",0.556055,-0.008545,"(-3.387036, -0.000100, -0.084097)",LeftFalse_RightFalse,False,"(-30.61888313293457, -0.004200042225420475, -2.7384159564971924)","(359.89300537109375, 94.06649780273438, 359.7801818847656)",0.610862,-0.293512,"(3.335820, -0.000109, 0.091557)",LeftFalse_RightFalse
8.139771,0.018339,"(29.596385955810547, 1.2161184549331665, 0.9483755826950073)","(2.5855751037597656, 264.43695068359375, 356.9553527832031)","(29.636608123779297, 0.6887288689613342, -1.0864582061767578)","(359.9711608886719, 191.540283203125, 0.10032864660024643)","(29.73688316345215, -0.004209441132843494, 1.3229758739471436)","(359.8957824707031, 268.7149353027344, 359.994140625)",0.55529,-0.008545,"(-3.426855, -0.000100, -0.086035)",LeftFalse_RightFalse,False,"(-30.43932342529297, -0.004205948673188686, -2.73258113861084)","(359.8924560546875, 93.18521118164062, 359.7755432128906)",0.586107,-0.286882,"(3.385644, -0.000121, 0.127200)",LeftFalse_RightFalse
8.196655,0.018648,"(29.39974594116211, 1.2161060571670532, 0.9433156251907349)","(2.519569158554077, 264.3418884277344, 356.9704895019531)","(29.44098663330078, 0.6887251138687134, -1.0914998054504395)","(359.9710693359375, 191.51168823242188, 0.10053826123476028)","(29.540056228637695, -0.004215151071548462, 1.3179833889007568)","(359.8955383300781, 268.68634033203125, 359.9941101074219)",0.553322,-0.008545,"(-3.486030, -0.000102, -0.089126)",LeftFalse_RightFalse,False,"(-30.24466896057129, -0.004212725907564163, -2.7236623764038086)","(359.8920593261719, 92.24581909179688, 359.7731018066406)",0.609398,-0.277578,"(3.451763, -0.000120, 0.179051)",LeftFalse_RightFalse
8.252319,0.018588,"(29.2043399810791, 1.2160985469818115, 0.9382028579711914)","(2.4806039333343506, 264.2545166015625, 356.984130859375)","(29.246580123901367, 0.6887296438217163, -1.096595048904419)","(359.9707946777344, 191.483642578125, 0.10065487027168274)","(29.344467163085938, -0.004220746457576752, 1.3129336833953857)","(359.8953857421875, 268.6582946777344, 359.9938659667969)",0.54977,-0.008545,"(-3.544325, -0.000101, -0.092349)",LeftFalse_RightFalse,False,"(-30.050777435302734, -0.004219407215714455, -2.712265968322754)","(359.8916931152344, 91.332763671875, 359.7724304199219)",0.601864,-0.265174,"(3.518067, -0.000119, 0.230098)",LeftFalse_RightFalse
8.310669,0.019042,"(28.99618911743164, 1.2160927057266235, 0.9326598644256592)","(2.4055206775665283, 264.15203857421875, 356.9679260253906)","(29.039485931396484, 0.6887373924255371, -1.1021192073822021)","(359.970458984375, 191.4539031982422, 0.1006782054901123)","(29.13612174987793, -0.00422670878469944, 1.3074560165405273)","(359.895263671875, 268.6285705566406, 359.9935607910156)",0.546864,-0.008545,"(-3.601559, -0.000100, -0.095661)",LeftFalse_RightFalse,False,"(-29.843772888183594, -0.004226470831781626, -2.697585105895996)","(359.8913269042969, 90.391357421875, 359.7740478515625)",0.600823,-0.24698,"(3.583888, -0.000122, 0.277235)",LeftFalse_RightFalse
8.368042,0.0191,"(28.788331985473633, 1.2160884141921997, 0.9270226955413818)","(2.329134225845337, 264.0753173828125, 356.946044921875)","(28.83268165588379, 0.6887457370758057, -1.1077369451522827)","(359.97015380859375, 191.42428588867188, 0.10061275213956833)","(28.928071975708008, -0.004232324194163084, 1.3018838167190552)","(359.895263671875, 268.59893798828125, 359.99322509765625)",0.544746,-0.008545,"(-3.657876, -0.000097, -0.099047)",LeftFalse_RightFalse,False,"(-29.63674545288086, -0.004233492072671652, -2.680710554122925)","(359.8914794921875, 89.497314453125, 359.7791442871094)",0.447669,-0.227794,"(3.632689, -0.000102, 0.317111)",LeftFalse_RightFalse
8.424316,0.018944,"(28.58147430419922, 1.2160842418670654, 0.9213107824325562)","(2.225602388381958, 264.0424499511719, 356.9488525390625)","(28.626869201660156, 0.6887533664703369, -1.1134288311004639)","(359.9698486328125, 191.39486694335938, 0.100494384765625)","(28.721023559570312, -0.004237803630530834, 1.2962369918823242)","(359.89532470703125, 268.56951904296875, 359.992919921875)",0.543201,-0.008545,"(-3.694980, -0.000096, -0.101345)",LeftFalse_RightFalse,False,"(-29.431541442871094, -0.0042382292449474335, -2.662189483642578)","(359.8945617675781, 88.6683349609375, 359.7879638671875)",0.481418,-0.2188,"(3.656510, -0.000061, 0.341055)",LeftFalse_RightFalse
8.478516,0.018521,"(28.379737854003906, 1.2160805463790894, 0.9154574871063232)","(2.1841318607330322, 264.02117919921875, 356.9841613769531)","(28.42618751525879, 0.6887602210044861, -1.1190788745880127)","(359.9695739746094, 191.3661651611328, 0.10035360604524612)","(28.519136428833008, -0.004242926370352507, 1.2906303405761719)","(359.8953857421875, 268.54083251953125, 359.99261474609375)",0.542076,-0.008545,"(-3.749980, -0.000095, -0.104851)",LeftTrue_RightFalse,False,"(-29.232555389404297, -0.004240031354129314, -2.642467737197876)","(359.89910888671875, 87.91433715820312, 359.796630859375)",0.351012,-0.208016,"(3.683850, -0.000002, 0.379138)",LeftFalse_RightFalse
8.536499,0.018943,"(28.160568237304688, 1.2160760164260864, 0.9087631702423096)","(2.171799898147583, 263.95623779296875, 357.0466613769531)","(28.2080020904541, 0.6887653470039368, -1.1253278255462646)","(359.9693603515625, 191.33511352539062, 0.10021090507507324)","(28.299644470214844, -0.004248497541993856, 1.284428358078003)","(359.8954772949219, 268.509765625, 359.99237060546875)",0.540513,-0.007507,"(-3.804355, -0.000096, -0.108253)",LeftTrue_RightFalse,False,"(-29.018190383911133, -0.00423813983798027, -2.6193108558654785)","(359.90606689453125, 87.1467056274414, 359.8053283691406)",0.317631,-0.194016,"(3.699404, 0.000065, 0.416124)",LeftFalse_RightFalse
8.594238,0.01912,"(27.940080642700195, 1.2160688638687134, 0.9020940065383911)","(2.116286039352417, 263.89752197265625, 357.1109619140625)","(27.988210678100586, 0.6887534260749817, -1.1316936016082764)","(359.9695129394531, 191.30572509765625, 0.10016373544931412)","(28.078617095947266, -0.004253988619893789, 1.278111219406128)","(359.89556884765625, 268.4803771972656, 359.99249267578125)",0.536475,-0.005707,"(-3.857968, -0.000096, -0.110589)",LeftTrue_RightFalse,False,"(-28.804590225219727, -0.004233150277286768, -2.594398021697998)","(359.9136657714844, 86.4284896850586, 359.8144226074219)",0.287839,-0.176825,"(3.707771, 0.000112, 0.447757)",LeftFalse_RightFalse
8.63623,0.019759,"(27.777484893798828, 1.2160614728927612, 0.8972535133361816)","(2.0847883224487305, 263.8804016113281, 357.1515197753906)","(27.82614517211914, 0.6887303590774536, -1.136397361755371)","(359.969970703125, 191.28660583496094, 0.10018202662467957)","(27.91575050354004, -0.0042579094879329205, 1.2734427452087402)","(359.8956604003906, 268.46124267578125, 359.9929504394531)",0.531378,-0.004852,"(-3.892995, -0.000094, -0.111693)",LeftTrue_RightFalse,False,"(-28.64876937866211, -0.004228117410093546, -2.575237989425659)","(359.9193115234375, 85.93757629394531, 359.8221740722656)",0.264859,-0.163869,"(3.710544, 0.000133, 0.465466)",LeftFalse_RightFalse
8.679443,0.020429,"(27.608470916748047, 1.216052770614624, 0.8922699689865112)","(2.0856244564056396, 263.86138916015625, 357.1651916503906)","(27.657655715942383, 0.6886998414993286, -1.1412858963012695)","(359.9706115722656, 191.26927185058594, 0.10016854852437973)","(27.746532440185547, -0.004261957947164774, 1.2685885429382324)","(359.89581298828125, 268.4439392089844, 359.9935607910156)",0.525763,-0.004669,"(-3.927196, -0.000093, -0.112812)",LeftTrue_RightFalse,False,"(-28.488319396972656, -0.004222226794809103, -2.55478835105896)","(359.9250183105469, 85.46424865722656, 359.83135986328125)",0.246119,-0.149277,"(3.710803, 0.000148, 0.480179)",LeftFalse_RightFalse
8.720459,0.020435,"(27.446828842163086, 1.2160450220108032, 0.8875237107276917)","(2.0987462997436523, 263.82965087890625, 357.16387939453125)","(27.49648666381836, 0.6886738538742065, -1.1459709405899048)","(359.9711608886719, 191.25445556640625, 0.10004021972417831)","(27.58474349975586, -0.004265704657882452, 1.2639325857162476)","(359.89605712890625, 268.4291076660156, 359.99407958984375)",0.514315,-0.004669,"(-3.960410, -0.000092, -0.114232)",LeftTrue_RightFalse,False,"(-28.336328506469727, -0.004216271918267012, -2.5348758697509766)","(359.9302062988281, 85.04926300048828, 359.8414306640625)",0.229329,-0.135161,"(3.709111, 0.000153, 0.491381)",LeftFalse_RightFalse
8.778931,0.019977,"(27.213899612426758, 1.2160351276397705, 0.8803241848945618)","(2.155649423599243, 263.7181701660156, 357.1325378417969)","(27.264291763305664, 0.6886475682258606, -1.1527601480484009)","(359.9717712402344, 191.2346954345703, 0.09944810718297958)","(27.35172462463379, -0.004270859062671661, 1.257179617881775)","(359.8967590332031, 268.40936279296875, -0.0054514165967702866)",0.485318,-0.004669,"(-4.006631, -0.000083, -0.116608)",LeftTrue_RightFalse,False,"(-28.119823455810547, -0.004207472782582045, -2.5058186054229736)","(359.9371643066406, 84.51760864257812, 359.8574523925781)",0.20997,-0.114683,"(3.703314, 0.000154, 0.503712)",LeftFalse_RightFalse
8.838379,0.019933,"(26.97430992126465, 1.216025471687317, 0.8729250431060791)","(2.168637990951538, 263.6573181152344, 357.1130676269531)","(27.02543830871582, 0.6886299848556519, -1.159806489944458)","(359.9723205566406, 191.21536254882812, 0.09802649170160294)","(27.112077713012695, -0.004275309853255749, 1.2501659393310547)","(359.8982849121094, 268.3900146484375, -0.00523610133677721)",0.450671,-0.004578,"(-4.046580, -0.000064, -0.118951)",LeftTrue_RightFalse,False,"(-27.899921417236328, -0.004198720213025808, -2.475637674331665)","(359.9435729980469, 84.0465316772461, 359.8741149902344)",0.192298,-0.108812,"(3.693752, 0.000149, 0.514617)",LeftFalse_RightFalse
8.878662,0.020003,"(26.810836791992188, 1.216018795967102, 0.8679381012916565)","(2.206728458404541, 263.66522216796875, 357.1411437988281)","(26.862449645996094, 0.6886204481124878, -1.1646521091461182)","(359.9727478027344, 191.20257568359375, 0.09648239612579346)","(26.948570251464844, -0.004277471452951431, 1.2453408241271973)","(359.8998718261719, 268.3772277832031, -0.005162240006029606)",0.425992,-0.004578,"(-4.069315, -0.000049, -0.120421)",LeftTrue_RightFalse,False,"(-27.75139808654785, -0.0041930535808205605, -2.454721212387085)","(359.9475402832031, 83.755859375, 359.8830871582031)",0.183612,-0.103567,"(3.684829, 0.000142, 0.524905)",LeftFalse_RightFalse
8.919067,0.020075,"(26.6461181640625, 1.216011643409729, 0.8629279732704163)","(2.3250551223754883, 263.6893615722656, 357.2041931152344)","(26.698209762573242, 0.6886118054389954, -1.1695677042007446)","(359.9732360839844, 191.18984985351562, 0.09443323314189911)","(26.78382110595703, -0.004279015585780144, 1.2404452562332153)","(359.9019775390625, 268.364501953125, -0.005130209494382143)",0.398899,-0.004578,"(-4.088677, -0.000027, -0.121826)",LeftTrue_RightFalse,False,"(-27.602903366088867, -0.00418767798691988, -2.433337450027466)","(359.95123291015625, 83.48190307617188, 359.89056396484375)",0.174062,-0.097953,"(3.674790, 0.000135, 0.534654)",LeftFalse_RightFalse
8.978394,0.019898,"(26.402572631835938, 1.216001033782959, 0.8555587530136108)","(2.5142619609832764, 263.6962890625, 357.2919921875)","(26.455581665039062, 0.6886004209518433, -1.1768913269042969)","(359.97412109375, 191.17129516601562, 0.09050849825143814)","(26.54046058654785, -0.00427953340113163, 1.2331509590148926)","(359.906005859375, 268.345947265625, -0.005129738710820675)",0.363165,-0.004578,"(-4.111156, 0.000007, -0.123777)",LeftTrue_RightFalse,False,"(-27.38543701171875, -0.004180165473371744, -2.401332139968872)","(359.9560241699219, 83.11245727539062, 359.9010925292969)",0.164008,-0.074534,"(3.658764, 0.000123, 0.542801)",LeftFalse_RightFalse
9.036987,0.019774,"(26.160717010498047, 1.2159905433654785, 0.8482486009597778)","(2.6062047481536865, 263.70416259765625, 357.29443359375)","(26.214845657348633, 0.6885899305343628, -1.1842315196990967)","(359.9751892089844, 191.15301513671875, 0.08577455580234528)","(26.299015045166016, -0.00427814107388258, 1.2258391380310059)","(359.9108581542969, 268.3276672363281, -0.0051574017852544785)",0.337944,-0.004578,"(-4.127054, 0.000039, -0.125560)",LeftTrue_RightFalse,False,"(-27.17154312133789, -0.004173744935542345, -2.3696422576904297)","(359.9600524902344, 82.80513763427734, 359.9148864746094)",0.151768,-0.054077,"(3.642628, 0.000109, 0.540857)",LeftFalse_RightFalse
9.077271,0.019911,"(25.994064331054688, 1.2159837484359741, 0.8431501388549805)","(2.6207387447357178, 263.71075439453125, 357.26910400390625)","(26.04884147644043, 0.6885833740234375, -1.1893359422683716)","(359.9759521484375, 191.14047241210938, 0.08225113153457642)","(26.132526397705078, -0.004276011139154434, 1.220753788948059)","(359.9144592285156, 268.31512451171875, -0.005181767977774143)",0.325755,-0.004578,"(-4.135025, 0.000060, -0.126680)",LeftTrue_RightFalse,False,"(-27.025009155273438, -0.004169574938714504, -2.3480141162872314)","(359.9624938964844, 82.6317367553711, 359.9258728027344)",0.146689,-0.043818,"(3.631109, 0.000102, 0.536105)",LeftFalse_RightFalse
9.133911,0.01948,"(25.759374618530273, 1.2159746885299683, 0.8358954191207886)","(2.6159651279449463, 263.73150634765625, 357.2276306152344)","(25.814964294433594, 0.688575029373169, -1.1965882778167725)","(359.97705078125, 191.12283325195312, 0.0772593691945076)","(25.897968292236328, -0.0042721545323729515, 1.2135286331176758)","(359.9195861816406, 268.2974853515625, -0.005218886770308018)",0.311672,-0.004578,"(-4.144118, 0.000077, -0.128287)",LeftTrue_RightFalse,False,"(-26.819793701171875, -0.004164386074990034, -2.3179125785827637)","(359.9654846191406, 82.43702697753906, 359.9411926269531)",0.139756,-0.030199,"(3.612965, 0.000089, 0.529770)",LeftFalse_RightFalse
9.174927,0.019832,"(25.58949851989746, 1.2159688472747803, 0.8305935859680176)","(2.611020088195801, 263.7525329589844, 357.22637939453125)","(25.645631790161133, 0.6885697841644287, -1.2018831968307495)","(359.9778137207031, 191.11009216308594, 0.0737900584936142)","(25.72814178466797, -0.004268953111022711, 1.208253026008606)","(359.9231262207031, 268.28472900390625, -0.005246016196906567)",0.305228,-0.004578,"(-4.148704, 0.000083, -0.129319)",LeftTrue_RightFalse,False,"(-26.67205810546875, -0.004160844720900059, -2.2963855266571045)","(359.9673767089844, 82.3274917602539, 359.9515075683594)",0.134688,-0.02045,"(3.599972, 0.000086, 0.524134)",LeftFalse_RightFalse
9.233887,0.019716,"(25.34476661682129, 1.2159619331359863, 0.8228853344917297)","(2.5689826011657715, 263.776123046875, 357.2320556640625)","(25.401641845703125, 0.6885635852813721, -1.2095776796340942)","(359.97882080078125, 191.09173583984375, 0.06920547783374786)","(25.483436584472656, -0.004263963084667921, 1.200585961341858)","(359.9278259277344, 268.266357421875, -0.005281628575176001)",0.298537,-0.004578,"(-4.154070, 0.000084, -0.130827)",LeftTrue_RightFalse,False,"(-26.460412979125977, -0.004156156443059444, -2.2659640312194824)","(359.9698181152344, 82.21723175048828, 359.966552734375)",0.131486,0.011252,"(3.580745, 0.000076, 0.507782)",LeftFalse_RightFalse
9.290649,0.019269,"(25.108806610107422, 1.2159563302993774, 0.8153768181800842)","(2.456454277038574, 263.7865295410156, 357.27313232421875)","(25.166370391845703, 0.68855881690979, -1.2170708179473877)","(359.97967529296875, 191.0740509033203, 0.06537969410419464)","(25.247468948364258, -0.004259429406374693, 1.1931192874908447)","(359.9317321777344, 268.2486877441406, -0.0053112865425646305)",0.29398,-0.004578,"(-4.158225, 0.000076, -0.132306)",LeftTrue_RightFalse,False,"(-26.257564544677734, -0.004152054898440838, -2.237978219985962)","(359.97186279296875, 82.18582153320312, 359.9854431152344)",0.131328,0.037828,"(3.562241, 0.000073, 0.478588)",LeftFalse_RightFalse
9.346802,0.018996,"(24.874895095825195, 1.2159521579742432, 0.8078603744506836)","(2.369615316390991, 263.7837829589844, 357.2981262207031)","(24.933122634887695, 0.688555121421814, -1.2245702743530273)","(359.9803771972656, 191.0565185546875, 0.062210749834775925)","(25.01352310180664, -0.004255420062690973, 1.185645341873169)","(359.93499755859375, 268.2311706542969, -0.005336875561624765)",0.290659,-0.004578,"(-4.161522, 0.000062, -0.133762)",LeftTrue_RightFalse,False,"(-26.05760383605957, -0.004148105625063181, -2.2119247913360596)","(359.9736022949219, 82.2350845336914, 0.006410572212189436)",0.127011,0.070525,"(3.543761, 0.000068, 0.442991)",LeftFalse_RightFalse
9.405029,0.019172,"(24.633502960205078, 1.2159478664398193, 0.7999207973480225)","(2.2195773124694824, 263.73150634765625, 357.31329345703125)","(24.69193458557129, 0.6885520219802856, -1.2324001789093018)","(359.98095703125, 191.03842163085938, 0.05956215783953667)","(24.7716064453125, -0.0042521473951637745, 1.1778416633605957)","(359.93768310546875, 268.21307373046875, -0.005359940230846405)",0.288237,-0.004578,"(-4.164191, 0.000051, -0.135203)",LeftTrue_RightFalse,False,"(-25.85200309753418, -0.004144229460507631, -2.18723201751709)","(359.97528076171875, 82.37908935546875, 0.030752860009670258)",0.124595,0.101795,"(3.524831, 0.000063, 0.396988)",LeftFalse_RightFalse
9.462891,0.019153,"(24.392885208129883, 1.2159450054168701, 0.7919806241989136)","(2.1210715770721436, 263.6797180175781, 357.3316650390625)","(24.45173454284668, 0.688549816608429, -1.2402737140655518)","(359.98138427734375, 191.02040100097656, 0.05748967453837395)","(24.53067398071289, -0.0042493767105042934, 1.1699934005737305)","(359.9398193359375, 268.1950378417969, -0.005378123838454485)",0.286472,-0.004578,"(-4.165676, 0.000041, -0.136156)",LeftTrue_RightFalse,False,"(-25.648496627807617, -0.0041403379291296005, -2.1654438972473145)","(359.97711181640625, 82.6255111694336, 0.05728190764784813)",0.116147,0.126054,"(3.508943, 0.000066, 0.359460)",LeftFalse_RightFalse
9.520752,0.019243,"(24.151582717895508, 1.215942621231079, 0.7839683294296265)","(2.0645861625671387, 263.66912841796875, 357.3404846191406)","(24.210960388183594, 0.6885479688644409, -1.2482423782348633)","(359.98175048828125, 191.00233459472656, 0.05587458610534668)","(24.289159774780273, -0.004247427452355623, 1.1620502471923828)","(359.94146728515625, 268.1769714355469, -0.005393822677433491)",0.285185,-0.004578,"(-4.167555, 0.000029, -0.137575)",LeftTrue_RightFalse,False,"(-25.445863723754883, -0.004135900177061558, -2.146646738052368)","(359.97900390625, 82.97049713134766, 0.0827324166893959)",0.111707,0.138682,"(3.488576, 0.000073, 0.308913)",LeftFalse_RightFalse
9.56189,0.019695,"(23.98056983947754, 1.215941071510315, 0.7782531976699829)","(2.0403940677642822, 263.67755126953125, 357.3558654785156)","(24.04035758972168, 0.6885467767715454, -1.2539337873458862)","(359.98193359375, 190.98951721191406, 0.054965484887361526)","(24.118030548095703, -0.004246557131409645, 1.1563762426376343)","(359.9423828125, 268.1641845703125, -0.005403613205999136)",0.284527,-0.004578,"(-4.168664, 0.000021, -0.138519)",LeftTrue_RightFalse,False,"(-25.303037643432617, -0.004132857080549002, -2.1348886489868164)","(359.9800720214844, 83.25447082519531, 0.09689867496490479)",0.112426,0.147617,"(3.473605, 0.000069, 0.278209)",LeftFalse_RightFalse
9.621704,0.019892,"(23.731016159057617, 1.2159392833709717, 0.7698516845703125)","(1.999786615371704, 263.6869201660156, 357.3872375488281)","(23.791433334350586, 0.6885453462600708, -1.2623071670532227)","(359.982177734375, 190.97085571289062, 0.053930945694446564)","(23.86833381652832, -0.004245562944561243, 1.1480283737182617)","(359.9434509277344, 268.1455078125, -0.005414951127022505)",0.283767,-0.004578,"(-4.170167, 0.000014, -0.139929)",LeftTrue_RightFalse,False,"(-25.095836639404297, -0.004128688480705023, -2.1200008392333984)","(359.9814453125, 83.71347045898438, 0.11284594237804413)",0.107094,0.160664,"(3.451515, 0.000066, 0.233234)",LeftFalse_RightFalse
9.66333,0.020193,"(23.557661056518555, 1.2159382104873657, 0.7639708518981934)","(1.9796767234802246, 263.67779541015625, 357.4272766113281)","(23.618526458740234, 0.6885443329811096, -1.268170952796936)","(359.9822998046875, 190.95790100097656, 0.053378667682409286)","(23.694887161254883, -0.004245261196047068, 1.1421822309494019)","(359.94403076171875, 268.1325378417969, -0.005420360714197159)",0.283379,-0.004578,"(-4.171078, 0.000010, -0.140868)",LeftTrue_RightFalse,False,"(-24.952754974365234, -0.004125889390707016, -2.11124849319458)","(359.9822692871094, 84.0588607788086, 0.12183983623981476)",0.108925,0.16865,"(3.435787, 0.000065, 0.202155)",LeftFalse_RightFalse
9.722168,0.019901,"(23.312381744384766, 1.2159370183944702, 0.7555850744247437)","(2.015787363052368, 263.6553955078125, 357.44482421875)","(23.373891830444336, 0.6885433793067932, -1.2765343189239502)","(359.982421875, 190.93954467773438, 0.052781399339437485)","(23.449487686157227, -0.004244845360517502, 1.133843183517456)","(359.94464111328125, 268.11419677734375, -0.005428338889032602)",0.28293,-0.004578,"(-4.172347, 0.000003, -0.142274)",LeftTrue_RightFalse,False,"(-24.75153160095215, -0.00412209564819932, -2.1011579036712646)","(359.98333740234375, 84.58056640625, 0.13239315152168274)",0.107984,0.177796,"(3.412536, 0.000060, 0.156072)",LeftFalse_RightFalse
9.782715,0.020088,"(23.059856414794922, 1.2159359455108643, 0.7468709945678711)","(2.073650598526001, 263.626953125, 357.4479675292969)","(23.12203025817871, 0.6885425448417664, -1.2852264642715454)","(359.9825134277344, 190.920654296875, 0.05233919993042946)","(23.19683837890625, -0.004244804382324219, 1.1251758337020874)","(359.9450988769531, 268.0953063964844, -0.005435355938971043)",0.282603,-0.004578,"(-4.173522, 0.000000, -0.143677)",LeftTrue_RightFalse,False,"(-24.545839309692383, -0.004118314012885094, -2.093489646911621)","(359.9842834472656, 85.14983367919922, 0.14081907272338867)",0.101618,0.188348,"(3.388713, 0.000059, 0.110450)",LeftFalse_RightFalse
9.823486,0.020203,"(22.889501571655273, 1.215935230255127, 0.7409459352493286)","(2.129960536956787, 263.6280822753906, 357.4082946777344)","(22.95212745666504, 0.6885419487953186, -1.2911372184753418)","(359.9825439453125, 190.90789794921875, 0.052115894854068756)","(23.02640151977539, -0.004244895186275244, 1.1192820072174072)","(359.9453125, 268.0825500488281, -0.005439235828816891)",0.282436,-0.004578,"(-4.174264, -0.000002, -0.144612)",LeftTrue_RightFalse,False,"(-24.407955169677734, -0.0041159456595778465, -2.089909315109253)","(359.9848937988281, 85.55104064941406, 0.14576543867588043)",0.10337,0.193717,"(3.372031, 0.000059, 0.079409)",LeftFalse_RightFalse
9.867554,0.020904,"(22.705896377563477, 1.2159346342086792, 0.7345174551010132)","(2.16300630569458, 263.64898681640625, 357.35504150390625)","(22.769010543823242, 0.68854159116745, -1.297550082206726)","(359.98260498046875, 190.8941650390625, 0.05192885175347328)","(22.842708587646484, -0.0042449962347745895, 1.1128867864608765)","(359.94549560546875, 268.0688171386719, -0.005443234462291002)",0.2823,-0.004578,"(-4.175329, -0.000002, -0.146014)",LeftTrue_RightFalse,False,"(-24.26016616821289, -0.00411326764151454, -2.0874900817871094)","(359.9855041503906, 85.99679565429688, 0.15025214850902557)",0.144456,0.198191,"(3.346968, 0.000057, 0.034634)",LeftFalse_RightFalse
9.908691,0.020764,"(22.534208297729492, 1.215934157371521, 0.7284667491912842)","(2.211339235305786, 263.67193603515625, 357.3343505859375)","(22.597776412963867, 0.6885412335395813, -1.3035866022109985)","(359.9826354980469, 190.88131713867188, 0.051792316138744354)","(22.670936584472656, -0.004245203919708729, 1.106866717338562)","(359.9456481933594, 268.05596923828125, -0.0054486473090946674)",0.281794,-0.004669,"(-4.176019, -0.000004, -0.146980)",LeftTrue_RightFalse,False,"(-24.122665405273438, -0.004110942594707012, -2.0864946842193604)","(359.9858093261719, 86.42230224609375, 0.1533099263906479)",0.092612,0.202406,"(3.332998, 0.000049, 0.005580)",LeftFalse_RightFalse
9.967896,0.020281,"(22.28689956665039, 1.2159340381622314, 0.7196804285049438)","(2.276121139526367, 263.6422424316406, 357.2973327636719)","(22.351131439208984, 0.6885422468185425, -1.312351942062378)","(359.9826354980469, 190.86265563964844, 0.0516340546309948)","(22.423507690429688, -0.004245211370289326, 1.0981245040893555)","(359.94580078125, 268.03729248046875, -0.005483179818838835)",0.280303,-0.004517,"(-4.176891, -0.000005, -0.148436)",LeftTrue_RightFalse,False,"(-23.925827026367188, -0.004108118358999491, -2.0871939659118652)","(359.9862060546875, 87.04771423339844, 0.15651895105838776)",0.103698,0.206253,"(3.307177, 0.000046, -0.037538)",LeftFalse_RightFalse
10.027466,0.020159,"(22.0380916595459, 1.2159332036972046, 0.7107614278793335)","(2.3299331665039062, 263.59002685546875, 357.31988525390625)","(22.10298728942871, 0.688540518283844, -1.3212497234344482)","(359.982666015625, 190.843994140625, 0.05149957165122032)","(22.174579620361328, -0.004245557822287083, 1.0892508029937744)","(359.9459533691406, 268.01861572265625, -0.005459984764456749)",0.278538,-0.003723,"(-4.177441, -0.000002, -0.149550)",LeftTrue_RightFalse,False,"(-23.729326248168945, -0.0041051581501960754, -2.0903987884521484)","(359.98663330078125, 87.68817901611328, 0.1584467589855194)",0.095283,0.207813,"(3.281951, 0.000049, -0.078797)",LeftFalse_RightFalse
10.067871,0.020143,"(21.86945152282715, 1.2159315347671509, 0.704685389995575)","(2.3587088584899902, 263.5283508300781, 357.3673095703125)","(21.934772491455078, 0.6885331869125366, -1.3273106813430786)","(359.98284912109375, 190.83206176757812, 0.05142834037542343)","(22.005863189697266, -0.004245703108608723, 1.0832067728042603)","(359.946044921875, 268.0066833496094, -0.005295108072459698)",0.276881,-0.002563,"(-4.177619, -0.000003, -0.149849)",LeftTrue_RightFalse,False,"(-23.597021102905273, -0.004103187005966902, -2.09393048286438)","(359.9869079589844, 88.12541198730469, 0.15881280601024628)",0.098892,0.204293,"(3.264396, 0.000047, -0.104207)",LeftFalse_RightFalse
10.108154,0.020129,"(21.70121192932129, 1.2159284353256226, 0.6986191272735596)","(2.377084493637085, 263.45513916015625, 357.41064453125)","(21.766902923583984, 0.6885159015655518, -1.333361268043518)","(359.9832763671875, 190.8215789794922, 0.051391132175922394)","(21.837554931640625, -0.0042458283714950085, 1.0771740674972534)","(359.9461669921875, 267.9962158203125, -0.0048956479877233505)",0.276334,-0.001251,"(-4.177612, 0.000000, -0.149602)",LeftTrue_RightFalse,False,"(-23.465744018554688, -0.0041014160960912704, -2.0984385013580322)","(359.9871520996094, 88.55956268310547, 0.15786276757717133)",0.094175,0.200955,"(3.247332, 0.000048, -0.127075)",LeftFalse_RightFalse
10.149536,0.020354,"(21.528453826904297, 1.2159236669540405, 0.6920256614685059)","(2.397681474685669, 263.39422607421875, 357.4646911621094)","(21.594518661499023, 0.6884860992431641, -1.3395531177520752)","(359.9840087890625, 190.81320190429688, 0.05139871686697006)","(21.664819717407227, -0.004245847463607788, 1.0710012912750244)","(359.9463195800781, 267.98785400390625, -0.004195401445031166)",0.276604,-0.000183,"(-4.177579, 0.000001, -0.148965)",LeftTrue_RightFalse,False,"(-23.331737518310547, -0.004099455662071705, -2.1039986610412598)","(359.9873962402344, 88.99933624267578, 0.1555551290512085)",0.088529,0.196728,"(3.230071, 0.000048, -0.148225)",LeftFalse_RightFalse
10.190796,0.020448,"(21.356035232543945, 1.2159175872802734, 0.6856212019920349)","(2.4041483402252197, 263.343505859375, 357.5417785644531)","(21.42234230041504, 0.6884480118751526, -1.3457002639770508)","(359.9848937988281, 190.80767822265625, 0.05145308002829552)","(21.492412567138672, -0.004245769698172808, 1.0648715496063232)","(359.94647216796875, 267.9822998046875, -0.0032965769059956074)",0.277576,0.000427,"(-4.177606, 0.000000, -0.148189)",LeftTrue_RightFalse,False,"(-23.198726654052734, -0.004097555298358202, -2.110413074493408)","(359.9875793457031, 89.42987060546875, 0.15213508903980255)",0.089091,0.191044,"(3.212407, 0.000047, -0.167597)",LeftFalse_RightFalse
10.248535,0.019775,"(21.114900588989258, 1.2159090042114258, 0.6768667101860046)","(2.4228405952453613, 263.27630615234375, 357.6325988769531)","(21.18137550354004, 0.6883944869041443, -1.3542437553405762)","(359.9861755371094, 190.8040313720703, 0.05157330259680748)","(21.251293182373047, -0.004245663061738014, 1.0563478469848633)","(359.9466552734375, 267.9786682128906, -0.0020302911289036274)",0.280172,0.000488,"(-4.177903, 0.000001, -0.147421)",LeftTrue_RightFalse,False,"(-23.01395034790039, -0.004094909876585007, -2.120637893676758)","(359.98785400390625, 90.011962890625, 0.1453126072883606)",0.091732,0.176269,"(3.186788, 0.000046, -0.190824)",LeftFalse_RightFalse
10.307373,0.019712,"(20.868637084960938, 1.2159029245376587, 0.6676650643348694)","(2.428041458129883, 263.2132263183594, 357.69879150390625)","(20.93523597717285, 0.6883552670478821, -1.362928032875061)","(359.9870910644531, 190.8032989501953, 0.051713742315769196)","(21.005123138427734, -0.004245565738528967, 1.0476754903793335)","(359.94671630859375, 267.9779357910156, -0.0010992907918989658)",0.282743,0.000488,"(-4.178697, -0.000001, -0.147132)",LeftTrue_RightFalse,False,"(-22.826765060424805, -0.004092465620487928, -2.1322522163391113)","(359.9879150390625, 90.57059478759766, 0.13551843166351318)",0.084259,0.162002,"(3.161672, 0.000041, -0.208816)",LeftFalse_RightFalse
10.365845,0.019562,"(20.624563217163086, 1.2158992290496826, 0.6586633920669556)","(2.376131057739258, 263.1376647949219, 357.7498474121094)","(20.691213607788086, 0.6883311867713928, -1.3715181350708008)","(359.9876403808594, 190.80398559570312, 0.05189543962478638)","(20.76112937927246, -0.00424570357427001, 1.0390918254852295)","(359.9466552734375, 267.9786071777344, -0.0005254545249044895)",0.284617,0.000488,"(-4.179941, -0.000003, -0.147004)",LeftTrue_RightFalse,False,"(-22.642717361450195, -0.004090242087841034, -2.144683837890625)","(359.9879150390625, 91.08325958251953, 0.12414137274026871)",0.084666,0.143653,"(3.136405, 0.000039, -0.222499)",LeftFalse_RightFalse
10.42627,0.019856,"(20.371856689453125, 1.2158970832824707, 0.6495599746704102)","(2.3190033435821533, 263.09027099609375, 357.82623291015625)","(20.43849754333496, 0.688316285610199, -1.3804012537002563)","(359.9879455566406, 190.80538940429688, 0.0521354041993618)","(20.50847053527832, -0.0042459736578166485, 1.030211329460144)","(359.9465026855469, 267.98004150390625, -0.00016676441009622067)",0.284832,0.000641,"(-4.181489, -0.000005, -0.146902)",LeftTrue_RightFalse,False,"(-22.453693389892578, -0.004088105168193579, -2.158207654953003)","(359.9878845214844, 91.56385803222656, 0.11056748032569885)",0.077655,0.122843,"(3.111761, 0.000037, -0.228687)",LeftFalse_RightFalse
10.485962,0.019877,"(20.122140884399414, 1.2158955335617065, 0.640686571598053)","(2.282578945159912, 263.072265625, 357.88330078125)","(20.18872833251953, 0.6883042454719543, -1.3891640901565552)","(359.9881896972656, 190.80740356445312, 0.05240469425916672)","(20.2587833404541, -0.004246240947395563, 1.0214494466781616)","(359.9462890625, 267.9820556640625, 0.00012682878877967596)",0.283593,0.002045,"(-4.182977, -0.000006, -0.146368)",LeftTrue_RightFalse,False,"(-22.2684383392334, -0.004085944499820471, -2.1718122959136963)","(359.98785400390625, 91.97889709472656, 0.09521432965993881)",0.07729,0.102401,"(3.087025, 0.000036, -0.229940)",LeftFalse_RightFalse
10.527588,0.020227,"(19.947711944580078, 1.215893030166626, 0.6345539093017578)","(2.253479242324829, 263.078857421875, 357.8822021484375)","(20.014211654663086, 0.6882874369621277, -1.3952524662017822)","(359.9885559082031, 190.8101043701172, 0.05262046679854393)","(20.084379196166992, -0.004246491007506847, 1.01536226272583)","(359.9461669921875, 267.9847412109375, 0.0005289246910251677)",0.281333,0.003937,"(-4.183814, -0.000008, -0.145283)",LeftTrue_RightFalse,False,"(-22.139951705932617, -0.004084547981619835, -2.1813175678253174)","(359.98785400390625, 92.2317123413086, 0.0840262919664383)",0.072798,0.085136,"(3.070508, 0.000039, -0.228549)",LeftFalse_RightFalse
10.567749,0.020124,"(19.7799015045166, 1.2158881425857544, 0.6287270784378052)","(2.2199907302856445, 263.08624267578125, 357.8821105957031)","(19.846227645874023, 0.6882563829421997, -1.4010519981384277)","(359.9892578125, 190.81509399414062, 0.05286496505141258)","(19.916603088378906, -0.0042467257007956505, 1.0095655918121338)","(359.9460754394531, 267.9897155761719, 0.0012681713560596108)",0.278749,0.006409,"(-4.184381, -0.000007, -0.143234)",LeftTrue_RightFalse,False,"(-22.017040252685547, -0.004083065316081047, -2.1903481483459473)","(359.9879150390625, 92.44490051269531, 0.07279866933822632)",0.077143,0.068232,"(3.054000, 0.000041, -0.222963)",LeftFalse_RightFalse
10.626343,0.019836,"(19.53464126586914, 1.2158749103546143, 0.6204139590263367)","(2.179276466369629, 263.1341552734375, 357.8918762207031)","(19.60045051574707, 0.6881734132766724, -1.40934157371521)","(359.9911804199219, 190.82981872558594, 0.05329359322786331)","(19.671443939208984, -0.004247044678777456, 1.001281499862671)","(359.9460754394531, 268.00445556640625, 0.0032350982073694468)",0.267427,0.009918,"(-4.184366, -0.000002, -0.138541)",LeftTrue_RightFalse,False,"(-21.838632583618164, -0.004080858081579208, -2.2030673027038574)","(359.98797607421875, 92.69722747802734, 0.05519865080714226)",0.073065,0.044638,"(3.030041, 0.000039, -0.211459)",LeftFalse_RightFalse
10.686279,0.019906,"(19.28410530090332, 1.2158550024032593, 0.6116308569908142)","(2.1147921085357666, 263.195068359375, 357.9030456542969)","(19.348587036132812, 0.6880539059638977, -1.4175074100494385)","(359.9940185546875, 190.85667419433594, 0.053600482642650604)","(19.420713424682617, -0.0042471811175346375, 0.9931169152259827)","(359.9464111328125, 268.03131103515625, 0.00605681911110878)",0.24376,0.012573,"(-4.181488, 0.000005, -0.132800)",LeftTrue_RightFalse,False,"(-21.657560348510742, -0.004078652709722519, -2.2153244018554688)","(359.98809814453125, 92.88371276855469, 0.03730716183781624)",0.071941,0.027702,"(3.005729, 0.000040, -0.196677)",LeftFalse_RightFalse
10.746338,0.019996,"(19.032928466796875, 1.215833067893982, 0.6035067439079285)","(2.037017822265625, 263.23046875, 357.9276123046875)","(19.095853805541992, 0.6879254579544067, -1.4253262281417847)","(-0.0028360974974930286, 190.89537048339844, 0.05330246686935425)","(19.169620513916016, -0.00424652686342597, 0.9852849245071411)","(359.9473876953125, 268.07000732421875, 0.009066757746040821)",0.22179,0.013763,"(-4.174010, 0.000020, -0.126947)",LeftTrue_RightFalse,False,"(-21.477497100830078, -0.0040762354619801044, -2.2268171310424805)","(359.9882507324219, 93.00694274902344, 0.02172778733074665)",0.069535,0.015675,"(2.981055, 0.000040, -0.186436)",LeftFalse_RightFalse
10.804565,0.019687,"(18.790098190307617, 1.2158138751983643, 0.5961426496505737)","(1.9518907070159912, 263.23980712890625, 357.91998291015625)","(18.851318359375, 0.6878194808959961, -1.4325575828552246)","(-6.658267375314608e-05, 190.94122314453125, 0.05216966196894646)","(18.927032470703125, -0.004244957119226456, 0.9780239462852478)","(359.9491271972656, 268.1158447265625, 0.011515721678733826)",0.205774,0.013886,"(-4.166800, 0.000036, -0.123358)",LeftTrue_RightFalse,False,"(-21.304576873779297, -0.004073922522366047, -2.237391471862793)","(359.9884948730469, 93.08368682861328, 0.010548119433224201)",0.01416,0.00421,"(2.964454, 0.000043, -0.179644)",LeftFalse_RightFalse
10.862427,0.019504,"(18.549240112304688, 1.2157998085021973, 0.5892017483711243)","(1.8963398933410645, 263.2572937011719, 357.88818359375)","(18.608657836914062, 0.6877469420433044, -1.4394524097442627)","(0.002063354244455695, 190.99131774902344, 0.050230905413627625)","(18.686508178710938, -0.004241972230374813, 0.971082866191864)","(359.95147705078125, 268.16595458984375, 0.013162150979042053)",0.193701,0.013886,"(-4.152730, 0.000059, -0.118517)",LeftTrue_RightFalse,False,"(-21.134197235107422, -0.0040710787288844585, -2.247231960296631)","(359.98919677734375, 93.12020874023438, 0.001077166642062366)",0.07148,-0.002289,"(2.936760, 0.000050, -0.167398)",LeftFalse_RightFalse
10.90271,0.019746,"(18.381799697875977, 1.2157926559448242, 0.5845487117767334)","(1.8853106498718262, 263.2803955078125, 357.8652648925781)","(18.439931869506836, 0.6877128481864929, -1.444101333618164)","(0.00321445451118052, 191.0275115966797, 0.04857734590768814)","(18.51932716369629, -0.004239274188876152, 0.9663941264152527)","(359.9533386230469, 268.2021484375, 0.013917477801442146)",0.184754,0.014008,"(-4.142077, 0.000070, -0.115451)",LeftTrue_RightFalse,False,"(-21.01621437072754, -0.004069062415510416, -2.2537872791290283)","(359.989501953125, 93.12903594970703, -0.0037262151017785072)",0.061446,-0.006709,"(2.920080, 0.000048, -0.161485)",LeftFalse_RightFalse
10.943481,0.019964,"(18.212902069091797, 1.2157868146896362, 0.5799886584281921)","(1.8829946517944336, 263.31951904296875, 357.85150146484375)","(18.26972198486328, 0.6876866221427917, -1.448671579360962)","(0.004211587831377983, 191.06475830078125, 0.04676971584558487)","(18.3507080078125, -0.004236133769154549, 0.9617795944213867)","(359.955322265625, 268.2393798828125, 0.01448847260326147)",0.174492,0.014404,"(-4.130322, 0.000080, -0.112284)",LeftTrue_RightFalse,False,"(-20.897592544555664, -0.004067001398652792, -2.2601866722106934)","(359.9897766113281, 93.12713623046875, 359.9925842285156)",0.06584,-0.010953,"(2.902843, 0.000049, -0.155760)",LeftFalse_RightFalse
11.00293,0.019913,"(17.96786880493164, 1.2157795429229736, 0.5736166834831238)","(1.8354097604751587, 263.351806640625, 357.87713623046875)","(18.022733688354492, 0.6876528859138489, -1.455072283744812)","(0.0055927312932908535, 191.12046813964844, 0.04401150345802307)","(18.106098175048828, -0.004230896942317486, 0.9553090333938599)","(359.95831298828125, 268.29510498046875, 0.015222885645925999)",0.160067,0.015381,"(-4.110443, 0.000094, -0.107142)",LeftTrue_RightFalse,False,"(-20.726099014282227, -0.004064194858074188, -2.269092559814453)","(359.9901123046875, 93.10765075683594, 359.9885559082031)",0.063159,-0.01699,"(2.877806, 0.000046, -0.147317)",LeftFalse_RightFalse
11.045166,0.020377,"(17.794050216674805, 1.2157737016677856, 0.5692842602729797)","(1.7924723625183105, 263.37713623046875, 357.8930969238281)","(17.84746742248535, 0.6876251697540283, -1.45943021774292)","(0.006678757257759571, 191.1617889404297, 0.0420304611325264)","(17.93259620666504, -0.0042267730459570885, 0.9508986473083496)","(359.96051025390625, 268.3363952636719, 0.015842068940401077)",0.150366,0.017029,"(-4.088223, 0.000101, -0.101243)",LeftTrue_RightFalse,False,"(-20.604822158813477, -0.004062417428940535, -2.2751312255859375)","(359.9903259277344, 93.08296966552734, 359.9862365722656)",0.113467,-0.02126,"(2.852451, 0.000045, -0.138951)",LeftFalse_RightFalse
11.105103,0.020156,"(17.549583435058594, 1.2157642841339111, 0.5633866786956787)","(1.7933452129364014, 263.43280029296875, 357.9280090332031)","(17.600343704223633, 0.6875755786895752, -1.4652714729309082)","(0.008451220579445362, 191.22386169433594, 0.03935767337679863)","(17.688119888305664, -0.0042205508798360825, 0.9449782371520996)","(359.9635009765625, 268.39849853515625, 0.01697700284421444)",0.137499,0.020172,"(-4.064237, 0.000104, -0.094104)",LeftTrue_RightFalse,False,"(-20.434288024902344, -0.0040598041377961636, -2.283278465270996)","(359.990234375, 93.03577423095703, 359.9838562011719)",0.062739,-0.02685,"(2.830585, 0.000038, -0.130607)",LeftFalse_RightFalse
11.145996,0.020271,"(17.38357162475586, 1.2157554626464844, 0.5596591234207153)","(1.807744026184082, 263.4638977050781, 357.97967529296875)","(17.432518005371094, 0.6875249743461609, -1.4689884185791016)","(0.010038293898105621, 191.27024841308594, 0.03768005967140198)","(17.52227020263672, -0.004216369707137346, 0.9412040710449219)","(359.9654846191406, 268.4448547363281, 0.018152084201574326)",0.127921,0.022491,"(-4.047002, 0.000106, -0.088418)",LeftTrue_RightFalse,False,"(-20.318828582763672, -0.0040583438239991665, -2.2885372638702393)","(359.9902038574219, 92.99541473388672, 359.98236083984375)",0.064973,-0.03037,"(2.814333, 0.000036, -0.124579)",LeftFalse_RightFalse
11.187988,0.020514,"(17.21384048461914, 1.2157444953918457, 0.5561100840568542)","(1.7939763069152832, 263.4889831542969, 358.06671142578125)","(17.260833740234375, 0.6874582767486572, -1.472541093826294)","(0.012011406011879444, 191.32254028320312, 0.03606777638196945)","(17.352807998657227, -0.00421182019636035, 0.9375881552696228)","(359.9674987792969, 268.4971618652344, 0.019718073308467865)",0.117544,0.02417,"(-4.028640, 0.000107, -0.082247)",LeftTrue_RightFalse,False,"(-20.201021194458008, -0.004056812264025211, -2.293670654296875)","(359.990234375, 92.94721221923828, 359.9808349609375)",0.061469,-0.030415,"(2.798047, 0.000036, -0.118645)",LeftFalse_RightFalse
11.228638,0.020461,"(17.050065994262695, 1.2157326936721802, 0.552947461605072)","(1.774082064628601, 263.5389404296875, 358.1177062988281)","(17.095043182373047, 0.6873870491981506, -1.4757165908813477)","(0.014077810570597649, 191.3778839111328, 0.034543439745903015)","(17.189369201660156, -0.0042073954828083515, 0.9343433976173401)","(359.9694519042969, 268.552490234375, 0.021394550800323486)",0.104576,0.025024,"(-4.009033, 0.000109, -0.076063)",LeftTrue_RightFalse,False,"(-20.087539672851562, -0.004055436234921217, -2.2984232902526855)","(359.9903564453125, 92.89585876464844, 359.9798278808594)",0.061574,-0.030854,"(2.781748, 0.000035, -0.114222)",LeftFalse_RightFalse
11.269043,0.020346,"(16.887895584106445, 1.215721607208252, 0.5500657558441162)","(1.7791086435317993, 263.60955810546875, 358.1649169921875)","(16.930757522583008, 0.6873207092285156, -1.4786186218261719)","(0.016033783555030823, 191.436767578125, 0.032967664301395416)","(17.027584075927734, -0.004203024785965681, 0.9313625693321228)","(359.9714050292969, 268.61138916015625, 0.022951936349272728)",0.088396,0.025146,"(-3.987854, 0.000112, -0.070270)",LeftTrue_RightFalse,False,"(-19.975299835205078, -0.0040540085174143314, -2.302980422973633)","(359.990478515625, 92.84272003173828, 359.97943115234375)",0.062606,-0.031173,"(2.765357, 0.000036, -0.110172)",LeftFalse_RightFalse
11.309692,0.020357,"(16.725418090820312, 1.2157129049301147, 0.5474105477333069)","(1.8142521381378174, 263.6846618652344, 358.2182922363281)","(16.766082763671875, 0.6872684359550476, -1.4813013076782227)","(0.017685461789369583, 191.49853515625, 0.031206300482153893)","(16.86553192138672, -0.0041983588598668575, 0.9285898208618164)","(359.9735107421875, 268.67315673828125, 0.024171415716409683)",0.071601,0.025146,"(-3.964727, 0.000118, -0.064961)",LeftTrue_RightFalse,False,"(-19.862924575805664, -0.004052530508488417, -2.3074095249176025)","(359.9906311035156, 92.78801727294922, 359.9794616699219)",0.058981,-0.031376,"(2.749202, 0.000037, -0.106380)",LeftFalse_RightFalse
11.369507,0.020156,"(16.48879623413086, 1.2160675525665283, 0.5439209938049316)","(1.8088102340698242, 263.7948303222656, 358.2393493652344)","(16.526185989379883, 0.6872214078903198, -1.4848370552062988)","(0.01947738416492939, 191.5911865234375, 0.02818724699318409)","(16.62957191467285, -0.004191109910607338, 0.924903392791748)","(359.9768371582031, 268.76580810546875, 0.025248460471630096)",0.052197,0.024872,"(-3.926617, 0.000128, -0.057469)",LeftTrue_RightFalse,False,"(-19.699256896972656, -0.004050237126648426, -2.31363582611084)","(359.9908447265625, 92.706787109375, 359.97998046875)",0.058986,-0.030156,"(2.724859, 0.000039, -0.101278)",LeftFalse_RightFalse
11.411621,0.020504,"(16.323162078857422, 1.2163069248199463, 0.5417291522026062)","(1.7698578834533691, 263.83575439453125, 358.1743469238281)","(16.35824203491211, 0.6872069835662842, -1.487065315246582)","(0.02034076303243637, 191.6568145751953, 0.025790393352508545)","(16.464418411254883, -0.004185653291642666, 0.9225597977638245)","(359.9793701171875, 268.8314208984375, 0.025558248162269592)",0.04228,0.023193,"(-3.899488, 0.000135, -0.053027)",LeftTrue_RightFalse,False,"(-19.584598541259766, -0.004048621281981468, -2.3178653717041016)","(359.99102783203125, 92.650146484375, 359.980712890625)",0.054226,-0.029207,"(2.708549, 0.000038, -0.098579)",LeftFalse_RightFalse
11.471191,0.020223,"(16.091758728027344, 1.2165035009384155, 0.5389334559440613)","(1.7389694452285767, 263.86883544921875, 358.00958251953125)","(16.12371063232422, 0.6872303485870361, -1.4899159669876099)","(0.020570049062371254, 191.745849609375, 0.02211000956594944)","(16.233675003051758, -0.004177352879196405, 0.9195348024368286)","(359.9830017089844, 268.92047119140625, 0.024964837357401848)",0.030822,0.018219,"(-3.856977, 0.000143, -0.048609)",LeftTrue_RightFalse,False,"(-19.424184799194336, -0.004046465735882521, -2.323638916015625)","(359.9913024902344, 92.57304382324219, 359.98211669921875)",0.054543,-0.027772,"(2.684274, 0.000039, -0.095003)",LeftFalse_RightFalse
11.512329,0.020362,"(15.932482719421387, 1.2165889739990234, 0.5371911525726318)","(1.6782350540161133, 263.8642578125, 357.9455871582031)","(15.962868690490723, 0.6872904896736145, -1.491781234741211)","(0.019704878330230713, 191.80152893066406, 0.019382493570446968)","(16.075204849243164, -0.004171396605670452, 0.9175446629524231)","(359.9854736328125, 268.97613525390625, 0.023515796288847923)",0.024966,0.01358,"(-3.827759, 0.000147, -0.047609)",LeftTrue_RightFalse,False,"(-19.313819885253906, -0.004044762812554836, -2.3275234699249268)","(359.9914855957031, 92.5218505859375, 359.9831848144531)",0.054172,-0.026557,"(2.667855, 0.000038, -0.092863)",LeftFalse_RightFalse
11.553223,0.020384,"(15.775836944580078, 1.216652512550354, 0.5354411602020264)","(1.6017603874206543, 263.8441162109375, 357.9212646484375)","(15.80481243133545, 0.6873907446861267, -1.4936280250549316)","(0.017888695001602173, 191.8487548828125, 0.016576450318098068)","(15.91916275024414, -0.004165369085967541, 0.9155764579772949)","(359.98779296875, 269.02337646484375, 0.0211220383644104)",0.020222,0.00885,"(-3.798043, 0.000148, -0.048104)",LeftTrue_RightFalse,False,"(-19.204971313476562, -0.004043243825435638, -2.331298351287842)","(359.9916687011719, 92.47332763671875, 359.9843444824219)",0.054267,-0.023191,"(2.651492, 0.000039, -0.091422)",LeftFalse_RightFalse
11.593628,0.020317,"(15.622565269470215, 1.2167035341262817, 0.5336416363716125)","(1.535454511642456, 263.8148193359375, 357.9389953613281)","(15.650399208068848, 0.6875231862068176, -1.495505928993225)","(0.015295938588678837, 191.88577270507812, 0.013782409951090813)","(15.76633358001709, -0.004159413743764162, 0.9135862588882446)","(359.9899597167969, 269.0603942871094, 0.017973748967051506)",0.01638,0.004059,"(-3.767970, 0.000148, -0.049704)",LeftTrue_RightFalse,False,"(-19.098180770874023, -0.004041665233671665, -2.334986686706543)","(359.9918518066406, 92.42912292480469, 359.98583984375)",0.052953,-0.020654,"(2.635254, 0.000038, -0.090760)",LeftFalse_RightFalse
11.63501,0.020423,"(15.467287063598633, 1.2167487144470215, 0.531684398651123)","(1.4816161394119263, 263.7904357910156, 357.9688720703125)","(15.494283676147461, 0.6876828670501709, -1.4975311756134033)","(0.012045521289110184, 191.9127197265625, 0.010980483144521713)","(15.61137580871582, -0.004153410904109478, 0.9114608764648438)","(359.9919738769531, 269.08734130859375, 0.01418244931846857)",0.013268,-0.000366,"(-3.737650, 0.000145, -0.052232)",LeftTrue_RightFalse,False,"(-18.989700317382812, -0.00404001772403717, -2.3387370109558105)","(359.9920654296875, 92.38835906982422, 359.9875793457031)",0.051425,-0.018101,"(2.618895, 0.000039, -0.090418)",LeftFalse_RightFalse
11.676514,0.02053,"(15.31265926361084, 1.2167892456054688, 0.5295643210411072)","(1.4371016025543213, 263.766845703125, 358.0517272949219)","(15.339179039001465, 0.6878575086593628, -1.4997094869613647)","(0.008419064804911613, 191.92840576171875, 0.008290989324450493)","(15.456953048706055, -0.004147558473050594, 0.9092007875442505)","(359.9937744140625, 269.10302734375, 0.010049453936517239)",0.010747,-0.004242,"(-3.707181, 0.000139, -0.055389)",LeftTrue_RightFalse,False,"(-18.881385803222656, -0.004038400016725063, -2.3424978256225586)","(359.9922790527344, 92.3520736694336, 359.9893798828125)",0.05016,-0.015589,"(2.602510, 0.000038, -0.090331)",LeftFalse_RightFalse
11.737183,0.020419,"(15.089020729064941, 1.2173371315002441, 0.5261515378952026)","(1.3714064359664917, 263.7391357421875, 358.1692199707031)","(15.115484237670898, 0.6881113052368164, -1.5031898021697998)","(0.0030830460600554943, 191.9320526123047, 0.004732501693069935)","(15.233440399169922, -0.0041392589919269085, 0.9056410789489746)","(-0.0039300560019910336, 269.106689453125, 0.004056649748235941)",0.007835,-0.008484,"(-3.661375, 0.000130, -0.060329)",LeftTrue_RightFalse,False,"(-18.724212646484375, -0.00403608987107873, -2.348004102706909)","(359.9925537109375, 92.3075180053711, 359.9920349121094)",0.048066,-0.011291,"(2.578177, 0.000039, -0.090695)",LeftFalse_RightFalse
11.779785,0.020751,"(14.933320999145508, 1.2175626754760742, 0.5235804319381714)","(1.3053773641586304, 263.7282409667969, 358.2318115234375)","(14.960343360900879, 0.6882709860801697, -1.5058395862579346)","(-0.00028392887907102704, 191.92312622070312, 0.0025797176640480757)","(15.077940940856934, -0.004133898764848709, 0.9029643535614014)","(-0.002578383544459939, 269.0977478027344, 0.000295801495667547)",0.006346,-0.010193,"(-3.630867, 0.000124, -0.063425)",LeftTrue_RightFalse,False,"(-18.61458969116211, -0.004034421872347593, -2.3519034385681152)","(359.9927673339844, 92.28257751464844, 359.9939270019531)",0.045727,-0.008413,"(2.561692, 0.000038, -0.091385)",LeftFalse_RightFalse
11.836426,0.019839,"(14.729121208190918, 1.217741847038269, 0.519953191280365)","(1.247969627380371, 263.7075500488281, 358.3037109375)","(14.75732707977295, 0.6884398460388184, -1.5095716714859009)","(-0.003810678608715534, 191.90069580078125, 0.0002504984731785953)","(14.874000549316406, -0.004127138759940863, 0.8992308378219604)","(-0.0010901446221396327, 269.0753173828125, -0.003660000627860427)",0.004626,-0.010864,"(-3.585282, 0.000115, -0.067046)",LeftTrue_RightFalse,False,"(-18.470447540283203, -0.004032316617667675, -2.3571295738220215)","(359.9930114746094, 92.25788879394531, -0.003641319228336215)",0.04965,-0.004752,"(2.537755, 0.000038, -0.092719)",LeftFalse_RightFalse
11.877197,0.020055,"(14.58366584777832, 1.2181986570358276, 0.5171937346458435)","(1.1653000116348267, 263.7559814453125, 358.3182678222656)","(14.612770080566406, 0.6885251998901367, -1.5123724937438965)","(-0.005547734908759594, 191.88003540039062, -0.001048437086865306)","(14.728586196899414, -0.004122592508792877, 0.8964483737945557)","(-0.0002092080976581201, 269.0546875, -0.0056420573964715)",0.003747,-0.010986,"(-3.555067, 0.000109, -0.068688)",LeftTrue_RightFalse,False,"(-18.36739730834961, -0.004030744079500437, -2.3609399795532227)","(359.9931335449219, 92.24549865722656, -0.0020360893104225397)",0.044518,-0.002219,"(2.521747, 0.000037, -0.093700)",LeftFalse_RightFalse
11.93457,0.019574,"(14.380834579467773, 1.2185739278793335, 0.513159453868866)","(1.0694875717163086, 263.80023193359375, 358.3407287597656)","(14.41121768951416, 0.688601553440094, -1.516432762145996)","(359.99298095703125, 191.8478240966797, -0.0024136200081557035)","(14.525691986083984, -0.004116536118090153, 0.892431914806366)","(0.0007954648463055491, 269.0224609375, 359.99261474609375)",0.002732,-0.010986,"(-3.510050, 0.000101, -0.070592)",LeftTrue_RightFalse,False,"(-18.22323989868164, -0.004028752446174622, -2.3663692474365234)","(359.99334716796875, 92.23471069335938, -0.0001579977251822129)",0.050972,-0.003008,"(2.497772, 0.000035, -0.094379)",LeftFalse_RightFalse
11.991821,0.0193,"(14.181368827819824, 1.2191340923309326, 0.5090202689170837)","(0.980353057384491, 263.8197326660156, 358.396728515625)","(14.213018417358398, 0.6886422634124756, -1.5205758810043335)","(359.9922790527344, 191.81417846679688, -0.003360557369887829)","(14.326087951660156, -0.004110971465706825, 0.8883448839187622)","(0.0015646592946723104, 268.98883056640625, 359.9917297363281)",0.001992,-0.010986,"(-3.465446, 0.000092, -0.072131)",LeftTrue_RightFalse,False,"(-18.08096694946289, -0.004026694223284721, -2.371750831604004)","(359.9934997558594, 92.22675323486328, 0.0005630907835438848)",0.049097,-0.003162,"(2.474457, 0.000033, -0.093481)",LeftFalse_RightFalse
12.031982,0.019593,"(14.042587280273438, 1.2194721698760986, 0.5061018466949463)","(0.9370523691177368, 263.81512451171875, 358.4193115234375)","(14.07533073425293, 0.6886578798294067, -1.5235347747802734)","(359.9920654296875, 191.790283203125, -0.003844824153929949)","(14.187400817871094, -0.0041073039174079895, 0.8854293823242188)","(0.0019901718478649855, 268.96490478515625, 359.9914245605469)",0.001613,-0.010986,"(-3.435959, 0.000090, -0.073061)",LeftTrue_RightFalse,False,"(-17.981842041015625, -0.004025463946163654, -2.3754935264587402)","(359.9935607910156, 92.22154998779297, 0.000624149339273572)",0.043919,-0.003263,"(2.458915, 0.000032, -0.092727)",LeftFalse_RightFalse
12.0896,0.01937,"(13.845688819885254, 1.2199766635894775, 0.5018672347068787)","(0.9050732851028442, 263.8248291015625, 358.3822326660156)","(13.880072593688965, 0.6886696219444275, -1.527838945388794)","(359.99200439453125, 191.75601196289062, -0.0043515549041330814)","(13.990707397460938, -0.004102346953004599, 0.8811895251274109)","(0.0024665286764502525, 268.9306640625, 359.9912414550781)",0.001176,-0.010986,"(-3.392122, 0.000083, -0.074362)",LeftTrue_RightFalse,False,"(-17.840883255004883, -0.00402362085878849, -2.380798816680908)","(359.99371337890625, 92.21418762207031, 0.00040608798735775054)",0.047711,-0.003394,"(2.435543, 0.000032, -0.091493)",LeftFalse_RightFalse
12.14856,0.01951,"(13.64648723602295, 1.2205842733383179, 0.49775803089141846)","(0.8918129801750183, 263.8856201171875, 358.29901123046875)","(13.682265281677246, 0.6886738538742065, -1.532326579093933)","(359.9920654296875, 191.72109985351562, -0.004702636040747166)","(13.791436195373535, -0.0040974984876811504, 0.8767687082290649)","(0.002824095543473959, 268.8957214355469, 359.9912109375)",0.000857,-0.010986,"(-3.348774, 0.000080, -0.075575)",LeftTrue_RightFalse,False,"(-17.697608947753906, -0.004021800123155117, -2.3861618041992188)","(359.99383544921875, 92.20619201660156, -4.753034590976313e-05)",0.044972,-0.005492,"(2.412392, 0.000030, -0.089642)",LeftFalse_RightFalse
12.206421,0.019396,"(13.453946113586426, 1.2208950519561768, 0.49360740184783936)","(0.876644492149353, 263.9971923828125, 358.25115966796875)","(13.49097728729248, 0.6886743307113647, -1.5367867946624756)","(359.9922180175781, 191.687255859375, -0.004929798189550638)","(13.59872817993164, -0.004092942923307419, 0.8723738789558411)","(0.0030760569497942924, 268.86187744140625, 359.9913024902344)",0.000625,-0.010986,"(-3.305933, 0.000076, -0.076712)",LeftTrue_RightFalse,False,"(-17.558612823486328, -0.0040199486538767815, -2.3912880420684814)","(359.99395751953125, 92.19593811035156, -0.0008735532173886895)",0.044518,-0.006965,"(2.389465, 0.000032, -0.087215)",LeftFalse_RightFalse
12.263306,0.019185,"(13.267078399658203, 1.2210572957992554, 0.48931455612182617)","(0.8498842716217041, 264.0825500488281, 358.2451477050781)","(13.305304527282715, 0.6886724829673767, -1.5412285327911377)","(359.99237060546875, 191.6543731689453, -0.005071263760328293)","(13.411674499511719, -0.004088741261512041, 0.8679947853088379)","(0.003251043614000082, 268.8289794921875, 359.9914245605469)",0.000456,-0.010986,"(-3.277653, 0.000074, -0.077429)",LeftTrue_RightFalse,False,"(-17.423330307006836, -0.004018142819404602, -2.396185874938965)","(-0.005653015337884426, 92.18291473388672, -0.001832465291954577)",0.035936,-0.008308,"(2.370775, 0.000033, -0.085292)",LeftFalse_RightFalse
12.321655,0.019295,"(13.077593803405762, 1.221147060394287, 0.484765887260437)","(0.8048490881919861, 264.11376953125, 358.27142333984375)","(13.11701774597168, 0.6886696815490723, -1.545846939086914)","(359.9925537109375, 191.62100219726562, -0.0051564485765993595)","(13.221986770629883, -0.004084419459104538, 0.8634400963783264)","(0.003375364700332284, 268.7956237792969, 359.9916076660156)",0.000332,-0.010986,"(-3.235661, 0.000071, -0.078446)",LeftTrue_RightFalse,False,"(-17.285865783691406, -0.004015855956822634, -2.4010536670684814)","(-0.005134107079356909, 92.16619110107422, -0.002832772908732295)",0.034928,-0.008872,"(2.348059, 0.000037, -0.082583)",LeftFalse_RightFalse
12.379883,0.01938,"(12.8909273147583, 1.2211949825286865, 0.4801293611526489)","(0.768477201461792, 263.99658203125, 358.2693176269531)","(12.931525230407715, 0.6886659860610962, -1.55050790309906)","(359.99273681640625, 191.58811950683594, -0.005196945276111364)","(13.035112380981445, -0.004080379381775856, 0.8588413000106812)","(0.00345747172832489, 268.76275634765625, 359.99176025390625)",0.000242,-0.010986,"(-3.194189, 0.000068, -0.079398)",LeftTrue_RightFalse,False,"(-17.1500244140625, -0.00401371018961072, -2.4057822227478027)","(-0.004847448319196701, 92.14765167236328, -0.003466484136879444)",0.038584,-0.009179,"(2.324674, 0.000037, -0.080502)",LeftFalse_RightFalse
12.436401,0.019077,"(12.711795806884766, 1.22122061252594, 0.4755537509918213)","(0.7477014660835266, 263.82110595703125, 358.2709045410156)","(12.75351619720459, 0.6886619925498962, -1.5550837516784668)","(359.992919921875, 191.55657958984375, -0.0052055539563298225)","(12.855777740478516, -0.004076634533703327, 0.8543238639831543)","(0.003507247194647789, 268.731201171875, 359.991943359375)",0.000177,-0.010986,"(-3.153239, 0.000065, -0.080285)",LeftTrue_RightFalse,False,"(-17.019290924072266, -0.004011777229607105, -2.410271644592285)","(-0.004670275375247002, 92.12886047363281, -0.0037770909257233143)",0.042688,-0.009424,"(2.301717, 0.000034, -0.078580)",LeftFalse_RightFalse
12.49585,0.019474,"(12.525795936584473, 1.221235990524292, 0.4706834554672241)","(0.6848498582839966, 263.6221923828125, 358.30694580078125)","(12.568680763244629, 0.6886577606201172, -1.5599422454833984)","(359.9931335449219, 191.52381896972656, -0.005191441625356674)","(12.669565200805664, -0.004072808660566807, 0.8495256900787354)","(0.0035363270435482264, 268.6984558105469, 359.9921569824219)",0.000129,-0.010986,"(-3.112804, 0.000064, -0.081111)",LeftTrue_RightFalse,False,"(-16.883140563964844, -0.0040097772143781185, -2.4148855209350586)","(-0.004570877179503441, 92.1086196899414, -0.003914544824510813)",0.034953,-0.009629,"(2.279147, 0.000031, -0.076757)",LeftFalse_RightFalse
12.553223,0.019223,"(12.348761558532715, 1.2212450504302979, 0.4657173156738281)","(0.5580461025238037, 263.4117736816406, 358.3984069824219)","(12.392611503601074, 0.6886537075042725, -1.5646722316741943)","(359.9933166503906, 191.49261474609375, -0.005160972010344267)","(12.492183685302734, -0.004069018177688122, 0.8448529243469238)","(0.0035472360905259848, 268.667236328125, 359.9923400878906)",9.4e-05,-0.010986,"(-3.072883, 0.000064, -0.081878)",LeftTrue_RightFalse,False,"(-16.753082275390625, -0.004008042626082897, -2.4192347526550293)","(-0.004452303983271122, 92.08871459960938, -0.003963570110499859)",0.041855,-0.010399,"(2.256284, 0.000030, -0.074843)",LeftFalse_RightFalse
12.611938,0.019372,"(12.16970443725586, 1.2212510108947754, 0.46031856536865234)","(0.4166821539402008, 263.15264892578125, 358.49676513671875)","(12.21435546875, 0.6886496543884277, -1.5695611238479614)","(359.9934997558594, 191.46104431152344, -0.005118150729686022)","(12.312599182128906, -0.0040652514435350895, 0.8400205373764038)","(0.0035457462072372437, 268.6356506347656, 359.9925231933594)",6.8e-05,-0.010986,"(-3.033472, 0.000064, -0.082589)",LeftTrue_RightFalse,False,"(-16.621034622192383, -0.004006378352642059, -2.4235777854919434)","(-0.004364688415080309, 92.06737518310547, -0.004087239503860474)",0.036609,-0.011035,"(2.233938, 0.000027, -0.072758)",LeftFalse_RightFalse
12.668701,0.01912,"(11.998855590820312, 1.2212551832199097, 0.4552936553955078)","(0.2884146273136139, 262.9073486328125, 358.5849304199219)","(12.044412612915039, 0.6886456608772278, -1.5743167400360107)","(359.99365234375, 191.430908203125, -0.005068580619990826)","(12.141389846801758, -0.004061764106154442, 0.8353187441825867)","(0.003535722615197301, 268.60552978515625, 359.9927062988281)",5e-05,-0.010986,"(-2.994565, 0.000062, -0.083243)",LeftTrue_RightFalse,False,"(-16.494792938232422, -0.0040048873052001, -2.4276554584503174)","(-0.004276046995073557, 92.04576873779297, -0.004237178713083267)",0.038273,-0.011578,"(2.211692, 0.000026, -0.070682)",LeftFalse_RightFalse
12.726318,0.019138,"(11.827448844909668, 1.2212586402893066, 0.45027458667755127)","(0.15191607177257538, 262.66693115234375, 358.6819152832031)","(11.873988151550293, 0.6886417269706726, -1.5791780948638916)","(359.99383544921875, 191.40072631835938, -0.005013715475797653)","(11.969695091247559, -0.004058291204273701, 0.8305103778839111)","(0.0035199152771383524, 268.5753479003906, 359.9928894042969)",3.6e-05,-0.010986,"(-2.956157, 0.000058, -0.083847)",LeftTrue_RightFalse,False,"(-16.367843627929688, -0.004003392066806555, -2.4316823482513428)","(-0.004198968876153231, 92.02290344238281, -0.004377648700028658)",0.03614,-0.012062,"(2.189658, 0.000026, -0.068645)",LeftFalse_RightFalse
12.784424,0.01921,"(11.656977653503418, 1.2212613821029663, 0.44465935230255127)","(0.02596197836101055, 262.462646484375, 358.76458740234375)","(11.704161643981934, 0.6886376738548279, -1.5841140747070312)","(359.9939880371094, 191.37063598632812, -0.004954888019710779)","(11.798603057861328, -0.004054882563650608, 0.8256261348724365)","(0.0035001093056052923, 268.5452575683594, 359.9930419921875)",2.7e-05,-0.010986,"(-2.930827, 0.000056, -0.084219)",LeftTrue_RightFalse,False,"(-16.240989685058594, -0.004001860041171312, -2.43563175201416)","(-0.004101577680557966, 91.9990005493164, -0.004494172055274248)",-0.016822,-0.012664,"(2.174973, 0.000026, -0.067286)",LeftFalse_RightFalse
12.841431,0.019094,"(11.491827011108398, 1.2212638854980469, 0.4389714002609253)","(359.9305114746094, 262.3125, 358.8009948730469)","(11.539917945861816, 0.6886339783668518, -1.5889769792556763)","(359.9941711425781, 191.34153747558594, -0.004895653575658798)","(11.633134841918945, -0.004051629453897476, 0.8208132982254028)","(0.003477624850347638, 268.51617431640625, 359.99322509765625)",1.9e-05,-0.010986,"(-2.893238, 0.000057, -0.084738)",LeftTrue_RightFalse,False,"(-16.118236541748047, -0.0039998553693294525, -2.4393739700317383)","(-0.0033530383370816708, 91.97465515136719, -0.00462906900793314)",0.03704,-0.013135,"(2.149070, 0.000036, -0.065018)",LeftFalse_RightFalse
12.900024,0.0193,"(11.323850631713867, 1.2217532396316528, 0.4334779977798462)","(359.8367004394531, 262.17138671875, 358.7864074707031)","(11.37292194366455, 0.6886300444602966, -1.5940085649490356)","(-0.005676374305039644, 191.31195068359375, -0.004832561127841473)","(11.464893341064453, -0.0040483796037733555, 0.8158315420150757)","(0.003451950615271926, 268.486572265625, 359.9933776855469)",1.4e-05,-0.010986,"(-2.856131, 0.000055, -0.085208)",LeftTrue_RightFalse,False,"(-15.993066787719727, -0.003997901454567909, -2.4431114196777344)","(-0.003071561921387911, 91.94873046875, -0.004739844240248203)",0.032267,-0.013551,"(2.126679, 0.000034, -0.062973)",LeftFalse_RightFalse
12.957031,0.019151,"(11.162500381469727, 1.2220033407211304, 0.42831411957740784)","(359.8186340332031, 262.07879638671875, 358.79193115234375)","(11.212541580200195, 0.6886264085769653, -1.5989242792129517)","(-0.005524403881281614, 191.28353881835938, -0.004771481268107891)","(11.30331802368164, -0.0040453337132930756, 0.8109627962112427)","(0.003426129464060068, 268.4581604003906, 359.9935607910156)",1e-05,-0.010986,"(-2.819503, 0.000054, -0.085633)",LeftTrue_RightFalse,False,"(-15.872579574584961, -0.003996130079030991, -2.4466357231140137)","(-0.002900379477068782, 91.92292785644531, -0.004798071924597025)",0.028832,-0.01389,"(2.104954, 0.000029, -0.061010)",LeftFalse_RightFalse
13.015259,0.01929,"(10.999449729919434, 1.2221397161483765, 0.4231170415878296)","(359.8332824707031, 262.0205078125, 358.805908203125)","(11.050487518310547, 0.688622772693634, -1.6039749383926392)","(-0.005373082589358091, 191.25482177734375, -0.004708940628916025)","(11.140055656433105, -0.004042275715619326, 0.8059595823287964)","(0.0033987394999712706, 268.429443359375, 359.99371337890625)",8e-06,-0.010986,"(-2.783347, 0.000053, -0.086013)",LeftTrue_RightFalse,False,"(-15.750539779663086, -0.003994506783783436, -2.450144052505493)","(-0.0028100041672587395, 91.89653015136719, -0.004699368495494127)",0.028593,-0.012432,"(2.082970, 0.000028, -0.059591)",LeftFalse_RightFalse
13.074463,0.019491,"(10.835823059082031, 1.2219929695129395, 0.4173913896083832)","(359.9016418457031, 261.95989990234375, 358.8580627441406)","(10.887965202331543, 0.6886191964149475, -1.6091232299804688)","(-0.005222819745540619, 191.2260284423828, -0.004645960871130228)","(10.976322174072266, -0.004039189778268337, 0.8008575439453125)","(0.003370685735717416, 268.400634765625, 359.9938659667969)",6e-06,-0.010986,"(-2.747657, 0.000052, -0.086350)",LeftTrue_RightFalse,False,"(-15.627861022949219, -0.003992948681116104, -2.453645706176758)","(-0.0027267050463706255, 91.87137603759766, -0.0042698802426457405)",0.027327,-0.011438,"(2.061056, 0.000025, -0.058636)",LeftFalse_RightFalse
13.114624,0.019735,"(10.726029396057129, 1.2216967344284058, 0.4136574864387512)","(359.9475402832031, 261.91900634765625, 358.8917236328125)","(10.778888702392578, 0.6886168718338013, -1.612626075744629)","(-0.005124450195580721, 191.2067108154297, -0.004603267181664705)","(10.866432189941406, -0.004037095233798027, 0.7973857522010803)","(0.0033508939668536186, 268.38134765625, 359.9939880371094)",5e-06,-0.010986,"(-2.724119, 0.000052, -0.086552)",LeftTrue_RightFalse,False,"(-15.545368194580078, -0.0039919158443808556, -2.4559919834136963)","(-0.0026685181073844433, 91.85546875, -0.0038951626047492027)",0.023349,-0.010769,"(2.046587, 0.000025, -0.058083)",LeftFalse_RightFalse
13.171753,0.019433,"(10.572172164916992, 1.2214518785476685, 0.4083738923072815)","(0.04307832568883896, 261.8306884765625, 358.96038818359375)","(10.625550270080566, 0.6886136531829834, -1.6176140308380127)","(-0.004986311309039593, 191.17953491210938, -0.004542602691799402)","(10.71195125579834, -0.004034240264445543, 0.7924408912658691)","(0.003322407603263855, 268.3541564941406, 359.994140625)",-0.0238,-0.010986,"(-2.689192, 0.000050, -0.086820)",LeftTrue_RightFalse,False,"(-15.429190635681152, -0.00399050023406744, -2.459289073944092)","(-0.0025756084360182285, 91.83454132080078, -0.0033354004845023155)",0.024906,-0.00983,"(2.025005, 0.000025, -0.057342)",LeftFalse_RightFalse
13.213013,0.01985,"(10.462198257446289, 1.2211412191390991, 0.40463531017303467)","(0.0767190009355545, 261.76177978515625, 358.9986267089844)","(10.516082763671875, 0.6886094212532043, -1.6212208271026611)","(-0.004741665907204151, 191.16015625, -0.005100272595882416)","(10.601675033569336, -0.00403198366984725, 0.7888649106025696)","(0.0039204698987305164, 268.33477783203125, 359.9942321777344)",-0.111097,-0.010986,"(-2.653113, 0.000061, -0.086544)",LeftTrue_RightFalse,False,"(-15.345962524414062, -0.003989408724009991, -2.4616472721099854)","(-0.002513536950573325, 91.82058715820312, -0.0029439127538353205)",0.022533,-0.009086,"(2.010392, 0.000024, -0.056895)",LeftFalse_RightFalse
13.253662,0.020037,"(10.355408668518066, 1.220774531364441, 0.401009738445282)","(0.09336648881435394, 261.6972351074219, 359.0216369628906)","(10.409873962402344, 0.6885970234870911, -1.624755620956421)","(-0.003818178316578269, 191.141357421875, 359.9915466308594)","(10.494718551635742, -0.004028376657515764, 0.7853608131408691)","(0.007397992070764303, 268.31597900390625, -0.005600102245807648)",-0.134916,-0.010864,"(-2.593442, 0.000124, -0.085421)",LeftTrue_RightFalse,False,"(-15.264335632324219, -0.003988407552242279, -2.463960647583008)","(-0.0024063331075012684, 91.80783081054688, -0.002564018126577139)",0.022399,-0.008355,"(1.995804, 0.000024, -0.056530)",LeftFalse_RightFalse
13.312622,0.019918,"(10.205561637878418, 1.2204560041427612, 0.39590728282928467)","(0.15242686867713928, 261.5257568359375, 359.08935546875)","(10.26094913482666, 0.6885663866996765, -1.6297688484191895)","(-0.0012110298266634345, 191.11526489257812, 359.9815673828125)","(10.344820022583008, -0.004017207305878401, 0.7803936004638672)","(0.017702795565128326, 268.2898864746094, -0.005272238049656153)",-0.20236,-0.010498,"(-2.486390, 0.000262, -0.082988)",LeftTrue_RightFalse,False,"(-15.14731216430664, -0.003986954689025879, -2.4672818183898926)","(-0.0022478830069303513, 91.79120635986328, -0.0020359947811812162)",0.019551,-0.007327,"(1.974368, 0.000024, -0.056051)",LeftFalse_RightFalse
13.35376,0.02018,"(10.104957580566406, 1.2203187942504883, 0.39246320724487305)","(0.1822250932455063, 261.42596435546875, 359.089111328125)","(10.161015510559082, 0.6885368227958679, -1.6331672668457031)","(0.0014782504877075553, 191.09803771972656, 359.97119140625)","(10.244291305541992, -0.004004410468041897, 0.7770285606384277)","(0.02842845767736435, 268.2726745605469, -0.004955954384058714)",-0.297606,-0.010193,"(-2.390938, 0.000371, -0.080382)",LeftTrue_RightFalse,False,"(-15.066324234008789, -0.0039859614335000515, -2.469585418701172)","(-0.0021319028455764055, 91.78085327148438, -0.0016962384106591344)",0.018835,-0.006627,"(1.959807, 0.000025, -0.055763)",LeftFalse_RightFalse
13.394287,0.020178,"(10.010451316833496, 1.2202204465866089, 0.38921380043029785)","(0.21618765592575073, 261.33929443359375, 359.0843200683594)","(10.067180633544922, 0.6884971857070923, -1.6363786458969116)","(0.005159145221114159, 191.08226013183594, 359.95684814453125)","(10.149971008300781, -0.0039865924045443535, 0.7738500833511353)","(0.04321622475981712, 268.25689697265625, -0.004547460936009884)",-0.380935,-0.01004,"(-2.264737, 0.000513, -0.076623)",LeftTrue_RightFalse,False,"(-14.987259864807129, -0.003984949551522732, -2.4718403816223145)","(-0.0019867918454110622, 91.77163696289062, -0.0013827485963702202)",0.02125,-0.005955,"(1.945191, 0.000025, -0.055508)",LeftFalse_RightFalse
13.453003,0.019925,"(9.884058952331543, 1.2201138734817505, 0.3847290873527527)","(0.25751975178718567, 261.25164794921875, 359.07855224609375)","(9.941286087036133, 0.6884250044822693, -1.640721321105957)","(0.012383881956338882, 191.06163024902344, 359.9282531738281)","(10.023565292358398, -0.003949090838432312, 0.76955646276474)","(0.07270276546478271, 268.23626708984375, -0.003850772278383374)",-0.4841,-0.01004,"(-2.032023, 0.000763, -0.069467)",LeftTrue_RightFalse,False,"(-14.873638153076172, -0.003983506467193365, -2.4750919342041016)","(-0.001791880582459271, 91.75995635986328, -0.0009728478034958243)",0.018041,-0.005477,"(1.923940, 0.000024, -0.055161)",LeftFalse_RightFalse
13.493896,0.020102,"(9.804267883300781, 1.220054268836975, 0.3819024860858917)","(0.2690041959285736, 261.18597412109375, 359.0656433105469)","(9.861980438232422, 0.6883693337440491, -1.6434804201126099)","(0.018450984731316566, 191.048828125, 359.9039306640625)","(9.944023132324219, -0.003914567641913891, 0.7668310403823853)","(0.0977707952260971, 268.2234802246094, -0.003335418179631233)",-0.539047,-0.01004,"(-1.850721, 0.000922, -0.063722)",LeftTrue_RightFalse,False,"(-14.795183181762695, -0.003982544410973787, -2.477339744567871)","(-0.0016594122862443328, 91.75261688232422, -0.0008027830626815557)",0.01814,-0.006697,"(1.909490, 0.000024, -0.054463)",LeftFalse_RightFalse
13.553223,0.019901,"(9.702799797058105, 1.2199803590774536, 0.3782978355884552)","(0.3114020824432373, 261.09307861328125, 359.0462341308594)","(9.761295318603516, 0.6882842183113098, -1.6470141410827637)","(0.028359686955809593, 191.03268432617188, 359.8639831542969)","(9.843156814575195, -0.0038535622879862785, 0.7633457779884338)","(0.13891001045703888, 268.20733642578125, -0.002538923406973481)",-0.683578,-0.01004,"(-1.538749, 0.001122, -0.053517)",LeftTrue_RightFalse,False,"(-14.682533264160156, -0.003981010057032108, -2.480525493621826)","(-0.0014464730629697442, 91.74112701416016, -0.000996241346001625)",0.018832,-0.007674,"(1.888153, 0.000025, -0.052926)",LeftFalse_RightFalse
13.595825,0.020423,"(9.6421537399292, 1.2199289798736572, 0.3761322498321533)","(0.34946009516716003, 261.04071044921875, 359.0325012207031)","(9.70123291015625, 0.6882153153419495, -1.649139642715454)","(0.03649233281612396, 191.0231170654297, 359.8311767578125)","(9.783100128173828, -0.0038025141693651676, 0.7612543702125549)","(0.17271775007247925, 268.1977844238281, -0.001894839107990265)",-0.828109,-0.01004,"(-1.282836, 0.001254, -0.044883)",LeftTrue_RightFalse,False,"(-14.602420806884766, -0.003980007953941822, -2.482755184173584)","(-0.0013123999815434217, 91.73197174072266, -0.001290278509259224)",0.011699,-0.008338,"(1.873968, 0.000026, -0.051855)",LeftFalse_RightFalse
13.636353,0.020365,"(9.596323013305664, 1.2198768854141235, 0.3743927478790283)","(0.3888671398162842, 260.9719543457031, 359.04193115234375)","(9.655550003051758, 0.6881392598152161, -1.650766372680664)","(0.045386023819446564, 191.01588439941406, 359.79522705078125)","(9.737561225891113, -0.0037474341224879026, 0.7596602439880371)","(0.20973679423332214, 268.1905822753906, -0.0012013009982183576)",-0.843734,-0.01004,"(-0.995218, 0.001412, -0.035011)",LeftTrue_RightFalse,False,"(-14.526758193969727, -0.003978950437158346, -2.4848313331604004)","(-0.0011487570591270924, 91.72252655029297, -0.0016090028220787644)",0.016063,-0.008939,"(1.859479, 0.000027, -0.050746)",LeftFalse_RightFalse
13.676636,0.020305,"(9.562426567077637, 1.2198272943496704, 0.3731086254119873)","(0.41041481494903564, 260.89825439453125, 359.0515441894531)","(9.621910095214844, 0.6880630254745483, -1.6519715785980225)","(0.054596152156591415, 191.0106201171875, 359.758056640625)","(9.70416259765625, -0.0036873910576105118, 0.7584860324859619)","(0.24803787469863892, 268.18536376953125, -0.00047506275586783886)",-0.878891,-0.01004,"(-0.701898, 0.001509, -0.024815)",LeftTrue_RightFalse,False,"(-14.452230453491211, -0.003977959975600243, -2.4868478775024414)","(-0.0009978224989026785, 91.71247100830078, -0.0019224592251703143)",0.012736,-0.009507,"(1.845446, 0.000026, -0.049651)",LeftFalse_RightFalse
13.717285,0.020299,"(9.540371894836426, 1.2197819948196411, 0.3722664713859558)","(0.41993993520736694, 260.8402099609375, 359.0561828613281)","(9.600143432617188, 0.6879894137382507, -1.6527564525604248)","(0.063783198595047, 191.00726318359375, 359.7210388183594)","(9.682716369628906, -0.003624094882979989, 0.7577297687530518)","(0.2861543297767639, 268.1820373535156, 0.0002695423609111458)",-0.917953,-0.01004,"(-0.398572, 0.001546, -0.014161)",LeftTrue_RightFalse,False,"(-14.377628326416016, -0.003976908512413502, -2.4888370037078857)","(-0.0008478480158373713, 91.70169067382812, -0.0022136473562568426)",0.013642,-0.010277,"(1.831153, 0.000024, -0.048552)",LeftFalse_RightFalse
13.775757,0.019919,"(9.52835750579834, 1.219744324684143, 0.3717023730278015)","(0.37274226546287537, 260.78082275390625, 359.08734130859375)","(9.588055610656738, 0.6879101991653442, -1.653192400932312)","(0.07446984946727753, 191.00558471679688, 359.6788024902344)","(9.671085357666016, -0.0035384162329137325, 0.7573255300521851)","(0.32971975207328796, 268.180419921875, 0.0013116979971528053)",-0.925766,-0.01004,"(-0.004802, 0.001151, 0.000323)",LeftTrue_RightFalse,False,"(-14.271089553833008, -0.003975483123213053, -2.491604804992676)","(-0.000646839034743607, 91.68418884277344, -0.0027969691436737776)",0.013769,-0.014079,"(1.810215, 0.000024, -0.046036)",LeftFalse_RightFalse
13.834717,0.019801,"(9.528743743896484, 1.219799518585205, 0.37162113189697266)","(0.3121209442615509, 260.75, 359.1212463378906)","(9.588048934936523, 0.6879509091377258, -1.6531879901885986)","(0.07499418407678604, 191.00509643554688, 359.67816162109375)","(9.671066284179688, -0.0034801552537828684, 0.7573350071907043)","(0.3304595649242401, 268.179931640625, 0.0016809883527457714)",-0.999985,-0.01004,"(0.001232, 0.000514, 0.000056)",LeftTrue_RightFalse,False,"(-14.164922714233398, -0.003973986953496933, -2.4942243099212646)","(-0.00048314291052520275, 91.66213989257812, -0.0037502050399780273)",0.012872,-0.016958,"(1.789401, 0.000024, -0.043014)",LeftTrue_RightFalse
13.8927,0.01955,"(9.529911041259766, 1.2199170589447021, 0.37157097458839417)","(0.1950330138206482, 260.7208557128906, 359.1336975097656)","(9.588410377502441, 0.688077986240387, -1.6531740427017212)","(0.06522803753614426, 191.00515747070312, 359.72015380859375)","(9.67090892791748, -0.0034813545644283295, 0.757330060005188)","(0.2873387336730957, 268.1799621582031, 0.0014817294431850314)",-0.999985,-0.01004,"(0.002253, -0.000489, 0.000103)",LeftTrue_RightFalse,False,"(-14.061840057373047, -0.0039726002141833305, -2.4966237545013428)","(-0.0003438081475906074, 91.6361083984375, -0.004735542926937342)",0.013921,-0.019621,"(1.768769, 0.000023, -0.039937)",LeftTrue_RightFalse
13.950073,0.019344,"(9.531392097473145, 1.2200212478637695, 0.37151092290878296)","(0.09451337158679962, 260.6842346191406, 359.12652587890625)","(9.588875770568848, 0.6881964206695557, -1.65315580368042)","(0.052624572068452835, 191.0052490234375, 359.77423095703125)","(9.67070484161377, -0.003528682282194495, 0.757323682308197)","(0.23181182146072388, 268.17999267578125, 0.0011969204060733318)",-0.999985,-0.01004,"(0.002413, -0.001113, 0.000108)",LeftTrue_RightFalse,False,"(-13.960814476013184, -0.003971416503190994, -2.498833179473877)","(-0.00022952795552555472, 91.6063232421875, -0.005618397146463394)",0.01251,-0.022104,"(1.748512, 0.000020, -0.036889)",LeftTrue_RightFalse
14.005859,0.018993,"(9.532927513122559, 1.2200946807861328, 0.3714297115802765)","(359.9938659667969, 260.6540832519531, 359.13916015625)","(9.589320182800293, 0.6882839202880859, -1.653138518333435)","(0.040611930191516876, 191.00531005859375, 359.8257751464844)","(9.670511245727539, -0.003598448820412159, 0.7573174238204956)","(0.1788811981678009, 268.17999267578125, 0.0009270091541111469)",-0.999985,-0.01004,"(0.002167, -0.001356, 0.000094)",LeftTrue_RightFalse,False,"(-13.863767623901367, -0.003970262128859758, -2.500821352005005)","(-0.0001612860942259431, 91.57396697998047, 359.9936828613281)",0.013228,-0.025031,"(1.728495, 0.000021, -0.033895)",LeftTrue_RightFalse
14.061768,0.018853,"(9.53419017791748, 1.2201405763626099, 0.3713739812374115)","(359.90545654296875, 260.6359558105469, 359.16473388671875)","(9.589710235595703, 0.6883434057235718, -1.6531232595443726)","(0.030156219378113747, 191.00534057617188, 359.87066650390625)","(9.670345306396484, -0.0036752745509147644, 0.7573119401931763)","(0.1327914148569107, 268.17999267578125, 0.00069654785329476)",-0.999985,-0.01004,"(0.001909, -0.001354, 0.000080)",LeftTrue_RightFalse,False,"(-13.7677640914917, -0.003968784585595131, -2.5026097297668457)","(0.0005804382963106036, 91.53662872314453, 359.99267578125)",0.043984,-0.031341,"(1.708689, 0.000033, -0.030286)",LeftTrue_RightFalse
14.117432,0.018729,"(9.535261154174805, 1.2201669216156006, 0.3703951835632324)","(359.70928955078125, 260.07373046875, 359.4365539550781)","(9.590023040771484, 0.688381552696228, -1.653111457824707)","(0.021717200055718422, 191.00537109375, 359.90692138671875)","(9.670209884643555, -0.0037467177025973797, 0.7573073506355286)","(0.09557269513607025, 268.17999267578125, 0.0005147962365299463)",-0.999985,-0.01004,"(0.001492, -0.001202, 0.000060)",LeftTrue_RightFalse,False,"(-13.673110961914062, -0.003967110998928547, -2.5041236877441406)","(0.0008536044042557478, 91.49163818359375, 359.9912109375)",0.00806,-0.036376,"(1.690546, 0.000028, -0.025297)",LeftTrue_RightFalse
14.174316,0.018875,"(9.5361967086792, 1.2201814651489258, 0.36832618713378906)","(359.50616455078125, 259.0466613769531, 359.75933837890625)","(9.590270042419434, 0.6884056329727173, -1.653102159500122)","(0.015080111101269722, 191.00538635253906, 359.9354553222656)","(9.670103073120117, -0.00380856916308403, 0.7573037147521973)","(0.06629288196563721, 268.1800231933594, 0.00037371632060967386)",-0.999985,-0.01004,"(0.001108, -0.000963, 0.000043)",LeftTrue_RightFalse,False,"(-13.577545166015625, -0.003965727984905243, -2.5054078102111816)","(0.0009554673451930285, 91.43875885009766, 359.98980712890625)",0.008879,-0.041242,"(1.670896, 0.000024, -0.020382)",LeftTrue_RightFalse
14.230469,0.018803,"(9.537148475646973, 1.2201894521713257, 0.3658515214920044)","(359.3280334472656, 257.6524658203125, 0.2266480177640915)","(9.590452194213867, 0.6884206533432007, -1.6530959606170654)","(0.010235138237476349, 191.00540161132812, 359.9562683105469)","(9.670027732849121, -0.0038561339024454355, 0.757300853729248)","(0.044923022389411926, 268.1800231933594, 0.0002698458556551486)",-0.999985,-0.01004,"(0.000789, -0.000707, 0.000029)",LeftTrue_RightFalse,False,"(-13.484282493591309, -0.003964617848396301, -2.5064175128936768)","(0.0009275567135773599, 91.38021087646484, 359.98858642578125)",0.011472,-0.045767,"(1.651255, 0.000018, -0.015489)",LeftTrue_RightFalse
14.287231,0.018907,"(9.53903579711914, 1.2201950550079346, 0.3613992929458618)","(359.1478271484375, 254.95960998535156, 1.13126802444458)","(9.590583801269531, 0.6884311437606812, -1.6530908346176147)","(0.0067304703406989574, 191.00540161132812, 359.9713134765625)","(9.66997241973877, -0.003890915308147669, 0.7572988271713257)","(0.02947230078279972, 268.1800231933594, 0.00019301290740258992)",-0.999985,-0.01004,"(0.000541, -0.000480, 0.000020)",LeftTrue_RightFalse,False,"(-13.391032218933105, -0.003963547758758068, -2.507181167602539)","(0.0008588596247136593, 91.31509399414062, 359.98760986328125)",0.007653,-0.050072,"(1.632073, 0.000016, -0.010694)",LeftTrue_RightFalse
14.34082,0.018349,"(9.542370796203613, 1.2203930616378784, 0.3548591434955597)","(358.9613952636719, 251.00265502929688, 2.2285678386688232)","(9.590669631958008, 0.6884387135505676, -1.6530873775482178)","(0.004426175262778997, 191.00540161132812, 359.981201171875)","(9.669936180114746, -0.003913180902600288, 0.7572975158691406)","(0.01931685581803322, 268.1800231933594, 0.00014174894022289664)",-0.999985,-0.01004,"(0.000413, -0.000351, 0.000015)",LeftTrue_RightFalse,False,"(-13.304031372070312, -0.003962680697441101, -2.5076711177825928)","(0.001142716035246849, 91.24885559082031, 359.9869384765625)",0.007646,-0.050662,"(1.613279, 0.000019, -0.007780)",LeftTrue_RightFalse
14.395386,0.018307,"(9.545597076416016, 1.2208131551742554, 0.34910207986831665)","(358.70306396484375, 247.58929443359375, 3.0894646644592285)","(9.590731620788574, 0.6884453296661377, -1.6530852317810059)","(0.0028153927996754646, 191.00540161132812, 359.98809814453125)","(9.669912338256836, -0.003927432931959629, 0.7572965621948242)","(0.01223011128604412, 268.1800231933594, 0.00010312068479834124)",-0.999985,-0.01004,"(0.000268, -0.000198, 0.000010)",LeftTrue_RightFalse,False,"(-13.21642780303955, -0.003961397334933281, -2.5079879760742188)","(0.0015468464698642492, 91.17891693115234, 359.98681640625)",-0.0026,-0.051845,"(1.596117, 0.000022, -0.004375)",LeftTrue_RightFalse
14.44873,0.018003,"(9.54832649230957, 1.2210403680801392, 0.344649076461792)","(358.4443359375, 245.3443145751953, 3.6952309608459473)","(9.590770721435547, 0.6884512901306152, -1.6530838012695312)","(0.0017599101411178708, 191.00540161132812, 359.99261474609375)","(9.66989517211914, -0.003935237880796194, 0.7572959065437317)","(0.007598196156322956, 268.1800231933594, 7.513457967434078e-05)",-0.999985,-0.01004,"(0.000167, -0.000092, 0.000006)",LeftTrue_RightFalse,False,"(-13.131757736206055, -0.003960177302360535, -2.508150100708008)","(0.001623217947781086, 91.10948944091797, 359.9870910644531)",0.015104,-0.052869,"(1.576529, 0.000020, -0.001393)",LeftTrue_RightFalse
14.505127,0.018403,"(9.550863265991211, 1.2211740016937256, 0.3406171202659607)","(358.2017517089844, 243.67201232910156, 4.244406223297119)","(9.590798377990723, 0.6884571313858032, -1.6530827283859253)","(0.0010419426253065467, 191.00540161132812, -0.004335528705269098)","(9.669885635375977, -0.003938774578273296, 0.7572954893112183)","(0.004458652809262276, 268.1800231933594, 5.3544907132163644e-05)",-0.999985,-0.01004,"(0.000100, -0.000022, 0.000004)",LeftTrue_RightFalse,False,"(-13.043364524841309, -0.003959201741963625, -2.5081734657287598)","(0.001482948544435203, 91.03551483154297, 359.9875183105469)",0.007987,-0.053816,"(1.558042, 0.000015, 0.001397)",LeftTrue_RightFalse
14.561401,0.018581,"(9.552434921264648, 1.221247673034668, 0.3381153345108032)","(358.0326843261719, 242.69677734375, 4.757736682891846)","(9.590813636779785, 0.6884625554084778, -1.6530821323394775)","(0.0006045193877071142, 191.00540161132812, -0.002482333453372121)","(9.669878005981445, -0.003939235117286444, 0.7572951912879944)","(0.0025545936077833176, 268.1800231933594, 3.840803765342571e-05)",-0.925766,-0.01004,"(0.000069, 0.000008, 0.000003)",LeftTrue_RightFalse,False,"(-12.956104278564453, -0.003958062268793583, -2.5080480575561523)","(0.002051727380603552, 90.96104431152344, 359.9880676269531)",0.043143,-0.054626,"(1.538933, 0.000026, 0.003255)",LeftTrue_RightFalse
14.61792,0.018729,"(9.553193092346191, 1.221289038658142, 0.3363320827484131)","(357.98974609375, 242.292724609375, 5.19163703918457)","(9.59082317352295, 0.6884673833847046, -1.6530817747116089)","(0.0003472013049758971, 191.00540161132812, -0.0014013360487297177)","(9.66987419128418, -0.003937852568924427, 0.7572950124740601)","(0.001443446148186922, 268.1800231933594, 2.7469895940157585e-05)",-0.835922,-0.01004,"(0.000038, 0.000033, 0.000002)",LeftTrue_RightFalse,False,"(-12.869770050048828, -0.003956835716962814, -2.507779121398926)","(0.002165416022762656, 90.88603210449219, 359.988525390625)",0.001147,-0.053791,"(1.521763, 0.000020, 0.005796)",LeftTrue_RightFalse
14.674927,0.018867,"(9.553483009338379, 1.2213128805160522, 0.33474820852279663)","(358.0419616699219, 242.25254821777344, 5.513826370239258)","(9.590828895568848, 0.6884716153144836, -1.6530814170837402)","(0.0002039214305114001, 191.00540161132812, -0.0008066988666541874)","(9.669872283935547, -0.003935589920729399, 0.7572948932647705)","(0.0008318392210640013, 268.1800231933594, 1.9762510419241153e-05)",-0.64061,-0.01004,"(0.000019, 0.000044, 0.000001)",LeftTrue_RightFalse,False,"(-12.783477783203125, -0.00395573116838932, -2.5074076652526855)","(0.002168316626921296, 90.81151580810547, 359.98931884765625)",0.004152,-0.052552,"(1.503328, 0.000018, 0.007272)",LeftTrue_RightFalse
14.730713,0.018774,"(9.553271293640137, 1.2213265895843506, 0.33399373292922974)","(358.1708679199219, 242.39801025390625, 5.649226665496826)","(9.59083080291748, 0.6884751915931702, -1.6530814170837402)","(0.00013398381997831166, 191.00540161132812, -0.0005222817999310791)","(9.669870376586914, -0.003933040425181389, 0.7572948336601257)","(0.0005389931611716747, 268.1800231933594, 1.4704771274409723e-05)",-0.281723,-0.01004,"(0.000008, 0.000045, 0.000000)",LeftTrue_RightFalse,False,"(-12.700217247009277, -0.003954806365072727, -2.5069737434387207)","(0.0020305742509663105, 90.74105834960938, 359.990234375)",0.003639,-0.051303,"(1.485107, 0.000013, 0.008565)",LeftTrue_RightFalse
14.788818,0.019057,"(9.552568435668945, 1.2213349342346191, 0.333687424659729)","(358.37579345703125, 242.6824188232422, 5.613304615020752)","(9.590837478637695, 0.6884779930114746, -1.653080940246582)","(0.00011078090756200254, 191.00543212890625, -0.000438280199887231)","(9.669878005981445, -0.003930574748665094, 0.7572951316833496)","(0.0004519366775639355, 268.1800537109375, 1.072748545993818e-05)",0.0,-0.01004,"(0.001851, 0.000040, 0.000074)",LeftTrue_RightFalse,False,"(-12.614338874816895, -0.003954075276851654, -2.5064542293548584)","(0.0018748112488538027, 90.67000579833984, 359.9911804199219)",0.00354,-0.049963,"(1.466714, 0.000010, 0.009686)",LeftTrue_RightFalse
14.847656,0.019341,"(9.551127433776855, 1.2213399410247803, 0.333746075630188)","(358.62982177734375, 243.17503356933594, 5.372931003570557)","(9.590930938720703, 0.6884798407554626, -1.6530795097351074)","(0.00014869702863506973, 191.00473022460938, -0.0005971270147711039)","(9.669942855834961, -0.003928259015083313, 0.7572977542877197)","(0.0006152372225187719, 268.1793518066406, 1.2436726137821097e-05)",0.0,-0.01004,"(0.001253, 0.000035, 0.000050)",LeftTrue_RightFalse,False,"(-12.52841567993164, -0.003953549079596996, -2.505866050720215)","(0.0017653369577601552, 90.60066986083984, 359.9920654296875)",0.001124,-0.048574,"(1.448435, 0.000010, 0.010670)",LeftTrue_RightFalse
14.905884,0.019357,"(9.549562454223633, 1.220976710319519, 0.33393394947052)","(358.8366394042969, 243.57725524902344, 5.09504508972168)","(9.590989112854004, 0.6884819865226746, -1.6530797481536865)","(0.00013385032070800662, 191.00387573242188, -0.000552866724319756)","(9.669964790344238, -0.003926481585949659, 0.7572986483573914)","(0.0005687855300493538, 268.1784973144531, 7.785316483932547e-06)",0.0,-0.01004,"(0.001689, 0.000028, 0.000067)",LeftTrue_RightFalse,False,"(-12.444564819335938, -0.003952932544052601, -2.5052316188812256)","(0.0017207389464601874, 90.53480529785156, 359.99285888671875)",0.001247,-0.047179,"(1.430181, 0.000011, 0.011530)",LeftTrue_RightFalse
14.961426,0.018998,"(9.548067092895508, 1.2206621170043945, 0.3345467448234558)","(359.0803527832031, 244.07672119140625, 4.746668815612793)","(9.591062545776367, 0.6884828805923462, -1.6530773639678955)","(0.0001688225456746295, 191.00360107421875, -0.0006916102138347924)","(9.670029640197754, -0.0039250110276043415, 0.7573012709617615)","(0.0007118307403288782, 268.17822265625, 1.1086707672802731e-05)",0.0,-0.01004,"(0.000469, 0.000024, 0.000021)",LeftTrue_RightFalse,False,"(-12.3655424118042, -0.003951977472752333, -2.5045855045318604)","(0.002482031239196658, 90.47454833984375, 359.99359130859375)",0.038554,-0.046454,"(1.410729, 0.000025, 0.011931)",LeftTrue_RightFalse
15.001709,0.019356,"(9.546751022338867, 1.2205290794372559, 0.33503639698028564)","(359.19708251953125, 244.32058715820312, 4.560545444488525)","(9.591131210327148, 0.6884841918945312, -1.6530792713165283)","(0.00014699989696964622, 191.00213623046875, -0.0006193265435285866)","(9.670034408569336, -0.003924158867448568, 0.7573015093803406)","(0.000636506243608892, 268.1767578125, 5.854085884493543e-06)",0.0,-0.010529,"(0.000572, 0.000017, 0.000021)",LeftTrue_RightFalse,False,"(-12.30911636352539, -0.003950918093323708, -2.5040903091430664)","(0.0027075272519141436, 90.43232727050781, 359.99395751953125)",-0.011344,-0.045869,"(1.401017, 0.000024, 0.012582)",LeftTrue_RightFalse
15.060059,0.019395,"(9.54548454284668, 1.2204170227050781, 0.3359854221343994)","(359.3666076660156, 244.70289611816406, 4.1973419189453125)","(9.591135025024414, 0.6884855031967163, -1.6530802249908447)","(0.00011772576544899493, 191.0017852783203, -0.0005176393315196037)","(9.670022964477539, -0.003923328127712011, 0.7573009133338928)","(0.0005308576510287821, 268.1764221191406, -1.1711769332123367e-07)",0.0,-0.01416,"(0.000996, 0.000013, 0.000040)",LeftTrue_RightFalse,False,"(-12.22803783416748, -0.003949571866542101, -2.503328561782837)","(0.003094233339652419, 90.37268829345703, -0.005574410315603018)",0.005967,-0.044999,"(1.380997, 0.000024, 0.013438)",LeftTrue_RightFalse
15.100342,0.019668,"(9.544610977172852, 1.220372200012207, 0.33668431639671326)","(359.4285583496094, 244.96484375, 3.9355785846710205)","(9.591176986694336, 0.688485324382782, -1.653078317642212)","(0.00015746075951028615, 191.0017852783203, -0.000668427674099803)","(9.670066833496094, -0.003922881558537483, 0.7573028206825256)","(0.0006867043557576835, 268.1764221191406, 5.154481186764315e-06)",0.0,-0.020142,"(0.000323, 0.000012, 0.000014)",LeftTrue_RightFalse,False,"(-12.172651290893555, -0.003948704339563847, -2.502774238586426)","(0.0031406227499246597, 90.33259582519531, -0.005327289924025536)",-0.004745,-0.044379,"(1.368770, 0.000019, 0.013982)",LeftTrue_RightFalse
15.140625,0.019838,"(9.543899536132812, 1.2203441858291626, 0.33734774589538574)","(359.4827880859375, 245.30996704101562, 3.583585500717163)","(9.59117603302002, 0.6884858012199402, -1.6530780792236328)","(0.00014977628597989678, 191.00193786621094, -0.0006365596782416105)","(9.670071601867676, -0.003922497853636742, 0.75730299949646)","(0.000653925584629178, 268.17657470703125, 4.735828042612411e-06)",0.0,-0.028473,"(0.001795, 0.000008, 0.000088)",LeftTrue_RightFalse,False,"(-12.117871284484863, -0.003947853110730648, -2.502199172973633)","(0.0032162582501769066, 90.29348754882812, -0.005100208800286055)",0.001833,-0.043748,"(1.356367, 0.000019, 0.014486)",LeftTrue_RightFalse
15.181152,0.020009,"(9.543445587158203, 1.2203260660171509, 0.33777427673339844)","(359.5256042480469, 245.63568115234375, 3.2688803672790527)","(9.591169357299805, 0.6884860992431641, -1.6530770063400269)","(0.00014907809963915497, 191.0023193359375, -0.0006345538422465324)","(9.670080184936523, -0.003922244533896446, 0.7573035955429077)","(0.0006518149166367948, 268.17694091796875, 4.5002893784840126e-06)",0.0,-0.037262,"(0.000780, 0.000006, 0.000041)",LeftTrue_RightFalse,False,"(-12.06324577331543, -0.003947155550122261, -2.501601219177246)","(0.003188742557540536, 90.25505065917969, -0.004892136435955763)",-0.005753,-0.043102,"(1.344464, 0.000015, 0.014960)",LeftTrue_RightFalse
15.22168,0.020079,"(9.543014526367188, 1.220314621925354, 0.33938661217689514)","(359.5089111328125, 245.98167419433594, 2.913587808609009)","(9.591188430786133, 0.6884863376617432, -1.6530766487121582)","(0.00014759585610590875, 191.0021514892578, -0.0006325223366729915)","(9.670093536376953, -0.003922049887478352, 0.7573041915893555)","(0.0006495048874057829, 268.1767883300781, 3.506026587274391e-06)",0.012262,-0.046539,"(-0.000668, 0.000004, -0.000044)",LeftTrue_RightFalse,False,"(-12.009204864501953, -0.00394666800275445, -2.500985622406006)","(0.003245777217671275, 90.21757507324219, -0.004687976092100143)",0.001178,-0.042448,"(1.331606, 0.000014, 0.015383)",LeftTrue_RightFalse
15.278931,0.019624,"(9.542633056640625, 1.2203062772750854, 0.34126120805740356)","(359.3948669433594, 246.43533325195312, 2.4652481079101562)","(9.591065406799316, 0.6884893774986267, -1.6530842781066895)","(1.0175976058235392e-05, 191.00209045410156, -0.00022359612921718508)","(9.669961929321289, -0.003921989817172289, 0.7572956681251526)","(0.00022027651721145958, 268.17669677734375, -3.97118492401205e-05)",0.05767,-0.058868,"(-0.002875, -0.000006, -0.000161)",LeftTrue_RightFalse,False,"(-11.933525085449219, -0.003945895936340094, -2.5000853538513184)","(0.0031865322962403297, 90.16606903076172, -0.004422358702868223)",-0.004301,-0.041505,"(1.314255, 0.000012, 0.015990)",LeftTrue_RightFalse
15.337036,0.019487,"(9.541573524475098, 1.220304250717163, 0.34284356236457825)","(359.21148681640625, 246.85552978515625, 2.084371566772461)","(9.590546607971191, 0.6884965896606445, -1.653114914894104)","(-0.00036631865077652037, 191.00233459472656, 0.0009200284257531166)","(9.669439315795898, -0.003922800067812204, 0.7572630643844604)","(-0.0009783904533833265, 268.1769714355469, -0.00015295122284442186)",0.130386,-0.072113,"(-0.016064, -0.000023, -0.001033)",LeftTrue_RightFalse,False,"(-11.857669830322266, -0.003945206291973591, -2.499135971069336)","(0.0031769834458827972, 90.11542510986328, -0.00419803149998188)",-0.001192,-0.04134,"(1.296469, 0.000011, 0.016674)",LeftTrue_RightFalse
15.377197,0.019695,"(9.540271759033203, 1.220511794090271, 0.34366968274116516)","(358.9977722167969, 247.16513061523438, 1.871148705482483)","(9.589681625366211, 0.6885107755661011, -1.6531779766082764)","(-0.0010518522467464209, 191.00062561035156, 0.002833773847669363)","(9.668478012084961, -0.003924247808754444, 0.7571985721588135)","(-0.0029965650755912066, 268.1752624511719, -0.0003965678042732179)",0.175766,-0.081909,"(-0.028697, -0.000045, -0.001896)",LeftTrue_RightFalse,False,"(-11.805855751037598, -0.003944761119782925, -2.498455047607422)","(0.003151913871988654, 90.08111572265625, -0.004111901391297579)",-0.004676,-0.041091,"(1.284218, 0.000010, 0.017178)",LeftTrue_RightFalse
15.435547,0.019575,"(9.537313461303711, 1.2209124565124512, 0.344510018825531)","(358.73779296875, 247.58981323242188, 1.6225252151489258)","(9.587362289428711, 0.6885395050048828, -1.6533559560775757)","(-0.0024681908544152975, 190.9961395263672, 0.006760742515325546)","(9.665919303894043, -0.003928172867745161, 0.7570194005966187)","(359.99285888671875, 268.1707458496094, -0.0009058598079718649)",0.23231,-0.095245,"(-0.056304, -0.000086, -0.003976)",LeftTrue_RightFalse,False,"(-11.731544494628906, -0.0039441208355128765, -2.497431755065918)","(0.0031866380013525486, 90.03225708007812, -0.004020318854600191)",-0.005414,-0.040701,"(1.267094, 0.000011, 0.017905)",LeftTrue_RightFalse
15.494507,0.019579,"(9.53228759765625, 1.2211321592330933, 0.34481385350227356)","(358.4986267089844, 247.9535369873047, 1.4819722175598145)","(9.583301544189453, 0.6885818839073181, -1.653684377670288)","(-0.004487547557801008, 190.98866271972656, 0.01206536591053009)","(9.661477088928223, -0.003934349864721298, 0.7566893100738525)","(359.98724365234375, 268.16326904296875, -0.0016973135061562061)",0.296449,-0.107056,"(-0.093205, -0.000123, -0.007047)",LeftTrue_RightFalse,False,"(-11.657422065734863, -0.003943446092307568, -2.4963579177856445)","(0.0032710391096770763, 89.98397064208984, -0.003929519094526768)",0.002298,-0.040275,"(1.248701, 0.000014, 0.018549)",LeftTrue_RightFalse
15.554077,0.019747,"(9.524703025817871, 1.2212555408477783, 0.3444574773311615)","(358.367431640625, 248.15396118164062, 1.413947582244873)","(9.577117919921875, 0.6886329054832458, -1.6542190313339233)","(359.9930725097656, 190.97540283203125, 0.018291642889380455)","(9.654657363891602, -0.003942728973925114, 0.7561577558517456)","(359.9806213378906, 268.1500549316406, -0.0026854316238313913)",0.362045,-0.117798,"(-0.138235, -0.000156, -0.010974)",LeftTrue_RightFalse,False,"(-11.583501815795898, -0.00394275039434433, -2.495234966278076)","(0.003312741406261921, 89.93631744384766, -0.003828725079074502)",-0.003515,-0.039814,"(1.231093, 0.000013, 0.019143)",LeftTrue_RightFalse
15.613647,0.019826,"(9.51459789276123, 1.2213304042816162, 0.34312471747398376)","(358.2652282714844, 248.22201538085938, 1.3865636587142944)","(9.568327903747559, 0.6887004971504211, -1.6550319194793701)","(359.9900207519531, 190.95379638671875, 0.025613782927393913)","(9.64486312866211, -0.003952897619456053, 0.7553551197052002)","(359.9728088378906, 268.12841796875, -0.004032590426504612)",0.421341,-0.126831,"(-0.190642, -0.000186, -0.015801)",LeftTrue_RightFalse,False,"(-11.510587692260742, -0.003941917791962624, -2.4940781593322754)","(0.003402306465432048, 89.88983917236328, -0.003706773743033409)",-0.006894,-0.039325,"(1.214117, 0.000012, 0.019682)",LeftTrue_RightFalse
15.655396,0.020136,"(9.505712509155273, 1.22136652469635, 0.3418658375740051)","(358.22796630859375, 248.15036010742188, 1.4184054136276245)","(9.560388565063477, 0.6887526512145996, -1.6557941436767578)","(359.98773193359375, 190.93385314941406, 0.031009208410978317)","(9.636016845703125, -0.0039609079249203205, 0.7546038627624512)","(359.967041015625, 268.1084899902344, -0.005092864856123924)",0.45226,-0.135101,"(-0.232091, -0.000200, -0.019958)",LeftTrue_RightFalse,False,"(-11.460166931152344, -0.003941361326724291, -2.493250846862793)","(0.003529955632984638, 89.8580322265625, -0.0036063583102077246)",-0.000353,-0.038971,"(1.201112, 0.000014, 0.019974)",LeftTrue_RightFalse
15.714355,0.019846,"(9.490147590637207, 1.2214072942733765, 0.33926957845687866)","(358.3456115722656, 247.99920654296875, 1.3567612171173096)","(9.546448707580566, 0.6888421773910522, -1.6572099924087524)","(359.9840087890625, 190.8963165283203, 0.03888721019029617)","(9.620394706726074, -0.003973044920712709, 0.7532109022140503)","(359.9585266113281, 268.0709228515625, 359.9930419921875)",0.501353,-0.148712,"(-0.297534, -0.000211, -0.027133)",LeftTrue_RightFalse,False,"(-11.389936447143555, -0.003940542694181204, -2.4920613765716553)","(0.0036435865331441164, 89.81416320800781, -0.003469751449301839)",-0.007632,-0.039906,"(1.184730, 0.000014, 0.020501)",LeftTrue_RightFalse
15.772949,0.019718,"(9.470818519592285, 1.2214422225952148, 0.33596453070640564)","(358.4409484863281, 247.96109008789062, 1.3346543312072754)","(9.52917194366455, 0.6889487504959106, -1.659092664718628)","(359.9798889160156, 190.84535217285156, 0.04667463153600693)","(9.600872039794922, -0.0039855181239545345, 0.7513620853424072)","(359.95001220703125, 268.0199890136719, 359.9907531738281)",0.558014,-0.161316,"(-0.370478, -0.000218, -0.035946)",LeftTrue_RightFalse,False,"(-11.320984840393066, -0.0039397552609443665, -2.490828037261963)","(0.003753902390599251, 89.77056884765625, -0.003551133442670107)",-0.005862,-0.041088,"(1.168049, 0.000013, 0.021615)",LeftTrue_RightFalse
15.813599,0.019907,"(9.45491886138916, 1.2214654684066772, 0.33325302600860596)","(358.4801330566406, 248.05853271484375, 1.32625412940979)","(9.5150146484375, 0.6890328526496887, -1.6607269048690796)","(359.9767761230469, 190.80050659179688, 0.052061717957258224)","(9.584756851196289, -0.003994412254542112, 0.7497586011886597)","(359.944091796875, 267.97515869140625, 359.9889221191406)",0.590816,-0.168945,"(-0.423341, -0.000220, -0.042763)",LeftTrue_RightFalse,False,"(-11.273670196533203, -0.003939312417060137, -2.489933490753174)","(0.0038037453778088093, 89.73991394042969, -0.0037038857117295265)",-0.002603,-0.041859,"(1.155338, 0.000012, 0.022314)",LeftTrue_RightFalse
15.870483,0.019379,"(9.42917251586914, 1.2214974164962769, 0.3295542597770691)","(358.50799560546875, 248.37744140625, 1.2975831031799316)","(9.492072105407715, 0.6891607046127319, -1.6635193824768066)","(359.9721984863281, 190.72320556640625, 0.05951308086514473)","(9.558464050292969, -0.004006888251751661, 0.7470202445983887)","(359.935791015625, 267.8978576660156, 359.9861145019531)",0.630033,-0.178284,"(-0.508003, -0.000220, -0.054056)",LeftTrue_RightFalse,False,"(-11.208368301391602, -0.003938515204936266, -2.4886350631713867)","(0.0038940003141760826, 89.69661712646484, -0.0039369226433336735)",-0.006243,-0.042876,"(1.139874, 0.000011, 0.023396)",LeftTrue_RightFalse
15.910767,0.019672,"(9.408291816711426, 1.2215193510055542, 0.3267877697944641)","(358.49359130859375, 248.69326782226562, 1.331782579421997)","(9.473498344421387, 0.6892533302307129, -1.6658828258514404)","(359.96893310546875, 190.6575927734375, 0.06465205550193787)","(9.53706169128418, -0.004015627782791853, 0.7447037100791931)","(359.9300537109375, 267.8322448730469, 359.98406982421875)",0.649074,-0.184296,"(-0.567235, -0.000217, -0.062211)",LeftTrue_RightFalse,False,"(-11.162737846374512, -0.0039380453526973724, -2.4876832962036133)","(0.0038910722360014915, 89.66571807861328, -0.004077171441167593)",-0.00465,-0.043553,"(1.128135, 0.000012, 0.024045)",LeftTrue_RightFalse
15.967651,0.019276,"(9.374746322631836, 1.2215497493743896, 0.32245418429374695)","(358.42218017578125, 249.28811645507812, 1.2726773023605347)","(9.443755149841309, 0.6893884539604187, -1.6698296070098877)","(359.96429443359375, 190.54806518554688, 0.07153544574975967)","(9.502616882324219, -0.00402778061106801, 0.7408345341682434)","(359.9223327636719, 267.72271728515625, 359.9810485839844)",0.672335,-0.193604,"(-0.658893, -0.000210, -0.075766)",LeftTrue_RightFalse,False,"(-11.09887409210205, -0.003937446512281895, -2.486290693283081)","(0.003940687049180269, 89.62165069580078, -0.0042271688580513)",-0.002756,-0.044454,"(1.112146, 0.000009, 0.025024)",LeftTrue_RightFalse
16.010986,0.020054,"(9.345566749572754, 1.2215731143951416, 0.31878578662872314)","(358.3479919433594, 249.81497192382812, 1.2195756435394287)","(9.41836166381836, 0.6894961595535278, -1.67335045337677)","(359.960693359375, 190.4503936767578, 0.07631543278694153)","(9.47304916381836, -0.0040367222391068935, 0.7373780012130737)","(359.9168701171875, 267.62506103515625, 359.9786376953125)",0.689432,-0.199585,"(-0.721641, -0.000202, -0.085760)",LeftTrue_RightFalse,False,"(-11.050924301147461, -0.00393699062988162, -2.4851973056793213)","(0.003926078788936138, 89.58795166015625, -0.0043044183403253555)",-0.007194,-0.045094,"(1.100341, 0.000010, 0.025617)",LeftTrue_RightFalse
16.053955,0.020511,"(9.313629150390625, 1.2215968370437622, 0.31564679741859436)","(358.2121276855469, 250.6282958984375, 1.0246878862380981)","(9.39074420928955, 0.68961101770401, -1.677333950996399)","(359.95703125, 190.3400115966797, 0.08065791428089142)","(9.440728187561035, -0.0040451763197779655, 0.7334610223770142)","(359.91180419921875, 267.5146789550781, 359.97601318359375)",0.710234,-0.213135,"(-0.785955, -0.000193, -0.096856)",LeftTrue_RightFalse,False,"(-11.003803253173828, -0.003936465363949537, -2.484083652496338)","(0.004089743364602327, 89.5543212890625, -0.004345146473497152)",-0.002023,-0.045694,"(1.088901, 0.000013, 0.026206)",LeftTrue_RightFalse
16.108521,0.023119,"(9.268784523010254, 1.2216360569000244, 0.3110383152961731)","(358.0181884765625, 251.82974243164062, 0.6660914421081543)","(9.352482795715332, 0.6898117065429688, -1.6832339763641357)","(359.9512023925781, 190.17514038085938, 0.08540692925453186)","(9.395461082458496, -0.004055195953696966, 0.7276356816291809)","(359.9058837890625, 267.3498229980469, 359.97137451171875)",0.731302,-0.237946,"(-0.884691, -0.000177, -0.117967)",LeftTrue_RightFalse,False,"(-10.944784164428711, -0.003935809712857008, -2.482633352279663)","(0.0042519522830843925, 89.51150512695312, -0.004365736618638039)",0.006096,-0.046407,"(1.071421, 0.000013, 0.026979)",LeftTrue_RightFalse
16.150635,0.022338,"(9.230704307556152, 1.2219345569610596, 0.308851420879364)","(357.72705078125, 253.7726593017578, 359.8454284667969)","(9.320550918579102, 0.6900082230567932, -1.6885619163513184)","(359.94580078125, 190.0247344970703, 0.0884656086564064)","(9.357151985168457, -0.00406245980411768, 0.7223543524742126)","(359.9017028808594, 267.1994323730469, 359.966796875)",0.753055,-0.256043,"(-0.951494, -0.000166, -0.136277)",LeftTrue_RightFalse,False,"(-10.899847030639648, -0.003935232758522034, -2.4814891815185547)","(0.004341691732406616, 89.4784927368164, -0.004345068242400885)",-0.010055,-0.046316,"(1.062330, 0.000010, 0.027544)",LeftTrue_RightFalse
16.190918,0.021548,"(9.19149112701416, 1.222352147102356, 0.30585360527038574)","(357.5269470214844, 255.70013427734375, 358.91510009765625)","(9.288176536560059, 0.6902490854263306, -1.694434404373169)","(359.939453125, 189.8567352294922, 0.09088049083948135)","(9.317667007446289, -0.004068958107382059, 0.7165080904960632)","(359.89794921875, 267.03143310546875, 359.9611511230469)",0.771026,-0.270966,"(-1.020087, -0.000161, -0.155868)",LeftTrue_RightFalse,False,"(-10.857227325439453, -0.003934785258024931, -2.480374813079834)","(0.0043816938996315, 89.44696807861328, -0.00427644606679678)",0.00024,-0.046263,"(1.050229, 0.000012, 0.027811)",LeftTrue_RightFalse
16.231201,0.021027,"(9.149991035461426, 1.2226366996765137, 0.30087682604789734)","(357.4100036621094, 258.1724853515625, 357.8777160644531)","(9.253998756408691, 0.6905078291893005, -1.701103925704956)","(359.9327392578125, 189.66485595703125, 0.09305653721094131)","(9.275375366210938, -0.004075325559824705, 0.709847629070282)","(359.8943176269531, 266.839599609375, 359.955078125)",0.786325,-0.282593,"(-1.090209, -0.000156, -0.176346)",LeftTrue_RightFalse,False,"(-10.815049171447754, -0.00393431494012475, -2.4792492389678955)","(0.0044012172147631645, 89.41580200195312, -0.004147729370743036)",-0.008,-0.046196,"(1.041060, 0.000010, 0.028130)",LeftTrue_RightFalse
16.288818,0.020089,"(9.085981369018555, 1.2224308252334595, 0.29860806465148926)","(357.42132568359375, 263.87939453125, 356.1413269042969)","(9.201864242553711, 0.690872311592102, -1.7120639085769653)","(359.92327880859375, 189.35011291503906, 0.09600544720888138)","(9.209942817687988, -0.004083997569978237, 0.6988612413406372)","(359.88934326171875, 266.52484130859375, 359.9465026855469)",0.804,-0.295685,"(-1.197733, -0.000152, -0.208409)",LeftTrue_RightFalse,False,"(-10.755475997924805, -0.0039337025955319405, -2.477621078491211)","(0.0044007617980241776, 89.37184143066406, -0.00392333185300231)",0.002843,-0.046077,"(1.024969, 0.000009, 0.028493)",LeftTrue_RightFalse
16.347778,0.019853,"(9.015368461608887, 1.2216427326202393, 0.2934868335723877)","(357.6842956542969, 270.2095642089844, 354.85369873046875)","(9.14428424835205, 0.691216230392456, -1.7250831127166748)","(359.914306640625, 188.9799346923828, 0.09892202913761139)","(9.136734008789062, -0.004092835821211338, 0.6857423186302185)","(359.884521484375, 266.1546936035156, 359.93841552734375)",0.819077,-0.305481,"(-1.307356, -0.000151, -0.242052)",LeftTrue_RightFalse,False,"(-10.695345878601074, -0.003933321218937635, -2.475933313369751)","(0.00427616061642766, 89.32758331298828, -0.0036941077560186386)",-0.000805,-0.045925,"(1.009287, 0.000007, 0.028813)",LeftTrue_RightFalse
16.406616,0.01971,"(8.939151763916016, 1.221253752708435, 0.28372353315353394)","(357.91650390625, 274.7974853515625, 354.0048828125)","(9.08250617980957, 0.6915303468704224, -1.739925503730774)","(359.9060974121094, 188.5644989013672, 0.10167945176362991)","(9.057429313659668, -0.0041015781462192535, 0.6706880331039429)","(359.8800048828125, 265.7392883300781, 359.9309997558594)",0.835787,-0.311768,"(-1.418767, -0.000151, -0.277752)",LeftTrue_RightFalse,False,"(-10.636314392089844, -0.003932881634682417, -2.474233388900757)","(0.004188298247754574, 89.28427124023438, -0.003476336831226945)",-0.008365,-0.045749,"(0.995014, 0.000004, 0.029125)",LeftTrue_RightFalse
16.464966,0.01959,"(8.858448028564453, 1.2208720445632935, 0.2716495990753174)","(357.9076232910156, 278.4772033691406, 353.44561767578125)","(9.0166597366333, 0.6918215155601501, -1.7565817832946777)","(359.8984680175781, 188.10755920410156, 0.10426918417215347)","(8.972314834594727, -0.004110297188162804, 0.6536677479743958)","(359.87579345703125, 265.2823486328125, 359.92413330078125)",0.849585,-0.316315,"(-1.532069, -0.000152, -0.315742)",LeftTrue_RightFalse,False,"(-10.578559875488281, -0.003932592924684286, -2.472529888153076)","(0.004160371609032154, 89.24202728271484, -0.0032738489098846912)",-0.007075,-0.04555,"(0.980913, 0.000005, 0.029398)",LeftTrue_RightFalse
16.522949,0.019461,"(8.771815299987793, 1.2204087972640991, 0.25501224398612976)","(357.78375244140625, 281.07061767578125, 353.17474365234375)","(8.946634292602539, 0.6921117901802063, -1.7751567363739014)","(359.890869140625, 187.60939025878906, 0.10661884397268295)","(8.881294250488281, -0.004119021352380514, 0.634528398513794)","(359.871826171875, 264.7842102050781, 359.9172668457031)",0.859644,-0.319824,"(-1.608415, -0.000154, -0.343311)",LeftTrue_RightFalse,False,"(-10.52218246459961, -0.003932056482881308, -2.470830202102661)","(0.004678674507886171, 89.20100402832031, -0.0030515550170093775)",0.026185,-0.04534,"(0.964390, 0.000017, 0.029319)",LeftTrue_RightFalse
16.582275,0.019584,"(8.676375389099121, 1.2201812267303467, 0.23464244604110718)","(357.5721130371094, 281.8362731933594, 353.17822265625)","(8.870207786560059, 0.6924154162406921, -1.7963616847991943)","(359.88299560546875, 187.05462646484375, 0.108747698366642)","(8.781501770019531, -0.00412816321477294, 0.6124863028526306)","(359.86798095703125, 264.2294616699219, 359.9100646972656)",0.868036,-0.323975,"(-1.723566, -0.000155, -0.386657)",LeftTrue_RightFalse,False,"(-10.465378761291504, -0.00393119640648365, -2.4690794944763184)","(0.004804043564945459, 89.15984344482422, -0.002879160223528743)",-0.011003,-0.045099,"(0.951347, 0.000012, 0.029550)",LeftTrue_RightFalse
16.624268,0.020104,"(8.604737281799316, 1.220108151435852, 0.2168605625629425)","(357.4766845703125, 281.59320068359375, 353.27557373046875)","(8.81330680847168, 0.6926464438438416, -1.8127620220184326)","(359.8771057128906, 186.63479614257812, 0.10996603220701218)","(8.706930160522461, -0.004134682007133961, 0.5953019261360168)","(359.8655090332031, 263.8096618652344, 359.9045715332031)",0.872325,-0.3284,"(-1.800170, -0.000157, -0.418124)",LeftTrue_RightFalse,False,"(-10.425786972045898, -0.003930693492293358, -2.4678385257720947)","(0.004924057051539421, 89.13130950927734, -0.002758799819275737)",0.00129,-0.044449,"(0.941504, 0.000014, 0.029642)",LeftTrue_RightFalse
16.669678,0.021097,"(8.522750854492188, 1.2205525636672974, 0.19430935382843018)","(357.3397216796875, 279.6483459472656, 353.5763244628906)","(8.748922348022461, 0.6929199695587158, -1.8320083618164062)","(359.87017822265625, 186.151611328125, 0.11092770844697952)","(8.622221946716309, -0.0041416906751692295, 0.5749902725219727)","(359.863037109375, 263.3265075683594, 359.8980407714844)",0.875799,-0.332123,"(-1.914498, -0.000159, -0.468741)",LeftTrue_RightFalse,False,"(-10.383277893066406, -0.003930225968360901, -2.466491222381592)","(0.0046751778572797775, 89.10099029541016, -0.0026143549475818872)",-0.009669,-0.043621,"(0.930351, 0.000004, 0.029700)",LeftTrue_RightFalse
16.725342,0.019767,"(8.41741943359375, 1.2208856344223022, 0.16284149885177612)","(357.30413818359375, 276.0890808105469, 354.23760986328125)","(8.66637897491455, 0.6932768821716309, -1.8576538562774658)","(359.86126708984375, 185.52210998535156, 0.11167555302381516)","(8.51322078704834, -0.004150358960032463, 0.5477004051208496)","(359.8603210449219, 262.6969909667969, 359.8894958496094)",0.879813,-0.332855,"(-2.028176, -0.000157, -0.523011)",LeftTrue_RightFalse,False,"(-10.33180046081543, -0.003930032253265381, -2.464843511581421)","(0.004412381444126368, 89.06486511230469, -0.0023915523197501898)",0.01176,-0.042672,"(0.915373, 0.000003, 0.029506)",LeftTrue_RightFalse
16.781006,0.019162,"(8.306732177734375, 1.2210959196090698, 0.12766432762145996)","(357.4088134765625, 272.1861572265625, 354.87518310546875)","(8.57972526550293, 0.6936326622962952, -1.8857158422470093)","(359.8524169921875, 184.85328674316406, 0.11214642226696014)","(8.398487091064453, -0.004158912226557732, 0.5175794363021851)","(359.8578796386719, 262.0281982421875, 359.8809814453125)",0.882739,-0.332764,"(-2.103906, -0.000159, -0.560572)",LeftTrue_RightFalse,False,"(-10.281320571899414, -0.003929772414267063, -2.4632153511047363)","(0.004680973943322897, 89.03031158447266, -0.0021098367869853973)",0.026259,-0.041744,"(0.901477, 0.000011, 0.029174)",LeftTrue_RightFalse
16.839844,0.019413,"(8.183695793151855, 1.2212460041046143, 0.08719930052757263)","(357.5264892578125, 268.16815185546875, 355.4362487792969)","(8.483325004577637, 0.6940044164657593, -1.9181525707244873)","(359.84320068359375, 184.10536193847656, 0.11242952942848206)","(8.270718574523926, -0.004167936742305756, 0.48246103525161743)","(359.8555603027344, 261.2803039550781, 359.8720703125)",0.886395,-0.331879,"(-2.216722, -0.000159, -0.619758)",LeftTrue_RightFalse,False,"(-10.228623390197754, -0.0039292932488024235, -2.46150279045105)","(0.004550231620669365, 88.99508666992188, -0.0018678883789107203)",-0.007366,-0.040766,"(0.889844, 0.000006, 0.029038)",LeftTrue_RightFalse
16.896484,0.019082,"(8.059410095214844, 1.2213517427444458, 0.04549339413642883)","(357.6308898925781, 264.80145263671875, 355.95233154296875)","(8.385783195495605, 0.6943642497062683, -1.9522221088409424)","(359.83428955078125, 183.3473358154297, 0.11251410841941833)","(8.14142894744873, -0.004176805727183819, 0.44526010751724243)","(359.853515625, 260.52227783203125, 359.8634033203125)",0.898346,-0.330414,"(-2.328962, -0.000160, -0.682686)",LeftTrue_RightFalse,False,"(-10.178573608398438, -0.0039290133863687515, -2.4598636627197266)","(0.004391564521938562, 88.9624252319336, -0.0016677360981702805)",-0.00177,-0.039836,"(0.877864, 0.000003, 0.028868)",LeftTrue_RightFalse
16.955688,0.019383,"(7.923669338226318, 1.2214436531066895, -0.001373201608657837)","(357.6687927246094, 261.33740234375, 356.6129455566406)","(8.27907657623291, 0.6947551965713501, -1.9908902645111084)","(359.82464599609375, 182.51828002929688, 0.11251728236675262)","(8.000053405761719, -0.004186269361525774, 0.4026879668235779)","(359.85137939453125, 259.69329833984375, 359.85400390625)",0.910011,-0.328888,"(-2.441347, -0.000166, -0.750319)",LeftTrue_RightFalse,False,"(-10.126991271972656, -0.0039289891719818115, -2.4581618309020996)","(0.0040388875640928745, 88.92951965332031, -0.0015016645193099976)",0.003111,-0.038871,"(0.865274, 0.000000, 0.028655)",LeftTrue_RightFalse
17.015259,0.019553,"(7.781111240386963, 1.2215291261672974, -0.05222323536872864)","(357.8365478515625, 257.93975830078125, 357.17474365234375)","(8.166840553283691, 0.6951766014099121, -2.0331499576568604)","(359.81427001953125, 181.64657592773438, 0.11246054619550705)","(7.851431846618652, -0.00419637281447649, 0.35577964782714844)","(359.84912109375, 258.82159423828125, 359.8438720703125)",0.917734,-0.3284,"(-2.553183, -0.000181, -0.823234)",LeftTrue_RightFalse,False,"(-10.075872421264648, -0.003929048776626587, -2.4564642906188965)","(0.003658244153484702, 88.89768981933594, -0.0013628483284264803)",0.000544,-0.037912,"(0.853427, -0.000003, 0.028443)",LeftTrue_RightFalse
17.072266,0.019294,"(7.638709545135498, 1.2216132879257202, -0.10530394315719604)","(357.988037109375, 254.6412353515625, 357.7372741699219)","(8.054635047912598, 0.6956217288970947, -2.0770881175994873)","(359.8033447265625, 180.7732696533203, 0.11220531165599823)","(7.702853202819824, -0.004206720739603043, 0.3066234886646271)","(359.8469543457031, 257.94830322265625, 359.8331604003906)",0.921286,-0.3284,"(-2.663227, -0.000190, -0.901993)",LeftTrue_RightFalse,False,"(-10.02751636505127, -0.003929201979190111, -2.454848527908325)","(0.003291517961770296, 88.8682861328125, -0.0012517436407506466)",-0.001749,-0.037001,"(0.842557, -0.000006, 0.028252)",LeftTrue_RightFalse
17.130981,0.019431,"(7.486714839935303, 1.221706509590149, -0.16521203517913818)","(358.1072692871094, 251.1038818359375, 358.5340576171875)","(7.934412002563477, 0.6961235404014587, -2.1261162757873535)","(359.79107666015625, 179.83340454101562, 0.11160635948181152)","(7.543584823608398, -0.0042177424766123295, 0.2513546049594879)","(359.8448181152344, 257.00848388671875, 359.8210754394531)",0.921367,-0.327911,"(-2.770739, -0.000197, -0.986266)",LeftTrue_RightFalse,False,"(-9.97831916809082, -0.003929444123059511, -2.453195571899414)","(0.0029476196505129337, 88.83907318115234, -0.0011526538291946054)",0.000311,-0.036073,"(0.831440, -0.000005, 0.028033)",LeftTrue_RightFalse
17.190186,0.019532,"(7.32848596572876, 1.2218049764633179, -0.23106515407562256)","(358.2226257324219, 247.26211547851562, 359.44512939453125)","(7.808694362640381, 0.6966545581817627, -2.179563283920288)","(359.7781677246094, 178.84658813476562, 0.110661081969738)","(7.3769941329956055, -0.004229269456118345, 0.19066566228866577)","(359.8428649902344, 256.02166748046875, 359.8082580566406)",0.9197,-0.324585,"(-2.875574, -0.000200, -1.074809)",LeftTrue_RightFalse,False,"(-9.929401397705078, -0.0039297426119446754, -2.451543092727661)","(0.0026343162171542645, 88.81074523925781, -0.0010644106660038233)",0.002686,-0.035961,"(0.820521, -0.000003, 0.027825)",LeftTrue_RightFalse
17.230469,0.019758,"(7.217881679534912, 1.2215039730072021, -0.27967655658721924)","(358.3167724609375, 243.00888061523438, 0.1337185949087143)","(7.720159530639648, 0.6970099806785583, -2.218485116958618)","(359.76953125, 178.15235900878906, 0.10992279648780823)","(7.259784698486328, -0.00423729233443737, 0.1462341994047165)","(359.8416748046875, 255.32748413085938, 359.7996826171875)",0.918626,-0.320801,"(-2.944164, -0.000206, -1.135459)",LeftTrue_RightFalse,False,"(-9.896368026733398, -0.003929883241653442, -2.45041823387146)","(0.002436698880046606, 88.79182434082031, -0.0010581064270809293)",-2e-06,-0.036051,"(0.813680, -0.000003, 0.027889)",LeftTrue_RightFalse
17.28772,0.019435,"(7.056394100189209, 1.2212872505187988, -0.351417601108551)","(358.40911865234375, 238.05274963378906, 0.7018983364105225)","(7.590807914733887, 0.697482168674469, -2.2770981788635254)","(359.758056640625, 177.14535522460938, 0.10888857394456863)","(7.088964939117432, -0.0042488533072173595, 0.07902533560991287)","(359.8401184082031, 254.32049560546875, 359.7882385253906)",0.917385,-0.315002,"(-3.045139, -0.000213, -1.228674)",LeftTrue_RightFalse,False,"(-9.850034713745117, -0.0039299773052334785, -2.448820114135742)","(0.0021729811560362577, 88.76518249511719, -0.001131214201450348)",0.003107,-0.036152,"(0.803576, -0.000002, 0.027967)",LeftTrue_RightFalse
17.34729,0.019624,"(6.882874965667725, 1.221205234527588, -0.4309295415878296)","(358.53302001953125, 233.7845458984375, 1.1199973821640015)","(7.451260566711426, 0.6979402303695679, -2.342581033706665)","(359.74688720703125, 176.0735321044922, 0.1078069880604744)","(6.905455112457275, -0.004261330235749483, 0.0036071992944926023)","(359.83868408203125, 253.24871826171875, 359.7771301269531)",0.916871,-0.309448,"(-3.143100, -0.000213, -1.325659)",LeftTrue_RightFalse,False,"(-9.802408218383789, -0.003930089995265007, -2.447152614593506)","(0.001898097456432879, 88.73771667480469, -0.0012271030573174357)",0.005,-0.036239,"(0.793810, -0.000002, 0.028042)",LeftTrue_RightFalse
17.406738,0.019725,"(6.703861713409424, 1.2211976051330566, -0.5147646069526672)","(358.6786804199219, 229.56475830078125, 1.3235076665878296)","(7.306890487670898, 0.6983854174613953, -2.4127445220947266)","(359.7360534667969, 174.98162841796875, 0.10662736743688583)","(6.716500282287598, -0.004273869097232819, -0.07751467078924179)","(359.8374328613281, 252.15682983398438, 359.76629638671875)",0.917164,-0.30365,"(-3.237729, -0.000219, -1.426922)",LeftTrue_RightFalse,False,"(-9.755413055419922, -0.003930240869522095, -2.4454827308654785)","(0.001624282100237906, 88.71054077148438, -0.0013108010170981288)",0.008053,-0.036309,"(0.784553, -0.000003, 0.028121)",LeftTrue_RightFalse
17.466187,0.019759,"(6.518775463104248, 1.2212300300598145, -0.6037397384643555)","(358.79437255859375, 226.4228973388672, 1.3179049491882324)","(7.157574653625488, 0.6988305449485779, -2.487907648086548)","(359.7252197265625, 173.87001037597656, 0.10533376783132553)","(6.5220208168029785, -0.00428655045107007, -0.1647011935710907)","(359.8363037109375, 251.04522705078125, 359.7554626464844)",0.91812,-0.298035,"(-3.329062, -0.000223, -1.532259)",LeftTrue_RightFalse,False,"(-9.708943367004395, -0.003930364735424519, -2.4438083171844482)","(0.001323262113146484, 88.68359375, -0.0013749555218964815)",0.016526,-0.036363,"(0.776015, -0.000003, 0.028212)",LeftTrue_RightFalse
17.50647,0.019908,"(6.390311241149902, 1.221262812614441, -0.6668723821640015)","(358.83868408203125, 224.8370361328125, 1.2683048248291016)","(7.053761959075928, 0.6991338729858398, -2.5417306423187256)","(359.7178649902344, 173.10757446289062, 0.10440734028816223)","(6.387373447418213, -0.004295111633837223, -0.22727513313293457)","(359.8355712890625, 250.2828369140625, 359.7480773925781)",0.919573,-0.294861,"(-3.387862, -0.000223, -1.605141)",LeftTrue_RightFalse,False,"(-9.677769660949707, -0.003930577076971531, -2.442671775817871)","(0.0010619931854307652, 88.66548156738281, -0.00141038466244936)",0.062072,-0.03639,"(0.771280, -0.000005, 0.028303)",LeftTrue_RightFalse
17.565308,0.01972,"(6.198019504547119, 1.2213199138641357, -0.763506293296814)","(359.0063781738281, 223.12664794921875, 1.194806694984436)","(6.898226737976074, 0.6995932459831238, -2.6248159408569336)","(359.7066955566406, 171.97862243652344, 0.10293582826852798)","(6.186402797698975, -0.004308309406042099, -0.3240727186203003)","(359.83453369140625, 249.15390014648438, 359.73687744140625)",0.921642,-0.289887,"(-3.472911, -0.000232, -1.718413)",LeftTrue_RightFalse,False,"(-9.63239860534668, -0.003931089304387569, -2.4409971237182617)","(6.673248572042212e-05, 88.6390151977539, -0.0014878406655043364)",0.081039,-0.036407,"(0.772284, -0.000022, 0.028772)",LeftTrue_RightFalse
17.624146,0.019718,"(6.000096321105957, 1.2211644649505615, -0.8659869432449341)","(359.0846862792969, 221.83103942871094, 1.0829955339431763)","(6.738004207611084, 0.7000503540039062, -2.7134954929351807)","(359.6955871582031, 170.83319091796875, 0.10151291638612747)","(5.980368614196777, -0.004321613814681768, -0.42757391929626465)","(359.8334655761719, 248.00848388671875, 359.7257385253906)",0.924209,-0.283752,"(-3.528374, -0.000238, -1.795364)",LeftTrue_RightFalse,False,"(-9.58681869506836, -0.003932727966457605, -2.4392902851104736)","(-0.002056786324828863, 88.6122817993164, -0.0016015825094655156)",0.106813,-0.036393,"(0.775860, -0.000036, 0.029180)",LeftTrue_RightFalse
17.683105,0.019665,"(5.796861171722412, 1.2208161354064941, -0.9749599099159241)","(359.0825500488281, 220.67442321777344, 1.0180903673171997)","(6.5727715492248535, 0.7004836201667786, -2.808142900466919)","(359.6850280761719, 169.67469787597656, 0.10032175481319427)","(5.769111633300781, -0.004335644189268351, -0.5381317138671875)","(359.832275390625, 246.8500213623047, 359.71514892578125)",0.927139,-0.276642,"(-3.608921, -0.000247, -1.913850)",LeftTrue_RightFalse,False,"(-9.540738105773926, -0.003935643937438726, -2.4375417232513428)","(-0.004946173634380102, 88.5851821899414, -0.0017217658460140228)",0.126615,-0.036347,"(0.783538, -0.000057, 0.029861)",LeftTrue_RightFalse
17.742065,0.019672,"(5.589705467224121, 1.22066330909729, -1.091070294380188)","(359.04461669921875, 219.19349670410156, 0.9664514064788818)","(6.403142929077148, 0.7008960247039795, -2.9086427688598633)","(359.6748962402344, 168.51036071777344, 0.09933774918317795)","(5.553557872772217, -0.004350137896835804, -0.6555507183074951)","(359.8309631347656, 245.68569946289062, 359.7050476074219)",0.929942,-0.268585,"(-3.686278, -0.000258, -2.035807)",LeftTrue_RightFalse,False,"(-9.494156837463379, -0.003939652815461159, -2.43575119972229)","(359.9918212890625, 88.55777740478516, -0.0018421717686578631)",0.144159,-0.036264,"(0.794017, -0.000073, 0.030649)",LeftTrue_RightFalse
17.799805,0.019466,"(5.382744789123535, 1.2206083536148071, -1.2117992639541626)","(359.00897216796875, 217.00021362304688, 0.7431908249855042)","(6.232527732849121, 0.7012690305709839, -3.0130815505981445)","(359.6656494140625, 167.36695861816406, 0.09863150119781494)","(5.3381853103637695, -0.0043650721199810505, -0.7775006294250488)","(359.8296203613281, 244.54232788085938, 359.6958923339844)",0.933119,-0.259796,"(-3.760828, -0.000267, -2.160380)",LeftTrue_RightFalse,False,"(-9.447857856750488, -0.00394432432949543, -2.4339499473571777)","(359.9885559082031, 88.53053283691406, -0.001953671220690012)",0.157568,-0.036166,"(0.806863, -0.000082, 0.031529)",LeftTrue_RightFalse
17.858765,0.019563,"(5.167289733886719, 1.2205946445465088, -1.3414031267166138)","(358.9960021972656, 215.04347229003906, 0.5303415656089783)","(6.053860664367676, 0.7016162872314453, -3.1259641647338867)","(359.656982421875, 166.2013702392578, 0.09818185865879059)","(5.1142578125, -0.004380878061056137, -0.9091408252716064)","(359.828125, 243.37677001953125, 359.68731689453125)",0.937478,-0.25238,"(-3.832410, -0.000277, -2.287869)",LeftTrue_RightFalse,False,"(-9.399813652038574, -0.003949201200157404, -2.4320530891418457)","(359.98529052734375, 88.50205993652344, -0.0021300166845321655)",0.171172,-0.037992,"(0.821700, -0.000084, 0.032761)",LeftTrue_RightFalse
17.917603,0.019588,"(4.9480977058410645, 1.2206071615219116, -1.478058099746704)","(359.0287170410156, 213.31866455078125, 0.2164747267961502)","(5.87101411819458, 0.7019609808921814, -3.2452826499938965)","(359.6483154296875, 165.038818359375, 0.0978052094578743)","(4.886659622192383, -0.004397066310048103, -1.048080563545227)","(359.8265686035156, 242.2142333984375, 359.6788024902344)",0.940656,-0.248016,"(-3.899718, -0.000285, -2.419727)",LeftTrue_RightFalse,False,"(-9.350923538208008, -0.003954118117690086, -2.430072069168091)","(359.98223876953125, 88.47196960449219, -0.002475126413628459)",0.181857,-0.039424,"(0.838300, -0.000082, 0.034328)",LeftTrue_RightFalse
17.976929,0.019702,"(4.72266960144043, 1.220644474029541, -1.624037504196167)","(359.0791015625, 211.81570434570312, 359.97259521484375)","(5.682365417480469, 0.7023625373840332, -3.3726773262023926)","(359.63836669921875, 163.8603057861328, 0.09709744155406952)","(4.653071403503418, -0.004414072725921869, -1.1963015794754028)","(359.8250427246094, 241.03575134277344, 359.6689147949219)",0.94223,-0.246704,"(-3.960785, -0.000298, -2.557587)",LeftTrue_RightFalse,False,"(-9.300531387329102, -0.003958721645176411, -2.427976608276367)","(359.97943115234375, 88.43972778320312, -0.002867944072932005)",0.192232,-0.040835,"(0.856378, -0.000077, 0.036008)",LeftTrue_RightFalse
18.034546,0.019447,"(4.500506401062012, 1.2207008600234985, -1.7730430364608765)","(359.0904846191406, 210.63717651367188, 359.764892578125)","(5.496427536010742, 0.7028428912162781, -3.502916097640991)","(359.6265869140625, 162.70494079589844, 0.09577783197164536)","(4.42351770401001, -0.004430812783539295, -1.3478713035583496)","(359.82373046875, 239.88040161132812, 359.65716552734375)",0.942003,-0.246887,"(-4.014419, -0.000298, -2.701792)",LeftTrue_RightFalse,False,"(-9.250648498535156, -0.003962985239923, -2.4258482456207275)","(359.9769287109375, 88.40668487548828, -0.0032406195532530546)",0.198304,-0.042163,"(0.875625, -0.000071, 0.037795)",LeftTrue_RightFalse
18.092773,0.01945,"(4.273209571838379, 1.220778465270996, -1.9319781064987183)","(359.1233215332031, 209.6396484375, 359.7476501464844)","(5.305986404418945, 0.703425407409668, -3.641528367996216)","(359.6124572753906, 161.51524353027344, 0.09371256083250046)","(4.188641548156738, -0.0044478909112513065, -1.5093820095062256)","(359.8226013183594, 238.69073486328125, 359.6429443359375)",0.940704,-0.250183,"(-4.060061, -0.000304, -2.852041)",LeftTrue_RightFalse,False,"(-9.199112892150879, -0.00396681996062398, -2.423593521118164)","(359.9747009277344, 88.3714370727539, -0.0035906964913010597)",0.207258,-0.043465,"(0.895733, -0.000064, 0.039671)",LeftTrue_RightFalse
18.149902,0.019231,"(4.048001289367676, 1.2208874225616455, -2.096320867538452)","(359.0654602050781, 208.57821655273438, 359.7032470703125)","(5.117270469665527, 0.7041381001472473, -3.7846431732177734)","(359.5956115722656, 160.3153533935547, 0.09071440249681473)","(3.955626964569092, -0.00445437291637063, -1.6765460968017578)","(359.82177734375, 237.49087524414062, 359.6258239746094)",0.93764,-0.257172,"(-4.093072, 0.001658, -3.012887)",LeftTrue_RightFalse,False,"(-9.147343635559082, -0.003970117308199406, -2.4212722778320312)","(359.9727783203125, 88.3349609375, -0.003913652151823044)",0.209875,-0.044701,"(0.916801, -0.000054, 0.041658)",LeftTrue_RightFalse
18.190674,0.019659,"(3.8866753578186035, 1.2210525274276733, -2.2190418243408203)","(359.04400634765625, 207.7744903564453, 359.74591064453125)","(4.982295989990234, 0.7048751711845398, -3.8911890983581543)","(359.57965087890625, 159.43280029296875, 0.08747627586126328)","(3.788425922393799, -0.004400855861604214, -1.8014066219329834)","(359.8214111328125, 236.6083526611328, 359.60955810546875)",0.933861,-0.262116,"(-4.107203, 0.000791, -3.125837)",LeftTrue_RightFalse,False,"(-9.109688758850098, -0.003972302190959454, -2.419548749923706)","(359.9715576171875, 88.30778503417969, -0.004127850290387869)",0.219421,-0.045557,"(0.931212, -0.000050, 0.043034)",LeftTrue_RightFalse
18.250244,0.019723,"(3.6504414081573486, 1.221656084060669, -2.406771659851074)","(358.9234313964844, 206.54710388183594, 359.7891540527344)","(4.785569667816162, 0.7060170769691467, -4.053285598754883)","(359.5536804199219, 158.0968017578125, 0.08163978904485703)","(3.543485164642334, -0.004374761134386063, -1.9921789169311523)","(359.8213195800781, 235.27239990234375, 359.58294677734375)",0.925948,-0.26767,"(-4.120523, 0.000017, -3.297929)",LeftTrue_RightFalse,False,"(-9.053617477416992, -0.00397510826587677, -2.416926860809326)","(359.9698791503906, 88.26632690429688, -0.004436138551682234)",0.221338,-0.046762,"(0.953669, -0.000044, 0.045208)",LeftTrue_RightFalse
18.310303,0.019874,"(3.4125492572784424, 1.2221952676773071, -2.605987548828125)","(358.8603515625, 205.21685791015625, 359.93255615234375)","(4.58831787109375, 0.7071617841720581, -4.224413871765137)","(359.52691650390625, 156.6927947998047, 0.07516125589609146)","(3.2963075637817383, -0.004383513703942299, -2.1946346759796143)","(359.8216857910156, 233.868408203125, 359.5553894042969)",0.915832,-0.273621,"(-4.123837, -0.000360, -3.472955)",LeftTrue_RightFalse,False,"(-8.995808601379395, -0.003977659158408642, -2.4141550064086914)","(359.9684143066406, 88.22244262695312, -0.004732547327876091)",0.227896,-0.047918,"(0.976564, -0.000040, 0.047467)",LeftTrue_RightFalse
18.36499,0.019023,"(3.1966288089752197, 1.222517967224121, -2.7961511611938477)","(358.87261962890625, 203.93267822265625, 0.09019376337528229)","(4.40982723236084, 0.7082032561302185, -4.387125492095947)","(359.50225830078125, 155.3631134033203, 0.06882531940937042)","(3.0712621212005615, -0.004405709449201822, -2.388120651245117)","(359.8224182128906, 232.53878784179688, 359.52996826171875)",0.895142,-0.279083,"(-4.114750, -0.000512, -3.651326)",LeftTrue_RightFalse,False,"(-8.941967964172363, -0.003979842644184828, -2.4115121364593506)","(359.9672546386719, 88.18058776855469, -0.0049918522126972675)",0.223872,-0.048921,"(0.999559, -0.000035, 0.049788)",LeftTrue_RightFalse
18.421875,0.019055,"(2.973142385482788, 1.2227706909179688, -3.003485918045044)","(358.84283447265625, 202.56658935546875, 0.19978410005569458)","(4.225651741027832, 0.7093126177787781, -4.563930988311768)","(359.47601318359375, 153.9224853515625, 0.06138504669070244)","(2.8374767303466797, -0.004434344358742237, -2.5994653701782227)","(359.8238220214844, 231.09815979003906, 359.5027160644531)",0.861749,-0.284424,"(-4.099093, -0.000537, -3.770831)",LeftTrue_RightFalse,False,"(-8.884491920471191, -0.00398193160071969, -2.4086129665374756)","(359.96588134765625, 88.13446807861328, -0.005392518825829029)",0.222449,-0.052298,"(1.018318, -0.000039, 0.051992)",LeftTrue_RightFalse
18.481567,0.01946,"(2.741269826889038, 1.2229864597320557, -3.230369806289673)","(358.7762451171875, 201.1292266845703, 0.3593079745769501)","(4.035562038421631, 0.7104802131652832, -4.756536483764648)","(359.4485778808594, 152.358154296875, 0.0523897223174572)","(2.5945303440093994, -0.004463948775082827, -2.8309524059295654)","(359.8265075683594, 229.53382873535156, 359.4739685058594)",0.829586,-0.288055,"(-4.063266, -0.000506, -3.948042)",LeftTrue_RightFalse,False,"(-8.822911262512207, -0.003984026610851288, -2.4053866863250732)","(359.9647216796875, 88.08203125, 359.9939270019531)",0.240886,-0.055441,"(1.041984, -0.000033, 0.055334)",LeftTrue_RightFalse
18.539673,0.019451,"(2.518232583999634, 1.2236994504928589, -3.4611730575561523)","(358.6271667480469, 199.7100372314453, 0.5554778575897217)","(3.853086233139038, 0.7115810513496399, -4.951980113983154)","(359.4229431152344, 150.7835693359375, 0.04276701807975769)","(2.359945774078369, -0.004489573184400797, -3.0669431686401367)","(359.8302001953125, 227.959228515625, 359.44683837890625)",0.799788,-0.292358,"(-4.013350, -0.000437, -4.122776)",LeftTrue_RightFalse,False,"(-8.76140308380127, -0.0039860038086771965, -2.4020376205444336)","(359.9637451171875, 88.02655792236328, 359.9931945800781)",0.241735,-0.058445,"(1.066295, -0.000032, 0.058868)",LeftTrue_RightFalse
18.598511,0.019484,"(2.2962663173675537, 1.22415030002594, -3.703927755355835)","(358.43109130859375, 198.17335510253906, 0.7755148410797119)","(3.67244815826416, 0.7126850485801697, -5.156713485717773)","(359.3974914550781, 149.14830017089844, 0.03223268315196037)","(2.1263952255249023, -0.004511023871600628, -3.315262794494629)","(359.8348388671875, 226.3239288330078, 359.419677734375)",0.776022,-0.298035,"(-3.947242, -0.000359, -4.296337)",LeftTrue_RightFalse,False,"(-8.6978759765625, -0.00398782454431057, -2.3984460830688477)","(359.96295166015625, 87.96619415283203, 359.9924621582031)",0.240743,-0.061406,"(1.090913, -0.000030, 0.062600)",LeftTrue_RightFalse
18.658203,0.019725,"(2.075205087661743, 1.224469542503357, -3.9602887630462646)","(358.0787353515625, 196.49215698242188, 1.1288774013519287)","(3.4935765266418457, 0.7138288617134094, -5.372004985809326)","(359.37127685546875, 147.4393310546875, 0.020824911072850227)","(1.8935869932174683, -0.004528404213488102, -3.577683925628662)","(359.84014892578125, 224.61492919921875, 359.3916015625)",0.75838,-0.302673,"(-3.865653, -0.000287, -4.468695)",LeftTrue_RightFalse,False,"(-8.631904602050781, -0.003989504650235176, -2.3945741653442383)","(359.9623107910156, 87.9003677368164, 359.9917297363281)",0.246847,-0.06433,"(1.115353, -0.000025, 0.066471)",LeftTrue_RightFalse
18.717163,0.019652,"(1.86287522315979, 1.2252339124679565, -4.223268985748291)","(357.7392883300781, 194.80931091308594, 1.4788979291915894)","(3.32222318649292, 0.7149503231048584, -5.591564655303955)","(359.3457336425781, 145.70758056640625, 0.00945696048438549)","(1.6690354347229004, -0.0045416210778057575, -3.8466033935546875)","(359.8455505371094, 222.8831329345703, 359.3641662597656)",0.745519,-0.304199,"(-3.771701, -0.000232, -4.638643)",LeftTrue_RightFalse,False,"(-8.565364837646484, -0.0039909156039357185, -2.390519618988037)","(359.96173095703125, 87.83082580566406, 359.9910583496094)",0.2448,-0.06712,"(1.140050, -0.000023, 0.070550)",LeftTrue_RightFalse
18.776245,0.019679,"(1.6554323434829712, 1.225704312324524, -4.496386528015137)","(357.50921630859375, 193.1053924560547, 1.7828775644302368)","(3.155756950378418, 0.7159971594810486, -5.818757057189941)","(359.3219299316406, 143.93569946289062, -0.0012395527446642518)","(1.449684739112854, -0.004552360624074936, -4.125913619995117)","(359.8506774902344, 221.1111602783203, 359.33856201171875)",0.728956,-0.304199,"(-3.668533, -0.000195, -4.804929)",LeftTrue_RightFalse,False,"(-8.497241020202637, -0.003992178477346897, -2.3862156867980957)","(359.96124267578125, 87.75656127929688, 359.9903869628906)",0.248311,-0.069817,"(1.164512, -0.000021, 0.074755)",LeftTrue_RightFalse
18.834106,0.019475,"(1.4582505226135254, 1.2260022163391113, -4.77244234085083)","(357.4979553222656, 191.3892059326172, 2.117910146713257)","(2.997856616973877, 0.7169208526611328, -6.048356056213379)","(359.30096435546875, 142.17373657226562, 359.9891357421875)","(1.2407954931259155, -0.00456113088876009, -4.408907890319824)","(359.85540771484375, 219.3491668701172, 359.31597900390625)",0.683506,-0.305298,"(-3.554446, -0.000168, -4.965602)",LeftTrue_RightFalse,False,"(-8.429082870483398, -0.003993380814790726, -2.381754159927368)","(359.9608459472656, 87.6793212890625, 359.9897766113281)",0.246781,-0.072028,"(1.188975, -0.000020, 0.079126)",LeftTrue_RightFalse
18.890869,0.019183,"(1.2709885835647583, 1.2262073755264282, -5.051289081573486)","(357.5583190917969, 189.69131469726562, 2.4001858234405518)","(2.8485188484191895, 0.7177512049674988, -6.279857158660889)","(359.2822265625, 140.42642211914062, 359.979736328125)","(1.0425236225128174, -0.004568418487906456, -4.694856643676758)","(359.8604431152344, 217.60177612304688, 359.295654296875)",0.604321,-0.309326,"(-3.423590, -0.000133, -5.115498)",LeftTrue_RightFalse,False,"(-8.360926628112793, -0.003994460217654705, -2.3771517276763916)","(359.96051025390625, 87.5998764038086, 359.9893493652344)",0.246434,-0.072156,"(1.213162, -0.000019, 0.083037)",LeftTrue_RightFalse
18.950684,0.019522,"(1.082060694694519, 1.226375699043274, -5.35245418548584)","(357.49267578125, 188.0167694091797, 2.5796141624450684)","(2.6982192993164062, 0.7185940742492676, -6.529604434967041)","(359.26361083984375, 138.56471252441406, 359.96826171875)","(0.841945230960846, -0.004573507234454155, -5.004197120666504)","(359.86749267578125, 215.73997497558594, 359.2749328613281)",0.499903,-0.315613,"(-3.270965, -0.000072, -5.248183)",LeftTrue_RightFalse,False,"(-8.287761688232422, -0.0039955247193574905, -2.3720860481262207)","(359.960205078125, 87.51368713378906, 359.9891662597656)",0.250055,-0.072705,"(1.237487, -0.000019, 0.086858)",LeftTrue_RightFalse
18.990845,0.019709,"(0.960241973400116, 1.22647225856781, -5.558811187744141)","(357.44305419921875, 186.9102020263672, 2.6926517486572266)","(2.6018753051757812, 0.7191514372825623, -6.700201511383057)","(359.2516174316406, 137.30038452148438, 359.9589538574219)","(0.7125809192657471, -0.004574412479996681, -5.216160297393799)","(359.8739013671875, 214.47555541992188, 359.26116943359375)",0.431548,-0.318787,"(-3.157181, -0.000010, -5.324250)",LeftTrue_RightFalse,False,"(-8.23780345916748, -0.003996336832642555, -2.3685555458068848)","(359.96002197265625, 87.45442962646484, 359.98907470703125)",0.251701,-0.073004,"(1.253739, -0.000018, 0.089447)",LeftTrue_RightFalse
19.04895,0.019509,"(0.7920187711715698, 1.2265903949737549, -5.86229944229126)","(357.3206481933594, 185.45704650878906, 2.704435110092163)","(2.4695775508880615, 0.7199009656906128, -6.950345039367676)","(359.2361145019531, 135.45394897460938, 359.9432678222656)","(0.5337210893630981, -0.004571104887872934, -5.527956008911133)","(359.8857727050781, 212.62893676757812, 359.2425842285156)",0.332789,-0.321777,"(-2.972670, 0.000100, -5.418267)",LeftTrue_RightFalse,False,"(-8.164328575134277, -0.00399742741137743, -2.3632593154907227)","(359.959716796875, 87.3667984008789, 359.989013671875)",0.249672,-0.073332,"(1.277947, -0.000020, 0.093369)",LeftTrue_RightFalse
19.106812,0.019381,"(0.6348295211791992, 1.2266782522201538, -6.16860294342041)","(357.3151550292969, 184.02882385253906, 2.643087387084961)","(2.346956729888916, 0.7205159664154053, -7.201778888702393)","(359.22430419921875, 133.60972595214844, 359.92572021484375)","(0.36658263206481934, -0.004561465233564377, -5.842377185821533)","(359.9002380371094, 210.78453063964844, 359.2271728515625)",0.246245,-0.322723,"(-2.775739, 0.000219, -5.488037)",LeftTrue_RightFalse,False,"(-8.089996337890625, -0.00399846350774169, -2.3577792644500732)","(359.95947265625, 87.27770233154297, 359.9889221191406)",0.251156,-0.073536,"(1.301837, -0.000018, 0.097333)",LeftTrue_RightFalse
19.166138,0.019583,"(0.484469473361969, 1.226731300354004, -6.486780166625977)","(357.35833740234375, 182.46994018554688, 2.6558914184570312)","(2.230250835418701, 0.7209560871124268, -7.462681293487549)","(359.21710205078125, 131.71517944335938, 359.9068603515625)","(0.2062392681837082, -0.0045452360063791275, -6.1693854331970215)","(359.91705322265625, 208.88973999023438, 359.2159729003906)",0.179513,-0.322723,"(-2.571368, 0.000331, -5.535179)",LeftTrue_RightFalse,False,"(-8.012130737304688, -0.003999556414783001, -2.351907968521118)","(359.9592590332031, 87.1840591430664, 359.98883056640625)",0.253583,-0.073612,"(1.325731, -0.000018, 0.101365)",LeftTrue_RightFalse
19.222046,0.019074,"(0.3538622260093689, 1.2267473936080933, -6.78766393661499)","(357.41033935546875, 181.03201293945312, 2.6176323890686035)","(2.1293745040893555, 0.7211760878562927, -7.709303855895996)","(359.2151184082031, 129.94766235351562, 359.8893737792969)","(0.06659172475337982, -0.0045247734524309635, -6.478907585144043)","(359.9336242675781, 207.12197875976562, 359.2101135253906)",0.130865,-0.322723,"(-2.432268, 0.000389, -5.555082)",LeftTrue_RightFalse,False,"(-7.937602519989014, -0.0040006134659051895, -2.346168279647827)","(359.9588623046875, 87.09430694580078, 359.98870849609375)",0.256752,-0.071013,"(1.344352, -0.000021, 0.104249)",LeftTrue_RightFalse
19.278809,0.018973,"(0.23180577158927917, 1.2267378568649292, -7.095112323760986)","(357.4404296875, 179.52696228027344, 2.498399257659912)","(2.035630702972412, 0.7212225198745728, -7.96078634262085)","(359.21728515625, 128.16973876953125, 359.8725280761719)","(-0.06422793865203857, -0.004500043578445911, -6.79480504989624)","(359.9505310058594, 205.3438262939453, 359.2085266113281)",0.0954,-0.322723,"(-2.221235, 0.000459, -5.569623)",LeftTrue_RightFalse,False,"(-7.860417366027832, -0.004002092406153679, -2.340162992477417)","(359.9584045410156, 87.00391387939453, 359.9891357421875)",0.258896,-0.067606,"(1.367942, -0.000025, 0.106713)",LeftTrue_RightFalse
19.334839,0.018827,"(0.12245595455169678, 1.2267097234725952, -7.398334980010986)","(357.3636779785156, 178.09033203125, 2.4033796787261963)","(1.9519102573394775, 0.7211236953735352, -8.208806037902832)","(359.2226867675781, 126.43829345703125, 359.85772705078125)","(-0.18216729164123535, -0.004473434295505285, -7.106619834899902)","(359.9661560058594, 203.6121826171875, 359.21051025390625)",0.069547,-0.322723,"(-2.010513, 0.000495, -5.570693)",LeftTrue_RightFalse,False,"(-7.78306770324707, -0.004003366455435753, -2.334115743637085)","(359.9581298828125, 86.91728973388672, 359.9898681640625)",0.254243,-0.064152,"(1.391953, -0.000022, 0.109131)",LeftTrue_RightFalse
19.39209,0.018924,"(0.02132195234298706, 1.2266583442687988, -7.707585334777832)","(357.33013916015625, 176.74903869628906, 2.241257667541504)","(1.8752729892730713, 0.7208927869796753, -8.46165657043457)","(359.2309875488281, 124.69312286376953, 359.84503173828125)","(-0.2913787364959717, -0.004445305559784174, -7.424787521362305)","(359.98040771484375, 201.86683654785156, 359.2157897949219)",0.0507,-0.321747,"(-1.802434, 0.000501, -5.560082)",LeftTrue_RightFalse,False,"(-7.7027997970581055, -0.0040046218782663345, -2.3278164863586426)","(359.95794677734375, 86.8316421508789, 359.9906921386719)",0.254732,-0.060537,"(1.415609, -0.000020, 0.111370)",LeftTrue_RightFalse
19.450439,0.019179,"(-0.07066524028778076, 1.2265863418579102, -8.022268295288086)","(357.33685302734375, 175.44845581054688, 2.0346908569335938)","(1.8061213493347168, 0.7205138802528381, -8.718806266784668)","(359.242431640625, 122.93933868408203, 359.8349609375)","(-0.39130255579948425, -0.004417333751916885, -7.748552322387695)","(359.99273681640625, 200.1129150390625, 359.2247009277344)",0.03696,-0.318268,"(-1.600677, 0.000477, -5.539237)",LeftTrue_RightFalse,False,"(-7.619578838348389, -0.004005850292742252, -2.3212671279907227)","(359.95782470703125, 86.74749755859375, 359.99151611328125)",0.256319,-0.056765,"(1.439152, -0.000019, 0.113448)",LeftTrue_RightFalse
19.509277,0.019375,"(-0.15269047021865845, 1.2264845371246338, -8.338186264038086)","(357.440185546875, 174.13719177246094, 1.8737084865570068)","(1.745165228843689, 0.7199541330337524, -8.977115631103516)","(359.2576904296875, 121.2058334350586, 359.828125)","(-0.48072564601898193, -0.004391130059957504, -8.073609352111816)","(0.0028122104704380035, 198.3793182373047, 359.2380676269531)",0.026944,-0.312286,"(-1.408403, 0.000444, -5.509609)",LeftTrue_RightFalse,False,"(-7.534310340881348, -0.004006929229944944, -2.3145482540130615)","(359.95770263671875, 86.66630554199219, 359.9923400878906)",0.256395,-0.052886,"(1.462635, -0.000017, 0.115349)",LeftTrue_RightFalse
19.567993,0.019479,"(-0.22427725791931152, 1.226352334022522, -8.651867866516113)","(357.5667419433594, 172.86871337890625, 1.5547740459442139)","(1.6924644708633423, 0.7192009687423706, -9.234086990356445)","(359.2770080566406, 119.51960754394531, 359.8245544433594)","(-0.559240460395813, -0.004367494024336338, -8.396312713623047)","(0.010556724853813648, 196.69305419921875, 359.256103515625)",0.019642,-0.305847,"(-1.226638, 0.000399, -5.472598)",LeftTrue_RightFalse,False,"(-7.447822570800781, -0.004007951356470585, -2.3077332973480225)","(359.9576110839844, 86.58922576904297, 359.9931335449219)",0.257421,-0.051811,"(1.485890, -0.000018, 0.117161)",LeftTrue_RightFalse
19.610596,0.020187,"(-0.27018141746520996, 1.2262372970581055, -8.877632141113281)","(357.6827392578125, 172.09829711914062, 1.2837285995483398)","(1.6591222286224365, 0.7185521125793457, -9.419687271118164)","(359.2931823730469, 118.32968139648438, 359.8238220214844)","(-0.6096697449684143, -0.004352234769612551, -8.62874984741211)","(0.014859030023217201, 195.5031280517578, 359.2716979980469)",0.01591,-0.301209,"(-1.110768, 0.000372, -5.444407)",LeftTrue_RightFalse,False,"(-7.384308338165283, -0.004008766263723373, -2.3027079105377197)","(359.95751953125, 86.53500366210938, 359.993408203125)",0.265333,-0.052727,"(1.501213, -0.000018, 0.119641)",LeftTrue_RightFalse
19.654663,0.020873,"(-0.3127119541168213, 1.2261055707931519, -9.109954833984375)","(357.7554931640625, 171.4146270751953, 0.9464454650878906)","(1.628636121749878, 0.7178108096122742, -9.61120319366455)","(359.31134033203125, 117.12752532958984, 359.8244323730469)","(-0.6564578413963318, -0.004337703809142113, -8.867940902709961)","(0.01832314394414425, 194.3009796142578, 359.28955078125)",0.012887,-0.295898,"(-0.999421, 0.000344, -5.413754)",LeftTrue_RightFalse,False,"(-7.317829132080078, -0.0040095155127346516, -2.297377109527588)","(359.9573974609375, 86.47792053222656, 359.9931335449219)",0.265178,-0.053225,"(1.517136, -0.000019, 0.122463)",LeftTrue_RightFalse
19.697876,0.021124,"(-0.3493998646736145, 1.2259689569473267, -9.336477279663086)","(357.7958984375, 170.7553253173828, 0.6326215267181396)","(1.6024914979934692, 0.7170194983482361, -9.798463821411133)","(359.3304748535156, 115.97907257080078, 359.826171875)","(-0.6972664594650269, -0.0043250638991594315, -9.101064682006836)","(0.020861992612481117, 193.15255737304688, 359.30859375)",0.010439,-0.288574,"(-0.893316, 0.000314, -5.380949)",LeftTrue_RightFalse,False,"(-7.2518815994262695, -0.004010427743196487, -2.2920126914978027)","(359.95721435546875, 86.42076873779297, 359.9925842285156)",0.263828,-0.05364,"(1.533015, -0.000021, 0.125362)",LeftTrue_RightFalse
19.740112,0.021137,"(-0.38089263439178467, 1.2258238792419434, -9.556232452392578)","(357.75640869140625, 170.23448181152344, 0.23209725320339203)","(1.580319881439209, 0.7161734104156494, -9.980839729309082)","(359.3507080078125, 114.89054870605469, 359.8290100097656)","(-0.7325171828269958, -0.00431390106678009, -9.327178955078125)","(0.022589337080717087, 192.06405639648438, 359.3289489746094)",0.008455,-0.28006,"(-0.793467, 0.000292, -5.346334)",LeftTrue_RightFalse,False,"(-7.18678092956543, -0.004011366982012987, -2.2866432666778564)","(359.9570007324219, 86.36383819580078, 359.9919738769531)",0.265796,-0.053978,"(1.548593, -0.000022, 0.128280)",LeftTrue_RightFalse
19.782959,0.021232,"(-0.4088343679904938, 1.225663423538208, -9.777946472167969)","(357.7212829589844, 169.6980438232422, 359.8713073730469)","(1.5608946084976196, 0.7152296900749207, -10.16577434539795)","(359.37310791015625, 113.82221984863281, 359.8330078125)","(-0.7640048265457153, -0.004303628578782082, -9.555279731750488)","(0.02366066537797451, 190.99578857421875, 359.3516845703125)",0.006849,-0.270447,"(-0.700379, 0.000267, -5.310230)",LeftTrue_RightFalse,False,"(-7.119935989379883, -0.004012361168861389, -2.281054735183716)","(359.956787109375, 86.30494689941406, 359.9913635253906)",0.265489,-0.054248,"(1.564392, -0.000024, 0.131263)",LeftTrue_RightFalse
19.824829,0.021133,"(-0.4324246346950531, 1.2254945039749146, -9.992979049682617)","(357.6957092285156, 169.2235870361328, 359.5190124511719)","(1.5446927547454834, 0.7142280340194702, -10.346324920654297)","(359.396728515625, 112.81886291503906, 359.8379211425781)","(-0.7908372282981873, -0.0042945570312440395, -9.776575088500977)","(0.024120062589645386, 189.99249267578125, 359.37579345703125)",0.005548,-0.26062,"(-0.570117, 0.000236, -5.253675)",LeftTrue_RightFalse,False,"(-7.053905963897705, -0.0040132468566298485, -2.2754597663879395)","(359.9565734863281, 86.24642181396484, 359.99078369140625)",0.215112,-0.054441,"(1.587702, -0.000024, 0.135723)",LeftTrue_RightFalse
19.865601,0.020821,"(-0.4523497223854065, 1.2253272533416748, -10.200820922851562)","(357.71075439453125, 168.90097045898438, 359.1612854003906)","(1.5315803289413452, 0.713255763053894, -10.52132797241211)","(359.4195556640625, 111.8797607421875, 359.8430480957031)","(-0.8132632970809937, -0.0042867399752140045, -9.989883422851562)","(0.024194039404392242, 189.053466796875, 359.3992004394531)",0.004494,-0.250519,"(-0.488631, 0.000219, -5.214593)",LeftTrue_RightFalse,False,"(-6.989172458648682, -0.004014205187559128, -2.2699062824249268)","(359.95660400390625, 86.18887329101562, 359.9903564453125)",0.271751,-0.054566,"(1.600018, -0.000018, 0.138404)",LeftTrue_RightFalse
19.908569,0.021081,"(-0.46967387199401855, 1.225150227546692, -10.418593406677246)","(357.7311096191406, 168.59457397460938, 358.8130187988281)","(1.5203216075897217, 0.7121968865394592, -10.7056884765625)","(359.4443359375, 110.9283676147461, 359.8489685058594)","(-0.833338737487793, -0.004279180429875851, -10.213208198547363)","(0.023905007168650627, 188.10214233398438, 359.4246826171875)",0.00364,-0.240051,"(-0.413529, 0.000205, -5.174758)",LeftTrue_RightFalse,False,"(-6.920235633850098, -0.004014943260699511, -2.263916015625)","(359.9566650390625, 86.1274185180664, 359.98992919921875)",0.262351,-0.056395,"(1.615620, -0.000017, 0.141529)",LeftTrue_RightFalse
19.950562,0.021034,"(-0.4840615689754486, 1.2249670028686523, -10.630273818969727)","(357.7824401855469, 168.33995056152344, 358.485107421875)","(1.5115808248519897, 0.7111200094223022, -10.886014938354492)","(359.469482421875, 110.03843688964844, 359.85528564453125)","(-0.8497658967971802, -0.004272374790161848, -10.430113792419434)","(0.02331889234483242, 187.21229553222656, 359.4505920410156)",0.002948,-0.229248,"(-0.344466, 0.000191, -5.134346)",LeftTrue_RightFalse,False,"(-6.852054595947266, -0.004015730693936348, -2.2579004764556885)","(359.9566345214844, 86.06578063964844, 359.9893798828125)",0.26233,-0.057927,"(1.630537, -0.000018, 0.145344)",LeftTrue_RightFalse
19.993042,0.021121,"(-0.49518993496894836, 1.2247828245162964, -10.84239673614502)","(357.8844909667969, 168.2362518310547, 358.0842590332031)","(1.5048426389694214, 0.7099945545196533, -11.06806468963623)","(359.49566650390625, 109.18382263183594, 359.86212158203125)","(-0.8633779287338257, -0.004266045987606049, -10.647405624389648)","(0.022479256615042686, 186.35772705078125, 359.4776611328125)",0.002388,-0.217011,"(-0.281238, 0.000180, -5.093515)",LeftTrue_RightFalse,False,"(-6.78251838684082, -0.004016435705125332, -2.251649856567383)","(359.95654296875, 86.00115203857422, 359.9886169433594)",0.265994,-0.05937,"(1.645321, -0.000017, 0.149252)",LeftTrue_RightFalse
20.035156,0.021076,"(-0.5042976140975952, 1.2245901823043823, -11.050958633422852)","(357.97418212890625, 168.01316833496094, 357.7582092285156)","(1.500016212463379, 0.7088409066200256, -11.248322486877441)","(359.5224914550781, 108.38394165039062, 359.8692932128906)","(-0.8741905093193054, -0.004260145127773285, -10.86074161529541)","(0.02145039662718773, 185.5579376220703, 359.5054016113281)",0.001934,-0.203217,"(-0.224409, 0.000169, -5.052468)",LeftTrue_RightFalse,False,"(-6.713008403778076, -0.004017154686152935, -2.2452847957611084)","(359.9564514160156, 85.9347915649414, 359.9878234863281)",0.264393,-0.060697,"(1.660315, -0.000019, 0.153280)",LeftTrue_RightFalse
20.077148,0.021045,"(-0.5117161870002747, 1.2243878841400146, -11.2576904296875)","(358.0721740722656, 167.89410400390625, 357.4645080566406)","(1.4967870712280273, 0.7076429724693298, -11.428519248962402)","(359.5503234863281, 107.63446807861328, 359.8768310546875)","(-0.8826441168785095, -0.004254726227372885, -11.072009086608887)","(0.02026183344423771, 184.80853271484375, 359.5342102050781)",0.001567,-0.187775,"(-0.174231, 0.000160, -5.011363)",LeftTrue_RightFalse,False,"(-6.64293098449707, -0.004018012434244156, -2.2387495040893555)","(359.956298828125, 85.86621856689453, 359.9870300292969)",0.265934,-0.06192,"(1.675107, -0.000020, 0.157344)",LeftTrue_RightFalse
20.119507,0.021116,"(-0.5176628232002258, 1.2241450548171997, -11.464908599853516)","(358.1532897949219, 167.83267211914062, 357.2765197753906)","(1.494849681854248, 0.7063471078872681, -11.610685348510742)","(359.5797119140625, 106.93147277832031, 359.88482666015625)","(-0.8891541361808777, -0.004278415814042091, -11.283381462097168)","(0.018998436629772186, 184.10560607910156, 359.56463623046875)",0.001269,-0.170319,"(-0.133189, -0.001785, -4.970260)",LeftTrue_RightFalse,False,"(-6.5715532302856445, -0.00401895958930254, -2.2319724559783936)","(359.9561767578125, 85.79476165771484, 359.9862976074219)",0.267855,-0.063052,"(1.689893, -0.000021, 0.161460)",LeftTrue_RightFalse
20.16272,0.02131,"(-0.5218778252601624, 1.2238582372665405, -11.674559593200684)","(358.2494812011719, 167.88601684570312, 357.0599060058594)","(1.493860125541687, 0.7049063444137573, -11.796829223632812)","(359.61175537109375, 106.27256774902344, 359.8935241699219)","(-0.8941606283187866, -0.0043327403254806995, -11.496953010559082)","(0.017645129933953285, 183.44676208496094, 359.5978088378906)",0.001028,-0.150543,"(-0.099914, -0.000945, -4.929317)",LeftTrue_RightFalse,False,"(-6.498117446899414, -0.004019905813038349, -2.224874258041382)","(359.95599365234375, 85.71973419189453, 359.985595703125)",0.26935,-0.064095,"(1.704767, -0.000023, 0.165642)",LeftTrue_RightFalse
20.204468,0.021142,"(-0.5247690677642822, 1.22320556640625, -11.87568187713623)","(358.35760498046875, 167.9281463623047, 356.8689880371094)","(1.4936093091964722, 0.7034790515899658, -11.977498054504395)","(359.6441650390625, 105.69729614257812, 359.9023742675781)","(-0.8977178335189819, -0.0043562944047153, -11.701607704162598)","(0.01619633473455906, 182.87156677246094, 359.6313781738281)",0.000833,-0.13089,"(-0.072946, -0.000390, -4.888663)",LeftTrue_RightFalse,False,"(-6.426463603973389, -0.004020836669951677, -2.2178244590759277)","(359.955810546875, 85.64514923095703, 359.9849548339844)",0.266371,-0.066121,"(1.719672, -0.000024, 0.169881)",LeftTrue_RightFalse
20.247559,0.021323,"(-0.5271955728530884, 1.222707748413086, -12.082389831542969)","(358.52923583984375, 168.1457977294922, 356.6358337402344)","(1.4939595460891724, 0.702044665813446, -12.164782524108887)","(359.6771545410156, 105.16818237304688, 359.91143798828125)","(-0.9002348184585571, -0.00436190702021122, -11.910985946655273)","(0.014691459946334362, 182.34251403808594, 359.6655578613281)",0.000675,-0.111145,"(-0.036719, 0.000091, -4.827702)",LeftTrue_RightFalse,False,"(-6.351818561553955, -0.004021931905299425, -2.210336685180664)","(359.9556884765625, 85.5655288696289, 359.9842834472656)",0.263453,-0.068135,"(1.739007, -0.000021, 0.176442)",LeftTrue_RightFalse
20.28833,0.020999,"(-0.5285649299621582, 1.222350835800171, -12.276098251342773)","(358.7087707519531, 168.44692993164062, 356.3891906738281)","(1.4948179721832275, 0.7007532715797424, -12.342427253723145)","(359.70709228515625, 104.72138214111328, 359.91961669921875)","(-0.9016649723052979, -0.004356832709163427, -12.10731029510498)","(0.013344979844987392, 181.89576721191406, 359.6965637207031)",0.000546,-0.092407,"(-0.019261, 0.000255, -4.787336)",LeftTrue_RightFalse,False,"(-6.28070592880249, -0.004022659733891487, -2.2030704021453857)","(359.9558410644531, 85.48798370361328, 359.9836120605469)",0.266093,-0.069899,"(1.753370, -0.000018, 0.181341)",LeftTrue_RightFalse
20.330078,0.020945,"(-0.529273509979248, 1.2220518589019775, -12.473154067993164)","(358.8599853515625, 168.68629455566406, 356.1987609863281)","(1.4959841966629028, 0.6994447708129883, -12.524847030639648)","(359.737548828125, 104.32264709472656, 359.9278869628906)","(-0.9024645090103149, -0.004345637746155262, -12.306417465209961)","(0.012042807415127754, 181.4970703125, 359.7281188964844)",0.000443,-0.073639,"(-0.007352, 0.000342, -4.747201)",LeftTrue_RightFalse,False,"(-6.207330703735352, -0.00402335450053215, -2.1954219341278076)","(359.9558410644531, 85.4057846069336, 359.98284912109375)",0.264142,-0.071572,"(1.767391, -0.000019, 0.186314)",LeftTrue_RightFalse
20.372803,0.021101,"(-0.5299725532531738, 1.2217870950698853, -12.673558235168457)","(359.0191345214844, 169.02700805664062, 356.0175476074219)","(1.497272253036499, 0.6981121301651001, -12.712380409240723)","(359.7686767578125, 103.9766616821289, 359.9362487792969)","(-0.9028470516204834, -0.004331167321652174, -12.508443832397461)","(0.010813705623149872, 181.151123046875, 359.7602844238281)",0.000359,-0.05603,"(-0.000871, 0.000376, -4.707271)",LeftTrue_RightFalse,False,"(-6.131591796875, -0.004024176858365536, -2.1873674392700195)","(359.955810546875, 85.31867980957031, 359.9820556640625)",0.268061,-0.073147,"(1.781371, -0.000017, 0.191388)",LeftTrue_RightFalse
20.433472,0.020684,"(-0.5309019088745117, 1.2214585542678833, -12.955669403076172)","(359.2442932128906, 169.7563934326172, 355.7829284667969)","(1.4989089965820312, 0.6962513327598572, -12.980027198791504)","(359.81219482421875, 103.59234619140625, 359.9477233886719)","(-0.9030753970146179, -0.004309303592890501, -12.792203903198242)","(0.009291370399296284, 180.76686096191406, 359.8052673339844)",0.000261,-0.034241,"(0.001675, 0.000371, -4.647664)",LeftTrue_RightFalse,False,"(-6.02294921875, -0.004025379195809364, -2.175529718399048)","(359.9557189941406, 85.19001770019531, 359.98095703125)",0.266432,-0.075135,"(1.802179, -0.000021, 0.199096)",LeftTrue_RightFalse
20.474243,0.020554,"(-0.531978189945221, 1.2208532094955444, -13.14351749420166)","(359.4095458984375, 170.37173461914062, 355.61358642578125)","(1.4997514486312866, 0.695063054561615, -13.160750389099121)","(359.8399963378906, 103.39961242675781, 359.9549255371094)","(-0.903201699256897, -0.004295144695788622, -12.981014251708984)","(0.008430557325482368, 180.5741729736328, 359.833984375)",0.000212,-0.024109,"(0.000596, 0.000354, -4.608118)",LeftTrue_RightFalse,False,"(-5.949161529541016, -0.004026165697723627, -2.167301654815674)","(359.95562744140625, 85.10041046142578, 359.98028564453125)",0.264969,-0.076934,"(1.816108, -0.000021, 0.204306)",LeftTrue_RightFalse
20.516357,0.020713,"(-0.5331765413284302, 1.2204077243804932, -13.336210250854492)","(359.53564453125, 170.8505859375, 355.4410095214844)","(1.5003812313079834, 0.6939356327056885, -13.34759521484375)","(359.86639404296875, 103.2481689453125, 359.9617004394531)","(-0.9033706188201904, -0.004281218163669109, -13.174217224121094)","(0.007678180001676083, 180.4227294921875, 359.8612060546875)",0.000172,-0.017365,"(-0.000665, 0.000323, -4.568768)",LeftFalse_RightFalse,False,"(-5.872385025024414, -0.004027057904750109, -2.1585612297058105)","(359.9555358886719, 85.0046615600586, 359.97943115234375)",0.267678,-0.084385,"(1.829698, -0.000021, 0.210759)",LeftTrue_RightFalse
20.557495,0.020656,"(-0.5346212387084961, 1.2200959920883179, -13.522558212280273)","(359.6680603027344, 171.24444580078125, 355.3299560546875)","(1.5008132457733154, 0.6929687857627869, -13.5297269821167)","(359.8890380859375, 103.13774108886719, 359.9674987792969)","(-0.9035530090332031, -0.00426890142261982, -13.360986709594727)","(0.007066600956022739, 180.31231689453125, 359.88458251953125)",0.000139,-0.013336,"(-0.001083, 0.000294, -4.529665)",LeftFalse_RightFalse,False,"(-5.796926975250244, -0.0040278807282447815, -2.1497135162353516)","(359.9554138183594, 84.90480041503906, 359.9778137207031)",0.267973,-0.089649,"(1.843028, -0.000020, 0.218722)",LeftTrue_RightFalse
20.599487,0.020811,"(-0.536007285118103, 1.2196372747421265, -13.711409568786621)","(359.864501953125, 171.7610626220703, 355.1327209472656)","(1.5011425018310547, 0.6921302080154419, -13.7155179977417)","(359.90869140625, 103.05335998535156, 359.9725036621094)","(-0.9037166237831116, -0.004257543012499809, -13.550323486328125)","(0.006548973731696606, 180.2279510498047, 359.90484619140625)",0.000113,-0.009552,"(-0.000831, 0.000266, -4.490848)",LeftFalse_RightFalse,False,"(-5.719170570373535, -0.004028741270303726, -2.140305757522583)","(359.9553527832031, 84.79508972167969, 359.9757080078125)",0.270775,-0.094797,"(1.856238, -0.000023, 0.227024)",LeftTrue_RightFalse
20.641724,0.020874,"(-0.5371074676513672, 1.219157338142395, -13.90004825592041)","(0.04159185290336609, 172.16009521484375, 354.93341064453125)","(1.501388430595398, 0.6914209127426147, -13.901543617248535)","(359.9253234863281, 102.99091339111328, 359.9767150878906)","(-0.9038575887680054, -0.004247099161148071, -13.738975524902344)","(0.00612145010381937, 180.16551208496094, 359.9220275878906)",9.1e-05,-0.005737,"(-0.000930, 0.000239, -4.452332)",LeftFalse_RightFalse,False,"(-5.640399932861328, -0.004029740579426289, -2.1304664611816406)","(359.9552307128906, 84.67689514160156, 359.9734191894531)",0.267517,-0.099712,"(1.869695, -0.000021, 0.235751)",LeftTrue_RightFalse
20.685547,0.021273,"(-0.5377777814865112, 1.2188262939453125, -14.093950271606445)","(0.22599762678146362, 172.54815673828125, 354.7227783203125)","(1.501543641090393, 0.6907954812049866, -14.093579292297363)","(359.9400329589844, 102.94549560546875, 359.9804382324219)","(-0.9040147066116333, -0.00423755869269371, -13.932921409606934)","(0.0057600876316428185, 180.12010192871094, 359.9371643066406)",7.4e-05,-0.001373,"(-0.001898, 0.000206, -4.395149)",LeftFalse_RightFalse,False,"(-5.558045864105225, -0.004030606709420681, -2.119842767715454)","(359.9551086425781, 84.54600524902344, 359.97100830078125)",0.231308,-0.104544,"(1.889336, -0.000023, 0.248498)",LeftTrue_RightFalse
20.731812,0.021947,"(-0.5392399430274963, 1.2185935974121094, -14.29670238494873)","(0.3611757755279541, 172.99879455566406, 354.51983642578125)","(1.5015976428985596, 0.6902449727058411, -14.295305252075195)","(359.9529724121094, 102.91459655761719, 359.98370361328125)","(-0.9042086601257324, -0.004228426609188318, -14.135948181152344)","(0.0054551344364881516, 180.08920288085938, 359.9505310058594)",6e-05,0.003143,"(-0.003548, 0.000186, -4.357425)",LeftFalse_RightFalse,False,"(-5.47032356262207, -0.004031567834317684, -2.1081759929656982)","(359.9551696777344, 84.40032196044922, 359.968994140625)",0.280529,-0.109384,"(1.900132, -0.000018, 0.256807)",LeftTrue_RightFalse
20.7771,0.022197,"(-0.540290117263794, 1.218437671661377, -14.493425369262695)","(0.4011843204498291, 173.37535095214844, 354.403564453125)","(1.5014787912368774, 0.6897680759429932, -14.491156578063965)","(359.9642028808594, 102.89994049072266, 359.9864807128906)","(-0.9045079946517944, -0.004220455419272184, -14.332417488098145)","(0.005218754056841135, 180.07455444335938, 359.96209716796875)",4.9e-05,0.007385,"(-0.006695, 0.000172, -4.320006)",LeftFalse_RightFalse,False,"(-5.383975982666016, -0.004032388795167208, -2.0963218212127686)","(359.9552001953125, 84.25004577636719, 359.9669494628906)",0.269707,-0.118726,"(1.913682, -0.000017, 0.266290)",LeftTrue_RightFalse
20.82312,0.02248,"(-0.5411835312843323, 1.21832275390625, -14.691251754760742)","(0.45035627484321594, 173.62046813964844, 354.29144287109375)","(1.5011168718338013, 0.6893280744552612, -14.68879508972168)","(359.97454833984375, 102.9006118774414, 359.9890441894531)","(-0.9049969911575317, -0.0042129443027079105, -14.530029296875)","(0.005029814783483744, 180.0752410888672, 359.9727478027344)",3.9e-05,0.010529,"(-0.010817, 0.000159, -4.282888)",LeftFalse_RightFalse,False,"(-5.295626640319824, -0.004033274948596954, -2.0836875438690186)","(359.95513916015625, 84.08439636230469, 359.96368408203125)",0.275084,-0.135215,"(1.925672, -0.000018, 0.279704)",LeftTrue_RightFalse
20.871826,0.023204,"(-0.5421565771102905, 1.2182345390319824, -14.89843463897705)","(0.5588722229003906, 173.83082580566406, 354.1710510253906)","(1.5004477500915527, 0.688927948474884, -14.896406173706055)","(359.9839782714844, 102.91632080078125, 359.9913635253906)","(-0.9057402610778809, -0.004205797798931599, -14.736982345581055)","(0.004876099526882172, 180.0909423828125, 359.9824523925781)",3.2e-05,0.0112,"(-0.016249, 0.000143, -4.227807)",LeftFalse_RightFalse,False,"(-5.201433181762695, -0.004034189507365227, -2.069444417953491)","(359.9551086425781, 83.88671112060547, 359.9586486816406)",0.273081,-0.149627,"(1.941655, -0.000020, 0.300944)",LeftTrue_RightFalse
20.912476,0.022145,"(-0.5430176854133606, 1.2179635763168335, -15.070006370544434)","(0.7048146724700928, 173.98597717285156, 354.17401123046875)","(1.4997186660766602, 0.6886598467826843, -15.068641662597656)","(359.9903259277344, 102.93675994873047, 359.9928894042969)","(-0.9064907431602478, -0.0042000701650977135, -14.908361434936523)","(0.004772627260535955, 180.1113739013672, 359.9889831542969)",2.6e-05,0.010925,"(-0.018922, 0.000135, -4.191495)",LeftFalse_RightFalse,False,"(-5.122237205505371, -0.004034874960780144, -2.0568790435791016)","(359.9552917480469, 83.705322265625, 359.95404052734375)",0.268909,-0.161182,"(1.952880, -0.000015, 0.317434)",LeftTrue_RightFalse
20.956909,0.022188,"(-0.544023871421814, 1.2175697088241577, -15.255383491516113)","(0.8087173700332642, 174.1533660888672, 354.2486877441406)","(1.498794436454773, 0.6884373426437378, -15.254918098449707)","(-0.004390272777527571, 102.96317291259766, 359.99420166015625)","(-0.9074071645736694, -0.004194139502942562, -15.093528747558594)","(0.004679130855947733, 180.13780212402344, -0.005567858926951885)",2.1e-05,0.009399,"(-0.020761, 0.000129, -4.155509)",LeftFalse_RightFalse,False,"(-5.03536319732666, -0.004035595804452896, -2.042388916015625)","(359.95538330078125, 83.4879379272461, 359.9485168457031)",0.275655,-0.17323,"(1.963326, -0.000015, 0.334223)",LeftTrue_RightFalse
21.001099,0.022171,"(-0.5450664758682251, 1.217330813407898, -15.438557624816895)","(0.8385721445083618, 174.27366638183594, 354.299560546875)","(1.4977970123291016, 0.6882867217063904, -15.439030647277832)","(-0.0007802211330272257, 102.99024963378906, -0.0048963031731545925)","(-0.9083730578422546, -0.004188677296042442, -15.276505470275879)","(0.0046009523794054985, 180.1648712158203, -0.0018476382829248905)",1.7e-05,0.007935,"(-0.021606, 0.000124, -4.119844)",LeftFalse_RightFalse,False,"(-4.948189735412598, -0.004036230500787497, -2.0270907878875732)","(359.9554443359375, 83.25082397460938, 359.94287109375)",0.275421,-0.184612,"(1.973983, -0.000016, 0.352020)",LeftTrue_RightFalse
21.045166,0.022107,"(-0.5461682081222534, 1.2171881198883057, -15.619488716125488)","(0.8552083969116211, 174.34678649902344, 354.4066162109375)","(1.496773362159729, 0.6881946921348572, -15.620624542236328)","(0.0014668058138340712, 103.01551055908203, -0.00431679654866457)","(-0.9093533754348755, -0.004183401353657246, -15.457038879394531)","(0.004534699022769928, 180.19012451171875, 0.0004719665739685297)",1.4e-05,0.00708,"(-0.022356, 0.000119, -4.066932)",LeftFalse_RightFalse,False,"(-4.8608503341674805, -0.004036884754896164, -2.0109739303588867)","(359.9554748535156, 82.9944076538086, 359.9372863769531)",0.23325,-0.195642,"(1.989903, -0.000019, 0.378227)",LeftTrue_RightFalse
21.088013,0.021852,"(-0.5472748279571533, 1.2171051502227783, -15.79356575012207)","(0.8639229536056519, 174.38223266601562, 354.53607177734375)","(1.4957516193389893, 0.6881382465362549, -15.795188903808594)","(0.002889996627345681, 103.03807830810547, -0.00393671402707696)","(-0.9103273749351501, -0.004178219009190798, -15.630656242370605)","(0.004480019211769104, 180.2126922607422, 0.0019440213218331337)",1.1e-05,0.006775,"(-0.022973, 0.000114, -4.032037)",LeftFalse_RightFalse,False,"(-4.775589942932129, -0.004037694074213505, -1.9945365190505981)","(359.95562744140625, 82.7299575805664, 359.93304443359375)",0.281883,-0.216269,"(1.997187, -0.000015, 0.396090)",LeftTrue_RightFalse
21.130249,0.021573,"(-0.5483616590499878, 1.217055320739746, -15.96377944946289)","(0.8790476322174072, 174.3880157470703, 354.6855773925781)","(1.494715690612793, 0.6881005764007568, -15.965946197509766)","(0.003868367988616228, 103.0587387084961, -0.003666189033538103)","(-0.9113161563873291, -0.004173421300947666, -15.800546646118164)","(0.00443342374637723, 180.23336791992188, 0.0029580346308648586)",9e-06,0.006561,"(-0.023725, 0.000111, -3.997442)",LeftFalse_RightFalse,False,"(-4.691042423248291, -0.00403818441554904, -1.9773885011672974)","(359.95587158203125, 82.44805908203125, 359.9276123046875)",0.271516,-0.235768,"(2.005544, -0.000012, 0.420310)",LeftTrue_RightFalse
21.192261,0.021221,"(-0.5500321388244629, 1.2170158624649048, -16.21078109741211)","(0.9660643339157104, 174.41627502441406, 354.891357421875)","(1.4931390285491943, 0.688064694404602, -16.21355628967285)","(0.0048494827933609486, 103.08676147460938, -0.003382973140105605)","(-0.9128242135047913, -0.004166672471910715, -16.046979904174805)","(0.004375061485916376, 180.26138305664062, 0.003977539949119091)",7e-06,0.005219,"(-0.024770, 0.000106, -3.946109)",LeftFalse_RightFalse,False,"(-4.566424369812012, -0.004038936458528042, -1.9502053260803223)","(359.9563293457031, 81.9835205078125, 359.9168395996094)",0.279839,-0.261827,"(2.015619, -0.000011, 0.458725)",LeftTrue_RightFalse
21.236816,0.021597,"(-0.5515053272247314, 1.2170032262802124, -16.386388778686523)","(1.0474493503570557, 174.42417907714844, 354.9334716796875)","(1.4919841289520264, 0.6880581974983215, -16.38947105407715)","(0.005100567825138569, 103.1046371459961, -0.003287631319835782)","(-0.9139304757118225, -0.004162047524005175, -16.222145080566406)","(0.0043378351256251335, 180.2792510986328, 0.00424352427944541)",5e-06,0.003052,"(-0.024687, 0.000103, -3.912264)",LeftFalse_RightFalse,False,"(-4.476433277130127, -0.004039287567138672, -1.9290989637374878)","(359.9566650390625, 81.61157989501953, 359.9083557128906)",0.280399,-0.27937,"(2.022161, -0.000010, 0.486037)",LeftTrue_RightFalse
21.279053,0.021434,"(-0.5529230237007141, 1.21700119972229, -16.550735473632812)","(1.0905755758285522, 174.42466735839844, 354.9823303222656)","(1.4909257888793945, 0.6880786418914795, -16.554141998291016)","(0.004722969140857458, 103.11795806884766, -0.0033395381178706884)","(-0.914945125579834, -0.004157667048275471, -16.38625717163086)","(0.004304626956582069, 180.29257202148438, 0.003863824065774679)",4e-06,9.2e-05,"(-0.023595, 0.000104, -3.878717)",LeftFalse_RightFalse,False,"(-4.391053199768066, -0.004039555788040161, -1.9078760147094727)","(359.95697021484375, 81.23040771484375, 359.90020751953125)",0.281219,-0.294978,"(2.027997, -0.000009, 0.514001)",LeftTrue_RightFalse
21.322632,0.021531,"(-0.5544909238815308, 1.2170072793960571, -16.71942138671875)","(1.1133899688720703, 174.39845275878906, 355.0328063964844)","(1.4899241924285889, 0.6881321668624878, -16.72268295288086)","(0.0035801143385469913, 103.12603759765625, -0.0035666627809405327)","(-0.9159088134765625, -0.0041531287133693695, -16.554458618164062)","(0.004272393882274628, 180.3006591796875, 0.0026990650221705437)",4e-06,-0.003021,"(-0.021412, 0.000101, -3.845462)",LeftFalse_RightFalse,False,"(-4.302480697631836, -0.004039817955344915, -1.8846136331558228)","(359.957275390625, 80.80728149414062, 359.89208984375)",0.282056,-0.310107,"(2.033564, -0.000011, 0.542649)",LeftTrue_RightFalse
21.366455,0.021641,"(-0.5559738874435425, 1.2170188426971436, -16.887374877929688)","(1.1351820230484009, 174.40565490722656, 355.0288391113281)","(1.4890520572662354, 0.6882076263427734, -16.890241622924805)","(0.0019268020987510681, 103.12731170654297, -0.003912259358912706)","(-0.9167571663856506, -0.004148715641349554, -16.721965789794922)","(0.004242365248501301, 180.30194091796875, 0.0010102858068421483)",3e-06,-0.004883,"(-0.017918, 0.000098, -3.796111)",LeftFalse_RightFalse,False,"(-4.213159084320068, -0.004040238913148642, -1.8598756790161133)","(359.95751953125, 80.35490417480469, 359.885009765625)",0.274954,-0.329313,"(2.040438, -0.000009, 0.583010)",LeftTrue_RightFalse
21.408936,0.021486,"(-0.5571112632751465, 1.2170315980911255, -17.04857635498047)","(1.1900792121887207, 174.4630889892578, 354.9865417480469)","(1.4883251190185547, 0.6882819533348083, -17.05085563659668)","(0.00029213775997050107, 103.12313079833984, -0.00425686314702034)","(-0.9174761772155762, -0.004144607111811638, -16.882755279541016)","(0.004215508699417114, 180.29776000976562, -0.0006600905326195061)",2e-06,-0.005341,"(-0.015768, 0.000096, -3.763562)",LeftFalse_RightFalse,False,"(-4.126457214355469, -0.004040535539388657, -1.834639549255371)","(359.9580078125, 79.8934097290039, 359.87884521484375)",0.284164,-0.346142,"(2.043683, -0.000006, 0.613771)",LeftTrue_RightFalse
21.451538,0.021389,"(-0.5579968690872192, 1.2170432806015015, -17.208396911621094)","(1.2758533954620361, 174.55076599121094, 354.92572021484375)","(1.487697958946228, 0.6883466839790344, -17.210111618041992)","(-0.0011192694073542953, 103.11494445800781, -0.004548016469925642)","(-0.9181095361709595, -0.004140505101531744, -17.042354583740234)","(0.004186092875897884, 180.28956604003906, -0.0021009149495512247)",0.008493,-0.005371,"(-0.014141, 0.000097, -3.731415)",LeftFalse_RightFalse,False,"(-4.039465427398682, -0.0040407488122582436, -1.8079407215118408)","(359.95843505859375, 79.40277099609375, 359.87188720703125)",0.281998,-0.361852,"(2.046313, -0.000006, 0.645885)",LeftTrue_RightFalse
21.494995,0.021519,"(-0.5591326355934143, 1.2166279554367065, -17.369834899902344)","(1.4058862924575806, 174.6380615234375, 354.85223388671875)","(1.4871352910995483, 0.6883953809738159, -17.37108612060547)","(-0.0021741266828030348, 103.10417175292969, -0.004662300925701857)","(-0.9186912775039673, -0.004136373288929462, -17.203784942626953)","(0.004063368774950504, 180.27879333496094, -0.0031548235565423965)",0.028108,-0.005371,"(-0.012892, 0.000090, -3.700879)",LeftFalse_RightFalse,False,"(-3.9505748748779297, -0.00404088431969285, -1.7791829109191895)","(359.95892333984375, 78.87269592285156, 359.864501953125)",0.287324,-0.376701,"(2.048132, -0.000006, 0.678582)",LeftTrue_RightFalse
21.540771,0.021999,"(-0.5600301623344421, 1.2163640260696411, -17.53858184814453)","(1.592458963394165, 174.6961212158203, 354.7333679199219)","(1.4866054058074951, 0.6884305477142334, -17.539331436157227)","(-0.002975673880428076, 103.09138488769531, -0.004342584405094385)","(-0.9192495346069336, -0.004132398869842291, -17.37257194519043)","(0.003573701484128833, 180.26600646972656, -0.003865402191877365)",0.051139,-0.005371,"(-0.011833, 0.000082, -3.673134)",LeftFalse_RightFalse,False,"(-3.8567440509796143, -0.004041016101837158, -1.747179388999939)","(359.9593811035156, 78.28253173828125, 359.85675048828125)",0.289507,-0.391036,"(2.049603, -0.000004, 0.712202)",LeftTrue_RightFalse
21.584595,0.021977,"(-0.5606961250305176, 1.2162160873413086, -17.698993682861328)","(1.7181353569030762, 174.71107482910156, 354.6465759277344)","(1.4861502647399902, 0.6884537935256958, -17.699264526367188)","(-0.0036032574716955423, 103.07844543457031, -0.003418863983824849)","(-0.9197373390197754, -0.004129111301153898, -17.53306007385254)","(0.0025337147526443005, 180.25306701660156, -0.004272280726581812)",0.084753,-0.005371,"(-0.010411, 0.000060, -3.637110)",LeftFalse_RightFalse,False,"(-3.7667734622955322, -0.004041165113449097, -1.7148551940917969)","(359.95977783203125, 77.68769073486328, 359.84954833984375)",0.251877,-0.403568,"(2.051717, -0.000010, 0.761592)",LeftTrue_RightFalse
21.626343,0.021538,"(-0.561206579208374, 1.2161327600479126, -17.850252151489258)","(1.7949175834655762, 174.7072296142578, 354.6094970703125)","(1.4857618808746338, 0.688469409942627, -17.850067138671875)","(-0.004158754367381334, 103.0658187866211, -0.0019719821866601706)","(-0.9201593399047852, -0.004126873333007097, -17.684412002563477)","(0.0009996219305321574, 180.24044799804688, -0.004492739215493202)",0.135907,-0.005371,"(-0.009521, 0.000041, -3.617664)",LeftFalse_RightFalse,False,"(-3.681304693222046, -0.0040413811802864075, -1.6827278137207031)","(359.9601745605469, 77.10222625732422, 359.84442138671875)",0.291897,-0.418472,"(2.050139, -0.000006, 0.793545)",LeftTrue_RightFalse
21.670166,0.021683,"(-0.5616000890731812, 1.216082215309143, -18.00843048095703)","(1.8457344770431519, 174.65780639648438, 354.6125183105469)","(1.4853962659835815, 0.6884832382202148, -18.008005142211914)","(-0.004848501179367304, 103.0523681640625, 0.0004481560899876058)","(-0.9205628633499146, -0.0041255587711930275, -17.842945098876953)","(-0.0015132467960938811, 180.22698974609375, -0.004628054331988096)",0.183653,-0.005371,"(-0.008660, 0.000011, -3.604709)",LeftFalse_RightFalse,False,"(-3.5913844108581543, -0.004041547421365976, -1.6473300457000732)","(359.9607238769531, 76.4622573852539, 359.83880615234375)",0.28826,-0.431537,"(2.049130, -0.000005, 0.828795)",LeftTrue_RightFalse
21.713501,0.021659,"(-0.5618977546691895, 1.2160568237304688, -18.163999557495117)","(1.8507030010223389, 174.6227569580078, 354.6221008300781)","(1.4850752353668213, 0.6884961128234863, -18.16343116760254)","(-0.005728800781071186, 103.0389633178711, 0.003959318157285452)","(-0.9209218621253967, -0.004125820007175207, -17.998977661132812)","(-0.005132218822836876, 180.21359252929688, -0.004706982988864183)",0.223398,-0.005371,"(-0.007824, -0.000027, -3.597710)",LeftFalse_RightFalse,False,"(-3.5026791095733643, -0.004041728097945452, -1.610717535018921)","(359.9612121582031, 75.80457305908203, 359.83282470703125)",0.290192,-0.443081,"(2.046923, -0.000005, 0.864574)",LeftTrue_RightFalse
21.757202,0.021769,"(-0.5621016025543213, 1.2160463333129883, -18.320476531982422)","(1.8917596340179443, 174.6396942138672, 354.6448974609375)","(1.484790563583374, 0.6885091066360474, -18.31993865966797)","(359.9931640625, 103.02537536621094, 0.008551088161766529)","(-0.9212449193000793, -0.0041277529671788216, -18.156112670898438)","(359.9901428222656, 180.1999969482422, -0.00475597707554698)",0.252535,-0.005371,"(-0.007004, -0.000068, -3.595544)",LeftFalse_RightFalse,False,"(-3.4133448600769043, -0.004041824955493212, -1.5721046924591064)","(359.9617004394531, 75.11634063720703, 359.82684326171875)",0.294085,-0.453371,"(2.044205, -0.000006, 0.900437)",LeftTrue_RightFalse
21.799438,0.02149,"(-0.5622471570968628, 1.216044545173645, -18.471603393554688)","(1.9195793867111206, 174.67918395996094, 354.64910888671875)","(1.4845527410507202, 0.6885208487510681, -18.471115112304688)","(359.9919738769531, 103.01216888427734, 0.013702795840799809)","(-0.9215203523635864, -0.00413154624402523, -18.307907104492188)","(359.98486328125, 180.18679809570312, -0.004786770325154066)",0.273159,-0.005371,"(-0.006197, -0.000104, -3.596862)",LeftFalse_RightFalse,False,"(-3.3271753787994385, -0.004042035900056362, -1.5331779718399048)","(359.96209716796875, 74.42911529541016, 359.82135009765625)",0.290249,-0.461957,"(2.041187, -0.000007, 0.936605)",LeftTrue_RightFalse
21.841675,0.021342,"(-0.562299370765686, 1.216046929359436, -18.62291717529297)","(1.9226601123809814, 174.72982788085938, 354.65277099609375)","(1.4843504428863525, 0.6885320544242859, -18.62270164489746)","(359.9906921386719, 102.99889373779297, 0.019214559346437454)","(-0.921760618686676, -0.004136648494750261, -18.460121154785156)","(359.97918701171875, 180.1735076904297, -0.0048075830563902855)",0.292921,-0.005371,"(-0.005397, -0.000135, -3.600757)",LeftFalse_RightFalse,False,"(-3.2409911155700684, -0.0040421863086521626, -1.4925856590270996)","(359.9624938964844, 73.72062683105469, 359.8163757324219)",0.292539,-0.469703,"(2.037665, -0.000006, 0.972272)",LeftTrue_RightFalse
21.884277,0.021297,"(-0.5622800588607788, 1.216051459312439, -18.775545120239258)","(1.9158358573913574, 174.7608184814453, 354.6605224609375)","(1.4841818809509277, 0.688541829586029, -18.775745391845703)","(359.9893798828125, 102.98544311523438, 0.02485351264476776)","(-0.9219669699668884, -0.004143215715885162, -18.613798141479492)","(359.9734191894531, 180.16006469726562, -0.0048239948228001595)",0.309644,-0.005371,"(-0.004601, -0.000159, -3.607042)",LeftFalse_RightFalse,False,"(-3.1542856693267822, -0.004042414482682943, -1.4500648975372314)","(359.9627990722656, 72.98818969726562, 359.81195068359375)",0.292705,-0.476195,"(2.033794, -0.000009, 1.007983)",LeftTrue_RightFalse
21.927734,0.021461,"(-0.5622955560684204, 1.2160568237304688, -18.931692123413086)","(1.903584361076355, 174.81167602539062, 354.7150573730469)","(1.4840483665466309, 0.6885507106781006, -18.931983947753906)","(359.98809814453125, 102.97169494628906, 0.03043399192392826)","(-0.9221391677856445, -0.0041504292748868465, -18.77068328857422)","(359.9676818847656, 180.1463165283203, -0.00483826594427228)",0.325848,-0.005371,"(-0.003409, -0.000174, -3.619366)",LeftFalse_RightFalse,False,"(-3.066164016723633, -0.004042767453938723, -1.4050909280776978)","(359.9630432128906, 72.22592163085938, 359.8083801269531)",0.287836,-0.481498,"(2.026725, -0.000011, 1.058575)",LeftTrue_RightFalse
21.987427,0.020733,"(-0.5622062683105469, 1.2160637378692627, -19.147157669067383)","(1.8109396696090698, 174.9126434326172, 354.8174743652344)","(1.4839253425598145, 0.6885609030723572, -19.14777374267578)","(359.9864807128906, 102.95266723632812, 0.03755011036992073)","(-0.9223155379295349, -0.0041608852334320545, -18.987361907958984)","(359.96038818359375, 180.12728881835938, -0.00485821720212698)",0.346228,-0.005371,"(-0.002209, -0.000178, -3.635344)",LeftFalse_RightFalse,False,"(-2.945253849029541, -0.004043251276016235, -1.3406403064727783)","(359.9635925292969, 71.15713500976562, 359.80499267578125)",0.28667,-0.48673,"(2.019386, -0.000009, 1.110199)",LeftTrue_RightFalse
22.027588,0.020512,"(-0.5617226958274841, 1.216067910194397, -19.292564392089844)","(1.7748748064041138, 174.9534454345703, 354.8872375488281)","(1.4838827848434448, 0.6885665655136108, -19.293394088745117)","(359.9854431152344, 102.9398193359375, 0.04194400832056999)","(-0.9223936796188354, -0.004168032668530941, -19.133575439453125)","(359.95587158203125, 180.11444091796875, -0.004873932804912329)",0.358099,-0.005371,"(-0.001403, -0.000172, -3.648003)",LeftFalse_RightFalse,False,"(-2.864229679107666, -0.004043665714561939, -1.2955963611602783)","(359.96380615234375, 70.42575073242188, 359.80303955078125)",0.289277,-0.488851,"(2.013878, -0.000010, 1.143997)",LeftTrue_RightFalse
22.069092,0.020574,"(-0.5613869428634644, 1.2160718441009521, -19.44343376159668)","(1.7535141706466675, 174.9822540283203, 354.9453125)","(1.483873963356018, 0.6885719895362854, -19.44424057006836)","(359.9844665527344, 102.92648315429688, 0.04614417999982834)","(-0.9224399328231812, -0.004175102338194847, -19.2850341796875)","(359.9515686035156, 180.1011199951172, -0.004894888028502464)",0.367714,-0.005371,"(-0.000589, -0.000165, -3.662024)",LeftFalse_RightFalse,False,"(-2.78084135055542, -0.004044168628752232, -1.247677206993103)","(359.9639892578125, 69.66190338134766, 359.8013916015625)",0.288825,-0.4901,"(2.008392, -0.000012, 1.177643)",LeftTrue_RightFalse
22.12915,0.020328,"(-0.5610536336898804, 1.216077208518982, -19.663488388061523)","(1.7928533554077148, 175.04551696777344, 355.0436706542969)","(1.4839222431182861, 0.6885791420936584, -19.66399383544922)","(359.9831848144531, 102.90705108642578, 0.05162109434604645)","(-0.9224448204040527, -0.0041846525855362415, -19.505672454833984)","(359.9459228515625, 180.08168029785156, -0.004928991664201021)",0.378823,-0.005371,"(0.000646, -0.000154, -3.685016)",LeftFalse_RightFalse,False,"(-2.660400152206421, -0.00404492300003767, -1.1756901741027832)","(359.964111328125, 68.54161071777344, 359.7997131347656)",0.288255,-0.489785,"(1.999698, -0.000018, 1.227085)",LeftTrue_RightFalse
22.171631,0.020636,"(-0.5608609914779663, 1.2160804271697998, -19.820005416870117)","(1.7867603302001953, 175.04605102539062, 355.0815734863281)","(1.4840024709701538, 0.6885835528373718, -19.820186614990234)","(359.9823913574219, 102.89321899414062, 0.055040981620550156)","(-0.9224029779434204, -0.004190981388092041, -19.662487030029297)","(359.9424133300781, 180.06785583496094, -0.004957993980497122)",0.384501,-0.005371,"(0.001481, -0.000144, -3.701336)",LeftFalse_RightFalse,False,"(-2.5755813121795654, -0.0040458012372255325, -1.123018741607666)","(359.964111328125, 67.74291229248047, 359.799072265625)",0.288773,-0.488123,"(1.994013, -0.000019, 1.259477)",LeftTrue_RightFalse
22.212036,0.020449,"(-0.5606834888458252, 1.2160828113555908, -19.96950912475586)","(1.773413062095642, 175.01356506347656, 355.1105041503906)","(1.4841127395629883, 0.6885873675346375, -19.96932601928711)","(359.981689453125, 102.8800048828125, 0.057947851717472076)","(-0.9223282337188721, -0.004196551162749529, -19.812217712402344)","(359.9394226074219, 180.0546417236328, -0.004988584667444229)",0.3891,-0.005371,"(0.002326, -0.000134, -3.718250)",LeftFalse_RightFalse,False,"(-2.4951977729797363, -0.004046579822897911, -1.0716230869293213)","(359.9640197753906, 66.98057556152344, 359.79888916015625)",0.285322,-0.485467,"(1.988390, -0.000021, 1.291187)",LeftTrue_RightFalse
22.254272,0.020716,"(-0.5600982904434204, 1.2160850763320923, -20.126811981201172)","(1.7777221202850342, 174.94215393066406, 355.1763000488281)","(1.484265685081482, 0.6885907649993896, -20.12612533569336)","(359.9810485839844, 102.86612701416016, 0.06063917279243469)","(-0.9222129583358765, -0.0042020701803267, -19.969633102416992)","(359.9366760253906, 180.04075622558594, -0.00502290204167366)",0.392825,-0.005371,"(0.003183, -0.000126, -3.735624)",LeftFalse_RightFalse,False,"(-2.411336898803711, -0.004047488793730736, -1.0164811611175537)","(359.9638671875, 66.18161010742188, 359.79925537109375)",0.289404,-0.481657,"(1.982680, -0.000024, 1.322121)",LeftTrue_RightFalse
22.296509,0.020822,"(-0.5596380233764648, 1.2160871028900146, -20.284940719604492)","(1.794043779373169, 174.8818359375, 355.21734619140625)","(1.4844576120376587, 0.6885936856269836, -20.283756256103516)","(359.98046875, 102.85214233398438, 0.06299087405204773)","(-0.922059178352356, -0.00420718640089035, -20.127880096435547)","(359.9342346191406, 180.0267791748047, -0.005059541668742895)",0.395446,-0.005371,"(0.004051, -0.000114, -3.753351)",LeftFalse_RightFalse,False,"(-2.327688455581665, -0.004048630129545927, -0.9599559307098389)","(359.9636535644531, 65.38284301757812, 359.8000793457031)",0.284786,-0.476839,"(1.977528, -0.000027, 1.352607)",LeftTrue_RightFalse
22.33728,0.020674,"(-0.5592538118362427, 1.2160884141921997, -20.43842124938965)","(1.7980408668518066, 174.83029174804688, 355.2293395996094)","(1.4846793413162231, 0.6885963082313538, -20.436756134033203)","(359.97998046875, 102.83857727050781, 0.06495540589094162)","(-0.9218736886978149, -0.004211617633700371, -20.281475067138672)","(359.9322204589844, 180.0132293701172, -0.005096584092825651)",0.396061,-0.005371,"(0.004930, -0.000105, -3.771258)",LeftFalse_RightFalse,False,"(-2.247115135192871, -0.0040497686713933945, -0.9040948152542114)","(359.9633483886719, 64.61372375488281, 359.8013916015625)",0.284996,-0.471166,"(1.972232, -0.000029, 1.382069)",LeftTrue_RightFalse
22.37854,0.02062,"(-0.5588884949684143, 1.2160893678665161, -20.594125747680664)","(1.8207794427871704, 174.81893920898438, 355.20343017578125)","(1.484940767288208, 0.6885984539985657, -20.591978073120117)","(359.97955322265625, 102.82482147216797, 0.06663937866687775)","(-0.9216489791870117, -0.004215751774609089, -20.43729591369629)","(359.93048095703125, 179.9994659423828, -0.00513610802590847)",0.395806,-0.005371,"(0.005821, -0.000096, -3.789124)",LeftFalse_RightFalse,False,"(-2.165984869003296, -0.004051005933433771, -0.8464739918708801)","(359.9630126953125, 63.84135437011719, 359.80316162109375)",0.283028,-0.464465,"(1.967295, -0.000033, 1.410905)",LeftTrue_RightFalse
22.422241,0.021055,"(-0.558501124382019, 1.2160896062850952, -20.760011672973633)","(1.8501886129379272, 174.8138885498047, 355.1753845214844)","(1.4852592945098877, 0.6886004209518433, -20.757349014282227)","(359.97918701171875, 102.81015014648438, 0.06810586154460907)","(-0.9213694930076599, -0.004219736438244581, -20.603302001953125)","(359.9289855957031, 179.98480224609375, -0.005179314874112606)",0.392584,-0.005371,"(0.006723, -0.000087, -3.806777)",LeftFalse_RightFalse,False,"(-2.0801916122436523, -0.004052582196891308, -0.7840893864631653)","(359.96258544921875, 63.02893829345703, 359.8055419921875)",0.28567,-0.456367,"(1.962656, -0.000035, 1.438884)",LeftTrue_RightFalse
22.481812,0.020539,"(-0.5579431056976318, 1.2160894870758057, -20.98754119873047)","(1.8910471200942993, 174.79751586914062, 355.14251708984375)","(1.4857635498046875, 0.6886023879051208, -20.98417091369629)","(359.9787902832031, 102.79004669189453, 0.06953178346157074)","(-0.9209177494049072, -0.0042242612689733505, -20.83098602294922)","(359.927490234375, 179.9646759033203, -0.005239670630544424)",0.378577,-0.005371,"(0.008094, -0.000075, -3.832035)",LeftFalse_RightFalse,False,"(-1.9635446071624756, -0.004054741933941841, -0.6969113945960999)","(359.9619445800781, 61.935882568359375, 359.8095703125)",0.282588,-0.448711,"(1.955952, -0.000035, 1.479182)",LeftTrue_RightFalse
22.523682,0.02066,"(-0.5575183629989624, 1.2160886526107788, -21.14834213256836)","(1.8931604623794556, 174.7605438232422, 355.11737060546875)","(1.4861674308776855, 0.6886028051376343, -21.144468307495117)","(359.9786376953125, 102.77583312988281, 0.0700518935918808)","(-0.9205517172813416, -0.004227067809551954, -20.991886138916016)","(359.92694091796875, 179.95046997070312, -0.005280533339828253)",0.360017,-0.005371,"(0.009015, -0.000062, -3.846991)",LeftFalse_RightFalse,False,"(-1.8818600177764893, -0.004056327510625124, -0.6341492533683777)","(359.96160888671875, 61.17424774169922, 359.8114318847656)",0.281967,-0.450708,"(1.948415, -0.000035, 1.508456)",LeftTrue_RightFalse
22.58374,0.020367,"(-0.5568500757217407, 1.2160849571228027, -21.380226135253906)","(1.8507622480392456, 174.70541381835938, 355.09783935546875)","(1.486817717552185, 0.6886010766029358, -21.37561798095703)","(359.9786376953125, 102.75537872314453, 0.06975448131561279)","(-0.9199551343917847, -0.004230101592838764, -21.223892211914062)","(359.92724609375, 179.9300079345703, -0.005331436172127724)",0.304335,-0.005371,"(0.010395, -0.000037, -3.863775)",LeftFalse_RightFalse,False,"(-1.7652913331985474, -0.004058125428855419, -0.5416678786277771)","(359.9614562988281, 60.0783576965332, 359.811279296875)",0.283775,-0.448154,"(1.933889, -0.000030, 1.554058)",LeftTrue_RightFalse
22.626587,0.02074,"(-0.5563292503356934, 1.2160810232162476, -21.545673370361328)","(1.7878997325897217, 174.68894958496094, 355.12408447265625)","(1.4873311519622803, 0.688598096370697, -21.5405330657959)","(359.9789123535156, 102.74080657958984, 0.06849511712789536)","(-0.9194802641868591, -0.004230824299156666, -21.389404296875)","(359.92852783203125, 179.9154510498047, -0.005360117647796869)",0.249011,-0.005371,"(0.011757, -0.000001, -3.871119)",LeftFalse_RightFalse,False,"(-1.682893991470337, -0.004059340804815292, -0.47417640686035156)","(359.96142578125, 59.296993255615234, 359.810302734375)",0.279428,-0.444896,"(1.917471, -0.000023, 1.598253)",LeftTrue_RightFalse
22.684937,0.020079,"(-0.5555564761161804, 1.2162928581237793, -21.771625518798828)","(1.6553808450698853, 174.65457153320312, 355.19952392578125)","(1.4880967140197754, 0.6885908842086792, -21.7657470703125)","(359.9796447753906, 102.720947265625, 0.06516341120004654)","(-0.9187663197517395, -0.004229795187711716, -21.61540985107422)","(359.93194580078125, 179.89559936523438, -0.005384298041462898)",0.181529,-0.005371,"(0.013073, 0.000054, -3.865324)",LeftFalse_RightFalse,False,"(-1.571253776550293, -0.004060396458953619, -0.3799397647380829)","(359.9616394042969, 58.231475830078125, 359.8091735839844)",0.274759,-0.438614,"(1.902176, -0.000020, 1.642300)",LeftTrue_RightFalse
22.726196,0.020287,"(-0.5549668669700623, 1.216630220413208, -21.930883407592773)","(1.5400795936584473, 174.6260986328125, 355.2613525390625)","(1.4886829853057861, 0.688583493232727, -21.92447280883789)","(359.98046875, 102.7070083618164, 0.06148049980401993)","(-0.9182172417640686, -0.0042272210121154785, -21.774675369262695)","(359.93572998046875, 179.88165283203125, -0.005389647092670202)",0.147038,-0.005371,"(0.013925, 0.000095, -3.854669)",LeftFalse_RightFalse,False,"(-1.4929460287094116, -0.004061250016093254, -0.31189125776290894)","(359.961669921875, 57.48147201538086, 359.80877685546875)",0.281464,-0.439638,"(1.891754, -0.000020, 1.670649)",LeftTrue_RightFalse
22.766357,0.020174,"(-0.554277241230011, 1.2168338298797607, -22.085098266601562)","(1.44647216796875, 174.60792541503906, 355.3068542480469)","(1.4892863035202026, 0.6885753870010376, -22.078529357910156)","(359.98150634765625, 102.69352722167969, 0.057021189481019974)","(-0.917648434638977, -0.004222777206450701, -21.929244995117188)","(359.9403076171875, 179.8681640625, -0.005384349729865789)",0.119101,-0.005371,"(0.014756, 0.000135, -3.839828)",LeftFalse_RightFalse,False,"(-1.4171621799468994, -0.004062035121023655, -0.24446123838424683)","(359.961669921875, 56.752559661865234, 359.8082275390625)",0.279084,-0.443919,"(1.877863, -0.000017, 1.701745)",LeftTrue_RightFalse
22.827026,0.020213,"(-0.5532262325286865, 1.2173811197280884, -22.317155838012695)","(1.25560462474823, 174.6251678466797, 355.3553161621094)","(1.490262746810913, 0.6885620355606079, -22.31011199951172)","(359.9833068847656, 102.67329406738281, 0.049211762845516205)","(-0.9167258739471436, -0.004213659558445215, -22.161579132080078)","(359.94830322265625, 179.8479461669922, -0.0053634727373719215)",0.086825,-0.005371,"(0.015968, 0.000187, -3.811520)",LeftFalse_RightFalse,False,"(-1.3037770986557007, -0.004063072148710489, -0.14013493061065674)","(359.9619140625, 55.640750885009766, 359.8047790527344)",0.28406,-0.445371,"(1.854496, -0.000017, 1.749294)",LeftTrue_RightFalse
22.867798,0.020242,"(-0.5522552132606506, 1.2176834344863892, -22.471858978271484)","(1.1186660528182983, 174.6595916748047, 355.3854675292969)","(1.4909577369689941, 0.6885536313056946, -22.464557647705078)","(359.9845886230469, 102.65985107421875, 0.043644245713949203)","(-0.9160652756690979, -0.004205567762255669, -22.31652069091797)","(359.9540100097656, 179.83448791503906, -0.0053411624394357204)",0.070328,-0.005371,"(0.016751, 0.000211, -3.789572)",LeftFalse_RightFalse,False,"(-1.2284653186798096, -0.004063627682626247, -0.06845653057098389)","(359.96209716796875, 54.88711166381836, 359.8018798828125)",0.282729,-0.444849,"(1.838904, -0.000016, 1.780766)",LeftTrue_RightFalse
22.908691,0.020349,"(-0.551135778427124, 1.2178739309310913, -22.62649154663086)","(0.9824835658073425, 174.69293212890625, 355.4339904785156)","(1.4916901588439941, 0.6885457634925842, -22.618967056274414)","(359.98590087890625, 102.64642333984375, 0.0380585640668869)","(-0.9153682589530945, -0.004196735564619303, -22.471426010131836)","(359.9597473144531, 179.82106018066406, -0.005313290748745203)",0.056966,-0.005371,"(0.017514, 0.000224, -3.765763)",LeftFalse_RightFalse,False,"(-1.1533640623092651, -0.004064155742526054, 0.0049489401280879974)","(359.96221923828125, 54.12481689453125, 359.7992248535156)",0.284948,-0.443144,"(1.823343, -0.000013, 1.811544)",LeftTrue_RightFalse
22.950073,0.02048,"(-0.5501160621643066, 1.2179938554763794, -22.781845092773438)","(0.8560518026351929, 174.73782348632812, 355.479248046875)","(1.4924618005752563, 0.6885386109352112, -22.773984909057617)","(359.9871520996094, 102.6329574584961, 0.03261613845825195)","(-0.914631724357605, -0.00418736832216382, -22.626941680908203)","(359.9653625488281, 179.80758666992188, -0.005278122145682573)",0.046142,-0.005371,"(0.018256, 0.000233, -3.740500)",LeftFalse_RightFalse,False,"(-1.0781197547912598, -0.004064799286425114, 0.08043882995843887)","(359.9622497558594, 53.35200500488281, 359.7970886230469)",0.284196,-0.444817,"(1.808122, -0.000016, 1.841887)",LeftTrue_RightFalse
22.992554,0.020745,"(-0.5490415692329407, 1.2180696725845337, -22.93963623046875)","(0.7401915192604065, 174.7809295654297, 355.4924011230469)","(1.4932856559753418, 0.6885321736335754, -22.93177032470703)","(359.9884033203125, 102.61927795410156, 0.027388796210289)","(-0.9138439297676086, -0.0041774422861635685, -22.785236358642578)","(359.970703125, 179.7938995361328, -0.00523625360801816)",0.037375,-0.005371,"(0.018978, 0.000232, -3.714111)",LeftFalse_RightFalse,False,"(-1.0017036199569702, -0.004065429326146841, 0.15920326113700867)","(359.9623107910156, 52.556575775146484, 359.794921875)",0.286827,-0.449495,"(1.789681, -0.000017, 1.873732)",LeftTrue_RightFalse
23.033569,0.020658,"(-0.5480654835700989, 1.21848726272583, -23.09095573425293)","(0.6582608819007874, 174.79132080078125, 355.4839172363281)","(1.494109869003296, 0.6885268092155457, -23.082895278930664)","(359.989501953125, 102.6061782836914, 0.0227663554251194)","(-0.9130534529685974, -0.004168021026998758, -22.93685531616211)","(359.9754638671875, 179.7808074951172, -0.005191036034375429)",0.030274,-0.005371,"(0.019680, 0.000226, -3.686863)",LeftFalse_RightFalse,False,"(-0.9287828207015991, -0.004065987654030323, 0.23658744990825653)","(359.96240234375, 51.781314849853516, 359.7918701171875)",0.287816,-0.451142,"(1.769951, -0.000018, 1.906106)",LeftTrue_RightFalse
23.074829,0.020652,"(-0.5470626354217529, 1.218752384185791, -23.241992950439453)","(0.5799845457077026, 174.80056762695312, 355.4665832519531)","(1.4949696063995361, 0.6885221600532532, -23.23383903503418)","(359.9905090332031, 102.59310150146484, 0.01857886090874672)","(-0.9122285842895508, -0.004158909432590008, -23.088294982910156)","(359.9797668457031, 179.7677459716797, -0.005140769761055708)",-0.007216,-0.005219,"(0.020360, 0.000215, -3.658971)",LeftFalse_RightFalse,False,"(-0.8562273979187012, -0.004066694527864456, 0.3158387243747711)","(359.9625549316406, 50.99363327026367, 359.7886047363281)",0.288262,-0.451496,"(1.750135, -0.000017, 1.938092)",LeftTrue_RightFalse
23.115479,0.020491,"(-0.5460634231567383, 1.218915581703186, -23.389785766601562)","(0.5175074338912964, 174.8220672607422, 355.4266052246094)","(1.4958418607711792, 0.688515305519104, -23.381553649902344)","(359.9915466308594, 102.5804214477539, 0.014290238730609417)","(-0.9113894701004028, -0.00415025744587183, -23.23649024963379)","(359.98419189453125, 179.7550506591797, -0.005057421512901783)",-0.095204,-0.005035,"(0.020843, 0.000215, -3.617896)",LeftFalse_RightFalse,False,"(-0.7853987216949463, -0.004067293368279934, 0.3954223394393921)","(359.962646484375, 50.210140228271484, 359.78570556640625)",0.28537,-0.450562,"(1.730550, -0.000016, 1.969603)",LeftTrue_RightFalse
23.159424,0.02106,"(-0.5450217127799988, 1.2190171480178833, -23.546728134155273)","(0.47732847929000854, 174.87677001953125, 355.3292541503906)","(1.496795654296875, 0.6884974241256714, -23.538238525390625)","(359.99346923828125, 102.56729125976562, 0.006750684697180986)","(-0.9104709625244141, -0.004139652941375971, -23.393632888793945)","(359.9919738769531, 179.74192810058594, -0.004879500716924667)",-0.194223,-0.004517,"(0.020988, 0.000269, -3.549307)",LeftFalse_RightFalse,False,"(-0.7099418044090271, -0.004067990928888321, 0.4826425015926361)","(359.9626770019531, 49.36166763305664, 359.78326416015625)",0.291986,-0.450638,"(1.711149, -0.000018, 2.000208)",LeftTrue_RightFalse
23.202148,0.021174,"(-0.5439550876617432, 1.2190628051757812, -23.695478439331055)","(0.4564579725265503, 174.9318389892578, 355.2538757324219)","(1.4977198839187622, 0.6884640455245972, -23.687015533447266)","(-0.0034063681960105896, 102.55557250976562, -0.0055860672146081924)","(-0.9095813035964966, -0.004125064704567194, -23.542747497558594)","(0.004690554458647966, 179.73019409179688, -0.0045613800175487995)",-0.276626,-0.003876,"(0.020729, 0.000385, -3.449382)",LeftFalse_RightFalse,False,"(-0.6373388171195984, -0.0040688044391572475, 0.569106936454773)","(359.96270751953125, 48.52976989746094, 359.78082275390625)",0.289,-0.462052,"(1.689092, -0.000019, 2.032244)",LeftTrue_RightFalse
23.244629,0.021174,"(-0.5429719686508179, 1.2190742492675781, -23.838205337524414)","(0.43663132190704346, 175.00369262695312, 355.1965026855469)","(1.4986119270324707, 0.6884176135063171, -23.829557418823242)","(0.0010229776380583644, 102.54535675048828, 359.97698974609375)","(-0.9087212681770325, -0.004103807266801596, -23.685501098632812)","(0.02266324684023857, 179.71998596191406, -0.004110367503017187)",-0.298953,-0.00354,"(0.019902, 0.000626, -3.263344)",LeftFalse_RightFalse,False,"(-0.5664383769035339, -0.004069478251039982, 0.656463623046875)","(359.96295166015625, 47.690067291259766, 359.7763366699219)",0.264815,-0.468688,"(1.648911, -0.000017, 2.082776)",LeftTrue_RightFalse
23.28894,0.021513,"(-0.5419166088104248, 1.2190698385238647, -23.980363845825195)","(0.3847099244594574, 175.08421325683594, 355.16082763671875)","(1.4995113611221313, 0.6883686184883118, -23.971832275390625)","(0.006266445387154818, 102.53606414794922, 359.95611572265625)","(-0.907852053642273, -0.004074083641171455, -23.82790756225586)","(0.04418497905135155, 179.710693359375, -0.003632374107837677)",-0.316828,-0.003418,"(0.019378, 0.000754, -3.136131)",LeftFalse_RightFalse,False,"(-0.4939437210559845, -0.004069879651069641, 0.7490482330322266)","(359.96337890625, 46.80131149291992, 359.7712707519531)",0.300397,-0.473883,"(1.620626, -0.000011, 2.114525)",LeftTrue_RightFalse
23.331543,0.021426,"(-0.5411932468414307, 1.2190600633621216, -24.111572265625)","(0.33432263135910034, 175.14102172851562, 355.14117431640625)","(1.5003504753112793, 0.6883271932601929, -24.10298728942871)","(0.011368224397301674, 102.5280990600586, 359.9355773925781)","(-0.9070391654968262, -0.004040307365357876, -23.95914077758789)","(0.06532854586839676, 179.70272827148438, -0.003213603515177965)",-0.385912,-0.003418,"(0.018802, 0.000841, -2.998562)",LeftFalse_RightFalse,False,"(-0.42540714144706726, -0.004070242866873741, 0.8397245407104492)","(359.9638671875, 45.932037353515625, 359.76611328125)",0.292414,-0.477236,"(1.592494, -0.000006, 2.148163)",LeftTrue_RightFalse
23.372314,0.021048,"(-0.5406043529510498, 1.2190462350845337, -24.231002807617188)","(0.31709784269332886, 175.20082092285156, 355.051513671875)","(1.501126766204834, 0.6882900595664978, -24.22245979309082)","(0.016436493024230003, 102.52117919921875, 359.9149169921875)","(-0.9062864780426025, -0.004004509653896093, -24.07864761352539)","(0.08661971241235733, 179.69581604003906, -0.002862793393433094)",-0.482458,-0.003418,"(0.018104, 0.000921, -2.838199)",LeftFalse_RightFalse,False,"(-0.36094266176223755, -0.004070291295647621, 0.927997350692749)","(359.9642333984375, 45.087669372558594, 359.7613830566406)",0.293505,-0.479016,"(1.564112, -0.000009, 2.180609)",LeftTrue_RightFalse
23.415894,0.02131,"(-0.5399014949798584, 1.2190252542495728, -24.350364685058594)","(0.34561026096343994, 175.24331665039062, 354.9628601074219)","(1.5019153356552124, 0.6882491707801819, -24.341846466064453)","(0.02238783985376358, 102.51445007324219, 359.8902587890625)","(-0.9055205583572388, -0.003962157294154167, -24.198009490966797)","(0.11197725683450699, 179.68910217285156, -0.0025320767890661955)",-0.56966,-0.003418,"(0.017190, 0.001018, -2.647990)",LeftFalse_RightFalse,False,"(-0.29354408383369446, -0.004070647060871124, 1.0235562324523926)","(359.96453857421875, 44.177391052246094, 359.75689697265625)",0.296599,-0.487431,"(1.534753, -0.000009, 2.213004)",LeftTrue_RightFalse
23.45813,0.021241,"(-0.5392326712608337, 1.2189983129501343, -24.457347869873047)","(0.4037661850452423, 175.3074188232422, 354.8496398925781)","(1.5026330947875977, 0.688205897808075, -24.44865608215332)","(0.028897814452648163, 102.50852966308594, 359.8630065917969)","(-0.904822826385498, -0.00391607079654932, -24.304729461669922)","(0.13998490571975708, 179.68319702148438, -0.002231743186712265)",-0.597867,-0.003418,"(0.016066, 0.001131, -2.432497)",LeftFalse_RightFalse,False,"(-0.22948473691940308, -0.004070790018886328, 1.1178631782531738)","(359.96490478515625, 43.2798957824707, 359.7520446777344)",0.298501,-0.491924,"(1.502372, -0.000007, 2.246137)",LeftTrue_RightFalse
23.52063,0.021155,"(-0.5383073687553406, 1.2189584970474243, -24.59798812866211)","(0.47645899653434753, 175.36627197265625, 354.7293701171875)","(1.5035958290100098, 0.6881451606750488, -24.5888671875)","(0.03893010690808296, 102.5008316040039, 359.82086181640625)","(-0.9038875102996826, -0.0038398513570427895, -24.444740295410156)","(0.18331600725650787, 179.67552185058594, -0.00180746428668499)",-0.598864,-0.003418,"(0.014239, 0.001247, -2.103505)",LeftFalse_RightFalse,False,"(-0.13733366131782532, -0.0040712240152060986, 1.2601193189620972)","(359.96539306640625, 41.92729949951172, 359.744873046875)",0.301399,-0.495524,"(1.453623, -0.000011, 2.294712)",LeftTrue_RightFalse
23.562134,0.020985,"(-0.5377497673034668, 1.2189384698867798, -24.67959213256836)","(0.5020332932472229, 175.38255310058594, 354.6359558105469)","(1.5041651725769043, 0.6881129741668701, -24.67015838623047)","(0.0450812391936779, 102.49639129638672, 359.7950744628906)","(-0.9033343195915222, -0.003787517547607422, -24.525896072387695)","(0.20983074605464935, 179.6710968017578, -0.0015352858463302255)",-0.60328,-0.003418,"(0.012959, 0.001245, -1.886244)",LeftFalse_RightFalse,False,"(-0.07792619615793228, -0.00407157139852643, 1.3562333583831787)","(359.96563720703125, 41.01728439331055, 359.74090576171875)",0.297441,-0.495866,"(1.421545, -0.000011, 2.326481)",LeftTrue_RightFalse
23.60376,0.020893,"(-0.5374443531036377, 1.218923807144165, -24.751903533935547)","(0.5199370384216309, 175.4027862548828, 354.5125732421875)","(1.5046768188476562, 0.6880866289138794, -24.74220848083496)","(0.050675373524427414, 102.49246215820312, 359.7716979980469)","(-0.9028370976448059, -0.0037362086586654186, -24.597820281982422)","(0.2338441014289856, 179.6671905517578, -0.0012648593401536345)",-0.736506,-0.003418,"(0.011581, 0.001203, -1.663361)",LeftFalse_RightFalse,False,"(-0.019718730822205544, -0.004072030074894428, 1.453960657119751)","(359.96575927734375, 40.09774398803711, 359.7378234863281)",0.297707,-0.501095,"(1.389691, -0.000013, 2.357259)",LeftTrue_RightFalse
23.647217,0.021183,"(-0.5372987985610962, 1.2189034223556519, -24.815593719482422)","(0.5587797164916992, 175.42617797851562, 354.3980712890625)","(1.5051335096359253, 0.6880537867546082, -24.805641174316406)","(0.056769710034132004, 102.48902130126953, 359.74627685546875)","(-0.9023944139480591, -0.003684234106913209, -24.661081314086914)","(0.25999414920806885, 179.6637725830078, -0.0009678399655967951)",-0.89719,-0.003418,"(0.008909, 0.001186, -1.258107)",LeftFalse_RightFalse,False,"(0.03938387334346771, -0.004072600044310093, 1.5573341846466064)","(359.9659729003906, 39.1288948059082, 359.73443603515625)",0.296949,-0.509897,"(1.335452, -0.000012, 2.402452)",LeftTrue_RightFalse
23.689453,0.021133,"(-0.5371283292770386, 1.218873143196106, -24.864521026611328)","(0.6351673603057861, 175.433349609375, 354.2642822265625)","(1.5054880380630493, 0.6880108118057251, -24.854265213012695)","(0.06359906494617462, 102.48638153076172, 359.7176818847656)","(-0.9020525217056274, -0.003632543608546257, -24.70945930480957)","(0.2893887162208557, 179.66116333007812, -0.0006556458538398147)",-0.88986,-0.003418,"(0.006789, 0.001243, -0.949264)",LeftFalse_RightFalse,False,"(0.09516618400812149, -0.004072903655469418, 1.6592527627944946)","(359.96649169921875, 38.17392349243164, 359.7303161621094)",0.303663,-0.514765,"(1.296239, -0.000010, 2.433569)",LeftTrue_RightFalse
23.730713,0.020965,"(-0.536903977394104, 1.2188433408737183, -24.898828506469727)","(0.7098211646080017, 175.43026733398438, 354.1523132324219)","(1.5057417154312134, 0.687966525554657, -24.88863182067871)","(0.07063227146863937, 102.48453521728516, 359.6882019042969)","(-0.901809811592102, -0.0035795196890830994, -24.74353790283203)","(0.31970417499542236, 179.6593475341797, -0.00034401280572637916)",-0.883169,-0.003418,"(0.004655, 0.001270, -0.644932)",LeftFalse_RightFalse,False,"(0.1479710042476654, -0.004073057323694229, 1.760150671005249)","(359.9669494628906, 37.22686767578125, 359.7255859375)",0.301476,-0.517754,"(1.256868, -0.000008, 2.464189)",LeftTrue_RightFalse
23.772705,0.020944,"(-0.5367587804794312, 1.2188165187835693, -24.920656204223633)","(0.7947712540626526, 175.40235900878906, 354.1009216308594)","(1.5059033632278442, 0.6879262924194336, -24.910409927368164)","(0.0774000808596611, 102.48336029052734, 359.65985107421875)","(-0.9016560316085815, -0.003525756299495697, -24.765010833740234)","(0.34885188937187195, 179.65821838378906, -3.869265128741972e-05)",-0.876996,-0.003418,"(0.002518, 0.001237, -0.345375)",LeftFalse_RightFalse,False,"(0.1999511420726776, -0.004073202610015869, 1.864065408706665)","(359.9673767089844, 36.25178527832031, 359.72100830078125)",0.302589,-0.519028,"(1.217703, -0.000008, 2.494014)",LeftTrue_RightFalse
23.814819,0.020941,"(-0.5366915464401245, 1.2188096046447754, -24.930824279785156)","(0.829089879989624, 175.37689208984375, 354.09674072265625)","(1.5059810876846313, 0.687908411026001, -24.9205322265625)","(0.0822090357542038, 102.48283386230469, 359.639892578125)","(-0.9015847444534302, -0.0034755035303533077, -24.774906158447266)","(0.3693801462650299, 179.65771484375, 0.0002199345180997625)",-0.871995,-0.003418,"(0.001408, 0.001055, -0.190596)",LeftFalse_RightFalse,False,"(0.2504202127456665, -0.0040733530186116695, 1.9696911573410034)","(359.9676818847656, 35.26335144042969, 359.7171630859375)",0.301477,-0.524527,"(1.178941, -0.000009, 2.523130)",LeftTrue_RightFalse
23.856567,0.02093,"(-0.5366814136505127, 1.2188196182250977, -24.932790756225586)","(0.809647262096405, 175.3603973388672, 354.1011657714844)","(1.5059959888458252, 0.687906801700592, -24.922481536865234)","(0.08436686545610428, 102.481689453125, 359.6317138671875)","(-0.901576817035675, -0.0034411936067044735, -24.77680206298828)","(0.3778137266635895, 179.65658569335938, 0.0005130493664182723)",-0.869095,-0.003418,"(-0.000053, 0.000783, 0.000440)",LeftFalse_RightFalse,False,"(0.2986393868923187, -0.004073726944625378, 2.0756330490112305)","(359.968017578125, 34.27286911010742, 359.7130126953125)",0.306206,-0.541573,"(1.134543, -0.000010, 2.552204)",LeftTrue_RightFalse
23.897827,0.020858,"(-0.5366894006729126, 1.218894600868225, -24.93234634399414)","(0.7683805227279663, 175.34698486328125, 354.0910339355469)","(1.5059943199157715, 0.6879813075065613, -24.922298431396484)","(0.07959210127592087, 102.48170471191406, 359.6528015136719)","(-0.9015771746635437, -0.0034259504172950983, -24.776880264282227)","(0.35619011521339417, 179.6565704345703, 0.0005388176068663597)",-0.855385,-0.003418,"(-0.000016, 0.000078, 0.001812)",LeftFalse_RightFalse,False,"(0.3443056046962738, -0.004073739051818848, 2.181865692138672)","(359.96868896484375, 33.270015716552734, 359.706298828125)",0.314349,-0.553838,"(1.082778, -0.000002, 2.581889)",LeftTrue_RightFalse
23.939087,0.020722,"(-0.5366973876953125, 1.218984603881836, -24.931642532348633)","(0.7125462889671326, 175.3119659423828, 354.0674133300781)","(1.5059913396835327, 0.688073992729187, -24.921985626220703)","(0.07115813344717026, 102.48177337646484, 359.689697265625)","(-0.9015763998031616, -0.003440254367887974, -24.777023315429688)","(0.31835561990737915, 179.65660095214844, 0.0005023112753406167)",-0.853771,-0.003418,"(-0.000023, -0.000567, 0.002470)",LeftFalse_RightFalse,False,"(0.38751643896102905, -0.0040734740905463696, 2.288891315460205)","(359.9696044921875, 32.24570083618164, 359.6976623535156)",0.314864,-0.563668,"(1.029290, 0.000001, 2.611442)",LeftTrue_RightFalse
23.981812,0.020982,"(-0.5367060899734497, 1.2190717458724976, -24.930801391601562)","(0.648422360420227, 175.25682067871094, 354.03173828125)","(1.5059882402420044, 0.6881654262542725, -24.921598434448242)","(0.06086155027151108, 102.48184967041016, 359.7346496582031)","(-0.9015754461288452, -0.0034794819075614214, -24.777191162109375)","(0.27224618196487427, 179.6566162109375, 0.0004394404822960496)",-0.844652,-0.003418,"(-0.000027, -0.001048, 0.002692)",LeftFalse_RightFalse,False,"(0.43000397086143494, -0.004073027521371841, 2.4013569355010986)","(359.97064208984375, 31.1560115814209, 359.68829345703125)",0.319526,-0.57177,"(0.975476, 0.000004, 2.639955)",LeftTrue_RightFalse
24.023926,0.021017,"(-0.5367136001586914, 1.2191418409347534, -24.929975509643555)","(0.6252672076225281, 175.20138549804688, 354.0121154785156)","(1.5059854984283447, 0.6882405877113342, -24.921213150024414)","(0.05060882121324539, 102.48191833496094, 359.7793884277344)","(-0.901574432849884, -0.003534209681674838, -24.777359008789062)","(0.22635644674301147, 179.65664672851562, 0.0003715491038747132)",-0.835781,-0.003418,"(-0.000026, -0.001350, 0.002644)",LeftFalse_RightFalse,False,"(0.4694581627845764, -0.0040725283324718475, 2.5134084224700928)","(359.9715576171875, 30.05971336364746, 359.6795654296875)",0.319643,-0.57769,"(0.921621, 0.000008, 2.667733)",LeftTrue_RightFalse
24.065186,0.020876,"(-0.5367199182510376, 1.219193935394287, -24.929222106933594)","(0.5973471403121948, 175.13656616210938, 353.99871826171875)","(1.5059826374053955, 0.6882975697517395, -24.92085838317871)","(0.041256166994571686, 102.48197174072266, 359.8201599121094)","(-0.9015734791755676, -0.0035953258629888296, -24.777509689331055)","(0.18450681865215302, 179.65664672851562, 0.000307016191072762)",-0.834924,-0.003418,"(-0.000022, -0.001498, 0.002306)",LeftFalse_RightFalse,False,"(0.5058168172836304, -0.0040719760581851006, 2.6243844032287598)","(359.9722900390625, 28.967491149902344, 359.6723937988281)",0.312566,-0.588985,"(0.841353, 0.000006, 2.706033)",LeftTrue_RightFalse
24.1073,0.020928,"(-0.5367258787155151, 1.2192319631576538, -24.92854881286621)","(0.568586528301239, 175.07090759277344, 353.9728698730469)","(1.5059807300567627, 0.6883404850959778, -24.92053985595703)","(0.03283675014972687, 102.48199462890625, 359.85687255859375)","(-0.9015725255012512, -0.003658544970676303, -24.777645111083984)","(0.14684228599071503, 179.6566619873047, 0.00024684646632522345)",-0.834229,-0.003418,"(-0.000015, -0.001449, 0.002006)",LeftFalse_RightFalse,False,"(0.5404321551322937, -0.004071427974849939, 2.738537073135376)","(359.9732360839844, 27.83774185180664, 359.6657409667969)",0.324357,-0.596138,"(0.783887, 0.000009, 2.730655)",LeftTrue_RightFalse
24.149048,0.020903,"(-0.5367302894592285, 1.219258189201355, -24.9279842376709)","(0.5490489602088928, 174.99777221679688, 353.9346008300781)","(1.5059773921966553, 0.6883707046508789, -24.920272827148438)","(0.025719603523612022, 102.48200988769531, 359.8879089355469)","(-0.9015716910362244, -0.003717718180269003, -24.77776336669922)","(0.11500057578086853, 179.6566619873047, 0.00019666214939206839)",-0.833667,-0.003418,"(-0.000013, -0.001324, 0.001696)",LeftFalse_RightFalse,False,"(0.5722442865371704, -0.004070891533046961, 2.8528008460998535)","(359.97412109375, 26.697891235351562, 359.6589050292969)",0.321608,-0.600998,"(0.726132, 0.000008, 2.754834)",LeftTrue_RightFalse
24.189209,0.020619,"(-0.5367339253425598, 1.2192749977111816, -24.927526473999023)","(0.5191788673400879, 174.90150451660156, 353.8676452636719)","(1.5059764385223389, 0.6883911490440369, -24.920055389404297)","(0.02000611089169979, 102.48202514648438, 359.912841796875)","(-0.9015709757804871, -0.0037689185701310635, -24.777854919433594)","(0.08943689614534378, 179.6566619873047, 0.0001567959989188239)",-0.841023,-0.003418,"(-0.000010, -0.001153, 0.001400)",LeftFalse_RightFalse,False,"(0.6005488634109497, -0.004070249851793051, 2.9638924598693848)","(359.974853515625, 25.583158493041992, 359.6529235839844)",0.322506,-0.603626,"(0.668884, 0.000008, 2.777677)",LeftTrue_RightFalse
24.2323,0.020937,"(-0.5367370843887329, 1.219287395477295, -24.92713165283203)","(0.5080755949020386, 174.80877685546875, 353.8406982421875)","(1.5059750080108643, 0.6884065866470337, -24.91986656188965)","(0.015057044103741646, 102.4820327758789, 359.9344177246094)","(-0.9015703201293945, -0.003815425094217062, -24.77793312072754)","(0.06729655712842941, 179.6566619873047, 0.00012156616139691323)",-0.828936,-0.003418,"(-0.000009, -0.000971, 0.001134)",LeftFalse_RightFalse,False,"(0.6282727718353271, -0.004069942981004715, 3.0836663246154785)","(359.9754638671875, 24.377994537353516, 359.6478271484375)",0.324048,-0.593605,"(0.614453, 0.000002, 2.799778)",LeftTrue_RightFalse
24.291992,0.020418,"(-0.5367403030395508, 1.2192981243133545, -24.926719665527344)","(0.5424374938011169, 174.7369842529297, 353.828857421875)","(1.5059734582901, 0.688420832157135, -24.9196720123291)","(0.009869903326034546, 102.4820327758789, 359.95703125)","(-0.9015697240829468, -0.003865976817905903, -24.778018951416016)","(0.044088851660490036, 179.6566619873047, 8.517145033692941e-05)",-0.828509,-0.003418,"(-0.000006, -0.000695, 0.000799)",LeftFalse_RightFalse,False,"(0.6630234122276306, -0.004070034716278315, 3.2519121170043945)","(359.9754333496094, 22.70051383972168, 359.6465148925781)",0.310896,-0.5799,"(0.544222, -0.000013, 2.831488)",LeftTrue_RightFalse
24.354126,0.02063,"(-0.536742627620697, 1.2193061113357544, -24.92642593383789)","(0.5697883367538452, 174.70663452148438, 353.8341369628906)","(1.505971908569336, 0.6884311437606812, -24.919532775878906)","(0.006165886763483286, 102.48204040527344, 359.9731750488281)","(-0.9015693664550781, -0.0039018536917865276, -24.778079986572266)","(0.027514509856700897, 179.6566619873047, 5.969566336716525e-05)",-0.828198,-0.003418,"(-0.000004, -0.000456, 0.000543)",LeftFalse_RightFalse,False,"(0.6948563456535339, -0.004071526229381561, 3.428358316421509)","(359.9745178222656, 20.981550216674805, 359.651611328125)",0.310715,-0.561905,"(0.479474, -0.000030, 2.860652)",LeftTrue_RightFalse
