ScenarioTime,FrameRate,A VR Pos,A VR Rot,A XR Origin Pos,A XR Origin  Rot,A car Pos,A car Rot,A accel,A steering,A velocity,A indicators,A Horn Button,0 car Pos,0 car Rot,0 accel,0 steering,0 velocity,0 indicators
0.0,0.014561,"(34.846797943115234, 1.1920595169067383, 0.9860514998435974)","(6.489919662475586, 274.6081848144531, 359.49078369140625)","(34.188541412353516, 0.8559460639953613, 0.7739216685295105)","(-0.0012660714564844966, 88.89153289794922, 2.52855406870367e-05)","(35.0, -0.003930330742150545, 1.399999976158142)","(0.0012663237284868956, 270.0000305175781, -7.877500252106984e-07)",0.0,0.010742,"(0.000000, 0.000255, 0.000000)",LeftFalse_RightFalse,False,"(-34.15997314453125, -0.0038433941081166267, -1.009853482246399)","(0.002224639756605029, 90.7042236328125, -7.868537068134174e-05)",0.0,0.0,"(-0.000029, -0.000385, 0.000001)",LeftFalse_RightFalse
0.050415,0.021739,"(34.8462028503418, 1.1920671463012695, 0.9860101938247681)","(6.468260765075684, 274.550537109375, 359.5064392089844)","(34.18852615356445, 0.8559568524360657, 0.7739316821098328)","(-0.0011831169249489903, 88.89224243164062, 2.103094811900519e-05)","(34.9999885559082, -0.003920728340744972, 1.4000002145767212)","(0.0011833023745566607, 270.000732421875, 1.86116801614844e-06)",0.0,0.010742,"(0.000261, 0.000119, 0.000000)",LeftFalse_RightFalse,False,"(-34.15997314453125, -0.0038616538513451815, -1.0098536014556885)","(0.0017261902103200555, 90.7042236328125, -5.811830851598643e-05)",-0.000474,0.111348,"(-0.000020, -0.000324, 0.000001)",LeftFalse_RightFalse
0.110596,0.029424,"(34.84583282470703, 1.1920714378356934, 0.9859886169433594)","(6.640638828277588, 274.4066162109375, 359.37298583984375)","(34.1884880065918, 0.855963945388794, 0.7739506363868713)","(-0.0010494841262698174, 88.89354705810547, 1.4800497410760727e-05)","(34.99996566772461, -0.003915499430149794, 1.4000005722045898)","(0.0010495741153135896, 270.0020446777344, 5.505182798515307e-06)",0.0,0.010742,"(0.000495, 0.000041, 0.000002)",LeftFalse_RightFalse,False,"(-34.159969329833984, -0.0038795664440840483, -1.009853720664978)","(0.0013138127978891134, 90.7042236328125, -3.9666134398430586e-05)",0.00063,0.098701,"(-0.000013, -0.000253, 0.000001)",LeftFalse_RightFalse
0.170044,0.035439,"(34.845088958740234, 1.1920723915100098, 0.9859667420387268)","(6.740736484527588, 274.46954345703125, 359.40789794921875)","(34.18850326538086, 0.8559654951095581, 0.7739516496658325)","(-0.0010430954862385988, 88.89360046386719, 1.8348941011936404e-05)","(34.99998092651367, -0.003914051689207554, 1.4000006914138794)","(0.0010432550916448236, 270.0020751953125, 1.8339145526624634e-06)",0.0,0.013092,"(0.000994, 0.000004, -0.000004)",LeftFalse_RightFalse,False,"(-34.1599006652832, -0.0038932005409151316, -1.0098602771759033)","(0.0008000716916285455, 90.705322265625, 4.9283436965197325e-05)",-0.004504,0.099013,"(0.001472, -0.000188, -0.000149)",LeftFalse_RightFalse
0.230103,0.040358,"(34.844764709472656, 1.1927692890167236, 0.9859650135040283)","(6.635480880737305, 274.548095703125, 359.4356994628906)","(34.188480377197266, 0.8559665083885193, 0.7739900350570679)","(-0.0009513195836916566, 88.89632415771484, 1.4016653949511237e-05)","(34.99998474121094, -0.003914321307092905, 1.400000810623169)","(0.000951412774156779, 270.00482177734375, 4.389867626741761e-06)",0.0,0.014191,"(0.000234, -0.000017, 0.000001)",LeftFalse_RightFalse,False,"(-34.15997314453125, -0.0039029037579894066, -1.0098516941070557)","(0.0008339133928529918, 90.70449829101562, -3.655351247289218e-05)",0.003074,0.099331,"(-0.000001, -0.000135, 0.000030)",LeftFalse_RightFalse
0.291138,0.0445,"(34.844600677490234, 1.1930519342422485, 0.9859675168991089)","(6.565240383148193, 274.6211853027344, 359.3725280761719)","(34.188438415527344, 0.8559675812721252, 0.7740200161933899)","(-0.0007918104529380798, 88.89839935302734, 8.89656712388387e-06)","(34.999961853027344, -0.003915493842214346, 1.4000012874603271)","(0.0007918343180790544, 270.00689697265625, 6.423208560590865e-06)",0.0,0.014191,"(0.000950, -0.000023, -0.000005)",LeftFalse_RightFalse,False,"(-34.15997314453125, -0.003910070285201073, -1.0098508596420288)","(0.0007710623322054744, 90.70570373535156, -2.330188362975605e-05)",0.001644,0.099653,"(0.000882, -0.000092, -0.000066)",LeftFalse_RightFalse
0.348633,0.047085,"(34.84401321411133, 1.1931538581848145, 0.9859504103660583)","(6.5625319480896, 274.6064453125, 359.2930603027344)","(34.18850326538086, 0.8559641242027283, 0.7739992141723633)","(-0.0009523167973384261, 88.8969497680664, 2.357752418902237e-05)","(35.00001525878906, -0.0039168293587863445, 1.400000810623169)","(0.0009525946225039661, 270.00543212890625, -5.149895514477976e-06)",0.0,0.014191,"(0.000713, -0.000022, -0.000009)",LeftFalse_RightFalse,False,"(-34.159934997558594, -0.003914772067219019, -1.009853482246399)","(0.0006674766191281378, 90.70657348632812, -8.592086487624329e-06)",-0.004054,0.099954,"(-0.000608, -0.000071, 0.000065)",LeftFalse_RightFalse
0.410522,0.050053,"(34.84364318847656, 1.1932010650634766, 0.9859479665756226)","(6.600046157836914, 274.5472412109375, 359.2264099121094)","(34.18842315673828, 0.8559674620628357, 0.7740159034729004)","(-0.0006062063039280474, 88.89808654785156, 3.394276291146525e-06)","(34.999942779541016, -0.003918180707842112, 1.4000015258789062)","(0.0006061583408154547, 270.006591796875, 8.333803634741344e-06)",0.0,0.014191,"(0.000832, -0.000020, -0.000005)",LeftFalse_RightFalse,False,"(-34.15971374511719, -0.003918466158211231, -1.0098756551742554)","(0.0005181673332117498, 90.7072525024414, 7.477069448214024e-05)",0.003793,0.100268,"(0.000007, -0.000030, -0.000037)",LeftFalse_RightFalse
0.469604,0.051848,"(34.843563079833984, 1.1938207149505615, 0.9859470129013062)","(6.722751140594482, 274.3640441894531, 359.2839050292969)","(34.18844985961914, 0.8559635877609253, 0.7740217447280884)","(-0.0008024551207199693, 88.89852142333984, 1.724717549222987e-05)","(34.999977111816406, -0.0039193471893668175, 1.4000014066696167)","(0.0008026385330595076, 270.00701904296875, -1.719975443847943e-06)",0.0,0.014191,"(0.000057, -0.000013, -0.000001)",LeftFalse_RightFalse,False,"(-34.15968322753906, -0.003919947426766157, -1.0098798274993896)","(0.000562087690923363, 90.70714569091797, 4.2599411244736984e-05)",-0.004586,0.100576,"(-0.000231, -0.000021, 0.000028)",LeftFalse_RightFalse
0.526489,0.052858,"(34.84290313720703, 1.1940655708312988, 0.9867343306541443)","(6.546805381774902, 274.3061828613281, 359.2521057128906)","(34.18844985961914, 0.8559634685516357, 0.7740187644958496)","(-0.0007609714521095157, 88.89830017089844, 1.5146430996537674e-05)","(34.99997329711914, -0.003920058719813824, 1.4000015258789062)","(0.0007611222099512815, 270.00677490234375, -4.2211868844788114e-07)",0.0,0.014191,"(0.000441, -0.000010, -0.000001)",LeftFalse_RightFalse,False,"(-34.15962600708008, -0.003920963499695063, -1.009883999824524)","(0.0006473659304901958, 90.70673370361328, 1.0104350621986669e-05)",-0.005658,0.100871,"(0.000033, -0.000017, -0.000086)",LeftFalse_RightFalse
0.584473,0.053888,"(34.8426399230957, 1.1941728591918945, 0.9870778322219849)","(6.557677268981934, 274.3629455566406, 359.1963806152344)","(34.188480377197266, 0.855962872505188, 0.7740046381950378)","(-0.0007692748913541436, 88.89730072021484, 1.646648524911143e-05)","(34.99999237060547, -0.003920583985745907, 1.4000015258789062)","(0.0007694494561292231, 270.00579833984375, -1.5813101299499976e-06)",0.0,0.014191,"(0.001260, -0.000008, -0.000010)",LeftFalse_RightFalse,False,"(-34.15962600708008, -0.003921370953321457, -1.0098851919174194)","(0.0007706787437200546, 90.70673370361328, -1.980307570192963e-05)",0.008067,0.101174,"(0.000002, -0.000004, -0.000014)",LeftFalse_RightFalse
0.641968,0.054598,"(34.842472076416016, 1.1942178010940552, 0.9872240424156189)","(6.501060962677002, 274.5411071777344, 359.1642761230469)","(34.18843078613281, 0.8559651970863342, 0.7740147113800049)","(-0.0005735409213230014, 88.89798736572266, 4.5416127250064164e-06)","(34.99994659423828, -0.003920991905033588, 1.400002121925354)","(0.0005735215381719172, 270.0064697265625, 6.554707852046704e-06)",0.0,0.014191,"(-0.000536, -0.000007, 0.000011)",LeftFalse_RightFalse,False,"(-34.15956115722656, -0.003921637777239084, -1.0098915100097656)","(0.0005998390261083841, 90.70710754394531, 2.447817132633645e-05)",-0.003163,0.101472,"(0.001607, -0.000004, -0.000134)",LeftFalse_RightFalse
0.702148,0.055718,"(34.84234619140625, 1.1942378282546997, 0.9879326820373535)","(6.528254985809326, 274.73272705078125, 359.1353454589844)","(34.18836975097656, 0.8559675216674805, 0.7740041017532349)","(-0.0003700233355630189, 88.89714050292969, -8.771229659032542e-06)","(34.999874114990234, -0.003921400755643845, 1.4000035524368286)","(0.00036978445132263005, 270.005615234375, 1.592793887539301e-05)",0.0,0.014191,"(-0.001299, -0.000008, 0.000022)",LeftFalse_RightFalse,False,"(-34.15962600708008, -0.003921459428966045, -1.0098848342895508)","(0.0007842142367735505, 90.70750427246094, -4.441626515472308e-05)",0.003894,0.101791,"(0.000003, -0.000003, 0.000016)",LeftFalse_RightFalse
0.759644,0.056073,"(34.84173583984375, 1.1942445039749146, 0.9881908893585205)","(6.784276008605957, 274.9109191894531, 359.1717529296875)","(34.18838119506836, 0.8559636473655701, 0.7740023136138916)","(-0.0006375000230036676, 88.89701080322266, 1.0996711353072897e-05)","(34.9998893737793, -0.003921660594642162, 1.400003433227539)","(0.0006375934462994337, 270.0054931640625, 1.3382159522734582e-06)",0.0,0.014191,"(-0.000417, -0.000001, 0.000006)",LeftFalse_RightFalse,False,"(-34.15959930419922, -0.003921538591384888, -1.0098872184753418)","(0.0007241506827995181, 90.7073974609375, -1.3036278687650338e-05)",-0.00199,0.10209,"(-0.000146, -0.000002, 0.000012)",LeftFalse_RightFalse
0.82251,0.057448,"(34.84139633178711, 1.1950963735580444, 0.9883139133453369)","(6.9228034019470215, 275.02398681640625, 359.268798828125)","(34.188323974609375, 0.8559644222259521, 0.774013876914978)","(-0.0005761879147030413, 88.89777374267578, 6.511769697681302e-06)","(34.999839782714844, -0.003921717405319214, 1.4000041484832764)","(0.0005762060754932463, 270.0062561035156, 4.636218818632187e-06)",0.0,0.014191,"(0.000046, 0.000000, 0.000006)",LeftFalse_RightFalse,False,"(-34.15938186645508, -0.003922290168702602, -1.0099095106124878)","(0.0005661634495481849, 90.70791625976562, 7.819141319487244e-05)",-0.000244,0.102411,"(0.000005, 0.000005, -0.000094)",LeftFalse_RightFalse
0.882568,0.057965,"(34.841251373291016, 1.195397138595581, 0.9883590936660767)","(6.780496597290039, 275.1808166503906, 359.265625)","(34.18827819824219, 0.855964183807373, 0.7740243077278137)","(-0.0005859903176315129, 88.89844512939453, 7.082637239363976e-06)","(34.99980163574219, -0.003921779803931713, 1.4000048637390137)","(0.0005860177334398031, 270.0069274902344, 4.255033218214521e-06)",0.0,0.014191,"(0.000952, -0.000003, -0.000006)",LeftFalse_RightFalse,False,"(-34.15938186645508, -0.00392193254083395, -1.009911060333252)","(0.000756068853661418, 90.70791625976562, -1.6563227234200895e-07)",0.00259,0.102725,"(0.000004, 0.000006, -0.000017)",LeftFalse_RightFalse
0.939575,0.057778,"(34.84125518798828, 1.1955108642578125, 0.987785279750824)","(6.948639869689941, 275.1885681152344, 359.32318115234375)","(34.188316345214844, 0.8559610247612, 0.7740114331245422)","(-0.0008240925963036716, 88.89755249023438, 2.163589851988945e-05)","(34.99983215332031, -0.003921660594642162, 1.4000046253204346)","(0.0008243569754995406, 270.00604248046875, -5.689262252417393e-06)",0.0,0.014191,"(0.000068, 0.000004, 0.000003)",LeftFalse_RightFalse,False,"(-34.159393310546875, -0.003921697847545147, -1.0099096298217773)","(0.0008849466103129089, 90.7081527709961, -5.282826168695465e-05)",-0.002537,0.103024,"(-0.000876, 0.000004, 0.000081)",LeftFalse_RightFalse
0.996582,0.057607,"(34.84121322631836, 1.1948398351669312, 0.9875407218933105)","(6.9599289894104, 275.12078857421875, 359.24066162109375)","(34.18828201293945, 0.8559633493423462, 0.7740126848220825)","(-0.0006639549392275512, 88.89762115478516, 1.0282801667926833e-05)","(34.99979782104492, -0.003921580035239458, 1.4000051021575928)","(0.0006640296778641641, 270.006103515625, 2.563769839980523e-06)",0.0,0.014191,"(-0.000330, 0.000000, 0.000007)",LeftFalse_RightFalse,False,"(-34.15925979614258, -0.00392190832644701, -1.0099232196807861)","(0.0007371855899691582, 90.70880889892578, 2.0382803995744325e-05)",0.001104,0.103316,"(0.000001, 0.000006, -0.000063)",LeftFalse_RightFalse
1.055176,0.05782,"(34.84122848510742, 1.194541335105896, 0.9868307113647461)","(7.011193752288818, 275.15936279296875, 359.12774658203125)","(34.188289642333984, 0.8559619188308716, 0.7740153670310974)","(-0.0007715647807344794, 88.89778137207031, 1.7893758922582492e-05)","(34.99980926513672, -0.003921598196029663, 1.4000053405761719)","(0.0007717666449025273, 270.00628662109375, -2.9639761578437174e-06)",0.0,0.014191,"(0.000942, 0.000000, -0.000008)",LeftFalse_RightFalse,False,"(-34.15928268432617, -0.003921717405319214, -1.0099221467971802)","(0.0009180237539112568, 90.70840454101562, -5.109268022351898e-05)",-0.001939,0.103624,"(0.001363, 0.000006, -0.000124)",LeftFalse_RightFalse
1.112061,0.057627,"(34.84126663208008, 1.1944217681884766, 0.9865414500236511)","(6.982212543487549, 275.197265625, 359.15997314453125)","(34.18833541870117, 0.855960488319397, 0.773992657661438)","(-0.000869531708303839, 88.89618682861328, 2.4151466277544387e-05)","(34.99983596801758, -0.003921538591384888, 1.4000051021575928)","(0.0008698363672010601, 270.00469970703125, -7.325235401367536e-06)",0.0,0.014191,"(0.001115, 0.000002, -0.000011)",LeftFalse_RightFalse,False,"(-34.159271240234375, -0.0039214687421917915, -1.009921908378601)","(0.0008502123528160155, 90.70855712890625, -4.3592761358013377e-05)",0.00413,0.103921,"(-0.000001, 0.000003, -0.000002)",LeftFalse_RightFalse
1.168945,0.057489,"(34.841278076171875, 1.1943703889846802, 0.9864183664321899)","(6.918896198272705, 275.22076416015625, 359.2099609375)","(34.18834686279297, 0.8559610247612, 0.7739925384521484)","(-0.0008377410704270005, 88.89618682861328, 2.3555898224003613e-05)","(34.999847412109375, -0.0039214794524014, 1.4000049829483032)","(0.0008380401413887739, 270.00469970703125, -7.344855021074181e-06)",0.0,0.014191,"(0.000368, 0.000000, -0.000003)",LeftFalse_RightFalse,False,"(-34.1592903137207, -0.003921330440789461, -1.009920358657837)","(0.0009063720353879035, 90.70846557617188, -6.134380237199366e-05)",-0.001325,0.10422,"(0.001247, 0.000000, -0.000099)",LeftFalse_RightFalse
1.228271,0.057841,"(34.84134292602539, 1.1943469047546387, 0.986359179019928)","(6.996563911437988, 275.0939636230469, 359.1906433105469)","(34.18841552734375, 0.855958878993988, 0.7739743590354919)","(-0.0009910352528095245, 88.89496612548828, 3.2707910577300936e-05)","(34.99990463256836, -0.003921480383723974, 1.4000041484832764)","(0.0009914827533066273, 270.0034484863281, -1.3529580428439658e-05)",0.0,0.014191,"(0.001974, 0.000001, -0.000021)",LeftFalse_RightFalse,False,"(-34.15940475463867, -0.0039209770038723946, -1.009907841682434)","(0.0009611149434931576, 90.70812225341797, -0.00010607561853248626)",-0.016173,0.104535,"(-0.000068, 0.000013, 0.000203)",LeftFalse_RightFalse
1.290161,0.058643,"(34.84131622314453, 1.1943377256393433, 0.9863367080688477)","(6.944666862487793, 275.04498291015625, 359.1864929199219)","(34.188385009765625, 0.855962872505188, 0.7739787697792053)","(-0.000703966710716486, 88.89525604248047, 1.5366258594440296e-05)","(34.999874114990234, -0.003921481315046549, 1.4000046253204346)","(0.0007041323115117848, 270.0037536621094, -1.74467561464553e-06)",0.003968,0.014191,"(-0.000844, -0.000002, 0.000012)",LeftFalse_RightFalse,False,"(-34.159400939941406, -0.003921215422451496, -1.0099070072174072)","(0.0008037443622015417, 90.70812225341797, -3.448999996180646e-05)",0.012389,0.104858,"(-0.000004, -0.000003, -0.000004)",LeftFalse_RightFalse
1.348511,0.058601,"(34.841278076171875, 1.1943345069885254, 0.986332356929779)","(6.782215118408203, 275.0215148925781, 359.19036865234375)","(34.1883430480957, 0.8559644222259521, 0.7739983201026917)","(-0.0005815651384182274, 88.8966064453125, 6.331050826702267e-06)","(34.99984359741211, -0.0039216275326907635, 1.4000051021575928)","(0.0005815787590108812, 270.0050964355469, 4.920897026750026e-06)",0.012697,0.014191,"(0.000052, -0.000005, 0.000002)",LeftFalse_RightFalse,False,"(-34.15930938720703, -0.003921448718756437, -1.0099161863327026)","(0.00038873794255778193, 90.7092514038086, 9.581889753462747e-05)",-0.005462,0.105163,"(0.003039, -0.000006, -0.000266)",LeftFalse_RightFalse
1.406982,0.058575,"(34.841190338134766, 1.1943330764770508, 0.9863302111625671)","(6.806545734405518, 274.91058349609375, 359.1273193359375)","(34.18825149536133, 0.8559670448303223, 0.7740020751953125)","(-0.00037367056938819587, 88.89682006835938, -1.4676448927275487e-06)","(34.999752044677734, -0.003921891562640667, 1.4000059366226196)","(0.000373572256648913, 270.00531005859375, 8.69628092914354e-06)",0.021347,0.014191,"(-0.002575, -0.000004, 0.000021)",LeftFalse_RightFalse,False,"(-34.159358978271484, -0.003921620547771454, -1.009908676147461)","(0.0005968068726360798, 90.7093276977539, 1.3360406228457578e-05)",0.008397,0.105471,"(0.000004, -0.000004, 0.000012)",LeftFalse_RightFalse
1.467896,0.059043,"(34.84090042114258, 1.1943336725234985, 0.9863356351852417)","(6.802666664123535, 274.84124755859375, 359.05291748046875)","(34.187950134277344, 0.8559748530387878, 0.7740298509597778)","(0.00022275271476246417, 88.89863586425781, -2.7481741199153475e-05)","(34.99946212768555, -0.003922391217201948, 1.400008201599121)","(-0.0002232426923001185, 270.00714111328125, 2.3167309336713515e-05)",0.030719,0.014191,"(-0.006926, -0.000010, 0.000057)",LeftFalse_RightFalse,False,"(-34.15929412841797, -0.003921776078641415, -1.0099141597747803)","(0.00045830250019207597, 90.7076644897461, 5.571640940615907e-05)",0.009517,0.105784,"(0.001733, -0.000004, -0.000136)",LeftFalse_RightFalse
1.525513,0.058757,"(34.84043502807617, 1.1943340301513672, 0.9863424897193909)","(6.794315814971924, 274.83135986328125, 359.08624267578125)","(34.187477111816406, 0.8559818863868713, 0.7740551233291626)","(0.0007776503916829824, 88.90019989013672, -4.3947718950221315e-05)","(34.99899673461914, -0.003923161420971155, 1.400011420249939)","(-0.0007783551700413227, 270.0086975097656, 2.8895316063426435e-05)",0.054233,0.014191,"(-0.008722, -0.000015, 0.000052)",LeftFalse_RightFalse,False,"(-34.159141540527344, -0.003922052215784788, -1.0099254846572876)","(0.00016388992662541568, 90.70807647705078, 0.00011338209878886119)",0.005837,0.106081,"(0.003711, -0.000006, -0.000271)",LeftFalse_RightFalse
1.582153,0.058331,"(34.83966827392578, 1.1937028169631958, 0.9863461852073669)","(6.644932746887207, 274.8150634765625, 359.1054992675781)","(34.186702728271484, 0.855993926525116, 0.7740559577941895)","(0.0017092977650463581, 88.89990997314453, -7.46207733755e-05)","(34.998207092285156, -0.00392415514215827, 1.4000163078308105)","(-0.0017104216385632753, 270.0084228515625, 4.153934060013853e-05)",0.08968,0.014191,"(-0.016994, -0.000020, 0.000104)",LeftFalse_RightFalse,False,"(-34.158935546875, -0.003922373056411743, -1.0099396705627441)","(-3.0951072403695434e-05, 90.70841217041016, 0.00013199474778957665)",0.022785,0.106371,"(0.003553, -0.000004, -0.000231)",LeftFalse_RightFalse
1.639648,0.058168,"(34.83826446533203, 1.1928131580352783, 0.9863555431365967)","(6.75594425201416, 274.7835693359375, 359.16064453125)","(34.18528747558594, 0.8560183048248291, 0.7740698456764221)","(0.0035771699622273445, 88.9002914428711, -0.00014892179751768708)","(34.996768951416016, -0.003925778437405825, 1.4000256061553955)","(-0.0035793818533420563, 270.0087890625, 7.969130092533305e-05)",0.128329,0.014191,"(-0.030622, -0.000035, 0.000195)",LeftFalse_RightFalse,False,"(-34.15865707397461, -0.003922634292393923, -1.009956955909729)","(-0.00022130033175926656, 90.70874786376953, 0.0001325746561633423)",0.038326,0.106662,"(0.005379, -0.000006, -0.000298)",LeftFalse_RightFalse
1.698242,0.058251,"(34.83600997924805, 1.192430853843689, 0.9863710403442383)","(6.84750509262085, 274.7306213378906, 359.17218017578125)","(34.18301773071289, 0.8560498952865601, 0.7740934491157532)","(0.006019309163093567, 88.9009780883789, -0.00023400047211907804)","(34.994468688964844, -0.003928402438759804, 1.4000399112701416)","(359.9939880371094, 270.00946044921875, 0.00011750935664167628)",0.164699,0.014191,"(-0.048551, -0.000055, 0.000299)",LeftFalse_RightFalse,False,"(-34.158145904541016, -0.00392333697527647, -1.0099858045578003)","(-0.0007602639961987734, 90.70953369140625, 0.00017766805831342936)",0.057525,0.106953,"(0.012123, -0.000013, -0.000703)",LeftFalse_RightFalse
1.758545,0.058652,"(34.832496643066406, 1.1922712326049805, 0.9863943457603455)","(6.884236812591553, 274.70867919921875, 359.17694091796875)","(34.17947769165039, 0.8560923933982849, 0.7741276621818542)","(0.009332436136901379, 88.90189361572266, -0.00035076672793366015)","(34.99089050292969, -0.003932288847863674, 1.400061845779419)","(359.99066162109375, 270.0103759765625, 0.00017015943012665957)",0.19783,0.014191,"(-0.072179, -0.000074, 0.000442)",LeftFalse_RightFalse,False,"(-34.15718460083008, -0.003924338147044182, -1.0100419521331787)","(-0.0019322382286190987, 90.71234893798828, 0.0003384505398571491)",0.078062,0.10724,"(0.019977, -0.000022, -0.001138)",LeftFalse_RightFalse
1.815796,0.058368,"(34.827720642089844, 1.1915841102600098, 0.9858314394950867)","(6.976320743560791, 274.59173583984375, 359.2075500488281)","(34.17466735839844, 0.8561417460441589, 0.7741712331771851)","(0.01319899596273899, 88.90293884277344, -0.0004866205563303083)","(34.98603057861328, -0.003937048371881247, 1.4000916481018066)","(359.9867858886719, 270.01141357421875, 0.00023118672834243625)",0.227647,0.014191,"(-0.100116, -0.000093, 0.000606)",LeftFalse_RightFalse,False,"(-34.15569305419922, -0.003925884608179331, -1.010130763053894)","(-0.00363948754966259, 90.71696472167969, 0.0005920093390159309)",0.095068,0.107498,"(0.030434, -0.000034, -0.001719)",LeftFalse_RightFalse
1.873291,0.058193,"(34.8212890625, 1.1912920475006104, 0.98561692237854)","(7.060968399047852, 274.4903869628906, 359.2637634277344)","(34.1682014465332, 0.8561955094337463, 0.7742249369621277)","(0.017451846972107887, 88.9040298461914, -0.0006330098258331418)","(34.979515075683594, -0.00394282815977931, 1.4001308679580688)","(359.9825439453125, 270.01251220703125, 0.000295274774543941)",0.254482,0.014191,"(-0.131912, -0.000106, 0.000792)",LeftFalse_RightFalse,False,"(-34.153568267822266, -0.003928218502551317, -1.0102523565292358)","(-0.005450701806694269, 90.72284698486328, 0.000786036194767803)",0.124522,0.107737,"(0.044136, -0.000046, -0.002482)",LeftFalse_RightFalse
1.930176,0.05794,"(34.81311798095703, 1.1911721229553223, 0.9855624437332153)","(7.027064800262451, 274.4378662109375, 359.2025146484375)","(34.159996032714844, 0.8562501072883606, 0.774298369884491)","(0.021784622222185135, 88.90579986572266, -0.0007812562980689108)","(34.97126388549805, -0.003948954399675131, 1.4001803398132324)","(359.97821044921875, 270.0142822265625, 0.00035967299481853843)",0.278634,0.014191,"(-0.166148, -0.000113, 0.000987)",LeftFalse_RightFalse,False,"(-34.150672912597656, -0.003930988255888224, -1.010416030883789)","(359.9924621582031, 90.72846984863281, 0.001007696846500039)",0.142788,0.107946,"(0.062447, -0.000055, -0.003544)",LeftFalse_RightFalse
1.991821,0.058673,"(34.802001953125, 1.19111967086792, 0.9855836629867554)","(7.055854797363281, 274.42388916015625, 359.2055358886719)","(34.148841857910156, 0.8563104867935181, 0.7743943333625793)","(0.026606285944581032, 88.90792083740234, -0.000949032895732671)","(34.960060119628906, -0.003955963533371687, 1.4002474546432495)","(359.973388671875, 270.01641845703125, 0.00043413974344730377)",0.300371,0.014191,"(-0.204173, -0.000115, 0.001210)",LeftFalse_RightFalse,False,"(-34.146392822265625, -0.003934635315090418, -1.0106598138809204)","(359.9896545410156, 90.73739624023438, 0.0013503831578418612)",0.160725,0.108137,"(0.081733, -0.000064, -0.004611)",LeftFalse_RightFalse
2.048462,0.058273,"(34.78960418701172, 1.1911033391952515, 0.9856474995613098)","(7.148551940917969, 274.4212341308594, 359.2029724121094)","(34.13641357421875, 0.8563615083694458, 0.7745108008384705)","(0.030703110620379448, 88.91096496582031, -0.0010862501803785563)","(34.947601318359375, -0.003962377086281776, 1.4003218412399292)","(359.9692687988281, 270.0194396972656, 0.000492077087983489)",0.320333,0.014191,"(-0.233306, -0.000112, 0.001394)",LeftFalse_RightFalse,False,"(-34.14133071899414, -0.00393830519169569, -1.0109446048736572)","(359.987060546875, 90.74847412109375, 0.0016215582145377994)",0.185812,0.10828,"(0.095123, -0.000068, -0.005308)",LeftFalse_RightFalse
2.108032,0.058532,"(34.77402114868164, 1.1910990476608276, 0.9857426881790161)","(7.263850688934326, 274.466796875, 359.1925354003906)","(34.12078857421875, 0.8564164638519287, 0.7746579647064209)","(0.035103123635053635, 88.91476440429688, -0.0012417990947142243)","(34.93195343017578, -0.003968946635723114, 1.4004160165786743)","(359.9648742675781, 270.02325439453125, 0.0005624735495075583)",0.340642,0.014191,"(-0.277213, -0.000111, 0.001664)",LeftFalse_RightFalse,False,"(-34.134578704833984, -0.00394259300082922, -1.0113263130187988)","(359.98388671875, 90.7627944946289, 0.0020078462548553944)",0.201674,0.108384,"(0.122176, -0.000073, -0.006900)",LeftFalse_RightFalse
2.165405,0.058312,"(34.75639343261719, 1.1904881000518799, 0.9858570098876953)","(7.276345729827881, 274.47930908203125, 359.2121887207031)","(34.10312271118164, 0.8564671277999878, 0.7748244404792786)","(0.039174821227788925, 88.91903686523438, -0.00138965027872473)","(34.91427230834961, -0.003975144121795893, 1.4005231857299805)","(359.9608154296875, 270.02752685546875, 0.0006315291975624859)",0.362435,0.014191,"(-0.324143, -0.000107, 0.001963)",LeftFalse_RightFalse,False,"(-34.12643051147461, -0.003947011195123196, -1.0117944478988647)","(359.9803466796875, 90.77838897705078, 0.002522208960726857)",0.22389,0.108428,"(0.151537, -0.000080, -0.008667)",LeftFalse_RightFalse
2.222534,0.058056,"(34.73624038696289, 1.1902321577072144, 0.9859911203384399)","(7.26084566116333, 274.43377685546875, 359.2118835449219)","(34.08292770385742, 0.8565154075622559, 0.7750160098075867)","(0.04306331276893616, 88.92391967773438, -0.0015349718742072582)","(34.894073486328125, -0.003981166519224644, 1.400646686553955)","(359.9569091796875, 270.03240966796875, 0.000701600278262049)",0.3883,0.014191,"(-0.373924, -0.000103, 0.002291)",LeftFalse_RightFalse,False,"(-34.116729736328125, -0.003951721824705601, -1.0123522281646729)","(359.9770202636719, 90.79657745361328, 0.002942199120298028)",0.249852,0.108419,"(0.182274, -0.000083, -0.010446)",LeftFalse_RightFalse
2.280762,0.058109,"(34.712135314941406, 1.1901227235794067, 0.9861390590667725)","(7.309127330780029, 274.42669677734375, 359.1827697753906)","(34.05937576293945, 0.8565639853477478, 0.7752407789230347)","(0.046966176480054855, 88.92959594726562, -0.001686908770352602)","(34.87052536010742, -0.00398698914796114, 1.4007923603057861)","(359.9530029296875, 270.0380859375, 0.0007780031301081181)",0.413531,0.014191,"(-0.427173, -0.000099, 0.002655)",LeftFalse_RightFalse,False,"(-34.105018615722656, -0.003956677857786417, -1.0130243301391602)","(359.9738464355469, 90.81787872314453, 0.0032806280069053173)",0.277204,0.108351,"(0.214785, -0.000085, -0.012261)",LeftFalse_RightFalse
2.337402,0.057818,"(34.68606948852539, 1.190081000328064, 0.9863123297691345)","(7.318599224090576, 274.4857177734375, 359.21954345703125)","(34.033504486083984, 0.8566112518310547, 0.7754903435707092)","(0.05075562745332718, 88.93582916259766, -0.0018382684793323278)","(34.84466552734375, -0.003992555197328329, 1.4009548425674438)","(359.94921875, 270.0443115234375, 0.0008560267742723227)",0.435457,0.014191,"(-0.483804, -0.000099, 0.003056)",LeftFalse_RightFalse,False,"(-34.09169006347656, -0.003961448557674885, -1.0137908458709717)","(359.9706115722656, 90.84268188476562, 0.0036542529705911875)",0.297123,0.108219,"(0.253720, -0.000085, -0.014592)",LeftFalse_RightFalse
2.39563,0.057894,"(34.65619659423828, 1.190064787864685, 0.9865184426307678)","(7.385324001312256, 274.5094909667969, 359.259765625)","(34.003692626953125, 0.8566595315933228, 0.7757806181907654)","(0.054634809494018555, 88.9429931640625, -0.001999791944399476)","(34.81487274169922, -0.003998265601694584, 1.401145100593567)","(359.9453430175781, 270.0514831542969, 0.0009424714953638613)",0.45441,0.014191,"(-0.543331, -0.000099, 0.003495)",LeftFalse_RightFalse,False,"(-34.075809478759766, -0.00396646186709404, -1.0147087574005127)","(359.9671325683594, 90.87193298339844, 0.004085339140146971)",0.322912,0.108011,"(0.294325, -0.000087, -0.017022)",LeftFalse_RightFalse
2.454102,0.058015,"(34.62278366088867, 1.1900603771209717, 0.9867550134658813)","(7.371546745300293, 274.47430419921875, 359.3207702636719)","(33.970272064208984, 0.8567071557044983, 0.7761098146438599)","(0.05846628546714783, 88.95099639892578, -0.002164347330108285)","(34.7814826965332, -0.004003969952464104, 1.4013622999191284)","(359.9414978027344, 270.0594787597656, 0.0010328731732442975)",0.471077,0.014191,"(-0.605315, -0.000097, 0.003972)",LeftFalse_RightFalse,False,"(-34.05744552612305, -0.003971495665609837, -1.0157768726348877)","(359.96356201171875, 90.9056625366211, 0.0045554074458777905)",0.345155,0.107718,"(0.338443, -0.000089, -0.019722)",LeftFalse_RightFalse
2.517212,0.059035,"(34.58271789550781, 1.1900606155395508, 0.9864017963409424)","(7.396539211273193, 274.3789367675781, 359.38934326171875)","(33.93016052246094, 0.8567560911178589, 0.7765102386474609)","(0.06244540587067604, 88.96060180664062, -0.0023421957157552242)","(34.74141311645508, -0.004010185599327087, 1.4016283750534058)","(359.9375305175781, 270.069091796875, 0.0011337085161358118)",0.486077,0.014191,"(-0.669416, -0.000097, 0.004490)",LeftFalse_RightFalse,False,"(-34.03470993041992, -0.003977190237492323, -1.0171093940734863)","(359.9596252441406, 90.94725036621094, 0.005091463215649128)",0.36829,0.107301,"(0.385500, -0.000091, -0.022652)",LeftFalse_RightFalse
2.57373,0.058526,"(34.5432243347168, 1.1900626420974731, 0.9864819049835205)","(7.370298385620117, 274.3443603515625, 359.4054260253906)","(33.8906135559082, 0.8567975759506226, 0.776911199092865)","(0.06583424657583237, 88.97006225585938, -0.0025027927476912737)","(34.70191955566406, -0.004015599377453327, 1.4018967151641846)","(359.93414306640625, 270.07855224609375, 0.0012287178542464972)",0.499577,0.014191,"(-0.735387, -0.000095, 0.005050)",LeftFalse_RightFalse,False,"(-34.01165008544922, -0.00398236233741045, -1.0184719562530518)","(359.9560546875, 90.98922729492188, 0.005592639558017254)",0.385936,0.106829,"(0.435629, -0.000093, -0.025833)",LeftFalse_RightFalse
2.630371,0.058133,"(34.50013732910156, 1.1900649070739746, 0.9867151379585266)","(7.337291717529297, 274.3444519042969, 359.4426574707031)","(33.847469329833984, 0.8568366169929504, 0.7773548364639282)","(0.06903689354658127, 88.98036193847656, -0.002664989558979869)","(34.65884017944336, -0.0040208143182098866, 1.4021961688995361)","(359.9309387207031, 270.0888671875, 0.0013289229245856404)",0.510946,0.014221,"(-0.803004, -0.000093, 0.005657)",LeftFalse_RightFalse,False,"(-33.9858512878418, -0.00398758752271533, -1.0200096368789673)","(359.9525146484375, 91.03594970703125, 0.006102759391069412)",0.405943,0.106002,"(0.488016, -0.000092, -0.029229)",LeftFalse_RightFalse
2.692627,0.058973,"(34.44837951660156, 1.190067172050476, 0.9870718121528625)","(7.345187187194824, 274.3814697265625, 359.3902587890625)","(33.795650482177734, 0.8568760752677917, 0.7778974771499634)","(0.07232040166854858, 88.99273681640625, -0.0028453029226511717)","(34.60710525512695, -0.004026563838124275, 1.4025654792785645)","(359.9276428222656, 270.1012268066406, 0.0014456864446401596)",0.519225,0.014771,"(-0.871949, -0.000090, 0.006319)",LeftFalse_RightFalse,False,"(-33.95408630371094, -0.003993447404354811, -1.0219205617904663)","(359.9486999511719, 91.09305572509766, 0.006659806240350008)",0.427598,0.104931,"(0.543013, -0.000092, -0.032837)",LeftFalse_RightFalse
2.75647,0.059951,"(34.390682220458984, 1.1900686025619507, 0.9875200986862183)","(7.342414855957031, 274.4791259765625, 359.37823486328125)","(33.737884521484375, 0.8569118976593018, 0.7785242199897766)","(0.07538750022649765, 89.00680541992188, -0.0030892156064510345)","(34.54944610595703, -0.004032172728329897, 1.4029958248138428)","(359.924560546875, 270.11529541015625, 0.0016302185831591487)",0.524723,0.015381,"(-0.941748, -0.000086, 0.007196)",LeftFalse_RightFalse,False,"(-33.91777038574219, -0.003999234642833471, -1.0241273641586304)","(359.94488525390625, 91.1576919555664, 0.007229603361338377)",0.44418,0.103652,"(0.600876, -0.000091, -0.036690)",LeftFalse_RightFalse
2.820068,0.060665,"(34.328590393066406, 1.1900689601898193, 0.9880439043045044)","(7.402581214904785, 274.4372253417969, 359.41302490234375)","(33.675716400146484, 0.8569422364234924, 0.7792350053787231)","(0.07809250056743622, 89.02252960205078, -0.003391115227714181)","(34.48741149902344, -0.004037442151457071, 1.4034874439239502)","(359.9218444824219, 270.13104248046875, 0.0018797210650518537)",0.528108,0.016113,"(-1.011971, -0.000082, 0.008198)",LeftFalse_RightFalse,False,"(-33.8776969909668, -0.00400511035695672, -1.0265862941741943)","(359.9411315917969, 91.22811889648438, 0.007788429968059063)",0.457975,0.102179,"(0.660849, -0.000092, -0.040740)",LeftFalse_RightFalse
2.881348,0.060786,"(34.264190673828125, 1.1900681257247925, 0.9886263608932495)","(7.424583911895752, 274.3998107910156, 359.45220947265625)","(33.61124038696289, 0.8569662570953369, 0.7800154685974121)","(0.08034493029117584, 89.03956604003906, -0.0037270025350153446)","(34.42308807373047, -0.004042214713990688, 1.4040310382843018)","(359.9195861816406, 270.1480712890625, 0.0021719755604863167)",0.529984,0.01651,"(-1.082289, -0.000076, 0.009346)",LeftFalse_RightFalse,False,"(-33.835166931152344, -0.004010626580566168, -1.0292210578918457)","(359.93768310546875, 91.30176544189453, 0.008305782452225685)",0.469122,0.100559,"(0.722512, -0.000091, -0.044976)",LeftFalse_RightFalse
2.94458,0.061274,"(34.1931266784668, 1.190066933631897, 0.9893080592155457)","(7.465290069580078, 274.423095703125, 359.4566955566406)","(33.54010009765625, 0.8569862246513367, 0.7809208631515503)","(0.08229820430278778, 89.05896759033203, -0.004045960493385792)","(34.35212707519531, -0.0040468028746545315, 1.4046658277511597)","(359.9176330566406, 270.16748046875, 0.0024530841037631035)",0.528546,0.01651,"(-1.152466, -0.000070, 0.010487)",LeftFalse_RightFalse,False,"(-33.78720474243164, -0.0040162475779652596, -1.032222867012024)","(359.9343566894531, 91.38345336914062, 0.008818676695227623)",0.481804,0.105229,"(0.785462, -0.000087, -0.049390)",LeftFalse_RightFalse
3.006104,0.061332,"(34.11945343017578, 1.1900655031204224, 0.9900463223457336)","(7.495957851409912, 274.45196533203125, 359.4904479980469)","(33.46634292602539, 0.8570016622543335, 0.7818920612335205)","(0.08382264524698257, 89.07927703857422, -0.0042685288935899734)","(34.278568267822266, -0.004050926771014929, 1.4053521156311035)","(359.9161071777344, 270.1877746582031, 0.002646123757585883)",0.523705,0.01651,"(-1.221982, -0.000063, 0.011546)",LeftFalse_RightFalse,False,"(-33.73642349243164, -0.0040215072222054005, -1.0355238914489746)","(359.9313659667969, 91.47215270996094, 0.010048401542007923)",0.489091,0.102345,"(0.849746, -0.000084, -0.055865)",LeftFalse_RightFalse
3.067017,0.061259,"(34.04218292236328, 1.1900640726089478, 0.9908492565155029)","(7.470342636108398, 274.42596435546875, 359.5063171386719)","(33.38898468017578, 0.857012152671814, 0.7829388380050659)","(0.08492410182952881, 89.1005859375, -0.0044304560869932175)","(34.2014274597168, -0.004054484888911247, 1.4060989618301392)","(359.9150085449219, 270.2090759277344, 0.0027867136523127556)",0.511015,0.01651,"(-1.290294, -0.000058, 0.012636)",LeftFalse_RightFalse,False,"(-33.68209457397461, -0.004026580136269331, -1.039119005203247)","(359.92864990234375, 91.56629943847656, 0.010811242274940014)",0.494524,0.100276,"(0.914919, -0.000082, -0.060809)",LeftFalse_RightFalse
3.129395,0.061464,"(33.95896530151367, 1.1900614500045776, 0.9917441010475159)","(7.4451212882995605, 274.3846740722656, 359.5041809082031)","(33.305686950683594, 0.8570157885551453, 0.7840955257415771)","(0.08550693094730377, 89.12348175048828, -0.004568147473037243)","(34.11836624145508, -0.004057765938341618, 1.4069328308105469)","(359.9144287109375, 270.23199462890625, 0.002913112286478281)",0.490468,0.01651,"(-1.377995, -0.000044, 0.014155)",LeftFalse_RightFalse,False,"(-33.62240982055664, -0.004031327087432146, -1.0431150197982788)","(359.92620849609375, 91.66751861572266, 0.011302957311272621)",0.481289,0.097981,"(1.002237, -0.000076, -0.067911)",LeftFalse_RightFalse
3.19104,0.061503,"(33.872432708740234, 1.1900579929351807, 0.9927074909210205)","(7.423576354980469, 274.40850830078125, 359.50762939453125)","(33.21906661987305, 0.8570120930671692, 0.7853307723999023)","(0.0855211690068245, 89.14727020263672, -0.004688849672675133)","(34.032005310058594, -0.004060379695147276, 1.4078326225280762)","(359.9143981933594, 270.2557678222656, 0.0030335073824971914)",0.464039,0.01651,"(-1.439985, -0.000034, 0.015330)",LeftFalse_RightFalse,False,"(-33.55918884277344, -0.004035777412354946, -1.047413945198059)","(359.9242858886719, 91.77284240722656, 0.011709983460605145)",0.50081,0.095561,"(1.065195, -0.000066, -0.073072)",LeftFalse_RightFalse
3.25293,0.061583,"(33.78171157836914, 1.1900533437728882, 0.9937528371810913)","(7.433841228485107, 274.4998474121094, 359.4768371582031)","(33.128257751464844, 0.8569983243942261, 0.786660373210907)","(0.0847599059343338, 89.17212677001953, -0.004791276063770056)","(33.94147872924805, -0.004062109626829624, 1.408811092376709)","(359.9151611328125, 270.2806396484375, 0.0031506444793194532)",0.433507,0.016449,"(-1.497281, -0.000019, 0.016521)",LeftFalse_RightFalse,False,"(-33.49164962768555, -0.004039566032588482, -1.0520656108856201)","(359.92279052734375, 91.88265228271484, 0.012021235190331936)",0.491007,0.09404,"(1.130691, -0.000058, -0.078576)",LeftFalse_RightFalse
3.309937,0.060662,"(33.69509506225586, 1.1900478601455688, 0.994783341884613)","(7.36659574508667, 274.42901611328125, 359.4921569824219)","(33.04156494140625, 0.8569755554199219, 0.7879610657691956)","(0.08326861262321472, 89.19577026367188, -0.0048572295345366)","(33.855064392089844, -0.0040627773851156235, 1.4097774028778076)","(359.9166564941406, 270.30426025390625, 0.0032454337924718857)",0.402457,0.016449,"(-1.549200, -0.000001, 0.017689)",LeftFalse_RightFalse,False,"(-33.42586135864258, -0.004042809829115868, -1.0566630363464355)","(359.9216003417969, 91.9874267578125, 0.012366757728159428)",0.47072,0.09315,"(1.194246, -0.000053, -0.084390)",LeftFalse_RightFalse
3.369507,0.06045,"(33.60157012939453, 1.19069242477417, 0.9959321022033691)","(7.338034152984619, 274.4119567871094, 359.499267578125)","(32.947959899902344, 0.8569413423538208, 0.7894002199172974)","(0.08089714497327805, 89.22117614746094, -0.004902709275484085)","(33.76177215576172, -0.004062457010149956, 1.41085684299469)","(359.9190368652344, 270.3296813964844, 0.0033367739524692297)",0.373321,0.016449,"(-1.595644, 0.000019, 0.018875)",LeftFalse_RightFalse,False,"(-33.353424072265625, -0.004045766778290272, -1.06181800365448)","(359.9208679199219, 92.10106658935547, 0.01284798327833414)",0.460998,0.092086,"(1.254126, -0.000043, -0.090444)",LeftFalse_RightFalse
3.434448,0.061363,"(33.496498107910156, 1.1909711360931396, 0.9972682595252991)","(7.342240810394287, 274.39117431640625, 359.5224609375)","(32.84280776977539, 0.8568941354751587, 0.791061520576477)","(0.07750361412763596, 89.2496337890625, -0.004936050157994032)","(33.656978607177734, -0.0040606544353067875, 1.4121149778366089)","(359.92242431640625, 270.3581237792969, 0.0034357616677880287)",0.346702,0.016449,"(-1.636918, 0.000037, 0.020062)",LeftFalse_RightFalse,False,"(-33.2703857421875, -0.004048326052725315, -1.067858338356018)","(359.9208068847656, 92.2296371459961, 0.013448708690702915)",0.449845,0.090567,"(1.311969, -0.000032, -0.096634)",LeftFalse_RightFalse
3.491455,0.060469,"(33.40230178833008, 1.1910512447357178, 0.9985069632530212)","(7.406962871551514, 274.3948059082031, 359.4794616699219)","(32.748538970947266, 0.8568466305732727, 0.7925909757614136)","(0.07402997463941574, 89.27508544921875, -0.004951223731040955)","(33.56303787231445, -0.004058149177581072, 1.4132835865020752)","(359.9259033203125, 270.3835754394531, 0.0035181341227144003)",0.322745,0.016235,"(-1.673452, 0.000055, 0.021248)",LeftFalse_RightFalse,False,"(-33.194480895996094, -0.004049758426845074, -1.0734925270080566)","(359.9212341308594, 92.34540557861328, 0.013920984230935574)",0.420205,0.089444,"(1.367604, -0.000021, -0.102744)",LeftFalse_RightFalse
3.552124,0.060517,"(33.299686431884766, 1.1910837888717651, 0.9998984932899475)","(7.439132213592529, 274.4377136230469, 359.5141906738281)","(32.64584732055664, 0.8567928671836853, 0.7942964434623718)","(0.07002222537994385, 89.30260467529297, -0.004926090594381094)","(33.4607048034668, -0.004054612945765257, 1.4145984649658203)","(359.9299011230469, 270.4111022949219, 0.0035705436021089554)",0.30158,0.014923,"(-1.705704, 0.000065, 0.022324)",LeftFalse_RightFalse,False,"(-33.11027145385742, -0.004050678573548794, -1.0798697471618652)","(359.9222717285156, 92.47183227539062, 0.01437043771147728)",0.407807,0.088156,"(1.418089, -0.000005, -0.108788)",LeftFalse_RightFalse
3.611572,0.060314,"(33.19728469848633, 1.19109308719635, 1.0013113021850586)","(7.47376823425293, 274.406005859375, 359.5318908691406)","(32.543373107910156, 0.8567411303520203, 0.7960096001625061)","(0.06598232686519623, 89.32901000976562, -0.004701070953160524)","(33.358577728271484, -0.004050808027386665, 1.4159332513809204)","(359.9339294433594, 270.4375, 0.0034237245563417673)",0.284121,0.012512,"(-1.734160, 0.000071, 0.022823)",LeftFalse_RightFalse,False,"(-33.02479934692383, -0.004050892777740955, -1.0864800214767456)","(359.923828125, 92.59819030761719, 0.01476240810006857)",0.387925,0.085629,"(1.466086, 0.000006, -0.114870)",LeftFalse_RightFalse
3.67688,0.061297,"(33.083187103271484, 1.191096544265747, 1.0028681755065918)","(7.467702865600586, 274.33929443359375, 359.5888977050781)","(32.4292106628418, 0.8566901683807373, 0.7978637218475342)","(0.061637163162231445, 89.3553466796875, -0.004066105931997299)","(33.2447624206543, -0.004046156536787748, 1.4174036979675293)","(359.93829345703125, 270.4638366699219, 0.002872936427593231)",0.271184,0.009827,"(-1.759450, 0.000071, 0.022573)",LeftFalse_RightFalse,False,"(-32.92791748046875, -0.004050144925713539, -1.0941188335418701)","(359.9259948730469, 92.73821258544922, 0.0149617251008749)",0.374564,0.081424,"(1.510546, 0.000019, -0.120310)",LeftFalse_RightFalse
3.739258,0.061512,"(32.972530364990234, 1.1910984516143799, 1.0043179988861084)","(7.452720642089844, 274.33978271484375, 359.5387268066406)","(32.31850051879883, 0.856648325920105, 0.7995484471321106)","(0.057738203555345535, 89.37638092041016, -0.00313929351978004)","(33.13433837890625, -0.004041868727654219, 1.4187757968902588)","(359.94219970703125, 270.48486328125, 0.002021723659709096)",0.260731,0.008301,"(-1.782332, 0.000067, 0.021882)",LeftFalse_RightFalse,False,"(-32.83242416381836, -0.004048915579915047, -1.101744294166565)","(359.9283142089844, 92.87075805664062, 0.014647139236330986)",0.353817,0.076625,"(1.552517, 0.000022, -0.124807)",LeftFalse_RightFalse
3.804565,0.062279,"(32.85512924194336, 1.1910990476608276, 1.0057921409606934)","(7.4468512535095215, 274.3738708496094, 359.561279296875)","(32.20105743408203, 0.8566088080406189, 0.8012250661849976)","(0.05405757948756218, 89.39453125, -0.0022741183638572693)","(33.017147064208984, -0.0040377723053097725, 1.420181393623352)","(359.9459228515625, 270.5030212402344, 0.0012279122602194548)",0.250927,0.007965,"(-1.803232, 0.000059, 0.021522)",LeftFalse_RightFalse,False,"(-32.729610443115234, -0.004047110211104155, -1.1100112199783325)","(359.93096923828125, 93.00559997558594, 0.013838495127856731)",0.34036,0.072681,"(1.590826, 0.000030, -0.128528)",LeftFalse_RightFalse
3.865845,0.062092,"(32.7436408996582, 1.1910967826843262, 1.0071673393249512)","(7.512329578399658, 274.369140625, 359.50531005859375)","(32.08952713012695, 0.8565726280212402, 0.8027717471122742)","(0.05100852623581886, 89.40974426269531, -0.001875319634564221)","(32.90583038330078, -0.0040343813598155975, 1.4215058088302612)","(359.948974609375, 270.51824951171875, 0.0008881717221811414)",0.240913,0.007965,"(-1.822282, 0.000052, 0.021755)",LeftFalse_RightFalse,False,"(-32.630699157714844, -0.004045295529067516, -1.1180150508880615)","(359.93359375, 93.12784576416016, 0.012994617223739624)",0.322153,0.069072,"(1.626530, 0.000033, -0.132277)",LeftFalse_RightFalse
3.925293,0.061562,"(32.63454818725586, 1.1910923719406128, 1.0085198879241943)","(7.527401924133301, 274.3952331542969, 359.4831848144531)","(31.98040199279785, 0.8565383553504944, 0.8042877316474915)","(0.04838947951793671, 89.42406463623047, -0.0018263990059494972)","(32.796897888183594, -0.004031661432236433, 1.4228174686431885)","(359.95159912109375, 270.5325622558594, 0.0008899293025024235)",0.231107,0.007019,"(-1.839465, 0.000044, 0.022280)",LeftFalse_RightFalse,False,"(-32.5328369140625, -0.004043284337967634, -1.1259921789169312)","(359.9361877441406, 93.2424545288086, 0.012274876236915588)",0.306957,0.066681,"(1.658932, 0.000035, -0.135902)",LeftFalse_RightFalse
3.986816,0.061533,"(32.520851135253906, 1.191088318824768, 1.0099296569824219)","(7.555041313171387, 274.3699951171875, 359.4634704589844)","(31.866668701171875, 0.8565068244934082, 0.8058550953865051)","(0.045969732105731964, 89.43790435791016, -0.0017528129974380136)","(32.683349609375, -0.0040292032063007355, 1.4241869449615479)","(359.9540100097656, 270.54638671875, 0.0008631670498289168)",0.220695,0.003815,"(-1.854840, 0.000037, 0.022394)",LeftFalse_RightFalse,False,"(-32.429840087890625, -0.004041110165417194, -1.1344770193099976)","(359.93890380859375, 93.3579330444336, 0.011854780837893486)",0.295779,0.064763,"(1.688463, 0.000037, -0.139877)",LeftFalse_RightFalse
4.049927,0.061857,"(32.40304183959961, 1.1910885572433472, 1.0113227367401123)","(7.658225059509277, 274.3084411621094, 359.46246337890625)","(31.748836517333984, 0.856483519077301, 0.8073610067367554)","(0.04371398687362671, 89.44810485839844, -0.0010982417734339833)","(32.5656623840332, -0.004027093760669231, 1.4255378246307373)","(359.9562683105469, 270.55657958984375, 0.0002523602161090821)",0.205768,-0.000793,"(-1.872776, 0.000029, 0.021134)",LeftFalse_RightFalse,False,"(-32.322078704833984, -0.004038806073367596, -1.1434762477874756)","(359.941650390625, 93.47457885742188, 0.011744164861738682)",0.266428,0.063085,"(1.724826, 0.000034, -0.145737)",LeftFalse_RightFalse
4.110962,0.0617,"(32.28835678100586, 1.191091775894165, 1.0125761032104492)","(7.636298656463623, 274.2168884277344, 359.5672302246094)","(31.634145736694336, 0.8564673066139221, 0.8086630702018738)","(0.04171359911561012, 89.45288848876953, -7.417993037961423e-05)","(32.451053619384766, -0.00402546301484108, 1.426756739616394)","(359.9582824707031, 270.5613708496094, -0.0007328114006668329)",0.185191,-0.00473,"(-1.883608, 0.000027, 0.018844)",LeftFalse_RightFalse,False,"(-32.21625518798828, -0.004036703612655401, -1.1524620056152344)","(359.94427490234375, 93.58641052246094, 0.011903281323611736)",0.267503,0.061751,"(1.747033, 0.000037, -0.149821)",LeftFalse_RightFalse
4.17627,0.062423,"(32.16511917114258, 1.1910980939865112, 1.0137336254119873)","(7.5858917236328125, 274.1318664550781, 359.640869140625)","(31.51093101501465, 0.8564531803131104, 0.8097770810127258)","(0.03948243334889412, 89.4498519897461, 0.0014463945990428329)","(32.32783889770508, -0.004023722372949123, 1.4278916120529175)","(359.9605407714844, 270.558349609375, -0.0022099383641034365)",0.166672,-0.006622,"(-1.890890, 0.000029, 0.016237)",LeftFalse_RightFalse,False,"(-32.101558685302734, -0.004034311510622501, -1.1623613834381104)","(359.94708251953125, 93.70455169677734, 0.012112011201679707)",0.252893,0.06093,"(1.769025, 0.000037, -0.154109)",LeftFalse_RightFalse
4.237671,0.062206,"(32.049041748046875, 1.1911016702651978, 1.0146586894989014)","(7.534701824188232, 274.15771484375, 359.5972595214844)","(31.394899368286133, 0.8564339280128479, 0.8105929493904114)","(0.03712763264775276, 89.44087219238281, 0.002614265074953437)","(32.21174621582031, -0.004021664150059223, 1.4288182258605957)","(359.9629211425781, 270.54937744140625, -0.00333203561604023)",0.150005,-0.006622,"(-1.894957, 0.000036, 0.014387)",LeftFalse_RightFalse,False,"(-31.992496490478516, -0.004032200668007135, -1.1719383001327515)","(359.9494934082031, 93.81465911865234, 0.012381267733871937)",0.232134,0.060869,"(1.788419, 0.000032, -0.158472)",LeftFalse_RightFalse
4.302246,0.062677,"(31.926708221435547, 1.1910995244979858, 1.0155301094055176)","(7.515640735626221, 274.15966796875, 359.5796813964844)","(31.272626876831055, 0.8564021587371826, 0.8113221526145935)","(0.034401170909404755, 89.42862701416016, 0.0030739724170416594)","(32.08938217163086, -0.004019160754978657, 1.4297153949737549)","(359.9656677246094, 270.537109375, -0.0037389120552688837)",0.135004,-0.006439,"(-1.896155, 0.000044, 0.013588)",LeftFalse_RightFalse,False,"(-31.876522064208984, -0.0040300809778273106, -1.182321548461914)","(359.9520568847656, 93.9305191040039, 0.012809480540454388)",0.218406,0.060959,"(1.804141, 0.000033, -0.162987)",LeftFalse_RightFalse
4.366333,0.062969,"(31.805198669433594, 1.1910932064056396, 1.0163464546203613)","(7.437376022338867, 274.142578125, 359.5629577636719)","(31.151180267333984, 0.8563627600669861, 0.8119952082633972)","(0.03153905272483826, 89.41600036621094, 0.0029465770348906517)","(31.96784210205078, -0.004016128368675709, 1.4305708408355713)","(359.9685363769531, 270.52447509765625, -0.0035561707336455584)",0.121504,-0.006439,"(-1.894798, 0.000050, 0.013137)",LeftFalse_RightFalse,False,"(-31.76032829284668, -0.004027866292744875, -1.1929486989974976)","(359.9546813964844, 94.04624938964844, 0.013332589529454708)",0.202601,-0.007495,"(1.817342, 0.000036, -0.167543)",LeftFalse_RightFalse
4.427002,0.06251,"(31.690412521362305, 1.1917840242385864, 1.017087697982788)","(7.47877311706543, 274.0754089355469, 359.50421142578125)","(31.03645133972168, 0.8563233613967896, 0.8126020431518555)","(0.028794370591640472, 89.40406036376953, 0.0026435251347720623)","(31.853025436401367, -0.004012852907180786, 1.431352972984314)","(359.97125244140625, 270.5125732421875, -0.00320007698610425)",0.109354,-0.006439,"(-1.891171, 0.000057, 0.012698)",LeftFalse_RightFalse,False,"(-31.649553298950195, -0.004025613889098167, -1.2016019821166992)","(359.957275390625, 94.08478546142578, -0.000620545179117471)",0.187192,-0.001193,"(1.830222, 0.000040, -0.136271)",LeftFalse_RightFalse
4.484009,0.061397,"(31.58296012878418, 1.19203519821167, 1.0183286666870117)","(7.4408040046691895, 274.11944580078125, 359.43426513671875)","(30.929059982299805, 0.8562870621681213, 0.813147783279419)","(0.026262056082487106, 89.39289855957031, 0.0023480586241930723)","(31.74555206298828, -0.004009580239653587, 1.4320626258850098)","(359.9737854003906, 270.50140380859375, -0.002855675294995308)",0.098418,-0.006409,"(-1.885528, 0.000058, 0.012269)",LeftFalse_RightFalse,False,"(-31.545047760009766, -0.004023242276161909, -1.2091741561889648)","(359.9597473144531, 94.08964538574219, 359.9919738769531)",0.170776,-0.001634,"(1.838564, 0.000042, -0.132825)",LeftFalse_RightFalse
4.54126,0.060589,"(31.475099563598633, 1.192141056060791, 1.0192300081253052)","(7.418209552764893, 274.1868591308594, 359.4960021972656)","(30.82125473022461, 0.8562523126602173, 0.8136761784553528)","(0.023808538913726807, 89.38172912597656, 0.002084194216877222)","(31.637662887573242, -0.004006282892078161, 1.4327545166015625)","(359.9762268066406, 270.4902038574219, -0.0025443958584219217)",0.088576,-0.005646,"(-1.878098, 0.000058, 0.011856)",LeftFalse_RightFalse,False,"(-31.439430236816406, -0.004020622931420803, -1.2167288064956665)","(359.9622497558594, 94.0890884399414, 359.98974609375)",0.158008,-0.002285,"(1.843911, 0.000047, -0.131537)",LeftFalse_RightFalse
4.598267,0.059853,"(31.368520736694336, 1.1921823024749756, 1.0199754238128662)","(7.3682427406311035, 274.1634216308594, 359.4939880371094)","(30.71472930908203, 0.8562188148498535, 0.8142006397247314)","(0.021501081064343452, 89.37133026123047, 0.0017451685853302479)","(31.53105926513672, -0.004003025591373444, 1.4334324598312378)","(359.9785461425781, 270.4798278808594, -0.002160792937502265)",0.079719,-0.004181,"(-1.869089, 0.000057, 0.011815)",LeftFalse_RightFalse,False,"(-31.33441734313965, -0.004017968662083149, -1.224186897277832)","(359.9647521972656, 94.08638000488281, 359.989990234375)",0.14542,-0.003705,"(1.846997, 0.000050, -0.130737)",LeftFalse_RightFalse
4.660767,0.060394,"(31.25196075439453, 1.1921974420547485, 1.0207469463348389)","(7.384730815887451, 274.1584167480469, 359.48150634765625)","(30.598217010498047, 0.8561825156211853, 0.8148170709609985)","(0.01913425512611866, 89.3617935180664, 0.001189398462884128)","(31.414480209350586, -0.003999421373009682, 1.4341936111450195)","(359.98089599609375, 270.47027587890625, -0.001559340045787394)",0.071747,-0.002502,"(-1.858684, 0.000057, 0.012246)",LeftFalse_RightFalse,False,"(-31.218856811523438, -0.0040148175321519375, -1.23233163356781)","(359.96746826171875, 94.08122253417969, 359.9911804199219)",0.134632,-0.004794,"(1.847946, 0.000050, -0.129653)",LeftFalse_RightFalse
4.719482,0.060056,"(31.143218994140625, 1.1921976804733276, 1.0214829444885254)","(7.436399936676025, 274.1761474609375, 359.53277587890625)","(30.489511489868164, 0.8561490774154663, 0.8154677152633667)","(0.01708253100514412, 89.35547637939453, 0.0005230905371718109)","(31.305736541748047, -0.003996269777417183, 1.4349446296691895)","(359.9829406738281, 270.4639587402344, -0.0008534651715308428)",0.064572,-0.002319,"(-1.847052, 0.000054, 0.012960)",LeftFalse_RightFalse,False,"(-31.11041259765625, -0.00401182658970356, -1.239911675453186)","(359.96990966796875, 94.07420349121094, 359.9924011230469)",0.12212,-0.006131,"(1.847056, 0.000052, -0.128576)",LeftFalse_RightFalse
4.778564,0.059863,"(31.034465789794922, 1.192195177078247, 1.0222405195236206)","(7.463744640350342, 274.1598815917969, 359.4940490722656)","(30.38078498840332, 0.8561201691627502, 0.8161667585372925)","(0.01519237831234932, 89.35073852539062, 7.625765283592045e-05)","(31.19698715209961, -0.0039932457730174065, 1.4357181787490845)","(359.98480224609375, 270.459228515625, -0.00037015083944424987)",0.058115,-0.003448,"(-1.834350, 0.000051, 0.013063)",LeftFalse_RightFalse,False,"(-31.001375198364258, -0.00400878768414259, -1.247469425201416)","(359.9722595214844, 94.06504821777344, 359.9934387207031)",0.111693,-0.007663,"(1.844095, 0.000050, -0.127239)",LeftFalse_RightFalse
4.838257,0.059833,"(30.925350189208984, 1.1921947002410889, 1.0229859352111816)","(7.476009368896484, 274.14996337890625, 359.47796630859375)","(30.271699905395508, 0.8560985326766968, 0.8168508410453796)","(0.01346020121127367, 89.34561920166016, 9.88122119451873e-05)","(31.087871551513672, -0.00399026507511735, 1.4364750385284424)","(359.9865417480469, 270.4541015625, -0.0003591898421291262)",0.052304,-0.006042,"(-1.820716, 0.000048, 0.012376)",LeftFalse_RightFalse,False,"(-30.89141082763672, -0.004005777649581432, -1.255016803741455)","(359.9745788574219, 94.0533447265625, 359.9941711425781)",0.102075,-0.010194,"(1.839418, 0.000050, -0.125610)",LeftFalse_RightFalse
4.902344,0.060684,"(30.808544158935547, 1.1921981573104858, 1.0236947536468506)","(7.516044616699219, 273.9934387207031, 359.4983825683594)","(30.15557289123535, 0.856084406375885, 0.8174654245376587)","(0.011792891658842564, 89.33715057373047, 0.0007474067388102412)","(30.9716796875, -0.003987355623394251, 1.4372007846832275)","(359.98822021484375, 270.4456481933594, -0.0009754076600074768)",0.047073,-0.009064,"(-1.806269, 0.000045, 0.010726)",LeftFalse_RightFalse,False,"(-30.773746490478516, -0.004002621863037348, -1.2629806995391846)","(359.9769287109375, 94.03702545166016, -0.005549016874283552)",0.093084,-0.012081,"(1.833213, 0.000048, -0.123273)",LeftFalse_RightFalse
4.964111,0.060894,"(30.697418212890625, 1.1922043561935425, 1.0242453813552856)","(7.617055416107178, 273.8359069824219, 359.459716796875)","(30.04472541809082, 0.8560777306556702, 0.817865252494812)","(0.010357048362493515, 89.32426452636719, 0.0018129633972421288)","(30.860713958740234, -0.00398475956171751, 1.4377684593200684)","(359.98968505859375, 270.4327392578125, -0.0020129878539592028)",0.042366,-0.010559,"(-1.791114, 0.000041, 0.008533)",LeftFalse_RightFalse,False,"(-30.660856246948242, -0.003999657463282347, -1.2704989910125732)","(359.9790344238281, 94.01738739013672, -0.00554440775886178)",0.08433,-0.015047,"(1.825564, 0.000049, -0.120915)",LeftFalse_RightFalse
5.023193,0.060541,"(30.592073440551758, 1.1922094821929932, 1.0246517658233643)","(7.581912040710449, 273.85186767578125, 359.4286804199219)","(29.939525604248047, 0.8560715913772583, 0.8180863857269287)","(0.009117349050939083, 89.3083724975586, 0.00269352737814188)","(30.755361557006836, -0.003982395399361849, 1.4382028579711914)","(359.9909362792969, 270.4168701171875, -0.002869405085220933)",0.038129,-0.010559,"(-1.775352, 0.000039, 0.006843)",LeftFalse_RightFalse,False,"(-30.553234100341797, -0.003996772691607475, -1.2775304317474365)","(359.98095703125, 93.99430847167969, 359.994140625)",0.076559,-0.019023,"(1.816568, 0.000047, -0.117874)",LeftFalse_RightFalse
5.082764,0.06034,"(30.487010955810547, 1.1922111511230469, 1.0249829292297363)","(7.568080902099609, 273.90032958984375, 359.4212341308594)","(29.834566116333008, 0.8560617566108704, 0.8182185888290405)","(0.007985029369592667, 89.29106903076172, 0.003078002715483308)","(30.650230407714844, -0.003980109468102455, 1.4385758638381958)","(359.9920654296875, 270.3995666503906, -0.0032319023739546537)",0.034316,-0.009644,"(-1.759072, 0.000036, 0.005945)",LeftFalse_RightFalse,False,"(-30.44544219970703, -0.003994066268205643, -1.2843971252441406)","(359.9827880859375, 93.96540832519531, 359.993408203125)",0.069482,-0.0241,"(1.806407, 0.000046, -0.114007)",LeftFalse_RightFalse
5.1427,0.060266,"(30.382184982299805, 1.1922093629837036, 1.0252825021743774)","(7.412032604217529, 273.8731384277344, 359.4385681152344)","(29.729820251464844, 0.8560475707054138, 0.8183272480964661)","(0.0069511751644313335, 89.27421569824219, 0.0029439462814480066)","(30.545318603515625, -0.003978007473051548, 1.4389266967773438)","(359.99310302734375, 270.3826904296875, -0.003077870234847069)",0.030885,-0.008362,"(-1.742355, 0.000034, 0.005688)",LeftFalse_RightFalse,False,"(-30.337505340576172, -0.003991351928561926, -1.29104483127594)","(359.9844970703125, 93.92887115478516, 359.99224853515625)",0.062912,-0.028272,"(1.795213, 0.000044, -0.109212)",LeftFalse_RightFalse
5.20459,0.060575,"(30.275196075439453, 1.1922049522399902, 1.025590419769287)","(7.354873180389404, 273.8082275390625, 359.39703369140625)","(29.62289810180664, 0.8560304045677185, 0.8184610605239868)","(0.0059890164993703365, 89.25865173339844, 0.002443781355395913)","(30.438241958618164, -0.003975972067564726, 1.4392898082733154)","(359.9940490722656, 270.36712646484375, -0.002559185726568103)",0.027796,-0.007416,"(-1.725269, 0.000031, 0.005810)",LeftFalse_RightFalse,False,"(-30.226987838745117, -0.003988698590546846, -1.2975990772247314)","(359.98614501953125, 93.88348388671875, 359.9909973144531)",0.056707,-0.032326,"(1.783039, 0.000042, -0.104425)",LeftFalse_RightFalse
5.264404,0.060418,"(30.173349380493164, 1.1922003030776978, 1.0259075164794922)","(7.358979225158691, 273.7740173339844, 359.39697265625)","(29.520498275756836, 0.8560143709182739, 0.8186236023902893)","(0.0051530105993151665, 89.24547576904297, 0.0018840000266209245)","(30.335712432861328, -0.003974094986915588, 1.439648151397705)","(-0.005115598905831575, 270.3539733886719, -0.001983335940167308)",0.025017,-0.007233,"(-1.707878, 0.000031, 0.005924)",LeftFalse_RightFalse,False,"(-30.120853424072266, -0.0039861928671598434, -1.3036454916000366)","(359.9876403808594, 93.8326416015625, 359.9898681640625)",0.051436,-0.034334,"(1.769966, 0.000041, -0.099529)",LeftFalse_RightFalse
5.322876,0.060047,"(30.07425308227539, 1.1921972036361694, 1.0262123346328735)","(7.385806560516357, 273.809814453125, 359.38970947265625)","(29.42121124267578, 0.8560014367103577, 0.8187921643257141)","(0.004418920259922743, 89.23359680175781, 0.001508115790784359)","(30.23630714416504, -0.003972445614635944, 1.4399915933609009)","(-0.004388917703181505, 270.34210205078125, -0.001593320514075458)",0.022515,-0.007233,"(-1.690239, 0.000029, 0.005725)",LeftFalse_RightFalse,False,"(-30.017684936523438, -0.003983898553997278, -1.3093209266662598)","(359.98895263671875, 93.77831268310547, 359.9892578125)",0.046509,-0.037296,"(1.756127, 0.000040, -0.095463)",LeftFalse_RightFalse
5.383423,0.060133,"(29.972822189331055, 1.1921954154968262, 1.027160882949829)","(7.406649589538574, 273.942138671875, 359.38555908203125)","(29.319734573364258, 0.8559913635253906, 0.8189566135406494)","(0.0037414957769215107, 89.22175598144531, 0.0013137091882526875)","(30.13471221923828, -0.003970719873905182, 1.4403274059295654)","(-0.0037153807934373617, 270.33026123046875, -0.0013858447782695293)",0.020264,-0.007202,"(-1.672402, 0.000028, 0.005382)",LeftFalse_RightFalse,False,"(-29.9119930267334, -0.0039816005155444145, -1.3149280548095703)","(359.990234375, 93.71806335449219, 359.98883056640625)",0.041525,-0.039407,"(1.741638, 0.000036, -0.091079)",LeftFalse_RightFalse
5.445679,0.06056,"(29.869461059570312, 1.1921945810317993, 1.0277124643325806)","(7.404451847076416, 273.9764709472656, 359.3839416503906)","(29.21638298034668, 0.8559831380844116, 0.8191075325012207)","(0.0031189380679279566, 89.20979309082031, 0.0012287343852221966)","(30.031240463256836, -0.0039690760895609856, 1.4406501054763794)","(-0.0030945842154324055, 270.31829833984375, -0.0012888425262644887)",0.018237,-0.006836,"(-1.654413, 0.000025, 0.005025)",LeftFalse_RightFalse,False,"(-29.804107666015625, -0.003979443572461605, -1.3204365968704224)","(359.9914245605469, 93.65225219726562, 359.98858642578125)",0.127671,-0.041621,"(1.726481, 0.000035, -0.086959)",LeftFalse_RightFalse
5.508057,0.060925,"(29.76705551147461, 1.192193865776062, 1.0280849933624268)","(7.403936386108398, 273.9651794433594, 359.3648376464844)","(29.1140079498291, 0.8559757471084595, 0.8192498683929443)","(0.0025622101966291666, 89.19831085205078, 0.0011345428647473454)","(29.928749084472656, -0.003967478405684233, 1.4409571886062622)","(-0.0025397823192179203, 270.3067932128906, -0.0011838979553431273)",0.016413,-0.006104,"(-1.636314, 0.000025, 0.004819)",LeftFalse_RightFalse,False,"(-29.696453094482422, -0.0039779613725841045, -1.3257089853286743)","(359.99090576171875, 93.58226776123047, 359.9883117675781)",0.1461,-0.04266,"(1.725367, 0.000010, -0.083370)",LeftFalse_RightFalse
5.568115,0.060756,"(29.669532775878906, 1.1921926736831665, 1.0283825397491455)","(7.393289566040039, 273.9703674316406, 359.3441467285156)","(29.01651954650879, 0.8559683561325073, 0.8193977475166321)","(0.002081256825476885, 89.18827056884766, 0.0009545210050418973)","(29.831157684326172, -0.003966016694903374, 1.4412505626678467)","(-0.0020624015014618635, 270.2967529296875, -0.0009946057107299566)",0.014772,-0.004944,"(-1.618138, 0.000023, 0.004831)",LeftFalse_RightFalse,False,"(-29.592689514160156, -0.0039788661524653435, -1.330599069595337)","(359.98876953125, 93.51191711425781, 359.9881896972656)",0.158268,-0.043551,"(1.727679, -0.000026, -0.080489)",LeftFalse_RightFalse
5.633423,0.061673,"(29.564708709716797, 1.1921902894973755, 1.0286989212036133)","(7.43513298034668, 273.984130859375, 359.33538818359375)","(28.91172981262207, 0.8559596538543701, 0.8195959329605103)","(0.0016143654938787222, 89.17910766601562, 0.0006293875630944967)","(29.726276397705078, -0.003964614123106003, 1.4415841102600098)","(-0.0016018874011933804, 270.28759765625, -0.0006605006637983024)",0.013295,-0.003357,"(-1.593894, 0.000022, 0.005081)",LeftFalse_RightFalse,False,"(-29.479581832885742, -0.003981855232268572, -1.335734248161316)","(359.9856872558594, 93.43310546875, 359.9882507324219)",0.175041,-0.045662,"(1.733474, -0.000058, -0.077109)",LeftFalse_RightFalse
5.698242,0.0623,"(29.461999893188477, 1.1921879053115845, 1.0290279388427734)","(7.4173808097839355, 274.0258483886719, 359.31756591796875)","(28.80904769897461, 0.8559512495994568, 0.8198403120040894)","(0.0012137629091739655, 89.17195129394531, 0.00024894197122193873)","(29.62352180480957, -0.003963150084018707, 1.4419360160827637)","(-0.0012087197974324226, 270.2804260253906, -0.00027237634640187025)",0.011965,-0.001923,"(-1.575734, 0.000021, 0.005600)",LeftFalse_RightFalse,False,"(-29.367008209228516, -0.0039860643446445465, -1.3406341075897217)","(359.982421875, 93.35221862792969, 359.9881591796875)",0.194716,-0.046493,"(1.740530, -0.000073, -0.074033)",LeftFalse_RightFalse
5.758301,0.061852,"(29.36793327331543, 1.1921851634979248, 1.0293700695037842)","(7.383647918701172, 274.05499267578125, 359.346435546875)","(28.714998245239258, 0.8559432625770569, 0.8201335668563843)","(0.0008838261128403246, 89.16761016845703, -0.00017792507424019277)","(29.529430389404297, -0.003961899317800999, 1.4422975778579712)","(-0.0008871029131114483, 270.2760925292969, 0.000160793584655039)",0.010769,-0.001343,"(-1.557584, 0.000022, 0.006194)",LeftFalse_RightFalse,False,"(-29.262155532836914, -0.003990788012742996, -1.3449985980987549)","(359.9792785644531, 93.27437591552734, 359.9880065917969)",0.204065,-0.046029,"(1.750765, -0.000080, -0.071414)",LeftFalse_RightFalse
5.819702,0.061764,"(29.27285385131836, 1.192183494567871, 1.029750108718872)","(7.341300964355469, 274.06585693359375, 359.3448486328125)","(28.619932174682617, 0.855937123298645, 0.8204827308654785)","(0.0005835089832544327, 89.164794921875, -0.00047184163122437894)","(29.434337615966797, -0.0039606159552931786, 1.4426909685134888)","(-0.0005925278528593481, 270.2732849121094, 0.0004604649730026722)",0.009692,-0.001343,"(-1.539467, 0.000020, 0.006471)",LeftFalse_RightFalse,False,"(-29.154247283935547, -0.003995852079242468, -1.3493272066116333)","(359.9761047363281, 93.19355773925781, 359.9880676269531)",0.214503,-0.045016,"(1.762493, -0.000082, -0.069510)",LeftFalse_RightFalse
5.880005,0.061453,"(29.180742263793945, 1.1921833753585815, 1.03013277053833)","(7.290524482727051, 274.0623474121094, 359.3339538574219)","(28.527830123901367, 0.8559338450431824, 0.8208411335945129)","(0.0003220718936063349, 89.16266632080078, -0.0005309826228767633)","(29.34221649169922, -0.003959496505558491, 1.4430807828903198)","(-0.00033228384563699365, 270.2711486816406, 0.0005246525979600847)",0.008723,-0.001343,"(-1.521402, 0.000020, 0.006445)",LeftFalse_RightFalse,False,"(-29.047697067260742, -0.004000760614871979, -1.3534733057022095)","(359.97320556640625, 93.11460876464844, 359.9884338378906)",0.222604,-0.04532,"(1.775828, -0.000080, -0.068076)",LeftFalse_RightFalse
5.939209,0.061011,"(29.09178924560547, 1.1921844482421875, 1.030516505241394)","(7.2584333419799805, 274.04876708984375, 359.2992858886719)","(28.43826675415039, 0.8559324741363525, 0.8211930990219116)","(9.214666351908818e-05, 89.16071319580078, -0.0004543714167084545)","(29.252635955810547, -0.003958364482969046, 1.4434592723846436)","(-0.00010091953299706802, 270.2691955566406, 0.00045250379480421543)",0.007851,-0.001343,"(-1.503408, 0.000019, 0.006349)",LeftFalse_RightFalse,False,"(-28.942031860351562, -0.004005325026810169, -1.3574492931365967)","(359.9706115722656, 93.03675079345703, 359.9886779785156)",0.228973,-0.044223,"(1.790398, -0.000074, -0.066148)",LeftFalse_RightFalse
5.997803,0.060537,"(29.00441551208496, 1.192185878753662, 1.0308854579925537)","(7.230739593505859, 274.0575866699219, 359.3054504394531)","(28.350650787353516, 0.85593181848526, 0.8215360641479492)","(-0.00011274911230430007, 89.15882110595703, -0.0003343099670019001)","(29.165002822875977, -0.003957301843911409, 1.4438273906707764)","(0.00010626058065099642, 270.2673034667969, 0.00033642860944382846)",0.007066,-0.001373,"(-1.485498, 0.000017, 0.006233)",LeftFalse_RightFalse,False,"(-28.836578369140625, -0.004009457305073738, -1.3612934350967407)","(359.96832275390625, 92.9598388671875, 359.98895263671875)",0.234454,-0.044011,"(1.805886, -0.000070, -0.064777)",LeftFalse_RightFalse
6.059937,0.060851,"(28.912832260131836, 1.1921870708465576, 1.0312663316726685)","(7.237455368041992, 274.03948974609375, 359.2964172363281)","(28.258968353271484, 0.8559314608573914, 0.8218916654586792)","(-0.0003075720742344856, 89.15682983398438, -0.00020099659741390496)","(29.073301315307617, -0.003956307657063007, 1.4442095756530762)","(0.00030362617690116167, 270.26531982421875, 0.00020690922974608839)",0.006359,-0.001892,"(-1.467687, 0.000018, 0.006098)",LeftFalse_RightFalse,False,"(-28.723896026611328, -0.004013509955257177, -1.3652678728103638)","(359.9662170410156, 92.87860107421875, 359.9891357421875)",0.242695,-0.046302,"(1.822145, -0.000060, -0.063116)",LeftFalse_RightFalse
6.118774,0.060445,"(28.827091217041016, 1.1921889781951904, 1.0316102504730225)","(7.221000671386719, 273.9961242675781, 359.2808532714844)","(28.173194885253906, 0.8559320569038391, 0.82220858335495)","(-0.00047120312228798866, 89.15458679199219, -1.7381724319420755e-05)","(28.987506866455078, -0.00395530229434371, 1.4445552825927734)","(0.00047077873023226857, 270.2630920410156, 2.6494184567127377e-05)",0.005723,-0.002289,"(-1.449988, 0.000017, 0.005755)",LeftFalse_RightFalse,False,"(-28.616180419921875, -0.00401691347360611, -1.3688814640045166)","(359.9644470214844, 92.79938507080078, 359.98876953125)",0.244509,-0.049379,"(1.839624, -0.000053, -0.060101)",LeftFalse_RightFalse
6.180542,0.060724,"(28.73801612854004, 1.1921910047531128, 1.0319490432739258)","(7.269163131713867, 273.9679870605469, 359.3095703125)","(28.084115982055664, 0.8559331297874451, 0.822512686252594)","(-0.0006250296137295663, 89.15169525146484, 0.00018976755382027477)","(28.89839744567871, -0.003954291809350252, 1.4448976516723633)","(0.0006285838899202645, 270.26019287109375, -0.00017764043877832592)",0.005151,-0.002655,"(-1.432410, 0.000015, 0.005413)",LeftFalse_RightFalse,False,"(-28.501834869384766, -0.004019980318844318, -1.3724569082260132)","(359.9628601074219, 92.71096801757812, 359.9877624511719)",0.251054,-0.051286,"(1.857276, -0.000049, -0.056180)",LeftFalse_RightFalse
6.241943,0.060838,"(28.65082550048828, 1.1921929121017456, 1.0322613716125488)","(7.184723854064941, 273.9671325683594, 359.2998352050781)","(27.996932983398438, 0.8559341430664062, 0.8227852582931519)","(-0.000760762020945549, 89.14830017089844, 0.000368178472854197)","(28.811180114746094, -0.00395321985706687, 1.4452157020568848)","(0.000767742283642292, 270.25677490234375, -0.00035339221358299255)",0.004636,-0.002869,"(-1.414961, 0.000015, 0.005074)",LeftFalse_RightFalse,False,"(-28.387372970581055, -0.004022774286568165, -1.3757606744766235)","(359.96148681640625, 92.61797332763672, 359.9866027832031)",0.254353,-0.053118,"(1.875823, -0.000044, -0.052417)",LeftFalse_RightFalse
6.30249,0.060791,"(28.56630516052246, 1.1928064823150635, 1.0325590372085571)","(7.115301609039307, 273.99969482421875, 359.3270263671875)","(27.911808013916016, 0.8559345006942749, 0.8230306506156921)","(-0.0008809390128590167, 89.14459228515625, 0.0004888796247541904)","(28.726016998291016, -0.003952326253056526, 1.445512056350708)","(0.0008902318077161908, 270.2530822753906, -0.00047174585051834583)",0.007743,-0.003082,"(-1.397651, 0.000014, 0.004795)",LeftFalse_RightFalse,False,"(-28.273042678833008, -0.004025283269584179, -1.3787933588027954)","(359.9602966308594, 92.52132415771484, 359.9855651855469)",0.256542,-0.052287,"(1.894760, -0.000040, -0.048553)",LeftFalse_RightFalse
6.362793,0.060684,"(28.482929229736328, 1.1930475234985352, 1.0328319072723389)","(7.08811092376709, 274.00994873046875, 359.3376159667969)","(27.828205108642578, 0.8559354543685913, 0.8232542872428894)","(-0.0009318994707427919, 89.14063262939453, 0.0005634066183120012)","(28.642372131347656, -0.003951479680836201, 1.4457907676696777)","(0.0009426245815120637, 270.2491455078125, -0.0005452730692923069)",0.014111,-0.003448,"(-1.381051, 0.000014, 0.004528)",LeftFalse_RightFalse,False,"(-28.158214569091797, -0.004027549177408218, -1.3816263675689697)","(359.9592590332031, 92.42323303222656, 359.985107421875)",0.258817,-0.052872,"(1.913885, -0.000036, -0.045893)",LeftFalse_RightFalse
6.422485,0.060488,"(28.401123046875, 1.193143367767334, 1.0330809354782104)","(7.031965732574463, 273.9913330078125, 359.3497314453125)","(27.746318817138672, 0.8559383749961853, 0.8234525918960571)","(-0.0008196269627660513, 89.13636779785156, 0.0006333522615022957)","(28.56043815612793, -0.003950868733227253, 1.4460488557815552)","(0.0008317262982018292, 270.2448425292969, -0.0006173775182105601)",0.025,-0.004028,"(-1.365683, 0.000009, 0.004208)",LeftFalse_RightFalse,False,"(-28.043285369873047, -0.004029630683362484, -1.3842577934265137)","(359.9583740234375, 92.32462310791016, 359.9848937988281)",0.260519,-0.052091,"(1.933205, -0.000035, -0.042760)",LeftFalse_RightFalse
6.481934,0.060282,"(28.32044792175293, 1.1931835412979126, 1.0333044528961182)","(7.066731929779053, 273.97906494140625, 359.3874206542969)","(27.66562271118164, 0.8559454679489136, 0.8236197829246521)","(-0.0004327289934735745, 89.13153839111328, 0.0007311704102903605)","(28.47968292236328, -0.003950446844100952, 1.446282982826233)","(0.0004467929247766733, 270.2400207519531, -0.0007226621964946389)",0.038769,-0.004883,"(-1.352258, 0.000005, 0.003794)",LeftFalse_RightFalse,False,"(-27.927688598632812, -0.004031517542898655, -1.386715292930603)","(359.9576110839844, 92.22579193115234, 359.9848937988281)",0.262048,-0.051315,"(1.952628, -0.000032, -0.040147)",LeftFalse_RightFalse
6.549683,0.061769,"(28.229415893554688, 1.193204641342163, 1.033521294593811)","(7.051763534545898, 273.9917907714844, 359.4130554199219)","(27.5745906829834, 0.8559598326683044, 0.8237607479095459)","(0.0004455097659956664, 89.12500762939453, 0.0008958777762018144)","(28.388566970825195, -0.003950482700020075, 1.4465138912200928)","(-0.00042809496517293155, 270.2334899902344, -0.000904328771866858)",0.053145,-0.006073,"(-1.337592, -0.000007, 0.003153)",LeftFalse_RightFalse,False,"(-27.794654846191406, -0.0040335385128855705, -1.3893338441848755)","(359.9569091796875, 92.11344146728516, 359.9850769042969)",0.253391,-0.049687,"(1.978580, -0.000028, -0.036688)",LeftFalse_RightFalse
6.615723,0.062633,"(28.14133071899414, 1.1932142972946167, 1.0336896181106567)","(7.095685958862305, 273.95721435546875, 359.4107360839844)","(27.48651885986328, 0.8559786081314087, 0.8238417506217957)","(0.0016657592495903373, 89.11748504638672, 0.0010793234687298536)","(28.300395965576172, -0.003951189108192921, 1.4466989040374756)","(-0.0016445673536509275, 270.2259826660156, -0.0011113466462120414)",0.06648,-0.006989,"(-1.329064, -0.000016, 0.002471)",LeftFalse_RightFalse,False,"(-27.663406372070312, -0.004035342019051313, -1.3917083740234375)","(359.9564514160156, 92.00465393066406, 359.98541259765625)",0.270373,-0.04938,"(1.996413, -0.000023, -0.034565)",LeftFalse_RightFalse
6.675171,0.061986,"(28.062639236450195, 1.1932202577590942, 1.033188819885254)","(7.056605815887451, 273.90460205078125, 359.43695068359375)","(27.407840728759766, 0.8559998273849487, 0.8238556385040283)","(0.0030795056372880936, 89.10942077636719, 0.0012702721869572997)","(28.221607208251953, -0.003952340222895145, 1.4468239545822144)","(-0.0030543552711606026, 270.2178955078125, -0.0013296094257384539)",0.078481,-0.00708,"(-1.322803, -0.000023, 0.001818)",LeftFalse_RightFalse,False,"(-27.544282913208008, -0.0040366509929299355, -1.3936941623687744)","(359.95611572265625, 91.90779876708984, 359.98565673828125)",0.266061,-0.047763,"(2.016796, -0.000024, -0.031898)",LeftFalse_RightFalse
6.735962,0.061767,"(27.982303619384766, 1.1932247877120972, 1.033012866973877)","(7.072076797485352, 273.83538818359375, 359.4687194824219)","(27.32752227783203, 0.8560230731964111, 0.8238300681114197)","(0.0047670756466686726, 89.10047912597656, 0.001335666747763753)","(28.14116668701172, -0.003953985869884491, 1.4469239711761475)","(-0.0047403438948094845, 270.208984375, -0.0014276388101279736)",0.089679,-0.00708,"(-1.318565, -0.000032, 0.001476)",LeftFalse_RightFalse,False,"(-27.42093276977539, -0.004038084764033556, -1.395585298538208)","(359.9556579589844, 91.80945587158203, 359.9859619140625)",0.267401,-0.047467,"(2.036379, -0.000025, -0.029776)",LeftFalse_RightFalse
6.797363,0.061689,"(27.901538848876953, 1.193227767944336, 1.0329704284667969)","(7.068517208099365, 273.80242919921875, 359.4844055175781)","(27.24677848815918, 0.8560469150543213, 0.8237828016281128)","(0.0066214450635015965, 89.09130859375, 0.001271853456273675)","(28.06029510498047, -0.003956133499741554, 1.447007417678833)","(359.993408203125, 270.1997985839844, -0.0013997122878208756)",0.099757,-0.00708,"(-1.316192, -0.000038, 0.001231)",LeftFalse_RightFalse,False,"(-27.29538345336914, -0.0040397047996521, -1.397338628768921)","(359.95526123046875, 91.71125793457031, 359.9861145019531)",0.269858,-0.049831,"(2.055961, -0.000026, -0.027083)",LeftFalse_RightFalse
6.858765,0.061632,"(27.820844650268555, 1.1932300329208374, 1.0329740047454834)","(7.077047824859619, 273.7557678222656, 359.4811096191406)","(27.16610336303711, 0.856070876121521, 0.8237202167510986)","(0.008545727469027042, 89.08209991455078, 0.0011530221672728658)","(27.9794921875, -0.003958559595048428, 1.4470769166946411)","(359.9914855957031, 270.19061279296875, -0.0013181298272684216)",0.108827,-0.00708,"(-1.315481, -0.000040, 0.001010)",LeftFalse_RightFalse,False,"(-27.168540954589844, -0.004041273146867752, -1.3988604545593262)","(359.9548645019531, 91.61068725585938, 359.985595703125)",0.270917,-0.052435,"(2.075746, -0.000025, -0.022714)",LeftFalse_RightFalse
6.917603,0.06106,"(27.743593215942383, 1.1932321786880493, 1.0329872369766235)","(7.098402500152588, 273.798095703125, 359.49493408203125)","(27.08887481689453, 0.8560935854911804, 0.8236474990844727)","(0.010385697707533836, 89.07328033447266, 0.001032658270560205)","(27.90213966369629, -0.003960952162742615, 1.4471306800842285)","(359.9896240234375, 270.1817932128906, -0.0012333831982687116)",0.116991,-0.00708,"(-1.316248, -0.000042, 0.000799)",LeftFalse_RightFalse,False,"(-27.045961380004883, -0.004042778629809618, -1.4000298976898193)","(359.95452880859375, 91.50943756103516, 359.98443603515625)",0.269232,-0.054266,"(2.095514, -0.000027, -0.017544)",LeftFalse_RightFalse
6.977905,0.06092,"(27.664180755615234, 1.1932339668273926, 1.0329968929290771)","(7.144469261169434, 273.82080078125, 359.4722900390625)","(27.009483337402344, 0.8561161756515503, 0.8235597610473633)","(0.01221833098679781, 89.06420135498047, 0.0009220458450727165)","(27.822622299194336, -0.00396354403346777, 1.4471731185913086)","(359.98779296875, 270.1726989746094, -0.0011582449078559875)",0.124338,-0.006958,"(-1.318329, -0.000042, 0.000591)",LeftFalse_RightFalse,False,"(-26.918914794921875, -0.0040443348698318005, -1.4009208679199219)","(359.9542541503906, 91.40018463134766, 359.9831237792969)",0.271601,-0.054106,"(2.114815, -0.000025, -0.012337)",LeftFalse_RightFalse
7.039551,0.061054,"(27.582975387573242, 1.1932358741760254, 1.0329995155334473)","(7.162074089050293, 273.81793212890625, 359.4379577636719)","(26.928302764892578, 0.8561378717422485, 0.8234601616859436)","(0.013992119580507278, 89.05500030517578, 0.000811306235846132)","(27.741313934326172, -0.0039661298505961895, 1.4472053050994873)","(359.98602294921875, 270.1634826660156, -0.0010818404844030738)",0.13095,-0.006958,"(-1.321578, -0.000041, 0.000431)",LeftFalse_RightFalse,False,"(-26.788055419921875, -0.004045773297548294, -1.401540756225586)","(359.9539794921875, 91.28536987304688, 359.9822082519531)",0.273472,-0.052489,"(2.134324, -0.000023, -0.008026)",LeftFalse_RightFalse
7.099854,0.060905,"(27.50322914123535, 1.1932373046875, 1.0329928398132324)","(7.225743293762207, 273.79852294921875, 359.49676513671875)","(26.84857940673828, 0.8561578989028931, 0.8233521580696106)","(0.01561461016535759, 89.04601287841797, 0.0007259751437231898)","(27.661468505859375, -0.0039685433730483055, 1.44722580909729)","(359.9844055175781, 270.1545104980469, -0.0010279150446876884)",0.137694,-0.006958,"(-1.325861, -0.000040, 0.000235)",LeftFalse_RightFalse,False,"(-26.658723831176758, -0.004047183785587549, -1.4019243717193604)","(359.9537353515625, 91.17286682128906, 359.9820556640625)",0.272625,-0.057518,"(2.153987, -0.000025, -0.004703)",LeftFalse_RightFalse
7.158691,0.060505,"(27.425050735473633, 1.1932389736175537, 1.032975435256958)","(7.234709739685059, 273.80047607421875, 359.4582824707031)","(26.770423889160156, 0.8561761379241943, 0.8232347369194031)","(0.0170906949788332, 89.03721618652344, 0.0006660767248831689)","(27.583194732666016, -0.003970864694565535, 1.4472336769104004)","(359.98291015625, 270.1457214355469, -0.0009965823264792562)",0.143764,-0.006775,"(-1.331186, -0.000038, 0.000030)",LeftFalse_RightFalse,False,"(-26.53125762939453, -0.004048632457852364, -1.4019761085510254)","(359.9534912109375, 91.05863952636719, 359.9810791015625)",0.272037,-0.055472,"(2.173238, -0.000024, 0.002128)",LeftFalse_RightFalse
7.21875,0.060417,"(27.344993591308594, 1.1932402849197388, 1.03294837474823)","(7.2596330642700195, 273.80657958984375, 359.5040283203125)","(26.690391540527344, 0.8561934232711792, 0.8231064677238464)","(0.01849258318543434, 89.02831268310547, 0.0005987229524180293)","(27.50304412841797, -0.003972998354583979, 1.4472322463989258)","(359.9815368652344, 270.1368103027344, -0.0009563624043948948)",0.149227,-0.006256,"(-1.337437, -0.000033, -0.000106)",LeftFalse_RightFalse,False,"(-26.400146484375, -0.004050124436616898, -1.401724100112915)","(359.95330810546875, 90.93903350830078, 359.9804992675781)",0.273628,-0.055601,"(2.192273, -0.000024, 0.006213)",LeftFalse_RightFalse
7.277222,0.060013,"(27.26676368713379, 1.1932412385940552, 1.0329194068908691)","(7.278093338012695, 273.76654052734375, 359.4755554199219)","(26.612184524536133, 0.8562084436416626, 0.8229835629463196)","(0.01975720375776291, 89.02003479003906, 0.00047880527563393116)","(27.424728393554688, -0.003974867053329945, 1.447228193283081)","(359.9802551269531, 270.1285400390625, -0.000860932341311127)",0.153351,-0.005859,"(-1.344504, -0.000033, -0.000094)",LeftFalse_RightFalse,False,"(-26.27157211303711, -0.0040514590218663216, -1.401228666305542)","(359.9531555175781, 90.82227325439453, 359.98028564453125)",0.272371,-0.055829,"(2.211365, -0.000024, 0.010811)",LeftFalse_RightFalse
7.336426,0.059867,"(27.186920166015625, 1.193241834640503, 1.0328919887542725)","(7.280418872833252, 273.73876953125, 359.5409240722656)","(26.53236198425293, 0.8562220335006714, 0.8228663802146912)","(0.02093328721821308, 89.01211547851562, 0.0003400328860152513)","(27.344802856445312, -0.003976722247898579, 1.4472250938415527)","(359.97906494140625, 270.12060546875, -0.0007449375698342919)",0.157062,-0.005157,"(-1.352167, -0.000030, -0.000086)",LeftFalse_RightFalse,False,"(-26.139957427978516, -0.004052868578583002, -1.400450587272644)","(359.9530334472656, 90.70262145996094, 359.9800720214844)",0.273447,-0.055833,"(2.230061, -0.000023, 0.015671)",LeftFalse_RightFalse
7.398071,0.060214,"(27.103456497192383, 1.193242073059082, 1.032869815826416)","(7.295112609863281, 273.69329833984375, 359.5950927734375)","(26.44891929626465, 0.8562343120574951, 0.8227592706680298)","(0.02203279361128807, 89.00460052490234, 0.00016319751739501953)","(27.261260986328125, -0.003978326916694641, 1.4472270011901855)","(359.97796630859375, 270.11309814453125, -0.0005894057103432715)",0.160402,-0.004517,"(-1.360348, -0.000026, 0.000055)",LeftFalse_RightFalse,False,"(-26.002029418945312, -0.004054192919284105, -1.399339199066162)","(359.9529113769531, 90.57704162597656, 359.9798583984375)",0.275995,-0.054754,"(2.248739, -0.000022, 0.020574)",LeftFalse_RightFalse
7.456421,0.059843,"(27.02388572692871, 1.193241834640503, 1.0328595638275146)","(7.295886993408203, 273.64886474609375, 359.6148681640625)","(26.369367599487305, 0.8562441468238831, 0.8226774334907532)","(0.02296268567442894, 88.99825286865234, -1.8486201952327974e-05)","(27.181625366210938, -0.003979898989200592, 1.4472377300262451)","(359.97705078125, 270.10675048828125, -0.00042574547114782035)",0.163407,-0.003937,"(-1.368983, -0.000025, 0.000217)",LeftFalse_RightFalse,False,"(-25.87026596069336, -0.00405552564188838, -1.3980200290679932)","(359.9527587890625, 90.45793914794922, 359.9798583984375)",0.27319,-0.052577,"(2.267682, -0.000022, 0.024944)",LeftFalse_RightFalse
7.515259,0.059642,"(26.943151473999023, 1.1932417154312134, 1.0328607559204102)","(7.305855751037598, 273.6544189453125, 359.62322998046875)","(26.288650512695312, 0.8562530279159546, 0.822614848613739)","(0.023799538612365723, 88.99259948730469, -0.0001834412687458098)","(27.100833892822266, -0.003981301560997963, 1.4472575187683105)","(359.9761962890625, 270.10107421875, -0.00027701121871359646)",0.166906,-0.003387,"(-1.378012, -0.000024, 0.000376)",LeftFalse_RightFalse,False,"(-25.73635482788086, -0.004056830424815416, -1.3964667320251465)","(359.95263671875, 90.33966827392578, 359.9802551269531)",0.273859,-0.050466,"(2.286015, -0.000023, 0.028509)",LeftFalse_RightFalse
7.576782,0.060009,"(26.85822105407715, 1.1932414770126343, 1.0328738689422607)","(7.245710849761963, 273.7046813964844, 359.6220397949219)","(26.203731536865234, 0.8562613129615784, 0.8225696682929993)","(0.024587037041783333, 88.98741912841797, -0.00032913978793658316)","(27.01584815979004, -0.003982773050665855, 1.4472877979278564)","(359.97540283203125, 270.0959167480469, -0.00014657476276624948)",0.170849,-0.002869,"(-1.387509, -0.000020, 0.000539)",LeftFalse_RightFalse,False,"(-25.595304489135742, -0.004058113321661949, -1.3946330547332764)","(359.9525146484375, 90.21945190429688, 359.98095703125)",0.276777,-0.048329,"(2.304266, -0.000021, 0.031816)",LeftFalse_RightFalse
7.636353,0.059918,"(26.775352478027344, 1.1932414770126343, 1.0328991413116455)","(7.206693172454834, 273.7210388183594, 359.57696533203125)","(26.12087631225586, 0.856269121170044, 0.8225462436676025)","(0.02529851160943508, 88.98310852050781, -0.0004478893824853003)","(26.932933807373047, -0.003983955830335617, 1.4473270177841187)","(359.9747009277344, 270.09161376953125, -4.161062679486349e-05)",0.176779,-0.002472,"(-1.397542, -0.000020, 0.000706)",LeftFalse_RightFalse,False,"(-25.457561492919922, -0.004059479106217623, -1.3926643133163452)","(359.952392578125, 90.10668182373047, 359.9817810058594)",0.275207,-0.047347,"(2.322829, -0.000023, 0.034959)",LeftFalse_RightFalse
7.697021,0.060067,"(26.690303802490234, 1.1932417154312134, 1.032935380935669)","(7.194930553436279, 273.763671875, 359.52996826171875)","(26.035837173461914, 0.8562772870063782, 0.8225398063659668)","(0.026023222133517265, 88.97932434082031, -0.0005360331269912422)","(26.847843170166016, -0.003985221032053232, 1.4473752975463867)","(359.9739685058594, 270.08782958984375, 3.249676228733733e-05)",0.184496,-0.002106,"(-1.408422, -0.000021, 0.000838)",LeftFalse_RightFalse,False,"(-25.316131591796875, -0.004060909152030945, -1.3904478549957275)","(359.9522399902344, 89.99472045898438, 359.9823913574219)",0.276448,-0.046135,"(2.340945, -0.000023, 0.038644)",LeftFalse_RightFalse
7.756836,0.060024,"(26.60570526123047, 1.1932421922683716, 1.0329809188842773)","(7.232278347015381, 273.8023986816406, 359.4804382324219)","(25.95124626159668, 0.8562866449356079, 0.8225486278533936)","(0.02680668607354164, 88.97608947753906, -0.0005978575791232288)","(26.76320457458496, -0.003986440133303404, 1.4474306106567383)","(359.9731750488281, 270.0845947265625, 7.915333117125556e-05)",0.19541,-0.002075,"(-1.420432, -0.000022, 0.000960)",LeftFalse_RightFalse,False,"(-25.175508499145508, -0.004062311258167028, -1.3880376815795898)","(359.9521179199219, 89.8863296508789, 359.9827880859375)",0.276281,-0.045013,"(2.359077, -0.000024, 0.042346)",LeftFalse_RightFalse
7.823853,0.061425,"(26.51005744934082, 1.1932436227798462, 1.033036231994629)","(7.2221455574035645, 273.8258056640625, 359.4438781738281)","(25.85560417175293, 0.8563001751899719, 0.8225657939910889)","(0.02785986103117466, 88.97277069091797, -0.0006012992816977203)","(26.667510986328125, -0.003988025709986687, 1.4474948644638062)","(359.9721374511719, 270.08123779296875, 6.222292722668499e-05)",0.208804,-0.002075,"(-1.434079, -0.000026, 0.000953)",LeftFalse_RightFalse,False,"(-25.016752243041992, -0.004063848406076431, -1.3850736618041992)","(359.95196533203125, 89.76718139648438, 359.9830627441406)",0.282551,-0.043452,"(2.377007, -0.000022, 0.046089)",LeftFalse_RightFalse
7.885864,0.061554,"(26.420501708984375, 1.193245768547058, 1.0330862998962402)","(7.183131694793701, 273.78594970703125, 359.4617919921875)","(25.76605224609375, 0.8563166856765747, 0.8225810527801514)","(0.029101667925715446, 88.96974182128906, -0.0005607058410532773)","(26.57790756225586, -0.003989772871136665, 1.4475518465042114)","(359.97088623046875, 270.0782470703125, -2.3895659069239628e-06)",0.226017,-0.002075,"(-1.449753, -0.000032, 0.000904)",LeftFalse_RightFalse,False,"(-24.868513107299805, -0.004065381363034248, -1.3820897340774536)","(359.9517517089844, 89.65936279296875, 359.9833679199219)",0.279256,-0.04181,"(2.395813, -0.000026, 0.049597)",LeftFalse_RightFalse
7.944092,0.060869,"(26.335620880126953, 1.1932483911514282, 1.0331299304962158)","(7.180155277252197, 273.793701171875, 359.4774475097656)","(25.68117332458496, 0.8563363552093506, 0.8225914239883423)","(0.030584245920181274, 88.96687316894531, -0.0005148522322997451)","(26.49297523498535, -0.003991896286606789, 1.4476017951965332)","(359.96942138671875, 270.07537841796875, -7.691467180848122e-05)",0.243096,-0.002075,"(-1.468056, -0.000040, 0.000843)",LeftFalse_RightFalse,False,"(-24.728599548339844, -0.00406677508726716, -1.3790979385375977)","(359.9515380859375, 89.5611343383789, 359.9837646484375)",0.275931,-0.040491,"(2.413935, -0.000026, 0.052902)",LeftFalse_RightFalse
8.003052,0.060504,"(26.24827003479004, 1.1932510137557983, 1.0331701040267944)","(7.248894214630127, 273.8042297363281, 359.4462890625)","(25.593822479248047, 0.8563602566719055, 0.8225973844528198)","(0.032419055700302124, 88.96392059326172, -0.00048022938426584005)","(26.405563354492188, -0.0039946772158145905, 1.4476487636566162)","(359.96759033203125, 270.0723876953125, -0.0001470274874009192)",0.258863,-0.002075,"(-1.488962, -0.000049, 0.000777)",LeftFalse_RightFalse,False,"(-24.585464477539062, -0.004068310372531414, -1.3758656978607178)","(359.9513854980469, 89.4639663696289, 359.984130859375)",0.277631,-0.038934,"(2.431296, -0.000024, 0.056273)",LeftFalse_RightFalse
8.062012,0.060195,"(26.159757614135742, 1.193253993988037, 1.0332063436508179)","(7.27565336227417, 273.8343505859375, 359.41925048828125)","(25.505308151245117, 0.8563876152038574, 0.8225990533828735)","(0.03452704846858978, 88.96092224121094, -0.00045876504736952484)","(26.316986083984375, -0.003997886553406715, 1.4476919174194336)","(359.9654846191406, 270.06939697265625, -0.00020926797878928483)",0.273054,-0.002075,"(-1.512243, -0.000059, 0.000706)",LeftFalse_RightFalse,False,"(-24.441539764404297, -0.004069678485393524, -1.3724489212036133)","(359.9513244628906, 89.36963653564453, 359.9845275878906)",0.277741,-0.037372,"(2.448750, -0.000022, 0.059487)",LeftFalse_RightFalse
8.125244,0.060807,"(26.06322479248047, 1.1932573318481445, 1.0332400798797607)","(7.224915504455566, 273.85205078125, 359.42913818359375)","(25.40877342224121, 0.8564191460609436, 0.8225950598716736)","(0.03698670491576195, 88.9576416015625, -0.0004508292768150568)","(26.220378875732422, -0.004001791588962078, 1.4477335214614868)","(359.9630126953125, 270.0661315917969, -0.0002647882793098688)",0.285033,-0.002075,"(-1.537628, -0.000066, 0.000633)",LeftFalse_RightFalse,False,"(-24.285999298095703, -0.004071126691997051, -1.3685808181762695)","(359.9512634277344, 89.27159118652344, 359.9849853515625)",0.28118,-0.035797,"(2.466064, -0.000024, 0.062585)",LeftFalse_RightFalse
8.183472,0.060285,"(25.972848892211914, 1.193259835243225, 1.033266305923462)","(7.2250237464904785, 273.8144836425781, 359.4399108886719)","(25.31839370727539, 0.8564485311508179, 0.822585940361023)","(0.03932441771030426, 88.9545669555664, -0.0004549747100099921)","(26.12993049621582, -0.004005914553999901, 1.4477674961090088)","(359.9606628417969, 270.06304931640625, -0.00030586609500460327)",0.295813,-0.002075,"(-1.564744, -0.000070, 0.000557)",LeftFalse_RightFalse,False,"(-24.141860961914062, -0.004072424955666065, -1.3648425340652466)","(359.9511413574219, 89.1844711303711, 359.9854431152344)",0.277144,-0.034971,"(2.483788, -0.000022, 0.065589)",LeftFalse_RightFalse
8.242065,0.059938,"(25.880334854125977, 1.1932623386383057, 1.0332882404327393)","(7.308196544647217, 273.76239013671875, 359.4747619628906)","(25.225879669189453, 0.856477677822113, 0.8225717544555664)","(0.041654251515865326, 88.95143127441406, -0.0004657735989894718)","(26.03734588623047, -0.004010077565908432, 1.4477972984313965)","(359.9583435058594, 270.0599365234375, -0.00034014214179478586)",0.305119,-0.002075,"(-1.593381, -0.000072, 0.000478)",LeftFalse_RightFalse,False,"(-23.99587631225586, -0.004073810763657093, -1.3608968257904053)","(359.9510498046875, 89.09904479980469, 359.9857177734375)",0.27757,-0.034595,"(2.500671, -0.000023, 0.068925)",LeftFalse_RightFalse
8.303223,0.060195,"(25.78180694580078, 1.193264365196228, 1.0333058834075928)","(7.343515396118164, 273.7451477050781, 359.4919738769531)","(25.127347946166992, 0.8565067052841187, 0.8225510716438293)","(0.043996140360832214, 88.94808197021484, -0.00048124659224413335)","(25.938743591308594, -0.0040145255625247955, 1.4478236436843872)","(359.95599365234375, 270.05657958984375, -0.0003699775552377105)",0.313494,-0.002075,"(-1.623290, -0.000074, 0.000395)",LeftFalse_RightFalse,False,"(-23.842193603515625, -0.004075122997164726, -1.356550931930542)","(359.9510192871094, 89.0110092163086, 359.9858093261719)",0.280384,-0.034504,"(2.517410, -0.000022, 0.072634)",LeftFalse_RightFalse
8.361572,0.059812,"(25.68623161315918, 1.1932661533355713, 1.0333174467086792)","(7.362613677978516, 273.73095703125, 359.5314025878906)","(25.03177261352539, 0.8565324544906616, 0.8225253224372864)","(0.04609551653265953, 88.94482421875, -0.0004968696739524603)","(25.843101501464844, -0.004018715582787991, 1.4478435516357422)","(359.95391845703125, 270.0533142089844, -0.00039496549288742244)",0.321032,-0.002075,"(-1.654315, -0.000071, 0.000308)",LeftFalse_RightFalse,False,"(-23.69491195678711, -0.004076401703059673, -1.352184534072876)","(359.950927734375, 88.9275131225586, 359.98565673828125)",0.277885,0.034649,"(2.534442, -0.000022, 0.076671)",LeftFalse_RightFalse
8.420776,0.0597,"(25.58723258972168, 1.193267583847046, 1.0333237648010254)","(7.377175331115723, 273.69708251953125, 359.4846496582031)","(24.932775497436523, 0.8565567135810852, 0.8224930167198181)","(0.04808098450303078, 88.94145965576172, -0.0005119024426676333)","(25.744037628173828, -0.004022843204438686, 1.4478586912155151)","(359.951904296875, 270.0499267578125, -0.0004183492565061897)",0.327816,-0.002075,"(-1.686314, -0.000070, 0.000215)",LeftFalse_RightFalse,False,"(-23.54421615600586, -0.004077736288309097, -1.3493125438690186)","(359.95098876953125, 88.91896057128906, 0.0016348535427823663)",0.281812,0.027874,"(2.550716, -0.000021, 0.035230)",LeftFalse_RightFalse
8.479736,0.059549,"(25.48686408996582, 1.1932687759399414, 1.0333242416381836)","(7.382056713104248, 273.6948547363281, 359.4998474121094)","(24.832408905029297, 0.8565787076950073, 0.8224545121192932)","(0.04990195110440254, 88.93804168701172, -0.0005274387658573687)","(25.643606185913086, -0.004026859998703003, 1.4478681087493896)","(359.9501037597656, 270.0465393066406, -0.0004380427417345345)",0.333921,-0.002075,"(-1.719160, -0.000067, 0.000116)",LeftFalse_RightFalse,False,"(-23.393335342407227, -0.004078934900462627, -1.3476192951202393)","(359.9509582519531, 88.96785736083984, 0.014206976629793644)",0.279947,0.029309,"(2.567762, -0.000021, 0.026314)",LeftFalse_RightFalse
8.540771,0.059834,"(25.381010055541992, 1.1932696104049683, 1.0333185195922852)","(7.419347763061523, 273.6914978027344, 359.53778076171875)","(24.7265567779541, 0.8565992712974548, 0.8224072456359863)","(0.051626890897750854, 88.9344253540039, -0.0005415276973508298)","(25.537689208984375, -0.004030866082757711, 1.4478719234466553)","(359.9483642578125, 270.04290771484375, -0.0004573309561237693)",0.339416,-0.002075,"(-1.752738, -0.000063, 0.000013)",LeftFalse_RightFalse,False,"(-23.236228942871094, -0.004080267623066902, -1.3462555408477783)","(359.95086669921875, 89.03418731689453, 0.019830763339996338)",0.280938,0.030604,"(2.584387, -0.000022, 0.020287)",LeftFalse_RightFalse
8.599731,0.059677,"(25.2764949798584, 1.193270206451416, 1.033306360244751)","(7.375420093536377, 273.69537353515625, 359.5090637207031)","(24.622047424316406, 0.8566173911094666, 0.822354257106781)","(0.05315319076180458, 88.93087768554688, -0.0005528537440113723)","(25.433116912841797, -0.0040345145389437675, 1.447869062423706)","(359.94683837890625, 270.03936767578125, -0.00047553208423778415)",0.343568,-0.002075,"(-1.786942, -0.000060, -0.000097)",LeftFalse_RightFalse,False,"(-23.08310317993164, -0.004081524908542633, -1.3452365398406982)","(359.95074462890625, 89.10598754882812, 0.02162020653486252)",0.279824,0.032861,"(2.601011, -0.000022, 0.015152)",LeftFalse_RightFalse
8.663818,0.060557,"(25.160823822021484, 1.1932706832885742, 1.0332856178283691)","(7.306661605834961, 273.7113342285156, 359.5588684082031)","(24.506380081176758, 0.8566350936889648, 0.8222882747650146)","(0.0546477772295475, 88.92692565917969, -0.0005615698173642159)","(25.317384719848633, -0.004038212355226278, 1.4478586912155151)","(359.9453430175781, 270.035400390625, -0.0004957324708811939)",0.347305,-0.002075,"(-1.821554, -0.000057, -0.000213)",LeftFalse_RightFalse,False,"(-22.915861129760742, -0.004082967527210712, -1.3444727659225464)","(359.95062255859375, 89.19046020507812, 0.022053847089409828)",0.283939,0.036481,"(2.617280, -0.000023, 0.009616)",LeftFalse_RightFalse
8.723755,0.06042,"(25.050579071044922, 1.1932710409164429, 1.0332585573196411)","(7.282837867736816, 273.6865234375, 359.53857421875)","(24.39614486694336, 0.85664963722229, 0.8222183585166931)","(0.055894531309604645, 88.92316436767578, -0.0005681482725776732)","(25.207088470458984, -0.004041483160108328, 1.4478416442871094)","(359.944091796875, 270.0316467285156, -0.0005132749211043119)",0.349873,-0.002075,"(-1.856497, -0.000055, -0.000336)",LeftFalse_RightFalse,False,"(-22.75857162475586, -0.004084261599928141, -1.3441493511199951)","(359.9504699707031, 89.27745819091797, 0.022495992481708527)",0.281167,0.039409,"(2.634048, -0.000023, 0.002887)",LeftFalse_RightFalse
8.783447,0.060293,"(24.93841552734375, 1.1932709217071533, 1.0332238674163818)","(7.272693157196045, 273.6742858886719, 359.5303955078125)","(24.283987045288086, 0.8566622138023376, 0.8221396207809448)","(0.056993912905454636, 88.91932678222656, -0.0005711147678084671)","(25.094873428344727, -0.004044652916491032, 1.4478169679641724)","(359.9429931640625, 270.02783203125, -0.0005315810558386147)",0.351787,-0.002075,"(-1.891580, -0.000052, -0.000465)",LeftFalse_RightFalse,False,"(-22.60053825378418, -0.004085790365934372, -1.344236135482788)","(359.9503173828125, 89.3727035522461, 0.02314397320151329)",0.281164,0.042356,"(2.650200, -0.000024, -0.004082)",LeftFalse_RightFalse
8.843018,0.060135,"(24.824689865112305, 1.1932706832885742, 1.033181071281433)","(7.279136657714844, 273.7041015625, 359.528076171875)","(24.170270919799805, 0.8566728234291077, 0.8220525979995728)","(0.05794402211904526, 88.91545104980469, -0.0005705677904188633)","(24.98110008239746, -0.004047675058245659, 1.447784423828125)","(359.9420471191406, 270.02392578125, -0.0005505041335709393)",0.353114,-0.002075,"(-1.926690, -0.000051, -0.000603)",LeftFalse_RightFalse,False,"(-22.442291259765625, -0.004087203182280064, -1.344750165939331)","(359.9502258300781, 89.47572326660156, 0.023987602442502975)",0.281533,0.046174,"(2.666151, -0.000024, -0.011460)",LeftFalse_RightFalse
8.904785,0.060453,"(24.70454216003418, 1.1932700872421265, 1.033127784729004)","(7.242398738861084, 273.722412109375, 359.5183410644531)","(24.050132751464844, 0.8566819429397583, 0.8219524025917053)","(0.05878495052456856, 88.91136169433594, -0.0005664123455062509)","(24.860904693603516, -0.004050718620419502, 1.4477418661117554)","(359.94122314453125, 270.01983642578125, -0.0005709246615879238)",0.354308,-0.002075,"(-1.961729, -0.000048, -0.000749)",LeftFalse_RightFalse,False,"(-22.277151107788086, -0.004088541027158499, -1.3457837104797363)","(359.9501647949219, 89.59224700927734, 0.02527947537600994)",0.283398,0.048787,"(2.681962, -0.000022, -0.019867)",LeftFalse_RightFalse
8.967651,0.060955,"(24.579694747924805, 1.1932692527770996, 1.033063530921936)","(7.2374067306518555, 273.7119445800781, 359.533447265625)","(23.925296783447266, 0.856689453125, 0.8218395709991455)","(0.05950647592544556, 88.90711212158203, -0.0005603025783784688)","(24.736011505126953, -0.004053610377013683, 1.4476888179779053)","(359.94049072265625, 270.0155944824219, -0.0005909916944801807)",0.355382,-0.002075,"(-1.996674, -0.000044, -0.000900)",LeftFalse_RightFalse,False,"(-22.1076602935791, -0.004090019967406988, -1.3473809957504272)","(359.9500732421875, 89.7207260131836, 0.026675425469875336)",0.284499,0.04972,"(2.697925, -0.000023, -0.028209)",LeftFalse_RightFalse
9.027344,0.060699,"(24.45923614501953, 1.1932684183120728, 1.0329928398132324)","(7.221930503845215, 273.7315368652344, 359.54815673828125)","(23.80484962463379, 0.8566952347755432, 0.8217215538024902)","(0.06008416786789894, 88.90299224853516, -0.0005527687026187778)","(24.615510940551758, -0.004056218545883894, 1.4476288557052612)","(359.9399108886719, 270.011474609375, -0.0006097014411352575)",0.356349,-0.002075,"(-2.031506, -0.000043, -0.001057)",LeftFalse_RightFalse,False,"(-21.946041107177734, -0.004091208800673485, -1.3493679761886597)","(359.9499206542969, 89.84864807128906, 0.027550656348466873)",0.282156,0.051467,"(2.713953, -0.000022, -0.035744)",LeftFalse_RightFalse
9.087036,0.06048,"(24.336851119995117, 1.1932673454284668, 1.032912254333496)","(7.235247611999512, 273.7369384765625, 359.49945068359375)","(23.682477951049805, 0.8566998839378357, 0.8215934038162231)","(0.060578834265470505, 88.89881896972656, -0.0005441709654405713)","(24.493085861206055, -0.004058736376464367, 1.4475594758987427)","(359.9394226074219, 270.00732421875, -0.0006278707878664136)",0.356822,-0.001892,"(-2.066206, -0.000042, -0.001222)",LeftFalse_RightFalse,False,"(-21.783679962158203, -0.004092713352292776, -1.3518165349960327)","(359.9498291015625, 89.98152923583984, 0.028306487947702408)",0.282434,0.053065,"(2.729404, -0.000024, -0.043730)",LeftFalse_RightFalse
9.146484,0.060291,"(24.212566375732422, 1.1932657957077026, 1.0328261852264404)","(7.209322929382324, 273.7606201171875, 359.52239990234375)","(23.558204650878906, 0.8567031621932983, 0.8214612007141113)","(0.061000972986221313, 88.89478302001953, -0.0005751135759055614)","(24.368762969970703, -0.004061220213770866, 1.4474847316741943)","(359.9389953613281, 270.0032653808594, -0.0006050957017578185)",0.355662,-0.001343,"(-2.100694, -0.000041, -0.001292)",LeftFalse_RightFalse,False,"(-21.62060546875, -0.004094076342880726, -1.3547443151474)","(359.94976806640625, 90.11933898925781, 0.029074864462018013)",0.282778,0.0556,"(2.744705, -0.000023, -0.051990)",LeftFalse_RightFalse
9.207275,0.06039,"(24.083585739135742, 1.193263292312622, 1.0327444076538086)","(7.23013162612915, 273.7593994140625, 359.4923095703125)","(23.429235458374023, 0.8567041158676147, 0.8213409185409546)","(0.06134011596441269, 88.89131927490234, -0.0007186843431554735)","(24.239749908447266, -0.004063584376126528, 1.4474153518676758)","(359.93865966796875, 269.99981689453125, -0.00046811497304588556)",0.35303,-0.000793,"(-2.134703, -0.000039, -0.001119)",LeftFalse_RightFalse,False,"(-21.45317840576172, -0.004095405340194702, -1.3582764863967896)","(359.94970703125, 90.26644897460938, 0.030161628499627113)",0.283791,0.058823,"(2.759854, -0.000022, -0.061188)",LeftFalse_RightFalse
9.267944,0.060442,"(23.952829360961914, 1.1932599544525146, 1.0326796770095825)","(7.320646286010742, 273.7259521484375, 359.5076599121094)","(23.298486709594727, 0.856702446937561, 0.8212497234344482)","(0.061550382524728775, 88.88890075683594, -0.000939001387450844)","(24.108972549438477, -0.004065935034304857, 1.447361707687378)","(359.9384460449219, 269.99737548828125, -0.00025190337328240275)",0.345503,-0.000763,"(-2.167979, -0.000039, -0.000846)",LeftFalse_RightFalse,False,"(-21.285207748413086, -0.0040966118685901165, -1.3624131679534912)","(359.94964599609375, 90.42151641845703, 0.03172081336379051)",0.283886,0.061027,"(2.774949, -0.000022, -0.071459)",LeftFalse_RightFalse
9.327271,0.060218,"(23.823001861572266, 1.1932569742202759, 1.0326247215270996)","(7.347088813781738, 273.6905212402344, 359.52630615234375)","(23.16866683959961, 0.8566988110542297, 0.8211743235588074)","(0.06154104694724083, 88.88705444335938, -0.0010623851558193564)","(23.9791316986084, -0.004068117588758469, 1.4473143815994263)","(359.9384460449219, 269.99554443359375, -0.00012836958921980113)",0.333174,-0.000763,"(-2.199710, -0.000036, -0.000803)",LeftFalse_RightFalse,False,"(-21.12000846862793, -0.004097995813935995, -1.3670704364776611)","(359.9495849609375, 90.5809555053711, 0.03329889848828316)",0.283046,0.063725,"(2.789894, -0.000022, -0.081763)",LeftFalse_RightFalse
9.385742,0.059859,"(23.69340705871582, 1.1932541131973267, 1.0325714349746704)","(7.344143867492676, 273.65447998046875, 359.5509033203125)","(23.039079666137695, 0.8566917777061462, 0.82110196352005)","(0.06119585409760475, 88.8853530883789, -0.0010912365978583694)","(23.849531173706055, -0.004069845657795668, 1.4472664594650269)","(359.93878173828125, 269.99383544921875, -9.28412628127262e-05)",0.318506,-0.000763,"(-2.229077, -0.000026, -0.000840)",LeftFalse_RightFalse,False,"(-20.956480026245117, -0.004099239595234394, -1.3722741603851318)","(359.9495544433594, 90.74549865722656, 0.0349370501935482)",0.282623,0.065642,"(2.804483, -0.000021, -0.092718)",LeftFalse_RightFalse
9.44519,0.059786,"(23.559814453125, 1.1932507753372192, 1.0325149297714233)","(7.288174152374268, 273.6247253417969, 359.5804748535156)","(22.905498504638672, 0.8566797375679016, 0.8210259675979614)","(0.060420095920562744, 88.88365173339844, -0.0010651765624061227)","(23.7159423828125, -0.004071035422384739, 1.4472143650054932)","(359.9395751953125, 269.9921569824219, -0.0001038902992149815)",0.300544,-0.000763,"(-2.255673, -0.000015, -0.000900)",LeftFalse_RightFalse,False,"(-20.789108276367188, -0.004100370220839977, -1.378210186958313)","(359.94952392578125, 90.92001342773438, 0.036479402333498)",0.283629,0.066588,"(2.818818, -0.000021, -0.103694)",LeftFalse_RightFalse
9.509399,0.060679,"(23.413915634155273, 1.1932467222213745, 1.032449722290039)","(7.264730930328369, 273.6106262207031, 359.5934753417969)","(22.759613037109375, 0.8566601276397705, 0.8209396600723267)","(0.05904635787010193, 88.88182830810547, -0.0010055324528366327)","(23.570058822631836, -0.004071623086929321, 1.4471533298492432)","(359.9409484863281, 269.9903259277344, -0.00013694736117031425)",0.275648,-0.000763,"(-2.286618, -0.000002, -0.000995)",LeftFalse_RightFalse,False,"(-20.607402801513672, -0.004101827275007963, -1.3853222131729126)","(359.9494934082031, 91.11431884765625, 0.037730470299720764)",0.272978,0.067685,"(2.837946, -0.000021, -0.117691)",LeftFalse_RightFalse
9.56897,0.060438,"(23.27751922607422, 1.1932424306869507, 1.0323848724365234)","(7.3088154792785645, 273.56622314453125, 359.575439453125)","(22.623233795166016, 0.8566367030143738, 0.8208553194999695)","(0.05735629424452782, 88.88013458251953, -0.0009391680941917002)","(23.433685302734375, -0.004071471747010946, 1.4470925331115723)","(359.942626953125, 269.9886169433594, -0.00017060140089597553)",0.248083,-0.000763,"(-2.305349, 0.000011, -0.001069)",LeftFalse_RightFalse,False,"(-20.43836212158203, -0.004103010054677725, -1.3925470113754272)","(359.9495544433594, 91.29794311523438, 0.03853846341371536)",0.283138,0.068172,"(2.850269, -0.000018, -0.128315)",LeftFalse_RightFalse
9.631592,0.060886,"(23.132688522338867, 1.1932371854782104, 1.0323117971420288)","(7.221908092498779, 273.5971984863281, 359.5677490234375)","(22.478424072265625, 0.8566040396690369, 0.8207612633705139)","(0.05494987592101097, 88.8783187866211, -0.0008602123707532883)","(23.28889274597168, -0.004070402123034, 1.4470237493515015)","(359.9450378417969, 269.98681640625, -0.00020298977324273437)",0.223275,-0.000763,"(-2.319138, 0.000029, -0.001142)",LeftFalse_RightFalse,False,"(-20.259408950805664, -0.004104007035493851, -1.4008408784866333)","(359.9497375488281, 91.4949951171875, 0.039222460240125656)",0.285662,0.068464,"(2.864083, -0.000018, -0.138962)",LeftFalse_RightFalse
9.693604,0.06112,"(22.98850440979004, 1.1932313442230225, 1.0322345495224)","(7.164544105529785, 273.5872802734375, 359.579345703125)","(22.33426284790039, 0.8565638065338135, 0.8206633925437927)","(0.05192950740456581, 88.87651824951172, -0.0007763089379295707)","(23.144758224487305, -0.0040682172402739525, 1.446950912475586)","(359.94805908203125, 269.9850158691406, -0.0002284478978253901)",0.200948,-0.000763,"(-2.328467, 0.000044, -0.001216)",LeftFalse_RightFalse,False,"(-20.081323623657227, -0.004105113446712494, -1.4097356796264648)","(359.94970703125, 91.69285583496094, 0.03974645584821701)",0.284345,0.069293,"(2.878254, -0.000018, -0.149605)",LeftFalse_RightFalse
9.760254,0.06221,"(22.833282470703125, 1.1932246685028076, 1.0321463346481323)","(7.163650989532471, 273.4832458496094, 359.6321105957031)","(22.1790714263916, 0.8565142154693604, 0.8205530047416687)","(0.04816820099949837, 88.87458801269531, -0.0006828323821537197)","(22.989601135253906, -0.004064797889441252, 1.4468674659729004)","(359.9518127441406, 269.98309326171875, -0.00024914354435168207)",0.180853,-0.000763,"(-2.333803, 0.000058, -0.001289)",LeftFalse_RightFalse,False,"(-19.8892822265625, -0.004106452688574791, -1.4200527667999268)","(359.9495544433594, 91.90817260742188, 0.04032984748482704)",0.288025,0.069191,"(2.892010, -0.000022, -0.160707)",LeftFalse_RightFalse
9.819458,0.061627,"(22.69479751586914, 1.1932188272476196, 1.032063364982605)","(7.167507648468018, 273.49847412109375, 359.6280822753906)","(22.040613174438477, 0.8564669489860535, 0.8204503059387207)","(0.04454922676086426, 88.87286376953125, -0.0006003614980727434)","(22.851179122924805, -0.004060904495418072, 1.4467889070510864)","(359.9554443359375, 269.9813537597656, -0.0002615882840473205)",0.162768,-0.000763,"(-2.335573, 0.000071, -0.001360)",LeftFalse_RightFalse,False,"(-19.717357635498047, -0.004107780754566193, -1.4299200773239136)","(359.9493713378906, 92.1021728515625, 0.0407581627368927)",0.211616,0.069767,"(2.906244, -0.000024, -0.171538)",LeftFalse_RightFalse
9.883301,0.06207,"(22.545684814453125, 1.1932127475738525, 1.0319690704345703)","(7.162829875946045, 273.5018310546875, 359.64312744140625)","(21.89153289794922, 0.8564155697822571, 0.8203349709510803)","(0.04056819900870323, 88.87102508544922, -0.0005141986184753478)","(22.702136993408203, -0.004056117497384548, 1.4466995000839233)","(359.9594421386719, 269.9795227050781, -0.00027071134536527097)",0.146491,-0.000916,"(-2.334163, 0.000078, -0.001429)",LeftFalse_RightFalse,False,"(-19.53176498413086, -0.004108808469027281, -1.4412299394607544)","(359.9504089355469, 92.312255859375, 0.04103574529290199)",0.196142,0.069297,"(2.907253, -0.000004, -0.181735)",LeftFalse_RightFalse
9.942261,0.061447,"(22.408178329467773, 1.1932077407836914, 1.0318747758865356)","(7.211115837097168, 273.4462890625, 359.57183837890625)","(21.754053115844727, 0.8563693165779114, 0.820219099521637)","(0.03693768009543419, 88.8691635131836, -0.00040570268174633384)","(22.5646915435791, -0.0040513984858989716, 1.4466094970703125)","(359.96307373046875, 269.9776611328125, -0.0003089544188696891)",0.131842,-0.001373,"(-2.329926, 0.000082, -0.001585)",LeftFalse_RightFalse,False,"(-19.360458374023438, -0.004107901826500893, -1.4522649049758911)","(359.9527587890625, 92.50591278076172, 0.040998924523591995)",0.186461,0.068707,"(2.904909, 0.000030, -0.191293)",LeftFalse_RightFalse
10.002563,0.061201,"(22.268070220947266, 1.1932039260864258, 1.031760334968567)","(7.263851642608643, 273.41290283203125, 359.6032409667969)","(21.613975524902344, 0.856325089931488, 0.820075511932373)","(0.03337342292070389, 88.86668395996094, -0.00020549100008793175)","(22.424640655517578, -0.004046562127768993, 1.446499228477478)","(359.96661376953125, 269.97515869140625, -0.0004401787300594151)",0.118658,-0.00177,"(-2.323175, 0.000082, -0.001954)",LeftFalse_RightFalse,False,"(-19.185691833496094, -0.0041054897010326385, -1.4640917778015137)","(359.95574951171875, 92.70230102539062, 0.04071956127882004)",0.170142,0.068666,"(2.900778, 0.000050, -0.200481)",LeftFalse_RightFalse
10.061279,0.060709,"(22.131874084472656, 1.193200945854187, 1.0316240787506104)","(7.301375865936279, 273.4061279296875, 359.57733154296875)","(21.47780990600586, 0.8562852740287781, 0.8199014067649841)","(0.030089588835835457, 88.86345672607422, 3.876165646943264e-05)","(22.288490295410156, -0.004041787702590227, 1.4463679790496826)","(359.96990966796875, 269.9719543457031, -0.0006208569393493235)",0.106792,-0.001892,"(-2.314197, 0.000081, -0.002374)",LeftFalse_RightFalse,False,"(-19.01555061340332, -0.0041017732582986355, -1.47616446018219)","(359.9588928222656, 92.892578125, 0.040416084229946136)",0.158155,0.067637,"(2.893752, 0.000070, -0.209650)",LeftFalse_RightFalse
10.121338,0.06058,"(21.99321174621582, 1.1931980848312378, 1.0314626693725586)","(7.346092224121094, 273.4007568359375, 359.56396484375)","(21.33917999267578, 0.8562472462654114, 0.8196951746940613)","(0.026960959658026695, 88.85958099365234, 0.00024022972502280027)","(22.149864196777344, -0.004037032835185528, 1.4462143182754517)","(359.9730529785156, 269.96807861328125, -0.0007617620285600424)",0.096113,-0.001892,"(-2.303250, 0.000080, -0.002670)",LeftFalse_RightFalse,False,"(-18.84204864501953, -0.004097379744052887, -1.4890241622924805)","(359.96209716796875, 93.08502197265625, 0.039901409298181534)",0.147778,0.066391,"(2.884634, 0.000076, -0.218002)",LeftFalse_RightFalse
10.180054,0.060209,"(21.858335494995117, 1.1931952238082886, 1.0312893390655518)","(7.286520957946777, 273.41717529296875, 359.5526123046875)","(21.204336166381836, 0.8562123775482178, 0.8194754123687744)","(0.024138418957591057, 88.8555679321289, 0.00035654971725307405)","(22.015018463134766, -0.004032565280795097, 1.4460506439208984)","(359.9758605957031, 269.96405029296875, -0.0008234572014771402)",0.086501,-0.002075,"(-2.290566, 0.000074, -0.002868)",LeftFalse_RightFalse,False,"(-18.67300796508789, -0.00409279577434063, -1.5020596981048584)","(359.965087890625, 93.26985168457031, 0.03913657367229462)",0.139827,0.065427,"(2.873750, 0.000078, -0.225715)",LeftFalse_RightFalse
10.244141,0.060982,"(21.712072372436523, 1.1931926012039185, 1.0310834646224976)","(7.2216105461120605, 273.308837890625, 359.4782409667969)","(21.05810546875, 0.8561776876449585, 0.8192166090011597)","(0.021328765898942947, 88.85094451904297, 0.0004551689780782908)","(21.8687801361084, -0.00402795011177659, 1.4458565711975098)","(359.97869873046875, 269.9594421386719, -0.0008677007281221449)",0.077851,-0.002655,"(-2.276355, 0.000070, -0.003137)",LeftFalse_RightFalse,False,"(-18.489334106445312, -0.004087826702743769, -1.5167763233184814)","(359.96807861328125, 93.46749114990234, 0.03819093108177185)",0.128635,0.069809,"(2.861514, 0.000077, -0.233171)",LeftFalse_RightFalse
10.304077,0.060777,"(21.576763153076172, 1.1931906938552856, 1.031480073928833)","(7.183920383453369, 273.2576904296875, 359.4234313964844)","(20.92220115661621, 0.8561493158340454, 0.8189377188682556)","(0.018945971503853798, 88.84588623046875, 0.0006377088720910251)","(21.73285675048828, -0.004024021793156862, 1.4456472396850586)","(359.9810791015625, 269.9543762207031, -0.0010041127679869533)",0.070066,-0.003265,"(-2.260802, 0.000064, -0.003659)",LeftFalse_RightFalse,False,"(-18.318288803100586, -0.004083236213773489, -1.53114914894104)","(359.9706726074219, 93.6550521850586, 0.038620833307504654)",0.124737,0.067184,"(2.846987, 0.000074, -0.243824)",LeftFalse_RightFalse
10.362549,0.060323,"(21.445323944091797, 1.193190097808838, 1.031469702720642)","(7.177523136138916, 273.3064880371094, 359.3711242675781)","(20.790552139282227, 0.8561254143714905, 0.8186164498329163)","(0.016839319840073586, 88.8398666381836, 0.0008905126014724374)","(21.601173400878906, -0.004020371474325657, 1.4454078674316406)","(359.9831848144531, 269.9483642578125, -0.0012161139165982604)",0.06306,-0.003448,"(-2.244079, 0.000061, -0.004295)",LeftFalse_RightFalse,False,"(-18.152246475219727, -0.004079052247107029, -1.5456547737121582)","(359.9729309082031, 93.83782196044922, 0.03850262239575386)",0.120447,0.065424,"(2.832224, 0.000069, -0.251072)",LeftFalse_RightFalse
10.421997,0.060135,"(21.312776565551758, 1.1931893825531006, 1.0312837362289429)","(7.166278839111328, 273.33953857421875, 359.30517578125)","(20.65793800354004, 0.8561031818389893, 0.818249523639679)","(0.014903786592185497, 88.8330078125, 0.001089206780306995)","(21.46851348876953, -0.004016925115138292, 1.4451355934143066)","(359.985107421875, 269.9414978027344, -0.0013773262035101652)",0.056754,-0.003448,"(-2.226338, 0.000057, -0.004751)",LeftFalse_RightFalse,False,"(-17.98457908630371, -0.00407519843429327, -1.560768723487854)","(359.9748840332031, 94.01908874511719, 0.03764874488115311)",0.114613,0.063615,"(2.816916, 0.000061, -0.257531)",LeftFalse_RightFalse
10.483276,0.060368,"(21.177000045776367, 1.193188190460205, 1.0316541194915771)","(7.107294082641602, 273.39306640625, 359.2485656738281)","(20.522171020507812, 0.8560815453529358, 0.8178431391716003)","(0.013101821765303612, 88.82563018798828, 0.0011784997768700123)","(21.332693099975586, -0.004013571422547102, 1.4448329210281372)","(359.9869384765625, 269.9341125488281, -0.0014317427994683385)",0.051078,-0.003448,"(-2.207719, 0.000054, -0.005057)",LeftFalse_RightFalse,False,"(-17.812469482421875, -0.00407164404168725, -1.5767436027526855)","(359.97662353515625, 94.20069122314453, 0.03635447844862938)",0.108888,0.062202,"(2.800782, 0.000056, -0.263379)",LeftFalse_RightFalse
10.544189,0.060474,"(21.043291091918945, 1.193186640739441, 1.0315825939178467)","(7.061297416687012, 273.4208679199219, 359.25360107421875)","(20.388486862182617, 0.8560617566108704, 0.817421555519104)","(0.011491646058857441, 88.81826782226562, 0.001189582166261971)","(21.198951721191406, -0.004010383039712906, 1.4445157051086426)","(359.988525390625, 269.9267578125, -0.0014116730308160186)",0.04597,-0.003357,"(-2.188342, 0.000050, -0.005316)",LeftFalse_RightFalse,False,"(-17.64252471923828, -0.004068415146321058, -1.5929673910140991)","(359.9781188964844, 94.3755874633789, 0.03497419133782387)",0.105609,0.060541,"(2.783795, 0.000050, -0.268975)",LeftFalse_RightFalse
10.601929,0.05994,"(20.917497634887695, 1.1931853294372559, 1.031348466873169)","(7.028675079345703, 273.435546875, 359.19659423828125)","(20.26272201538086, 0.8560442924499512, 0.8170106410980225)","(0.010115073062479496, 88.8114013671875, 0.0011490387842059135)","(21.07313346862793, -0.004007596988230944, 1.4442028999328613)","(359.9898986816406, 269.9198913574219, -0.0013445067452266812)",0.041373,-0.003204,"(-2.168316, 0.000049, -0.005502)",LeftFalse_RightFalse,False,"(-17.482194900512695, -0.0040655722841620445, -1.6086715459823608)","(359.9793701171875, 94.5364761352539, 0.033631861209869385)",0.105164,0.059189,"(2.766419, 0.000049, -0.274092)",LeftFalse_RightFalse
10.660034,0.059561,"(20.792308807373047, 1.1931838989257812, 1.0310479402542114)","(6.998498439788818, 273.46905517578125, 359.1708679199219)","(20.13756561279297, 0.8560283780097961, 0.8165932893753052)","(0.008867761120200157, 88.80477142333984, 0.0010704121086746454)","(20.947921752929688, -0.00400486309081316, 1.4438807964324951)","(359.99114990234375, 269.91326904296875, -0.001241764985024929)",0.037236,-0.003204,"(-2.147740, 0.000045, -0.005622)",LeftFalse_RightFalse,False,"(-17.32215690612793, -0.004062926396727562, -1.6247247457504272)","(359.9804382324219, 94.6933364868164, 0.03235366567969322)",0.102127,0.058413,"(2.749128, 0.000044, -0.279049)",LeftFalse_RightFalse
10.719727,0.059584,"(20.66483497619629, 1.1931828260421753, 1.0307061672210693)","(7.026291370391846, 273.4647216796875, 359.1856384277344)","(20.010122299194336, 0.8560137152671814, 0.8161582946777344)","(0.007713541388511658, 88.79816436767578, 0.0010031077545136213)","(20.820423126220703, -0.004002182278782129, 1.4435408115386963)","(359.9923095703125, 269.9066467285156, -0.001152142765931785)",0.033512,-0.003204,"(-2.126706, 0.000044, -0.005793)",LeftFalse_RightFalse,False,"(-17.158660888671875, -0.004060438834130764, -1.6415224075317383)","(359.9813232421875, 94.85053253173828, 0.03125416859984398)",0.098184,0.057384,"(2.731472, 0.000039, -0.284075)",LeftFalse_RightFalse
10.785156,0.060769,"(20.52632713317871, 1.1931818723678589, 1.0303075313568115)","(7.050896644592285, 273.43792724609375, 359.1632995605469)","(19.871646881103516, 0.8559997081756592, 0.8156705498695374)","(0.006581875961273909, 88.7910385131836, 0.0009564728825353086)","(20.681886672973633, -0.003999435342848301, 1.44315505027771)","(359.9934387207031, 269.8995361328125, -0.0010836244327947497)",0.030161,-0.003204,"(-2.105287, 0.000042, -0.005970)",LeftFalse_RightFalse,False,"(-16.98038673400879, -0.004058025777339935, -1.660293698310852)","(359.982177734375, 95.01890563964844, 0.030198100954294205)",0.091056,0.056662,"(2.713339, 0.000035, -0.288751)",LeftFalse_RightFalse
10.845459,0.060667,"(20.400306701660156, 1.1931816339492798, 1.02992582321167)","(7.133687973022461, 273.4482421875, 359.1822509765625)","(19.745656967163086, 0.8559883832931519, 0.8152127265930176)","(0.005652198567986488, 88.78456115722656, 0.0009281951352022588)","(20.55583953857422, -0.0039970059879124165, 1.4427893161773682)","(-0.005633184220641851, 269.89306640625, -0.0010373670374974608)",0.027145,-0.003204,"(-2.083558, 0.000039, -0.006141)",LeftFalse_RightFalse,False,"(-16.817602157592773, -0.004055846948176622, -1.677849531173706)","(359.98297119140625, 95.17013549804688, 0.029335785657167435)",0.093294,0.057133,"(2.694160, 0.000036, -0.293233)",LeftFalse_RightFalse
10.904663,0.060372,"(20.278406143188477, 1.1931813955307007, 1.0295524597167969)","(7.114454746246338, 273.4566955566406, 359.1507873535156)","(19.62317657470703, 0.8559787273406982, 0.8147537708282471)","(0.004833071492612362, 88.77827453613281, 0.0009100509923882782)","(20.433303833007812, -0.0039947498589754105, 1.4424200057983398)","(-0.004814561456441879, 269.8867492675781, -0.0010033794678747654)",0.024431,-0.003204,"(-2.061582, 0.000037, -0.006307)",LeftFalse_RightFalse,False,"(-16.6588077545166, -0.004053704906255007, -1.6953903436660767)","(359.9836730957031, 95.31706237792969, 0.028870340436697006)",0.092556,0.057323,"(2.675407, 0.000037, -0.298378)",LeftFalse_RightFalse
10.965088,0.060385,"(20.1549072265625, 1.1931813955307007, 1.029153823852539)","(7.1217193603515625, 273.4629211425781, 359.1582946777344)","(19.499452590942383, 0.8559700846672058, 0.8142767548561096)","(0.004082968924194574, 88.77191162109375, 0.0008965102606453001)","(20.309520721435547, -0.003992491401731968, 1.4420331716537476)","(-0.004064861685037613, 269.8804016113281, -0.0009753300109878182)",0.021988,-0.003204,"(-2.039412, 0.000037, -0.006467)",LeftFalse_RightFalse,False,"(-16.497800827026367, -0.004051592666655779, -1.7136082649230957)","(359.9842529296875, 95.46632385253906, 0.028625119477510452)",0.089196,-0.011375,"(2.656747, 0.000035, -0.303467)",LeftFalse_RightFalse
11.023926,0.060081,"(20.035776138305664, 1.1931813955307007, 1.0287530422210693)","(7.102051258087158, 273.45159912109375, 359.1419372558594)","(19.380250930786133, 0.8559625744819641, 0.8138038516044617)","(0.0034279953688383102, 88.76579284667969, 0.0008850390440784395)","(20.190261840820312, -0.003990414086729288, 1.4416472911834717)","(-0.003410232486203313, 269.8742980957031, -0.000951190129853785)",0.019789,-0.003204,"(-2.017105, 0.000034, -0.006619)",LeftFalse_RightFalse,False,"(-16.341909408569336, -0.004049699753522873, -1.729703426361084)","(359.9847717285156, 95.52845001220703, 0.01119206938892603)",0.091048,-0.00456,"(2.641947, 0.000032, -0.263007)",LeftFalse_RightFalse
11.082886,0.059855,"(19.917709350585938, 1.1931816339492798, 1.0283420085906982)","(7.117291450500488, 273.47625732421875, 359.10491943359375)","(19.262170791625977, 0.8559560179710388, 0.8133228421211243)","(0.002839138498529792, 88.7597427368164, 0.0008739347686059773)","(20.072124481201172, -0.003988363780081272, 1.4412521123886108)","(-0.0028217006474733353, 269.86822509765625, -0.0009286962449550629)",0.01781,-0.003204,"(-1.994701, 0.000034, -0.006764)",LeftFalse_RightFalse,False,"(-16.18674087524414, -0.004047811031341553, -1.7448148727416992)","(359.98516845703125, 95.53748321533203, -0.0014706484507769346)",0.08849,-0.004699,"(2.624837, 0.000032, -0.254663)",LeftFalse_RightFalse
11.145386,0.06038,"(19.79395866394043, 1.1931819915771484, 1.0278972387313843)","(7.147887229919434, 273.4833068847656, 359.07110595703125)","(19.138429641723633, 0.8559499382972717, 0.8128051161766052)","(0.0022809833753854036, 88.7533950805664, 0.0008628331706859171)","(19.948322296142578, -0.003986375406384468, 1.4408245086669922)","(-0.002263864502310753, 269.86187744140625, -0.0009067986975423992)",0.016029,-0.003204,"(-1.972240, 0.000032, -0.006902)",LeftFalse_RightFalse,False,"(-16.02338409423828, -0.00404602475464344, -1.7605174779891968)","(359.9854736328125, 95.532470703125, 359.99285888671875)",0.083529,-0.005422,"(2.607166, 0.000030, -0.250172)",LeftFalse_RightFalse
11.208374,0.06089,"(19.670785903930664, 1.1931824684143066, 1.0274403095245361)","(7.120909214019775, 273.509521484375, 359.0516052246094)","(19.015275955200195, 0.8559445738792419, 0.812275767326355)","(0.0017801281064748764, 88.7470703125, 0.0008498394163325429)","(19.82510757446289, -0.003984370734542608, 1.4403849840164185)","(-0.0017633544048294425, 269.8555603027344, -0.0008841179660521448)",0.014426,-0.003174,"(-1.949759, 0.000032, -0.007032)",LeftFalse_RightFalse,False,"(-15.860052108764648, -0.004044066648930311, -1.7760992050170898)","(359.9858093261719, 95.52153015136719, 359.99127197265625)",0.082018,-0.005906,"(2.588768, 0.000029, -0.246507)",LeftFalse_RightFalse
11.267578,0.060572,"(19.55607795715332, 1.1931829452514648, 1.0270030498504639)","(7.077087879180908, 273.5479736328125, 359.07568359375)","(18.900590896606445, 0.8559401035308838, 0.8117716908454895)","(0.0013586328132078052, 88.74122619628906, 0.0008310520206578076)","(19.710363388061523, -0.003982631955295801, 1.4399640560150146)","(-0.0013423014897853136, 269.8497009277344, -0.0008571800426580012)",0.012983,-0.003174,"(-1.927289, 0.000029, -0.007140)",LeftFalse_RightFalse,False,"(-15.707257270812988, -0.004042410757392645, -1.790590763092041)","(359.9861755371094, 95.5085678100586, 359.9914245605469)",0.084148,-0.006488,"(2.570250, 0.000029, -0.243321)",LeftFalse_RightFalse
11.327393,0.060418,"(19.441734313964844, 1.1931836605072021, 1.0265558958053589)","(7.114801406860352, 273.5039978027344, 359.05145263671875)","(18.786270141601562, 0.8559364080429077, 0.8112581968307495)","(0.0009784989524632692, 88.73540496826172, 0.0008152073132805526)","(19.595985412597656, -0.003980674315243959, 1.4395328760147095)","(-0.0009625449893064797, 269.8439025878906, -0.0008339844061993062)",0.011685,-0.003174,"(-1.904859, 0.000029, -0.007251)",LeftFalse_RightFalse,False,"(-15.554256439208984, -0.004040636587888002, -1.8050258159637451)","(359.9864807128906, 95.49380493164062, 359.9920959472656)",0.082274,-0.007479,"(2.552288, 0.000029, -0.240315)",LeftFalse_RightFalse
11.387329,0.060317,"(19.32851791381836, 1.1931841373443604, 1.0261014699935913)","(7.119048595428467, 273.4828796386719, 359.02154541015625)","(18.673076629638672, 0.855932891368866, 0.8107380867004395)","(0.0006381687126122415, 88.72966003417969, 0.0008006779244169593)","(19.48273277282715, -0.003979123197495937, 1.4390944242477417)","(-0.0006225597462616861, 269.838134765625, -0.0008128739427775145)",0.010517,-0.003174,"(-1.882491, 0.000028, -0.007358)",LeftFalse_RightFalse,False,"(-15.402045249938965, -0.004038960672914982, -1.8192987442016602)","(359.9867248535156, 95.47708129882812, 359.9927673339844)",0.080898,-0.008231,"(2.534260, 0.000027, -0.237093)",LeftFalse_RightFalse
11.450195,0.06083,"(19.211122512817383, 1.1931848526000977, 1.025618314743042)","(7.045963764190674, 273.4625244140625, 359.1102294921875)","(18.55570411682129, 0.8559298515319824, 0.8101868033409119)","(0.00031976212630979717, 88.72369384765625, 0.0007864422514103353)","(19.36530113220215, -0.003977432381361723, 1.4386277198791504)","(-0.0003044880286324769, 269.8321838378906, -0.0007924811216071248)",0.009465,-0.003174,"(-1.852844, 0.000026, -0.007491)",LeftFalse_RightFalse,False,"(-15.243450164794922, -0.004037191160023212, -1.834073781967163)","(359.9869689941406, 95.45751953125, 359.99334716796875)",0.095035,-0.009364,"(2.510212, 0.000026, -0.232977)",LeftFalse_RightFalse
11.51416,0.061447,"(19.093294143676758, 1.1931856870651245, 1.0251206159591675)","(7.126907825469971, 273.4578857421875, 359.1177062988281)","(18.437902450561523, 0.8559273481369019, 0.8096209168434143)","(4.263831942807883e-05, 88.71771240234375, 0.000771057850215584)","(19.2474365234375, -0.003975780215114355, 1.4381465911865234)","(-2.7713693270925432e-05, 269.8262023925781, -0.0007717384141869843)",0.008518,-0.003174,"(-1.830762, 0.000026, -0.007581)",LeftFalse_RightFalse,False,"(-15.083396911621094, -0.004035604652017355, -1.8488836288452148)","(359.98699951171875, 95.43575286865234, 359.9937438964844)",0.076487,-0.010655,"(2.494812, 0.000023, -0.229842)",LeftFalse_RightFalse
11.571777,0.060683,"(18.98834228515625, 1.1931864023208618, 1.0246670246124268)","(7.148496150970459, 273.4783935546875, 359.17108154296875)","(18.332971572875977, 0.8559255003929138, 0.8091063499450684)","(-0.000177519308635965, 88.7123794555664, 0.0007573043112643063)","(19.1424503326416, -0.003974289167672396, 1.437707781791687)","(0.00019213664927519858, 269.82086181640625, -0.0007537283818237484)",0.007667,-0.003174,"(-1.808800, 0.000024, -0.007668)",LeftFalse_RightFalse,False,"(-14.940053939819336, -0.004034371115267277, -1.8620394468307495)","(359.9869689941406, 95.41377258300781, 359.99383544921875)",0.080653,-0.012085,"(2.476625, 0.000023, -0.226190)",LeftFalse_RightFalse
11.631104,0.060421,"(18.881473541259766, 1.1931869983673096, 1.0241950750350952)","(7.137500762939453, 273.453125, 359.1528015136719)","(18.226123809814453, 0.8559238910675049, 0.80857253074646)","(-0.00038077495992183685, 88.70695495605469, 0.0007439290056936443)","(19.035547256469727, -0.003972858190536499, 1.4372507333755493)","(0.00039509552880190313, 269.8154602050781, -0.0007364234188571572)",0.0069,-0.003174,"(-1.786974, 0.000024, -0.007749)",LeftFalse_RightFalse,False,"(-14.793401718139648, -0.004032917320728302, -1.8753763437271118)","(359.98712158203125, 95.38838958740234, 359.9936828613281)",0.080055,-0.013717,"(2.459224, 0.000024, -0.222364)",LeftFalse_RightFalse
11.69043,0.060193,"(18.77605438232422, 1.1931878328323364, 1.023719310760498)","(7.070161819458008, 273.41986083984375, 359.16796875)","(18.120725631713867, 0.8559226393699646, 0.8080356121063232)","(-0.0005631267558783293, 88.70159912109375, 0.0007310922374017537)","(18.930091857910156, -0.0039714123122394085, 1.436789870262146)","(0.000577164872083813, 269.8100891113281, -0.0007200613617897034)",0.00621,-0.003174,"(-1.765297, 0.000024, -0.007824)",LeftFalse_RightFalse,False,"(-14.64799690246582, -0.00403150450438261, -1.888460397720337)","(359.9873046875, 95.35987091064453, 359.9933166503906)",0.078299,-0.015533,"(2.441988, 0.000024, -0.218280)",LeftFalse_RightFalse
11.749023,0.059871,"(18.673112869262695, 1.1931887865066528, 1.0232453346252441)","(7.092910289764404, 273.42095947265625, 359.1787414550781)","(18.017803192138672, 0.8559215068817139, 0.807502031326294)","(-0.0007255341624841094, 88.6963882446289, 0.0007179246167652309)","(18.827116012573242, -0.003970049787312746, 1.4363300800323486)","(0.000739287119358778, 269.80487060546875, -0.0007037544855847955)",0.005589,-0.003174,"(-1.743780, 0.000023, -0.007895)",LeftFalse_RightFalse,False,"(-14.505292892456055, -0.0040300702676177025, -1.9011483192443848)","(359.9874572753906, 95.32818603515625, 359.9928283691406)",0.078106,-0.017459,"(2.424681, 0.000024, -0.213910)",LeftFalse_RightFalse
11.806885,0.059471,"(18.572635650634766, 1.1931895017623901, 1.0227731466293335)","(7.1190996170043945, 273.4184265136719, 359.1494445800781)","(17.917346954345703, 0.8559204936027527, 0.8069716095924377)","(-0.0008701786282472312, 88.6912841796875, 0.0007043109508231282)","(18.726606369018555, -0.003968814853578806, 1.4358720779418945)","(0.0008836411288939416, 269.7997741699219, -0.0006873449892736971)",0.00503,-0.003174,"(-1.729519, 0.000021, -0.007939)",LeftFalse_RightFalse,False,"(-14.365299224853516, -0.004028690047562122, -1.9134297370910645)","(359.9876403808594, 95.29316711425781, 359.9921875)",0.060264,-0.019319,"(2.413253, 0.000024, -0.210669)",LeftFalse_RightFalse
11.865967,0.059386,"(18.47134017944336, 1.1931904554367065, 1.0222879648208618)","(7.152867794036865, 273.40478515625, 359.11285400390625)","(17.816072463989258, 0.8559197783470154, 0.8064276576042175)","(-0.0010066262912005186, 88.68614196777344, 0.0006905780173838139)","(18.625276565551758, -0.003967439290136099, 1.4354010820388794)","(0.0010197976371273398, 269.79461669921875, -0.000670975015964359)",0.004527,-0.003174,"(-1.708261, 0.000022, -0.008000)",LeftFalse_RightFalse,False,"(-14.223544120788574, -0.004027085844427347, -1.9256629943847656)","(359.9881286621094, 95.25260162353516, 359.9913635253906)",0.075651,-0.021263,"(2.393309, 0.000030, -0.205508)",LeftFalse_RightFalse
11.927979,0.059914,"(18.366254806518555, 1.1931911706924438, 1.0217750072479248)","(7.161106586456299, 273.43255615234375, 359.1065979003906)","(17.711008071899414, 0.8559190034866333, 0.8058538436889648)","(-0.0011361612705513835, 88.6808090209961, 0.0006763353594578803)","(18.52015495300293, -0.003966223448514938, 1.4349027872085571)","(0.0011490328470245004, 269.789306640625, -0.00065422902116552)",0.004074,-0.003174,"(-1.687189, 0.000021, -0.008056)",LeftFalse_RightFalse,False,"(-14.075786590576172, -0.004025123082101345, -1.9381990432739258)","(359.9885559082031, 95.2054443359375, 359.99053955078125)",0.072152,-0.023454,"(2.376034, 0.000031, -0.200511)",LeftTrue_RightFalse
11.991333,0.060616,"(18.26019287109375, 1.1931920051574707, 1.0212470293045044)","(7.155552387237549, 273.44000244140625, 359.08782958984375)","(17.60496711730957, 0.8559184074401855, 0.8052643537521362)","(-0.0012531335232779384, 88.67543029785156, 0.0006622351938858628)","(18.4140567779541, -0.003964937292039394, 1.434389591217041)","(0.0012657103361561894, 269.783935546875, -0.0006378685357049108)",0.003667,-0.003174,"(-1.659410, 0.000020, -0.008124)",LeftFalse_RightFalse,False,"(-13.925849914550781, -0.0040232958272099495, -1.950674057006836)","(359.98883056640625, 95.15225982666016, 359.98968505859375)",0.08532,-0.025538,"(2.352694, 0.000029, -0.193817)",LeftTrue_RightFalse
12.049683,0.060165,"(18.163822174072266, 1.1931928396224976, 1.0207586288452148)","(7.175756931304932, 273.42950439453125, 359.08154296875)","(17.508615493774414, 0.8559182286262512, 0.8047203421592712)","(-0.0013445375952869654, 88.67053985595703, 0.0006489551160484552)","(18.31765365600586, -0.003963719122111797, 1.4339145421981812)","(0.0013568403664976358, 269.779052734375, -0.000622822786681354)",0.0033,-0.003174,"(-1.638819, 0.000020, -0.008169)",LeftFalse_RightFalse,False,"(-13.788871765136719, -0.004021739587187767, -1.961867332458496)","(359.9888916015625, 95.09996795654297, 359.98907470703125)",0.073226,-0.027499,"(2.337616, 0.000023, -0.188800)",LeftTrue_RightFalse
12.109009,0.059987,"(18.0671329498291, 1.1931935548782349, 1.020259976387024)","(7.172239780426025, 273.41290283203125, 359.13494873046875)","(17.411945343017578, 0.8559179902076721, 0.8041656613349915)","(-0.0014249577652662992, 88.66563415527344, 0.0006356454105116427)","(18.220930099487305, -0.003962658811360598, 1.433429479598999)","(0.0014369882410392165, 269.7741394042969, -0.0006079597515054047)",0.00297,-0.003174,"(-1.618430, 0.000020, -0.008210)",LeftFalse_RightFalse,False,"(-13.650646209716797, -0.004020415712147951, -1.9729396104812622)","(359.9888000488281, 95.04300689697266, 359.9884338378906)",0.071812,-0.029648,"(2.320811, 0.000020, -0.183523)",LeftTrue_RightFalse
12.169312,0.060049,"(17.96999740600586, 1.1931945085525513, 1.0197508335113525)","(7.147511959075928, 273.4013671875, 359.09228515625)","(17.314828872680664, 0.8559180498123169, 0.8036001920700073)","(-0.0014959170948714018, 88.66069793701172, 0.0006212796433828771)","(18.123760223388672, -0.003961460664868355, 1.4329338073730469)","(0.0015076561830937862, 269.7691955566406, -0.0005922238924540579)",0.002673,-0.003174,"(-1.598247, 0.000020, -0.008247)",LeftFalse_RightFalse,False,"(-13.511055946350098, -0.004019276238977909, -1.9838788509368896)","(359.98883056640625, 94.9809799194336, 359.98779296875)",0.071842,-0.031612,"(2.303893, 0.000020, -0.178005)",LeftTrue_RightFalse
12.228516,0.059874,"(17.875856399536133, 1.1931952238082886, 1.0192490816116333)","(7.110692977905273, 273.4268798828125, 359.14410400390625)","(17.220706939697266, 0.8559180498123169, 0.8030439615249634)","(-0.0015571474796161056, 88.65592193603516, 0.0006075007258914411)","(18.029586791992188, -0.003960374277085066, 1.4324452877044678)","(0.0015686086844652891, 269.764404296875, -0.0005772630102001131)",0.002406,-0.003174,"(-1.584902, 0.000017, -0.008269)",LeftFalse_RightFalse,False,"(-13.375062942504883, -0.004018100909888744, -1.9942893981933594)","(359.9889221191406, 94.91609191894531, 359.98712158203125)",0.054638,-0.033703,"(2.292734, 0.000021, -0.174121)",LeftTrue_RightFalse
12.2948,0.061167,"(17.771709442138672, 1.193196177482605, 1.0186848640441895)","(7.053065299987793, 273.437744140625, 359.153076171875)","(17.116579055786133, 0.8559182286262512, 0.8024195432662964)","(-0.0016186857828870416, 88.65065002441406, 0.0005919496761634946)","(17.92540168762207, -0.003959208261221647, 1.4318954944610596)","(0.001629834296181798, 269.7591552734375, -0.0005605244659818709)",0.002165,-0.003174,"(-1.558494, 0.000017, -0.008305)",LeftFalse_RightFalse,False,"(-13.223901748657227, -0.004016425926238298, -2.0055336952209473)","(359.98944091796875, 94.83770751953125, 359.9862976074219)",0.082509,-0.036244,"(2.266827, 0.000030, -0.166336)",LeftTrue_RightFalse
12.355225,0.061011,"(17.678146362304688, 1.1938344240188599, 1.018169641494751)","(7.027653694152832, 273.42132568359375, 359.14837646484375)","(17.023035049438477, 0.8559184074401855, 0.8018500804901123)","(-0.0016661592526361346, 88.6458969116211, 0.0005777299520559609)","(17.831806182861328, -0.0039581675082445145, 1.4313933849334717)","(0.0016770241782069206, 269.75439453125, -0.0005453888443298638)",0.001949,-0.003174,"(-1.538943, 0.000017, -0.008329)",LeftFalse_RightFalse,False,"(-13.08740234375, -0.004014683421701193, -2.015409469604492)","(359.98974609375, 94.76245880126953, 359.98565673828125)",0.069275,-0.038375,"(2.252208, 0.000025, -0.160482)",LeftTrue_RightFalse
12.415405,0.060838,"(17.586137771606445, 1.1940866708755493, 1.017655372619629)","(7.03830623626709, 273.40496826171875, 359.17120361328125)","(16.93104362487793, 0.8559186458587646, 0.801282525062561)","(-0.0017066458240151405, 88.6412353515625, 0.0005643811309710145)","(17.739765167236328, -0.003957181237637997, 1.4308918714523315)","(0.0017172446241602302, 269.7497253417969, -0.0005312594003044069)",0.001754,-0.003174,"(-1.519607, 0.000016, -0.008349)",LeftFalse_RightFalse,False,"(-12.952383995056152, -0.004013319034129381, -2.0248894691467285)","(359.98974609375, 94.68314361572266, 359.9849853515625)",0.066752,-0.040531,"(2.235768, 0.000022, -0.154521)",LeftTrue_RightFalse
12.475098,0.060626,"(17.49584197998047, 1.1941869258880615, 1.0171432495117188)","(7.042544364929199, 273.4041442871094, 359.1724853515625)","(16.84076499938965, 0.8559190630912781, 0.8007180094718933)","(-0.0017410406144335866, 88.63665771484375, 0.0005510326591320336)","(17.649436950683594, -0.003956152126193047, 1.4303922653198242)","(0.0017513749189674854, 269.7451477050781, -0.0005172480014152825)",0.001579,-0.003174,"(-1.500486, 0.000016, -0.008367)",LeftFalse_RightFalse,False,"(-12.819181442260742, -0.004012071527540684, -2.0339529514312744)","(359.98980712890625, 94.60027313232422, 359.984375)",0.068394,-0.042832,"(2.219011, 0.000021, -0.148449)",LeftTrue_RightFalse
12.533813,0.06023,"(17.408349990844727, 1.1942270994186401, 1.0166399478912354)","(7.08374547958374, 273.44549560546875, 359.15240478515625)","(16.7532901763916, 0.8559193015098572, 0.8001640439033508)","(-0.0017697379225865006, 88.63221740722656, 0.0005395087646320462)","(17.561912536621094, -0.003955369349569082, 1.4299012422561646)","(0.001779843820258975, 269.74072265625, -0.0005051710177212954)",0.001421,-0.003174,"(-1.481582, 0.000015, -0.008380)",LeftFalse_RightFalse,False,"(-12.689449310302734, -0.004010823089629412, -2.042489767074585)","(359.98992919921875, 94.51500701904297, 359.9837646484375)",0.06856,-0.044294,"(2.202709, 0.000020, -0.142235)",LeftTrue_RightFalse
12.59729,0.0609,"(17.314725875854492, 1.1942455768585205, 1.0160939693450928)","(7.072288513183594, 273.47760009765625, 359.1437683105469)","(16.659685134887695, 0.8559197783470154, 0.7995639443397522)","(-0.001796331605874002, 88.62747192382812, 0.0005270561669021845)","(17.4682559967041, -0.003954344429075718, 1.429368257522583)","(0.0018061917508020997, 269.7359619140625, -0.000492206250783056)",0.001279,-0.003174,"(-1.462892, 0.000016, -0.008391)",LeftFalse_RightFalse,False,"(-12.549871444702148, -0.004009550902992487, -2.0513553619384766)","(359.9900207519531, 94.41877746582031, 359.9832763671875)",0.063525,-0.046645,"(2.186621, 0.000019, -0.136401)",LeftTrue_RightFalse
12.660278,0.061311,"(17.223247528076172, 1.194252610206604, 1.0155528783798218)","(7.056003570556641, 273.4788513183594, 359.13995361328125)","(16.568222045898438, 0.8559203147888184, 0.7989699244499207)","(-0.0018180336337536573, 88.6228256225586, 0.0005153316305950284)","(17.37674331665039, -0.003953384701162577, 1.4288398027420044)","(0.0018276625778526068, 269.7313232421875, -0.00048006404540501535)",0.001151,-0.003174,"(-1.444419, 0.000015, -0.008399)",LeftFalse_RightFalse,False,"(-12.412742614746094, -0.0040083229541778564, -2.0597314834594727)","(359.9901428222656, 94.31970977783203, 359.9828186035156)",0.063232,-0.049226,"(2.169905, 0.000020, -0.130120)",LeftTrue_RightFalse
12.721313,0.06126,"(17.135684967041016, 1.1942555904388428, 1.0150277614593506)","(7.028120517730713, 273.4765319824219, 359.1636047363281)","(16.48067855834961, 0.8559208512306213, 0.798393964767456)","(-0.0018349012825638056, 88.6183853149414, 0.0005027253646403551)","(17.28915023803711, -0.0039525218307971954, 1.4283268451690674)","(0.0018442836590111256, 269.72686767578125, -0.00046713388292118907)",0.001036,-0.003174,"(-1.426161, 0.000014, -0.008403)",LeftFalse_RightFalse,False,"(-12.280799865722656, -0.004007011651992798, -2.0674474239349365)","(359.9903564453125, 94.21923828125, 359.9822082519531)",0.064217,-0.051483,"(2.153309, 0.000023, -0.123549)",LeftTrue_RightFalse
12.78186,0.061104,"(17.050064086914062, 1.1942572593688965, 1.01450777053833)","(7.0128374099731445, 273.42987060546875, 359.2029113769531)","(16.39507293701172, 0.8559213280677795, 0.7978243827819824)","(-0.0018486598273739219, 88.61404418945312, 0.0004915994359180331)","(17.2034969329834, -0.003951730206608772, 1.4278186559677124)","(0.0018578239250928164, 269.7225341796875, -0.00045574380783364177)",0.000932,-0.003174,"(-1.408118, 0.000014, -0.008404)",LeftFalse_RightFalse,False,"(-12.15110969543457, -0.004005554597824812, -2.0746898651123047)","(359.99053955078125, 94.115478515625, 359.98162841796875)",0.063726,-0.053895,"(2.137060, 0.000022, -0.117030)",LeftTrue_RightFalse
12.839722,0.06047,"(16.969070434570312, 1.1942580938339233, 1.014009714126587)","(6.992671012878418, 273.39227294921875, 359.2178039550781)","(16.31409454345703, 0.8559218049049377, 0.7972795963287354)","(-0.001859096111729741, 88.60993957519531, 0.0004806796205230057)","(17.122474670410156, -0.003950943239033222, 1.4273319244384766)","(0.0018680471694096923, 269.71844482421875, -0.0004446241073310375)",0.000839,-0.003174,"(-1.390289, 0.000013, -0.008403)",LeftFalse_RightFalse,False,"(-12.027803421020508, -0.004004308953881264, -2.081249952316284)","(359.9906921386719, 94.01217651367188, 359.9810485839844)",0.065162,-0.056062,"(2.120927, 0.000021, -0.110395)",LeftTrue_RightFalse
12.902588,0.060942,"(16.882352828979492, 1.1942590475082397, 1.0134698152542114)","(6.974247455596924, 273.36572265625, 359.22149658203125)","(16.227394104003906, 0.855922281742096, 0.7966893315315247)","(-0.0018674404127523303, 88.60552978515625, 0.00046845758333802223)","(17.035724639892578, -0.003950152080506086, 1.4268040657043457)","(0.0018761534010991454, 269.7140197753906, -0.0004322431923355907)",0.000755,-0.003174,"(-1.372672, 0.000013, -0.008399)",LeftFalse_RightFalse,False,"(-11.895085334777832, -0.004003033973276615, -2.0879504680633545)","(359.9908142089844, 93.89612579345703, 359.98052978515625)",0.060726,-0.058199,"(2.105210, 0.000021, -0.103833)",LeftTrue_RightFalse
12.961914,0.060623,"(16.801498413085938, 1.194259762763977, 1.01296067237854)","(7.0338134765625, 273.38446044921875, 359.2323303222656)","(16.146554946899414, 0.8559229373931885, 0.7961334586143494)","(-0.0018734895857051015, 88.6014404296875, 0.000458959664683789)","(16.95484161376953, -0.003949373960494995, 1.4263060092926025)","(0.0018820177065208554, 269.7099304199219, -0.0004226297896821052)",0.00068,-0.003174,"(-1.355267, 0.000012, -0.008392)",LeftFalse_RightFalse,False,"(-11.770692825317383, -0.004001806490123272, -2.093881607055664)","(359.9909362792969, 93.78288269042969, 359.9800720214844)",0.062942,-0.060947,"(2.088949, 0.000019, -0.097256)",LeftTrue_RightFalse
13.020508,0.060208,"(16.72272300720215, 1.1942603588104248, 1.0124585628509521)","(7.102842330932617, 273.4079284667969, 359.2474060058594)","(16.067794799804688, 0.8559234738349915, 0.7955857515335083)","(-0.0018774686614051461, 88.59745025634766, 0.0004489229468163103)","(16.87603759765625, -0.003948708064854145, 1.4258148670196533)","(0.00188580178655684, 269.7059326171875, -0.00041251812945120037)",0.000612,-0.003174,"(-1.338073, 0.000012, -0.008383)",LeftFalse_RightFalse,False,"(-11.648887634277344, -0.004000726155936718, -2.09934139251709)","(359.9910583496094, 93.66728973388672, 359.97955322265625)",0.063452,-0.06273,"(2.073213, 0.000019, -0.090330)",LeftTrue_RightFalse
13.080444,0.060148,"(16.64312744140625, 1.194260835647583, 1.0119458436965942)","(7.111735820770264, 273.41558837890625, 359.2430114746094)","(15.988215446472168, 0.8559239506721497, 0.7950270175933838)","(-0.0018789442256093025, 88.59341430664062, 0.00043803785229101777)","(16.79641342163086, -0.003948083613067865, 1.4253132343292236)","(0.0018870667554438114, 269.701904296875, -0.0004016064340248704)",0.00055,-0.003174,"(-1.321088, 0.000012, -0.008371)",LeftFalse_RightFalse,False,"(-11.525175094604492, -0.003999547101557255, -2.104534149169922)","(359.9911193847656, 93.54554748535156, 359.9791564941406)",0.061613,-0.063662,"(2.057746, 0.000019, -0.083796)",LeftTrue_RightFalse
13.139771,0.059983,"(16.565311431884766, 1.1942615509033203, 1.0114389657974243)","(7.098841190338135, 273.416259765625, 359.2509765625)","(15.91041374206543, 0.8559244871139526, 0.7944751381874084)","(-0.0018796769436448812, 88.5894775390625, 0.0004280583234503865)","(16.718568801879883, -0.003947393968701363, 1.4248170852661133)","(0.0018876062240451574, 269.6979675292969, -0.00039161453605629504)",0.000495,-0.003174,"(-1.304310, 0.000012, -0.008357)",LeftFalse_RightFalse,False,"(-11.403594970703125, -0.003998409025371075, -2.1093132495880127)","(359.9912109375, 93.42294311523438, 359.9790344238281)",0.061739,-0.063834,"(2.042151, 0.000018, -0.077815)",LeftTrue_RightFalse
13.198853,0.059813,"(16.488712310791016, 1.1942620277404785, 1.010934829711914)","(7.091823577880859, 273.38360595703125, 359.2656555175781)","(15.833828926086426, 0.8559250831604004, 0.7939265966415405)","(-0.0018788347952067852, 88.5855941772461, 0.0004176440997980535)","(16.64194107055664, -0.003946734592318535, 1.424323558807373)","(0.0018865630263462663, 269.694091796875, -0.00038121858960948884)",0.000446,-0.003174,"(-1.287738, 0.000011, -0.008341)",LeftFalse_RightFalse,False,"(-11.283300399780273, -0.003997380845248699, -2.11375093460083)","(359.99127197265625, 93.30022430419922, 359.9792785644531)",0.06163,-0.310089,"(2.026738, 0.000016, -0.072428)",LeftTrue_RightFalse
13.256958,0.059472,"(16.414377212524414, 1.1942626237869263, 1.0104405879974365)","(7.089005470275879, 273.3751525878906, 359.2862548828125)","(15.759509086608887, 0.8559255599975586, 0.7933893799781799)","(-0.0018762401305139065, 88.58182525634766, 0.0004069342976436019)","(16.56757926940918, -0.003946115728467703, 1.4238395690917969)","(0.0018837611423805356, 269.6903076171875, -0.0003705609997268766)",0.000401,-0.003174,"(-1.271370, 0.000012, -0.008320)",LeftFalse_RightFalse,False,"(-11.166898727416992, -0.003994569182395935, -2.1125686168670654)","(-0.005317199043929577, 92.96174621582031, 359.93212890625)",0.130081,-0.30712,"(1.984789, 0.000076, 0.074407)",LeftTrue_RightFalse
13.319946,0.060167,"(16.334880828857422, 1.1942633390426636, 1.0099064111709595)","(7.0970330238342285, 273.39044189453125, 359.2784118652344)","(15.680027961730957, 0.8559262156486511, 0.7928093075752258)","(-0.001872468157671392, 88.57779693603516, 0.0003951303951907903)","(16.488054275512695, -0.003945407923310995, 1.423316478729248)","(0.001879761926829815, 269.686279296875, -0.0003588323015719652)",0.000361,-0.003174,"(-1.255204, 0.000010, -0.008299)",LeftFalse_RightFalse,False,"(-11.04233169555664, -0.003989390563219786, -2.1060867309570312)","(-0.002917491365224123, 92.39893341064453, 359.89068603515625)",0.083545,-0.059796,"(1.974376, 0.000066, 0.119224)",LeftTrue_RightFalse
13.381226,0.060394,"(16.25848388671875, 1.1942638158798218, 1.0093879699707031)","(6.992960453033447, 273.40234375, 359.2781677246094)","(15.603645324707031, 0.8559268116950989, 0.7922465801239014)","(-0.0018675546161830425, 88.57392883300781, 0.0003852478985209018)","(16.41162872314453, -0.003944790922105312, 1.4228085279464722)","(0.0018746580462902784, 269.6824035644531, -0.00034904677886515856)",0.000325,-0.003174,"(-1.239239, 0.000010, -0.008277)",LeftFalse_RightFalse,False,"(-10.921565055847168, -0.003987203352153301, -2.1036598682403564)","(-0.004124827217310667, 92.05781555175781, 359.9293518066406)",0.069979,-0.058796,"(1.965726, 0.000023, 0.004849)",LeftTrue_RightFalse
13.443359,0.060745,"(16.182043075561523, 1.194264531135559, 1.0088638067245483)","(6.91812801361084, 273.4056396484375, 359.2925109863281)","(15.52721881866455, 0.855927586555481, 0.7916783094406128)","(-0.0018616082379594445, 88.5700454711914, 0.0003773934440687299)","(16.335159301757812, -0.0039440421387553215, 1.4222948551177979)","(0.0018685607938095927, 269.67852783203125, -0.0003413087979424745)",0.000293,-0.003174,"(-1.223472, 0.000010, -0.008252)",LeftFalse_RightFalse,False,"(-10.79982852935791, -0.0039870659820735455, -2.1043920516967773)","(359.9941101074219, 91.89224243164062, 359.969970703125)",0.067154,-0.268276,"(1.953011, -0.000005, -0.013836)",LeftTrue_RightFalse
13.505249,0.060981,"(16.106882095336914, 1.1942651271820068, 1.0083434581756592)","(6.871462821960449, 273.3978576660156, 359.2730407714844)","(15.452073097229004, 0.8559281826019287, 0.791114330291748)","(-0.0018548251828178763, 88.56623840332031, 0.0003682767564896494)","(16.259971618652344, -0.003943458199501038, 1.4217848777770996)","(0.0018616026500239968, 269.67474365234375, -0.00033232488203793764)",0.000263,-0.003174,"(-1.207901, 0.000010, -0.008227)",LeftFalse_RightFalse,False,"(-10.68024730682373, -0.003986130468547344, -2.1001834869384766)","(-0.004505014978349209, 91.5434799194336, 359.9437255859375)",0.109703,-0.262118,"(1.919853, 0.000026, 0.099423)",LeftTrue_RightFalse
13.563843,0.060504,"(16.03725814819336, 1.1942657232284546, 1.007867455482483)","(6.862146377563477, 273.41217041015625, 359.27398681640625)","(15.38187026977539, 0.8559286594390869, 0.7905830144882202)","(-0.00184776377864182, 88.56268310546875, 0.0003603598161134869)","(16.189729690551758, -0.003942882642149925, 1.4213037490844727)","(0.0018543895566836, 269.6711730957031, -0.0003245460975449532)",0.000237,-0.003174,"(-1.192525, 0.000010, -0.008199)",LeftFalse_RightFalse,False,"(-10.568147659301758, -0.003984346985816956, -2.093013286590576)","(-0.004139177966862917, 91.09860229492188, 359.9217529296875)",0.08364,-0.255277,"(1.909152, 0.000021, 0.131091)",LeftTrue_RightFalse
13.624146,0.060453,"(15.966230392456055, 1.1942662000656128, 1.0073710680007935)","(6.858173847198486, 273.42822265625, 359.27435302734375)","(15.310604095458984, 0.8559293746948242, 0.7900389432907104)","(-0.0018398205284029245, 88.55908203125, 0.0003520338505040854)","(16.118423461914062, -0.003942231647670269, 1.4208108186721802)","(0.001846286584623158, 269.6675720214844, -0.0003163755463901907)",0.000213,-0.003174,"(-1.177341, 0.000011, -0.008170)",LeftFalse_RightFalse,False,"(-10.453532218933105, -0.003983696456998587, -2.084500312805176)","(-0.0049967169761657715, 90.62749481201172, 359.9149475097656)",0.069132,-0.247606,"(1.897599, 0.000003, 0.147215)",LeftTrue_RightFalse
13.68457,0.060446,"(15.895766258239746, 1.1942667961120605, 1.0068717002868652)","(6.877326011657715, 273.42431640625, 359.2813720703125)","(15.240052223205566, 0.8559300303459167, 0.7894962430000305)","(-0.0018314482877030969, 88.55549621582031, 0.00034423681790940464)","(16.047832489013672, -0.003941667731851339, 1.420318603515625)","(0.0018377648666501045, 269.66400146484375, -0.0003087418735958636)",0.000192,-0.003174,"(-1.162348, 0.000010, -0.008139)",LeftFalse_RightFalse,False,"(-10.339349746704102, -0.003983926493674517, -2.075239896774292)","(359.9940185546875, 90.16495513916016, 359.91748046875)",0.069469,-0.215636,"(1.884452, -0.000006, 0.158395)",LeftTrue_RightFalse
13.747192,0.060872,"(15.8236665725708, 1.1942673921585083, 1.006354808807373)","(6.901604175567627, 273.427001953125, 359.2146301269531)","(15.167925834655762, 0.8559306263923645, 0.7889363169670105)","(-0.0018223065417259932, 88.55183410644531, 0.0003360904229339212)","(15.975665092468262, -0.003941102419048548, 1.41981041431427)","(0.0018284671241417527, 269.66033935546875, -0.0003007738559972495)",0.000173,-0.003174,"(-1.147542, 0.000008, -0.008107)",LeftFalse_RightFalse,False,"(-10.22181224822998, -0.0039846100844442844, -2.0656261444091797)","(359.9928894042969, 89.72706604003906, 359.9290771484375)",0.063528,-0.207938,"(1.873842, -0.000010, 0.155042)",LeftTrue_RightFalse
13.807007,0.060677,"(15.755535125732422, 1.194267749786377, 1.0058616399765015)","(6.968535423278809, 273.50396728515625, 359.2369079589844)","(15.09979248046875, 0.8559311032295227, 0.788403332233429)","(-0.0018130415119230747, 88.54837799072266, 0.0003281200479250401)","(15.907493591308594, -0.003940680995583534, 1.4193263053894043)","(0.001819050288759172, 269.6568603515625, -0.0002929843030869961)",0.000156,-0.003174,"(-1.132924, 0.000008, -0.008073)",LeftFalse_RightFalse,False,"(-10.110061645507812, -0.003985191695392132, -2.0562922954559326)","(359.99212646484375, 89.34014892578125, 359.93963623046875)",0.063652,-0.200691,"(1.860908, -0.000008, 0.159058)",LeftTrue_RightFalse
13.865723,0.060276,"(15.689629554748535, 1.1942682266235352, 1.0053805112838745)","(6.97974157333374, 273.49102783203125, 359.2227478027344)","(15.033893585205078, 0.8559316992759705, 0.787883996963501)","(-0.0018036691471934319, 88.5450439453125, 0.000320786057272926)","(15.841558456420898, -0.003940127324312925, 1.418853998184204)","(0.001809537410736084, 269.6535339355469, -0.00028583299717865884)",0.00014,-0.003021,"(-1.118489, 0.000009, -0.008038)",LeftFalse_RightFalse,False,"(-10.001359939575195, -0.003985613584518433, -2.0468389987945557)","(359.9917297363281, 88.97996520996094, 359.94732666015625)",0.063869,-0.194008,"(1.847740, -0.000003, 0.164402)",LeftTrue_RightFalse
13.925293,0.06015,"(15.623468399047852, 1.1942685842514038, 1.004895567893982)","(6.94298791885376, 273.4638671875, 359.21343994140625)","(14.967741966247559, 0.8559319972991943, 0.7873618602752686)","(-0.0017938822275027633, 88.54177856445312, 0.0002934704243671149)","(15.775370597839355, -0.003939613699913025, 1.418378233909607)","(0.0017992237117141485, 269.6502685546875, -0.0002587117487564683)",0.000126,-0.002655,"(-1.104238, 0.000008, -0.007951)",LeftFalse_RightFalse,False,"(-9.891627311706543, -0.0039857677184045315, -2.0368900299072266)","(359.9914855957031, 88.62921142578125, 359.9529724121094)",0.061824,-0.166944,"(1.834630, 0.000002, 0.169940)",LeftTrue_RightFalse
13.987915,0.060624,"(15.555007934570312, 1.1942687034606934, 1.0043971538543701)","(6.930678844451904, 273.47174072265625, 359.2181701660156)","(14.899292945861816, 0.8559319972991943, 0.7868289351463318)","(-0.0017847587587311864, 88.53872680664062, 0.0002231411199318245)","(15.706887245178223, -0.003939071204513311, 1.4178893566131592)","(0.0017887416761368513, 269.647216796875, -0.0001885720412246883)",0.000113,-0.002106,"(-1.090167, 0.000008, -0.007780)",LeftFalse_RightFalse,False,"(-9.777372360229492, -0.003985526505857706, -2.0266034603118896)","(359.99127197265625, 88.297607421875, 359.9616394042969)",0.057275,-0.160411,"(1.822967, 0.000005, 0.164846)",LeftTrue_RightFalse
14.047607,0.060454,"(15.49040412902832, 1.1942684650421143, 1.00393545627594)","(6.933271408081055, 273.4732666015625, 359.21026611328125)","(14.834696769714355, 0.8559314608573914, 0.7863404750823975)","(-0.0017763202777132392, 88.53634643554688, 0.000114782465971075)","(15.642265319824219, -0.003938563168048859, 1.417436122894287)","(0.0017782083014026284, 269.64483642578125, -8.039687963901088e-05)",0.000102,-0.001892,"(-1.076275, 0.000008, -0.007532)",LeftFalse_RightFalse,False,"(-9.668923377990723, -0.003985112998634577, -2.016763687133789)","(359.9912109375, 88.00714874267578, 359.9677429199219)",0.086281,-0.15179,"(1.809519, 0.000010, 0.166374)",LeftTrue_RightFalse
14.112671,0.061373,"(15.421034812927246, 1.1942683458328247, 1.0034464597702026)","(6.971653461456299, 273.49493408203125, 359.19805908203125)","(14.765336036682129, 0.855931282043457, 0.7858267426490784)","(-0.0017666473286226392, 88.53414154052734, 3.7374222301878035e-05)","(15.572879791259766, -0.003938054665923119, 1.4169546365737915)","(0.0017670398810878396, 269.64263916015625, -3.1902911814540857e-06)",9.2e-05,-0.00174,"(-1.058024, 0.000008, -0.007343)",LeftFalse_RightFalse,False,"(-9.551612854003906, -0.003984623588621616, -2.0058929920196533)","(359.9907531738281, 87.71065521240234, 359.9718933105469)",-1.0,-0.141757,"(1.797747, 0.000003, 0.170446)",LeftTrue_RightFalse
14.171997,0.060958,"(15.358624458312988, 1.1942684650421143, 1.0030089616775513)","(6.930449485778809, 273.5362854003906, 359.1919860839844)","(14.702932357788086, 0.8559314608573914, 0.7853684425354004)","(-0.0017563893925398588, 88.53231048583984, 7.840085345378611e-06)","(15.510456085205078, -0.003937725909054279, 1.4165226221084595)","(0.0017562126740813255, 269.64080810546875, 2.613988363009412e-05)",8.3e-05,-0.00174,"(-1.044538, 0.000008, -0.007223)",LeftFalse_RightFalse,False,"(-9.456754684448242, -0.003970579244196415, -1.9969615936279297)","(0.025541827082633972, 87.48263549804688, 359.9813232421875)",-1.0,-0.117973,"(1.292641, 0.000817, 0.123234)",LeftTrue_RightFalse
14.231445,0.060667,"(15.29679012298584, 1.1942691802978516, 1.0025763511657715)","(6.901963710784912, 273.55218505859375, 359.1894836425781)","(14.641105651855469, 0.8559321165084839, 0.7849159836769104)","(-0.0017454377375543118, 88.53057861328125, 1.0885353731282521e-05)","(15.448609352111816, -0.003937244415283203, 1.416094422340393)","(0.0017453215550631285, 269.6390686035156, 2.2883312340127304e-05)",7.4e-05,-0.00174,"(-1.031223, 0.000007, -0.007151)",LeftFalse_RightFalse,False,"(-9.392086029052734, -0.003898264840245247, -1.9910012483596802)","(0.11001191288232803, 87.3443603515625, -0.0010335749248042703)",-0.219341,-0.113998,"(0.780073, 0.001758, 0.071662)",LeftTrue_RightFalse
14.291992,0.060634,"(15.234718322753906, 1.1942696571350098, 1.002140760421753)","(6.891172885894775, 273.5377197265625, 359.2176208496094)","(14.579039573669434, 0.8559329509735107, 0.7844605445861816)","(-0.0017337312456220388, 88.52884674072266, 3.167696195305325e-05)","(15.386524200439453, -0.0039368318393826485, 1.4156631231307983)","(0.0017340194899588823, 269.6373291015625, 1.8691411014515324e-06)",6.7e-05,-0.00174,"(-1.018077, 0.000007, -0.007088)",LeftFalse_RightFalse,False,"(-9.348283767700195, -0.0037880868185311556, -1.9870525598526)","(0.17845658957958221, 87.26254272460938, 0.01139581948518753)",-0.434404,-0.110301,"(0.656884, 0.001619, 0.059935)",LeftTrue_RightFalse
14.362793,0.062665,"(15.163126945495605, 1.194270372390747, 1.0009236335754395)","(6.894245147705078, 273.5184326171875, 359.23638916015625)","(14.507437705993652, 0.8559338450431824, 0.7839331030845642)","(-0.0017199189169332385, 88.52687072753906, 6.053793549654074e-05)","(15.314900398254395, -0.003936394117772579, 1.415163278579712)","(0.0017207680502906442, 269.6353454589844, -2.725373997236602e-05)",6e-05,-0.00174,"(-1.005097, 0.000007, -0.007027)",LeftFalse_RightFalse,False,"(-9.309561729431152, -0.0036896797828376293, -1.9835691452026367)","(0.2107352614402771, 87.19386291503906, 0.017499908804893494)",-0.39877,-0.107079,"(0.434514, 0.001142, 0.039336)",LeftTrue_RightFalse
14.431763,0.06392,"(15.094422340393066, 1.1942709684371948, 1.0002343654632568)","(6.913943767547607, 273.5240173339844, 359.24169921875)","(14.438735008239746, 0.8559346795082092, 0.7834246158599854)","(-0.0017069564200937748, 88.52496337890625, 8.37894476717338e-05)","(15.246176719665527, -0.003935974091291428, 1.414681315422058)","(0.0017082579433918, 269.6334533691406, -5.075173976365477e-05)",5.4e-05,-0.00174,"(-0.988048, 0.000007, -0.006946)",LeftFalse_RightFalse,False,"(-9.288605690002441, -0.003630053950473666, -1.981697916984558)","(0.2245423048734665, 87.15886688232422, 0.0205089021474123)",0.070226,-0.105642,"(0.184486, 0.000571, 0.016428)",LeftTrue_RightFalse
14.494141,0.063618,"(15.03309440612793, 1.1942715644836426, 0.9997409582138062)","(6.904200553894043, 273.5244140625, 359.2469482421875)","(14.377411842346191, 0.8559354543685913, 0.7829688787460327)","(-0.0016950942808762193, 88.52326202392578, 0.00010029316763393581)","(15.184834480285645, -0.003935602493584156, 1.4142491817474365)","(0.0016967172268778086, 269.6317443847656, -6.748166924808174e-05)",4.9e-05,-0.001709,"(-0.975450, 0.000006, -0.006886)",LeftFalse_RightFalse,False,"(-9.276947021484375, -0.0036112801171839237, -1.9806463718414307)","(0.2092052698135376, 87.14520263671875, 0.019025085493922234)",-0.257844,-0.104963,"(0.189656, -0.000104, 0.017043)",LeftTrue_RightFalse
14.563599,0.064778,"(14.965828895568848, 1.1942721605300903, 0.999237060546875)","(6.9367451667785645, 273.5332336425781, 359.2644348144531)","(14.310152053833008, 0.8559362292289734, 0.7824676036834717)","(-0.0016823674086481333, 88.52140045166016, 0.000109005173726473)","(15.117554664611816, -0.003935099579393864, 1.413773775100708)","(0.0016841613687574863, 269.6298828125, -7.643822755198926e-05)",4.4e-05,-0.001709,"(-0.963013, 0.000007, -0.006817)",LeftFalse_RightFalse,False,"(-9.270631790161133, -0.003631825093179941, -1.979935884475708)","(0.18895187973976135, 87.13528442382812, 0.0162451583892107)",0.15056,-0.104791,"(-0.000863, -0.000240, 0.001673)",LeftTrue_RightFalse
14.626709,0.064442,"(14.90554428100586, 1.194272518157959, 0.9987982511520386)","(6.967780113220215, 273.55224609375, 359.26983642578125)","(14.249874114990234, 0.8559368252754211, 0.7820163369178772)","(-0.001669957535341382, 88.5197525024414, 0.00011535479279700667)","(15.057257652282715, -0.003934755921363831, 1.4133459329605103)","(0.001671876641921699, 269.62823486328125, -8.302671631099656e-05)",4e-05,-0.001709,"(-0.950734, 0.000006, -0.006756)",LeftFalse_RightFalse,False,"(-9.269682884216309, -0.003660921473056078, -1.9798128604888916)","(0.15812380611896515, 87.132080078125, 0.014320780523121357)",-0.151826,-0.105271,"(0.020310, -0.000598, 0.002033)",LeftTrue_RightFalse
14.687988,0.06383,"(14.847677230834961, 1.194272756576538, 0.9983795285224915)","(6.915260314941406, 273.52618408203125, 359.2792053222656)","(14.192012786865234, 0.8559373021125793, 0.7815819382667542)","(-0.0016583629185333848, 88.5181884765625, 0.000120035489089787)","(14.99937915802002, -0.003934445790946484, 1.412933588027954)","(0.001660374691709876, 269.6266784667969, -8.793101005721837e-05)",3.6e-05,-0.001678,"(-0.938611, 0.000006, -0.006695)",LeftFalse_RightFalse,False,"(-9.269100189208984, -0.003706938587129116, -1.9797433614730835)","(0.1247398629784584, 87.13239288330078, 0.011651194654405117)",-0.101847,-0.105715,"(-0.001378, -0.000774, -0.000126)",LeftTrue_RightFalse
14.749512,0.063362,"(14.790467262268066, 1.1949585676193237, 0.9979658126831055)","(6.887467861175537, 273.5379333496094, 359.2726745605469)","(14.134808540344238, 0.8559379577636719, 0.7811517119407654)","(-0.0016473297728225589, 88.51664733886719, 0.00011789178097387776)","(14.942157745361328, -0.003933965228497982, 1.4125248193740845)","(0.0016493020812049508, 269.6251220703125, -8.600096771260723e-05)",3.2e-05,-0.00116,"(-0.922687, 0.000005, -0.006606)",LeftFalse_RightFalse,False,"(-9.268989562988281, -0.003757305908948183, -1.9797335863113403)","(0.09338871389627457, 87.13239288330078, 0.009079236537218094)",-0.127088,-0.106242,"(-0.001170, -0.000811, -0.000255)",LeftTrue_RightFalse
14.814209,0.063617,"(14.731136322021484, 1.1960933208465576, 0.9975405335426331)","(6.934500694274902, 273.6039733886719, 359.3042907714844)","(14.075482368469238, 0.8559378981590271, 0.7807114720344543)","(-0.001636156695894897, 88.5152816772461, 6.826432218076661e-05)","(14.882816314697266, -0.0039336648769676685, 1.412104606628418)","(0.0016371712554246187, 269.623779296875, -3.659903086372651e-05)",2.9e-05,-0.000763,"(-0.910923, 0.000006, -0.006396)",LeftFalse_RightFalse,False,"(-9.268890380859375, -0.0038078136276453733, -1.9797255992889404)","(0.06567984819412231, 87.13239288330078, 0.00666694575920701)",-0.126349,-0.10678,"(-0.000937, -0.000719, -0.000208)",LeftTrue_RightFalse
14.876221,0.063317,"(14.674201011657715, 1.1964788436889648, 0.9971284866333008)","(6.950465679168701, 273.6259765625, 359.3150634765625)","(14.019230842590332, 0.8559375405311584, 0.7803074717521667)","(-0.001626702956855297, 88.51438903808594, -8.269003046734724e-06)","(14.826555252075195, -0.00393336545675993, 1.4117143154144287)","(0.0016262384597212076, 269.62286376953125, 3.9737162296660244e-05)",2.6e-05,-0.000549,"(-0.899308, 0.000005, -0.006197)",LeftFalse_RightFalse,False,"(-9.268816947937012, -0.0038491315208375454, -1.9797194004058838)","(0.045043256133794785, 87.13239288330078, 0.004818290937691927)",-0.125948,-0.107284,"(-0.000708, -0.000583, -0.000157)",LeftTrue_RightFalse
14.939331,0.06327,"(14.617568969726562, 1.196626901626587, 0.996733546257019)","(7.042384624481201, 273.6943664550781, 359.3552551269531)","(13.962862014770508, 0.8559373021125793, 0.7799128293991089)","(-0.0016161451349034905, 88.51378631591797, -6.451149238273501e-05)","(14.770179748535156, -0.003933053929358721, 1.4113290309906006)","(0.0016145948320627213, 269.6222839355469, 9.57648444455117e-05)",2.3e-05,-0.000549,"(-0.887841, 0.000005, -0.006048)",LeftFalse_RightFalse,False,"(-9.268762588500977, -0.0038814283907413483, -1.9797146320343018)","(0.029675161466002464, 87.13239288330078, 0.0034044987987726927)",-0.125683,-0.10778,"(-0.000512, -0.000436, -0.000113)",LeftTrue_RightFalse
15.00061,0.062877,"(14.563411712646484, 1.1966806650161743, 0.9963616132736206)","(7.044356822967529, 273.79974365234375, 359.29632568359375)","(13.908801078796387, 0.8559377789497375, 0.7795379161834717)","(-0.0016050669364631176, 88.5133056640625, -7.45516736060381e-05)","(14.716113090515137, -0.003932720050215721, 1.4109610319137573)","(0.0016033243155106902, 269.6217956542969, 0.00010558872600086033)",2.1e-05,-0.000519,"(-0.876520, 0.000005, -0.005965)",LeftFalse_RightFalse,False,"(-9.26872444152832, -0.003903732169419527, -1.9797112941741943)","(0.019183313474059105, 87.13239288330078, 0.002403559861704707)",-0.125482,-0.108251,"(-0.000356, -0.000301, -0.000078)",LeftTrue_RightFalse
15.061523,0.062466,"(14.510435104370117, 1.1967014074325562, 0.9959996938705444)","(7.022760391235352, 273.8294372558594, 359.2747802734375)","(13.855862617492676, 0.8559384346008301, 0.7791716456413269)","(-0.0015943157486617565, 88.51286315917969, -6.16733668721281e-05)","(14.663168907165527, -0.00393235869705677, 1.4106009006500244)","(0.0015928242355585098, 269.621337890625, 9.25048952922225e-05)",1.9e-05,-0.000519,"(-0.865343, 0.000005, -0.005884)",LeftFalse_RightFalse,False,"(-9.268699645996094, -0.003918199799954891, -1.9797085523605347)","(0.012098032981157303, 87.13239288330078, 0.0016902141505852342)",-0.125364,-0.108708,"(-0.000240, -0.000188, -0.000053)",LeftTrue_RightFalse
15.118774,0.061428,"(14.46119499206543, 1.196709394454956, 0.9956636428833008)","(6.974980354309082, 273.6453552246094, 359.2958984375)","(13.80663776397705, 0.8559390306472778, 0.7788311243057251)","(-0.0015840347623452544, 88.51244354248047, -4.188738239463419e-05)","(14.61393928527832, -0.003932117950171232, 1.4102659225463867)","(0.0015829280018806458, 269.62091064453125, 7.252375507960096e-05)",1.7e-05,-0.000519,"(-0.854308, 0.000005, -0.005811)",LeftFalse_RightFalse,False,"(-9.268684387207031, -0.0039263502694666386, -1.9797067642211914)","(0.0076546561904251575, 87.13239288330078, 0.0012082287576049566)",-0.125285,-0.109133,"(-0.000156, -0.000104, -0.000034)",LeftTrue_RightFalse
15.182617,0.061921,"(14.406976699829102, 1.1967134475708008, 0.9952936768531799)","(6.924060344696045, 273.4418029785156, 359.3350830078125)","(13.752427101135254, 0.8559397459030151, 0.7784560322761536)","(-0.001572434906847775, 88.51199340820312, -1.9306207832414657e-05)","(14.559723854064941, -0.003931829240173101, 1.4098968505859375)","(0.0015717672649770975, 269.6204833984375, 4.972236274625175e-05)",1.5e-05,-0.000519,"(-0.843414, 0.000005, -0.005743)",LeftFalse_RightFalse,False,"(-9.268671989440918, -0.0039309184066951275, -1.9797053337097168)","(0.004486278630793095, 87.13239288330078, 0.0008280660258606076)",-0.125278,-0.1096,"(-0.000098, -0.000047, -0.000021)",LeftTrue_RightFalse
15.23999,0.061015,"(14.358914375305176, 1.196714997291565, 0.9949653744697571)","(6.856725215911865, 273.36273193359375, 359.3896789550781)","(13.704368591308594, 0.8559403419494629, 0.778123140335083)","(-0.0015620016492903233, 88.51160430908203, -2.2345900561049348e-06)","(14.5116605758667, -0.003931543789803982, 1.409569263458252)","(0.0015616660239174962, 269.6200866699219, 3.245214975322597e-05)",1.4e-05,-0.000519,"(-0.832659, 0.000005, -0.005676)",LeftFalse_RightFalse,False,"(-9.268665313720703, -0.003932309802621603, -1.9797041416168213)","(0.0027465843595564365, 87.13239288330078, 0.0005887739825993776)",-0.125259,-0.110017,"(-0.000060, -0.000009, -0.000012)",LeftTrue_RightFalse
15.298218,0.060438,"(14.311452865600586, 1.197386384010315, 0.9946526885032654)","(6.75972318649292, 273.2532653808594, 359.3894348144531)","(13.656283378601074, 0.8559408783912659, 0.7777897119522095)","(-0.0015516952844336629, 88.5112075805664, 1.137049821409164e-05)","(14.463571548461914, -0.0039312709122896194, 1.4092411994934082)","(0.0015516248531639576, 269.61968994140625, 1.865008562162984e-05)",1.3e-05,-0.000519,"(-0.822041, 0.000005, -0.005610)",LeftFalse_RightFalse,False,"(-9.268661499023438, -0.0039320955984294415, -1.979703426361084)","(0.0016826121136546135, 87.13239288330078, 0.0004163890262134373)",-0.125279,-0.110438,"(-0.000035, 0.000015, -0.000005)",LeftTrue_RightFalse
15.355103,0.059732,"(14.26520824432373, 1.198261022567749, 0.9943409562110901)","(6.638106822967529, 273.2387390136719, 359.3923034667969)","(13.609785079956055, 0.8559414148330688, 0.7774667739868164)","(-0.0015418522525578737, 88.51081848144531, 2.2129017452243716e-05)","(14.417068481445312, -0.003931016661226749, 1.408923625946045)","(0.0015419921837747097, 269.61932373046875, 7.703294613747858e-06)",1.1e-05,-0.000519,"(-0.811559, 0.000004, -0.005544)",LeftFalse_RightFalse,False,"(-9.268659591674805, -0.003931011073291302, -1.9797027111053467)","(0.0010834066197276115, 87.13239288330078, 0.0002960863057523966)",-0.125304,-0.110849,"(-0.000019, 0.000023, 0.000000)",LeftTrue_RightFalse
15.416992,0.060175,"(14.215350151062012, 1.1986714601516724, 0.9940016269683838)","(6.607220649719238, 273.3109130859375, 359.4077453613281)","(13.559808731079102, 0.8559419512748718, 0.7771195769309998)","(-0.0015307331923395395, 88.5103988647461, 3.086998185608536e-05)","(14.367087364196777, -0.003930675331503153, 1.4085819721221924)","(0.0015310440212488174, 269.618896484375, -1.2512182365753688e-06)",1e-05,-0.000519,"(-0.801210, 0.000003, -0.005479)",LeftFalse_RightFalse,False,"(-9.268656730651855, -0.003929419443011284, -1.9797019958496094)","(0.0007416642620228231, 87.13239288330078, 0.00020431472512427717)",-0.125321,-0.111295,"(-0.000010, 0.000027, 0.000003)",LeftTrue_RightFalse
15.483154,0.061359,"(14.162802696228027, 1.1988383531570435, 0.99364173412323)","(6.568068981170654, 273.4421691894531, 359.4413146972656)","(13.507213592529297, 0.8559423685073853, 0.7767533659934998)","(-0.0015196476597338915, 88.50996398925781, 3.7584748497465625e-05)","(14.31448745727539, -0.003930503968149424, 1.4082218408584595)","(0.0015200903872027993, 269.6184387207031, -8.179218639270402e-06)",9e-06,-0.000519,"(-0.790994, 0.000004, -0.005415)",LeftFalse_RightFalse,False,"(-9.268656730651855, -0.003927646670490503, -1.979701042175293)","(0.0005833798786625266, 87.13239288330078, 0.00013756054977420717)",-0.12532,-0.111771,"(-0.000005, 0.000026, 0.000005)",LeftTrue_RightFalse
15.546509,0.061761,"(14.113749504089355, 1.1988927125930786, 0.9933178424835205)","(6.542539119720459, 273.526123046875, 359.48834228515625)","(13.457474708557129, 0.8559427261352539, 0.7764067649841309)","(-0.0015090324450284243, 88.5095443725586, 4.210029874229804e-05)","(14.26474380493164, -0.003930306993424892, 1.4078811407089233)","(0.0015095645794644952, 269.6180419921875, -1.289925512537593e-05)",8e-06,-0.000519,"(-0.780908, 0.000004, -0.005352)",LeftFalse_RightFalse,False,"(-9.268655776977539, -0.00392611650750041, -1.9797005653381348)","(0.0005383854731917381, 87.13239288330078, 9.29168236325495e-05)",-0.125314,-0.112228,"(-0.000002, 0.000023, 0.000007)",LeftTrue_RightFalse
15.606201,0.061357,"(14.067728996276855, 1.1989116668701172, 0.9923833608627319)","(6.46191930770874, 273.495361328125, 359.50927734375)","(13.411202430725098, 0.8559432625770569, 0.776084303855896)","(-0.001499352976679802, 88.50918579101562, 4.402603372000158e-05)","(14.218466758728027, -0.003930042963474989, 1.4075639247894287)","(0.001499923993833363, 269.61767578125, -1.5011854884505738e-05)",7e-06,-0.000519,"(-0.770950, 0.000004, -0.005289)",LeftFalse_RightFalse,False,"(-9.268655776977539, -0.00392494909465313, -1.979699969291687)","(0.0005425644922070205, 87.13239288330078, 6.384519656421617e-05)",-0.125307,-0.112658,"(-0.000001, 0.000018, 0.000008)",LeftTrue_RightFalse
15.665649,0.06097,"(14.02238655090332, 1.198919653892517, 0.9918237924575806)","(6.402722358703613, 273.48284912109375, 359.5528259277344)","(13.365758895874023, 0.8559436798095703, 0.7757673263549805)","(-0.001489747897721827, 88.50880432128906, 4.5447450247593224e-05)","(14.173019409179688, -0.003929738886654377, 1.4072519540786743)","(0.0014903483679518104, 269.6173095703125, -1.6618883819319308e-05)",7e-06,-0.000519,"(-0.761120, 0.000003, -0.005227)",LeftFalse_RightFalse,False,"(-9.268656730651855, -0.0039239670149981976, -1.979699730873108)","(0.0005648788064718246, 87.13239288330078, 4.9053945986088365e-05)",-0.125299,-0.113087,"(0.000001, 0.000015, 0.000000)",LeftTrue_RightFalse
15.724121,0.060472,"(13.978281021118164, 1.1989227533340454, 0.9908078908920288)","(6.4131364822387695, 273.3264465332031, 359.64569091796875)","(13.321598052978516, 0.8559439182281494, 0.7754586338996887)","(-0.001480422681197524, 88.50843048095703, 4.6742596168769524e-05)","(14.128854751586914, -0.003929591737687588, 1.406948447227478)","(0.0014810499269515276, 269.616943359375, -1.809401874197647e-05)",6e-06,-0.000519,"(-0.751415, 0.000003, -0.005165)",LeftFalse_RightFalse,False,"(-9.268656730651855, -0.003923171665519476, -1.9796996116638184)","(0.0005923823919147253, 87.13239288330078, 3.585383092286065e-05)",-0.1253,-0.113509,"(0.000001, 0.000012, 0.000000)",LeftTrue_RightFalse
15.786255,0.060794,"(13.932018280029297, 1.1989243030548096, 0.9901747703552246)","(6.484452724456787, 273.2421875, 359.67852783203125)","(13.275312423706055, 0.8559442162513733, 0.775134801864624)","(-0.001470432267524302, 88.50804901123047, 4.7397152229677886e-05)","(14.082564353942871, -0.003929410129785538, 1.406630039215088)","(0.001471073948778212, 269.6165466308594, -1.8941747839562595e-05)",5e-06,-0.000519,"(-0.741834, 0.000004, -0.005104)",LeftFalse_RightFalse,False,"(-9.268656730651855, -0.003922599833458662, -1.9796996116638184)","(0.0006207647384144366, 87.13239288330078, 2.5008548618643545e-05)",-0.125295,-0.113958,"(0.000001, 0.000008, 0.000000)",LeftTrue_RightFalse
15.843994,0.060178,"(13.889549255371094, 1.1989250183105469, 0.9897707104682922)","(6.509602069854736, 273.2880859375, 359.6968688964844)","(13.23283576965332, 0.8559446334838867, 0.7748370170593262)","(-0.0014611831866204739, 88.50768280029297, 4.681195423472673e-05)","(14.040083885192871, -0.0039291889406740665, 1.4063374996185303)","(0.0014618153218179941, 269.6161804199219, -1.8535602066549473e-05)",5e-06,-0.000519,"(-0.732375, 0.000004, -0.005044)",LeftFalse_RightFalse,False,"(-9.268656730651855, -0.0039222221821546555, -1.9796996116638184)","(0.0006432034424506128, 87.13239288330078, 1.7847069102572277e-05)",-0.125293,-0.114375,"(0.000001, 0.000006, 0.000000)",LeftTrue_RightFalse
15.901245,0.059612,"(13.847862243652344, 1.1989253759384155, 0.9894360303878784)","(6.468908309936523, 273.32574462890625, 359.718994140625)","(13.191146850585938, 0.8559449911117554, 0.7745449542999268)","(-0.0014526137383654714, 88.50733184814453, 4.559867375064641e-05)","(13.998390197753906, -0.0039289407432079315, 1.406050205230713)","(0.0014532238710671663, 269.6158447265625, -1.7488395315012895e-05)",4e-06,-0.000519,"(-0.723037, 0.000003, -0.004984)",LeftFalse_RightFalse,False,"(-9.268656730651855, -0.003921947907656431, -1.9796993732452393)","(0.0006605159724131227, 87.13239288330078, 1.2953060831932817e-05)",-0.12529,-0.114789,"(0.000001, 0.000003, 0.000000)",LeftTrue_RightFalse
15.958252,0.059086,"(13.806941032409668, 1.1989257335662842, 0.9891332387924194)","(6.408836364746094, 273.281005859375, 359.7166442871094)","(13.150225639343262, 0.8559452295303345, 0.7742580771446228)","(-0.0014436733908951283, 88.50701141357422, 4.5756671170238405e-05)","(13.957465171813965, -0.00392881128937006, 1.4057679176330566)","(0.00144428841304034, 269.6155090332031, -1.781945138645824e-05)",4e-06,-0.000519,"(-0.713818, 0.000003, -0.004925)",LeftFalse_RightFalse,False,"(-9.268656730651855, -0.003921851981431246, -1.9796994924545288)","(0.0006736330687999725, 87.13239288330078, 9.726448297442403e-06)",-0.12529,-0.115202,"(0.000000, 0.000002, 0.000000)",LeftTrue_RightFalse
16.021606,0.059927,"(13.762064933776855, 1.1989259719848633, 0.9888131022453308)","(6.420281410217285, 273.2621154785156, 359.67840576171875)","(13.10534954071045, 0.8559455871582031, 0.7739430665969849)","(-0.0014338429318740964, 88.50664520263672, 4.5613731344928965e-05)","(13.912585258483887, -0.003928573802113533, 1.4054580926895142)","(0.0014344571391120553, 269.6151428222656, -1.786661050573457e-05)",4e-06,-0.000519,"(-0.704716, 0.000004, -0.004867)",LeftFalse_RightFalse,False,"(-9.268656730651855, -0.00392175791785121, -1.9796994924545288)","(0.0006830334896221757, 87.13239288330078, 6.246815246413462e-06)",-0.125292,-0.11566,"(0.000000, 0.000002, 0.000000)",LeftTrue_RightFalse
16.081177,0.059868,"(13.720337867736816, 1.1989260911941528, 0.9885205030441284)","(6.3468337059021, 273.3204345703125, 359.68096923828125)","(13.063623428344727, 0.8559459447860718, 0.7736497521400452)","(-0.0014248453080654144, 88.50630187988281, 4.455449015949853e-05)","(13.870855331420898, -0.003928385674953461, 1.4051697254180908)","(0.0014254405396059155, 269.6147766113281, -1.698151754681021e-05)",3e-06,-0.000519,"(-0.695731, 0.000004, -0.004809)",LeftFalse_RightFalse,False,"(-9.268656730651855, -0.003921668976545334, -1.9796994924545288)","(0.0006892621167935431, 87.13239288330078, 4.383927716844482e-06)",-0.125294,-0.116091,"(0.000000, 0.000001, 0.000000)",LeftTrue_RightFalse
16.137451,0.059139,"(13.681480407714844, 1.1983466148376465, 0.9882497191429138)","(6.290010452270508, 273.35003662109375, 359.6304626464844)","(13.02476692199707, 0.8559462428092957, 0.7733765244483948)","(-0.0014162183506414294, 88.5059814453125, 4.3919935706071556e-05)","(13.831995010375977, -0.003928188234567642, 1.4049010276794434)","(0.0014168029883876443, 269.6144714355469, -1.6514090020791627e-05)",3e-06,-0.000519,"(-0.686861, 0.000004, -0.004752)",LeftFalse_RightFalse,False,"(-9.268656730651855, -0.003921644762158394, -1.9796993732452393)","(0.000693341251462698, 87.13239288330078, 3.2828129405970685e-06)",-0.125289,-0.116498,"(0.000000, 0.000001, 0.000000)",LeftTrue_RightFalse
16.19458,0.058756,"(13.642406463623047, 1.1980884075164795, 0.9879778623580933)","(6.272807598114014, 273.3535461425781, 359.5916748046875)","(12.98569393157959, 0.8559464812278748, 0.7731013298034668)","(-0.0014077814994379878, 88.5056381225586, 4.384781641419977e-05)","(13.79291820526123, -0.003928047604858875, 1.4046306610107422)","(0.0014083663700148463, 269.6141357421875, -1.660517773416359e-05)",3e-06,-0.000519,"(-0.678103, 0.000003, -0.004695)",LeftFalse_RightFalse,False,"(-9.268656730651855, -0.003921627998352051, -1.9796994924545288)","(0.0006959882448427379, 87.13239288330078, 2.601940877866582e-06)",-0.125291,-0.116912,"(0.000000, 0.000000, 0.000000)",LeftTrue_RightFalse
16.253906,0.058851,"(13.603092193603516, 1.197974443435669, 0.987716555595398)","(6.331961631774902, 273.33880615234375, 359.60369873046875)","(12.94575309753418, 0.8559468984603882, 0.7728201150894165)","(-0.0013992094900459051, 88.50531005859375, 4.4272415834711865e-05)","(13.752973556518555, -0.003927797079086304, 1.4043539762496948)","(0.001399804255925119, 269.6138000488281, -1.7195587133755907e-05)",2e-06,-0.000519,"(-0.669458, 0.000002, -0.004640)",LeftFalse_RightFalse,False,"(-9.268656730651855, -0.003921627998352051, -1.9796996116638184)","(0.0006975304568186402, 87.13239288330078, 1.1322506452415837e-06)",-0.125291,-0.11734,"(0.000000, 0.000000, 0.000000)",LeftTrue_RightFalse
16.318359,0.059968,"(13.560503959655762, 1.1979238986968994, 0.986772358417511)","(6.297550678253174, 273.285888671875, 359.6164855957031)","(12.902871131896973, 0.8559471368789673, 0.7725178003311157)","(-0.0013900413177907467, 88.50497436523438, 4.330832598498091e-05)","(13.710087776184082, -0.0039276788011193275, 1.4040566682815552)","(0.0013906193198636174, 269.61346435546875, -1.6408981537097134e-05)",2e-06,-0.000519,"(-0.660923, 0.000003, -0.004584)",LeftFalse_RightFalse,False,"(-9.268656730651855, -0.003921627998352051, -1.9796993732452393)","(0.0006981961196288466, 87.13239288330078, 1.1709424825312453e-06)",-0.125291,-0.117806,"(0.000000, 0.000000, 0.000000)",LeftTrue_RightFalse
16.375,0.059309,"(13.523366928100586, 1.1979080438613892, 0.9863111972808838)","(6.2276811599731445, 273.2691345214844, 359.6279602050781)","(12.865642547607422, 0.8559473752975464, 0.7722552418708801)","(-0.0013821134343743324, 88.5046615600586, 4.27911763836164e-05)","(13.672855377197266, -0.003927530255168676, 1.4037983417510986)","(0.0013826824724674225, 269.6131591796875, -1.6045252777985297e-05)",2e-06,-0.000519,"(-0.652497, 0.000003, -0.004529)",LeftFalse_RightFalse,False,"(-9.268657684326172, -0.003921627998352051, -1.9796994924545288)","(0.0006985983927734196, 87.13239288330078, 1.7994957488554064e-06)",-0.125292,-0.118216,"(0.000000, 0.000000, 0.000000)",LeftTrue_RightFalse
16.432983,0.059045,"(13.485774993896484, 1.1979013681411743, 0.9859595894813538)","(6.2373366355896, 273.28961181640625, 359.6097106933594)","(12.828010559082031, 0.855947732925415, 0.7719897627830505)","(-0.0013740003341808915, 88.50435638427734, 4.2073730583069846e-05)","(13.635220527648926, -0.0039272671565413475, 1.4035370349884033)","(0.001374557032249868, 269.61285400390625, -1.5485016774618998e-05)",2e-06,-0.000519,"(-0.644178, 0.000001, -0.004475)",LeftFalse_RightFalse,False,"(-9.268656730651855, -0.003921627998352051, -1.9796994924545288)","(0.0006988144014030695, 87.13239288330078, 2.6191632969130296e-06)",-0.125292,-0.118636,"(0.000000, 0.000000, 0.000000)",LeftTrue_RightFalse
16.492676,0.059172,"(13.447547912597656, 1.197898507118225, 0.9856541752815247)","(6.2834153175354, 273.32476806640625, 359.5764465332031)","(12.789767265319824, 0.8559479117393494, 0.7717193365097046)","(-0.0013657502131536603, 88.50404357910156, 4.157706644036807e-05)","(13.596973419189453, -0.0039272187277674675, 1.403271198272705)","(0.0013662987621501088, 269.6125183105469, -1.5147968952078372e-05)",2e-06,-0.000519,"(-0.635965, 0.000002, -0.004422)",LeftFalse_RightFalse,False,"(-9.268656730651855, -0.003921627998352051, -1.9796996116638184)","(0.000699096592143178, 87.13239288330078, 2.9026948595856084e-06)",-0.125292,-0.119068,"(0.000000, 0.000001, 0.000000)",LeftTrue_RightFalse
16.550659,0.058931,"(13.410872459411621, 1.1978974342346191, 0.9853829741477966)","(6.301459789276123, 273.3383483886719, 359.5634460449219)","(12.75308609008789, 0.8559481501579285, 0.7714597582817078)","(-0.0013577807694673538, 88.50373077392578, 4.1145125578623265e-05)","(13.560288429260254, -0.003927106037735939, 1.4030159711837769)","(0.0013583225663751364, 269.6122131347656, -1.4870221093588043e-05)",0.001192,-0.000519,"(-0.627858, 0.000003, -0.004369)",LeftFalse_RightFalse,False,"(-9.268656730651855, -0.003921627998352051, -1.9796996116638184)","(0.000699379772413522, 87.13239288330078, 2.7016017156711314e-06)",-0.125292,-0.119487,"(0.000000, 0.000001, 0.000000)",LeftTrue_RightFalse
16.614502,0.059933,"(13.370936393737793, 1.1978970766067505, 0.9850970506668091)","(6.220036029815674, 273.3555603027344, 359.5127258300781)","(12.713147163391113, 0.8559486865997314, 0.7711769342422485)","(-0.0013346889754757285, 88.50338745117188, 4.023105793748982e-05)","(13.520345687866211, -0.003926915116608143, 1.4027379751205444)","(0.0013352176174521446, 269.61187744140625, -1.4403052773559466e-05)",0.009009,-0.000519,"(-0.620033, 0.000002, -0.004318)",LeftFalse_RightFalse,False,"(-9.268656730651855, -0.003921627998352051, -1.9796994924545288)","(0.0006996024749241769, 87.13239288330078, 1.947306373040192e-06)",-0.125292,-0.119949,"(0.000000, 0.000001, 0.000000)",LeftTrue_RightFalse
16.673462,0.059729,"(13.334574699401855, 1.1978973150253296, 0.9848406314849854)","(6.111872673034668, 273.44293212890625, 359.4486999511719)","(12.676785469055176, 0.8559505939483643, 0.7709193825721741)","(-0.0012069580843672156, 88.50308227539062, 3.7488603993551806e-05)","(13.483978271484375, -0.003926836419850588, 1.402484655380249)","(0.0012074572732672095, 269.611572265625, -1.4132288924884051e-05)",0.024773,-0.000519,"(-0.613492, 0.000000, -0.004276)",LeftFalse_RightFalse,False,"(-9.268657684326172, -0.003921627998352051, -1.9796996116638184)","(0.0006997507880441844, 87.13239288330078, 7.817833989065548e-07)",-0.125292,-0.120376,"(0.000000, 0.000001, 0.000000)",LeftTrue_RightFalse
16.736938,0.060477,"(13.295764923095703, 1.1978981494903564, 0.9845678806304932)","(6.05006742477417, 273.4736633300781, 359.40057373046875)","(12.63797378540039, 0.8559569120407104, 0.7706437706947327)","(-0.0007461202330887318, 88.50275421142578, 2.8169450160930865e-05)","(13.44515609741211, -0.003927061799913645, 1.4022138118743896)","(0.0007465255330316722, 269.6112365722656, -1.372997030557599e-05)",0.044121,-0.000519,"(-0.609429, -0.000007, -0.004251)",LeftFalse_RightFalse,False,"(-9.268656730651855, -0.003921627998352051, -1.9796994924545288)","(0.0006998121971264482, 87.13239288330078, -6.587772531929659e-07)",-0.125292,-0.120835,"(0.000000, 0.000001, 0.000000)",LeftTrue_RightFalse
16.796021,0.060206,"(13.259778022766113, 1.1978999376296997, 0.9843156337738037)","(5.861872673034668, 273.4523010253906, 359.40252685546875)","(12.601981163024902, 0.8559690713882446, 0.7703883647918701)","(0.0001591059990460053, 88.50244903564453, 1.1675974747049622e-05)","(13.409147262573242, -0.003927705809473991, 1.4019625186920166)","(-0.00015885035099927336, 269.6109313964844, -1.4751793059986085e-05)",0.069866,-0.00061,"(-0.608368, -0.000019, -0.004247)",LeftFalse_RightFalse,False,"(-9.268656730651855, -0.003921627998352051, -1.9796994924545288)","(0.0006997120217420161, 87.13239288330078, -1.8439718587615062e-06)",-0.125292,-0.121263,"(0.000000, 0.000001, 0.000000)",LeftTrue_RightFalse
16.85498,0.059958,"(13.223855972290039, 1.1979023218154907, 0.9840630888938904)","(5.7430419921875, 273.40911865234375, 359.4275817871094)","(12.566052436828613, 0.855988621711731, 0.7701321244239807)","(0.001637380220927298, 88.50212097167969, -1.0023241884482559e-05)","(13.373191833496094, -0.003929120022803545, 1.4017106294631958)","(-0.0016372676473110914, 269.610595703125, -2.1654710508300923e-05)",0.095814,-0.000793,"(-0.611244, -0.000030, -0.004289)",LeftFalse_RightFalse,False,"(-9.268656730651855, -0.003921627998352051, -1.9796994924545288)","(0.0006994964205659926, 87.13239288330078, -2.657281811480061e-06)",-0.125292,-0.121689,"(0.000000, 0.000001, 0.000000)",LeftTrue_RightFalse
16.921387,0.061247,"(13.183080673217773, 1.1979066133499146, 0.9837743043899536)","(5.710494518280029, 273.37152099609375, 359.422119140625)","(12.525264739990234, 0.8560202717781067, 0.7698378562927246)","(0.004023768473416567, 88.50164794921875, -3.515000207698904e-05)","(13.33236312866211, -0.003931547049432993, 1.4014222621917725)","(-0.0040236953645944595, 269.6101379394531, -4.2699106415966526e-05)",0.119167,-0.001312,"(-0.618051, -0.000045, -0.004382)",LeftFalse_RightFalse,False,"(-9.268656730651855, -0.003921627998352051, -1.9796994924545288)","(0.0006991659756749868, 87.13239288330078, -2.925284661614569e-06)",-0.125292,-0.12217,"(0.000000, 0.000001, 0.000000)",LeftTrue_RightFalse
16.987183,0.062159,"(13.142062187194824, 1.1979111433029175, 0.9834765791893005)","(5.780135154724121, 273.3658142089844, 359.4592590332031)","(12.484230995178223, 0.8560594320297241, 0.7695309519767761)","(0.007013561204075813, 88.50089263916016, -3.780012048082426e-05)","(13.291276931762695, -0.003935249522328377, 1.4011250734329224)","(359.99298095703125, 269.609375, -9.788859460968524e-05)",0.140185,-0.001892,"(-0.628355, -0.000061, -0.004574)",LeftFalse_RightFalse,False,"(-9.268656730651855, -0.003921627998352051, -1.9796993732452393)","(0.000698747462593019, 87.13239288330078, -2.644254436745541e-06)",-0.03937,-0.122645,"(0.000000, 0.000001, 0.000000)",LeftTrue_RightFalse
17.046753,0.061638,"(13.1041841506958, 1.1979156732559204, 0.9831924438476562)","(5.769617080688477, 273.3438415527344, 359.4539794921875)","(12.446338653564453, 0.8560996055603027, 0.7692340612411499)","(0.010076748207211494, 88.49983215332031, -2.5369334252900444e-05)","(13.253326416015625, -0.0039392635226249695, 1.4008417129516602)","(359.98992919921875, 269.60833740234375, -0.00016957620391622186)",0.159101,-0.002441,"(-0.641763, -0.000072, -0.004818)",LeftFalse_RightFalse,False,"(-9.268656730651855, -0.003921627998352051, -1.9796993732452393)","(0.0006985565414652228, 87.13239288330078, -1.5663025578760426e-06)",0.003477,-0.123076,"(0.000000, 0.000001, 0.000000)",LeftTrue_RightFalse
17.103516,0.06066,"(13.06725788116455, 1.1979200839996338, 0.9829061627388)","(5.8035969734191895, 273.2828674316406, 359.45404052734375)","(12.409399032592773, 0.8561394810676575, 0.7689316272735596)","(0.013146301731467247, 88.49845886230469, -1.243182850885205e-05)","(13.216325759887695, -0.003943650983273983, 1.400557041168213)","(359.9868469238281, 269.6069641113281, -0.00024189475516323)",0.176126,-0.002625,"(-0.657925, -0.000080, -0.005092)",LeftFalse_RightFalse,False,"(-9.268628120422363, -0.003921695053577423, -1.9796948432922363)","(0.0006050902884453535, 87.13441467285156, -3.331189145683311e-05)",0.041677,-0.123452,"(0.000333, 0.000001, 0.000062)",LeftTrue_RightFalse
17.162231,0.060278,"(13.028036117553711, 1.197924017906189, 0.982595682144165)","(5.79080867767334, 273.2608642578125, 359.45391845703125)","(12.370163917541504, 0.8561804890632629, 0.7686018347740173)","(0.016345657408237457, 88.496826171875, -3.4837968996725976e-05)","(13.177024841308594, -0.003948415629565716, 1.4002494812011719)","(359.983642578125, 269.6053161621094, -0.0002813859609887004)",0.190258,-0.002625,"(-0.676529, -0.000080, -0.005315)",LeftFalse_RightFalse,False,"(-9.268342971801758, -0.003922069910913706, -1.979658603668213)","(-0.00016525191313121468, 87.1345443725586, -0.00021638550970237702)",0.070279,-0.123829,"(0.006465, -0.000014, 0.000725)",LeftTrue_RightFalse
17.227051,0.061175,"(12.983492851257324, 1.1979279518127441, 0.9822392463684082)","(5.76793098449707, 273.31170654296875, 359.4171447753906)","(12.325608253479004, 0.8562236428260803, 0.7682234048843384)","(0.019764306023716927, 88.49491882324219, -0.0001003884244710207)","(13.132396697998047, -0.003953627310693264, 1.399897575378418)","(359.980224609375, 269.6033935546875, -0.0002819829387590289)",0.202183,-0.002625,"(-0.697112, -0.000081, -0.005508)",LeftFalse_RightFalse,False,"(-9.267488479614258, -0.003923517651855946, -1.9795632362365723)","(-0.0017863091779872775, 87.13114166259766, -0.000479927723063156)",0.101981,-0.12422,"(0.017504, -0.000029, 0.001902)",LeftTrue_RightFalse
17.291992,0.061933,"(12.937283515930176, 1.1979310512542725, 0.9818671941757202)","(5.812288284301758, 273.29339599609375, 359.364013671875)","(12.279386520385742, 0.8562634587287903, 0.7678285241127014)","(0.02296419069170952, 88.49293518066406, -0.00018009623454418033)","(13.086105346679688, -0.003958874382078648, 1.3995306491851807)","(359.97705078125, 269.6014404296875, -0.0002641929022502154)",0.210533,-0.002625,"(-0.726681, -0.000077, -0.005775)",LeftFalse_RightFalse,False,"(-9.26576042175293, -0.003926001023501158, -1.9793808460235596)","(-0.004236488603055477, 87.12633514404297, -0.0008177331765182316)",0.109295,-0.124512,"(0.037335, -0.000052, 0.003935)",LeftTrue_RightFalse
17.35498,0.062148,"(12.890935897827148, 1.197933316230774, 0.9814927577972412)","(5.797138690948486, 273.37042236328125, 359.2987976074219)","(12.233030319213867, 0.8562971949577332, 0.7674312591552734)","(0.02568957954645157, 88.49095153808594, -0.0002515881205908954)","(13.03968620300293, -0.003963550552725792, 1.3991613388061523)","(359.97430419921875, 269.59942626953125, -0.0002454398781992495)",0.214082,-0.002625,"(-0.749882, -0.000071, -0.005984)",LeftFalse_RightFalse,False,"(-9.263072967529297, -0.003929528407752514, -1.9791028499603271)","(359.99310302734375, 87.12104797363281, -0.0011279337340965867)",0.144731,-0.124668,"(0.050435, -0.000060, 0.005106)",LeftTrue_RightFalse
17.415161,0.061736,"(12.84530258178711, 1.1979352235794067, 0.9811223745346069)","(5.747324466705322, 273.42431640625, 359.32611083984375)","(12.18739128112793, 0.8563245534896851, 0.7670385241508484)","(0.02791586145758629, 88.4889907836914, -0.0003096830623690039)","(12.99399185180664, -0.003967511001974344, 1.3987959623336792)","(359.9720764160156, 269.59747314453125, -0.00023042467364575714)",0.216879,-0.002625,"(-0.773408, -0.000062, -0.006197)",LeftFalse_RightFalse,False,"(-9.259475708007812, -0.0039332471787929535, -1.978736162185669)","(359.99041748046875, 87.11329650878906, -0.0014525412116199732)",0.149617,-0.12472,"(0.070240, -0.000069, 0.007088)",LeftTrue_RightFalse
17.474487,0.061275,"(12.798763275146484, 1.1979365348815918, 0.9807432293891907)","(5.695815086364746, 273.40130615234375, 359.3465576171875)","(12.140849113464355, 0.8563469052314758, 0.7666362524032593)","(0.029736243188381195, 88.48698425292969, -0.0003554216236807406)","(12.947400093078613, -0.0039708660915493965, 1.3984220027923584)","(359.97027587890625, 269.5954895019531, -0.00021991177345626056)",0.219396,-0.002625,"(-0.797131, -0.000051, -0.006414)",LeftFalse_RightFalse,False,"(-9.254716873168945, -0.003937467001378536, -1.9782545566558838)","(359.987548828125, 87.10394287109375, -0.001806039595976472)",0.164848,-0.124634,"(0.093550, -0.000072, 0.009511)",LeftTrue_RightFalse
17.534912,0.061096,"(12.750042915344238, 1.1979377269744873, 0.9803450107574463)","(5.648931503295898, 273.3052978515625, 359.3648681640625)","(12.092127799987793, 0.8563652038574219, 0.7662138938903809)","(0.03122885338962078, 88.48489379882812, -0.0003907765494659543)","(12.898633003234863, -0.003973599057644606, 1.398029088973999)","(359.9687805175781, 269.5933837890625, -0.00021343844127841294)",0.222852,-0.002625,"(-0.821008, -0.000041, -0.006635)",LeftFalse_RightFalse,False,"(-9.248517990112305, -0.003941795788705349, -1.977624773979187)","(359.9845275878906, 87.08921813964844, -0.0022444070782512426)",0.176361,-0.124438,"(0.114062, -0.000072, 0.011512)",LeftTrue_RightFalse
17.592407,0.060377,"(12.702288627624512, 1.1979385614395142, 0.9799526333808899)","(5.676244258880615, 273.2827453613281, 359.3717956542969)","(12.044373512268066, 0.8563793301582336, 0.765798032283783)","(0.03238367661833763, 88.48284912109375, -0.00041526585118845105)","(12.850839614868164, -0.003975854255259037, 1.397641897201538)","(359.9676208496094, 269.5913391113281, -0.00021129567176103592)",0.227152,-0.002686,"(-0.845180, -0.000035, -0.006861)",LeftFalse_RightFalse,False,"(-9.241303443908691, -0.0039457702077925205, -1.976892113685608)","(359.9818420410156, 87.07267761230469, -0.002620938466861844)",0.183886,-0.124152,"(0.138267, -0.000069, 0.013946)",LeftTrue_RightFalse
17.656616,0.061147,"(12.64734935760498, 1.197939395904541, 0.9794989228248596)","(5.658817291259766, 273.290771484375, 359.361572265625)","(11.989437103271484, 0.856392502784729, 0.7653166651725769)","(0.03346037492156029, 88.48045349121094, -0.00042989006033167243)","(12.795860290527344, -0.003977942746132612, 1.3971941471099854)","(359.966552734375, 269.58892822265625, -0.0002175038680434227)",0.231815,-0.003601,"(-0.869778, -0.000029, -0.007112)",LeftFalse_RightFalse,False,"(-9.23166275024414, -0.003950030077248812, -1.9759173393249512)","(359.97930908203125, 87.05168151855469, -0.0029139078687876463)",0.204081,-0.123665,"(0.163535, -0.000061, 0.016486)",LeftTrue_RightFalse
17.723511,0.062295,"(12.588336944580078, 1.1979409456253052, 0.9789971113204956)","(5.556636810302734, 273.27679443359375, 359.2762451171875)","(11.930429458618164, 0.8564059138298035, 0.7647787928581238)","(0.034449197351932526, 88.47736358642578, -0.00033841628464870155)","(12.736804008483887, -0.003979754634201527, 1.3966978788375854)","(359.9655456542969, 269.5858459472656, -0.0003280892560724169)",0.236806,-0.005676,"(-0.894856, -0.000026, -0.007619)",LeftFalse_RightFalse,False,"(-9.2196683883667, -0.003953957464545965, -1.9747021198272705)","(359.9765930175781, 87.0257339477539, -0.003298157127574086)",0.210262,-0.122959,"(0.192528, -0.000059, 0.019499)",LeftTrue_RightFalse
17.787476,0.062617,"(12.530200958251953, 1.1979440450668335, 0.9784619808197021)","(5.523745059967041, 273.2928161621094, 359.23974609375)","(11.872305870056152, 0.8564203381538391, 0.7641878724098206)","(0.03534067049622536, 88.47267150878906, -3.253011527704075e-05)","(12.67861557006836, -0.003981381189078093, 1.3961679935455322)","(359.96466064453125, 269.5811767578125, -0.0006511659012176096)",0.240901,-0.007538,"(-0.920459, -0.000025, -0.008541)",LeftFalse_RightFalse,False,"(-9.206341743469238, -0.003957540728151798, -1.9733586311340332)","(359.97454833984375, 86.99842834472656, -0.0034770069178193808)",0.223035,-0.122087,"(0.219133, -0.000052, 0.022059)",LeftTrue_RightFalse
17.850464,0.062692,"(12.47117805480957, 1.19794762134552, 0.9778660535812378)","(5.51828145980835, 273.29345703125, 359.2069396972656)","(11.81330394744873, 0.8564350605010986, 0.7635130286216736)","(0.036190006881952286, 88.46600341796875, 0.00034528147079981863)","(12.619526863098145, -0.003982879221439362, 1.3955808877944946)","(359.9638366699219, 269.5744934082031, -0.00104533601552248)",0.244983,-0.007751,"(-0.955067, -0.000023, -0.009708)",LeftFalse_RightFalse,False,"(-9.191197395324707, -0.003960689529776573, -1.9718307256698608)","(359.97235107421875, 86.96697235107422, -0.0037722850684076548)",0.191184,-0.121032,"(0.259849, -0.000048, 0.026234)",LeftTrue_RightFalse
17.914673,0.063001,"(12.409212112426758, 1.1979495286941528, 0.9772104620933533)","(5.503046035766602, 273.28857421875, 359.2131042480469)","(11.751360893249512, 0.8564466834068298, 0.7627683877944946)","(0.03699398413300514, 88.45833587646484, 0.0004899678169749677)","(12.557487487792969, -0.003984356299042702, 1.3949416875839233)","(359.9630126953125, 269.56683349609375, -0.0012055470142513514)",0.248657,-0.007751,"(-0.981369, -0.000024, -0.010227)",LeftFalse_RightFalse,False,"(-9.173849105834961, -0.003963468596339226, -1.9700827598571777)","(359.9707946777344, 86.93161010742188, -0.003929228521883488)",0.228043,-0.119761,"(0.284738, -0.000033, 0.028677)",LeftTrue_RightFalse
17.97583,0.062628,"(12.348555564880371, 1.1979498863220215, 0.9765535593032837)","(5.429196357727051, 273.29461669921875, 359.3332824707031)","(11.690729141235352, 0.8564556241035461, 0.7620230913162231)","(0.03772859647870064, 88.45065307617188, 0.0004839012981392443)","(12.496760368347168, -0.003985873889178038, 1.3943043947219849)","(359.9622802734375, 269.55914306640625, -0.0012136960867792368)",0.251964,-0.007751,"(-1.007995, -0.000024, -0.010665)",LeftFalse_RightFalse,False,"(-9.155617713928223, -0.003965363837778568, -1.9682445526123047)","(359.9696960449219, 86.89486694335938, -0.004076123237609863)",0.228501,-0.118375,"(0.314785, -0.000029, 0.031783)",LeftTrue_RightFalse
18.039307,0.062814,"(12.283733367919922, 1.197950005531311, 0.9758405685424805)","(5.409012794494629, 273.2712707519531, 359.4104919433594)","(11.625932693481445, 0.8564638495445251, 0.7612161636352539)","(0.03846573829650879, 88.44243621826172, 0.00041505249100737274)","(12.431861877441406, -0.003987465053796768, 1.393613576889038)","(359.9615478515625, 269.5509338378906, -0.0011591181391850114)",0.255337,-0.007751,"(-1.034885, -0.000025, -0.011095)",LeftFalse_RightFalse,False,"(-9.134683609008789, -0.003967169672250748, -1.9661318063735962)","(359.9684753417969, 86.85319519042969, -0.0042473068460822105)",0.233349,-0.116727,"(0.344651, -0.000026, 0.034806)",LeftTrue_RightFalse
18.102051,0.062797,"(12.217979431152344, 1.197949767112732, 0.9751074910163879)","(5.424943923950195, 273.27801513671875, 359.4779052734375)","(11.560206413269043, 0.8564717173576355, 0.7603875994682312)","(0.03917117789387703, 88.43408966064453, 0.00033813779009506106)","(12.366032600402832, -0.003988994285464287, 1.3929033279418945)","(359.9608459472656, 269.5425720214844, -0.001095868879929185)",0.257578,-0.007385,"(-1.062047, -0.000024, -0.011532)",LeftFalse_RightFalse,False,"(-9.112043380737305, -0.003968748264014721, -1.9638469219207764)","(359.96734619140625, 86.8088150024414, -0.004392238799482584)",0.236852,-0.114897,"(0.374948, -0.000024, 0.037872)",LeftTrue_RightFalse
18.163452,0.062515,"(12.1519193649292, 1.1979491710662842, 0.9737435579299927)","(5.513000011444092, 273.28338623046875, 359.5063781738281)","(11.494155883789062, 0.8564782738685608, 0.759553849697113)","(0.03982751443982124, 88.42593383789062, 0.00022646515571977943)","(12.299881935119629, -0.003990623168647289, 1.3921858072280884)","(359.9601745605469, 269.534423828125, -0.0009969125967472792)",0.258009,-0.006805,"(-1.089306, -0.000026, -0.011854)",LeftFalse_RightFalse,False,"(-9.087953567504883, -0.003970269113779068, -1.9614160060882568)","(359.96630859375, 86.76242065429688, -0.004509913735091686)",0.23821,-0.112904,"(0.405479, -0.000024, 0.040955)",LeftTrue_RightFalse
18.227905,0.062901,"(12.080730438232422, 1.1979480981826782, 0.9726963639259338)","(5.514742851257324, 273.272705078125, 359.5386047363281)","(11.422987937927246, 0.8564836978912354, 0.7586659789085388)","(0.04043782502412796, 88.41771697998047, 6.332100019790232e-05)","(12.22861385345459, -0.003992185927927494, 1.3914154767990112)","(359.9595642089844, 269.5262145996094, -0.0008456046343781054)",0.250461,-0.006622,"(-1.116378, -0.000026, -0.012077)",LeftFalse_RightFalse,False,"(-9.06061840057373, -0.003971767146140337, -1.9586583375930786)","(359.96533203125, 86.71076965332031, -0.004604265559464693)",0.245425,-0.110599,"(0.435928, -0.000022, 0.044023)",LeftTrue_RightFalse
18.293091,0.063353,"(12.0068941116333, 1.1979467868804932, 0.9711235761642456)","(5.571983814239502, 273.2301330566406, 359.61871337890625)","(11.34915828704834, 0.8564860820770264, 0.7577499747276306)","(0.040793318301439285, 88.40960693359375, -4.596371582010761e-05)","(12.15468978881836, -0.00399377616122365, 1.3906149864196777)","(359.959228515625, 269.5180969238281, -0.0007432167767547071)",0.232558,-0.006622,"(-1.150496, -0.000020, -0.012526)",LeftFalse_RightFalse,False,"(-9.030773162841797, -0.0039731296710669994, -1.9556485414505005)","(359.96441650390625, 86.65560150146484, -0.0046866778284311295)",0.219708,-0.108037,"(0.477495, -0.000022, 0.048306)",LeftTrue_RightFalse
18.349976,0.062063,"(11.941004753112793, 1.1985788345336914, 0.9701563119888306)","(5.5533127784729, 273.1839904785156, 359.6943054199219)","(11.28328800201416, 0.8564841151237488, 0.756928563117981)","(0.04075101390480995, 88.40245056152344, -7.352293323492631e-05)","(12.088741302490234, -0.003994806669652462, 1.389894723892212)","(359.9592590332031, 269.51092529296875, -0.000714847119525075)",0.210492,-0.006622,"(-1.172981, -0.000013, -0.012903)",LeftFalse_RightFalse,False,"(-9.003018379211426, -0.003974302671849728, -1.9528484344482422)","(359.9639587402344, 86.60529327392578, -0.004696484189480543)",0.236649,-0.089301,"(0.504529, -0.000016, 0.050941)",LeftTrue_RightFalse
18.410034,0.061666,"(11.87017822265625, 1.1988649368286133, 0.9692498445510864)","(5.605232238769531, 273.04119873046875, 359.72967529296875)","(11.212491989135742, 0.856474757194519, 0.7560380101203918)","(0.04011189192533493, 88.39479064941406, -5.7738125178730115e-05)","(12.01786994934082, -0.003995239734649658, 1.3891117572784424)","(359.95989990234375, 269.5032958984375, -0.0007182639092206955)",0.189443,-0.006622,"(-1.191734, 0.000001, -0.013255)",LeftFalse_RightFalse,False,"(-8.972066879272461, -0.003975018858909607, -1.9498273134231567)","(359.9637756347656, 86.55472564697266, -0.003713437356054783)",0.242536,-0.088269,"(0.534147, -0.000011, 0.050908)",LeftTrue_RightFalse
18.468872,0.061089,"(11.799241065979004, 1.1989750862121582, 0.9683867692947388)","(5.6487884521484375, 272.9490051269531, 359.7515563964844)","(11.142202377319336, 0.8564571738243103, 0.7551456093788147)","(0.03883419930934906, 88.38720703125, -1.870298365247436e-05)","(11.947515487670898, -0.003994819242507219, 1.3883260488510132)","(359.961181640625, 269.4956970214844, -0.0007325729820877314)",0.170499,-0.006622,"(-1.206927, 0.000016, -0.013577)",LeftFalse_RightFalse,False,"(-8.94006061553955, -0.00397572061046958, -1.9467873573303223)","(359.9635009765625, 86.50732421875, -0.0030186818912625313)",0.240145,-0.085449,"(0.564027, -0.000011, 0.053661)",LeftTrue_RightFalse
18.528564,0.060805,"(11.726757049560547, 1.199018955230713, 0.9675266742706299)","(5.68340539932251, 272.9844970703125, 359.7011413574219)","(11.070013999938965, 0.8564321994781494, 0.7542207837104797)","(0.03696611523628235, 88.37944030761719, 3.332052438054234e-05)","(11.875269889831543, -0.003993484657257795, 1.3875101804733276)","(359.9630432128906, 269.4879455566406, -0.0007484478410333395)",0.153449,-0.006622,"(-1.214960, 0.000027, -0.013771)",LeftFalse_RightFalse,False,"(-8.905818939208984, -0.00397631386294961, -1.943540334701538)","(359.96319580078125, 86.4580078125, -0.0028752917423844337)",0.272108,-0.082403,"(0.583583, -0.000011, 0.055259)",LeftTrue_RightFalse
18.585693,0.060083,"(11.656827926635742, 1.1996190547943115, 0.9673405885696411)","(5.614682197570801, 273.0467224121094, 359.6773681640625)","(11.000244140625, 0.8564017415046692, 0.7533175349235535)","(0.03465693071484566, 88.3719482421875, 8.931107731768861e-05)","(11.805451393127441, -0.003991427831351757, 1.386712670326233)","(359.9653625488281, 269.4804382324219, -0.0007597552612423897)",0.138104,-0.006622,"(-1.224128, 0.000044, -0.014036)",LeftFalse_RightFalse,False,"(-8.87117862701416, -0.003977212123572826, -1.9402754306793213)","(359.96240234375, 86.41020965576172, -0.0028997892513871193)",0.242187,-0.079306,"(0.617450, -0.000019, 0.058232)",LeftTrue_RightFalse
18.645508,0.060023,"(11.583364486694336, 1.199885368347168, 0.9667543172836304)","(5.595486164093018, 273.0130310058594, 359.6668701171875)","(10.926878929138184, 0.8563669919967651, 0.7523589730262756)","(0.031977444887161255, 88.36408233642578, 0.00014950877812225372)","(11.732039451599121, -0.003988404758274555, 1.3858648538589478)","(359.968017578125, 269.4725646972656, -0.0007681045681238174)",0.124293,-0.006622,"(-1.230729, 0.000055, -0.014276)",LeftFalse_RightFalse,False,"(-8.833185195922852, -0.003978405147790909, -1.936710238456726)","(359.9617614746094, 86.35979461669922, -0.002942111110314727)",0.24751,-0.075894,"(0.646569, -0.000021, 0.060689)",LeftTrue_RightFalse
18.708862,0.06069,"(11.505865097045898, 1.1999962329864502, 0.9659583568572998)","(5.543740749359131, 272.9739074707031, 359.6341247558594)","(10.848795890808105, 0.8563292622566223, 0.7513282895088196)","(0.02904709428548813, 88.35572052001953, 0.00021060196741018444)","(11.653907775878906, -0.003984677139669657, 1.3849518299102783)","(359.970947265625, 269.4642028808594, -0.0007724969182163477)",0.111864,-0.006622,"(-1.236441, 0.000061, -0.014565)",LeftFalse_RightFalse,False,"(-8.791024208068848, -0.003979567904025316, -1.9327720403671265)","(359.9613952636719, 86.30624389648438, -0.002967204200103879)",0.227427,-0.072093,"(0.685933, -0.000017, 0.064226)",LeftTrue_RightFalse
18.766113,0.060003,"(11.435260772705078, 1.200031042098999, 0.9651471376419067)","(5.468611240386963, 272.9716796875, 359.6028137207031)","(10.778024673461914, 0.8562970757484436, 0.7503840327262878)","(0.026531053707003593, 88.34815216064453, 0.0002619476290419698)","(11.583090782165527, -0.003981238231062889, 1.3841145038604736)","(359.9734802246094, 269.4566345214844, -0.0007751581142656505)",0.100678,-0.006622,"(-1.237953, 0.000062, -0.014694)",LeftFalse_RightFalse,False,"(-8.751269340515137, -0.00398046150803566, -1.9290651082992554)","(359.9613342285156, 86.2575454711914, -0.0029873547609895468)",0.271659,-0.068712,"(0.703466, -0.000012, 0.065413)",LeftTrue_RightFalse
18.822876,0.059359,"(11.365056991577148, 1.2006738185882568, 0.9643065929412842)","(5.399481773376465, 273.0148010253906, 359.5621032714844)","(10.70777416229248, 0.8562659025192261, 0.7494381666183472)","(0.02408054657280445, 88.34065246582031, 0.00030772705213166773)","(11.512794494628906, -0.003977709449827671, 1.3832743167877197)","(359.9759216308594, 269.4491271972656, -0.0007735214312560856)",0.09061,-0.006622,"(-1.238373, 0.000060, -0.014867)",LeftFalse_RightFalse,False,"(-8.710203170776367, -0.003981168381869793, -1.9252679347991943)","(359.9609680175781, 86.2101058959961, -0.002885860623791814)",0.245112,-0.065259,"(0.736139, -0.000015, 0.068088)",LeftTrue_RightFalse
18.880737,0.059066,"(11.293442726135254, 1.2009552717208862, 0.964044988155365)","(5.380148410797119, 273.0797119140625, 359.5936279296875)","(10.636181831359863, 0.8562355041503906, 0.7484647035598755)","(0.021703433245420456, 88.3330078125, 0.0003504882624838501)","(11.441152572631836, -0.003974405582994223, 1.382408857345581)","(359.9783020019531, 269.4414978027344, -0.0007702888105995953)",0.081549,-0.006439,"(-1.237167, 0.000059, -0.015021)",LeftFalse_RightFalse,False,"(-8.666665077209473, -0.003982129041105509, -1.9212639331817627)","(359.9606018066406, 86.16228485107422, -0.0027701209764927626)",0.245837,-0.06158,"(0.764579, -0.000016, 0.070308)",LeftTrue_RightFalse
18.939453,0.058982,"(11.221001625061035, 1.2010737657546997, 0.9634082317352295)","(5.385715007781982, 273.0884094238281, 359.5856018066406)","(10.563773155212402, 0.8562067151069641, 0.7474749088287354)","(0.01945754513144493, 88.32539367675781, 0.00036425786674953997)","(11.368694305419922, -0.003971087280660868, 1.3815265893936157)","(359.9805603027344, 269.43389892578125, -0.000740606861654669)",0.073394,-0.006409,"(-1.234516, 0.000054, -0.015090)",LeftFalse_RightFalse,False,"(-8.620954513549805, -0.003983030095696449, -1.9170843362808228)","(359.9604797363281, 86.11473846435547, -0.002620622282847762)",0.250056,-0.057709,"(0.792802, -0.000013, 0.072458)",LeftTrue_RightFalse
19.002808,0.059863,"(11.142913818359375, 1.201125144958496, 0.9625461101531982)","(5.524555206298828, 272.98150634765625, 359.60894775390625)","(10.485725402832031, 0.8561782240867615, 0.7464012503623962)","(0.017233895137906075, 88.31731414794922, 0.0003764441062230617)","(11.290590286254883, -0.003967780154198408, 1.3805674314498901)","(359.9827880859375, 269.42578125, -0.0007097734487615526)",0.066055,-0.006409,"(-1.230583, 0.000051, -0.015182)",LeftFalse_RightFalse,False,"(-8.569722175598145, -0.00398378586396575, -1.912430763244629)","(359.96038818359375, 86.06465148925781, -0.002433470683172345)",0.256253,-0.053363,"(0.821404, -0.000011, 0.074549)",LeftTrue_RightFalse
19.067261,0.060781,"(11.06384563446045, 1.2011429071426392, 0.9608877897262573)","(5.514965534210205, 272.8671875, 359.6543884277344)","(10.406679153442383, 0.8561521768569946, 0.7453048229217529)","(0.015189646743237972, 88.30915069580078, 0.00040093593997880816)","(11.2114839553833, -0.003964638337492943, 1.3795857429504395)","(359.9848327636719, 269.41766357421875, -0.0006947149522602558)",0.059449,-0.006409,"(-1.225514, 0.000047, -0.015276)",LeftFalse_RightFalse,False,"(-8.515645027160645, -0.003984498791396618, -1.9075627326965332)","(359.9601745605469, 86.01567840576172, -0.002170014660805464)",0.258194,-0.028409,"(0.850703, -0.000012, 0.076509)",LeftTrue_RightFalse
19.129639,0.061098,"(10.987704277038574, 1.2011477947235107, 0.9596855640411377)","(5.481791973114014, 272.7849426269531, 359.650634765625)","(10.330570220947266, 0.8561296463012695, 0.744238018989563)","(0.013412699103355408, 88.30131530761719, 0.0004273595113772899)","(11.13531494140625, -0.003961971495300531, 1.3786296844482422)","(359.9866027832031, 269.4097900390625, -0.0006867565680295229)",0.053504,-0.006409,"(-1.217427, 0.000040, -0.015386)",LeftFalse_RightFalse,False,"(-8.461345672607422, -0.00398539612069726, -1.903036117553711)","(359.9598693847656, 85.98384094238281, 0.000677699688822031)",0.227995,-0.025725,"(0.890293, -0.000017, 0.072831)",LeftTrue_RightFalse
19.19397,0.061752,"(10.909552574157715, 1.2011487483978271, 0.9585850238800049)","(5.420572280883789, 272.7389221191406, 359.673095703125)","(10.25245475769043, 0.8561094999313354, 0.7431329488754272)","(0.011822018772363663, 88.29327392578125, 0.00045338759082369506)","(11.057134628295898, -0.003959553316235542, 1.3776377439498901)","(359.9881896972656, 269.4017639160156, -0.000682006764691323)",0.048154,-0.006409,"(-1.210496, 0.000035, -0.015456)",LeftFalse_RightFalse,False,"(-8.403414726257324, -0.00398644432425499, -1.8983409404754639)","(359.9598693847656, 85.95728302001953, 0.0019434825517237186)",0.257982,-0.020854,"(0.914650, -0.000011, 0.073798)",LeftTrue_RightFalse
19.256958,0.062,"(10.834220886230469, 1.2018183469772339, 0.9575786590576172)","(5.240733623504639, 272.8479309082031, 359.689697265625)","(10.176499366760254, 0.8560919165611267, 0.7420477867126465)","(0.010443387553095818, 88.28546142578125, 0.00047447922406718135)","(10.98111343383789, -0.003957499284297228, 1.3766627311706543)","(359.98956298828125, 269.3939514160156, -0.0006764237768948078)",0.043339,-0.006409,"(-1.202790, 0.000031, -0.015514)",LeftFalse_RightFalse,False,"(-8.344989776611328, -0.003986939787864685, -1.893681526184082)","(359.9599914550781, 85.9347915649414, 0.0023546917364001274)",0.257619,-0.015955,"(0.943317, -0.000009, 0.074735)",LeftTrue_RightFalse
19.315918,0.061386,"(10.76383113861084, 1.2020493745803833, 0.9566404819488525)","(5.169633865356445, 272.89453125, 359.6509094238281)","(10.105915069580078, 0.8560771346092224, 0.7410301566123962)","(0.009282169863581657, 88.2781982421875, 0.0004884098307229578)","(10.910466194152832, -0.00395578658208251, 1.3757472038269043)","(359.99072265625, 269.3866882324219, -0.0006678877980448306)",0.039005,-0.006409,"(-1.194403, 0.000027, -0.015559)",LeftFalse_RightFalse,False,"(-8.288618087768555, -0.003987637814134359, -1.8892717361450195)","(359.9598388671875, 85.9176025390625, 0.0025769409257918596)",0.250544,-0.012104,"(0.971742, -0.000014, 0.075484)",LeftTrue_RightFalse
19.378296,0.061591,"(10.690363883972168, 1.2021491527557373, 0.95566725730896)","(5.15172004699707, 272.8998718261719, 359.5702819824219)","(10.031715393066406, 0.8560629487037659, 0.7399507164955139)","(0.008170335553586483, 88.27056884765625, 0.0004996976931579411)","(10.836198806762695, -0.003954119514673948, 1.3747754096984863)","(359.9918518066406, 269.3790588378906, -0.0006576644955202937)",0.019235,-0.006409,"(-1.185424, 0.000026, -0.015593)",LeftFalse_RightFalse,False,"(-8.227167129516602, -0.003988559357821941, -1.8845478296279907)","(359.95965576171875, 85.90323638916016, 0.0026812732685357332)",0.256898,-0.008961,"(0.998784, -0.000015, 0.076316)",LeftTrue_RightFalse
19.445923,0.062781,"(10.611091613769531, 1.2013453245162964, 0.9546007513999939)","(5.217954158782959, 272.9052734375, 359.47906494140625)","(9.952170372009277, 0.8560454845428467, 0.7387829422950745)","(0.006824117619544268, 88.26240539550781, 0.000511515827383846)","(10.756583213806152, -0.003952364437282085, 1.373722791671753)","(359.9931945800781, 269.37091064453125, -0.0006434372044168413)",-0.111259,-0.006409,"(-1.173447, 0.000028, -0.015581)",LeftFalse_RightFalse,False,"(-8.158669471740723, -0.003989595919847488, -1.8793632984161377)","(359.9594421386719, 85.89141082763672, 0.0026526418514549732)",0.264556,-0.005277,"(1.026510, -0.000016, 0.077364)",LeftTrue_RightFalse
19.514526,0.063958,"(10.533831596374512, 1.2010630369186401, 0.9535481929779053)","(5.197648048400879, 272.9146728515625, 359.481201171875)","(9.874890327453613, 0.8559250235557556, 0.7376380562782288)","(-0.002044715452939272, 88.25450897216797, 0.0006065539782866836)","(10.679348945617676, -0.003946379758417606, 1.3726913928985596)","(0.0020560668781399727, 269.36297607421875, -0.0005668840021826327)",-0.173928,-0.006409,"(-1.081247, 0.000163, -0.014532)",LeftFalse_RightFalse,False,"(-8.086809158325195, -0.003990910481661558, -1.8740179538726807)","(359.9590148925781, 85.88362884521484, 0.0026786120142787695)",0.240874,-0.001347,"(1.064668, -0.000022, 0.078854)",LeftTrue_RightFalse
19.580078,0.064264,"(10.466665267944336, 1.2009572982788086, 0.9526338577270508)","(5.116988182067871, 272.8644104003906, 359.5089111328125)","(9.80713939666748, 0.8557183146476746, 0.7366248369216919)","(359.9823913574219, 88.24760437011719, 0.0007814395939931273)","(10.611754417419434, -0.003931362647563219, 1.3717795610427856)","(0.017613805830478668, 269.3560791015625, -0.0004407714295666665)",-0.192656,-0.006409,"(-0.981628, 0.000304, -0.013308)",LeftFalse_RightFalse,False,"(-8.016304969787598, -0.0039922078140079975, -1.8688510656356812)","(359.9588623046875, 85.87969970703125, 0.0027309039141982794)",0.262123,0.020368,"(1.089344, -0.000017, 0.079288)",LeftTrue_RightFalse
19.647583,0.064925,"(10.40455150604248, 1.200900912284851, 0.9517738819122314)","(5.187034606933594, 272.7403564453125, 359.5141906738281)","(9.744917869567871, 0.8554587960243225, 0.7356869578361511)","(359.9624328613281, 88.24129486083984, 0.0010071945143863559)","(10.549762725830078, -0.003906321711838245, 1.3709360361099243)","(0.03757062554359436, 269.34979248046875, -0.0002804196556098759)",-0.215051,-0.006409,"(-0.873551, 0.000411, -0.011939)",LeftFalse_RightFalse,False,"(-7.94160270690918, -0.003993194550275803, -1.8637982606887817)","(359.95880126953125, 85.8936996459961, 0.0056113600730896)",0.266722,0.022854,"(1.117352, -0.000016, 0.073431)",LeftTrue_RightFalse
19.712036,0.064817,"(10.354033470153809, 1.2008699178695679, 0.9510770440101624)","(5.232865333557129, 272.78106689453125, 359.53350830078125)","(9.69379997253418, 0.8552110195159912, 0.7349103093147278)","(359.94305419921875, 88.23612213134766, 0.0012186472304165363)","(10.498878479003906, -0.0038773545529693365, 1.3702377080917358)","(0.056969787925481796, 269.3446044921875, -0.00011654682748485357)",-0.225289,-0.006409,"(-0.716717, 0.000467, -0.009887)",LeftFalse_RightFalse,False,"(-7.868401527404785, -0.003994341008365154, -1.8591258525848389)","(359.95843505859375, 85.91893005371094, 0.007272057235240936)",0.235879,0.026924,"(1.154924, -0.000020, 0.072890)",LeftTrue_RightFalse
19.77478,0.06442,"(10.312206268310547, 1.2008507251739502, 0.9504901766777039)","(5.083895683288574, 272.7548828125, 359.58514404296875)","(9.651836395263672, 0.8549965620040894, 0.7342689633369446)","(359.9259948730469, 88.23189544677734, 0.0013912786962464452)","(10.457123756408691, -0.0038482556119561195, 1.3696610927581787)","(0.07402712851762772, 269.34039306640625, 4.08344239986036e-05)",-0.267035,-0.006409,"(-0.595682, 0.000450, -0.008265)",LeftFalse_RightFalse,False,"(-7.795225143432617, -0.003995540551841259, -1.8545829057693481)","(359.9583740234375, 85.94823455810547, 0.007771973963826895)",0.259965,0.028973,"(1.177998, -0.000013, 0.072049)",LeftTrue_RightFalse
19.8396,0.064486,"(10.278573036193848, 1.2008349895477295, 0.9500253200531006)","(4.961880207061768, 272.6658935546875, 359.593505859375)","(9.6174955368042, 0.8547899127006531, 0.7337408661842346)","(359.9095458984375, 88.22843170166016, 0.001544007915072143)","(10.422990798950195, -0.003819826990365982, 1.3691871166229248)","(0.0904681533575058, 269.3369140625, 0.00020619991119019687)",-0.300654,-0.006409,"(-0.455555, 0.000426, -0.006351)",LeftFalse_RightFalse,False,"(-7.718132019042969, -0.003996459301561117, -1.8499302864074707)","(359.95849609375, 85.98306274414062, 0.007814230397343636)",0.263731,0.03028,"(1.204475, -0.000013, 0.071896)",LeftTrue_RightFalse
19.914551,0.066596,"(10.251886367797852, 1.2008150815963745, 0.9496486186981201)","(4.897069931030273, 272.67095947265625, 359.6586608886719)","(9.59060001373291, 0.8545464873313904, 0.7333254814147949)","(359.89031982421875, 88.22574615478516, 0.0017175021348521113)","(10.396353721618652, -0.0037882234901189804, 1.3688156604766846)","(0.10970292240381241, 269.334228515625, 0.0004048528498969972)",-0.322169,-0.006409,"(-0.248561, 0.000409, -0.003489)",LeftFalse_RightFalse,False,"(-7.626466751098633, -0.00399757269769907, -1.8445298671722412)","(359.9582824707031, 86.02747344970703, 0.007479713298380375)",0.250551,0.031939,"(1.240254, -0.000017, 0.072244)",LeftTrue_RightFalse
19.976807,0.065707,"(10.244894027709961, 1.201399803161621, 0.9488856792449951)","(4.751283645629883, 272.6331481933594, 359.7035217285156)","(9.582952499389648, 0.8541771173477173, 0.733196496963501)","(359.86248779296875, 88.22496032714844, 0.0021123953629285097)","(10.389113426208496, -0.00376130361109972, 1.3687047958374023)","(0.1375129222869873, 269.3334655761719, 0.0005479841493070126)",-0.32368,-0.006409,"(-0.000898, 0.000646, -0.000129)",LeftFalse_RightFalse,False,"(-7.548686981201172, -0.003998573869466782, -1.8400447368621826)","(359.9581298828125, 86.06692504882812, 0.007151011377573013)",0.259773,0.048798,"(1.264743, -0.000017, 0.072152)",LeftTrue_RightFalse
20.038452,0.064905,"(10.245156288146973, 1.201658010482788, 0.9486401677131653)","(4.608364582061768, 272.610107421875, 359.74749755859375)","(9.582921028137207, 0.8541660308837891, 0.7331921458244324)","(359.85980224609375, 88.22492980957031, 0.002044480526819825)","(10.389122009277344, -0.0037325453013181686, 1.368703007698059)","(0.14022193849086761, 269.33343505859375, 0.0006683333194814622)",-0.332975,-0.006409,"(0.000468, 0.000232, -0.000001)",LeftFalse_RightFalse,False,"(-7.469886779785156, -0.0039996616542339325, -1.835837960243225)","(359.9580993652344, 86.11890411376953, 0.009100968018174171)",0.260988,0.048465,"(1.290578, -0.000017, 0.065937)",LeftTrue_RightFalse
20.09729,0.063702,"(10.246183395385742, 1.2017923593521118, 0.9485753774642944)","(4.579935550689697, 272.625244140625, 359.7352294921875)","(9.583120346069336, 0.8544158935546875, 0.7331947684288025)","(359.8773193359375, 88.22492218017578, 0.0017633800162002444)","(10.389059066772461, -0.0037320274859666824, 1.3687019348144531)","(0.12270605564117432, 269.3334045410156, 0.0006105629145167768)",-0.381821,-0.006409,"(0.000949, -0.000200, 0.000018)",LeftFalse_RightFalse,False,"(-7.3931450843811035, -0.004000700078904629, -1.8320021629333496)","(359.95794677734375, 86.17815399169922, 0.010454177856445312)",0.256996,0.049516,"(1.316247, -0.000018, 0.064796)",LeftTrue_RightFalse
20.158813,0.063268,"(10.246927261352539, 1.2018734216690063, 0.9485529661178589)","(4.592865467071533, 272.6329040527344, 359.69451904296875)","(9.583403587341309, 0.8547489047050476, 0.7331994771957397)","(359.9021911621094, 88.22492218017578, 0.0013986732810735703)","(10.388969421386719, -0.003753657452762127, 1.3687007427215576)","(0.09780539572238922, 269.3334045410156, 0.0004935251781716943)",-0.434498,-0.006409,"(0.001035, -0.000474, 0.000021)",LeftFalse_RightFalse,False,"(-7.311398029327393, -0.004001799039542675, -1.8280494213104248)","(359.95782470703125, 86.24335479736328, 0.010791854932904243)",0.260922,0.052841,"(1.341039, -0.000017, 0.063862)",LeftTrue_RightFalse
20.219238,0.062689,"(10.247462272644043, 1.2019168138504028, 0.9485490322113037)","(4.57398796081543, 272.6645202636719, 359.71435546875)","(9.5836763381958, 0.8550570607185364, 0.7332046031951904)","(359.9261474609375, 88.22492980957031, 0.0010508394334465265)","(10.388883590698242, -0.003786487504839897, 1.368699550628662)","(0.07385477423667908, 269.33343505859375, 0.00037799860001541674)",-0.435489,-0.006409,"(0.000935, -0.000583, 0.000019)",LeftFalse_RightFalse,False,"(-7.229667663574219, -0.004002862609922886, -1.824263095855713)","(359.9576721191406, 86.31163787841797, 0.011057036928832531)",0.260318,0.056487,"(1.366217, -0.000019, 0.061981)",LeftTrue_RightFalse
20.280518,0.062417,"(10.247869491577148, 1.2019402980804443, 0.9485507011413574)","(4.464908599853516, 272.6482849121094, 359.7596130371094)","(9.583911895751953, 0.8553165793418884, 0.7332087755203247)","(359.9468994140625, 88.22493743896484, 0.0007493483717553318)","(10.38880729675293, -0.003822464495897293, 1.3686985969543457)","(0.05309278517961502, 269.33343505859375, 0.0002778167254291475)",-0.412578,-0.006409,"(0.000766, -0.000571, 0.000015)",LeftFalse_RightFalse,False,"(-7.14508056640625, -0.004004059825092554, -1.8205525875091553)","(359.9575500488281, 86.38691711425781, 0.011565305292606354)",0.261666,0.073172,"(1.391078, -0.000019, 0.059589)",LeftTrue_RightFalse
20.344727,0.062766,"(10.248186111450195, 1.2019522190093994, 0.948553740978241)","(4.434103012084961, 272.6162109375, 359.75311279296875)","(9.584105491638184, 0.8555240035057068, 0.7332118153572083)","(359.9638977050781, 88.22493743896484, 0.0005024541751481593)","(10.388747215270996, -0.0038565597496926785, 1.3686976432800293)","(0.03611655533313751, 269.33343505859375, 0.00019628125301096588)",-0.365758,-0.006409,"(0.000588, -0.000492, 0.000011)",LeftFalse_RightFalse,False,"(-7.054924964904785, -0.004005189519375563, -1.8170950412750244)","(359.9573974609375, 86.48320770263672, 0.014452367089688778)",0.266091,0.075386,"(1.415928, -0.000019, 0.051313)",LeftTrue_RightFalse
20.406372,0.062546,"(10.248400688171387, 1.2019574642181396, 0.9485568404197693)","(4.422116756439209, 272.6436767578125, 359.7531433105469)","(9.58424186706543, 0.8556682467460632, 0.7332144379615784)","(359.97589111328125, 88.22493743896484, 0.0003277515643276274)","(10.388703346252441, -0.0038828046526759863, 1.368697166442871)","(0.024125900119543076, 269.33343505859375, 0.00013900501653552055)",-0.330775,-0.006409,"(0.000430, -0.000384, 0.000008)",LeftFalse_RightFalse,False,"(-6.9666523933410645, -0.0040064118802547455, -1.8141071796417236)","(359.95721435546875, 86.58873748779297, 0.01648966781795025)",0.263632,0.078684,"(1.441231, -0.000020, 0.047349)",LeftTrue_RightFalse
20.471191,0.062999,"(10.248557090759277, 1.2019603252410889, 0.948559045791626)","(4.443875312805176, 272.6012878417969, 359.72430419921875)","(9.584342956542969, 0.8557735681533813, 0.7332161068916321)","(359.98468017578125, 88.22493743896484, 0.000200036505702883)","(10.388671875, -0.003902908181771636, 1.3686965703964233)","(0.015305833891034126, 269.33343505859375, 9.608288382878527e-05)",-0.327459,-0.006409,"(0.000267, -0.000242, 0.000004)",LeftFalse_RightFalse,False,"(-6.872173309326172, -0.00400769105181098, -1.8112245798110962)","(359.95697021484375, 86.7076644897461, 0.017614087089896202)",0.244418,0.08125,"(1.474092, -0.000021, 0.042550)",LeftTrue_RightFalse
20.528931,0.061937,"(10.248650550842285, 1.2019621133804321, 0.9485606551170349)","(4.497810363769531, 272.6517333984375, 359.7052001953125)","(9.584403038024902, 0.8558376431465149, 0.7332172393798828)","(359.99005126953125, 88.22493743896484, 0.00012389806215651333)","(10.388651847839355, -0.003915023524314165, 1.3686963319778442)","(0.009948632679879665, 269.33343505859375, 6.857745029265061e-05)",-0.339946,-0.006409,"(0.000179, -0.000155, 0.000003)",LeftFalse_RightFalse,False,"(-6.786696910858154, -0.00400889478623867, -1.8088549375534058)","(359.9570007324219, 86.81840515136719, 0.01799636147916317)",0.258756,0.082386,"(1.495394, -0.000017, 0.038864)",LeftTrue_RightFalse
20.587646,0.061291,"(10.2487154006958, 1.2019639015197754, 0.9485615491867065)","(4.631669521331787, 272.73175048828125, 359.72357177734375)","(9.58444595336914, 0.855881929397583, 0.7332177758216858)","(359.99371337890625, 88.22493743896484, 7.298159471247345e-05)","(10.388639450073242, -0.003922710195183754, 1.3686959743499756)","(0.006294929422438145, 269.33343505859375, 4.880704727838747e-05)",-0.352375,-0.006409,"(0.000135, -0.000108, 0.000002)",LeftFalse_RightFalse,False,"(-6.69845724105835, -0.004009711556136608, -1.806644082069397)","(359.95721435546875, 86.93541717529297, 0.018131235614418983)",0.283507,0.083501,"(1.510924, -0.000014, 0.036526)",LeftTrue_RightFalse
20.651855,0.06188,"(10.248761177062988, 1.2019658088684082, 0.9485622644424438)","(4.691248416900635, 272.75732421875, 359.7243957519531)","(9.584474563598633, 0.8559135794639587, 0.733218252658844)","(-0.0037544171791523695, 88.22493743896484, 3.9561236917506903e-05)","(10.388630867004395, -0.003927240613847971, 1.3686957359313965)","(0.0037544795777648687, 269.33343505859375, 3.307789302198216e-05)",-0.360783,-0.006409,"(0.000073, -0.000041, 0.000001)",LeftFalse_RightFalse,False,"(-6.600200653076172, -0.004010799340903759, -1.8044565916061401)","(359.9568176269531, 87.0684814453125, 0.018295204266905785)",0.240287,0.098064,"(1.547098, -0.000023, 0.032059)",LeftTrue_RightFalse
20.712646,0.061676,"(10.248144149780273, 1.2019679546356201, 0.9485427141189575)","(4.672731876373291, 272.6869201660156, 359.7286376953125)","(9.584490776062012, 0.8559327125549316, 0.7332183718681335)","(-0.002295031677931547, 88.22493743896484, 2.1202497009653598e-05)","(10.388625144958496, -0.003928918391466141, 1.3686954975128174)","(0.002295012352988124, 269.33343505859375, 2.3200402210932225e-05)",-0.365177,-0.006409,"(0.000044, -0.000012, 0.000001)",LeftFalse_RightFalse,False,"(-6.505563259124756, -0.004012168850749731, -1.8027913570404053)","(359.95660400390625, 87.20643615722656, 0.02019108086824417)",0.261959,0.097009,"(1.566938, -0.000020, 0.022394)",LeftTrue_RightFalse
20.772339,0.061271,"(10.247913360595703, 1.201969861984253, 0.9485353827476501)","(4.695167064666748, 272.68914794921875, 359.7077941894531)","(9.584502220153809, 0.8559444546699524, 0.7332186698913574)","(-0.0014502962585538626, 88.22493743896484, 1.1693478882079944e-05)","(10.388623237609863, -0.003929140046238899, 1.3686954975128174)","(0.001450250972993672, 269.33343505859375, 1.6365680494345725e-05)",-0.365562,-0.006409,"(0.000025, 0.000007, 0.000001)",LeftFalse_RightFalse,False,"(-6.411545753479004, -0.004013247322291136, -1.8015820980072021)","(359.956787109375, 87.3533935546875, 0.02186930738389492)",0.263165,0.092158,"(1.589998, -0.000017, 0.017701)",LeftTrue_RightFalse
20.830444,0.060632,"(10.247823715209961, 1.2019717693328857, 0.9485325217247009)","(4.702625274658203, 272.701416015625, 359.7132568359375)","(9.584506034851074, 0.8559517860412598, 0.7332186698913574)","(-0.0009832880459725857, 88.22493743896484, 7.798761544108856e-06)","(10.388620376586914, -0.00392845319584012, 1.3686953783035278)","(0.000983254867605865, 269.33343505859375, 1.1225008165638428e-05)",-0.369875,-0.006409,"(0.000013, 0.000016, 0.000000)",LeftFalse_RightFalse,False,"(-6.318702220916748, -0.004014255944639444, -1.8005833625793457)","(359.956787109375, 87.49715423583984, 0.021702172234654427)",0.258521,0.066668,"(1.613207, -0.000017, 0.015735)",LeftTrue_RightFalse
20.895752,0.061579,"(10.247781753540039, 1.201973557472229, 0.9485312104225159)","(4.70076847076416, 272.7149658203125, 359.6754455566406)","(9.584507942199707, 0.8559567332267761, 0.733218789100647)","(-0.000717248534783721, 88.22493743896484, 5.298566065903287e-06)","(10.388618469238281, -0.003927370999008417, 1.3686953783035278)","(0.0007172168116085231, 269.33343505859375, 8.578070264775306e-06)",-0.378136,-0.006409,"(0.000006, 0.000018, 0.000000)",LeftFalse_RightFalse,False,"(-6.212637901306152, -0.004015503451228142, -1.7992136478424072)","(359.9566345214844, 87.63951110839844, 0.01691136136651039)",0.266793,0.038427,"(1.635537, -0.000018, 0.024333)",LeftTrue_RightFalse
20.957642,0.061635,"(10.247769355773926, 1.2019749879837036, 0.9485307931900024)","(4.742023468017578, 272.71942138671875, 359.6201477050781)","(9.58450984954834, 0.8559593558311462, 0.7332188487052917)","(-0.0006086216890253127, 88.22493743896484, 5.696323114534607e-06)","(10.388618469238281, -0.003926265053451061, 1.3686953783035278)","(0.000608618080150336, 269.33343505859375, 6.078916158003267e-06)",-0.398252,-0.006287,"(0.000003, 0.000018, 0.000000)",LeftFalse_RightFalse,False,"(-6.110794544219971, -0.004016641527414322, -1.7971655130386353)","(359.9564208984375, 87.73381805419922, 0.008120616897940636)",0.264495,0.025609,"(1.658670, -0.000022, 0.037716)",LeftTrue_RightFalse
21.017456,0.061272,"(10.247764587402344, 1.2013620138168335, 0.9485307335853577)","(4.7878193855285645, 272.7503967285156, 359.57781982421875)","(9.584510803222656, 0.8559609055519104, 0.7332188487052917)","(-0.0005753949517384171, 88.22493743896484, 7.590711902594194e-06)","(10.388618469238281, -0.00392520846799016, 1.3686953783035278)","(0.000575434067286551, 269.33343505859375, 3.5420612221059855e-06)",-0.406439,-0.006287,"(0.000000, 0.000016, 0.000000)",LeftFalse_RightFalse,False,"(-6.010927200317383, -0.0040178750641644, -1.7945681810379028)","(359.9561462402344, 87.79301452636719, 0.0006061826716177166)",0.262686,-0.003701,"(1.681194, -0.000023, 0.045986)",LeftTrue_RightFalse
21.079468,0.06142,"(10.247761726379395, 1.2011070251464844, 0.9485305547714233)","(4.816650867462158, 272.7727966308594, 359.5854187011719)","(9.58450984954834, 0.8559619784355164, 0.733218789100647)","(-0.0005781034706160426, 88.22493743896484, 9.04354419617448e-06)","(10.388618469238281, -0.003924208227545023, 1.3686952590942383)","(0.0005781702348031104, 269.33343505859375, 2.141911863873247e-06)",-0.402698,-0.006287,"(-0.000001, 0.000015, 0.000000)",LeftFalse_RightFalse,False,"(-5.906012535095215, -0.004019400104880333, -1.7910678386688232)","(359.9559631347656, 87.81688690185547, 359.9921569824219)",0.266596,-0.034706,"(1.702695, -0.000023, 0.062016)",LeftTrue_RightFalse
21.141846,0.061599,"(10.247760772705078, 1.2010101079940796, 0.9485305547714233)","(4.858733654022217, 272.7667541503906, 359.5575256347656)","(9.58450984954834, 0.8559625148773193, 0.733218789100647)","(-0.0005966759636066854, 88.22493743896484, 9.49403693084605e-06)","(10.388618469238281, -0.003923378419131041, 1.3686952590942383)","(0.0005967479664832354, 269.33343505859375, 2.050823241006583e-06)",-0.398935,-0.006287,"(-0.000001, 0.000012, 0.000000)",LeftFalse_RightFalse,False,"(-5.799211502075195, -0.0040207672864198685, -1.786362648010254)","(359.9558410644531, 87.78953552246094, 359.98211669921875)",0.268283,-0.086556,"(1.724002, -0.000022, 0.081988)",LeftTrue_RightFalse
21.205566,0.062042,"(10.247091293334961, 1.2009731531143188, 0.9485098123550415)","(4.914271831512451, 272.764404296875, 359.5467834472656)","(9.58450984954834, 0.8559628129005432, 0.733218789100647)","(-0.0006201993091963232, 88.22493743896484, 1.11993958853418e-05)","(10.388618469238281, -0.003922757692635059, 1.3686952590942383)","(0.0006202998920343816, 269.33343505859375, 8.008818213056657e-07)",-0.399119,-0.006287,"(-0.000001, 0.000008, 0.000000)",LeftFalse_RightFalse,False,"(-5.688505172729492, -0.004021893255412579, -1.7796204090118408)","(359.95587158203125, 87.68257904052734, 359.9670715332031)",0.272884,-0.138134,"(1.743322, -0.000019, 0.115134)",LeftTrue_RightFalse
21.264038,0.061324,"(10.246869087219238, 1.2009608745574951, 0.9485029578208923)","(4.945337295532227, 272.80352783203125, 359.541748046875)","(9.584508895874023, 0.8559629321098328, 0.733218789100647)","(-0.0006403257721103728, 88.22493743896484, 1.1511588127177674e-05)","(10.388618469238281, -0.003922370262444019, 1.3686952590942383)","(0.0006404286250472069, 269.33343505859375, 8.781091196397028e-07)",-0.399284,-0.006287,"(-0.000001, 0.000006, 0.000000)",LeftFalse_RightFalse,False,"(-5.586004257202148, -0.004022887907922268, -1.7712126970291138)","(359.9560852050781, 87.49700164794922, 359.9501647949219)",0.270964,-0.171413,"(1.761278, -0.000015, 0.153757)",LeftTrue_RightFalse
21.326294,0.061505,"(10.246770858764648, 1.2009556293487549, 0.9484999179840088)","(4.956723213195801, 272.827880859375, 359.5561828613281)","(9.584508895874023, 0.8559629321098328, 0.733218789100647)","(-0.0006585069349966943, 88.22493743896484, 1.200905808218522e-05)","(10.388618469238281, -0.0039221118204295635, 1.3686952590942383)","(0.0006586158997379243, 269.33343505859375, 7.324871376113151e-07)",-0.399433,-0.006287,"(-0.000001, 0.000003, 0.000000)",LeftFalse_RightFalse,False,"(-5.475768566131592, -0.004023650195449591, -1.7601593732833862)","(359.9563903808594, 87.22468566894531, 359.93548583984375)",0.275138,-0.221603,"(1.778924, -0.000014, 0.186969)",LeftTrue_RightFalse
21.385986,0.061132,"(10.246734619140625, 1.200953722000122, 0.9484988451004028)","(4.960850715637207, 272.8367004394531, 359.5614318847656)","(9.584508895874023, 0.855962872505188, 0.733218789100647)","(-0.0006713647162541747, 88.22493743896484, 1.2423125554050785e-05)","(10.388618469238281, -0.003921933937817812, 1.3686952590942383)","(0.0006714794435538352, 269.33343505859375, 5.67193580991443e-07)",-0.399567,-0.006287,"(0.000000, 0.000003, 0.000000)",LeftFalse_RightFalse,False,"(-5.369172096252441, -0.004024098161607981, -1.7471119165420532)","(359.9569091796875, 86.88092803955078, 359.92047119140625)",0.27705,-0.267601,"(1.793852, -0.000009, 0.230185)",LeftTrue_RightFalse
21.444824,0.060676,"(10.246720314025879, 1.2009528875350952, 0.9484983682632446)","(4.958041667938232, 272.7982482910156, 359.6029052734375)","(9.584508895874023, 0.8559628129005432, 0.733218789100647)","(-0.0006807699683122337, 88.22493743896484, 1.2900533874926623e-05)","(10.388618469238281, -0.003921842202544212, 1.3686952590942383)","(0.0006808921461924911, 269.33343505859375, 2.717547431529965e-07)",-0.399687,-0.006287,"(0.000000, 0.000002, 0.000000)",LeftFalse_RightFalse,False,"(-5.263188362121582, -0.004024272784590721, -1.7316217422485352)","(359.9576416015625, 86.45768737792969, 359.90533447265625)",0.279116,-0.315069,"(1.806950, -0.000003, 0.276235)",LeftTrue_RightFalse
21.507568,0.0611,"(10.24671459197998, 1.2009526491165161, 0.9484981894493103)","(4.956823348999023, 272.7813720703125, 359.5920104980469)","(9.584508895874023, 0.8559628129005432, 0.733218789100647)","(-0.0006881413282826543, 88.22493743896484, 1.3483985640050378e-05)","(10.388618469238281, -0.0039217486046254635, 1.3686952590942383)","(0.0006882734014652669, 269.33343505859375, -1.6896734678084613e-07)",-0.395828,-0.006287,"(0.000000, 0.000002, 0.000000)",LeftFalse_RightFalse,False,"(-5.14938497543335, -0.004024240653961897, -1.712024450302124)","(359.9586181640625, 85.9131088256836, 359.88922119140625)",0.286553,-0.362906,"(1.817474, 0.000000, 0.326641)",LeftTrue_RightFalse
21.567871,0.060926,"(10.246711730957031, 1.2009525299072266, 0.9484981298446655)","(4.920051097869873, 272.80230712890625, 359.6339416503906)","(9.584508895874023, 0.8559628129005432, 0.733218789100647)","(-0.0006928332732059062, 88.22493743896484, 1.3560666047851555e-05)","(10.388618469238281, -0.003921688999980688, 1.3686952590942383)","(0.0006929659866727889, 269.33343505859375, -1.5484548043787072e-07)",-0.395926,-0.006287,"(0.000000, 0.000001, 0.000000)",LeftFalse_RightFalse,False,"(-5.039682388305664, -0.004023856017738581, -1.6899160146713257)","(359.9597473144531, 85.2953109741211, 359.873291015625)",0.288461,-0.38534,"(1.825868, 0.000005, 0.381474)",LeftTrue_RightFalse
21.626587,0.060496,"(10.246710777282715, 1.2009526491165161, 0.9484980702400208)","(4.905774116516113, 272.8031921386719, 359.56854248046875)","(9.584508895874023, 0.8559628129005432, 0.733218789100647)","(-0.0006957469740882516, 88.22493743896484, 1.3945577848062385e-05)","(10.388618469238281, -0.003921660594642162, 1.3686952590942383)","(0.0006958865560591221, 269.33343505859375, -4.832700710721838e-07)",-0.392047,-0.006287,"(0.000000, 0.000001, 0.000000)",LeftFalse_RightFalse,False,"(-4.931993007659912, -0.0040234150364995, -1.6656041145324707)","(359.9604797363281, 84.6268310546875, 359.863037109375)",0.283699,-0.427199,"(1.837326, 0.000002, 0.426822)",LeftTrue_RightFalse
21.687012,0.060486,"(10.246710777282715, 1.2009525299072266, 0.9484981298446655)","(4.983094215393066, 272.8370361328125, 359.57977294921875)","(9.584508895874023, 0.8559627532958984, 0.733218789100647)","(-0.0006977982120588422, 88.22493743896484, 1.4289035789261106e-05)","(10.388618469238281, -0.0039216578006744385, 1.3686952590942383)","(0.0006979440222494304, 269.33343505859375, -7.870204967730388e-07)",-0.392126,-0.006287,"(0.000000, 0.000000, 0.000000)",LeftFalse_RightFalse,False,"(-4.820844650268555, -0.0040232036262750626, -1.6374757289886475)","(359.96148681640625, 83.86589813232422, 359.8519287109375)",0.291347,-0.462779,"(1.842004, 0.000003, 0.481754)",LeftTrue_RightFalse
21.748901,0.060754,"(10.246710777282715, 1.2009525299072266, 0.9484980702400208)","(5.002731800079346, 272.8415222167969, 359.5622863769531)","(9.584508895874023, 0.8559627532958984, 0.733218789100647)","(-0.0006991983973421156, 88.22493743896484, 1.3619342098536436e-05)","(10.388618469238281, -0.0039216578006744385, 1.3686952590942383)","(0.0006993309943936765, 269.33343505859375, -9.03330459323115e-08)",-0.392197,-0.006287,"(0.000000, 0.000000, 0.000000)",LeftFalse_RightFalse,False,"(-4.7069315910339355, -0.004022624343633652, -1.6051925420761108)","(359.9627685546875, 83.00727081298828, 359.8402099609375)",0.2764,-0.495106,"(1.848627, 0.000006, 0.552769)",LeftTrue_RightFalse
21.808716,0.060572,"(10.246710777282715, 1.2009525299072266, 0.9484980702400208)","(4.986617565155029, 272.8431396484375, 359.5662536621094)","(9.584508895874023, 0.8559627532958984, 0.733218789100647)","(-0.0006995209841988981, 88.22493743896484, 1.3851805306330789e-05)","(10.388618469238281, -0.0039216578006744385, 1.3686952590942383)","(0.0006996580632403493, 269.33343505859375, -3.165174007335736e-07)",-0.392261,-0.006287,"(0.000000, 0.000000, 0.000000)",LeftFalse_RightFalse,False,"(-4.596403121948242, -0.004022060427814722, -1.5708445310592651)","(359.9638671875, 82.11812591552734, 359.8319396972656)",0.293143,-0.50562,"(1.847945, 0.000010, 0.607654)",LeftTrue_RightFalse
21.87207,0.061124,"(10.246710777282715, 1.2009525299072266, 0.9484981894493103)","(4.9341583251953125, 272.8249206542969, 359.57452392578125)","(9.58450984954834, 0.8559627532958984, 0.7332189083099365)","(-0.0006998400785960257, 88.22493743896484, 1.3956572729512118e-05)","(10.388619422912598, -0.0039216578006744385, 1.3686953783035278)","(0.000699979136697948, 269.33343505859375, -4.1508386061650526e-07)",-0.392319,-0.006287,"(0.000000, 0.000000, 0.000000)",LeftFalse_RightFalse,False,"(-4.479312419891357, -0.004021371249109507, -1.5311404466629028)","(359.9649353027344, 81.1202163696289, 359.825927734375)",0.293814,-0.533487,"(1.853135, 0.000004, 0.655851)",LeftTrue_RightFalse
21.932129,0.060911,"(10.246709823608398, 1.2009525299072266, 0.9484980702400208)","(4.94423770904541, 272.8363037109375, 359.5565490722656)","(9.584508895874023, 0.8559627532958984, 0.733218789100647)","(-0.0006998955504968762, 88.22493743896484, 1.3467727512761485e-05)","(10.388618469238281, -0.0039216578006744385, 1.3686952590942383)","(0.0007000250625424087, 269.33343505859375, 7.46999830880668e-08)",-0.39237,-0.006287,"(0.000000, 0.000000, 0.000000)",LeftFalse_RightFalse,False,"(-4.368143081665039, -0.004021161235868931, -1.4902962446212769)","(359.96575927734375, 80.12452697753906, 359.8201599121094)",0.294988,-0.553692,"(1.851477, 0.000002, 0.712296)",LeftTrue_RightFalse
21.993652,0.061041,"(10.246709823608398, 1.2009525299072266, 0.9484980702400208)","(4.9483642578125, 272.8593444824219, 359.5406799316406)","(9.584508895874023, 0.8559627532958984, 0.733218789100647)","(-0.0006998653989285231, 88.22493743896484, 1.2947015420650132e-05)","(10.388618469238281, -0.0039216578006744385, 1.3686952590942383)","(0.0006999848410487175, 269.33343505859375, 5.947338195255725e-07)",-0.396384,-0.006287,"(0.000000, 0.000000, 0.000000)",LeftFalse_RightFalse,False,"(-4.254324913024902, -0.004020780324935913, -1.444925308227539)","(359.96673583984375, 79.04714965820312, 359.8132019042969)",0.299426,-0.570148,"(1.848517, 0.000000, 0.768285)",LeftTrue_RightFalse
22.055908,0.061281,"(10.246709823608398, 1.2009525299072266, 0.9484980702400208)","(4.945799350738525, 272.88226318359375, 359.5478210449219)","(9.584508895874023, 0.8559627532958984, 0.733218789100647)","(-0.0007000029436312616, 88.22493743896484, 1.3176404536352493e-05)","(10.388618469238281, -0.0039216578006744385, 1.3686952590942383)","(0.0007001269259490073, 269.33343505859375, 3.680283384710492e-07)",-0.317066,-0.006287,"(0.000000, 0.000000, 0.000000)",LeftFalse_RightFalse,False,"(-4.139445781707764, -0.004020650405436754, -1.3954862356185913)","(359.9676208496094, 77.90636444091797, 359.8067321777344)",0.301188,-0.571034,"(1.844972, 0.000002, 0.823899)",LeftTrue_RightFalse
22.119507,0.061747,"(10.246709823608398, 1.2009525299072266, 0.9484980702400208)","(4.936075687408447, 272.8691711425781, 359.5578918457031)","(9.584508895874023, 0.8559627532958984, 0.733218789100647)","(-0.0006999874021857977, 88.22493743896484, 1.3379451957007404e-05)","(10.388618469238281, -0.0039216578006744385, 1.3686952590942383)","(0.0007001152262091637, 269.33343505859375, 1.6474642450248211e-07)",-0.14648,-0.006287,"(0.000000, -0.000001, 0.000000)",LeftFalse_RightFalse,False,"(-4.0220947265625, -0.004020801745355129, -1.3415460586547852)","(359.9679260253906, 76.70538330078125, 359.80377197265625)",0.297997,-0.580933,"(1.846110, -0.000011, 0.872576)",LeftTrue_RightFalse
22.179077,0.061301,"(10.246709823608398, 1.2009525299072266, 0.9484980702400208)","(4.961724281311035, 272.849853515625, 359.5757751464844)","(9.584508895874023, 0.8559627532958984, 0.733218789100647)","(-0.0006999518373049796, 88.22493743896484, 1.3790523553325329e-05)","(10.388618469238281, -0.0039216578006744385, 1.3686952590942383)","(0.0007000876357778907, 269.33343505859375, -2.469242303959618e-07)",0.000307,-0.006256,"(0.000000, -0.000001, 0.000000)",LeftFalse_RightFalse,False,"(-3.912369728088379, -0.004021578934043646, -1.2879958152770996)","(359.9680480957031, 75.55557250976562, 359.8019714355469)",0.296409,-0.595613,"(1.842582, -0.000015, 0.924392)",LeftTrue_RightFalse
22.241455,0.061516,"(10.24601936340332, 1.2009528875350952, 0.9484743475914001)","(4.98624324798584, 272.8048095703125, 359.584716796875)","(9.584492683410645, 0.8559650778770447, 0.7332044839859009)","(-0.0005432518664747477, 88.22395324707031, 1.5202736904029734e-05)","(10.388589859008789, -0.003921617288142443, 1.3686946630477905)","(0.0005434442427940667, 269.33245849609375, -4.690361492976081e-06)",0.000276,-0.005707,"(-0.001446, 0.000000, -0.000027)",LeftFalse_RightFalse,False,"(-3.7978034019470215, -0.0040224092081189156, -1.2284493446350098)","(359.9685363769531, 74.3150405883789, 359.7981262207031)",0.304118,-0.606617,"(1.833571, -0.000011, 0.979942)",LeftTrue_RightFalse
22.299927,0.060909,"(10.245795249938965, 1.200952410697937, 0.9484666585922241)","(5.07431173324585, 272.8501281738281, 359.4946594238281)","(9.58450698852539, 0.8559626936912537, 0.7332027554512024)","(-0.000699480704497546, 88.22382354736328, 1.4633745195169467e-05)","(10.388605117797852, -0.003921760246157646, 1.36869478225708)","(0.0006996329175308347, 269.33233642578125, -1.0990563623636262e-06)",0.000248,-0.004883,"(0.001518, -0.000002, 0.000024)",LeftFalse_RightFalse,False,"(-3.6909537315368652, -0.004022784531116486, -1.1693195104599)","(359.96917724609375, 73.11665344238281, 359.7933349609375)",0.302323,-0.606066,"(1.823708, -0.000010, 1.036217)",LeftTrue_RightFalse
22.358765,0.060498,"(10.245705604553223, 1.200952410697937, 0.9484599828720093)","(5.045194149017334, 272.9964904785156, 359.4717712402344)","(9.584522247314453, 0.8559624552726746, 0.7331830859184265)","(-0.0007152567850425839, 88.22244262695312, 1.50484629557468e-05)","(10.388605117797852, -0.0039217472076416016, 1.3686946630477905)","(0.0007154140621423721, 269.3309326171875, -1.2084879017493222e-06)",0.000223,-0.00415,"(-0.001271, 0.000001, -0.000022)",LeftFalse_RightFalse,False,"(-3.583850622177124, -0.004023358691483736, -1.106773853302002)","(359.969482421875, 71.88821411132812, 359.79052734375)",0.298161,-0.609116,"(1.817128, -0.000014, 1.087407)",LeftTrue_RightFalse
22.418823,0.060421,"(10.24564266204834, 1.2015917301177979, 0.9490904808044434)","(5.006937503814697, 273.08056640625, 359.41522216796875)","(9.584525108337402, 0.8559634685516357, 0.73316490650177)","(-0.000653489027172327, 88.2211685180664, 1.5260915461112745e-05)","(10.388592720031738, -0.003921612165868282, 1.3686943054199219)","(0.000653661962132901, 269.32965087890625, -2.615880248413305e-06)",0.000201,-0.003967,"(-0.001037, 0.000001, -0.000018)",LeftFalse_RightFalse,False,"(-3.4749388694763184, -0.004024139605462551, -1.0398337841033936)","(359.9696350097656, 70.61687469482422, 359.7888488769531)",0.29976,-0.621863,"(1.807655, -0.000018, 1.139029)",LeftTrue_RightFalse
22.480591,0.060691,"(10.245576858520508, 1.20185387134552, 0.9493460655212402)","(4.96622371673584, 273.14019775390625, 359.3656921386719)","(9.584488868713379, 0.8559655547142029, 0.7331445813179016)","(-0.0005063247517682612, 88.21977233886719, 1.4834265130048152e-05)","(10.388538360595703, -0.003921711351722479, 1.368693470954895)","(0.0005065170698799193, 269.3282775878906, -5.036268703406677e-06)",0.000181,-0.003967,"(-0.001016, -0.000002, -0.000018)",LeftFalse_RightFalse,False,"(-3.3638925552368164, -0.004024934954941273, -0.9676105976104736)","(359.9701843261719, 69.28312683105469, 359.7848815917969)",0.307028,-0.633295,"(1.790797, -0.000010, 1.195816)",LeftTrue_RightFalse
22.53833,0.060104,"(10.24555492401123, 1.2019472122192383, 0.9500187039375305)","(5.014363765716553, 273.1285705566406, 359.25732421875)","(9.58449935913086, 0.8559637665748596, 0.7331287860870361)","(-0.0006238000351004303, 88.21866607666016, 1.46430465974845e-05)","(10.388538360595703, -0.0039217472076416016, 1.3686933517456055)","(0.0006239665672183037, 269.3271484375, -2.572446419435437e-06)",0.000163,-0.003967,"(-0.001173, 0.000001, -0.000018)",LeftFalse_RightFalse,False,"(-3.2611241340637207, -0.004025188274681568, -0.8967362642288208)","(359.97100830078125, 68.00334167480469, 359.7790222167969)",0.306725,-0.621726,"(1.771188, -0.000006, 1.254474)",LeftTrue_RightFalse
22.598022,0.060006,"(10.244889259338379, 1.2019882202148438, 0.9502929449081421)","(5.050652980804443, 273.0972900390625, 359.18695068359375)","(9.584458351135254, 0.8559645414352417, 0.7331255674362183)","(-0.0005651527317240834, 88.2184829711914, 1.298187726206379e-05)","(10.388494491577148, -0.003921792842447758, 1.3686925172805786)","(0.0005652981344610453, 269.32696533203125, -2.0461855001485674e-06)",0.000147,-0.003967,"(0.000953, -0.000001, 0.000013)",LeftFalse_RightFalse,False,"(-3.155817985534668, -0.004025692120194435, -0.820527970790863)","(359.97113037109375, 66.6694564819336, 359.7769470214844)",0.298837,-0.625251,"(1.761870, -0.000014, 1.303709)",LeftTrue_RightFalse
22.654785,0.059374,"(10.24462604522705, 1.2020035982131958, 0.9503998756408691)","(5.06110143661499, 272.9806213378906, 359.248046875)","(9.584434509277344, 0.855963408946991, 0.7331319451332092)","(-0.0006439655553549528, 88.21898651123047, 1.4020927665114868e-05)","(10.388477325439453, -0.0039218273013830185, 1.36869215965271)","(0.0006441162549890578, 269.3274841308594, -1.5603878864567378e-06)",0.000132,-0.003967,"(-0.000041, 0.000001, -0.000002)",LeftFalse_RightFalse,False,"(-3.056138515472412, -0.004026714246720076, -0.7450418472290039)","(359.9710693359375, 65.39045715332031, 359.7759704589844)",0.298564,-0.624227,"(1.744704, -0.000017, 1.356144)",LeftTrue_RightFalse
22.71582,0.059693,"(10.244475364685059, 1.2020113468170166, 0.950451135635376)","(5.0235915184021, 272.92425537109375, 359.2656555175781)","(9.584390640258789, 0.8559640049934387, 0.7331459522247314)","(-0.0006099852034822106, 88.22000122070312, 1.2876796972705051e-05)","(10.388444900512695, -0.003921660128980875, 1.3686916828155518)","(0.000610120187047869, 269.3284912109375, -1.0738350511019235e-06)",0.000119,-0.003967,"(-0.000199, 0.000002, -0.000005)",LeftFalse_RightFalse,False,"(-2.950279712677002, -0.0040277717635035515, -0.6609618663787842)","(359.9711608886719, 64.00743103027344, 359.77471923828125)",0.303266,-0.610954,"(1.726718, -0.000019, 1.407763)",LeftTrue_RightFalse
22.774292,0.059439,"(10.244368553161621, 1.2020139694213867, 0.9510909914970398)","(5.115911483764648, 273.11376953125, 359.1956481933594)","(9.58434772491455, 0.8559650778770447, 0.7331353425979614)","(-0.0005303765647113323, 88.21931457519531, 1.1832037671410944e-05)","(10.388392448425293, -0.00392173882573843, 1.3686907291412354)","(0.0005305061931721866, 269.32781982421875, -1.5693250361437094e-06)",0.000107,-0.003967,"(0.000848, -0.000001, 0.000013)",LeftFalse_RightFalse,False,"(-2.849665641784668, -0.0040290579199790955, -0.5775576829910278)","(359.9707946777344, 62.682926177978516, 359.77581787109375)",0.294108,-0.602521,"(1.715282, -0.000026, 1.454822)",LeftTrue_RightFalse
22.835205,0.059737,"(10.244285583496094, 1.2020153999328613, 0.9513689875602722)","(5.166623115539551, 273.244140625, 359.1237487792969)","(9.58428955078125, 0.8559657335281372, 0.7331355214118958)","(-0.000489165773615241, 88.21939086914062, 1.1597046977840364e-05)","(10.388335227966309, -0.003921687602996826, 1.3686898946762085)","(0.0004892986034974456, 269.327880859375, -2.1316200218279846e-06)",0.009223,-0.003967,"(0.000748, 0.000000, 0.000008)",LeftFalse_RightFalse,False,"(-2.7455101013183594, -0.004030928015708923, -0.48774057626724243)","(359.9701232910156, 61.31062698364258, 359.7784423828125)",0.294416,-0.590058,"(1.701068, -0.000034, 1.501191)",LeftTrue_RightFalse
22.895142,0.059783,"(10.24422836303711, 1.2020155191421509, 0.9514793157577515)","(5.101456165313721, 273.2887268066406, 359.1042175292969)","(9.584238052368164, 0.8559640645980835, 0.7331556677818298)","(-0.000603523978497833, 88.22085571289062, 1.1476750842120964e-05)","(10.388300895690918, -0.0039217667654156685, 1.3686894178390503)","(0.0006036330014467239, 269.329345703125, 2.0096301511784986e-07)",0.026553,-0.003967,"(-0.001565, -0.000003, -0.000020)",LeftFalse_RightFalse,False,"(-2.643799066543579, -0.00403326191008091, -0.39658915996551514)","(359.9693298339844, 59.971683502197266, 359.7817687988281)",0.291548,-0.577328,"(1.688098, -0.000038, 1.545969)",LeftTrue_RightFalse
22.953857,0.059572,"(10.244019508361816, 1.2014282941818237, 0.9515233635902405)","(5.164458274841309, 273.1801452636719, 359.0460205078125)","(9.584023475646973, 0.8559695482254028, 0.7331780791282654)","(-0.00019343160965945572, 88.22262573242188, 5.8714463193609845e-06)","(10.388100624084473, -0.0039220466278493404, 1.3686869144439697)","(0.00019350899674464017, 269.33111572265625, -2.128278538293671e-06)",0.054452,-0.003967,"(-0.004566, -0.000009, -0.000060)",LeftFalse_RightFalse,False,"(-2.544947862625122, -0.004035541787743568, -0.30476459860801697)","(359.9684753417969, 58.675689697265625, 359.7854919433594)",0.287502,-0.54843,"(1.674917, -0.000040, 1.589626)",LeftTrue_RightFalse
23.016235,0.060137,"(10.243433952331543, 1.2011730670928955, 0.9515362977981567)","(5.199557304382324, 272.99127197265625, 359.08721923828125)","(9.583429336547852, 0.855985701084137, 0.7331833839416504)","(0.0009957351721823215, 88.22357940673828, -8.812512533040717e-06)","(10.38749885559082, -0.0039228713139891624, 1.3686785697937012)","(-0.000995719339698553, 269.3320617675781, -1.0452316018927377e-05)",0.090671,-0.003967,"(-0.012631, -0.000022, -0.000169)",LeftFalse_RightFalse,False,"(-2.4404220581054688, -0.0040385001339018345, -0.20468394458293915)","(359.9671325683594, 57.33172607421875, 359.79290771484375)",0.282599,-0.52814,"(1.671061, -0.000048, 1.626023)",LeftTrue_RightFalse
23.078369,0.06053,"(10.242228507995605, 1.2010796070098877, 0.9515298008918762)","(5.160488128662109, 272.8246765136719, 359.1111755371094)","(9.582209587097168, 0.8560106754302979, 0.7331811785697937)","(0.00288065685890615, 88.22456359863281, -3.676687992992811e-05)","(10.386261940002441, -0.00392458401620388, 1.3686619997024536)","(-0.0028808291535824537, 269.33306884765625, -1.8968115909956396e-05)",0.121681,-0.003967,"(-0.026952, -0.000036, -0.000364)",LeftFalse_RightFalse,False,"(-2.3367362022399902, -0.004042027983814478, -0.10273207724094391)","(359.9655456542969, 56.038330078125, 359.8018798828125)",0.280013,-0.508386,"(1.664459, -0.000055, 1.662643)",LeftTrue_RightFalse
23.142578,0.061264,"(10.240025520324707, 1.2010457515716553, 0.9515049457550049)","(5.066887378692627, 272.744873046875, 359.134033203125)","(9.579988479614258, 0.8560452461242676, 0.7331613302230835)","(0.005532406736165285, 88.22525787353516, -7.71389459259808e-05)","(10.384008407592773, -0.00392775097861886, 1.3686318397521973)","(-0.005532863549888134, 269.333740234375, -2.990354369103443e-05)",0.150384,-0.003967,"(-0.042886, -0.000057, -0.000571)",LeftFalse_RightFalse,False,"(-2.2300291061401367, -0.0040455893613398075, 0.00513217831030488)","(359.964111328125, 54.74275588989258, 359.8102111816406)",0.280754,-0.475815,"(1.656896, -0.000054, 1.698729)",LeftTrue_RightFalse
23.206909,0.061893,"(10.236449241638184, 1.2003799676895142, 0.9514603018760681)","(5.161597728729248, 272.7898864746094, 359.07366943359375)","(9.576388359069824, 0.8560928106307983, 0.7331230044364929)","(0.009175633080303669, 88.22591400146484, -0.00013253919314593077)","(10.38036060333252, -0.0039319125935435295, 1.36858332157135)","(359.9908142089844, 269.33441162109375, -4.499403803492896e-05)",0.177009,-0.003967,"(-0.064576, -0.000074, -0.000854)",LeftFalse_RightFalse,False,"(-2.123137950897217, -0.004049435257911682, 0.11558765172958374)","(359.9624328613281, 53.500301361083984, 359.8209533691406)",0.275054,-0.4501,"(1.657240, -0.000057, 1.729378)",LeftTrue_RightFalse
23.268311,0.061787,"(10.231521606445312, 1.2001574039459229, 0.9513922929763794)","(5.128845691680908, 272.83221435546875, 359.0877990722656)","(9.571440696716309, 0.856143057346344, 0.7330407500267029)","(0.013074416667222977, 88.22474670410156, -0.00019055910524912179)","(10.37534236907959, -0.003937068860977888, 1.3685166835784912)","(359.9869384765625, 269.333251953125, -6.241009396035224e-05)",0.200973,-0.003967,"(-0.088696, -0.000088, -0.001174)",LeftFalse_RightFalse,False,"(-2.0213615894317627, -0.00405306788161397, 0.22276535630226135)","(359.9608459472656, 52.37554931640625, 359.83160400390625)",0.270259,-0.430028,"(1.655851, -0.000057, 1.759351)",LeftTrue_RightFalse
23.330566,0.061867,"(10.224837303161621, 1.200073003768921, 0.9513013362884521)","(5.147650241851807, 272.88226318359375, 359.07574462890625)","(9.564737319946289, 0.8561933636665344, 0.7329369187355042)","(0.017015261575579643, 88.22367095947266, -0.0002484072756487876)","(10.36856746673584, -0.003942836541682482, 1.3684269189834595)","(359.98297119140625, 269.3321533203125, -8.081084524746984e-05)",0.223333,-0.003967,"(-0.127399, -0.000094, -0.001691)",LeftFalse_RightFalse,False,"(-1.9184890985488892, -0.004056727979332209, 0.3333742618560791)","(359.959716796875, 51.284385681152344, 359.840087890625)",0.255018,-0.419005,"(1.645890, -0.000050, 1.801999)",LeftTrue_RightFalse
23.394165,0.062219,"(10.21605110168457, 1.200042963027954, 0.9511824250221252)","(5.137933731079102, 272.87139892578125, 359.08880615234375)","(9.555931091308594, 0.8562435507774353, 0.7328067421913147)","(0.02096654660999775, 88.22272491455078, -0.0003086908836849034)","(10.359691619873047, -0.003948758356273174, 1.3683090209960938)","(359.9790344238281, 269.3312072753906, -9.697835048427805e-05)",0.243457,-0.003967,"(-0.158579, -0.000094, -0.002105)",LeftFalse_RightFalse,False,"(-1.814072608947754, -0.004059525206685066, 0.4488007128238678)","(359.95941162109375, 50.19484329223633, 359.8434143066406)",0.275863,-0.394485,"(1.631830, -0.000031, 1.834257)",LeftTrue_RightFalse
23.455566,0.062065,"(10.20545768737793, 1.2000353336334229, 0.951040506362915)","(5.16949987411499, 272.71832275390625, 359.10028076171875)","(9.545316696166992, 0.856293797492981, 0.7326568961143494)","(0.024915071204304695, 88.2220687866211, -0.00036698931944556534)","(10.349010467529297, -0.0039545767940580845, 1.3681674003601074)","(359.97509765625, 269.33056640625, -0.00011507935414556414)",0.261569,-0.004181,"(-0.192243, -0.000093, -0.002551)",LeftFalse_RightFalse,False,"(-1.713832139968872, -0.0040613324381411076, 0.562244713306427)","(359.95916748046875, 49.17745590209961, 359.847412109375)",0.270142,-0.377511,"(1.627111, -0.000027, 1.864174)",LeftTrue_RightFalse
23.515869,0.061697,"(10.19300651550293, 1.2000343799591064, 0.9508724808692932)","(5.150520324707031, 272.63201904296875, 359.0895690917969)","(9.532848358154297, 0.8563368916511536, 0.7324783205986023)","(0.028330804780125618, 88.22119140625, -0.0004136008210480213)","(10.336481094360352, -0.003960057627409697, 1.3680002689361572)","(359.9716796875, 269.3296813964844, -0.00013455441512633115)",0.27787,-0.004913,"(-0.226722, -0.000087, -0.003025)",LeftFalse_RightFalse,False,"(-1.6159367561340332, -0.004063105210661888, 0.6752508878707886)","(359.9585876464844, 48.22019958496094, 359.8522033691406)",0.266518,-0.378925,"(1.620329, -0.000029, 1.893757)",LeftTrue_RightFalse
23.580811,0.06236,"(10.176393508911133, 1.2000367641448975, 0.9506328105926514)","(5.224275588989258, 272.69573974609375, 359.0431823730469)","(9.516890525817871, 0.8563824892044067, 0.7322443127632141)","(0.031899064779281616, 88.21992492675781, -0.0004356980789452791)","(10.320455551147461, -0.003965494688600302, 1.3677828311920166)","(359.9681091308594, 269.32843017578125, -0.00018149029347114265)",0.29254,-0.005829,"(-0.265330, -0.000082, -0.003616)",LeftFalse_RightFalse,False,"(-1.5111782550811768, -0.004064974840730429, 0.7994728088378906)","(359.9584045410156, 47.20780944824219, 359.8528137207031)",0.27641,-0.372899,"(1.602035, -0.000022, 1.928680)",LeftTrue_RightFalse
23.640503,0.061816,"(10.159136772155762, 1.2000402212142944, 0.9503858089447021)","(5.23933219909668, 272.7088623046875, 359.01116943359375)","(9.499837875366211, 0.8564227819442749, 0.7319848537445068)","(0.03502867743372917, 88.21829986572266, -0.00042583970935083926)","(10.303338050842285, -0.003970293793827295, 1.367544412612915)","(359.9649658203125, 269.3267822265625, -0.0002518933033570647)",0.306141,-0.006073,"(-0.305270, -0.000077, -0.004273)",LeftFalse_RightFalse,False,"(-1.416166067123413, -0.004066267050802708, 0.9156064987182617)","(359.9584045410156, 46.28523254394531, 359.8508605957031)",0.273562,-0.366626,"(1.585246, -0.000022, 1.963926)",LeftTrue_RightFalse
23.701172,0.061603,"(10.139206886291504, 1.200043797492981, 0.9500988721847534)","(5.215094566345215, 272.708740234375, 358.98956298828125)","(9.479986190795898, 0.8564614653587341, 0.7316770553588867)","(0.038040194660425186, 88.2162857055664, -0.0004275689134374261)","(10.283418655395508, -0.003974827937781811, 1.3672633171081543)","(359.9619445800781, 269.32476806640625, -0.0003084241470787674)",0.320761,-0.006073,"(-0.346849, -0.000075, -0.004904)",LeftFalse_RightFalse,False,"(-1.3204069137573242, -0.0040674274787306786, 1.0360230207443237)","(359.9583435058594, 45.353660583496094, 359.84881591796875)",0.273638,-0.372885,"(1.568227, -0.000022, 1.998192)",LeftTrue_RightFalse
23.761475,0.061328,"(10.11691665649414, 1.2000470161437988, 0.9497767686843872)","(5.205331802368164, 272.69659423828125, 358.9921569824219)","(9.457721710205078, 0.8564974665641785, 0.7313292622566223)","(0.04086848720908165, 88.2140121459961, -0.00045051073539070785)","(10.261086463928223, -0.003979119937866926, 1.3669466972351074)","(359.9591369628906, 269.322509765625, -0.0003401988360565156)",0.339855,-0.006104,"(-0.390251, -0.000070, -0.005536)",LeftFalse_RightFalse,False,"(-1.22682523727417, -0.004068454727530479, 1.1576297283172607)","(359.9585266113281, 44.425907135009766, 359.84429931640625)",0.277639,-0.377916,"(1.542993, -0.000017, 2.036037)",LeftTrue_RightFalse
23.82373,0.061512,"(10.09106159210205, 1.2000502347946167, 0.9494023323059082)","(5.199616432189941, 272.6541748046875, 359.00018310546875)","(9.43187427520752, 0.8565341234207153, 0.7309243679046631)","(0.04373443126678467, 88.21134948730469, -0.0004831209371332079)","(10.235166549682617, -0.003983397968113422, 1.3665781021118164)","(359.9562683105469, 269.3198547363281, -0.00036304231616668403)",0.362509,-0.00647,"(-0.436138, -0.000067, -0.006210)",LeftFalse_RightFalse,False,"(-1.1318035125732422, -0.004069254733622074, 1.2857705354690552)","(359.9588623046875, 43.45133590698242, 359.83758544921875)",0.281423,-0.382089,"(1.515260, -0.000014, 2.075026)",LeftTrue_RightFalse
23.881714,0.06081,"(10.064205169677734, 1.2000538110733032, 0.9490094780921936)","(5.215068340301514, 272.6966857910156, 358.9716796875)","(9.405016899108887, 0.8565697073936462, 0.7304978966712952)","(0.04649531468749046, 88.20845794677734, -0.0004920922219753265)","(10.208235740661621, -0.003987334668636322, 1.3661911487579346)","(359.9534912109375, 269.31695556640625, -0.0004074868920724839)",0.386022,-0.006775,"(-0.485046, -0.000068, -0.006992)",LeftFalse_RightFalse,False,"(-1.0449326038360596, -0.004069851711392403, 1.407451868057251)","(359.95916748046875, 42.5272216796875, 359.8309631347656)",0.279123,-0.395445,"(1.486344, -0.000013, 2.114457)",LeftTrue_RightFalse
23.942749,0.06086,"(10.032879829406738, 1.2000577449798584, 0.9485455751419067)","(5.220052242279053, 272.7132263183594, 358.9588928222656)","(9.373689651489258, 0.856609582901001, 0.7299929261207581)","(0.04958029091358185, 88.2049331665039, -0.0004907232359983027)","(10.176822662353516, -0.00399169372394681, 1.3657341003417969)","(359.9504089355469, 269.31341552734375, -0.00046853345702402294)",0.409919,-0.006805,"(-0.537109, -0.000074, -0.007836)",LeftFalse_RightFalse,False,"(-0.9555339813232422, -0.004070259630680084, 1.5380187034606934)","(359.9596862792969, 41.52765655517578, 359.8220520019531)",0.285405,-0.43487,"(1.449527, -0.000010, 2.155974)",LeftTrue_RightFalse
24.006836,0.061506,"(9.996421813964844, 1.199380874633789, 0.9480011463165283)","(5.275812149047852, 272.70220947265625, 358.9154968261719)","(9.337227821350098, 0.8566544651985168, 0.7293999791145325)","(0.05305131897330284, 88.20075225830078, -0.0005072435596957803)","(10.140262603759766, -0.003996475134044886, 1.3651982545852661)","(359.94696044921875, 269.3092346191406, -0.0005191696109250188)",0.431816,-0.006805,"(-0.592389, -0.000078, -0.008694)",LeftFalse_RightFalse,False,"(-0.8651172518730164, -0.004069913178682327, 1.6781986951828003)","(359.9612121582031, 40.40644454956055, 359.80389404296875)",0.300816,-0.457886,"(1.390732, 0.000004, 2.205351)",LeftTrue_RightFalse
24.065918,0.061019,"(9.95934009552002, 1.1991593837738037, 0.9474444389343262)","(5.279444217681885, 272.75177001953125, 358.9793395996094)","(9.300143241882324, 0.8566978573799133, 0.7287938594818115)","(0.05643249675631523, 88.19650268554688, -0.0005350311403162777)","(10.103079795837402, -0.004001404624432325, 1.3646506071090698)","(359.9435729980469, 269.30499267578125, -0.0005567973712459207)",0.451523,-0.006805,"(-0.650593, -0.000085, -0.009596)",LeftFalse_RightFalse,False,"(-0.7853396534919739, -0.004068836569786072, 1.8104052543640137)","(359.9627990722656, 39.296512603759766, 359.78466796875)",0.301289,-0.483737,"(1.333148, 0.000011, 2.254950)",LeftTrue_RightFalse
24.127197,0.06106,"(9.917252540588379, 1.1990677118301392, 0.9468093514442444)","(5.2616658210754395, 272.64422607421875, 359.0234680175781)","(9.258051872253418, 0.8567436337471008, 0.7281026244163513)","(0.060025379061698914, 88.19166564941406, -0.0005660788738168776)","(10.060881614685059, -0.0040068188682198524, 1.3640259504318237)","(359.9399719238281, 269.3001708984375, -0.0005952605279162526)",0.469651,-0.006836,"(-0.711394, -0.000092, -0.010548)",LeftFalse_RightFalse,False,"(-0.7063753604888916, -0.004067545756697655, 1.950449824333191)","(359.96441650390625, 38.07307815551758, 359.7650146484375)",0.305893,-0.504031,"(1.270143, 0.000015, 2.304207)",LeftTrue_RightFalse
24.190186,0.061449,"(9.869889259338379, 1.1990336179733276, 0.9454558491706848)","(5.244590759277344, 272.582763671875, 359.02508544921875)","(9.210667610168457, 0.8567906022071838, 0.7273200750350952)","(0.06372550129890442, 88.18622589111328, -0.0005913687054999173)","(10.013381004333496, -0.004012699238955975, 1.3633183240890503)","(359.936279296875, 269.2947082519531, -0.000641554594039917)",0.486747,-0.00705,"(-0.795528, -0.000095, -0.011894)",LeftFalse_RightFalse,False,"(-0.6292473673820496, -0.004066204186528921, 2.097715377807617)","(359.9659729003906, 36.74291229248047, 359.7471008300781)",0.296443,-0.511173,"(1.188113, 0.000013, 2.367226)",LeftTrue_RightFalse
24.251465,0.061425,"(9.819711685180664, 1.1990234851837158, 0.9444589018821716)","(5.258418083190918, 272.54766845703125, 359.0628356933594)","(9.160484313964844, 0.8568339347839355, 0.7264834642410278)","(0.06714234501123428, 88.18036651611328, -0.000591665506362915)","(9.963081359863281, -0.004018454346805811, 1.3625621795654297)","(359.932861328125, 269.2888488769531, -0.0007073552114889026)",0.504867,-0.007385,"(-0.860760, -0.000095, -0.013012)",LeftFalse_RightFalse,False,"(-0.5577971339225769, -0.004065211396664381, 2.2438886165618896)","(359.9668884277344, 35.40638732910156, 359.736328125)",0.303058,-0.518105,"(1.131381, 0.000006, 2.409833)",LeftTrue_RightFalse
24.315186,0.061879,"(9.763195991516113, 1.199021577835083, 0.9434899091720581)","(5.274848461151123, 272.53790283203125, 359.02508544921875)","(9.103971481323242, 0.8568776249885559, 0.7255263328552246)","(0.07058732211589813, 88.17350006103516, -0.0005534958327189088)","(9.906440734863281, -0.004024592228233814, 1.3616989850997925)","(359.9294128417969, 269.281982421875, -0.0008121693390421569)",0.521176,-0.007721,"(-0.928370, -0.000095, -0.014243)",LeftFalse_RightFalse,False,"(-0.4873608946800232, -0.004064945969730616, 2.398500680923462)","(359.9675598144531, 33.986244201660156, 359.72918701171875)",0.305625,-0.512649,"(1.073762, -0.000004, 2.452002)",LeftTrue_RightFalse
24.37854,0.062165,"(9.702446937561035, 1.1990233659744263, 0.9424982070922852)","(5.330352306365967, 272.5616760253906, 359.0163269042969)","(9.043231010437012, 0.8569207787513733, 0.724478006362915)","(0.0739574283361435, 88.16578674316406, -0.0004843602073378861)","(9.845563888549805, -0.004030510783195496, 1.3607559204101562)","(359.9260559082031, 269.2742919921875, -0.0009464889881201088)",0.535854,-0.007721,"(-0.998089, -0.000097, -0.015558)",LeftFalse_RightFalse,False,"(-0.42089182138442993, -0.004065465647727251, 2.554910659790039)","(359.9675598144531, 32.55746841430664, 359.7266845703125)",0.300222,-0.495575,"(1.023929, -0.000016, 2.491985)",LeftTrue_RightFalse
24.441528,0.062333,"(9.637324333190918, 1.1990258693695068, 0.9414451122283936)","(5.310817718505859, 272.58795166015625, 359.01739501953125)","(8.978119850158691, 0.8569623827934265, 0.7233389616012573)","(0.07724277675151825, 88.15734100341797, -0.000442755437688902)","(9.780309677124023, -0.004036519676446915, 1.3597328662872314)","(359.9227600097656, 269.2658386230469, -0.0010516400216147304)",0.547892,-0.007721,"(-1.069676, -0.000097, -0.016836)",LeftFalse_RightFalse,False,"(-0.3576015532016754, -0.004067141562700272, 2.7130608558654785)","(359.9666748046875, 31.148948669433594, 359.7310791015625)",0.292597,-0.485479,"(0.984604, -0.000031, 2.528409)",LeftTrue_RightFalse
24.502686,0.062117,"(9.569418907165527, 1.1990282535552979, 0.9403440952301025)","(5.3089919090271, 272.57147216796875, 359.041259765625)","(8.910229682922363, 0.8570009469985962, 0.7221401333808899)","(0.08032528311014175, 88.14852905273438, -0.00042398241930641234)","(9.712275505065918, -0.004042403306812048, 1.3586556911468506)","(359.919677734375, 269.25701904296875, -0.0011300405021756887)",0.556773,-0.007721,"(-1.142724, -0.000096, -0.018153)",LeftFalse_RightFalse,False,"(-0.29862964153289795, -0.004069618880748749, 2.869060516357422)","(359.965576171875, 29.80310821533203, 359.7380676269531)",0.29025,-0.478257,"(0.943044, -0.000040, 2.562786)",LeftTrue_RightFalse
24.56189,0.061522,"(9.499480247497559, 1.1990301609039307, 0.939202606678009)","(5.288036346435547, 272.5359191894531, 359.0434875488281)","(8.840309143066406, 0.8570355772972107, 0.7208951711654663)","(0.0831277072429657, 88.13944244384766, -0.00040972503484226763)","(9.6422119140625, -0.004048120696097612, 1.3575363159179688)","(359.9168701171875, 269.2479248046875, -0.0011985059827566147)",0.562422,-0.007721,"(-1.216745, -0.000097, -0.019513)",LeftFalse_RightFalse,False,"(-0.24427537620067596, -0.00407222518697381, 3.021693706512451)","(359.9647521972656, 28.52058982849121, 359.7439880371094)",0.289468,-0.462625,"(0.898512, -0.000043, 2.595980)",LeftTrue_RightFalse
24.623291,0.061496,"(9.421684265136719, 1.1990326642990112, 0.9379115104675293)","(5.279179096221924, 272.53765869140625, 359.0668029785156)","(8.763163566589355, 0.8570679426193237, 0.7195093631744385)","(0.08577708899974823, 88.12943267822266, -0.00038869085256010294)","(9.56491470336914, -0.004053989425301552, 1.3562891483306885)","(359.91424560546875, 269.2379150390625, -0.001270793261937797)",0.55696,-0.007996,"(-1.291228, -0.000094, -0.020913)",LeftFalse_RightFalse,False,"(-0.19037571549415588, -0.004074900411069393, 3.182109832763672)","(359.9638366699219, 27.21342658996582, 359.75091552734375)",0.287339,-0.460843,"(0.859371, -0.000042, 2.627424)",LeftTrue_RightFalse
24.683228,0.06119,"(9.341591835021973, 1.1990339756011963, 0.9365715980529785)","(5.319715976715088, 272.5071716308594, 359.0609130859375)","(8.68333625793457, 0.8570940494537354, 0.7180551886558533)","(0.0879167914390564, 88.11886596679688, -0.00031322523136623204)","(9.48493766784668, -0.004059368744492531, 1.3549805879592896)","(359.9120788574219, 269.22735595703125, -0.001387643744237721)",0.534992,-0.009827,"(-1.364425, -0.000088, -0.022442)",LeftFalse_RightFalse,False,"(-0.14046761393547058, -0.00407751277089119, 3.3406989574432373)","(359.9632873535156, 25.951650619506836, 359.7549133300781)",0.288392,-0.472799,"(0.811413, -0.000037, 2.658289)",LeftTrue_RightFalse
24.744995,0.061296,"(9.254881858825684, 1.19903564453125, 0.9350710511207581)","(5.392333984375, 272.3887023925781, 359.1570739746094)","(8.596765518188477, 0.8571129441261292, 0.7164048552513123)","(0.0892820805311203, 88.10575866699219, 7.796696445439011e-05)","(9.398200988769531, -0.0040642619132995605, 1.3535069227218628)","(359.9107360839844, 269.2142333984375, -0.001805169740691781)",0.48546,-0.011749,"(-1.433680, -0.000073, -0.024663)",LeftFalse_RightFalse,False,"(-0.09270461648702621, -0.004079395439475775, 3.505857467651367)","(359.9635314941406, 24.639232635498047, 359.7520446777344)",0.297084,-0.489857,"(0.749435, -0.000027, 2.688814)",LeftTrue_RightFalse
24.809937,0.062042,"(9.158509254455566, 1.1999332904815674, 0.9333032369613647)","(5.382011413574219, 272.444580078125, 359.2030029296875)","(8.501175880432129, 0.8571135997772217, 0.7144580483436584)","(0.08909738063812256, 88.08843994140625, 0.0007476831669919193)","(9.302422523498535, -0.00406806543469429, 1.3517924547195435)","(359.9109191894531, 269.1969299316406, -0.0024711941368877888)",0.436914,-0.013214,"(-1.514700, -0.000038, -0.027681)",LeftFalse_RightFalse,False,"(-0.047128334641456604, -0.004080118611454964, 3.681973695755005)","(359.9645690917969, 23.214033126831055, 359.74176025390625)",0.294265,-0.480705,"(0.655401, -0.000005, 2.729049)",LeftTrue_RightFalse
24.868164,0.061264,"(9.069273948669434, 1.200212001800537, 0.9316001534461975)","(5.309747219085693, 272.41998291015625, 359.2257080078125)","(8.41224193572998, 0.8570961356163025, 0.712553858757019)","(0.08758120238780975, 88.07051086425781, 0.0012975871795788407)","(9.213312149047852, -0.0040696184150874615, 1.3501315116882324)","(359.9124450683594, 269.17901611328125, -0.0029916660860180855)",0.393223,-0.013306,"(-1.549745, -0.000015, -0.029263)",LeftFalse_RightFalse,False,"(-0.010152759030461311, -0.004080352373421192, 3.8412113189697266)","(359.9651184082031, 21.92094612121582, 359.73565673828125)",0.307077,-0.471003,"(0.618442, -0.000007, 2.747991)",LeftTrue_RightFalse
24.930542,0.061504,"(8.970553398132324, 1.2003321647644043, 0.929646372795105)","(5.443899154663086, 272.2384033203125, 359.0867919921875)","(8.313725471496582, 0.8570515513420105, 0.7103574275970459)","(0.0841081365942955, 88.0492172241211, 0.0017224967014044523)","(9.11461067199707, -0.004068935755640268, 1.3482282161712646)","(359.91595458984375, 269.15771484375, -0.0033492972142994404)",0.3539,-0.013428,"(-1.609551, 0.000036, -0.031469)",LeftFalse_RightFalse,False,"(0.026312658563256264, -0.004081239458173513, 4.014097690582275)","(359.96466064453125, 20.54465103149414, 359.73541259765625)",0.274115,-0.449325,"(0.548169, -0.000024, 2.787344)",LeftTrue_RightFalse
24.989014,0.060896,"(8.875703811645508, 1.2003692388534546, 0.9283462762832642)","(5.459517955780029, 272.1279296875, 359.0450134277344)","(8.219037055969238, 0.8569967746734619, 0.7081978917121887)","(0.07994431257247925, 88.0284194946289, 0.0019219128880649805)","(9.019753456115723, -0.004066114313900471, 1.3463581800460815)","(359.92010498046875, 269.13690185546875, -0.0034681258257478476)",0.31851,-0.015106,"(-1.647548, 0.000067, -0.032902)",LeftFalse_RightFalse,False,"(0.057601604610681534, -0.004082904662936926, 4.177504062652588)","(359.9638366699219, 19.277812957763672, 359.7397155761719)",0.28195,-0.442492,"(0.505916, -0.000031, 2.810381)",LeftTrue_RightFalse
25.050659,0.061046,"(8.773504257202148, 1.2003812789916992, 0.9264824390411377)","(5.320343971252441, 271.9302673339844, 359.0084533691406)","(8.116984367370605, 0.8569316267967224, 0.7057912945747375)","(0.07484693825244904, 88.00487518310547, 0.0022568325512111187)","(8.91751480102539, -0.004061665385961533, 1.3442782163619995)","(359.9252014160156, 269.1133728027344, -0.0037043767515569925)",0.286659,-0.018158,"(-1.679346, 0.000088, -0.034980)",LeftFalse_RightFalse,False,"(0.08777445554733276, -0.004085025284439325, 4.351217269897461)","(359.9632263183594, 17.976137161254883, 359.74627685546875)",0.287724,-0.423517,"(0.456552, -0.000031, 2.833163)",LeftTrue_RightFalse
25.109131,0.060533,"(8.674851417541504, 1.200384497642517, 0.9244093894958496)","(5.384763240814209, 271.70660400390625, 358.9768371582031)","(8.018470764160156, 0.8568695783615112, 0.7033201456069946)","(0.06961484998464584, 87.97907257080078, 0.002980312565341592)","(8.818792343139648, -0.004056278150528669, 1.3421597480773926)","(359.9304504394531, 269.0875549316406, -0.004326504189521074)",0.257993,-0.020081,"(-1.705546, 0.000102, -0.037891)",LeftFalse_RightFalse,False,"(0.11373034119606018, -0.004087085835635662, 4.517354488372803)","(359.9625244140625, 16.769346237182617, 359.7531433105469)",0.28005,-0.40988,"(0.414879, -0.000036, 2.856327)",LeftTrue_RightFalse
25.170654,0.060716,"(8.569720268249512, 1.2003852128982544, 0.9219900369644165)","(5.4715375900268555, 271.58465576171875, 358.8802795410156)","(7.91349983215332, 0.8568047881126404, 0.7004919648170471)","(0.06396295875310898, 87.94751739501953, 0.0039010874461382627)","(8.713555335998535, -0.004049792420119047, 1.3397613763809204)","(359.9361267089844, 269.0559997558594, -0.005137759260833263)",0.232194,-0.021576,"(-1.726735, 0.000110, -0.040536)",LeftFalse_RightFalse,False,"(0.13839982450008392, -0.004089588299393654, 4.693301200866699)","(359.96160888671875, 15.538863182067871, 359.76116943359375)",0.280793,-0.079359,"(0.372439, -0.000038, 2.877222)",LeftTrue_RightFalse
25.229248,0.06029,"(8.468378067016602, 1.2003834247589111, 0.9194999933242798)","(5.489370346069336, 271.5742492675781, 358.9884338378906)","(7.812320709228516, 0.8567425012588501, 0.6975995898246765)","(0.058607347309589386, 87.91407012939453, 0.0046585192903876305)","(8.612083435058594, -0.00404327642172575, 1.337327480316162)","(359.9414978027344, 269.0225524902344, 359.99420166015625)",0.208975,-0.021942,"(-1.743420, 0.000111, -0.042959)",LeftFalse_RightFalse,False,"(0.16586560010910034, -0.004093633033335209, 4.861093997955322)","(359.9593200683594, 14.668142318725586, 359.83441162109375)",0.292681,-0.077397,"(0.570010, -0.000052, 2.855688)",LeftTrue_RightFalse
25.291504,0.060697,"(8.359615325927734, 1.2010889053344727, 0.916694164276123)","(5.232171058654785, 271.4451599121094, 358.9909973144531)","(7.703738212585449, 0.8566753268241882, 0.6943507790565491)","(0.05310279503464699, 87.87614440917969, 0.005138054955750704)","(8.50316047668457, -0.004036483820527792, 1.3346039056777954)","(359.947021484375, 268.984619140625, 359.99383544921875)",0.188077,-0.021942,"(-1.756076, 0.000111, -0.044790)",LeftFalse_RightFalse,False,"(0.2032945156097412, -0.0040982794016599655, 5.03908634185791)","(359.9560241699219, 14.224702835083008, 359.9296569824219)",0.279555,-0.075639,"(0.615291, -0.000070, 2.863889)",LeftTrue_RightFalse
25.350952,0.060445,"(8.255230903625488, 1.2013376951217651, 0.9139074683189392)","(5.133546829223633, 271.24761962890625, 359.0978698730469)","(7.599527359008789, 0.8566117286682129, 0.6911377906799316)","(0.04812169820070267, 87.83908081054688, 0.005270855501294136)","(8.39861011505127, -0.004029982257634401, 1.3319085836410522)","(359.9519958496094, 268.94757080078125, 359.9938049316406)",0.169269,-0.021942,"(-1.765116, 0.000105, -0.046264)",LeftFalse_RightFalse,False,"(0.2404262125492096, -0.004102901555597782, 5.2095136642456055)","(359.95361328125, 13.937833786010742, 359.9747009277344)",0.279165,-0.073424,"(0.624827, -0.000072, 2.876095)",LeftTrue_RightFalse
25.416016,0.061362,"(8.141221046447754, 1.201442837715149, 0.9093819260597229)","(5.091101169586182, 270.95172119140625, 359.15289306640625)","(7.484991550445557, 0.8565447926521301, 0.6875203847885132)","(0.04304760321974754, 87.79821014404297, 0.00521093001589179)","(8.283693313598633, -0.00402342202141881, 1.3288648128509521)","(359.9570617675781, 268.9067077636719, 359.99395751953125)",0.152343,-0.022125,"(-1.770913, 0.000097, -0.047593)",LeftFalse_RightFalse,False,"(0.28119713068008423, -0.004107308574020863, 5.3968987464904785)","(359.9518737792969, 13.676324844360352, 359.99139404296875)",0.285846,-0.071117,"(0.624991, -0.000063, 2.889535)",LeftTrue_RightFalse
25.479614,0.061806,"(8.029754638671875, 1.201473593711853, 0.9046194553375244)","(4.874018669128418, 270.43023681640625, 359.1163330078125)","(7.372711658477783, 0.8564841747283936, 0.6838902235031128)","(0.03848367929458618, 87.75804138183594, 0.005115364212542772)","(8.171031951904297, -0.004017455969005823, 1.325798749923706)","(359.96160888671875, 268.86651611328125, 359.994140625)",0.137108,-0.024078,"(-1.773808, 0.000091, -0.048918)",LeftFalse_RightFalse,False,"(0.32087165117263794, -0.004110937938094139, 5.581083297729492)","(359.95074462890625, 13.442524909973145, 359.99261474609375)",0.285103,-0.067537,"(0.622085, -0.000054, 2.904496)",LeftTrue_RightFalse
25.541504,0.061835,"(7.921091556549072, 1.2014830112457275, 0.900874137878418)","(4.480599880218506, 269.585205078125, 359.32275390625)","(7.263238906860352, 0.8564339876174927, 0.6802138090133667)","(0.03442414477467537, 87.71709442138672, 0.005364537704735994)","(8.061161041259766, -0.004011994227766991, 1.3226912021636963)","(359.9656982421875, 268.8255920410156, 359.99395751953125)",0.123397,-0.029388,"(-1.774081, 0.000083, -0.051067)",LeftTrue_RightFalse,False,"(0.3592933416366577, -0.004113953560590744, 5.761510848999023)","(359.9499206542969, 13.227399826049805, 359.98876953125)",0.283827,-0.062489,"(0.618705, -0.000043, 2.919300)",LeftTrue_RightFalse
25.604492,0.062049,"(7.811904430389404, 1.2021766901016235, 0.8949528336524963)","(4.2228264808654785, 268.8092041015625, 359.5522155761719)","(7.1522216796875, 0.8563978672027588, 0.6761842966079712)","(0.030689667910337448, 87.66927337646484, 0.006550265476107597)","(7.949664115905762, -0.00400710990652442, 1.3193120956420898)","(359.9694519042969, 268.77777099609375, 359.99285888671875)",0.111058,-0.034882,"(-1.771960, 0.000075, -0.055087)",LeftTrue_RightFalse,False,"(0.39811548590660095, -0.004116285126656294, 5.945662021636963)","(359.9493713378906, 13.0220308303833, 359.9844055175781)",0.284969,-0.060001,"(0.616172, -0.000034, 2.933554)",LeftTrue_RightFalse
25.665527,0.061849,"(7.706517219543457, 1.203065276145935, 0.8887064456939697)","(3.9513490200042725, 268.16546630859375, 359.6235046386719)","(7.044790267944336, 0.8563742637634277, 0.6718737483024597)","(0.02741394005715847, 87.61399841308594, 0.008338378742337227)","(7.8416619300842285, -0.004002769943326712, 1.3157458305358887)","(359.9727478027344, 268.72247314453125, 359.9911193847656)",0.099952,-0.040344,"(-1.767741, 0.000069, -0.059799)",LeftTrue_RightFalse,False,"(0.4355884790420532, -0.004118230193853378, 6.125294208526611)","(359.9490051269531, 12.833477020263672, 359.9805603027344)",0.284232,-0.0608,"(0.612521, -0.000028, 2.948036)",LeftTrue_RightFalse
25.729248,0.062225,"(7.596314907073975, 1.2034339904785156, 0.8825223445892334)","(3.7379090785980225, 267.70794677734375, 359.70306396484375)","(6.933112144470215, 0.8563557267189026, 0.6669164896011353)","(0.024329764768481255, 87.54650115966797, 0.010365203022956848)","(7.729272365570068, -0.003998573869466782, 1.3116984367370605)","(359.9758605957031, 268.6549987792969, 359.9891662597656)",0.089957,-0.046387,"(-1.759677, 0.000059, -0.065839)",LeftTrue_RightFalse,False,"(0.474348783493042, -0.004119767341762781, 6.313776016235352)","(359.9487609863281, 12.640650749206543, 359.976318359375)",0.27367,-0.060235,"(0.604187, -0.000024, 2.967543)",LeftTrue_RightFalse
25.794434,0.062825,"(7.483699321746826, 1.2042924165725708, 0.8764469027519226)","(3.467372179031372, 267.302978515625, 359.7150573730469)","(6.819386959075928, 0.8563382029533386, 0.6614041328430176)","(0.021586349233984947, 87.46903228759766, 0.012077424675226212)","(7.61471700668335, -0.003994871396571398, 1.3072381019592285)","(359.9786376953125, 268.5775146484375, 359.9875183105469)",0.080961,-0.052948,"(-1.751982, 0.000055, -0.071106)",LeftTrue_RightFalse,False,"(0.5135636925697327, -0.004121041391044855, 6.507662773132324)","(359.9487609863281, 12.444303512573242, 359.9724426269531)",0.286651,-0.064147,"(0.597559, -0.000017, 2.980204)",LeftTrue_RightFalse
25.858276,0.06303,"(7.374022006988525, 1.2045928239822388, 0.8703657984733582)","(3.5158450603485107, 267.09130859375, 359.63677978515625)","(6.70875358581543, 0.8563277721405029, 0.6554759740829468)","(0.019199524074792862, 87.38229370117188, 0.01399332657456398)","(7.503142356872559, -0.0039914269000291824, 1.3024860620498657)","(359.9810791015625, 268.49078369140625, 359.9856262207031)",0.072865,-0.057037,"(-1.742792, 0.000051, -0.077083)",LeftTrue_RightFalse,False,"(0.5514017939567566, -0.004122103564441204, 6.698401927947998)","(359.9488525390625, 12.2483491897583, 359.9684143066406)",0.286659,-0.068429,"(0.588119, -0.000016, 2.995348)",LeftTrue_RightFalse
25.919922,0.062737,"(7.269060134887695, 1.2047024965286255, 0.8641695976257324)","(3.5440428256988525, 266.8907165527344, 359.5320129394531)","(6.60280704498291, 0.8563169836997986, 0.6492820382118225)","(0.01712087169289589, 87.28961181640625, 0.015498566441237926)","(7.396180152893066, -0.003988389391452074, 1.2975553274154663)","(359.9831848144531, 268.3981018066406, 359.9841613769531)",0.065578,-0.058167,"(-1.732393, 0.000047, -0.082186)",LeftTrue_RightFalse,False,"(0.5872188210487366, -0.004123156890273094, 6.883310317993164)","(359.9488220214844, 12.048901557922363, 359.96392822265625)",0.284443,-0.073187,"(0.576922, -0.000017, 3.010719)",LeftTrue_RightFalse
25.979736,0.062163,"(7.166897773742676, 1.2047420740127563, 0.858524739742279)","(3.5322906970977783, 266.79901123046875, 359.3957214355469)","(6.500507831573486, 0.8562989234924316, 0.6429412364959717)","(0.015278640203177929, 87.19511413574219, 0.016042130067944527)","(7.2928385734558105, -0.003985819406807423, 1.2925151586532593)","(359.98504638671875, 268.3035888671875, 359.9836730957031)",0.059021,-0.058167,"(-1.720998, 0.000042, -0.085735)",LeftTrue_RightFalse,False,"(0.6213119029998779, -0.004124184139072895, 7.064021110534668)","(359.9487609863281, 11.841984748840332, 359.959228515625)",0.284427,-0.078612,"(0.564160, -0.000018, 3.025754)",LeftTrue_RightFalse
26.040894,0.061973,"(7.062869071960449, 1.2047532796859741, 0.8528047800064087)","(3.4519989490509033, 266.83349609375, 359.3652648925781)","(6.396650791168213, 0.8562734723091125, 0.6362544894218445)","(0.01356116496026516, 87.09748840332031, 0.015731560066342354)","(7.187899112701416, -0.0039832452312111855, 1.2871835231781006)","(359.98675537109375, 268.2059631347656, 359.9840087890625)",0.053119,-0.058167,"(-1.708705, 0.000041, -0.088333)",LeftTrue_RightFalse,False,"(0.6553289890289307, -0.004125118255615234, 7.24973201751709)","(359.9487609863281, 11.614877700805664, 359.95428466796875)",0.286001,-0.08461,"(0.549769, -0.000018, 3.040805)",LeftTrue_RightFalse
26.105591,0.062513,"(6.954385757446289, 1.2054117918014526, 0.8460876941680908)","(3.3528175354003906, 266.7262878417969, 359.3618469238281)","(6.287784576416016, 0.8562440276145935, 0.6290314197540283)","(0.011916453018784523, 86.9947509765625, 0.014949435368180275)","(7.0778889656066895, -0.003980711568146944, 1.2813912630081177)","(359.9883728027344, 268.1032409667969, 359.9848327636719)",0.047807,-0.058533,"(-1.695588, 0.000040, -0.090603)",LeftTrue_RightFalse,False,"(0.6902333498001099, -0.004126260988414288, 7.446963787078857)","(359.9487609863281, 11.355574607849121, 359.9488525390625)",0.288348,-0.088263,"(0.533741, -0.000017, 3.056149)",LeftTrue_RightFalse
26.166992,0.062274,"(6.851921081542969, 1.2056280374526978, 0.8399942517280579)","(3.3074042797088623, 266.60931396484375, 359.2740478515625)","(6.185434341430664, 0.8562179207801819, 0.6220436096191406)","(0.010507280938327312, 86.89779663085938, 0.014184094034135342)","(6.974453926086426, -0.0039784568361938, 1.275752305984497)","(359.9897766113281, 268.00628662109375, 359.9856262207031)",0.043026,-0.060089,"(-1.681733, 0.000036, -0.092867)",LeftTrue_RightFalse,False,"(0.7223182320594788, -0.004127382766455412, 7.634970664978027)","(359.9486999511719, 11.092876434326172, 359.94427490234375)",0.28663,-0.091694,"(0.518124, -0.000019, 3.071666)",LeftTrue_RightFalse
26.231079,0.062644,"(6.745577335357666, 1.2057137489318848, 0.833598256111145)","(3.2329492568969727, 266.4989013671875, 359.27142333984375)","(6.079382419586182, 0.8561962842941284, 0.6145533919334412)","(0.009181097149848938, 86.79549407958984, 0.01373287569731474)","(6.867253303527832, -0.0039761983789503574, 1.2696776390075684)","(359.9910888671875, 267.90399169921875, 359.986083984375)",0.038724,-0.064423,"(-1.662396, 0.000034, -0.096348)",LeftTrue_RightFalse,False,"(0.7548128962516785, -0.004128618631511927, 7.83259391784668)","(359.9486083984375, 10.803634643554688, 359.9403076171875)",0.27676,-0.090643,"(0.497356, -0.000020, 3.091672)",LeftTrue_RightFalse
26.2948,0.062865,"(6.641488075256348, 1.2057461738586426, 0.8271241188049316)","(3.0488338470458984, 266.21807861328125, 359.19183349609375)","(5.974990367889404, 0.8561835289001465, 0.6068577170372009)","(0.008035118691623211, 86.69097137451172, 0.013886725530028343)","(6.761682033538818, -0.003974134102463722, 1.2634167671203613)","(359.99224853515625, 267.7994384765625, 359.9859619140625)",0.034851,-0.071045,"(-1.647248, 0.000031, -0.100359)",LeftTrue_RightFalse,False,"(0.786156415939331, -0.004129710607230663, 8.030025482177734)","(359.94866943359375, 10.509257316589355, 359.938232421875)",0.28774,-0.086367,"(0.484013, -0.000016, 3.104489)",LeftTrue_RightFalse
26.360352,0.063398,"(6.535175800323486, 1.2057665586471558, 0.8201314210891724)","(3.046172618865967, 266.06866455078125, 359.11419677734375)","(5.868865013122559, 0.8561831712722778, 0.5985140800476074)","(0.006989512126892805, 86.57562255859375, 0.015068861655890942)","(6.654250144958496, -0.003972099162638187, 1.256638765335083)","(359.9933166503906, 267.6841125488281, 359.98480224609375)",0.031366,-0.079926,"(-1.631476, 0.000031, -0.105816)",LeftTrue_RightFalse,False,"(0.8175606727600098, -0.00413068663328886, 8.23390007019043)","(359.94873046875, 10.209673881530762, 359.9384460449219)",0.288786,-0.080543,"(0.473799, -0.000016, 3.118622)",LeftTrue_RightFalse
26.421387,0.062927,"(6.4370951652526855, 1.2057850360870361, 0.8131997585296631)","(3.0572669506073, 265.963623046875, 359.0677795410156)","(5.771166801452637, 0.8561940789222717, 0.5901886224746704)","(0.006107866298407316, 86.45687866210938, 0.01710796356201172)","(6.555201053619385, -0.003970231860876083, 1.2499101161956787)","(359.9942321777344, 267.56536865234375, 359.9827880859375)",0.028229,-0.088287,"(-1.615121, 0.000029, -0.112736)",LeftTrue_RightFalse,False,"(0.8462627530097961, -0.004131815861910582, 8.424732208251953)","(359.9485778808594, 9.941691398620605, 359.9406433105469)",0.285075,-0.073985,"(0.466059, -0.000019, 3.132601)",LeftFalse_RightFalse
26.483398,0.06274,"(6.3385910987854, 1.2058038711547852, 0.8056939840316772)","(3.1843972206115723, 265.7546081542969, 359.0040283203125)","(5.673153877258301, 0.8562091588973999, 0.5811237692832947)","(0.005288128275424242, 86.32391357421875, 0.0194657351821661)","(6.45566987991333, -0.0039684767834842205, 1.2426282167434692)","(-0.004910559859126806, 267.4324035644531, 359.9804382324219)",0.025407,-0.0979,"(-1.598364, 0.000028, -0.119901)",LeftTrue_RightFalse,False,"(0.8749940991401672, -0.004133226349949837, 8.61937141418457)","(359.9483947753906, 9.685922622680664, 359.9443054199219)",0.28613,-0.066554,"(0.460135, -0.000022, 3.145562)",LeftFalse_RightFalse
26.543823,0.062292,"(6.243587493896484, 1.205822467803955, 0.7978729009628296)","(3.2518672943115234, 265.5251159667969, 359.05810546875)","(5.578704833984375, 0.8562261462211609, 0.5716313719749451)","(0.00455148471519351, 86.18122100830078, 0.021896345540881157)","(6.359584331512451, -0.003966771066188812, 1.2350468635559082)","(-0.004127031657844782, 267.2897033691406, 359.97802734375)",0.022866,-0.108521,"(-1.581190, 0.000028, -0.127813)",LeftTrue_RightFalse,False,"(0.902746319770813, -0.004134578630328178, 8.810118675231934)","(359.9482421875, 9.456012725830078, 359.9488830566406)",0.285835,-0.066318,"(0.456143, -0.000023, 3.158271)",LeftFalse_RightFalse
26.604492,0.061962,"(6.148924827575684, 1.2058416604995728, 0.7894530892372131)","(3.2694945335388184, 265.1981506347656, 359.0439758300781)","(5.485273838043213, 0.8562449216842651, 0.5614169239997864)","(0.0038690154906362295, 86.02416229248047, 0.024432415142655373)","(6.264344692230225, -0.003965160343796015, 1.2269331216812134)","(-0.0033956305123865604, 267.1326599121094, 359.9754943847656)",0.020579,-0.120636,"(-1.563628, 0.000026, -0.136463)",LeftTrue_RightFalse,False,"(0.9301562309265137, -0.0041357846930623055, 9.002093315124512)","(359.9481201171875, 9.237908363342285, 359.9520568847656)",0.286173,-0.066048,"(0.448401, -0.000020, 3.171190)",LeftFalse_RightFalse
26.665283,0.061731,"(6.055583953857422, 1.2058619260787964, 0.7804354429244995)","(3.333103656768799, 264.89697265625, 359.0710144042969)","(5.392868995666504, 0.85626620054245, 0.5503950715065002)","(0.00323200854472816, 85.85094451904297, 0.027145804837346077)","(6.169936656951904, -0.003963608760386705, 1.2182236909866333)","(-0.0027062499430030584, 266.95941162109375, 359.9728088378906)",0.019712,-0.138794,"(-1.545666, 0.000027, -0.146065)",LeftTrue_RightFalse,False,"(0.957105278968811, -0.004137109499424696, 9.19539737701416)","(359.9480285644531, 9.023944854736328, 359.95355224609375)",0.286652,-0.067289,"(0.439434, -0.000022, 3.184131)",LeftFalse_RightFalse
26.723633,0.061054,"(5.96743106842041, 1.2058895826339722, 0.7704495191574097)","(3.2322473526000977, 264.64276123046875, 359.0914001464844)","(5.305516242980957, 0.8562982678413391, 0.5388701558113098)","(0.002662890125066042, 85.66419982910156, 0.030773334205150604)","(6.080415725708008, -0.003962001763284206, 1.209174394607544)","(-0.002067059278488159, 266.772705078125, 359.96917724609375)",0.01774,-0.163422,"(-1.527124, 0.000026, -0.158704)",LeftTrue_RightFalse,False,"(0.9823740124702454, -0.004138343967497349, 9.381645202636719)","(359.9479675292969, 8.818466186523438, 359.95361328125)",0.285515,-0.071082,"(0.428896, -0.000020, 3.197159)",LeftFalse_RightFalse
26.783691,0.06084,"(5.878191947937012, 1.2059292793273926, 0.759644091129303)","(3.109344005584717, 264.2936096191406, 359.0393981933594)","(5.217195987701416, 0.856347382068634, 0.5257615447044373)","(0.002079013967886567, 85.44363403320312, 0.03603944554924965)","(5.9895243644714355, -0.00396046694368124, 1.1989655494689941)","(-0.0013814191333949566, 266.5521240234375, 359.96392822265625)",0.015966,-0.192383,"(-1.507527, 0.000026, -0.175053)",LeftTrue_RightFalse,False,"(1.007616639137268, -0.004139386583119631, 9.57387638092041)","(359.94793701171875, 8.60107421875, 359.9521179199219)",0.286843,-0.073957,"(0.415685, -0.000020, 3.210081)",LeftFalse_RightFalse
26.841797,0.060297,"(5.793207168579102, 1.2059781551361084, 0.7476567029953003)","(3.0619513988494873, 263.9965515136719, 358.99072265625)","(5.133194923400879, 0.8564090132713318, 0.511562168598175)","(0.001467753667384386, 85.19554901123047, 0.042508404701948166)","(5.902618408203125, -0.003958965186029673, 1.1880078315734863)","(-0.0006451260414905846, 266.3040466308594, 359.95745849609375)",0.01437,-0.219116,"(-1.486817, 0.000028, -0.194413)",LeftTrue_RightFalse,False,"(1.0312894582748413, -0.0041405330412089825, 9.760891914367676)","(359.94793701171875, 8.381699562072754, 359.9498291015625)",0.286105,-0.073104,"(0.401746, -0.000019, 3.223117)",LeftFalse_RightFalse
26.903931,0.060668,"(5.703896522521973, 1.2066620588302612, 0.7340118885040283)","(3.075371265411377, 263.609375, 359.05194091796875)","(5.0451250076293945, 0.8564726710319519, 0.49470674991607666)","(0.000780078989919275, 84.89344024658203, 0.04923676699399948)","(5.810990333557129, -0.003957038279622793, 1.175100564956665)","(0.00017258567095268518, 266.0019226074219, 359.95074462890625)",0.012933,-0.245178,"(-1.465609, 0.000030, -0.213830)",LeftTrue_RightFalse,False,"(1.0558265447616577, -0.004141618497669697, 9.961665153503418)","(359.94793701171875, 8.142066955566406, 359.9481201171875)",0.288111,-0.073347,"(0.389830, -0.000017, 3.235711)",LeftFalse_RightFalse
26.96228,0.060205,"(5.620784759521484, 1.2069294452667236, 0.7200994491577148)","(3.031951427459717, 263.25103759765625, 359.0597839355469)","(4.964129447937012, 0.8565250635147095, 0.47730106115341187)","(0.00011445402924437076, 84.5763168334961, 0.05490189045667648)","(5.726235389709473, -0.003955305553972721, 1.1618393659591675)","(0.0009476804407313466, 265.684814453125, 359.9450988769531)",0.01164,-0.268524,"(-1.443909, 0.000029, -0.233298)",LeftTrue_RightFalse,False,"(1.0781594514846802, -0.00414256751537323, 10.150904655456543)","(359.9478759765625, 7.915053844451904, 359.9471130371094)",0.28621,-0.073979,"(0.377754, -0.000018, 3.248508)",LeftFalse_RightFalse
27.023438,0.060388,"(5.5358452796936035, 1.20706307888031, 0.7036595940589905)","(3.1829164028167725, 262.8173828125, 359.05267333984375)","(4.88100528717041, 0.8565660715103149, 0.4575425386428833)","(-0.0005654249689541757, 84.21372985839844, 0.0594995878636837)","(5.6387810707092285, -0.003953426145017147, 1.1468226909637451)","(0.0017163784941658378, 265.32220458984375, 359.9405212402344)",0.010476,-0.290283,"(-1.422032, 0.000029, -0.251849)",LeftTrue_RightFalse,False,"(1.100801944732666, -0.004143754951655865, 10.349881172180176)","(359.9478454589844, 7.675003528594971, 359.94622802734375)",0.287803,-0.076994,"(0.365179, -0.000019, 3.260872)",LeftFalse_RightFalse
27.082764,0.060193,"(5.454362392425537, 1.2071257829666138, 0.6863566040992737)","(3.248732089996338, 262.37359619140625, 359.0754699707031)","(4.801872253417969, 0.8565935492515564, 0.4369184374809265)","(-0.0011951563647016883, 83.83438110351562, 0.0627744048833847)","(5.555082321166992, -0.003951743710786104, 1.1311523914337158)","(0.0024093426764011383, 264.94287109375, 359.937255859375)",0.009428,-0.305267,"(-1.399969, 0.000028, -0.269667)",LeftTrue_RightFalse,False,"(1.1219778060913086, -0.004144909791648388, 10.544051170349121)","(359.94781494140625, 7.436033725738525, 359.9447326660156)",0.287449,-0.07891,"(0.350516, -0.000017, 3.273474)",LeftFalse_RightFalse
27.142334,0.060052,"(5.374631881713867, 1.2065463066101074, 0.6686627268791199)","(3.2935631275177, 261.8872375488281, 359.000244140625)","(4.724181175231934, 0.8566026091575623, 0.41509538888931274)","(-0.0017316397279500961, 83.43505096435547, 0.06418931484222412)","(5.472545146942139, -0.003949999809265137, 1.11454176902771)","(0.0029730999376624823, 264.5435485839844, 359.93585205078125)",0.008485,-0.316193,"(-1.378580, 0.000027, -0.284590)",LeftTrue_RightFalse,False,"(1.1423050165176392, -0.004145915620028973, 10.739212036132812)","(359.9477844238281, 7.189628601074219, 359.9429016113281)",0.287541,-0.083259,"(0.335520, -0.000019, 3.285877)",LeftFalse_RightFalse
27.201904,0.059965,"(5.296332836151123, 1.2063047885894775, 0.6497136354446411)","(3.5127804279327393, 261.4063720703125, 358.978515625)","(4.647761821746826, 0.8565940260887146, 0.3922892212867737)","(-0.0021446794271469116, 83.02222442626953, 0.06381414830684662)","(5.3910722732543945, -0.00394860003143549, 1.0971161127090454)","(0.003378805937245488, 264.1307067871094, 359.9362487792969)",0.007637,-0.326813,"(-1.357791, 0.000023, -0.297199)",LeftTrue_RightFalse,False,"(1.1616997718811035, -0.004146972671151161, 10.935516357421875)","(359.94775390625, 6.932645320892334, 359.94036865234375)",0.288078,-0.08671,"(0.318217, -0.000017, 3.298237)",LeftFalse_RightFalse
27.260864,0.059763,"(5.220222473144531, 1.206200361251831, 0.6307470202445984)","(3.654550075531006, 260.90692138671875, 358.9256896972656)","(4.573556900024414, 0.8565775156021118, 0.3689376711845398)","(-0.002460955874994397, 82.60459899902344, 0.06256761401891708)","(5.311712265014648, -0.003947318531572819, 1.0791828632354736)","(0.003670906648039818, 263.71307373046875, 359.9375)",0.00846,-0.339905,"(-1.337089, 0.000020, -0.309032)",LeftTrue_RightFalse,False,"(1.179844856262207, -0.0041479687206447124, 11.13035774230957)","(359.94775390625, 6.666850566864014, 359.9374084472656)",0.287967,-0.090266,"(0.300191, -0.000017, 3.310537)",LeftFalse_RightFalse
27.322876,0.060217,"(5.14153528213501, 1.206151008605957, 0.6102383732795715)","(3.7551982402801514, 260.3670654296875, 359.04547119140625)","(4.496952056884766, 0.8565627336502075, 0.34350383281707764)","(-0.002737385220825672, 82.15430450439453, 0.061433784663677216)","(5.229504585266113, -0.003946138545870781, 1.0595455169677734)","(0.003925354219973087, 263.2628173828125, 359.9386291503906)",0.01317,-0.35669,"(-1.316158, 0.000018, -0.321550)",LeftTrue_RightFalse,False,"(1.19778311252594, -0.004149109125137329, 11.336145401000977)","(359.94775390625, 6.374509334564209, 359.9341735839844)",0.289768,-0.094332,"(0.281272, -0.000017, 3.322665)",LeftFalse_RightFalse
27.380981,0.059784,"(5.0693359375, 1.2054861783981323, 0.5897508859634399)","(3.732666492462158, 259.9267272949219, 359.0014343261719)","(4.426711559295654, 0.8565607070922852, 0.31877952814102173)","(-0.0029403697699308395, 81.71906280517578, 0.06142372637987137)","(5.153806686401367, -0.003945104777812958, 1.0403660535812378)","(0.004128098953515291, 262.8275451660156, 359.93865966796875)",0.021376,-0.371643,"(-1.295177, 0.000018, -0.335710)",LeftTrue_RightFalse,False,"(1.21342134475708, -0.004150033462792635, 11.529430389404297)","(359.94775390625, 6.088190078735352, 359.930908203125)",0.288044,-0.096434,"(0.261097, -0.000018, 3.334943)",LeftFalse_RightFalse
27.443481,0.060332,"(4.992923259735107, 1.20518958568573, 0.56723552942276)","(3.7363851070404053, 259.4307556152344, 359.119384765625)","(4.352570056915283, 0.8565657734870911, 0.29113703966140747)","(-0.0029638786800205708, 81.23505401611328, 0.06186589226126671)","(5.073544979095459, -0.003944420255720615, 1.0188331604003906)","(0.004160162061452866, 262.3435363769531, 359.9382019042969)",0.031937,-0.383392,"(-1.275498, 0.000009, -0.349749)",LeftTrue_RightFalse,False,"(1.229025959968567, -0.0041510299779474735, 11.738347053527832)","(359.9477233886719, 5.768091678619385, 359.92779541015625)",0.290377,-0.097658,"(0.241345, -0.000018, 3.346727)",LeftFalse_RightFalse
27.507446,0.061049,"(4.916130542755127, 1.2050771713256836, 0.5435192584991455)","(3.635679006576538, 258.7599182128906, 359.097412109375)","(4.278233528137207, 0.8565730452537537, 0.26186078786849976)","(-0.002628158777952194, 80.72664642333984, 0.062039002776145935)","(4.992718696594238, -0.003943802788853645, 0.9959223866462708)","(0.003827854059636593, 261.83514404296875, 359.9380187988281)",0.047789,-0.384918,"(-1.257928, 0.000006, -0.362920)",LeftTrue_RightFalse,False,"(1.243679404258728, -0.00415212893858552, 11.952736854553223)","(359.94769287109375, 5.431851387023926, 359.9254150390625)",0.291347,-0.097729,"(0.221989, -0.000017, 3.358700)",LeftFalse_RightFalse
27.56958,0.061282,"(4.84238862991333, 1.2050267457962036, 0.5198138356208801)","(3.5603995323181152, 258.1510009765625, 359.0882873535156)","(4.206954002380371, 0.8565691709518433, 0.23266136646270752)","(-0.0016928664408624172, 80.22787475585938, 0.06041655316948891)","(4.915003776550293, -0.003943876828998327, 0.9729363322257996)","(0.002861349144950509, 261.33636474609375, 359.93963623046875)",0.069199,-0.379089,"(-1.240608, -0.000011, -0.375486)",LeftTrue_RightFalse,False,"(1.2567079067230225, -0.004153276793658733, 12.162192344665527)","(359.94757080078125, 5.099582672119141, 359.9239501953125)",0.279998,-0.095872,"(0.197184, -0.000019, 3.374610)",LeftFalse_RightFalse
27.628174,0.060737,"(4.7728776931762695, 1.2049905061721802, 0.49761828780174255)","(3.5963895320892334, 257.61138916015625, 359.1612243652344)","(4.1405205726623535, 0.8565549850463867, 0.20479774475097656)","(-0.00027619910542853177, 79.76242065429688, 0.05723906680941582)","(4.842504024505615, -0.003944656811654568, 0.9508436322212219)","(0.0013834768906235695, 260.87091064453125, 359.9427795410156)",0.096404,-0.374359,"(-1.235400, -0.000020, -0.379840)",LeftTrue_RightFalse,False,"(1.2679178714752197, -0.004154435358941555, 12.359987258911133)","(359.94757080078125, 4.786116123199463, 359.9235534667969)",0.296987,-0.093849,"(0.185896, -0.000017, 3.381152)",LeftFalse_RightFalse
27.686401,0.060241,"(4.704385280609131, 1.2049599885940552, 0.47483834624290466)","(3.723879814147949, 257.2435302734375, 359.15655517578125)","(4.074666976928711, 0.8565461039543152, 0.17679530382156372)","(0.001993601443246007, 79.30630493164062, 0.0535476915538311)","(4.7706451416015625, -0.003946868237107992, 0.9284539222717285)","(-0.0009573153802193701, 260.414794921875, 359.9464111328125)",0.12446,-0.374115,"(-1.231848, -0.000041, -0.387653)",LeftTrue_RightFalse,False,"(1.2781462669372559, -0.004155474249273539, 12.557435035705566)","(359.9474182128906, 4.47831392288208, 359.9241638183594)",0.288593,-0.09217,"(0.169708, -0.000019, 3.393603)",LeftFalse_RightFalse
27.744263,0.059751,"(4.635274410247803, 1.2043578624725342, 0.45132410526275635)","(3.9992942810058594, 256.8421325683594, 359.23846435546875)","(4.009461402893066, 0.8565601706504822, 0.14852875471115112)","(0.004880268592387438, 78.85456848144531, 0.051261208951473236)","(4.699442386627197, -0.0039499662816524506, 0.905676543712616)","(-0.003887678263708949, 259.96307373046875, 359.9486389160156)",0.157249,-0.374115,"(-1.231744, -0.000059, -0.398503)",LeftTrue_RightFalse,False,"(1.2873915433883667, -0.0041567059233784676, 12.753948211669922)","(359.9472961425781, 4.177311897277832, 359.9251403808594)",0.286985,-0.090291,"(0.153566, -0.000020, 3.404573)",LeftFalse_RightFalse
27.80188,0.059327,"(4.566499710083008, 1.2041079998016357, 0.42721298336982727)","(4.107912540435791, 256.40380859375, 359.2200012207031)","(3.9443721771240234, 0.8565957546234131, 0.11969524621963501)","(0.008332000114023685, 78.40130615234375, 0.05033298209309578)","(4.628288745880127, -0.0039540729485452175, 0.8822807669639587)","(359.9926452636719, 259.5097961425781, 359.94952392578125)",0.192304,-0.370728,"(-1.236348, -0.000080, -0.411484)",LeftTrue_RightFalse,False,"(1.2957274913787842, -0.004157868679612875, 12.950492858886719)","(359.9472351074219, 3.8818092346191406, 359.92626953125)",0.288465,-0.087529,"(0.137694, -0.000017, 3.414984)",LeftFalse_RightFalse
27.863159,0.059721,"(4.493692398071289, 1.2039992809295654, 0.40091994404792786)","(4.162709712982178, 255.80703735351562, 359.2460632324219)","(3.874746561050415, 0.8566480875015259, 0.08824598789215088)","(0.012633713893592358, 77.91622161865234, 0.049943577498197556)","(4.552117824554443, -0.003959431312978268, 0.8565864562988281)","(359.98834228515625, 259.02471923828125, 359.9498291015625)",0.227369,-0.364471,"(-1.246747, -0.000096, -0.425276)",LeftTrue_RightFalse,False,"(1.3036693334579468, -0.004158929921686649, 13.160185813903809)","(359.9472351074219, 3.5739078521728516, 359.927734375)",0.290098,-0.083953,"(0.122731, -0.000019, 3.425461)",LeftFalse_RightFalse
27.925171,0.060174,"(4.418941497802734, 1.2032822370529175, 0.37338829040527344)","(4.154364109039307, 255.21759033203125, 359.1448974609375)","(3.803537368774414, 0.8567093014717102, 0.05559134483337402)","(0.017601236701011658, 77.4242172241211, 0.049607329070568085)","(4.474212169647217, -0.003965967334806919, 0.8297088146209717)","(359.9833679199219, 258.53271484375, 359.9500732421875)",0.259708,-0.36145,"(-1.262964, -0.000114, -0.439814)",LeftTrue_RightFalse,False,"(1.310798168182373, -0.004160038661211729, 13.372896194458008)","(359.9471740722656, 3.2716867923736572, 359.92974853515625)",0.290103,-0.08084,"(0.108956, -0.000017, 3.436078)",LeftFalse_RightFalse
27.988403,0.060803,"(4.341941833496094, 1.2030128240585327, 0.34433361887931824)","(4.070178508758545, 254.66107177734375, 359.10198974609375)","(3.7296786308288574, 0.8567855358123779, 0.021166086196899414)","(0.023086203262209892, 76.91705322265625, 0.0501009039580822)","(4.393396377563477, -0.003973760642111301, 0.8011640310287476)","(359.9778747558594, 258.0255432128906, 359.949462890625)",0.289595,-0.362549,"(-1.283323, -0.000128, -0.457285)",LeftTrue_RightFalse,False,"(1.3171913623809814, -0.0041612060740590096, 13.590886116027832)","(359.9470520019531, 2.973423480987549, 359.9320373535156)",0.290795,-0.078978,"(0.095609, -0.000018, 3.446543)",LeftFalse_RightFalse
28.051636,0.06127,"(4.263809680938721, 1.2029320001602173, 0.3147561550140381)","(3.9318594932556152, 254.1689453125, 359.04864501953125)","(3.6547396183013916, 0.8568799495697021, -0.014570891857147217)","(0.028684817254543304, 76.39974212646484, 0.052207522094249725)","(4.311313629150391, -0.00398226035758853, 0.7713371515274048)","(359.9723205566406, 257.50823974609375, 359.9472351074219)",0.317275,-0.362549,"(-1.314695, -0.000138, -0.485654)",LeftTrue_RightFalse,False,"(1.322638988494873, -0.004162403289228678, 13.808939933776855)","(359.9469299316406, 2.684777021408081, 359.9339599609375)",0.281501,-0.077268,"(0.076805, -0.000019, 3.460374)",LeftFalse_RightFalse
28.112427,0.061188,"(4.187191486358643, 1.2029213905334473, 0.2845122814178467)","(3.8268191814422607, 253.66671752929688, 359.05194091796875)","(3.5811586380004883, 0.8569746613502502, -0.05047959089279175)","(0.033858370035886765, 75.88860321044922, 0.05489706993103027)","(4.230629920959473, -0.003990441095083952, 0.7411962151527405)","(359.96722412109375, 256.9971008300781, 359.9444580078125)",0.342968,-0.360474,"(-1.341758, -0.000134, -0.509152)",LeftTrue_RightFalse,False,"(1.3269906044006348, -0.004163435660302639, 14.019750595092773)","(359.94696044921875, 2.411893129348755, 359.9352722167969)",0.289992,-0.077176,"(0.062663, -0.000015, 3.468925)",LeftFalse_RightFalse
28.17334,0.061136,"(4.108726501464844, 1.2029329538345337, 0.2532527446746826)","(3.7804503440856934, 253.04226684570312, 358.8595275878906)","(3.5059566497802734, 0.8570687770843506, -0.08798307180404663)","(0.03890177980065346, 75.36432647705078, 0.057721249759197235)","(4.148094177246094, -0.003998761065304279, 0.709542453289032)","(359.96221923828125, 256.47283935546875, 359.9415283203125)",0.367263,-0.355164,"(-1.372541, -0.000134, -0.534014)",LeftTrue_RightFalse,False,"(1.3304390907287598, -0.004164505284279585, 14.23133659362793)","(359.9470520019531, 2.142476797103882, 359.9360656738281)",0.290593,-0.076723,"(0.047496, -0.000016, 3.478682)",LeftFalse_RightFalse
28.234741,0.061189,"(4.027813911437988, 1.2029500007629395, 0.2197878360748291)","(3.7168712615966797, 252.31690979003906, 358.7585754394531)","(3.4283347129821777, 0.8571574687957764, -0.12739306688308716)","(0.04389175400137901, 74.82553100585938, 0.06008165329694748)","(4.062880992889404, -0.004006857983767986, 0.6760817766189575)","(359.957275390625, 255.93402099609375, 359.9390869140625)",0.391473,-0.349335,"(-1.407200, -0.000135, -0.559509)",LeftTrue_RightFalse,False,"(1.3329590559005737, -0.004165413323789835, 14.445186614990234)","(359.947021484375, 1.8724831342697144, 359.9363708496094)",0.289879,-0.07354,"(0.032225, -0.000016, 3.488470)",LeftFalse_RightFalse
28.296631,0.061321,"(3.9441351890563965, 1.2029674053192139, 0.18428242206573486)","(3.6216437816619873, 251.50682067871094, 358.6413879394531)","(3.3480324745178223, 0.8572408556938171, -0.16877669095993042)","(0.048829153180122375, 74.2740478515625, 0.06203826889395714)","(3.974752426147461, -0.004015153739601374, 0.640720009803772)","(359.952392578125, 255.38253784179688, 359.9370422363281)",0.415215,-0.343445,"(-1.445164, -0.000135, -0.586581)",LeftTrue_RightFalse,False,"(1.3345947265625, -0.004166394472122192, 14.661209106445312)","(359.9469299316406, 1.6046303510665894, 359.9371337890625)",0.29044,-0.070254,"(0.018989, -0.000018, 3.498048)",LeftFalse_RightFalse
28.357056,0.061136,"(3.8600821495056152, 1.2029852867126465, 0.14786353707313538)","(3.593172550201416, 250.8300018310547, 358.50390625)","(3.2673654556274414, 0.8573206067085266, -0.2109285593032837)","(0.0535602904856205, 73.72699737548828, 0.06389251351356506)","(3.88626766204834, -0.004023069515824318, 0.6044683456420898)","(359.94769287109375, 254.8354949951172, 359.9350891113281)",0.438536,-0.336029,"(-1.486121, -0.000134, -0.615614)",LeftTrue_RightFalse,False,"(1.3354170322418213, -0.004167379345744848, 14.872761726379395)","(359.94683837890625, 1.3510594367980957, 359.93865966796875)",0.290112,-0.06508,"(0.006837, -0.000017, 3.507600)",LeftFalse_RightFalse
28.415405,0.060577,"(3.7765138149261475, 1.2030017375946045, 0.11099517345428467)","(3.4523160457611084, 250.21011352539062, 358.5332336425781)","(3.187159299850464, 0.8573952913284302, -0.2533547282218933)","(0.058058857917785645, 73.19134521484375, 0.06558571755886078)","(3.798353910446167, -0.00403094245120883, 0.5677483677864075)","(359.9432067871094, 254.29983520507812, 359.93328857421875)",0.461868,-0.327148,"(-1.530301, -0.000134, -0.646083)",LeftTrue_RightFalse,False,"(1.3355811834335327, -0.004168482031673193, 15.077640533447266)","(359.94671630859375, 1.1172215938568115, 359.9410705566406)",0.289183,-0.060731,"(-0.003131, -0.000018, 3.517027)",LeftFalse_RightFalse
28.473999,0.060177,"(3.6894783973693848, 1.2030175924301147, 0.0720587968826294)","(3.3909754753112793, 249.57058715820312, 358.43365478515625)","(3.10414981842041, 0.8574674725532532, -0.29771214723587036)","(0.0625263974070549, 72.6478042602539, 0.06706741452217102)","(3.707470178604126, -0.004038719460368156, 0.5291107892990112)","(359.93878173828125, 253.75628662109375, 359.9317321777344)",0.483258,-0.31958,"(-1.577766, -0.000136, -0.677898)",LeftTrue_RightFalse,False,"(1.3351994752883911, -0.0041695949621498585, 15.283896446228027)","(359.94659423828125, 0.8956970572471619, 359.944091796875)",0.289485,-0.058524,"(-0.012346, -0.000019, 3.526165)",LeftFalse_RightFalse
28.533936,0.060138,"(3.598073959350586, 1.2030352354049683, 0.02977028489112854)","(3.460794448852539, 248.88397216796875, 358.4761657714844)","(3.016423463821411, 0.8575417995452881, -0.345065176486969)","(0.06702706962823868, 72.08540344238281, 0.06873747706413269)","(3.611542224884033, -0.004046717658638954, 0.48759543895721436)","(359.934326171875, 253.1938934326172, 359.92999267578125)",0.502509,-0.319031,"(-1.627509, -0.000137, -0.712160)",LeftTrue_RightFalse,False,"(1.3342335224151611, -0.004170647822320461, 15.495623588562012)","(359.9465026855469, 0.6808371543884277, 359.9469299316406)",0.290383,-0.064515,"(-0.022383, -0.000018, 3.535177)",LeftFalse_RightFalse
28.595337,0.060383,"(3.5016047954559326, 1.2030638456344604, -0.015304982662200928)","(3.5421619415283203, 248.1720428466797, 358.5372619628906)","(2.923825979232788, 0.8576316833496094, -0.3958356976509094)","(0.07144178450107574, 71.49761199951172, 0.07201388478279114)","(3.510324239730835, -0.0040550222620368, 0.44281822443008423)","(359.9299621582031, 252.60610961914062, 359.9266052246094)",0.520225,-0.319244,"(-1.677299, -0.000136, -0.751872)",LeftTrue_RightFalse,False,"(1.332411766052246, -0.004171748645603657, 15.712787628173828)","(359.94647216796875, 0.4618849754333496, 359.94732666015625)",0.29156,-0.063477,"(-0.038754, -0.000016, 3.543937)",LeftFalse_RightFalse
28.654175,0.060087,"(3.4062042236328125, 1.203102469444275, -0.060775697231292725)","(3.5698273181915283, 247.53994750976562, 358.44891357421875)","(2.83231520652771, 0.8577315807342529, -0.4470925033092499)","(0.07544572651386261, 70.91507720947266, 0.07676487416028976)","(3.4102227687835693, -0.004063059110194445, 0.39739397168159485)","(359.9260559082031, 252.02357482910156, 359.9217834472656)",0.53656,-0.319244,"(-1.727948, -0.000136, -0.795178)",LeftTrue_RightFalse,False,"(1.3297674655914307, -0.004172693006694317, 15.921756744384766)","(359.9464111328125, 0.246680349111557, 359.9465637207031)",0.290512,-0.06276,"(-0.052645, -0.000017, 3.552883)",LeftFalse_RightFalse
28.716309,0.0605,"(3.302494764328003, 1.2031497955322266, -0.11143028736114502)","(3.4947638511657715, 246.89077758789062, 358.4066467285156)","(2.732924699783325, 0.857843816280365, -0.5040972828865051)","(0.07943058758974075, 70.27840423583984, 0.08269890397787094)","(3.3013863563537598, -0.00407114252448082, 0.34665459394454956)","(359.92218017578125, 251.38690185546875, 359.915771484375)",0.551653,-0.319244,"(-1.779638, -0.000131, -0.841323)",LeftTrue_RightFalse,False,"(1.326125144958496, -0.004173804074525833, 16.142818450927734)","(359.94635009765625, 0.01898045651614666, 359.94610595703125)",0.292001,-0.062835,"(-0.065938, -0.000017, 3.561552)",LeftFalse_RightFalse
28.774048,0.059949,"(3.2027533054351807, 1.2031971216201782, -0.1613379716873169)","(3.629732131958008, 246.30186462402344, 358.2834777832031)","(2.63795804977417, 0.8579493165016174, -0.559891939163208)","(0.08293652534484863, 69.6658706665039, 0.08859673142433167)","(3.1972737312316895, -0.004078635945916176, 0.296786904335022)","(359.9187927246094, 250.7743682861328, 359.9098205566406)",0.565236,-0.319244,"(-1.832134, -0.000130, -0.890251)",LeftTrue_RightFalse,False,"(1.321923851966858, -0.004174734000116587, 16.34871482849121)","(359.9462890625, 359.8074951171875, 359.9460754394531)",0.290376,0.006632,"(-0.080295, -0.000017, 3.570309)",LeftFalse_RightFalse
28.831421,0.05942,"(3.101375102996826, 1.2032442092895508, -0.21342650055885315)","(3.691812515258789, 245.7139892578125, 358.2728576660156)","(2.5412096977233887, 0.8580532073974609, -0.6180963516235352)","(0.08623041212558746, 69.03752899169922, 0.09462839365005493)","(3.091082811355591, -0.004086093977093697, 0.24456197023391724)","(359.9156188964844, 250.14602661132812, 359.9037170410156)",0.577461,-0.319244,"(-1.885123, -0.000129, -0.941936)",LeftTrue_RightFalse,False,"(1.3186147212982178, -0.004175742156803608, 16.553497314453125)","(359.9461975097656, 359.66473388671875, 359.9618835449219)",0.291715,-1.8e-05,"(-0.038025, -0.000015, 3.579134)",LeftFalse_RightFalse
28.889038,0.059075,"(2.9966604709625244, 1.2032921314239502, -0.2686736285686493)","(3.6795146465301514, 245.04684448242188, 358.281982421875)","(2.4412448406219482, 0.8581566214561462, -0.6797101497650146)","(0.08936049044132233, 68.38362884521484, 0.10082452744245529)","(2.981227397918701, -0.004093412775546312, 0.1890638768672943)","(359.91259765625, 249.4921112060547, 359.8974609375)",0.588463,-0.319244,"(-1.938293, -0.000130, -0.996374)",LeftTrue_RightFalse,False,"(1.3167316913604736, -0.0041766539216041565, 16.76018524169922)","(359.9461364746094, 359.6128845214844, 359.98114013671875)",0.290917,0.000662,"(-0.030454, -0.000017, 3.588061)",LeftFalse_RightFalse
28.947998,0.059041,"(2.8869214057922363, 1.2033411264419556, -0.3281748592853546)","(3.606799602508545, 244.3089599609375, 358.2458801269531)","(2.3365373611450195, 0.8582605123519897, -0.7458959817886353)","(0.09235779196023941, 67.6934585571289, 0.10727328062057495)","(2.866011142730713, -0.004101019352674484, 0.12921243906021118)","(359.90972900390625, 248.80194091796875, 359.8909606933594)",0.598365,-0.319367,"(-1.973833, -0.000129, -1.034301)",LeftTrue_RightFalse,False,"(1.3150755167007446, -0.004177561029791832, 16.971717834472656)","(359.946044921875, 359.59100341796875, 359.9921569824219)",0.299797,0.002144,"(-0.028201, -0.000016, 3.593864)",LeftFalse_RightFalse
29.009399,0.059502,"(2.769580841064453, 1.2033936977386475, -0.39363527297973633)","(3.576068639755249, 243.5677490234375, 358.277587890625)","(2.2246828079223633, 0.8583694100379944, -0.818501889705658)","(0.09535050392150879, 66.9498062133789, 0.11422180384397507)","(2.742753267288208, -0.004108899738639593, 0.06329072266817093)","(359.9068908691406, 248.0583038330078, 359.8839416503906)",0.607277,-0.32074,"(-2.044423, -0.000129, -1.113919)",LeftTrue_RightFalse,False,"(1.313498616218567, -0.004178748466074467, 17.192594528198242)","(359.9457702636719, 359.5850830078125, -0.0017044036649167538)",0.282557,0.002896,"(-0.025159, -0.000022, 3.607438)",LeftFalse_RightFalse
29.069336,0.059589,"(2.6519694328308105, 1.2034472227096558, -0.46120917797088623)","(3.5453882217407227, 242.85244750976562, 358.2850646972656)","(2.1127049922943115, 0.8584761023521423, -0.8932351469993591)","(0.09800709784030914, 66.19763946533203, 0.12138684093952179)","(2.619162082672119, -0.004116437863558531, -0.004832225851714611)","(359.90435791015625, 247.30612182617188, 359.8767395019531)",0.615298,-0.325684,"(-2.095800, -0.000129, -1.177455)",LeftTrue_RightFalse,False,"(1.312044382095337, -0.004180002026259899, 17.40896987915039)","(359.945556640625, 359.58770751953125, 0.0012461552396416664)",0.291545,0.003071,"(-0.023644, -0.000018, 3.614539)",LeftFalse_RightFalse
29.130859,0.059983,"(2.528000593185425, 1.2035090923309326, -0.5340182781219482)","(3.5103302001953125, 242.10626220703125, 358.318359375)","(1.9951229095458984, 0.8585944175720215, -0.9741908311843872)","(0.10045018047094345, 65.3938217163086, 0.1299683153629303)","(2.4890871047973633, -0.004124242812395096, -0.07890263199806213)","(359.9020690917969, 246.5023193359375, 359.86810302734375)",0.622517,-0.334168,"(-2.144415, -0.000125, -1.246069)",LeftTrue_RightFalse,False,"(1.3106224536895752, -0.00418121600523591, 17.631668090820312)","(359.94561767578125, 359.5951232910156, 0.0026698748115450144)",0.293649,0.003799,"(-0.022607, -0.000016, 3.622951)",LeftFalse_RightFalse
29.19165,0.060156,"(2.4029924869537354, 1.2035857439041138, -0.6105834245681763)","(3.412050485610962, 241.25547790527344, 358.3453674316406)","(1.876697301864624, 0.8587290048599243, -1.0587427616119385)","(0.10255598276853561, 64.55989837646484, 0.1404888778924942)","(2.3576180934906006, -0.004131530411541462, -0.1565169095993042)","(359.9001770019531, 245.66839599609375, 359.8575439453125)",0.629014,-0.343658,"(-2.189274, -0.000121, -1.320488)",LeftTrue_RightFalse,False,"(1.3092844486236572, -0.00418224697932601, 17.85230827331543)","(359.9455871582031, 359.6053161621094, 0.003375404980033636)",0.291935,0.004383,"(-0.021278, -0.000016, 3.631755)",LeftFalse_RightFalse
29.250854,0.05997,"(2.279123544692993, 1.203674554824829, -0.6895985007286072)","(3.2660093307495117, 240.35549926757812, 358.369384765625)","(1.7596516609191895, 0.858876645565033, -1.145728588104248)","(0.10432004183530807, 63.70320129394531, 0.15265034139156342)","(2.227085828781128, -0.004138317424803972, -0.23658891022205353)","(359.8986511230469, 244.81170654296875, 359.8453674316406)",0.634861,-0.351807,"(-2.230639, -0.000120, -1.399868)",LeftTrue_RightFalse,False,"(1.3080614805221558, -0.004183207172900438, 18.067596435546875)","(359.9455261230469, 359.6177673339844, 0.003851228393614292)",0.291529,0.005003,"(-0.019852, -0.000016, 3.640194)",LeftFalse_RightFalse
29.311768,0.060149,"(2.1497466564178467, 1.2037731409072876, -0.775612473487854)","(3.1984221935272217, 239.32162475585938, 358.3769226074219)","(1.6377921104431152, 0.8590359687805176, -1.2402234077453613)","(0.10590298473834991, 62.773353576660156, 0.16619303822517395)","(2.090482711791992, -0.004145308863371611, -0.32380998134613037)","(359.8973388671875, 243.88185119628906, 359.831787109375)",0.639732,-0.358948,"(-2.269352, -0.000118, -1.482825)",LeftTrue_RightFalse,False,"(1.3068945407867432, -0.004184093326330185, 18.289348602294922)","(359.9454650878906, 359.6329040527344, 0.004277653060853481)",0.292711,0.004797,"(-0.018275, -0.000017, 3.648458)",LeftFalse_RightFalse
29.370117,0.059778,"(2.0234954357147217, 1.2038705348968506, -0.8629682064056396)","(3.117469549179077, 238.32662963867188, 358.392333984375)","(1.5197598934173584, 0.8591895699501038, -1.3356997966766357)","(0.10726369917392731, 61.83638000488281, 0.1794436126947403)","(1.9574800729751587, -0.00415185047313571, -0.41219159960746765)","(359.896240234375, 242.9448699951172, 359.8185119628906)",0.644117,-0.361664,"(-2.305305, -0.000117, -1.569034)",LeftTrue_RightFalse,False,"(1.3058546781539917, -0.004184957593679428, 18.50221824645996)","(359.9454345703125, 359.64892578125, 0.004526299424469471)",0.291764,0.004539,"(-0.017185, -0.000015, 3.656845)",LeftFalse_RightFalse
29.431396,0.060095,"(1.8893777132034302, 1.2039676904678345, -0.9604837894439697)","(3.112288475036621, 237.25570678710938, 358.38702392578125)","(1.3941779136657715, 0.8593406081199646, -1.4415967464447021)","(0.10861404240131378, 60.804866790771484, 0.19253575801849365)","(1.8152798414230347, -0.00415890384465456, -0.510540246963501)","(359.8951416015625, 241.91336059570312, 359.8053894042969)",0.648063,-0.361694,"(-2.340240, -0.000118, -1.656441)",LeftTrue_RightFalse,False,"(1.3048195838928223, -0.004186046309769154, 18.726795196533203)","(359.94537353515625, 359.6659851074219, 0.004543764516711235)",0.293048,0.004671,"(-0.016316, -0.000014, 3.664995)",LeftFalse_RightFalse
29.494019,0.060589,"(1.7506403923034668, 1.2040526866912842, -1.0649735927581787)","(3.058831214904785, 236.141357421875, 358.4415588378906)","(1.2646783590316772, 0.8594769239425659, -1.5552233457565308)","(0.10998570173978806, 59.71403503417969, 0.2042149305343628)","(1.6680495738983154, -0.00416603684425354, -0.6164810061454773)","(359.89398193359375, 240.822509765625, 359.793701171875)",0.651615,-0.361694,"(-2.374008, -0.000122, -1.745033)",LeftTrue_RightFalse,False,"(1.3038256168365479, -0.0041869268752634525, 18.956302642822266)","(359.9453430175781, 359.68328857421875, 0.0044895950704813)",0.293772,0.004022,"(-0.015253, -0.000016, 3.673279)",LeftFalse_RightFalse
29.556274,0.060932,"(1.6105839014053345, 1.2041276693344116, -1.1744567155838013)","(3.204822063446045, 235.03529357910156, 358.4872741699219)","(1.1343050003051758, 0.8595997095108032, -1.6740682125091553)","(0.11133749037981033, 58.59421920776367, 0.2146776169538498)","(1.519317626953125, -0.004173556342720985, -0.7277673482894897)","(359.892822265625, 239.70269775390625, 359.783203125)",0.654811,-0.361786,"(-2.405168, -0.000125, -1.835985)",LeftTrue_RightFalse,False,"(1.3028877973556519, -0.004187929909676313, 19.185394287109375)","(359.94525146484375, 359.70001220703125, 0.004301833920180798)",0.293738,0.006093,"(-0.014705, -0.000017, 3.681623)",LeftFalse_RightFalse
29.615234,0.060536,"(1.4764761924743652, 1.2041958570480347, -1.2832658290863037)","(3.2225422859191895, 233.9247589111328, 358.5748291015625)","(1.009795904159546, 0.8597118854522705, -1.7918555736541748)","(0.11256401240825653, 57.50533676147461, 0.22427980601787567)","(1.3768179416656494, -0.004180644638836384, -0.8385406136512756)","(359.89178466796875, 238.61383056640625, 359.7735900878906)",0.656516,-0.363861,"(-2.433047, -0.000129, -1.929648)",LeftTrue_RightFalse,False,"(1.302091360092163, -0.004188884515315294, 19.40266227722168)","(359.9451599121094, 359.7171325683594, 0.004577260930091143)",0.29262,0.006459,"(-0.012316, -0.000014, 3.689888)",LeftFalse_RightFalse
29.678223,0.061018,"(1.3318586349487305, 1.2042725086212158, -1.4052883386611938)","(3.148031711578369, 232.5641326904297, 358.58648681640625)","(0.8759228587150574, 0.8598361611366272, -1.9235508441925049)","(0.11373401433229446, 56.30937957763672, 0.23519721627235413)","(1.2230437994003296, -0.004188764840364456, -0.9629299640655518)","(359.8908386230469, 237.4178466796875, 359.76263427734375)",0.656878,-0.369629,"(-2.455913, -0.000130, -2.026973)",LeftTrue_RightFalse,False,"(1.3013815879821777, -0.004189827013760805, 19.635156631469727)","(359.9450988769531, 359.7386474609375, 0.0051824054680764675)",0.294436,0.006453,"(-0.010323, -0.000017, 3.697872)",LeftFalse_RightFalse
29.742432,0.061649,"(1.1837785243988037, 1.2043688297271729, -1.5367255210876465)","(3.1268365383148193, 231.2969207763672, 358.5826416015625)","(0.7390037775039673, 0.859981119632721, -2.0643882751464844)","(0.11464723199605942, 55.047237396240234, 0.2484026402235031)","(1.0649834871292114, -0.0041967532597482204, -1.0965253114700317)","(359.8901672363281, 236.1557159423828, 359.7494201660156)",0.652127,-0.377747,"(-2.471520, -0.000129, -2.129148)",LeftTrue_RightFalse,False,"(1.3007781505584717, -0.004190957173705101, 19.872743606567383)","(359.9450378417969, 359.762451171875, 0.00563465990126133)",0.295135,0.005691,"(-0.008679, -0.000015, 3.706085)",LeftFalse_RightFalse
29.804565,0.06176,"(1.0395934581756592, 1.2051382064819336, -1.6702498197555542)","(3.0617284774780273, 230.02731323242188, 358.6332092285156)","(0.6065704822540283, 0.8601433038711548, -2.207552433013916)","(0.11509701609611511, 53.77302169799805, 0.2638298273086548)","(0.9110782742500305, -0.004204338416457176, -1.2328715324401855)","(359.8900146484375, 234.88150024414062, 359.7339782714844)",0.635324,-0.387146,"(-2.478720, -0.000129, -2.235428)",LeftTrue_RightFalse,False,"(1.3002710342407227, -0.004191868472844362, 20.10357666015625)","(359.9449462890625, 359.7852478027344, 0.005657097324728966)",0.294423,0.009951,"(-0.007726, -0.000016, 3.714360)",LeftFalse_RightFalse
29.865112,0.061516,"(0.8994268774986267, 1.205501675605774, -1.8063876628875732)","(2.918137788772583, 228.6637725830078, 358.43731689453125)","(0.478660523891449, 0.8603138327598572, -2.353344202041626)","(0.11484263837337494, 52.478702545166016, 0.2809355556964874)","(0.7612339854240417, -0.004211073275655508, -1.372235894203186)","(359.890625, 233.58718872070312, 359.7168884277344)",0.597187,-0.39856,"(-2.476059, -0.000113, -2.343676)",LeftTrue_RightFalse,False,"(1.2999868392944336, -0.004192855674773455, 20.328723907470703)","(359.9448547363281, 359.81268310546875, 0.0068171885795891285)",0.294055,0.013229,"(-0.003196, -0.000018, 3.722421)",LeftFalse_RightFalse
29.928711,0.061943,"(0.7535065412521362, 1.2064120769500732, -1.9566880464553833)","(2.857962131500244, 227.24806213378906, 358.3740539550781)","(0.34605973958969116, 0.860492467880249, -2.5134308338165283)","(0.11325619369745255, 51.05675506591797, 0.3005255460739136)","(0.6044036746025085, -0.004216858651489019, -1.5258272886276245)","(359.892578125, 232.1652374267578, 359.69732666015625)",0.537468,-0.410339,"(-2.455057, -0.000081, -2.485981)",LeftTrue_RightFalse,False,"(1.3000354766845703, -0.004193993750959635, 20.565980911254883)","(359.9447937011719, 359.85223388671875, 0.009096267633140087)",0.287992,0.014588,"(0.003824, -0.000015, 3.732927)",LeftFalse_RightFalse
29.988159,0.061442,"(0.6189560890197754, 1.2068008184432983, -2.1032462120056152)","(2.938211441040039, 225.94573974609375, 358.4683837890625)","(0.22454065084457397, 0.8606373071670532, -2.669036626815796)","(0.11045417189598083, 49.677833557128906, 0.3183762729167938)","(0.45924967527389526, -0.00422049593180418, -1.6756800413131714)","(359.8957214355469, 230.78631591796875, 359.6795349121094)",0.483721,-0.416138,"(-2.433578, -0.000062, -2.554530)",LeftTrue_RightFalse,False,"(1.3003742694854736, -0.004194789566099644, 20.787988662719727)","(359.94482421875, 359.89678955078125, 0.011001825332641602)",0.300434,0.015371,"(0.007130, -0.000015, 3.737432)",LeftFalse_RightFalse
30.047852,0.061084,"(0.48653751611709595, 1.2070271968841553, -2.2558329105377197)","(2.918303966522217, 224.4969482421875, 358.55419921875)","(0.10579413175582886, 0.8607445359230042, -2.830598831176758)","(0.10533290356397629, 48.2465705871582, 0.3355746865272522)","(0.31584835052490234, -0.004221497569233179, -1.8318318128585815)","(359.90118408203125, 229.3550567626953, 359.6624450683594)",0.435349,-0.417633,"(-2.392061, -0.000005, -2.648842)",LeftTrue_RightFalse,False,"(1.300999402999878, -0.004195765592157841, 21.01128387451172)","(359.94476318359375, 359.94757080078125, 0.012641034089028835)",0.294184,0.014262,"(0.011833, -0.000014, 3.746225)",LeftFalse_RightFalse
30.111084,0.061507,"(0.3489416837692261, 1.2078293561935425, -2.422379732131958)","(2.826085329055786, 222.67832946777344, 358.7496032714844)","(-0.016351565718650818, 0.8607944250106812, -3.0069363117218018)","(0.09826672077178955, 46.69955825805664, 0.3496728241443634)","(0.16688527166843414, -0.004219159949570894, -2.002943992614746)","(359.90850830078125, 227.8080291748047, 359.64849853515625)",0.391814,-0.419128,"(-2.327391, 0.000056, -2.762283)",LeftTrue_RightFalse,False,"(1.3018875122070312, -0.004196773283183575, 21.248371124267578)","(359.94464111328125, 0.0029332307167351246, 0.013345765881240368)",0.287232,0.013616,"(0.016387, -0.000015, 3.756535)",LeftFalse_RightFalse
30.176514,0.062307,"(0.21032606065273285, 1.2081714868545532, -2.600747585296631)","(2.8289082050323486, 220.90811157226562, 358.8170166015625)","(-0.1387842446565628, 0.8608006834983826, -3.194821834564209)","(0.0902751013636589, 45.07560348510742, 0.36065801978111267)","(0.016128400340676308, -0.004214292857795954, -2.18607234954834)","(359.9167175292969, 226.18408203125, 359.6376647949219)",0.352633,-0.423737,"(-2.270371, 0.000091, -2.840030)",LeftTrue_RightFalse,False,"(1.303034782409668, -0.00419765617698431, 21.494644165039062)","(359.9447021484375, 0.05965727940201759, 0.01334972120821476)",0.296243,0.013784,"(0.019110, -0.000013, 3.762892)",LeftFalse_RightFalse
30.239014,0.062345,"(0.08228935301303864, 1.208318829536438, -2.7755887508392334)","(2.9059464931488037, 219.35057067871094, 358.9485168457031)","(-0.2510702610015869, 0.8607849478721619, -3.3783340454101562)","(0.08212458342313766, 43.51044845581055, 0.3696085810661316)","(-0.1235855370759964, -0.00420752726495266, -2.3657331466674805)","(359.925048828125, 224.61891174316406, 359.6288757324219)",0.31737,-0.430176,"(-2.203014, 0.000119, -2.911997)",LeftTrue_RightFalse,False,"(1.304327368736267, -0.0041984980925917625, 21.730037689208984)","(359.94476318359375, 0.11298170685768127, 0.013244031928479671)",0.295556,0.013368,"(0.022371, -0.000013, 3.770690)",LeftFalse_RightFalse
30.305908,0.063244,"(-0.04944857954978943, 1.2084115743637085, -2.966156482696533)","(2.83074951171875, 217.79554748535156, 358.9762268066406)","(-0.3654998242855072, 0.860763430595398, -3.5787601470947266)","(0.07303882390260696, 41.81577682495117, 0.3790596127510071)","(-0.2678193151950836, -0.004198379348963499, -2.5628249645233154)","(359.9342956542969, 222.9242401123047, 359.6195983886719)",0.285633,-0.437714,"(-2.125821, 0.000139, -2.978262)",LeftTrue_RightFalse,False,"(1.3059334754943848, -0.004199426155537367, 21.982362747192383)","(359.9447326660156, 0.16935327649116516, 0.01310983020812273)",0.296131,0.014405,"(0.025391, -0.000015, 3.778400)",LeftFalse_RightFalse
30.368774,0.063165,"(-0.1676708161830902, 1.2084829807281494, -3.149813175201416)","(2.80537486076355, 216.22779846191406, 359.00177001953125)","(-0.46700891852378845, 0.8607448935508728, -3.7707161903381348)","(0.06436711549758911, 40.199241638183594, 0.3881957530975342)","(-0.3978371322154999, -0.004188844934105873, -2.7524187564849854)","(359.9431457519531, 221.30772399902344, 359.6106262207031)",0.257069,-0.441773,"(-2.011767, 0.000156, -3.057797)",LeftTrue_RightFalse,False,"(1.3076956272125244, -0.004200371447950602, 22.220149993896484)","(359.94464111328125, 0.22336138784885406, 0.013360951095819473)",0.288023,0.014912,"(0.030686, -0.000016, 3.788664)",LeftFalse_RightFalse
30.430176,0.062827,"(-0.2778348922729492, 1.2085310220718384, -3.33197021484375)","(2.7554848194122314, 214.6103057861328, 359.0387878417969)","(-0.5603834390640259, 0.8607168793678284, -3.961336612701416)","(0.05644543841481209, 38.603145599365234, 0.3953808844089508)","(-0.5194424390792847, -0.004178955219686031, -2.941481828689575)","(359.9512023925781, 219.71160888671875, 359.6036071777344)",0.231362,-0.443939,"(-1.921906, 0.000157, -3.109984)",LeftTrue_RightFalse,False,"(1.3096743822097778, -0.0042011975310742855, 22.453182220458984)","(359.9446105957031, 0.2778533697128296, 0.013766859658062458)",0.294993,0.018715,"(0.034754, -0.000013, 3.794833)",LeftFalse_RightFalse
30.492676,0.062752,"(-0.38443392515182495, 1.2085620164871216, -3.520109176635742)","(2.6053576469421387, 212.95912170410156, 358.9928283691406)","(-0.6491713523864746, 0.8606739044189453, -4.157398223876953)","(0.04894479736685753, 36.97265625, 0.4005761742591858)","(-0.6371349096298218, -0.00416905153542757, -3.1367478370666504)","(359.95880126953125, 218.0811309814453, 359.5985412597656)",0.208226,-0.444,"(-1.829171, 0.000153, -3.155127)",LeftTrue_RightFalse,False,"(1.3120286464691162, -0.004202092066407204, 22.690349578857422)","(359.9447021484375, 0.33836525678634644, 0.015020903199911118)",0.295891,0.028239,"(0.041618, -0.000012, 3.802013)",LeftFalse_RightFalse
30.550781,0.061828,"(-0.4780937731266022, 1.2085773944854736, -3.6978468894958496)","(2.6141457557678223, 211.4896697998047, 358.8576965332031)","(-0.7263796329498291, 0.8606164455413818, -4.341622829437256)","(0.04249553382396698, 35.45402526855469, 0.40306922793388367)","(-0.741309642791748, -0.004160215146839619, -3.3209550380706787)","(359.9653015136719, 216.56248474121094, 359.59619140625)",0.187404,-0.444,"(-1.735259, 0.000146, -3.193271)",LeftTrue_RightFalse,False,"(1.3147891759872437, -0.004202749114483595, 22.911527633666992)","(359.9447021484375, 0.4099908173084259, 0.018541309982538223)",0.293795,0.030219,"(0.054635, -0.000012, 3.809150)",LeftFalse_RightFalse
30.611084,0.061516,"(-0.5695347189903259, 1.2085790634155273, -3.884176254272461)","(2.5067203044891357, 210.0001983642578, 358.9833068847656)","(-0.8008639812469482, 0.8605411648750305, -4.534002304077148)","(0.036373648792505264, 33.88481140136719, 0.40344366431236267)","(-0.8436825275421143, -0.004151500761508942, -3.514052629470825)","(359.971435546875, 214.9932861328125, 359.5959167480469)",0.168663,-0.444,"(-1.639759, 0.000143, -3.225013)",LeftTrue_RightFalse,False,"(1.3183603286743164, -0.004203463904559612, 23.14124870300293)","(359.9446716308594, 0.5041698217391968, 0.02303961105644703)",0.294924,0.033106,"(0.065133, -0.000014, 3.815908)",LeftFalse_RightFalse
30.67395,0.061783,"(-0.6593987345695496, 1.2085647583007812, -4.079815864562988)","(2.558509349822998, 208.24269104003906, 359.04974365234375)","(-0.872501015663147, 0.8604522347450256, -4.735726833343506)","(0.03056146204471588, 32.25748062133789, 0.4020906388759613)","(-0.9442377090454102, -0.0041426848620176315, -3.7173190116882324)","(359.97723388671875, 213.36595153808594, 359.5973815917969)",0.151797,-0.440796,"(-1.542904, 0.000136, -3.250703)",LeftTrue_RightFalse,False,"(1.3227657079696655, -0.0042043160647153854, 23.38124656677246)","(359.94464111328125, 0.6171860694885254, 0.02703813649713993)",0.296195,0.034171,"(0.075964, -0.000014, 3.822739)",LeftFalse_RightFalse
30.735229,0.061681,"(-0.741422712802887, 1.208534598350525, -4.271684646606445)","(2.6879754066467285, 206.5283660888672, 358.9078063964844)","(-0.9365707039833069, 0.8603519797325134, -4.933094024658203)","(0.025491127744317055, 30.68510627746582, 0.3987402319908142)","(-1.0362296104431152, -0.004134756978601217, -3.9169468879699707)","(359.98223876953125, 211.79356384277344, 359.600830078125)",0.136617,-0.432068,"(-1.447916, 0.000129, -3.270167)",LeftTrue_RightFalse,False,"(1.3277122974395752, -0.004205216187983751, 23.615673065185547)","(359.944580078125, 0.7382532358169556, 0.03006896749138832)",0.295642,0.034976,"(0.085975, -0.000014, 3.829757)",LeftFalse_RightFalse
30.795776,0.061461,"(-0.8172416687011719, 1.2084801197052002, -4.462235927581787)","(2.6468372344970703, 205.0345916748047, 358.9256591796875)","(-0.9947434067726135, 0.8602274060249329, -5.1285505294799805)","(0.02119852602481842, 29.156240463256836, 0.39209693670272827)","(-1.1215341091156006, -0.004127597436308861, -4.115318298339844)","(359.98638916015625, 210.26470947265625, 359.6075744628906)",0.122956,-0.418488,"(-1.358606, 0.000116, -3.283359)",LeftTrue_RightFalse,False,"(1.3332034349441528, -0.004206138197332621, 23.847862243652344)","(359.94451904296875, 0.8646285533905029, 0.03219467028975487)",0.295504,0.029869,"(0.095738, -0.000015, 3.836616)",LeftFalse_RightFalse
30.860474,0.062098,"(-0.8928436636924744, 1.208388090133667, -4.666255950927734)","(2.5278310775756836, 203.59132385253906, 358.87158203125)","(-1.05190908908844, 0.8600575923919678, -5.337165355682373)","(0.017515873536467552, 27.570280075073242, 0.3803729712963104)","(-1.2068252563476562, -0.004120846278965473, -4.327699661254883)","(359.9898376464844, 208.67874145507812, 359.6193542480469)",0.11066,-0.405701,"(-1.276639, 0.000107, -3.290679)",LeftTrue_RightFalse,False,"(1.3395450115203857, -0.004207078367471695, 24.09610366821289)","(359.9444580078125, 0.9972623586654663, 0.03222902491688728)",0.296944,0.025793,"(0.100898, -0.000014, 3.843565)",LeftFalse_RightFalse
30.925659,0.062724,"(-0.9650181531906128, 1.2082656621932983, -4.872824668884277)","(2.6089420318603516, 202.12571716308594, 359.0220031738281)","(-1.1051080226898193, 0.8598604202270508, -5.547406196594238)","(0.01459736842662096, 26.029001235961914, 0.3651011884212494)","(-1.2873073816299438, -0.004114926792681217, -4.542331695556641)","(359.9924621582031, 207.13746643066406, 359.6346740722656)",0.099594,-0.396454,"(-1.198536, 0.000093, -3.293182)",LeftTrue_RightFalse,False,"(1.3462361097335815, -0.004208085592836142, 24.347082138061523)","(359.9443359375, 1.1186662912368774, 0.030125893652439117)",0.297239,0.021627,"(0.104591, -0.000014, 3.850746)",LeftFalse_RightFalse
30.987671,0.062583,"(-1.0289806127548218, 1.2074462175369263, -5.068899154663086)","(2.8932924270629883, 200.77713012695312, 358.9407043457031)","(-1.151602029800415, 0.8596739172935486, -5.746829032897949)","(0.012283207848668098, 24.61693000793457, 0.3501336872577667)","(-1.3587044477462769, -0.00411017332226038, -4.746423721313477)","(-0.005507380235940218, 205.72540283203125, 359.6496887207031)",0.089635,-0.392059,"(-1.120880, 0.000082, -3.291697)",LeftTrue_RightFalse,False,"(1.3527854681015015, -0.004209024365991354, 24.586193084716797)","(359.9442138671875, 1.219327688217163, 0.027034565806388855)",0.296284,0.018811,"(0.107067, -0.000017, 3.857957)",LeftFalse_RightFalse
31.05249,0.063038,"(-1.0910276174545288, 1.2070592641830444, -5.273526191711426)","(3.007518768310547, 199.41607666015625, 358.8172302246094)","(-1.1956356763839722, 0.8595056533813477, -5.9546332359313965)","(0.01005338504910469, 23.183685302734375, 0.3367953896522522)","(-1.4278671741485596, -0.0041055213660001755, -4.959610939025879)","(-0.0035360169131308794, 204.2921600341797, 359.6630859375)",0.080671,-0.39151,"(-1.013756, 0.000080, -3.284750)",LeftTrue_RightFalse,False,"(1.3598101139068604, -0.0042100949212908745, 24.836732864379883)","(359.9441223144531, 1.3101305961608887, 0.02373085543513298)",0.290849,0.016473,"(0.110811, -0.000017, 3.867197)",LeftFalse_RightFalse
31.114868,0.062908,"(-1.145676851272583, 1.2068865299224854, -5.469855308532715)","(3.1347854137420654, 198.13699340820312, 358.7926025390625)","(-1.2332159280776978, 0.859380304813385, -6.153583526611328)","(0.008003647439181805, 21.831932067871094, 0.3272813856601715)","(-1.4889774322509766, -0.004100839141756296, -5.164234638214111)","(-0.001670708297751844, 202.94039916992188, 359.6726379394531)",0.072604,-0.39151,"(-0.931362, 0.000081, -3.275954)",LeftTrue_RightFalse,False,"(1.3667666912078857, -0.004210923332720995, 25.07815170288086)","(359.9441223144531, 1.3874441385269165, 0.021113330498337746)",0.296651,0.015101,"(0.113397, -0.000014, 3.873065)",LeftFalse_RightFalse
31.178101,0.062963,"(-1.1952732801437378, 1.206791639328003, -5.668219566345215)","(3.1244430541992188, 196.849365234375, 358.75054931640625)","(-1.2663301229476929, 0.8592777252197266, -6.353926658630371)","(0.005991216748952866, 20.482332229614258, 0.3198446035385132)","(-1.5454169511795044, -0.004095996730029583, -5.3708086013793945)","(0.00019747517944779247, 201.59080505371094, 359.6800842285156)",0.065344,-0.388916,"(-0.849088, 0.000081, -3.263890)",LeftTrue_RightFalse,False,"(1.3739938735961914, -0.00421174755319953, 25.32306671142578)","(359.94415283203125, 1.4570937156677246, 0.01887867972254753)",0.297143,0.013947,"(0.116181, -0.000013, 3.879823)",LeftFalse_RightFalse
31.239136,0.062579,"(-1.2381460666656494, 1.2067265510559082, -5.859038829803467)","(2.940997362136841, 195.57505798339844, 358.7160339355469)","(-1.2937006950378418, 0.8591848015785217, -6.546187877655029)","(0.00419451342895627, 19.197200775146484, 0.31304410099983215)","(-1.5948545932769775, -0.004091222770512104, -5.569517135620117)","(0.0018622938077896833, 200.3056640625, 359.6869201660156)",0.058809,-0.379395,"(-0.770017, 0.000081, -3.248721)",LeftTrue_RightFalse,False,"(1.381155014038086, -0.004212415777146816, 25.560102462768555)","(359.9441223144531, 1.518025517463684, 0.01713794283568859)",0.295817,0.014003,"(0.118962, -0.000012, 3.886669)",LeftFalse_RightFalse
31.302002,0.062628,"(-1.2782988548278809, 1.206648349761963, -6.054229259490967)","(2.8118510246276855, 194.3970947265625, 358.5915222167969)","(-1.3176941871643066, 0.8590698838233948, -6.742653846740723)","(0.0027043879963457584, 17.904762268066406, 0.30374959111213684)","(-1.6409268379211426, -0.004086444154381752, -5.772960186004639)","(0.003172326134517789, 199.01324462890625, 359.6962585449219)",0.052928,-0.365051,"(-0.699022, 0.000080, -3.230763)",LeftTrue_RightFalse,False,"(1.3887385129928589, -0.004213233944028616, 25.80450439453125)","(359.9440612792969, 1.5768791437149048, 0.01597399078309536)",0.29676,-0.055222,"(0.122498, -0.000013, 3.893182)",LeftFalse_RightFalse
31.367554,0.063213,"(-1.316246747970581, 1.2065393924713135, -6.256674289703369)","(2.712214231491089, 193.155029296875, 358.6441345214844)","(-1.339127540588379, 0.8589143753051758, -6.946078300476074)","(0.0016667295712977648, 16.606603622436523, 0.2900429964065552)","(-1.6844391822814941, -0.004082121420651674, -5.983882427215576)","(0.003944627940654755, 197.715087890625, 359.7099914550781)",0.047636,-0.351196,"(-0.636730, 0.000069, -3.210438)",LeftTrue_RightFalse,False,"(1.3942511081695557, -0.004213978536427021, 26.059932708740234)","(359.94427490234375, 1.5239784717559814, 359.9919128417969)",0.302756,-0.048703,"(0.067585, -0.000010, 3.899066)",LeftFalse_RightFalse
31.432617,0.063585,"(-1.3494791984558105, 1.2064175605773926, -6.456583023071289)","(2.939143180847168, 191.9969482421875, 358.56884765625)","(-1.3573415279388428, 0.8587384819984436, -7.1463823318481445)","(0.0010567416902631521, 15.379190444946289, 0.27387452125549316)","(-1.7234174013137817, -0.004078252241015434, -6.191730499267578)","(0.004241714254021645, 196.4876708984375, 359.7261657714844)",0.042872,-0.340454,"(-0.558681, 0.000063, -3.180363)",LeftTrue_RightFalse,False,"(1.397600531578064, -0.004214631859213114, 26.314010620117188)","(359.9443054199219, 1.3739818334579468, 359.9717712402344)",0.293592,-0.049217,"(0.042793, -0.000013, 3.909152)",LeftFalse_RightFalse
31.494751,0.063301,"(-1.3781989812850952, 1.2063090801239014, -6.646090507507324)","(2.9909095764160156, 191.04885864257812, 358.7013854980469)","(-1.3718299865722656, 0.858585000038147, -7.3360795974731445)","(0.0006064928020350635, 14.253132820129395, 0.25966116786003113)","(-1.7568018436431885, -0.004074888303875923, -6.388746738433838)","(0.004416924435645342, 195.36160278320312, 359.7403869628906)",0.038585,-0.330963,"(-0.502807, 0.000059, -3.155843)",LeftTrue_RightFalse,False,"(1.3998150825500488, -0.0042154924012720585, 26.557186126708984)","(359.9442138671875, 1.2004048824310303, 359.9612121582031)",0.297755,-0.049774,"(0.028569, -0.000013, 3.915169)",LeftFalse_RightFalse
31.554932,0.06267,"(-1.4032150506973267, 1.206207275390625, -6.828057765960693)","(2.8426685333251953, 190.3004913330078, 358.679443359375)","(-1.3833558559417725, 0.8584429621696472, -7.518022537231445)","(0.00026644408353604376, 13.206859588623047, 0.24641132354736328)","(-1.785754680633545, -0.004071791190654039, -6.577826976776123)","(0.0045005762949585915, 194.31533813476562, 359.7536315917969)",0.034726,-0.319977,"(-0.449659, 0.000056, -3.129746)",LeftTrue_RightFalse,False,"(1.4011359214782715, -0.004216229543089867, 26.79283905029297)","(359.9441833496094, 1.0194381475448608, 359.9555969238281)",0.29793,-0.051032,"(0.014938, -0.000014, 3.921763)",LeftFalse_RightFalse
31.616455,0.062447,"(-1.4260985851287842, 1.20610511302948, -7.01283073425293)","(2.8246047496795654, 189.5648193359375, 358.5395202636719)","(-1.3928039073944092, 0.8583014607429504, -7.702558994293213)","(-4.985904524801299e-06, 12.17996597290039, 0.23312948644161224)","(-1.8121826648712158, -0.004068800248205662, -6.769679546356201)","(0.004515016917139292, 193.2884521484375, 359.76690673828125)",0.031254,-0.306885,"(-0.400608, 0.000054, -3.102331)",LeftTrue_RightFalse,False,"(1.4016327857971191, -0.00421702116727829, 27.034433364868164)","(359.9441223144531, 0.8262770771980286, 359.9520263671875)",0.297651,-0.052105,"(0.000726, -0.000013, 3.928339)",LeftFalse_RightFalse
31.679199,0.062494,"(-1.4466135501861572, 1.2059991359710693, -7.19946813583374)","(2.734812021255493, 188.83567810058594, 358.3979187011719)","(-1.4003288745880127, 0.8581543564796448, -7.88870906829834)","(-0.00018285264377482235, 11.183257102966309, 0.21921177208423615)","(-1.8360764980316162, -0.0040658749639987946, -6.963222503662109)","(0.004423604812473059, 192.29173278808594, 359.78082275390625)",0.028128,-0.288971,"(-0.356616, 0.000052, -3.073849)",LeftTrue_RightFalse,False,"(1.40121328830719, -0.004217858426272869, 27.280853271484375)","(359.94403076171875, 0.6231255531311035, 359.9494323730469)",0.298157,-0.053444,"(-0.013818, -0.000013, 3.934755)",LeftFalse_RightFalse
31.746094,0.063389,"(-1.4653069972991943, 1.2058769464492798, -7.397336483001709)","(2.603320598602295, 188.11875915527344, 358.2205505371094)","(-1.406646490097046, 0.8579818606376648, -8.085722923278809)","(-0.00021402037236839533, 10.181544303894043, 0.20268647372722626)","(-1.8587517738342285, -0.004062836058437824, -7.1679511070251465)","(0.004135075956583023, 191.29002380371094, 359.79736328125)",0.025315,-0.262299,"(-0.320104, 0.000048, -3.044581)",LeftTrue_RightFalse,False,"(1.3997008800506592, -0.004218723624944687, 27.54461097717285)","(359.9439697265625, 0.39957594871520996, 359.9471435546875)",0.29959,-0.055087,"(-0.028944, -0.000015, 3.941129)",LeftFalse_RightFalse
31.812378,0.063957,"(-1.4835258722305298, 1.2057223320007324, -7.591104030609131)","(2.5305287837982178, 187.41351318359375, 358.0732727050781)","(-1.412179946899414, 0.8577725291252136, -8.278776168823242)","(-1.384047095598362e-06, 9.27657413482666, 0.18241767585277557)","(-1.8790256977081299, -0.004060377366840839, -7.368214130401611)","(0.003530367510393262, 190.38507080078125, 359.817626953125)",0.022784,-0.225098,"(-0.283122, 0.000042, -3.004608)",LeftTrue_RightFalse,False,"(1.3970510959625244, -0.0042197550646960735, 27.80591583251953)","(359.9438781738281, 0.17123712599277496, 359.9449768066406)",0.293376,-0.056688,"(-0.049879, -0.000015, 3.949772)",LeftFalse_RightFalse
31.874756,0.063649,"(-1.4989709854125977, 1.2055630683898926, -7.772355079650879)","(2.478691577911377, 187.05921936035156, 357.809326171875)","(-1.4172723293304443, 0.8575530648231506, -8.459176063537598)","(0.0003091911203227937, 8.506669044494629, 0.16111060976982117)","(-1.8966286182403564, -0.004058325197547674, -7.554925918579102)","(0.0028076537419110537, 189.6151580810547, 359.83892822265625)",0.020506,-0.183899,"(-0.270730, 0.000039, -2.974026)",LeftTrue_RightFalse,False,"(1.3934869766235352, -0.004220494534820318, 28.05259132385254)","(359.9438781738281, 359.9502258300781, 359.9431457519531)",0.298297,-0.056884,"(-0.067420, -0.000012, 3.954974)",LeftFalse_RightFalse
31.938965,0.063754,"(-1.5156753063201904, 1.2053565979003906, -7.957293510437012)","(2.5661935806274414, 186.7478790283203, 357.78448486328125)","(-1.4239509105682373, 0.8572690486907959, -8.643375396728516)","(0.0007601370452903211, 7.832146644592285, 0.13357391953468323)","(-1.914330244064331, -0.004056564532220364, -7.744781494140625)","(0.0018240765202790499, 188.9406280517578, 359.8664245605469)",0.018455,-0.144074,"(-0.270796, 0.000033, -2.942431)",LeftTrue_RightFalse,False,"(1.3886959552764893, -0.0042212652042508125, 28.306560516357422)","(359.94390869140625, 359.718017578125, 359.94195556640625)",0.299186,-0.065186,"(-0.082483, -0.000013, 3.960927)",LeftFalse_RightFalse
32.001953,0.063606,"(-1.5322108268737793, 1.2044677734375, -8.138376235961914)","(2.824709892272949, 186.4755096435547, 357.9520263671875)","(-1.432790994644165, 0.8569589853286743, -8.823099136352539)","(0.0011337739415466785, 7.297347545623779, 0.10370459407567978)","(-1.9319822788238525, -0.004054785240441561, -7.929069995880127)","(0.0008726709056645632, 188.4058380126953, 359.89630126953125)",0.01661,-0.113648,"(-0.277942, 0.000031, -2.909619)",LeftTrue_RightFalse,False,"(1.3827186822891235, -0.004222015384584665, 28.556339263916016)","(359.94390869140625, 359.4761657714844, 359.9386901855469)",0.298838,-0.063024,"(-0.104546, -0.000012, 3.966547)",LeftFalse_RightFalse
32.065552,0.063605,"(-1.5502570867538452, 1.2033723592758179, -8.319272994995117)","(3.150308847427368, 186.2946319580078, 358.01495361328125)","(-1.4440194368362427, 0.8566675186157227, -9.003217697143555)","(0.0012980953324586153, 6.874183654785156, 0.07589883357286453)","(-1.9502151012420654, -0.004053113516420126, -8.112852096557617)","(0.00017045915592461824, 187.982666015625, 359.9241027832031)",0.014949,-0.092255,"(-0.284629, 0.000034, -2.876056)",LeftTrue_RightFalse,False,"(1.3754163980484009, -0.004222874529659748, 28.808826446533203)","(359.9438781738281, 359.22064208984375, 359.93597412109375)",0.299001,-0.062227,"(-0.121727, -0.000013, 3.972310)",LeftFalse_RightFalse
32.133545,0.064481,"(-1.5698566436767578, 1.2028582096099854, -8.510709762573242)","(3.5835464000701904, 186.3961181640625, 358.4373779296875)","(-1.4579551219940186, 0.8564251065254211, -9.194064140319824)","(0.0012292905012145638, 6.522571563720703, 0.05297774076461792)","(-1.969947099685669, -0.004050816874951124, -8.306781768798828)","(-0.00020417071937117726, 187.6310577392578, 359.947021484375)",0.013454,-0.074829,"(-0.285518, 0.000037, -2.831283)",LeftTrue_RightFalse,False,"(1.3663655519485474, -0.004223681055009365, 29.07914924621582)","(359.9438171386719, 358.9456787109375, 359.93463134765625)",0.294533,-0.062085,"(-0.143812, -0.000013, 3.979905)",LeftFalse_RightFalse
32.20105,0.065086,"(-1.590136170387268, 1.2026398181915283, -8.698596000671387)","(3.847635507583618, 186.42506408691406, 358.7522888183594)","(-1.4728039503097534, 0.8562666177749634, -9.381585121154785)","(0.0010003335773944855, 6.240240097045898, 0.0381380133330822)","(-1.9893831014633179, -0.004048120696097612, -8.496809005737305)","(-0.00026234134566038847, 187.34872436523438, 359.96185302734375)",0.012108,-0.062744,"(-0.285563, 0.000044, -2.797668)",LeftTrue_RightFalse,False,"(1.3561091423034668, -0.0042244852520525455, 29.347976684570312)","(359.94384765625, 358.67254638671875, 359.9339599609375)",0.299959,-0.062991,"(-0.160577, -0.000011, 3.984643)",LeftFalse_RightFalse
32.266479,0.065161,"(-1.6102253198623657, 1.2025302648544312, -8.879446029663086)","(3.8031632900238037, 186.4581756591797, 359.0737609863281)","(-1.488023281097412, 0.8561545610427856, -9.56146240234375)","(0.0006863813032396138, 6.020074844360352, 0.02774955704808235)","(-2.008152961730957, -0.004045130219310522, -8.678656578063965)","(-0.000149419458466582, 187.12857055664062, 359.97222900390625)",0.010898,-0.05368,"(-0.284500, 0.000048, -2.764154)",LeftTrue_RightFalse,False,"(1.344916820526123, -0.004225169308483601, 29.6090087890625)","(359.94384765625, 358.40618896484375, 359.9331970214844)",0.299936,0.004651,"(-0.178354, -0.000012, 3.990093)",LeftFalse_RightFalse
32.331665,0.065149,"(-1.629578709602356, 1.202468991279602, -9.05679988861084)","(3.6061367988586426, 186.44265747070312, 359.1563415527344)","(-1.5036664009094238, 0.8560779690742493, -9.73833179473877)","(0.00033602298935875297, 5.841142654418945, 0.020733293145895004)","(-2.0266549587249756, -0.004041965119540691, -8.857138633728027)","(6.513890548376366e-05, 186.9496307373047, 359.9792785644531)",0.009808,-0.042358,"(-0.280026, 0.000051, -2.719930)",LeftTrue_RightFalse,False,"(1.335390567779541, -0.004226068966090679, 29.869121551513672)","(359.9437255859375, 358.26080322265625, 359.95697021484375)",0.294539,-0.002316,"(-0.133167, -0.000013, 3.999778)",LeftFalse_RightFalse
32.391479,0.064089,"(-1.6469796895980835, 1.2024339437484741, -9.217829704284668)","(3.4644980430603027, 186.36517333984375, 359.10260009765625)","(-1.5182721614837646, 0.8560280203819275, -9.89908504486084)","(1.5803201677044854e-05, 5.702688217163086, 0.016186095774173737)","(-2.0434558391571045, -0.004038918763399124, -9.019146919250488)","(0.0002973304654005915, 186.81118774414062, 359.98382568359375)",0.008827,-0.028564,"(-0.278960, 0.000051, -2.686793)",LeftTrue_RightFalse,False,"(1.3276015520095825, -0.0042269607074558735, 30.108613967895508)","(359.94366455078125, 358.20855712890625, 359.9751281738281)",0.297862,-0.002682,"(-0.130886, -0.000012, 4.005157)",LeftFalse_RightFalse
32.453613,0.063703,"(-1.6651263236999512, 1.2023954391479492, -9.383164405822754)","(3.199939489364624, 186.35061645507812, 358.8796691894531)","(-1.5339715480804443, 0.8559686541557312, -10.064241409301758)","(-0.00032734288834035397, 5.591396331787109, 0.01077817939221859)","(-2.060943841934204, -0.00403571967035532, -9.185312271118164)","(0.0005357925547286868, 186.69989013671875, 359.9892272949219)",0.007944,-0.01062,"(-0.281514, 0.000050, -2.653480)",LeftTrue_RightFalse,False,"(1.3195195198059082, -0.004227645695209503, 30.35771942138672)","(359.9436340332031, 358.1789245605469, 359.9849548339844)",0.298763,-0.003117,"(-0.131299, -0.000010, 4.010919)",LeftFalse_RightFalse
32.518433,0.063918,"(-1.6837449073791504, 1.2023428678512573, -9.553525924682617)","(2.952343463897705, 186.33583068847656, 358.83935546875)","(-1.551318645477295, 0.8558864593505859, -10.234461784362793)","(-0.0007146144635044038, 5.5190019607543945, 0.0032658546697348356)","(-2.079512596130371, -0.004032384604215622, -9.356182098388672)","(0.0007776608690619469, 186.6274871826172, -0.003251418936997652)",0.00715,0.005096,"(-0.288882, 0.000052, -2.619781)",LeftFalse_RightFalse,False,"(1.3110063076019287, -0.004228364676237106, 30.617717742919922)","(359.94354248046875, 358.1585693359375, 359.9899597167969)",0.29898,-0.003984,"(-0.132584, -0.000014, 4.016793)",LeftFalse_RightFalse
32.58374,0.064214,"(-1.7035574913024902, 1.2022827863693237, -9.722749710083008)","(3.0013835430145264, 186.46560668945312, 358.8384704589844)","(-1.5701313018798828, 0.8557923436164856, -10.404376983642578)","(-0.0011281382758170366, 5.494586944580078, -0.005309628788381815)","(-2.0988271236419678, -0.0040292213670909405, -9.526304244995117)","(0.0010252089705318213, 186.6030731201172, 0.005330459680408239)",0.006435,0.014191,"(-0.297548, 0.000048, -2.586046)",LeftFalse_RightFalse,False,"(1.3022792339324951, -0.004229182377457619, 30.88060760498047)","(359.94342041015625, 358.1409606933594, 359.9922180175781)",0.299313,-0.031099,"(-0.134505, -0.000015, 4.022635)",LeftFalse_RightFalse
32.650879,0.064792,"(-1.7246819734573364, 1.202235460281372, -9.89392375946045)","(3.018125534057617, 186.6410369873047, 358.8880310058594)","(-1.5905632972717285, 0.8557164669036865, -10.576621055603027)","(-0.001511112437583506, 5.5094194412231445, 359.9877624511719)","(-2.1191344261169434, -0.004025907721370459, -9.698395729064941)","(0.0012743257684633136, 186.617919921875, 0.012252101674675941)",0.005791,0.016083,"(-0.303957, 0.000049, -2.542077)",LeftFalse_RightFalse,False,"(1.2920897006988525, -0.004230131860822439, 31.150732040405273)","(359.943359375, 358.0763244628906, 359.9837951660156)",0.295805,-0.054691,"(-0.163697, -0.000012, 4.028891)",LeftFalse_RightFalse
32.714111,0.064482,"(-1.744972825050354, 1.2022188901901245, -10.053701400756836)","(3.07804799079895, 186.8339385986328, 358.95758056640625)","(-1.6102757453918457, 0.8556874990463257, -10.736859321594238)","(-0.0017639051657170057, 5.540933132171631, 359.985107421875)","(-2.1384034156799316, -0.004022834822535515, -9.858335494995117)","(0.0014754354488104582, 186.64942932128906, 0.014925619587302208)",0.005212,0.014008,"(-0.304614, 0.000047, -2.509995)",LeftFalse_RightFalse,False,"(1.2807508707046509, -0.004230876453220844, 31.405590057373047)","(359.9434509277344, 357.94818115234375, 359.9698486328125)",0.301239,-0.104424,"(-0.195476, -0.000010, 4.031766)",LeftFalse_RightFalse
32.775757,0.06391,"(-1.7641477584838867, 1.2022231817245483, -10.207627296447754)","(2.9628047943115234, 187.0651092529297, 359.0834045410156)","(-1.629520058631897, 0.8556908369064331, -10.891006469726562)","(-0.0019215155625715852, 5.576008319854736, 359.9853820800781)","(-2.1571054458618164, -0.004020085092633963, -10.012157440185547)","(0.001638316665776074, 186.6844940185547, 0.014654736034572124)",0.004691,0.010437,"(-0.302194, 0.000045, -2.478620)",LeftFalse_RightFalse,False,"(1.2666157484054565, -0.004231244325637817, 31.653980255126953)","(359.94390869140625, 357.70562744140625, 359.943359375)",0.307674,-0.22576,"(-0.259153, -0.000004, 4.030695)",LeftFalse_RightFalse
32.838013,0.063592,"(-1.7831172943115234, 1.2022422552108765, -10.361343383789062)","(2.9610586166381836, 187.19686889648438, 359.0965576171875)","(-1.6487164497375488, 0.8557169437408447, -11.044851303100586)","(-0.0020119475666433573, 5.6074981689453125, 359.9877014160156)","(-2.175784111022949, -0.0040173777379095554, -10.165714263916016)","(0.0017734308494254947, 186.7159881591797, 0.012346381321549416)",0.004222,0.007233,"(-0.297793, 0.000044, -2.447806)",LeftFalse_RightFalse,False,"(1.2451789379119873, -0.004229912534356117, 31.904315948486328)","(359.94622802734375, 357.183349609375, 359.881103515625)",0.344136,-0.56226,"(-0.408184, 0.000029, 4.006721)",LeftFalse_RightFalse
32.9021,0.063671,"(-1.8028569221496582, 1.202268123626709, -10.517033576965332)","(3.022469997406006, 187.20095825195312, 359.14093017578125)","(-1.6679986715316772, 0.8557533025741577, -11.200688362121582)","(-0.0020646550692617893, 5.632152080535889, 359.99090576171875)","(-2.1946396827697754, -0.004014627542346716, -10.321329116821289)","(0.0018885460449382663, 186.74063110351562, 0.009121546521782875)",0.0038,0.004944,"(-0.292753, 0.000042, -2.417387)",LeftFalse_RightFalse,False,"(1.2070757150650024, -0.00421986123546958, 32.155513763427734)","(359.96038818359375, 356.0171813964844, 359.73773193359375)",0.545443,-0.278634,"(-0.734297, 0.000213, 3.857806)",LeftFalse_RightFalse
32.9646,0.063451,"(-1.8213485479354858, 1.2022920846939087, -10.66728401184082)","(3.0035476684570312, 187.18438720703125, 359.1104431152344)","(-1.6864160299301147, 0.8557871580123901, -11.351012229919434)","(-0.0021024474408477545, 5.649056434631348, 359.993896484375)","(-2.2127528190612793, -0.004012042656540871, -10.471501350402832)","(0.0019842488691210747, 186.75755310058594, 0.006129034794867039)",0.00342,0.001709,"(-0.287841, 0.000043, -2.387270)",LeftFalse_RightFalse,False,"(1.1611270904541016, -0.004206037614494562, 32.399044036865234)","(359.9639892578125, 354.6350402832031, 359.67742919921875)",0.391283,0.304605,"(-0.736774, 0.000126, 3.918478)",LeftFalse_RightFalse
33.0271,0.06325,"(-1.8392668962478638, 1.2023141384124756, -10.815263748168945)","(2.954726219177246, 187.2238006591797, 359.07940673828125)","(-1.7043354511260986, 0.8558186292648315, -11.499027252197266)","(-0.0021318921353667974, 5.65861177444458, -0.0033367678988724947)","(-2.2304844856262207, -0.0040095155127346516, -10.61943244934082)","(0.0020669412333518267, 186.76710510253906, 0.003377385903149843)",0.003078,-0.004517,"(-0.282277, 0.000040, -2.357554)",LeftFalse_RightFalse,False,"(1.1276689767837524, -0.004203059244900942, 32.64342498779297)","(359.96539306640625, 353.9892272949219, 359.8106994628906)",0.471055,0.75399,"(-0.426556, 0.000135, 3.903817)",LeftFalse_RightFalse
33.086426,0.062473,"(-1.8557889461517334, 1.2023383378982544, -10.954105377197266)","(2.83528470993042, 187.27960205078125, 359.0126037597656)","(-1.7207856178283691, 0.8558536171913147, -11.637870788574219)","(-0.002142934827134013, 5.657010555267334, -0.0002496256784070283)","(-2.246912956237793, -0.004007268697023392, -10.758295059204102)","(0.0021377040538936853, 186.7655029296875, 0.0002910354232881218)",0.00277,-0.014038,"(-0.274625, 0.000037, -2.328397)",LeftFalse_RightFalse,False,"(1.1136460304260254, -0.004191011190414429, 32.871822357177734)","(359.97900390625, 354.28753662109375, 0.00511560495942831)",0.7328,1.0,"(-0.155499, 0.000307, 3.808017)",LeftFalse_RightFalse
33.148193,0.062339,"(-1.8723262548446655, 1.2023710012435913, -11.096736907958984)","(2.7861053943634033, 187.29579162597656, 358.8910217285156)","(-1.737058162689209, 0.8559013605117798, -11.780462265014648)","(-0.00213215802796185, 5.638199806213379, 0.004004138056188822)","(-2.263410806655884, -0.004004939924925566, -10.901065826416016)","(0.002209221478551626, 186.74668884277344, -0.003962140996009111)",0.002493,-0.028992,"(-0.264159, 0.000036, -2.299842)",LeftFalse_RightFalse,False,"(1.1168272495269775, -0.004162934143096209, 33.102840423583984)","(0.0002589985670056194, 355.39044189453125, 0.2100876420736313)",0.897141,1.0,"(0.138013, 0.000464, 3.696751)",LeftFalse_RightFalse
33.211548,0.062523,"(-1.888270616531372, 1.2024177312850952, -11.240665435791016)","(2.7744550704956055, 187.26467895507812, 358.8919677734375)","(-1.7523912191390991, 0.8559704422950745, -11.924283027648926)","(-0.002101559890434146, 5.590583324432373, 0.010222344659268856)","(-2.27938175201416, -0.004002587869763374, -11.045333862304688)","(0.00229892460629344, 186.69906616210938, 359.98980712890625)",0.002244,-0.044708,"(-0.246193, 0.000038, -2.262575)",LeftFalse_RightFalse,False,"(1.141797423362732, -0.004124667961150408, 33.331695556640625)","(0.021383333951234818, 357.336669921875, 0.4191567003726959)",1.0,1.0,"(0.603704, 0.000476, 3.543461)",LeftFalse_RightFalse
33.275391,0.062785,"(-1.903331995010376, 1.20246422290802, -11.383843421936035)","(2.6964619159698486, 187.1495819091797, 358.8288269042969)","(-1.7665233612060547, 0.8560389280319214, -12.06728744506836)","(-0.0020813827868551016, 5.51598596572876, 0.016405105590820312)","(-2.294565439224243, -0.004000235348939896, -11.189034461975098)","(0.00239836098626256, 186.62448120117188, 359.983642578125)",0.00321,-0.062286,"(-0.229836, 0.000037, -2.235139)",LeftFalse_RightFalse,False,"(1.1914950609207153, -0.0040861573070287704, 33.554805755615234)","(0.03709649667143822, 0.07114969193935394, 0.6210689544677734)",0.954088,1.0,"(0.971640, 0.000336, 3.441612)",LeftFalse_RightFalse
33.341309,0.06341,"(-1.9175045490264893, 1.2025206089019775, -11.529500961303711)","(2.6385250091552734, 187.0031280517578, 358.8239440917969)","(-1.779281735420227, 0.8561224341392517, -12.212675094604492)","(-0.002058106940239668, 5.401285171508789, 0.023985009640455246)","(-2.3089675903320312, -0.003997745458036661, -11.335491180419922)","(0.0025217276997864246, 186.50978088378906, 359.97607421875)",0.006062,-0.085083,"(-0.210469, 0.000035, -2.208265)",LeftFalse_RightFalse,False,"(1.2677098512649536, -0.004059489816427231, 33.77874755859375)","(0.04116228222846985, 3.481152057647705, 0.7832769155502319)",0.833081,1.0,"(1.297907, 0.000095, 3.369097)",LeftFalse_RightFalse
33.405151,0.063513,"(-1.9295985698699951, 1.2025872468948364, -11.668627738952637)","(2.692472457885742, 186.8277130126953, 358.91326904296875)","(-1.7894484996795654, 0.8562214374542236, -12.351425170898438)","(-0.002004062756896019, 5.2441935539245605, 0.0330057255923748)","(-2.3214027881622314, -0.003995542414486408, -11.475709915161133)","(0.002642205450683832, 186.35267639160156, 359.967041015625)",0.009822,-0.108673,"(-0.186559, 0.000035, -2.182183)",LeftFalse_RightFalse,False,"(1.361116647720337, -0.004052099771797657, 33.99129104614258)","(0.03711120784282684, 7.083071708679199, 0.8811350464820862)",0.748634,1.0,"(1.565492, -0.000092, 3.300673)",LeftFalse_RightFalse
33.466187,0.063017,"(-1.9393707513809204, 1.203299880027771, -11.799482345581055)","(2.6764492988586426, 186.64659118652344, 358.82562255859375)","(-1.7968018054962158, 0.8563270568847656, -12.481796264648438)","(-0.0019010502146556973, 5.046017169952393, 0.04258916527032852)","(-2.3316383361816406, -0.003993373829871416, -11.607940673828125)","(0.0027246095705777407, 186.15451049804688, 359.95745849609375)",0.013999,-0.130859,"(-0.160102, 0.000032, -2.156806)",LeftFalse_RightFalse,False,"(1.466073751449585, -0.004056170582771301, 34.18933868408203)","(0.03269561380147934, 10.66111946105957, 0.9328813552856445)",0.710457,-1.0,"(1.807494, -0.000170, 3.218813)",LeftFalse_RightFalse
33.52478,0.062132,"(-1.947026014328003, 1.2036057710647583, -11.923346519470215)","(2.6453638076782227, 186.43492126464844, 358.8037414550781)","(-1.8016180992126465, 0.8564262390136719, -12.60507869720459)","(-0.0017395695904269814, 4.812075138092041, 0.05151950940489769)","(-2.3398849964141846, -0.003991461358964443, -11.733428001403809)","(0.002735922811552882, 185.92056274414062, 359.9485168457031)",0.018154,-0.155304,"(-0.132892, 0.000031, -2.132111)",LeftFalse_RightFalse,False,"(1.5607119798660278, -0.0040721772238612175, 34.37731170654297)","(0.03368200734257698, 13.420602798461914, 0.7694138884544373)",1.0,-1.0,"(1.529694, 0.000118, 3.200194)",LeftFalse_RightFalse
33.585449,0.061832,"(-1.9523857831954956, 1.2037757635116577, -12.049797058105469)","(2.4414336681365967, 186.1822509765625, 358.7079162597656)","(-1.8042025566101074, 0.8565267324447632, -12.730741500854492)","(-0.0015219174092635512, 4.524808883666992, 0.06049947440624237)","(-2.346698760986328, -0.003989627584815025, -11.861814498901367)","(0.002692034700885415, 185.63330078125, 359.9395446777344)",0.022688,-0.185059,"(-0.103392, 0.000028, -2.107975)",LeftFalse_RightFalse,False,"(1.6416056156158447, -0.004071477800607681, 34.570465087890625)","(0.04336804151535034, 15.139094352722168, 0.49490925669670105)",1.0,-1.0,"(1.250690, 0.000419, 3.171322)",LeftFalse_RightFalse
33.649292,0.062234,"(-1.9561734199523926, 1.2038938999176025, -12.180924415588379)","(2.4113781452178955, 185.80870056152344, 358.7896728515625)","(-1.8039569854736328, 0.8566404581069946, -12.860913276672363)","(-0.0012917370768263936, 4.166135311126709, 0.07071381062269211)","(-2.351729154586792, -0.003987867850810289, -11.995413780212402)","(0.002659499878063798, 185.27462768554688, 359.9293212890625)",0.027562,-0.209259,"(-0.062305, 0.000024, -2.076453)",LeftFalse_RightFalse,False,"(1.7076468467712402, -0.004051509313285351, 34.77245330810547)","(0.05439089238643646, 15.813323974609375, 0.19605033099651337)",1.0,-1.0,"(0.852532, 0.000487, 3.144975)",LeftFalse_RightFalse
33.712036,0.062344,"(-1.9573030471801758, 1.2039631605148315, -12.308059692382812)","(2.405689001083374, 185.33445739746094, 358.714111328125)","(-1.8011720180511475, 0.8567217588424683, -12.9869384765625)","(-0.0010037741158157587, 3.772334337234497, 0.07783103734254837)","(-2.35477352142334, -0.0039862822741270065, -12.125235557556152)","(0.0025092782452702522, 184.8808135986328, 359.9222106933594)",0.033535,-0.215485,"(-0.031302, 0.000024, -2.053403)",LeftFalse_RightFalse,False,"(1.7522456645965576, -0.004025373607873917, 34.96996307373047)","(0.06089019030332565, 15.447810173034668, 359.9292297363281)",1.0,-1.0,"(0.535306, 0.000353, 3.129915)",LeftFalse_RightFalse
33.774048,0.06227,"(-1.9570178985595703, 1.2046632766723633, -12.431142807006836)","(2.3440868854522705, 185.18472290039062, 358.4599914550781)","(-1.796231746673584, 0.8567691445350647, -13.109564781188965)","(-0.0005722999339923263, 3.352748394012451, 0.08157534152269363)","(-2.3560729026794434, -0.0039849369786679745, -12.251949310302734)","(0.0021503211464732885, 184.46124267578125, 359.91845703125)",0.039308,-0.209808,"(-0.008680, 0.000019, -2.032146)",LeftFalse_RightFalse,False,"(1.7753185033798218, -0.004003159701824188, 35.16365432739258)","(0.0636182650923729, 14.191742897033691, 359.69659423828125)",-1.0,-1.0,"(0.185155, 0.000190, 3.103475)",LeftFalse_RightFalse
33.832397,0.061485,"(-1.9557836055755615, 1.2048945426940918, -12.545601844787598)","(2.2702791690826416, 184.92848205566406, 358.595703125)","(-1.7904292345046997, 0.8567625284194946, -13.223731994628906)","(0.0001007036044029519, 2.953246593475342, 0.07996514439582825)","(-2.3562612533569336, -0.003984103444963694, -12.370049476623535)","(0.001446292968466878, 184.06173706054688, 359.9200439453125)",0.044504,-0.200684,"(0.005329, 0.000011, -2.012858)",LeftFalse_RightFalse,False,"(1.780083179473877, -0.003974654711782932, 35.33135223388672)","(0.10087385773658752, 12.54322338104248, 359.5701599121094)",-1.0,-1.0,"(-0.035411, 0.000969, 2.522787)",LeftFalse_RightFalse
33.891846,0.061073,"(-1.953299880027771, 1.2049596309661865, -12.66169548034668)","(2.4934771060943604, 184.51593017578125, 358.6552734375)","(-1.7839956283569336, 0.8567159175872803, -13.339001655578613)","(0.0010333119425922632, 2.557985544204712, 0.0742851123213768)","(-2.3557891845703125, -0.00398379098623991, -12.489253044128418)","(0.0004039752238895744, 183.66647338867188, 359.92572021484375)",0.04918,-0.186462,"(0.014655, 0.000000, -1.995034)",LeftFalse_RightFalse,False,"(1.7731648683547974, -0.0038891795556992292, 35.46680450439453)","(0.19025731086730957, 10.897971153259277, 359.546630859375)",-1.0,-1.0,"(-0.210816, 0.001991, 1.933550)",LeftFalse_RightFalse
33.95874,0.062258,"(-1.95049250125885, 1.2049429416656494, -12.791038513183594)","(2.704787492752075, 183.8494873046875, 358.74969482421875)","(-1.7766298055648804, 0.8566343784332275, -13.467947006225586)","(0.0022724494338035583, 2.138363838195801, 0.06496743857860565)","(-2.354771852493286, -0.003984005656093359, -12.622422218322754)","(-0.0010151865426450968, 183.24685668945312, 359.93499755859375)",0.053388,-0.170044,"(0.019270, -0.000006, -1.978531)",LeftFalse_RightFalse,False,"(1.7569618225097656, -0.0037386869080364704, 35.579010009765625)","(0.29648441076278687, 9.302179336547852, 359.6034240722656)",-1.0,-1.0,"(-0.273296, 0.002463, 1.389868)",LeftFalse_RightFalse
34.024292,0.062898,"(-1.9478795528411865, 1.2048848867416382, -12.917064666748047)","(2.553680181503296, 183.3368682861328, 358.9556884765625)","(-1.7697699069976807, 0.8565393686294556, -13.59310531616211)","(0.003557972377166152, 1.7639521360397339, 0.05435052514076233)","(-2.3535850048065186, -0.0039846207946538925, -12.75139045715332)","(-0.0025058602914214134, 182.8724365234375, 359.9455871582031)",0.057572,-0.161865,"(0.020627, -0.000011, -1.963070)",LeftFalse_RightFalse,False,"(1.7403308153152466, -0.0035794428549706936, 35.65100860595703)","(0.37892091274261475, 8.177786827087402, 359.72186279296875)",-0.667143,-1.0,"(-0.246147, 0.002387, 0.880140)",LeftFalse_RightFalse
34.088379,0.063138,"(-1.9453003406524658, 1.2048306465148926, -13.039794921875)","(2.6492693424224854, 183.07568359375, 358.9648132324219)","(-1.7632935047149658, 0.8564645648002625, -13.714873313903809)","(0.004767439793795347, 1.4259181022644043, 0.04577340930700302)","(-2.352193593978882, -0.003985519986599684, -12.876632690429688)","(-0.0038810311816632748, 182.53440856933594, 359.9541320800781)",0.062131,-0.161316,"(0.024595, -0.000014, -1.948174)",LeftFalse_RightFalse,False,"(1.7282823324203491, -0.00345049356110394, 35.69272232055664)","(0.4186238944530487, 7.490285873413086, 359.8603820800781)",-0.366493,-1.0,"(-0.169999, 0.001758, 0.523545)",LeftFalse_RightFalse
34.151367,0.063104,"(-1.943203330039978, 1.2041664123535156, -13.159504890441895)","(2.790839910507202, 182.94839477539062, 359.0170593261719)","(-1.7566975355148315, 0.8564311861991882, -13.833612442016602)","(0.005842467304319143, 1.1065614223480225, 0.04125772789120674)","(-2.3503286838531494, -0.003986279480159283, -12.998682022094727)","(-0.00504321651533246, 182.21505737304688, 359.9586486816406)",0.068218,-0.161316,"(0.035694, -0.000012, -1.929008)",LeftFalse_RightFalse,False,"(1.721418857574463, -0.0033816753420978785, 35.71555709838867)","(0.4122575521469116, 7.109449863433838, 359.97479248046875)",-0.041111,-1.0,"(-0.074605, 0.000502, 0.229875)",LeftFalse_RightFalse
34.217651,0.063741,"(-1.9399139881134033, 1.2039076089859009, -13.284599304199219)","(2.8885645866394043, 182.7110595703125, 358.99945068359375)","(-1.7492284774780273, 0.8564249277114868, -13.957640647888184)","(0.006851034704595804, 0.77546626329422, 0.03936999663710594)","(-2.347702980041504, -0.003987034782767296, -13.126169204711914)","(359.9939270019531, 181.8839569091797, 359.96051025390625)",0.076079,-0.153442,"(0.045090, -0.000010, -1.915675)",LeftFalse_RightFalse,False,"(1.719866156578064, -0.0033703038934618235, 35.721946716308594)","(0.3877362012863159, 6.912205219268799, 0.08598063886165619)",0.106781,-1.0,"(-0.001684, -0.000119, -0.000608)",LeftFalse_RightFalse
34.276978,0.062869,"(-1.9363760948181152, 1.2038218975067139, -13.395955085754395)","(2.726944923400879, 182.6275177001953, 358.9135437011719)","(-1.7422304153442383, 0.8564183712005615, -14.068039894104004)","(0.0077835191041231155, 0.48743948340415955, 0.03754059970378876)","(-2.344904661178589, -0.003987493924796581, -13.239601135253906)","(359.9929504394531, 181.59593200683594, 359.9623107910156)",0.08593,-0.134399,"(0.050549, -0.000007, -1.904147)",LeftFalse_RightFalse,False,"(1.7195863723754883, -0.0034033560659736395, 35.722618103027344)","(0.3314003050327301, 6.897388458251953, 0.102740578353405)",-0.315439,-1.0,"(-0.009490, -0.000966, 0.012160)",LeftFalse_RightFalse
34.342041,0.063318,"(-1.9330360889434814, 1.2037556171417236, -13.518298149108887)","(2.468858242034912, 182.69674682617188, 358.7530212402344)","(-1.7348225116729736, 0.8563822507858276, -14.188647270202637)","(0.008967285044491291, 0.19728806614875793, 0.032609108835458755)","(-2.3417584896087646, -0.003988167271018028, -13.363288879394531)","(359.9916687011719, 181.30577087402344, 359.96722412109375)",0.098765,-0.104309,"(0.048904, -0.000011, -1.894938)",LeftFalse_RightFalse,False,"(1.7192821502685547, -0.003488128539174795, 35.723472595214844)","(0.2562144696712494, 6.883314609527588, 0.09427676349878311)",-0.320482,-1.0,"(0.000425, -0.001463, -0.002865)",LeftFalse_RightFalse
34.407227,0.063676,"(-1.929795742034912, 1.2036781311035156, -13.639952659606934)","(2.527766704559326, 182.67811584472656, 358.52374267578125)","(-1.7285877466201782, 0.8562996983528137, -14.309210777282715)","(0.010403680615127087, 359.9569091796875, 0.02303057350218296)","(-2.3391246795654297, -0.00398931372910738, -13.486427307128906)","(359.99005126953125, 181.06539916992188, 359.9767761230469)",0.11349,-0.076294,"(0.038877, -0.000019, -1.888314)",LeftFalse_RightFalse,False,"(1.7192630767822266, -0.0035923453979194164, 35.723724365234375)","(0.18669092655181885, 6.883086204528809, 0.07615596801042557)",-0.338287,-1.0,"(0.000680, -0.001611, -0.002599)",LeftFalse_RightFalse
34.469971,0.063496,"(-1.9274194240570068, 1.2035976648330688, -13.75782585144043)","(2.735421895980835, 182.65049743652344, 358.4949951171875)","(-1.7241559028625488, 0.8562029004096985, -14.425690650939941)","(0.012047862634062767, 359.78179931640625, 0.011868244968354702)","(-2.337372303009033, -0.0039909291081130505, -13.604803085327148)","(359.9881896972656, 180.89027404785156, 359.9879150390625)",0.133092,-0.051849,"(0.026009, -0.000029, -1.882432)",LeftFalse_RightFalse,False,"(1.7192320823669434, -0.003690925193950534, 35.72393035888672)","(0.13135570287704468, 6.882874488830566, 0.057699430733919144)",-0.335745,-1.0,"(0.000574, -0.001434, -0.001956)",LeftFalse_RightFalse
34.532593,0.063307,"(-1.9256837368011475, 1.2028414011001587, -13.874833106994629)","(2.9858486652374268, 182.76025390625, 358.47625732421875)","(-1.720874309539795, 0.8561351299285889, -14.541938781738281)","(0.013861291110515594, 359.6470947265625, 0.003251112764701247)","(-2.336148262023926, -0.003992953337728977, -13.722522735595703)","(359.9862060546875, 180.7555694580078, -0.003518659621477127)",0.154701,-0.032715,"(0.015075, -0.000033, -1.881112)",LeftFalse_RightFalse,False,"(1.719201683998108, -0.0037750324700027704, 35.724090576171875)","(0.08910776674747467, 6.882717132568359, 0.04220593720674515)",-0.335098,-1.0,"(0.000441, -0.001161, -0.001475)",LeftFalse_RightFalse
34.600952,0.064328,"(-1.9257190227508545, 1.2025017738342285, -14.003734588623047)","(3.0488646030426025, 182.8863067626953, 358.70355224609375)","(-1.7187602519989014, 0.8560804724693298, -14.66960620880127)","(0.01622815430164337, 359.5474548339844, -0.004832782782614231)","(-2.3355793952941895, -0.00399561133235693, -13.851298332214355)","(359.9836730957031, 180.6559295654297, 0.004517934285104275)",0.178118,-0.019836,"(0.004686, -0.000045, -1.883226)",LeftFalse_RightFalse,False,"(1.719173789024353, -0.0038450798019766808, 35.724212646484375)","(0.05600719898939133, 6.882599830627441, 0.029280081391334534)",-0.334608,-1.0,"(0.000325, -0.000862, -0.001064)",LeftFalse_RightFalse
34.66333,0.063949,"(-1.9265140295028687, 1.2023875713348389, -14.121335983276367)","(3.1446945667266846, 183.08203125, 358.7340087890625)","(-1.717947006225586, 0.8560608625411987, -14.78675651550293)","(0.01884467713534832, 359.490966796875, 359.9900817871094)","(-2.33564829826355, -0.003998595289885998, -13.969096183776855)","(359.98095703125, 180.59947204589844, 0.009548977948725224)",0.20078,-0.014221,"(-0.003225, -0.000055, -1.889116)",LeftFalse_RightFalse,False,"(1.719153881072998, -0.003889482468366623, 35.72428894042969)","(0.03534814715385437, 6.882529258728027, 0.02069312334060669)",-0.334143,-1.0,"(0.000236, -0.000589, -0.000740)",LeftFalse_RightFalse
34.724243,0.063343,"(-1.9277870655059814, 1.2023481130599976, -14.236559867858887)","(3.1407241821289062, 183.21844482421875, 358.7849426269531)","(-1.7177892923355103, 0.8560791611671448, -14.901762962341309)","(0.02182614617049694, 359.45489501953125, 359.9881286621094)","(-2.336034059524536, -0.0040023233741521835, -14.084537506103516)","(359.9779357910156, 180.56338500976562, 0.011441338807344437)",0.222763,-0.012299,"(-0.007386, -0.000065, -1.898722)",LeftFalse_RightFalse,False,"(1.7191390991210938, -0.0039171865209937096, 35.724342346191406)","(0.02181899920105934, 6.882483959197998, 0.014645888470113277)",-0.333894,-1.0,"(0.000171, -0.000366, -0.000498)",LeftFalse_RightFalse
34.787598,0.063334,"(-1.9286783933639526, 1.2023448944091797, -14.357043266296387)","(2.966600179672241, 183.15542602539062, 358.76171875)","(-1.7179327011108398, 0.8561305403709412, -15.022122383117676)","(0.025285234674811363, 359.4266052246094, 359.98870849609375)","(-2.3365719318389893, -0.00400692829862237, -14.205253601074219)","(359.9744873046875, 180.5350799560547, 0.010789301246404648)",0.243341,-0.011932,"(-0.008968, -0.000075, -1.911930)",LeftFalse_RightFalse,False,"(1.7191275358200073, -0.00393389817327261, 35.72437286376953)","(0.012715236283838749, 6.88245153427124, 0.010176550596952438)",-0.333786,-1.0,"(0.000123, -0.000201, -0.000324)",LeftFalse_RightFalse
34.851807,0.063512,"(-1.9293856620788574, 1.2023606300354004, -14.480347633361816)","(2.870070457458496, 183.0848846435547, 358.68768310546875)","(-1.7181785106658936, 0.8562018871307373, -15.145339012145996)","(0.02903680130839348, 359.40130615234375, 359.9908447265625)","(-2.3371458053588867, -0.004012031015008688, -14.328800201416016)","(359.9707946777344, 180.50978088378906, 0.00859801471233368)",0.262655,-0.009705,"(-0.009024, -0.000085, -1.934006)",LeftFalse_RightFalse,False,"(1.7191190719604492, -0.0039415378123521805, 35.724395751953125)","(0.007066757883876562, 6.882430076599121, 0.007021871395409107)",-0.3336,-1.0,"(0.000080, -0.000056, -0.000174)",LeftFalse_RightFalse
34.9104,0.062531,"(-1.9299614429473877, 1.2023773193359375, -14.593921661376953)","(2.7657957077026367, 183.0817413330078, 358.66552734375)","(-1.7184481620788574, 0.8562663793563843, -15.258852005004883)","(0.03240758180618286, 359.38031005859375, 359.9928283691406)","(-2.337683916091919, -0.004017129074782133, -14.44258975982666)","(359.96746826171875, 180.48880004882812, 0.0065439618192613125)",0.28083,-0.004944,"(-0.009684, -0.000089, -1.953611)",LeftFalse_RightFalse,False,"(1.7191132307052612, -0.003943313378840685, 35.72440719604492)","(0.003966610413044691, 6.882416248321533, 0.004993175622075796)",-0.333707,-1.0,"(0.000057, 0.000005, -0.000105)",LeftFalse_RightFalse
34.976074,0.063143,"(-1.9306707382202148, 1.202389121055603, -14.722497940063477)","(2.595986843109131, 183.20091247558594, 358.6304626464844)","(-1.7189240455627441, 0.8563263416290283, -15.387383460998535)","(0.03612608090043068, 359.36285400390625, 359.9939880371094)","(-2.338390588760376, -0.004023009445518255, -14.571365356445312)","(359.9637756347656, 180.47134399414062, 0.005306180566549301)",0.297189,0.001678,"(-0.012001, -0.000093, -1.976097)",LeftFalse_RightFalse,False,"(1.7191083431243896, -0.003941935021430254, 35.72441482543945)","(0.0020025072153657675, 6.882406711578369, 0.003412677440792322)",-0.333754,-1.0,"(0.000040, 0.000037, -0.000061)",LeftFalse_RightFalse
35.035889,0.062485,"(-1.9315098524093628, 1.2023900747299194, -14.841362953186035)","(2.7952194213867188, 183.3880157470703, 358.5777282714844)","(-1.7196884155273438, 0.8563651442527771, -15.506245613098145)","(0.039451319724321365, 359.3569030761719, 359.9936828613281)","(-2.3392438888549805, -0.0040285722352564335, -14.69034194946289)","(359.9604187011719, 180.4654083251953, 0.005564913619309664)",0.311911,0.005341,"(-0.016053, -0.000094, -2.001126)",LeftFalse_RightFalse,False,"(1.7191050052642822, -0.003939180634915829, 35.724422454833984)","(0.0010539856739342213, 6.882400989532471, 0.0024071214720606804)",-0.333782,-1.0,"(0.000028, 0.000053, -0.000034)",LeftFalse_RightFalse
35.101563,0.063121,"(-1.932692527770996, 1.2023875713348389, -14.973649978637695)","(2.9227030277252197, 183.398681640625, 358.65594482421875)","(-1.7209250926971436, 0.8564009666442871, -15.638569831848145)","(0.04298391565680504, 359.3614196777344, 359.99285888671875)","(-2.340428113937378, -0.004034705460071564, -14.822670936584473)","(359.9568786621094, 180.46990966796875, 0.006318487226963043)",0.32675,0.005157,"(-0.019371, -0.000095, -2.028428)",LeftFalse_RightFalse,False,"(1.7191022634506226, -0.003935578744858503, 35.72442626953125)","(0.0005598532734438777, 6.882396221160889, 0.001641862909309566)",-0.333793,-1.0,"(0.000019, 0.000055, -0.000018)",LeftFalse_RightFalse
35.16748,0.063695,"(-1.9332928657531738, 1.2023909091949463, -15.108663558959961)","(3.174989700317383, 183.23179626464844, 358.7524108886719)","(-1.7223987579345703, 0.8564443588256836, -15.773649215698242)","(0.046419594436883926, 359.371337890625, 359.99285888671875)","(-2.3417599201202393, -0.004040746949613094, -14.957695007324219)","(359.9534606933594, 180.4798126220703, 0.006241094786673784)",0.342088,-3.1e-05,"(-0.020671, -0.000092, -2.058029)",LeftFalse_RightFalse,False,"(1.7191001176834106, -0.003932114690542221, 35.72442626953125)","(0.00037826935295015574, 6.8823933601379395, 0.0011178263230249286)",-0.333786,-1.0,"(0.000012, 0.000050, -0.000009)",LeftFalse_RightFalse
35.2323,0.06391,"(-1.9343172311782837, 1.2024070024490356, -15.243383407592773)","(3.1326098442077637, 183.138916015625, 358.85662841796875)","(-1.7237181663513184, 0.8565058708190918, -15.908409118652344)","(0.04971811920404434, 359.3759460449219, -0.005245205946266651)","(-2.342984914779663, -0.004046767950057983, -15.092453956604004)","(359.9501953125, 180.48443603515625, 0.004282393958419561)",0.357479,-0.006073,"(-0.018473, -0.000093, -2.100633)",LeftFalse_RightFalse,False,"(1.7190985679626465, -0.003929234109818935, 35.72442626953125)","(0.0003566909581422806, 6.882391929626465, 0.0007678480469621718)",-0.333762,-1.0,"(0.000005, 0.000038, -0.000003)",LeftFalse_RightFalse
35.297852,0.064228,"(-1.9353446960449219, 1.2024295330047607, -15.3818941116333)","(3.1466264724731445, 183.1114501953125, 358.9001159667969)","(-1.724770188331604, 0.8565748929977417, -16.046924591064453)","(0.0528608113527298, 359.3717346191406, -0.002450725995004177)","(-2.3440539836883545, -0.004052610602229834, -15.231060981750488)","(359.9471130371094, 180.48023986816406, 0.0014276399742811918)",0.37173,-0.010437,"(-0.014914, -0.000091, -2.134863)",LeftFalse_RightFalse,False,"(1.7190972566604614, -0.003926957491785288, 35.72442626953125)","(0.00040128640830516815, 6.88239049911499, 0.0005244414205662906)",-0.333757,-1.0,"(0.000007, 0.000030, 0.000001)",LeftFalse_RightFalse
35.363525,0.064519,"(-1.9354870319366455, 1.202454924583435, -15.523887634277344)","(3.0586559772491455, 183.1862030029297, 358.91363525390625)","(-1.7254018783569336, 0.8566464781761169, -16.188207626342773)","(0.05592362955212593, 359.3555603027344, 0.000703273864928633)","(-2.3448681831359863, -0.00405857153236866, -15.372564315795898)","(359.944091796875, 180.46405029296875, -0.001785022090189159)",0.385337,-0.011139,"(-0.011226, -0.000091, -2.171236)",LeftFalse_RightFalse,False,"(1.7190966606140137, -0.003925185650587082, 35.72442626953125)","(0.0004681998980231583, 6.88239049911499, 0.0003509862581267953)",-0.333757,-1.0,"(0.000005, 0.000025, 0.000001)",LeftFalse_RightFalse
35.427734,0.064459,"(-1.9358619451522827, 1.2024718523025513, -15.664838790893555)","(2.953969955444336, 183.29977416992188, 358.91693115234375)","(-1.725731611251831, 0.8567042946815491, -16.328866958618164)","(0.05884326621890068, 359.33258056640625, 0.0027482151053845882)","(-2.3454935550689697, -0.00406444538384676, -15.513516426086426)","(359.94122314453125, 180.4410858154297, -0.0038860624190419912)",0.399145,-0.010986,"(-0.009264, -0.000092, -2.209641)",LeftFalse_RightFalse,False,"(1.719096302986145, -0.0039239381439983845, 35.72442626953125)","(0.0005308756371960044, 6.88239049911499, 0.00023795251036062837)",-0.333746,-1.0,"(0.000003, 0.000017, 0.000002)",LeftFalse_RightFalse
35.489258,0.063878,"(-1.936254620552063, 1.2024794816970825, -15.802371978759766)","(2.8336760997772217, 183.37445068359375, 358.9092712402344)","(-1.7259173393249512, 0.8567468523979187, -16.466251373291016)","(0.061590492725372314, 359.30828857421875, 0.003579342970624566)","(-2.346012592315674, -0.004070306196808815, -15.651204109191895)","(359.9384765625, 180.41677856445312, -0.004770181607455015)",0.413526,-0.010803,"(-0.007847, -0.000092, -2.263551)",LeftFalse_RightFalse,False,"(1.7190958261489868, -0.003923051059246063, 35.72442626953125)","(0.0005806550616398454, 6.88239049911499, 0.00016551630687899888)",-0.333742,-1.0,"(0.000002, 0.000012, 0.000001)",LeftFalse_RightFalse
35.549683,0.063193,"(-1.936627745628357, 1.2024818658828735, -15.939310073852539)","(2.6609060764312744, 183.23793029785156, 359.00286865234375)","(-1.7260262966156006, 0.8567803502082825, -16.603694915771484)","(0.06415672600269318, 359.28363037109375, 0.0037882274482399225)","(-2.346468210220337, -0.0040758089162409306, -15.788952827453613)","(359.9359436035156, 180.39212036132812, -0.005028672982007265)",0.426859,-0.010803,"(-0.007025, -0.000095, -2.306056)",LeftFalse_RightFalse,False,"(1.7190957069396973, -0.003922424744814634, 35.72442626953125)","(0.0006183730438351631, 6.88239049911499, 0.00011519713007146493)",-0.333739,-1.0,"(0.000001, 0.000007, 0.000001)",LeftFalse_RightFalse
35.612793,0.063166,"(-1.9369715452194214, 1.2024824619293213, -16.0853271484375)","(2.544708490371704, 183.10708618164062, 358.9228210449219)","(-1.726076364517212, 0.8568117618560791, -16.74987030029297)","(0.06679648905992508, 359.25750732421875, 0.003743502777069807)","(-2.3468899726867676, -0.004081762861460447, -15.93545150756836)","(359.93328857421875, 180.36599731445312, -0.00503502506762743)",0.438859,-0.010803,"(-0.006145, -0.000094, -2.350537)",LeftFalse_RightFalse,False,"(1.7190954685211182, -0.003922026604413986, 35.72442626953125)","(0.0006475945119746029, 6.88239049911499, 8.061703556450084e-05)",-0.333738,-1.0,"(0.000001, 0.000004, 0.000001)",LeftFalse_RightFalse
35.672485,0.062471,"(-1.937246322631836, 1.2024827003479004, -16.226436614990234)","(2.5025455951690674, 183.1952362060547, 359.0095520019531)","(-1.726062297821045, 0.8568408489227295, -16.8909854888916)","(0.06928185373544693, 359.2322692871094, 0.00364908785559237)","(-2.3472352027893066, -0.004087407141923904, -16.07687759399414)","(359.9308166503906, 180.34075927734375, -0.00498870899900794)",0.44966,-0.010803,"(-0.005222, -0.000097, -2.396761)",LeftFalse_RightFalse,False,"(1.719095230102539, -0.003921825438737869, 35.72442626953125)","(0.0006669037975370884, 6.88239049911499, 5.706675074179657e-05)",-0.333737,-1.0,"(0.000001, 0.000003, 0.000000)",LeftFalse_RightFalse
35.736328,0.06274,"(-1.9374786615371704, 1.2024829387664795, -16.38043785095215)","(2.569899082183838, 183.2238006591797, 359.10302734375)","(-1.7259767055511475, 0.8568712472915649, -17.044937133789062)","(0.07189659774303436, 359.2047424316406, 0.0035670383367687464)","(-2.347541570663452, -0.004093625582754612, -16.23116683959961)","(359.9281921386719, 180.313232421875, -0.004957258235663176)",0.45938,-0.010803,"(-0.004249, -0.000101, -2.444519)",LeftFalse_RightFalse,False,"(1.719095230102539, -0.003921676427125931, 35.72442626953125)","(0.0006804665317758918, 6.88239049911499, 3.982255657319911e-05)",-0.333737,-1.0,"(0.000000, 0.000002, 0.000000)",LeftFalse_RightFalse
35.799927,0.062934,"(-1.937643051147461, 1.2024831771850586, -16.53746795654297)","(2.580859899520874, 183.08657836914062, 359.12109375)","(-1.725815773010254, 0.8569008111953735, -17.20189094543457)","(0.07443041354417801, 359.1766357421875, 0.0035287977661937475)","(-2.3477797508239746, -0.0041000088676810265, -16.388463973999023)","(359.9256591796875, 180.28514099121094, -0.004968042951077223)",0.468128,-0.010803,"(-0.003218, -0.000100, -2.493617)",LeftFalse_RightFalse,False,"(1.71909499168396, -0.003921627998352051, 35.72442626953125)","(0.0006890648510307074, 6.88239049911499, 2.6258961952407844e-05)",-0.333737,-1.0,"(0.000000, 0.000001, 0.000000)",LeftFalse_RightFalse
35.858032,0.061948,"(-1.9364988803863525, 1.2024835348129272, -16.68334197998047)","(2.5917391777038574, 182.98863220214844, 359.1473693847656)","(-1.725600242614746, 0.8569268584251404, -17.347705841064453)","(0.07664559036493301, 359.1505432128906, 0.00353358406573534)","(-2.3479342460632324, -0.004105842672288418, -16.534595489501953)","(359.9234313964844, 180.25901794433594, -0.005015682429075241)",0.47561,-0.010803,"(-0.002124, -0.000101, -2.543885)",LeftFalse_RightFalse,False,"(1.71909499168396, -0.003921598196029663, 35.72442626953125)","(0.0006935310084372759, 6.88239049911499, 1.8045380784315057e-05)",-0.333738,-1.0,"(0.000000, 0.000000, 0.000000)",LeftFalse_RightFalse
35.920654,0.062079,"(-1.9359627962112427, 1.2024832963943481, -16.84398651123047)","(2.6036808490753174, 182.9273223876953, 359.1719665527344)","(-1.7252885103225708, 0.8569532036781311, -17.508268356323242)","(0.07890606671571732, 359.12176513671875, 0.0035764086060225964)","(-2.348029613494873, -0.00411237683147192, -16.695505142211914)","(359.9211730957031, 180.23025512695312, -0.0051022302359342575)",0.481954,-0.010803,"(-0.000961, -0.000104, -2.595104)",LeftFalse_RightFalse,False,"(1.71909499168396, -0.003921598196029663, 35.72442626953125)","(0.0006969763780944049, 6.88239049911499, 1.2448517736629583e-05)",-0.333737,-1.0,"(0.000000, 0.000000, 0.000000)",LeftFalse_RightFalse
35.981934,0.061924,"(-1.9357032775878906, 1.2024831771850586, -17.004554748535156)","(2.6407814025878906, 182.83773803710938, 359.1126708984375)","(-1.7248992919921875, 0.8569773435592651, -17.668746948242188)","(0.08096719533205032, 359.0929870605469, 0.0036519954446703196)","(-2.3480467796325684, -0.00411861389875412, -16.856327056884766)","(359.91912841796875, 180.2014923095703, -0.005217676982283592)",0.487663,-0.010803,"(0.000272, -0.000101, -2.647070)",LeftFalse_RightFalse,False,"(1.7190948724746704, -0.003921598196029663, 35.72442626953125)","(0.000698331743478775, 6.88239049911499, 9.135912478086539e-06)",-0.333737,-1.0,"(0.000000, 0.000000, 0.000000)",LeftFalse_RightFalse
36.042969,0.061745,"(-1.9354896545410156, 1.20248281955719, -17.16767692565918)","(2.6800520420074463, 182.7978973388672, 359.1474609375)","(-1.7244248390197754, 0.8569992780685425, -17.83177375793457)","(0.08285857737064362, 359.06378173828125, 0.0037550036795437336)","(-2.347984552383423, -0.00412485096603632, -17.01970100402832)","(359.917236328125, 180.17225646972656, -0.005357255693525076)",0.492411,-0.010803,"(0.001581, -0.000101, -2.699669)",LeftFalse_RightFalse,False,"(1.7190947532653809, -0.003921598196029663, 35.72442626953125)","(0.0006994501454755664, 6.88239049911499, 7.640092007932253e-06)",-0.333738,-1.0,"(0.000000, 0.000000, 0.000000)",LeftFalse_RightFalse
36.104248,0.061658,"(-1.9352376461029053, 1.2024823427200317, -17.334835052490234)","(2.718860149383545, 182.7237548828125, 359.1882019042969)","(-1.7238552570343018, 0.8570194840431213, -17.99883270263672)","(0.08459452539682388, 359.0338134765625, 0.0038809427060186863)","(-2.347837448120117, -0.00413094786927104, -17.187110900878906)","(359.9154968261719, 180.1422882080078, -0.00551675446331501)",0.496684,-0.010803,"(0.002968, -0.000099, -2.752734)",LeftFalse_RightFalse,False,"(1.7190948724746704, -0.003921598196029663, 35.72442626953125)","(0.0006995736621320248, 6.88239049911499, 5.163231890037423e-06)",-0.333737,-1.0,"(0.000000, 0.000000, 0.000000)",LeftFalse_RightFalse
36.171631,0.062815,"(-1.9341641664505005, 1.2024815082550049, -17.522565841674805)","(2.6985297203063965, 182.6122589111328, 359.2410583496094)","(-1.72311532497406, 0.857039213180542, -18.18646240234375)","(0.08631712198257446, 359.0001525878906, 0.004040601197630167)","(-2.34757137298584, -0.004137631971389055, -17.375133514404297)","(359.9137878417969, 180.10862731933594, -0.005709707736968994)",0.50053,-0.010803,"(0.004940, -0.000097, -2.823918)",LeftFalse_RightFalse,False,"(1.7190947532653809, -0.003921598196029663, 35.72442626953125)","(0.0006998943281359971, 6.88239049911499, 2.130971779479296e-06)",-0.333738,-1.0,"(0.000000, 0.000000, 0.000000)",LeftFalse_RightFalse
36.232788,0.062469,"(-1.9335336685180664, 1.2024805545806885, -17.696107864379883)","(2.670123338699341, 182.5518341064453, 359.2851867675781)","(-1.7223368883132935, 0.8570548892021179, -18.359901428222656)","(0.08769413083791733, 358.9690246582031, 0.00420076958835125)","(-2.3472306728363037, -0.004143405705690384, -17.548933029174805)","(359.91241455078125, 180.0775146484375, 359.9941101074219)",0.503991,-0.010803,"(0.006515, -0.000096, -2.877535)",LeftFalse_RightFalse,False,"(1.7190947532653809, -0.003921598196029663, 35.72442626953125)","(0.000699767260812223, 6.88239049911499, 1.2159981679360499e-06)",-0.333739,-1.0,"(0.000000, -0.000001, 0.000000)",LeftFalse_RightFalse
36.293945,0.062207,"(-1.9329315423965454, 1.202479362487793, -17.87321662902832)","(2.658358573913574, 182.50164794921875, 359.2967224121094)","(-1.7214487791061401, 0.8570688962936401, -18.536903381347656)","(0.0889398530125618, 358.937255859375, 0.004374524112790823)","(-2.3467891216278076, -0.004149160347878933, -17.726299285888672)","(359.9111633300781, 180.04574584960938, 359.993896484375)",0.507106,-0.010803,"(0.008174, -0.000095, -2.931385)",LeftFalse_RightFalse,False,"(1.7190948724746704, -0.003921598196029663, 35.72442626953125)","(0.0006997670861892402, 6.88239049911499, -3.930249192762858e-07)",-0.333738,-1.0,"(0.000000, -0.000001, 0.000000)",LeftFalse_RightFalse
36.351807,0.061346,"(-1.9323112964630127, 1.2024779319763184, -18.043968200683594)","(2.59505033493042, 182.39918518066406, 359.3252258300781)","(-1.720503330230713, 0.8570806384086609, -18.707548141479492)","(0.09002304077148438, 358.9066162109375, 0.004547701682895422)","(-2.3462741374969482, -0.004154798574745655, -17.897294998168945)","(359.91009521484375, 180.01512145996094, 359.99371337890625)",0.509519,-0.010803,"(0.009920, -0.000094, -2.985406)",LeftFalse_RightFalse,False,"(1.7190948724746704, -0.003921627998352051, 35.72442626953125)","(0.0006998110911808908, 6.88239049911499, -8.042655963436118e-07)",-0.333737,-1.0,"(0.000000, 0.000000, 0.000000)",LeftFalse_RightFalse
36.413208,0.061361,"(-1.9315617084503174, 1.2024763822555542, -18.228412628173828)","(2.571275234222412, 182.3257293701172, 359.3151550292969)","(-1.719382882118225, 0.8570921421051025, -18.891876220703125)","(0.09107977151870728, 358.87353515625, 0.004740274976938963)","(-2.34561824798584, -0.0041605327278375626, -18.082000732421875)","(359.9090270996094, 179.98202514648438, 359.9934997558594)",0.5113,-0.010803,"(0.011753, -0.000092, -3.039477)",LeftFalse_RightFalse,False,"(1.71909499168396, -0.003921627998352051, 35.72442626953125)","(0.0006996733718551695, 6.88239049911499, -8.190062885660154e-07)",-0.333738,-1.0,"(0.000000, 0.000000, 0.000000)",LeftFalse_RightFalse
36.476318,0.061702,"(-1.9306769371032715, 1.2024749517440796, -18.421329498291016)","(2.5645532608032227, 182.27877807617188, 359.3921203613281)","(-1.7181013822555542, 0.8571027517318726, -19.084671020507812)","(0.09206859022378922, 358.83892822265625, 0.004946679808199406)","(-2.344822406768799, -0.004166217055171728, -18.275188446044922)","(359.9080505371094, 179.94741821289062, 359.9932861328125)",0.512121,-0.010803,"(0.013675, -0.000092, -3.093482)",LeftFalse_RightFalse,False,"(1.7190947532653809, -0.003921627998352051, 35.72442626953125)","(0.0006996094598434865, 6.88239049911499, -6.952868716325611e-07)",-0.333737,-1.0,"(0.000000, 0.000000, 0.000000)",LeftFalse_RightFalse
36.533936,0.060882,"(-1.9297575950622559, 1.2024731636047363, -18.60063934326172)","(2.5235166549682617, 182.19447326660156, 359.3575744628906)","(-1.7168102264404297, 0.8571112155914307, -19.263866424560547)","(0.09287912398576736, 358.8067626953125, 0.005141043104231358)","(-2.343982458114624, -0.004171553533524275, -18.454748153686523)","(359.9072265625, 179.9152374267578, 359.9930725097656)",0.51247,-0.010803,"(0.015686, -0.000093, -3.147251)",LeftFalse_RightFalse,False,"(1.7190948724746704, -0.003921627998352051, 35.72442626953125)","(0.0006995539297349751, 6.88239049911499, -7.064677447488066e-07)",-0.333738,-1.0,"(0.000000, 0.000000, 0.000000)",LeftFalse_RightFalse
36.59375,0.060676,"(-1.9286822080612183, 1.202471137046814, -18.790098190307617)","(2.466742753982544, 182.1608123779297, 359.36181640625)","(-1.7153408527374268, 0.8571184277534485, -19.453203201293945)","(0.0936179906129837, 358.77276611328125, 0.00534876249730587)","(-2.342989683151245, -0.004177069291472435, -18.644468307495117)","(359.906494140625, 179.88125610351562, 359.9928283691406)",0.512003,-0.010803,"(0.017786, -0.000092, -3.200695)",LeftFalse_RightFalse,False,"(1.7190948724746704, -0.003921627998352051, 35.72442626953125)","(0.0006995591684244573, 6.88239049911499, -7.275430675690586e-07)",-0.333738,-1.0,"(0.000000, 0.000000, 0.000000)",LeftFalse_RightFalse
36.653809,0.060547,"(-1.9274744987487793, 1.2024688720703125, -18.983304977416992)","(2.4524435997009277, 182.1412353515625, 359.34112548828125)","(-1.713730812072754, 0.8571242690086365, -19.646284103393555)","(0.09424705058336258, 358.73809814453125, 0.005562101025134325)","(-2.3418655395507812, -0.004182577133178711, -18.83793830871582)","(359.9058837890625, 179.84658813476562, 359.99261474609375)",0.511192,-0.010803,"(0.019976, -0.000089, -3.253669)",LeftFalse_RightFalse,False,"(1.71909499168396, -0.003921627998352051, 35.72442626953125)","(0.0006996834999881685, 6.88239049911499, -5.844452743986039e-07)",-0.333738,-1.0,"(0.000000, 0.000000, 0.000000)",LeftFalse_RightFalse
36.72229,0.062125,"(-1.9259324073791504, 1.2024660110473633, -19.207441329956055)","(2.424347400665283, 182.13433837890625, 359.2926025390625)","(-1.7117221355438232, 0.8571290373802185, -19.87027359008789)","(0.09482382982969284, 358.6978759765625, 0.005811756942421198)","(-2.3404200077056885, -0.00418876064941287, -19.0623779296875)","(359.9053039550781, 179.80638122558594, 359.9923400878906)",0.509673,-0.010803,"(0.022256, -0.000091, -3.306105)",LeftFalse_RightFalse,False,"(1.7190948724746704, -0.003921627998352051, 35.72442626953125)","(0.0006997205782681704, 6.88239049911499, -7.608936130054644e-07)",-0.333738,-1.0,"(0.000000, 0.000000, 0.000000)",LeftFalse_RightFalse
36.786865,0.062631,"(-1.9243090152740479, 1.202463150024414, -19.42289161682129)","(2.4875779151916504, 182.1508331298828, 359.20489501953125)","(-1.7096502780914307, 0.8571317195892334, -20.085580825805664)","(0.09523222595453262, 358.65924072265625, 0.006052523385733366)","(-2.3388891220092773, -0.004194446839392185, -19.27811622619629)","(359.9049072265625, 179.76773071289062, 359.9920959472656)",0.507512,-0.010803,"(0.024624, -0.000089, -3.357878)",LeftFalse_RightFalse,False,"(1.7190948724746704, -0.003921627998352051, 35.72442626953125)","(0.0006996539887040854, 6.88239049911499, -1.1362596978869988e-06)",-0.333738,-1.0,"(0.000000, 0.000000, 0.000000)",LeftFalse_RightFalse
36.851318,0.062986,"(-1.9225207567214966, 1.2024599313735962, -19.64110565185547)","(2.471285820007324, 182.1865234375, 359.1541442871094)","(-1.7074079513549805, 0.8571324944496155, -20.303651809692383)","(0.09550300985574722, 358.6200866699219, 0.0062980796210467815)","(-2.3371944427490234, -0.0042001623660326, -19.496620178222656)","(359.9046325683594, 179.72860717773438, 359.9918518066406)",0.503981,-0.010803,"(0.027920, -0.000084, -3.425774)",LeftFalse_RightFalse,False,"(1.7190948724746704, -0.003921627998352051, 35.72442626953125)","(0.0006995121366344392, 6.88239049911499, -1.560540908940311e-06)",-0.333738,-1.0,"(0.000000, 0.000000, 0.000000)",LeftFalse_RightFalse
36.914917,0.063113,"(-1.9205818176269531, 1.2024568319320679, -19.860076904296875)","(2.41098690032959, 182.15423583984375, 359.1654052734375)","(-1.7050132751464844, 0.8571319580078125, -20.52247428894043)","(0.09564933180809021, 358.5808410644531, 0.006543678697198629)","(-2.3353490829467773, -0.004205464385449886, -19.715877532958984)","(359.90447998046875, 179.6893310546875, 359.9916076660156)",0.497627,-0.010803,"(0.030493, -0.000083, -3.475615)",LeftFalse_RightFalse,False,"(1.7190948724746704, -0.003921627998352051, 35.72442626953125)","(0.0006995126605033875, 6.88239049911499, -1.5110134654605645e-06)",-0.333738,-1.0,"(0.000000, 0.000000, 0.000000)",LeftFalse_RightFalse
36.977539,0.063005,"(-1.9185025691986084, 1.202453374862671, -20.078672409057617)","(2.3619959354400635, 182.08407592773438, 359.1607666015625)","(-1.7024798393249512, 0.857128918170929, -20.740924835205078)","(0.09561529010534286, 358.5416564941406, 0.0067872824147343636)","(-2.3333632946014404, -0.004210592247545719, -19.934757232666016)","(359.904541015625, 179.650146484375, 359.9913635253906)",0.479609,-0.010803,"(0.033143, -0.000079, -3.523926)",LeftFalse_RightFalse,False,"(1.71909499168396, -0.003921627998352051, 35.72442626953125)","(0.0006994723808020353, 6.88239049911499, -1.4339848348754458e-06)",-0.333738,-1.0,"(0.000000, 0.000000, 0.000000)",LeftFalse_RightFalse
37.042847,0.063472,"(-1.9161441326141357, 1.202448844909668, -20.3101749420166)","(2.3682291507720947, 182.05760192871094, 359.1587829589844)","(-1.6996405124664307, 0.8571198582649231, -20.972267150878906)","(0.0951499491930008, 358.50018310546875, 0.007042807061225176)","(-2.331103801727295, -0.004215672612190247, -20.166549682617188)","(359.9049987792969, 179.60867309570312, 359.9911193847656)",0.435219,-0.010803,"(0.035842, -0.000072, -3.568638)",LeftFalse_RightFalse,False,"(1.7190948724746704, -0.003921627998352051, 35.72442626953125)","(0.000699391879606992, 6.88239049911499, -1.3516181525119464e-06)",-0.333738,-1.0,"(0.000000, 0.000000, 0.000000)",LeftFalse_RightFalse
37.106323,0.063474,"(-1.9136691093444824, 1.2031017541885376, -20.537822723388672)","(2.329188346862793, 182.09945678710938, 359.1766662597656)","(-1.6966938972473145, 0.8570961356163025, -21.199752807617188)","(0.09358076006174088, 358.45947265625, 0.0072899130173027515)","(-2.328726291656494, -0.004219549708068371, -20.394460678100586)","(359.9065856933594, 179.56797790527344, 359.99090576171875)",0.391697,-0.010773,"(0.038520, -0.000050, -3.605000)",LeftFalse_RightFalse,False,"(1.7190948724746704, -0.003921627998352051, 35.72442626953125)","(0.000699311844073236, 6.88239049911499, -1.2885224123238004e-06)",-0.333738,-1.0,"(0.000000, -0.000001, 0.000000)",LeftFalse_RightFalse
37.167603,0.063043,"(-1.9110891819000244, 1.20332670211792, -20.760417938232422)","(2.3027241230010986, 182.1168212890625, 359.21295166015625)","(-1.6936755180358887, 0.8570533394813538, -21.42148780822754)","(0.09057188779115677, 358.4199523925781, 0.007520235143601894)","(-2.326261043548584, -0.00422159768640995, -20.616586685180664)","(359.9095764160156, 179.52845764160156, 359.99072265625)",0.352527,-0.010773,"(0.041145, -0.000018, -3.632887)",LeftFalse_RightFalse,False,"(1.7190948724746704, -0.0039216578006744385, 35.72442626953125)","(0.0006992336129769683, 6.88239049911499, -1.2696325484284898e-06)",-0.333738,-1.0,"(0.000000, 0.000000, 0.000000)",LeftFalse_RightFalse
37.229126,0.062724,"(-1.9083495140075684, 1.204756736755371, -20.98453140258789)","(2.2682437896728516, 182.10086059570312, 359.2253112792969)","(-1.6904842853546143, 0.8569936752319336, -21.645156860351562)","(0.08621364831924438, 358.3802185058594, 0.007749134674668312)","(-2.3236260414123535, -0.004221214912831783, -20.84062957763672)","(359.9139404296875, 179.4887237548828, 359.9905700683594)",0.317274,-0.010773,"(0.044631, 0.000030, -3.659658)",LeftFalse_RightFalse,False,"(1.7190948724746704, -0.0039216578006744385, 35.72442626953125)","(0.0006989489193074405, 6.88239049911499, -1.7757984096533619e-06)",-0.333737,-1.0,"(0.000000, 0.000000, 0.000000)",LeftFalse_RightFalse
37.290161,0.062407,"(-1.9048492908477783, 1.2052996158599854, -21.20845603942871)","(2.3047664165496826, 182.10464477539062, 359.2586364746094)","(-1.6871440410614014, 0.8569268584251404, -21.868818283081055)","(0.08120904862880707, 358.3406066894531, 0.00797659158706665)","(-2.320840835571289, -0.004218664951622486, -21.064653396606445)","(359.9189453125, 179.4490966796875, 359.9904479980469)",0.285547,-0.010773,"(0.047215, 0.000061, -3.672951)",LeftFalse_RightFalse,False,"(1.7190948724746704, -0.0039216578006744385, 35.72442626953125)","(0.0006987466476857662, 6.88239049911499, -2.2387389435607474e-06)",-0.333738,-1.0,"(0.000000, 0.000000, 0.000000)",LeftFalse_RightFalse
37.35376,0.062633,"(-1.9014337062835693, 1.2055127620697021, -21.441823959350586)","(2.1929309368133545, 182.1444854736328, 359.2464904785156)","(-1.6835026741027832, 0.8568509817123413, -22.101959228515625)","(0.07545564323663712, 358.2994079589844, 0.008200754411518574)","(-2.317776918411255, -0.004214358516037464, -21.29816436767578)","(359.9247131347656, 179.40789794921875, 359.9903259277344)",0.256992,-0.01062,"(0.049747, 0.000083, -3.680090)",LeftFalse_RightFalse,False,"(1.7190948724746704, -0.0039216578006744385, 35.72442626953125)","(0.0006986686494201422, 6.88239049911499, -2.5469187221460743e-06)",-0.333738,-1.0,"(0.000000, 0.000001, 0.000000)",LeftFalse_RightFalse
37.414429,0.062246,"(-1.8981683254241943, 1.205581545829773, -21.66507339477539)","(2.0729854106903076, 182.16067504882812, 359.2510681152344)","(-1.679872751235962, 0.8567748665809631, -22.325014114379883)","(0.0696529746055603, 358.2602233886719, 0.008359882049262524)","(-2.314696788787842, -0.004208826459944248, -21.521564483642578)","(359.9305114746094, 179.36871337890625, 359.99029541015625)",0.231293,-0.009674,"(0.052104, 0.000102, -3.681735)",LeftFalse_RightFalse,False,"(1.7190948724746704, -0.0039216578006744385, 35.72442626953125)","(0.0006987339002080262, 6.88239049911499, -2.6121963401237736e-06)",-0.333738,-1.0,"(0.000000, 0.000001, 0.000000)",LeftFalse_RightFalse
37.476807,0.062279,"(-1.8947361707687378, 1.2056024074554443, -21.89457893371582)","(1.9802402257919312, 182.15975952148438, 359.2701110839844)","(-1.6760293245315552, 0.856693685054779, -22.55432891845703)","(0.06360539048910141, 358.2212829589844, 0.008258040063083172)","(-2.311403274536133, -0.004202147014439106, -21.751220703125)","(359.9365539550781, 179.3297882080078, 359.9905090332031)",0.208164,-0.006073,"(0.053729, 0.000115, -3.678492)",LeftFalse_RightFalse,False,"(1.7190947532653809, -0.003921627998352051, 35.72442626953125)","(0.0006992209237068892, 6.88239049911499, -1.7858687897387426e-06)",-0.333737,-1.0,"(0.000000, 0.000000, 0.000000)",LeftFalse_RightFalse
37.536743,0.061793,"(-1.8914433717727661, 1.2055975198745728, -22.1143856048584)","(1.9067026376724243, 181.96624755859375, 359.2696838378906)","(-1.6723902225494385, 0.8566074967384338, -22.773977279663086)","(0.05788826942443848, 358.1894836425781, 0.007219255901873112)","(-2.3082284927368164, -0.004195190966129303, -21.97113609313965)","(359.9422607421875, 179.2979736328125, 359.9916687011719)",0.187347,-0.000916,"(0.052901, 0.000121, -3.670928)",LeftFalse_RightFalse,False,"(1.7190948724746704, -0.003921627998352051, 35.72442626953125)","(0.0006995881558395922, 6.88239049911499, -1.2255668480065651e-06)",-0.333738,-1.0,"(0.000000, 0.000000, 0.000000)",LeftFalse_RightFalse
37.598633,0.06182,"(-1.8881888389587402, 1.2055763006210327, -22.341312408447266)","(1.8739674091339111, 181.8225860595703, 359.3213195800781)","(-1.668917179107666, 0.8565068244934082, -23.000789642333984)","(0.05218587443232536, 358.1686096191406, 0.004735161550343037)","(-2.3050875663757324, -0.0041875531896948814, -22.198095321655273)","(359.9479064941406, 179.277099609375, 359.9942626953125)",0.081317,0.002869,"(0.049506, 0.000125, -3.659514)",LeftFalse_RightFalse,False,"(1.7190948724746704, -0.003921627998352051, 35.72442626953125)","(0.0006997851887717843, 6.88239049911499, -9.697969289845787e-07)",-0.333738,-1.0,"(0.000000, 0.000000, 0.000000)",LeftFalse_RightFalse
37.659668,0.061656,"(-1.8852452039718628, 1.205545425415039, -22.563671112060547)","(1.763102412223816, 181.70843505859375, 359.3635559082031)","(-1.665926456451416, 0.8563857674598694, -23.223085403442383)","(0.045522984117269516, 358.1625671386719, 0.0015858844853937626)","(-2.302232027053833, -0.004179430194199085, -22.420360565185547)","(359.95452880859375, 179.2710723876953, -0.002466259989887476)",-0.003003,0.006226,"(0.045373, 0.000150, -3.629255)",LeftFalse_RightFalse,False,"(1.7190948724746704, -0.003921627998352051, 35.72442626953125)","(0.0006998621392995119, 6.88239049911499, -8.62384752053913e-07)",-0.333738,-1.0,"(0.000000, 0.000000, 0.000000)",LeftFalse_RightFalse
37.724487,0.062285,"(-1.8824515342712402, 1.205507755279541, -22.79738998413086)","(2.009979486465454, 181.48915100097656, 359.4821472167969)","(-1.6632490158081055, 0.8562248945236206, -23.456777572631836)","(0.03597608953714371, 358.1706848144531, -0.001719183987006545)","(-2.299494981765747, -0.004167942330241203, -22.653820037841797)","(359.9639892578125, 179.27919006347656, 0.0010228808969259262)",-0.061819,0.009247,"(0.040715, 0.000201, -3.582347)",LeftFalse_RightFalse,False,"(1.7190948724746704, -0.003921627998352051, 35.72442626953125)","(0.0006997993914410472, 6.88239049911499, -9.515518399894063e-07)",-0.333738,-1.0,"(0.000000, 0.000000, 0.000000)",LeftFalse_RightFalse
37.784546,0.061838,"(-1.8795106410980225, 1.2054693698883057, -23.01017189025879)","(2.0936334133148193, 181.2122039794922, 359.48699951171875)","(-1.6612489223480225, 0.8560331463813782, -23.669580459594727)","(0.023608233779668808, 358.190185546875, -0.004463107790797949)","(-2.2972683906555176, -0.00415291590616107, -22.866222381591797)","(359.976318359375, 179.29869079589844, 0.0040055555291473866)",-0.115164,0.009247,"(0.035499, 0.000288, -3.507505)",LeftFalse_RightFalse,False,"(1.7190948724746704, -0.003921627998352051, 35.72442626953125)","(0.0006996364099904895, 6.88239049911499, -1.154237793343782e-06)",-0.333738,-1.0,"(0.000000, 0.000000, 0.000000)",LeftFalse_RightFalse
37.848755,0.062315,"(-1.8771209716796875, 1.2054327726364136, -23.231868743896484)","(2.065953254699707, 180.92257690429688, 359.53607177734375)","(-1.6594880819320679, 0.8557887673377991, -23.891286849975586)","(0.006230735220015049, 358.21783447265625, 359.993896484375)","(-2.2951529026031494, -0.004130179062485695, -23.08736228942871)","(359.99365234375, 179.32632446289062, 0.005970385391265154)",-0.171096,0.009247,"(0.030793, 0.000430, -3.373117)",LeftFalse_RightFalse,False,"(1.7190948724746704, -0.003921627998352051, 35.72442626953125)","(0.0006994002615101635, 6.88239049911499, -1.426923859071394e-06)",-0.333738,-1.0,"(0.000000, 0.000000, 0.000000)",LeftFalse_RightFalse
37.911865,0.06247,"(-1.8745367527008057, 1.2047609090805054, -23.44225311279297)","(1.7649331092834473, 180.52476501464844, 359.6050109863281)","(-1.6580188274383545, 0.8555327653884888, -24.101686477661133)","(359.9866943359375, 358.24700927734375, 359.99346923828125)","(-2.2932894229888916, -0.004100797697901726, -23.29714584350586)","(0.013185852207243443, 179.35549926757812, 0.006773675326257944)",-0.225814,0.009247,"(0.027701, 0.000522, -3.246371)",LeftFalse_RightFalse,False,"(1.7190948724746704, -0.003921627998352051, 35.72442626953125)","(0.0006993456627242267, 6.88239049911499, -1.2852752888647956e-06)",-0.333737,-1.0,"(0.000000, 0.000000, 0.000000)",LeftFalse_RightFalse
37.972656,0.062139,"(-1.8727352619171143, 1.2045090198516846, -23.63589859008789)","(1.9431514739990234, 180.33529663085938, 359.6748352050781)","(-1.6567968130111694, 0.8552621603012085, -24.29596710205078)","(359.9653015136719, 358.2749938964844, 359.9937744140625)","(-2.291679859161377, -0.004066922701895237, -23.490795135498047)","(0.034567490220069885, 179.3834686279297, 0.0069093722850084305)",-0.275444,0.009247,"(0.024693, 0.000613, -3.093926)",LeftFalse_RightFalse,False,"(1.7190948724746704, -0.003921627998352051, 35.72442626953125)","(0.0006993020651862025, 6.88239049911499, -1.1961018344663898e-06)",-0.333737,-1.0,"(0.000000, 0.000000, 0.000000)",LeftFalse_RightFalse
38.036743,0.062539,"(-1.8712011575698853, 1.2043935060501099, -23.82973289489746)","(2.052639961242676, 180.4871063232422, 359.5952453613281)","(-1.6556950807571411, 0.8549558520317078, -24.49003028869629)","(359.9405517578125, 358.3033447265625, -0.005514662247151136)","(-2.29017972946167, -0.004025083500891924, -23.684173583984375)","(0.059317830950021744, 179.41183471679688, 0.00666345190256834)",-0.32806,0.009247,"(0.021761, 0.000695, -2.918547)",LeftFalse_RightFalse,False,"(1.71909499168396, -0.003921627998352051, 35.72442626953125)","(0.0006992628914304078, 6.88239049911499, -1.2321262374825892e-06)",-0.333737,-1.0,"(0.000000, 0.000000, 0.000000)",LeftFalse_RightFalse
38.100098,0.062696,"(-1.8699462413787842, 1.2043416500091553, -24.008773803710938)","(2.0001728534698486, 180.8583221435547, 359.62908935546875)","(-1.6547791957855225, 0.8546380996704102, -24.669109344482422)","(359.91455078125, 358.3296203613281, -0.004535673186182976)","(-2.288890838623047, -0.003978863824158907, -23.86256980895996)","(0.08535485714673996, 179.43812561035156, 0.006188076920807362)",-0.340092,0.009247,"(0.018914, 0.000759, -2.719203)",LeftFalse_RightFalse,False,"(1.7190948724746704, -0.003921627998352051, 35.72442626953125)","(0.0006992502603679895, 6.88239049911499, -1.365391426588758e-06)",-0.333738,-1.0,"(0.000000, 0.000000, 0.000000)",LeftFalse_RightFalse
38.160767,0.062296,"(-1.8689616918563843, 1.2030037641525269, -24.166837692260742)","(2.609541177749634, 180.98947143554688, 359.5516052246094)","(-1.6540484428405762, 0.8543466329574585, -24.828073501586914)","(359.8902587890625, 358.3529968261719, -0.0034838346764445305)","(-2.287825584411621, -0.003931674174964428, -24.020912170410156)","(0.10966811329126358, 179.46148681640625, 0.005606487393379211)",-0.355285,0.009247,"(0.016301, 0.000779, -2.515574)",LeftFalse_RightFalse,False,"(1.7190947532653809, -0.003921627998352051, 35.72442626953125)","(0.0006993780261836946, 6.88239049911499, -1.2602429251273861e-06)",-0.333738,-1.0,"(0.000000, 0.000000, 0.000000)",LeftFalse_RightFalse
38.223511,0.062374,"(-1.8680925369262695, 1.2024606466293335, -24.31735610961914)","(2.4790425300598145, 181.15318298339844, 359.5754699707031)","(-1.6534271240234375, 0.8540850877761841, -24.97892951965332)","(359.867919921875, 358.37518310546875, -0.0023804870434105396)","(-2.2868847846984863, -0.0038834125734865665, -24.171188354492188)","(0.13201233744621277, 179.48367309570312, 0.004935280419886112)",-0.381653,0.009247,"(0.013925, 0.000748, -2.307019)",LeftFalse_RightFalse,False,"(1.7190948724746704, -0.003921627998352051, 35.72442626953125)","(0.0006994025898166001, 6.88239049911499, -1.4179217942000832e-06)",-0.333738,-1.0,"(0.000000, 0.000000, 0.000000)",LeftFalse_RightFalse
38.28772,0.062752,"(-1.8673677444458008, 1.2022560834884644, -24.45659828186035)","(2.4843127727508545, 181.18470764160156, 359.68743896484375)","(-1.6529133319854736, 0.8538531064987183, -25.11903190612793)","(359.8477478027344, 358.395751953125, -0.0012485141633078456)","(-2.286072254180908, -0.0038368268869817257, -24.310760498046875)","(0.15220212936401367, 179.50424194335938, 0.004193756729364395)",-0.447072,0.009247,"(0.011751, 0.000699, -2.088147)",LeftFalse_RightFalse,False,"(1.7190948724746704, -0.003921627998352051, 35.72442626953125)","(0.000699426222126931, 6.88239049911499, -1.5225558627207647e-06)",-0.333738,-1.0,"(0.000000, 0.000000, 0.000000)",LeftFalse_RightFalse
38.353271,0.063313,"(-1.8667799234390259, 1.2021806240081787, -24.581384658813477)","(2.414458990097046, 181.16775512695312, 359.66998291015625)","(-1.6525052785873413, 0.8536093235015869, -25.244853973388672)","(359.8268127441406, 358.4141845703125, -2.501509698049631e-05)","(-2.2853944301605225, -0.003791850758716464, -24.436065673828125)","(0.1731591671705246, 179.52268981933594, 0.0033755351323634386)",-0.51877,0.009247,"(0.009037, 0.000670, -1.757636)",LeftFalse_RightFalse,False,"(1.7190947532653809, -0.003921627998352051, 35.72442626953125)","(0.0006993976421654224, 6.88239049911499, -1.6307561736539355e-06)",-0.333737,-1.0,"(0.000000, 0.000000, 0.000000)",LeftFalse_RightFalse
38.41333,0.062654,"(-1.865655541419983, 1.202777624130249, -24.680023193359375)","(2.201859951019287, 180.96075439453125, 359.5767517089844)","(-1.6522204875946045, 0.853368878364563, -25.34378433227539)","(359.8064270019531, 358.42864990234375, 0.0011599879944697022)","(-2.2848961353302, -0.0037509098183363676, -24.534530639648438)","(0.19357067346572876, 179.53713989257812, 0.002585262292996049)",-0.515719,0.009247,"(0.007130, 0.000687, -1.477814)",LeftFalse_RightFalse,False,"(1.71909499168396, -0.003921627998352051, 35.72442626953125)","(0.0006994629511609674, 6.88239049911499, -1.4030052852831432e-06)",-0.333738,-1.0,"(0.000000, 0.000000, 0.000000)",LeftFalse_RightFalse
38.474731,0.062397,"(-1.8650264739990234, 1.2022680044174194, -24.763776779174805)","(2.5003933906555176, 181.01779174804688, 359.25384521484375)","(-1.6520051956176758, 0.8531200289726257, -25.42760467529297)","(359.7853088378906, 358.4408264160156, 0.0023864093236625195)","(-2.284498691558838, -0.003708433359861374, -24.617900848388672)","(0.21469250321388245, 179.54933166503906, 0.0017673085676506162)",-0.520005,0.009247,"(0.005468, 0.000675, -1.202165)",LeftFalse_RightFalse,False,"(1.7190948724746704, -0.003921627998352051, 35.72442626953125)","(0.0006994067807681859, 6.88239049911499, -1.3900461226512562e-06)",-0.333737,-1.0,"(0.000000, -0.000001, 0.000000)",LeftFalse_RightFalse
38.535522,0.062076,"(-1.8646619319915771, 1.2020741701126099, -24.82976722717285)","(2.455575704574585, 181.30398559570312, 359.1747741699219)","(-1.6518534421920776, 0.8529109954833984, -25.493579864501953)","(359.7672119140625, 358.4504089355469, 0.0035117606166750193)","(-2.2842020988464355, -0.0036681843921542168, -24.68349838256836)","(0.23281873762607574, 179.5589141845703, 0.0009924826445057988)",-0.531675,0.009247,"(0.004010, 0.000619, -0.927947)",LeftFalse_RightFalse,False,"(1.7190947532653809, -0.003921627998352051, 35.72442626953125)","(0.0006994172581471503, 6.88239049911499, -1.223730009769497e-06)",-0.333739,-1.0,"(0.000000, 0.000000, 0.000000)",LeftFalse_RightFalse
38.5979,0.062145,"(-1.8644540309906006, 1.2020015716552734, -24.879167556762695)","(2.5920987129211426, 181.5673828125, 359.1852111816406)","(-1.651749849319458, 0.8527371883392334, -25.54361343383789)","(359.7518615722656, 358.4576416015625, 0.0045489114709198475)","(-2.283987045288086, -0.0036314334720373154, -24.73322296142578)","(0.2481922209262848, 179.56614685058594, 0.0002526074240449816)",-0.535147,0.009247,"(0.002696, 0.000540, -0.651423)",LeftFalse_RightFalse,False,"(1.7190948724746704, -0.003921627998352051, 35.72442626953125)","(0.0006993666174821556, 6.88239049911499, -1.224795028065273e-06)",-0.333738,-1.0,"(0.000000, -0.000001, 0.000000)",LeftFalse_RightFalse
38.660645,0.062268,"(-1.8636887073516846, 1.2019776105880737, -24.911176681518555)","(2.4535973072052, 181.68531799316406, 359.264404296875)","(-1.6516892910003662, 0.8525997400283813, -25.57584571838379)","(359.739501953125, 358.4622497558594, 0.005457776132971048)","(-2.2838528156280518, -0.0036000623367726803, -24.76521873474121)","(0.26056450605392456, 179.5707550048828, -0.0004170277970843017)",-0.542177,0.009247,"(0.001502, 0.000449, -0.376613)",LeftFalse_RightFalse,False,"(1.7190948724746704, -0.0039216578006744385, 35.72442626953125)","(0.0006993166753090918, 6.88239049911499, -1.260233148059342e-06)",-0.333739,-1.0,"(0.000000, 0.000000, 0.000000)",LeftFalse_RightFalse
38.723267,0.062343,"(-1.8634159564971924, 1.201985478401184, -24.92583656311035)","(2.2293829917907715, 181.6348876953125, 359.3854064941406)","(-1.6516640186309814, 0.8525598049163818, -25.59125518798828)","(359.734619140625, 358.46435546875, 0.006058309227228165)","(-2.283790349960327, -0.003575888928025961, -24.78053092956543)","(0.26546069979667664, 179.5728759765625, -0.0009229342103935778)",-0.544989,0.009247,"(0.000722, 0.000299, -0.187551)",LeftFalse_RightFalse,False,"(1.7190948724746704, -0.0039216578006744385, 35.72442626953125)","(0.0006989398971199989, 6.88239049911499, -2.0464524368435377e-06)",-0.333736,-1.0,"(0.000000, 0.000000, 0.000000)",LeftFalse_RightFalse
38.783813,0.061991,"(-1.86335027217865, 1.2020010948181152, -24.9258975982666)","(1.9067977666854858, 181.51426696777344, 359.3973693847656)","(-1.6516610383987427, 0.85258948802948, -25.592294692993164)","(359.73583984375, 358.4643859863281, 0.006104303523898125)","(-2.283785820007324, -0.0035645251628011465, -24.78158950805664)","(0.2642233371734619, 179.57289123535156, -0.0009928788058459759)",-0.551426,0.009247,"(-0.000004, 0.000110, 0.000930)",LeftFalse_RightFalse,False,"(1.7190948724746704, -0.0039216578006744385, 35.72442626953125)","(0.0006986657390370965, 6.88239049911499, -2.7017511001758976e-06)",-0.333738,-1.0,"(0.000000, 0.000000, 0.000000)",LeftFalse_RightFalse
38.84375,0.061558,"(-1.862724781036377, 1.2020779848098755, -24.924863815307617)","(1.7369378805160522, 181.44479370117188, 359.4786376953125)","(-1.6516624689102173, 0.8530951142311096, -25.59187889099121)","(359.77264404296875, 358.4643859863281, 0.005254929419606924)","(-2.283785343170166, -0.003581006545573473, -24.781723022460938)","(0.22742117941379547, 179.57289123535156, -0.0008554541855119169)",-0.541985,0.009247,"(-0.000007, -0.000504, 0.001803)",LeftFalse_RightFalse,False,"(1.7190948724746704, -0.0039216578006744385, 35.72442626953125)","(0.0006985349464230239, 6.88239049911499, -3.0733945095562376e-06)",-0.333738,-1.0,"(0.000000, 0.000001, 0.000000)",LeftFalse_RightFalse
38.904541,0.061421,"(-1.862471580505371, 1.2021501064300537, -24.923877716064453)","(1.6679929494857788, 181.3992462158203, 359.52630615234375)","(-1.6516649723052979, 0.853721022605896, -25.59134292602539)","(359.82012939453125, 358.4643859863281, 0.00415588216856122)","(-2.283785104751587, -0.0036283941008150578, -24.781898498535156)","(0.17992015182971954, 179.57289123535156, -0.0006753234192728996)",-0.547941,0.009247,"(-0.000008, -0.000914, 0.001952)",LeftFalse_RightFalse,False,"(1.7190948724746704, -0.003921634051948786, 35.72442626953125)","(0.0006985633517615497, 6.88239049911499, -3.0735052405361785e-06)",-0.333739,-1.0,"(0.000000, 0.000001, 0.000000)",LeftFalse_RightFalse
38.970947,0.062412,"(-1.8623656034469604, 1.2022041082382202, -24.922954559326172)","(1.6370832920074463, 181.36669921875, 359.5331115722656)","(-1.6516671180725098, 0.8543493747711182, -25.590787887573242)","(359.8693542480469, 358.4643859863281, 0.0030261180363595486)","(-2.2837846279144287, -0.003697259584441781, -24.782079696655273)","(0.13068887591362, 179.57289123535156, -0.0004979443619959056)",-0.549786,0.009247,"(-0.000007, -0.001070, 0.001661)",LeftFalse_RightFalse,False,"(1.7190948724746704, -0.003921627998352051, 35.72442626953125)","(0.0006993836141191423, 6.88239049911499, -1.322745788456814e-06)",-0.333737,-1.0,"(0.000000, 0.000000, 0.000000)",LeftFalse_RightFalse
39.03479,0.0627,"(-1.862333059310913, 1.2022337913513184, -24.922250747680664)","(1.6761155128479004, 181.49343872070312, 359.4842224121094)","(-1.6516691446304321, 0.8548353314399719, -25.590343475341797)","(359.9084167480469, 358.4643859863281, 0.0021336828358471394)","(-2.2837841510772705, -0.003764387685805559, -24.7822208404541)","(0.09161228686571121, 179.57289123535156, -0.0003614489978644997)",-0.551447,0.009247,"(-0.000005, -0.000980, 0.001328)",LeftFalse_RightFalse,False,"(1.7190947532653809, -0.003921627998352051, 35.72442626953125)","(0.0006996174342930317, 6.88239049911499, -9.008909387375752e-07)",-0.333738,-1.0,"(0.000000, 0.000000, 0.000000)",LeftFalse_RightFalse
39.095459,0.062284,"(-1.8623228073120117, 1.2022491693496704, -24.92174530029297)","(1.630087971687317, 181.58090209960938, 359.4947204589844)","(-1.6516703367233276, 0.8551847338676453, -25.59001922607422)","(359.93701171875, 358.4643859863281, 0.0014808522537350655)","(-2.2837836742401123, -0.0038196321111172438, -24.782325744628906)","(0.06300616264343262, 179.57289123535156, -0.00026200522552244365)",-0.552941,0.009247,"(-0.000004, -0.000806, 0.001002)",LeftFalse_RightFalse,False,"(1.71909499168396, -0.003921627998352051, 35.72442626953125)","(0.0006997715681791306, 6.88239049911499, -6.747847578481014e-07)",-0.333738,-1.0,"(0.000000, 0.000000, 0.000000)",LeftFalse_RightFalse
39.154785,0.061706,"(-1.8617353439331055, 1.2028836011886597, -24.92074203491211)","(1.5158412456512451, 181.59707641601562, 359.52587890625)","(-1.6516706943511963, 0.8554345965385437, -25.589780807495117)","(359.95770263671875, 358.4643859863281, 0.0010076741455122828)","(-2.283782958984375, -0.003862502984702587, -24.782398223876953)","(0.042303621768951416, 179.57289123535156, -0.00018931817612610757)",-0.558193,0.009247,"(-0.000003, -0.000607, 0.000724)",LeftFalse_RightFalse,False,"(1.7190948724746704, -0.003921627998352051, 35.72442626953125)","(0.0006998138269409537, 6.88239049911499, -6.958503036003094e-07)",-0.333738,-1.0,"(0.000000, 0.000000, 0.000000)",LeftFalse_RightFalse
39.216919,0.061791,"(-1.8614861965179443, 1.2031546831130981, -24.920202255249023)","(1.447785496711731, 181.5352783203125, 359.587158203125)","(-1.651671290397644, 0.8556181192398071, -25.5896053314209)","(359.9729919433594, 358.4643859863281, 0.0006579347536899149)","(-2.283782482147217, -0.003894840832799673, -24.782451629638672)","(0.027025416493415833, 179.57289123535156, -0.00013513548765331507)",-0.55159,0.009247,"(-0.000002, -0.000421, 0.000503)",LeftFalse_RightFalse,False,"(1.71909499168396, -0.003921627998352051, 35.72442626953125)","(0.0006997374002821743, 6.88239049911499, -9.474286457589187e-07)",-0.333738,-1.0,"(0.000000, 0.000000, 0.000000)",LeftFalse_RightFalse
39.277588,0.061561,"(-1.8613945245742798, 1.2032564878463745, -24.919925689697266)","(1.476866364479065, 181.4961395263672, 359.61700439453125)","(-1.6516716480255127, 0.855739951133728, -25.589492797851562)","(359.98309326171875, 358.4643859863281, 0.0004222287388984114)","(-2.283782482147217, -0.003915790468454361, -24.782489776611328)","(0.01691571995615959, 179.57289123535156, -9.500083251623437e-05)",-0.564399,0.009247,"(-0.000001, -0.000266, 0.000337)",LeftFalse_RightFalse,False,"(1.7190948724746704, -0.003921627998352051, 35.72442626953125)","(0.0006995744770392776, 6.88239049911499, -1.2967525435669813e-06)",-0.333738,-1.0,"(0.000000, 0.000000, 0.000000)",LeftFalse_RightFalse
39.336426,0.06102,"(-1.8613594770431519, 1.203297734260559, -24.919771194458008)","(1.5405107736587524, 181.49346923828125, 359.6012878417969)","(-1.6516717672348022, 0.855819582939148, -25.589414596557617)","(359.9895935058594, 358.4643859863281, 0.00026970263570547104)","(-2.2837822437286377, -0.003927856683731079, -24.782508850097656)","(0.010421998798847198, 179.57289123535156, -6.809495971538126e-05)",-0.557567,0.009247,"(-0.000001, -0.000145, 0.000219)",LeftFalse_RightFalse,False,"(1.7190947532653809, -0.003921627998352051, 35.72442626953125)","(0.0006994387367740273, 6.88239049911499, -1.4767412039873307e-06)",-0.333738,-1.0,"(0.000000, 0.000000, 0.000000)",LeftFalse_RightFalse
39.397095,0.06095,"(-1.8613450527191162, 1.203317642211914, -24.9196834564209)","(1.6264593601226807, 181.49234008789062, 359.59661865234375)","(-1.651672124862671, 0.8558735847473145, -25.58936882019043)","(359.9938659667969, 358.4643859863281, 0.0001674440281931311)","(-2.283782482147217, -0.0039343019016087055, -24.782527923583984)","(0.006139977835118771, 179.57289123535156, -4.8671208787709475e-05)",-0.558449,0.009247,"(0.000000, -0.000066, 0.000137)",LeftFalse_RightFalse,False,"(1.71909499168396, -0.003921627998352051, 35.72442626953125)","(0.0006993948481976986, 6.88239049911499, -1.3782138239548658e-06)",-0.333738,-1.0,"(0.000000, 0.000000, 0.000000)",LeftFalse_RightFalse
39.461304,0.061606,"(-1.8613386154174805, 1.2033284902572632, -24.919626235961914)","(1.6313737630844116, 181.4634552001953, 359.60491943359375)","(-1.6516720056533813, 0.8559098839759827, -25.58933448791504)","(-0.003402420086786151, 358.4643859863281, 9.901064913719893e-05)","(-2.2837822437286377, -0.003936604596674442, -24.782535552978516)","(0.0034036992583423853, 179.57289123535156, -3.317005393910222e-05)",-0.559243,0.009247,"(0.000000, -0.000010, 0.000082)",LeftFalse_RightFalse,False,"(1.7190948724746704, -0.003921627998352051, 35.72442626953125)","(0.0006993595161475241, 6.88239049911499, -1.2517717777882353e-06)",-0.333737,-1.0,"(0.000000, 0.000000, 0.000000)",LeftFalse_RightFalse
39.526855,0.062396,"(-1.861336350440979, 1.2033352851867676, -24.919593811035156)","(1.6914255619049072, 181.4713592529297, 359.5111083984375)","(-1.6516720056533813, 0.8559326529502869, -25.58931541442871)","(-0.001827980624511838, 358.4643859863281, 5.724029688281007e-05)","(-2.2837822437286377, -0.003935984801501036, -24.78253936767578)","(0.0018287458224222064, 179.57289123535156, -2.1866087990929373e-05)",-0.559958,0.009247,"(0.000000, 0.000018, 0.000047)",LeftFalse_RightFalse,False,"(1.7190948724746704, -0.003921627998352051, 35.72442626953125)","(0.0006993349525146186, 6.88239049911499, -1.156856342277024e-06)",-0.333737,-1.0,"(0.000000, 0.000000, 0.000000)",LeftFalse_RightFalse
39.588623,0.062253,"(-1.8613181114196777, 1.2033394575119019, -24.92024040222168)","(1.889265537261963, 181.56893920898438, 359.44384765625)","(-1.6516720056533813, 0.8559452891349792, -25.589311599731445)","(-0.0010440240148454905, 358.4643859863281, 3.623665907070972e-05)","(-2.2837822437286377, -0.003934414125978947, -24.782546997070312)","(0.0010445297230035067, 179.57289123535156, -1.603254168003332e-05)",-0.556695,0.009247,"(0.000000, 0.000033, 0.000025)",LeftFalse_RightFalse,False,"(1.7190948724746704, -0.003921627998352051, 35.72442626953125)","(0.0006992996786721051, 6.88239049911499, -1.192551735584857e-06)",-0.333738,-1.0,"(0.000000, 0.000000, 0.000000)",LeftFalse_RightFalse
39.650024,0.062103,"(-1.8613109588623047, 1.203343152999878, -24.92048454284668)","(2.0013153553009033, 181.61729431152344, 359.4091491699219)","(-1.6516720056533813, 0.8559531569480896, -25.58930778503418)","(-0.0006606707465834916, 358.4643859863281, 2.391301495663356e-05)","(-2.2837822437286377, -0.003931960090994835, -24.782548904418945)","(0.0006610096897929907, 179.57289123535156, -1.1127427569590509e-05)",-0.565087,0.009247,"(0.000000, 0.000039, 0.000009)",LeftFalse_RightFalse,False,"(1.7190948724746704, -0.003921627998352051, 35.72442626953125)","(0.0006992767448537052, 6.88239049911499, -1.3130955949236522e-06)",-0.333738,-1.0,"(0.000000, 0.000000, 0.000000)",LeftFalse_RightFalse
39.711304,0.061934,"(-1.861290454864502, 1.2027065753936768, -24.921239852905273)","(2.1643285751342773, 181.63870239257812, 359.3056945800781)","(-1.6516718864440918, 0.8559574484825134, -25.589305877685547)","(-0.0005011019529774785, 358.4643859863281, 1.7686896171653643e-05)","(-2.2837822437286377, -0.0039298515766859055, -24.782550811767578)","(0.0005013502668589354, 179.57289123535156, -7.989438927324954e-06)",-0.546076,0.009247,"(0.000000, 0.000033, 0.000003)",LeftFalse_RightFalse,False,"(1.71909499168396, -0.003921627998352051, 35.72442626953125)","(0.0006994274444878101, 6.88239049911499, -1.1149498959639459e-06)",-0.333739,-1.0,"(0.000000, 0.000000, 0.000000)",LeftFalse_RightFalse
39.771851,0.061651,"(-1.8612827062606812, 1.20246422290802, -24.92152976989746)","(2.245249032974243, 181.7089080810547, 359.3694763183594)","(-1.6516718864440918, 0.8559601902961731, -25.589305877685547)","(-0.0004602698900271207, 358.4643859863281, 1.4298200767370872e-05)","(-2.2837822437286377, -0.0039277346804738045, -24.782550811767578)","(0.00046046028728596866, 179.57289123535156, -5.3913008741801605e-06)",-0.495764,0.009247,"(0.000000, 0.000031, 0.000000)",LeftFalse_RightFalse,False,"(1.7190948724746704, -0.003921627998352051, 35.72442626953125)","(0.0006993954302743077, 6.88239049911499, -1.3643623333337018e-06)",-0.333738,-1.0,"(0.000000, 0.000000, 0.000000)",LeftFalse_RightFalse
39.83252,0.061446,"(-1.8618810176849365, 1.2034181356430054, -24.923179626464844)","(1.8832707405090332, 181.67530822753906, 359.4065856933594)","(-1.6516718864440918, 0.8559615015983582, -25.589303970336914)","(-0.0004752736131194979, 358.4643859863281, 1.3383672921918333e-05)","(-2.2837822437286377, -0.003926175180822611, -24.782548904418945)","(0.0004754435794893652, 179.57289123535156, -4.186686510365689e-06)",-0.36522,0.009247,"(0.000000, 0.000023, -0.000001)",LeftFalse_RightFalse,False,"(1.7190948724746704, -0.003921627998352051, 35.72442626953125)","(0.0006993903080001473, 6.88239049911499, -1.5246500879584346e-06)",-0.333738,-1.0,"(0.000000, -0.000001, 0.000000)",LeftFalse_RightFalse
39.890869,0.060829,"(-1.8620630502700806, 1.2037804126739502, -24.925464630126953)","(1.7066553831100464, 181.36866760253906, 359.2787780761719)","(-1.6516716480255127, 0.8559623956680298, -25.589305877685547)","(-0.0005116236861795187, 358.4643859863281, 1.283353594772052e-05)","(-2.2837820053100586, -0.003924740944057703, -24.782548904418945)","(0.0005117763066664338, 179.57289123535156, -2.933436690000235e-06)",-0.155303,0.009247,"(0.000000, 0.000019, -0.000002)",LeftFalse_RightFalse,False,"(1.7190948724746704, -0.003921627998352051, 35.72442626953125)","(0.0006994883879087865, 6.88239049911499, -1.3686125157619244e-06)",-0.333739,-1.0,"(0.000000, 0.000000, 0.000000)",LeftFalse_RightFalse
39.949219,0.060347,"(-1.8621180057525635, 1.2039315700531006, -24.927215576171875)","(1.7233489751815796, 181.17031860351562, 359.2422180175781)","(-1.6516718864440918, 0.8559625744819641, -25.589305877685547)","(-0.0005528529873117805, 358.4643859863281, 1.2754113413393497e-05)","(-2.2837822437286377, -0.0039239367470145226, -24.782548904418945)","(0.0005529962945729494, 179.57289123535156, -2.056421408269671e-06)",0.003077,0.009247,"(0.000000, 0.000013, -0.000002)",LeftFalse_RightFalse,False,"(1.7190948724746704, -0.003921627998352051, 35.72442626953125)","(0.000699402648024261, 6.88239049911499, -1.540152879897505e-06)",-0.333737,-1.0,"(0.000000, -0.000001, 0.000000)",LeftFalse_RightFalse
40.009521,0.060319,"(-1.8621248006820679, 1.2033623456954956, -24.928544998168945)","(2.315523386001587, 181.0955352783203, 359.0834655761719)","(-1.651669979095459, 0.8559616208076477, -25.589277267456055)","(-0.0006976499571464956, 358.4642639160156, 1.7507001757621765e-05)","(-2.2837822437286377, -0.003922902978956699, -24.782520294189453)","(0.0006978580495342612, 179.57275390625, -4.007229108538013e-06)",0.002769,0.009247,"(0.000001, 0.000010, -0.000214)",LeftFalse_RightFalse,False,"(1.7190948724746704, -0.003921627998352051, 35.72442626953125)","(0.0006994644645601511, 6.88239049911499, -1.312444283030345e-06)",-0.333739,-1.0,"(0.000000, 0.000000, 0.000000)",LeftFalse_RightFalse
40.069214,0.060196,"(-1.8620994091033936, 1.2031381130218506, -24.929954528808594)","(2.738210678100586, 180.9989471435547, 359.191650390625)","(-1.651645302772522, 0.8559627532958984, -25.589271545410156)","(-0.000646172440610826, 358.4625244140625, 1.532681744720321e-05)","(-2.2837820053100586, -0.0039224568754434586, -24.782533645629883)","(0.000646348053123802, 179.57101440429688, -2.823318254741025e-06)",0.002492,0.009247,"(0.000003, 0.000007, -0.000775)",LeftFalse_RightFalse,False,"(1.7190948724746704, -0.003921627998352051, 35.72442626953125)","(0.0006993284332565963, 6.88239049911499, -1.5116551139726653e-06)",-0.333738,-1.0,"(0.000000, -0.000001, 0.000000)",LeftFalse_RightFalse
40.130615,0.060444,"(-1.8620688915252686, 1.2022931575775146, -24.931245803833008)","(3.359511613845825, 180.8870086669922, 359.1464538574219)","(-1.6516211032867432, 0.8559650778770447, -25.58931541442871)","(-0.000498768116813153, 358.4607849121094, 9.423553819942754e-06)","(-2.2837822437286377, -0.003922191448509693, -24.7825984954834)","(0.0004988571163266897, 179.56927490234375, 2.272063852615247e-07)",0.002243,0.009247,"(0.000003, 0.000002, -0.001354)",LeftFalse_RightFalse,False,"(1.7190947532653809, -0.0039216578006744385, 35.724422454833984)","(0.0006993573042564094, 6.88239049911499, -1.3140369219399872e-06)",-0.333739,-1.0,"(0.000000, 0.000000, 0.000000)",LeftFalse_RightFalse
40.191162,0.060475,"(-1.8620575666427612, 1.2019717693328857, -24.931785583496094)","(4.700892925262451, 180.48953247070312, 359.3846740722656)","(-1.6516135931015015, 0.8559660911560059, -25.589380264282227)","(-0.00043408182682469487, 358.4602355957031, 6.138165190350264e-06)","(-2.2837822437286377, -0.003922090400010347, -24.782670974731445)","(0.0004341193416621536, 179.56875610351562, 2.260582277813228e-06)",0.002019,0.009247,"(0.000006, 0.000001, -0.001951)",LeftFalse_RightFalse,False,"(1.71909499168396, -0.0039216578006744385, 35.72442626953125)","(0.0006989692919887602, 6.88239049911499, -2.0195536762912525e-06)",-0.333736,-1.0,"(0.000000, 0.000000, 0.000000)",LeftFalse_RightFalse
40.250488,0.060228,"(-1.8612184524536133, 1.2018482685089111, -24.933609008789062)","(4.949071884155273, 180.03062438964844, 359.78863525390625)","(-1.6516103744506836, 0.8559677600860596, -25.589488983154297)","(-0.0003119616594631225, 358.4600524902344, 6.395444529516681e-07)","(-2.2837820053100586, -0.003922083415091038, -24.78278350830078)","(0.0003119156463071704, 179.56854248046875, 5.395677362685092e-06)",0.001817,0.009247,"(0.000004, 0.000000, -0.001627)",LeftFalse_RightFalse,False,"(1.7190948724746704, -0.0039216578006744385, 35.72442626953125)","(0.0006986736552789807, 6.88239049911499, -2.6215209345537005e-06)",-0.333738,-1.0,"(0.000000, 0.000000, 0.000000)",LeftFalse_RightFalse
40.311279,0.060345,"(-1.8600788116455078, 1.2017959356307983, -24.9357852935791)","(5.222053527832031, 179.928955078125, 359.8348693847656)","(-1.6515834331512451, 0.8559659719467163, -25.589553833007812)","(-0.0004394242714624852, 358.4581604003906, 8.16934243630385e-06)","(-2.2837815284729004, -0.003922182600945234, -24.782867431640625)","(0.0004395001451484859, 179.56666564941406, 3.3313776270915696e-07)",0.001635,0.009247,"(0.000009, 0.000001, -0.002831)",LeftFalse_RightFalse,False,"(1.71909499168396, -0.0039216578006744385, 35.72442626953125)","(0.0006985132349655032, 6.88239049911499, -2.985129640364903e-06)",-0.333738,-1.0,"(0.000000, 0.000001, 0.000000)",LeftFalse_RightFalse
40.371582,0.060348,"(-1.8576488494873047, 1.1997582912445068, -24.937368392944336)","(5.930872440338135, 180.0326690673828, 0.04234587773680687)","(-1.6515789031982422, 0.8559651970863342, -25.58966064453125)","(-0.0005020065000280738, 358.4578857421875, 1.1575373719097115e-05)","(-2.283780813217163, -0.003922049887478352, -24.782976150512695)","(0.0005021364777348936, 179.56637573242188, -1.861562509475334e-06)",0.001472,0.009247,"(0.000009, 0.000000, -0.000515)",LeftFalse_RightFalse,False,"(1.71909499168396, -0.0039216578006744385, 35.72442626953125)","(0.0006985252839513123, 6.88239049911499, -3.0002317998878425e-06)",-0.333738,-1.0,"(0.000000, 0.000001, 0.000000)",LeftFalse_RightFalse
40.433105,0.060579,"(-1.8573029041290283, 1.1973133087158203, -24.938749313354492)","(6.953138828277588, 179.47840881347656, 359.8846740722656)","(-1.6515631675720215, 0.8559655547142029, -25.58976936340332)","(-0.00047517771599814296, 358.4568176269531, 8.498872375639621e-06)","(-2.283780336380005, -0.003922021947801113, -24.783098220825195)","(0.0004752532404381782, 179.5653076171875, 6.95343658208003e-07)",0.001325,0.009247,"(0.000008, 0.000002, -0.002368)",LeftFalse_RightFalse,False,"(1.7190948724746704, -0.003921651281416416, 35.72442626953125)","(0.0006987099768593907, 6.88239049911499, -2.6660295588953886e-06)",-0.333738,-1.0,"(0.000000, 0.000001, 0.000000)",LeftFalse_RightFalse
40.492798,0.060391,"(-1.8586889505386353, 1.2014679908752441, -24.94365119934082)","(4.682908535003662, 180.53250122070312, 359.802978515625)","(-1.6515346765518188, 0.8559666275978088, -25.589902877807617)","(-0.0004031723947264254, 358.454833984375, 5.7721144912648015e-06)","(-2.2837796211242676, -0.003921991679817438, -24.783254623413086)","(0.00040320857078768313, 179.56332397460938, 2.0286006474634632e-06)",0.001192,0.009247,"(0.000013, 0.000000, -0.001312)",LeftFalse_RightFalse,False,"(1.7190947532653809, -0.003921627998352051, 35.72442626953125)","(0.0006994318100623786, 6.88239049911499, -1.2053611726514646e-06)",-0.333737,-1.0,"(0.000000, 0.000000, 0.000000)",LeftFalse_RightFalse
40.550903,0.059937,"(-1.8591314554214478, 1.205728530883789, -24.948366165161133)","(2.852184534072876, 180.6781768798828, 0.2776513397693634)","(-1.6515398025512695, 0.8559651970863342, -25.590042114257812)","(-0.0004988128785043955, 358.4552307128906, 1.1039739547413774e-05)","(-2.2837789058685303, -0.00392204150557518, -24.78338623046875)","(0.0004989330773241818, 179.56373596191406, -1.3878104709874606e-06)",0.001073,0.009247,"(0.000012, -0.000001, -0.002758)",LeftFalse_RightFalse,False,"(1.7190948724746704, -0.003921627998352051, 35.72442626953125)","(0.000699734955560416, 6.88239049911499, -7.33223089355306e-07)",-0.333738,-1.0,"(0.000000, 0.000000, 0.000000)",LeftFalse_RightFalse
