ScenarioTime,FrameRate,A VR Pos,A VR Rot,A XR Origin Pos,A XR Origin  Rot,A car Pos,A car Rot,A accel,A steering,A velocity,A indicators,A Horn Button,0 car Pos,0 car Rot,0 accel,0 steering,0 velocity,0 indicators
0.0,0.013859,"(-1.2993628978729248, 1.2493376731872559, 37.15413284301758)","(359.74249267578125, 163.21600341796875, 8.665528297424316)","(-1.3123633861541748, 1.2188894748687744, 37.16630554199219)","(0.803199291229248, 183.3253936767578, 0.16767942905426025)","(-1.6994141340255737, -0.01332932710647583, 37.204708099365234)","(0.8107998371124268, 180.35902404785156, 0.12589074671268463)",0.0,-0.01001,"(0.000006, 0.000000, -0.000007)",LeftFalse_RightFalse,False,"(-35.66879653930664, -0.20055937767028809, -1.2497392892837524)","(1.442277431488037, 90.4740219116211, 0.10070952773094177)",0.0,0.0,"(-0.000009, -0.000002, 0.000004)",LeftFalse_RightFalse
0.054443,0.018422,"(-1.2972335815429688, 1.2485285997390747, 37.1708869934082)","(358.4686584472656, 163.15487670898438, 9.520370483398438)","(-1.312351942062378, 1.2188897132873535, 37.166229248046875)","(0.8029114603996277, 183.32476806640625, 0.16745811700820923)","(-1.6993987560272217, -0.013330569490790367, 37.204620361328125)","(0.8105009198188782, 180.3583984375, 0.12568463385105133)",0.0,-0.011353,"(0.000459, -0.000054, -0.003954)",LeftFalse_RightFalse,False,"(-35.668731689453125, -0.20056110620498657, -1.2497353553771973)","(1.441990613937378, 90.4745864868164, 0.1006574034690857)",0.011499,0.067259,"(0.004443, -0.000116, 0.000224)",LeftFalse_RightFalse
0.095337,0.019185,"(-1.296476125717163, 1.2477805614471436, 37.18031311035156)","(357.4209899902344, 163.19749450683594, 9.9866361618042)","(-1.3123328685760498, 1.2188867330551147, 37.16591262817383)","(0.8019552230834961, 183.32286071777344, 0.1672460287809372)","(-1.6993776559829712, -0.013335255905985832, 37.20427322387695)","(0.8095348477363586, 180.35650634765625, 0.12552237510681152)",0.0,-0.013123,"(0.000512, -0.000145, -0.010731)",LeftFalse_RightFalse,False,"(-35.668331146240234, -0.2005717158317566, -1.2497286796569824)","(1.4407705068588257, 90.47530364990234, 0.10066142678260803)",-0.028695,0.067403,"(0.008609, -0.000262, 0.000298)",LeftFalse_RightFalse
0.138306,0.02004,"(-1.2963498830795288, 1.2471407651901245, 37.188880920410156)","(356.2109375, 163.32742309570312, 10.326092720031738)","(-1.3123106956481934, 1.218880534172058, 37.16539001464844)","(0.8009206652641296, 183.32122802734375, 0.16711509227752686)","(-1.699354887008667, -0.013342704623937607, 37.20371627807617)","(0.8084949254989624, 180.3548583984375, 0.12544512748718262)",0.0,-0.014801,"(0.000531, -0.000198, -0.014947)",LeftFalse_RightFalse,False,"(-35.668155670166016, -0.20057693123817444, -1.2497180700302124)","(1.440961480140686, 90.47571563720703, 0.10063447058200836)",0.06943,0.067558,"(0.007279, -0.000187, 0.000177)",LeftFalse_RightFalse
0.184937,0.021268,"(-1.2964603900909424, 1.2467225790023804, 37.19496154785156)","(354.9725646972656, 163.54379272460938, 10.530994415283203)","(-1.312286138534546, 1.218870759010315, 37.16466522216797)","(0.800262987613678, 183.3214111328125, 0.1670893281698227)","(-1.6993305683135986, -0.013352730311453342, 37.20297622680664)","(0.8078368306159973, 180.3550567626953, 0.1254534274339676)",0.0,-0.015594,"(0.000530, -0.000241, -0.018629)",LeftFalse_RightFalse,False,"(-35.667320251464844, -0.20059801638126373, -1.2497248649597168)","(1.439020037651062, 90.47607421875, 0.10085365921258926)",-0.039911,0.067719,"(0.019690, -0.000533, -0.000039)",LeftFalse_RightFalse
0.226013,0.02099,"(-1.298187255859375, 1.2471492290496826, 37.19723892211914)","(353.9123840332031, 164.15499877929688, 10.367806434631348)","(-1.3122634887695312, 1.218860387802124, 37.16383743286133)","(0.7996301054954529, 183.32066345214844, 0.16707591712474823)","(-1.6993088722229004, -0.013363481499254704, 37.20213317871094)","(0.8072040677070618, 180.35430908203125, 0.1254727989435196)",0.0,-0.015594,"(0.000541, -0.000297, -0.023584)",LeftFalse_RightFalse,False,"(-35.6669921875, -0.20060661435127258, -1.2497215270996094)","(1.440125823020935, 90.47663116455078, 0.10077866166830063)",0.144801,0.067866,"(0.005545, -0.000120, 0.000242)",LeftFalse_RightFalse
0.285706,0.020499,"(-1.3000950813293457, 1.2481874227523804, 37.197696685791016)","(352.6043701171875, 165.3879852294922, 9.748162269592285)","(-1.3122295141220093, 1.2188410758972168, 37.162288665771484)","(0.7986262440681458, 183.31886291503906, 0.16704291105270386)","(-1.6992766857147217, -0.013383235782384872, 37.2005500793457)","(0.806199848651886, 180.3524932861328, 0.12549181282520294)",0.0,-0.014771,"(0.000540, -0.000364, -0.029551)",LeftFalse_RightFalse,False,"(-35.66597366333008, -0.2006302922964096, -1.2497296333312988)","(1.4387036561965942, 90.47798919677734, 0.10096291452646255)",-0.003149,0.068086,"(0.017710, -0.000482, 0.000061)",LeftFalse_RightFalse
0.33075,0.02125,"(-1.304317593574524, 1.2512280941009521, 37.19073486328125)","(351.6249084472656, 167.06655883789062, 8.497302055358887)","(-1.3122035264968872, 1.2188242673873901, 37.160919189453125)","(0.7982192039489746, 183.31591796875, 0.16703741252422333)","(-1.6992530822753906, -0.013400196097791195, 37.19915008544922)","(0.8057931661605835, 180.34954833984375, 0.1255073994398117)",0.0,-0.013245,"(0.000520, -0.000396, -0.032564)",LeftFalse_RightFalse,False,"(-35.66563415527344, -0.20063824951648712, -1.2497241497039795)","(1.4402297735214233, 90.47853088378906, 0.1008867621421814)",0.131124,0.068249,"(0.008188, -0.000152, 0.000111)",LeftFalse_RightFalse
0.371338,0.02088,"(-1.3070106506347656, 1.2528703212738037, 37.18523406982422)","(351.1795349121094, 168.17056274414062, 7.603606700897217)","(-1.3121817111968994, 1.218807339668274, 37.159515380859375)","(0.7979556322097778, 183.3145751953125, 0.16704373061656952)","(-1.699232578277588, -0.013417201116681099, 37.197731018066406)","(0.8055301904678345, 180.34820556640625, 0.1255272924900055)",0.0,-0.01178,"(0.000507, -0.000450, -0.037897)",LeftFalse_RightFalse,False,"(-35.66484069824219, -0.20065587759017944, -1.2497341632843018)","(1.4390404224395752, 90.47953033447266, 0.10105389356613159)",-0.012497,0.068396,"(0.032019, -0.000733, -0.000578)",LeftFalse_RightFalse
0.412354,0.020734,"(-1.3103768825531006, 1.2555164098739624, 37.173072814941406)","(351.0705261230469, 169.50604248046875, 6.2462897300720215)","(-1.3121604919433594, 1.2187883853912354, 37.15791702270508)","(0.7977051138877869, 183.3130645751953, 0.16705073416233063)","(-1.6992127895355225, -0.013436228968203068, 37.19611740112305)","(0.8052804470062256, 180.34669494628906, 0.12554728984832764)",0.0,-0.010315,"(0.000479, -0.000479, -0.041017)",LeftFalse_RightFalse,False,"(-35.66456604003906, -0.2006586492061615, -1.249738335609436)","(1.4409421682357788, 90.4800033569336, 0.10091689974069595)",0.234709,0.068542,"(0.000114, 0.000097, 0.000264)",LeftFalse_RightFalse
0.454468,0.020845,"(-1.3134567737579346, 1.2576332092285156, 37.16133499145508)","(351.151123046875, 170.53390502929688, 5.193575859069824)","(-1.3121393918991089, 1.2187672853469849, 37.1561393737793)","(0.797648012638092, 183.31085205078125, 0.1670646369457245)","(-1.6991935968399048, -0.013457141816616058, 37.1943244934082)","(0.8052240610122681, 180.34449768066406, 0.12556412816047668)",0.0,-0.00885,"(0.000450, -0.000518, -0.044420)",LeftFalse_RightFalse,False,"(-35.66387939453125, -0.2006705105304718, -1.2497484683990479)","(1.4398424625396729, 90.47999572753906, 0.10102307796478271)",-0.03675,0.068687,"(0.023788, -0.000490, -0.000389)",LeftFalse_RightFalse
0.495239,0.020706,"(-1.3167579174041748, 1.2591739892959595, 37.147308349609375)","(351.61236572265625, 171.4989013671875, 4.181697368621826)","(-1.312120795249939, 1.2187446355819702, 37.154170989990234)","(0.7972637414932251, 183.30918884277344, 0.167048379778862)","(-1.6991761922836304, -0.013480052351951599, 37.19233703613281)","(0.8048394322395325, 180.34283447265625, 0.12556777894496918)",0.0,-0.007965,"(0.000421, -0.000574, -0.049732)",LeftFalse_RightFalse,False,"(-35.66302490234375, -0.2006910741329193, -1.2497533559799194)","(1.4389086961746216, 90.4807357788086, 0.10108377039432526)",0.07415,0.068843,"(0.022374, -0.000562, -0.000158)",LeftFalse_RightFalse
0.536499,0.020652,"(-1.3208423852920532, 1.2600518465042114, 37.1301383972168)","(352.6275634765625, 172.90296936035156, 2.9704508781433105)","(-1.3121039867401123, 1.2187199592590332, 37.15203857421875)","(0.7971449494361877, 183.30967712402344, 0.16706344485282898)","(-1.6991595029830933, -0.013504596427083015, 37.19020462036133)","(0.8047215938568115, 180.34332275390625, 0.12558895349502563)",0.0,-0.007965,"(0.000402, -0.000605, -0.052980)",LeftFalse_RightFalse,False,"(-35.66163635253906, -0.20072518289089203, -1.2497812509536743)","(1.4367748498916626, 90.48271942138672, 0.10141216218471527)",-0.01805,0.069002,"(0.037623, -0.000925, -0.000764)",LeftFalse_RightFalse
0.596924,0.020479,"(-1.3261083364486694, 1.2602643966674805, 37.10879135131836)","(353.98150634765625, 175.0404510498047, 1.7655494213104248)","(-1.3120797872543335, 1.218680500984192, 37.14860534667969)","(0.7970405220985413, 183.30889892578125, 0.167074516415596)","(-1.6991362571716309, -0.013543904758989811, 37.186763763427734)","(0.8046178817749023, 180.34254455566406, 0.12560543417930603)",0.0,-0.00766,"(0.000382, -0.000678, -0.059852)",LeftFalse_RightFalse,False,"(-35.658912658691406, -0.20079408586025238, -1.2498387098312378)","(1.433826208114624, 90.4837646484375, 0.10189878195524216)",0.023073,0.069195,"(0.049519, -0.001248, -0.001067)",LeftFalse_RightFalse
0.639893,0.020859,"(-1.3303806781768799, 1.2593424320220947, 37.09230041503906)","(355.61883544921875, 177.27674865722656, 0.9853582978248596)","(-1.3120625019073486, 1.218650460243225, 37.14597702026367)","(0.7971091270446777, 183.3065948486328, 0.16707071661949158)","(-1.6991204023361206, -0.013574067503213882, 37.184120178222656)","(0.8046863079071045, 180.34022521972656, 0.12559807300567627)",0.0,-0.007507,"(0.000360, -0.000729, -0.064027)",LeftFalse_RightFalse,False,"(-35.65644073486328, -0.2008553445339203, -1.2498992681503296)","(1.4315978288650513, 90.48649597167969, 0.10229271650314331)",-0.027052,0.069375,"(0.064692, -0.001593, -0.001615)",LeftFalse_RightFalse
0.680664,0.020634,"(-1.3342357873916626, 1.2575125694274902, 37.0782470703125)","(357.2704772949219, 179.2689666748047, 0.4476383924484253)","(-1.3120476007461548, 1.2186203002929688, 37.14332962036133)","(0.7972915768623352, 183.30567932128906, 0.16707417368888855)","(-1.6991058588027954, -0.013604112900793552, 37.18147277832031)","(0.8048686385154724, 180.3393096923828, 0.12559209764003754)",0.0,-0.007355,"(0.000346, -0.000786, -0.069299)",LeftFalse_RightFalse,False,"(-35.653770446777344, -0.2009212225675583, -1.2499672174453735)","(1.4299373626708984, 90.48880004882812, 0.10267593711614609)",0.006165,0.069505,"(0.001178, 0.000102, -0.000706)",LeftFalse_RightFalse
0.739136,0.020153,"(-1.338545560836792, 1.2537535429000854, 37.06039810180664)","(359.6269836425781, 181.70114135742188, 359.83782958984375)","(-1.3120272159576416, 1.2185741662979126, 37.13924789428711)","(0.7974526286125183, 183.30474853515625, 0.16707773506641388)","(-1.69908607006073, -0.013650210574269295, 37.17738723754883)","(0.8050296902656555, 180.33839416503906, 0.12558728456497192)",0.0,-0.007355,"(0.000334, -0.000793, -0.070358)",LeftFalse_RightFalse,False,"(-35.653018951416016, -0.20092785358428955, -1.2500033378601074)","(1.437224268913269, 90.48917388916016, 0.10220655053853989)",0.055115,0.069717,"(0.032619, -0.000533, -0.001070)",LeftFalse_RightFalse
0.800598,0.02038,"(-1.341714859008789, 1.2494680881500244, 37.043312072753906)","(1.8599375486373901, 183.36949157714844, 359.5108337402344)","(-1.3120067119598389, 1.2185214757919312, 37.13459014892578)","(0.7974162101745605, 183.30320739746094, 0.16705836355686188)","(-1.699066162109375, -0.013702998869121075, 37.1727180480957)","(0.8049923181533813, 180.3368377685547, 0.12556982040405273)",0.0,-0.007355,"(0.000318, -0.000868, -0.076884)",LeftFalse_RightFalse,False,"(-35.650184631347656, -0.20098841190338135, -1.2500711679458618)","(1.4351831674575806, 90.49158477783203, 0.10241111367940903)",0.017346,0.069951,"(0.054198, -0.001256, -0.001286)",LeftFalse_RightFalse
0.843872,0.020827,"(-1.342661738395691, 1.2473559379577637, 37.03285217285156)","(2.650423049926758, 183.52249145507812, 359.51226806640625)","(-1.3119924068450928, 1.218483328819275, 37.13121032714844)","(0.7979083061218262, 183.30201721191406, 0.1670791357755661)","(-1.6990524530410767, -0.013741064816713333, 37.169342041015625)","(0.8054848313331604, 180.33566284179688, 0.12556511163711548)",0.0,-0.007538,"(0.000311, -0.000914, -0.081349)",LeftFalse_RightFalse,False,"(-35.647705078125, -0.2010466605424881, -1.2501320838928223)","(1.4332560300827026, 90.49519348144531, 0.10272114723920822)",0.029064,0.070132,"(0.064827, -0.001544, -0.001667)",LeftFalse_RightFalse
0.885925,0.02091,"(-1.34286630153656, 1.2460517883300781, 37.02360153198242)","(2.815239429473877, 182.8857879638672, 359.57891845703125)","(-1.3119784593582153, 1.2184439897537231, 37.12772750854492)","(0.7980606555938721, 183.29931640625, 0.1670575737953186)","(-1.6990396976470947, -0.01378040574491024, 37.16584396362305)","(0.8056358098983765, 180.33294677734375, 0.12553569674491882)",0.0,-0.007538,"(0.000304, -0.000966, -0.085574)",LeftFalse_RightFalse,False,"(-35.64482879638672, -0.2011156678199768, -1.2502079010009766)","(1.4310007095336914, 90.4974136352539, 0.10311850160360336)",0.02443,0.070278,"(0.075147, -0.001809, -0.002021)",LeftFalse_RightFalse
0.927185,0.020817,"(-1.3426158428192139, 1.2455836534500122, 37.01486587524414)","(2.3354742527008057, 181.21751403808594, 359.7414245605469)","(-1.311965823173523, 1.2184035778045654, 37.12412643432617)","(0.7981159090995789, 183.29847717285156, 0.16703608632087708)","(-1.6990270614624023, -0.013821009546518326, 37.16223907470703)","(0.805689811706543, 180.33212280273438, 0.12551140785217285)",0.0,-0.007538,"(0.000297, -0.001014, -0.089641)",LeftFalse_RightFalse,False,"(-35.64154815673828, -0.20119479298591614, -1.250299096107483)","(1.4285579919815063, 90.5022201538086, 0.1035756766796112)",0.01203,0.07046,"(0.084864, -0.002049, -0.002371)",LeftFalse_RightFalse
0.968994,0.020817,"(-1.3424919843673706, 1.2452583312988281, 37.007049560546875)","(1.8968946933746338, 179.7731475830078, 359.810546875)","(-1.3119536638259888, 1.218360185623169, 37.12028121948242)","(0.7979926466941833, 183.29782104492188, 0.16701339185237885)","(-1.6990149021148682, -0.013864560052752495, 37.15838623046875)","(0.8055655360221863, 180.3314666748047, 0.1254950761795044)",0.0,-0.007538,"(0.000290, -0.001057, -0.093614)",LeftFalse_RightFalse,False,"(-35.63787078857422, -0.2012837529182434, -1.2504031658172607)","(1.426445484161377, 90.50611114501953, 0.10401936620473862)",0.023867,0.07061,"(0.094267, -0.002264, -0.002718)",LeftFalse_RightFalse
1.013184,0.021337,"(-1.3424841165542603, 1.2450059652328491, 36.99888229370117)","(1.365458369255066, 178.06988525390625, 359.6741638183594)","(-1.3119405508041382, 1.2183126211166382, 37.11610412597656)","(0.7981778979301453, 183.29685974121094, 0.167013019323349)","(-1.6990021467208862, -0.013911919668316841, 37.154205322265625)","(0.8057504296302795, 180.3304901123047, 0.1254851371049881)",0.0,-0.007538,"(0.000283, -0.001113, -0.098223)",LeftFalse_RightFalse,False,"(-35.63343811035156, -0.2013903558254242, -1.2505345344543457)","(1.4239063262939453, 90.51134490966797, 0.10458166897296906)",0.01833,0.07079,"(0.108607, -0.002599, -0.003200)",LeftFalse_RightFalse
1.054077,0.020996,"(-1.342474341392517, 1.2448441982269287, 36.99260330200195)","(0.9978535175323486, 176.76902770996094, 359.48468017578125)","(-1.311928629875183, 1.2182672023773193, 37.112083435058594)","(0.7983447909355164, 183.29588317871094, 0.16701029241085052)","(-1.698990821838379, -0.013957500457763672, 37.15018081665039)","(0.8059170842170715, 180.32952880859375, 0.12547379732131958)",0.0,-0.007538,"(0.000274, -0.001133, -0.100027)",LeftFalse_RightFalse,False,"(-35.62877655029297, -0.20150145888328552, -1.2506755590438843)","(1.4213988780975342, 90.5165023803711, 0.10519219189882278)",0.010198,0.070948,"(0.121216, -0.002879, -0.003651)",LeftFalse_RightFalse
1.096497,0.021069,"(-1.344435214996338, 1.2444669008255005, 36.98556137084961)","(0.8058339953422546, 175.76853942871094, 359.1166076660156)","(-1.3119171857833862, 1.218218445777893, 37.1077766418457)","(0.7986414432525635, 183.2956085205078, 0.16702483594417572)","(-1.698979377746582, -0.014005985110998154, 37.14588165283203)","(0.8062140941619873, 180.32925415039062, 0.12547294795513153)",0.0,-0.007538,"(0.000266, -0.001145, -0.101627)",LeftFalse_RightFalse,False,"(-35.62342834472656, -0.20162814855575562, -1.250840663909912)","(1.4188984632492065, 90.52220916748047, 0.10585993528366089)",-0.002489,0.071116,"(0.132065, -0.003117, -0.004049)",LeftFalse_RightFalse
1.137817,0.020979,"(-1.3464044332504272, 1.2440316677093506, 36.97931671142578)","(0.6806643605232239, 175.21922302246094, 358.8426513671875)","(-1.311906099319458, 1.2181694507598877, 37.10343933105469)","(0.7988749146461487, 183.2950897216797, 0.16703402996063232)","(-1.698968529701233, -0.014054883271455765, 37.141544342041016)","(0.8064478039741516, 180.3287353515625, 0.12547004222869873)",0.00119,-0.007538,"(0.000258, -0.001190, -0.105511)",LeftFalse_RightFalse,False,"(-35.62302017211914, -0.20162111520767212, -1.2508959770202637)","(1.4344043731689453, 90.52338409423828, 0.10459215193986893)",0.797249,0.071268,"(0.000719, 0.000435, -0.000340)",LeftFalse_RightFalse
1.179626,0.020969,"(-1.3483718633651733, 1.2437344789505005, 36.973384857177734)","(0.5687884092330933, 174.97088623046875, 358.6565856933594)","(-1.3118958473205566, 1.2181179523468018, 37.098876953125)","(0.7989552021026611, 183.29559326171875, 0.16703853011131287)","(-1.698957920074463, -0.014106330461800098, 37.136985778808594)","(0.8065281510353088, 180.32923889160156, 0.125470370054245)",0.007034,-0.007538,"(0.000249, -0.001239, -0.110268)",LeftFalse_RightFalse,False,"(-35.6210823059082, -0.2016466110944748, -1.2509711980819702)","(1.4356592893600464, 90.52561950683594, 0.10447316616773605)",-0.103767,0.071436,"(0.056778, -0.000925, -0.001948)",LeftFalse_RightFalse
1.223633,0.021401,"(-1.3499677181243896, 1.2435177564620972, 36.96750259399414)","(0.49970945715904236, 175.08792114257812, 358.3689880371094)","(-1.3118855953216553, 1.2180613279342651, 37.0938720703125)","(0.7989627122879028, 183.29637145996094, 0.16704459488391876)","(-1.6989474296569824, -0.014162875711917877, 37.131988525390625)","(0.8065360188484192, 180.3300018310547, 0.12547607719898224)",0.015182,-0.00769,"(0.000229, -0.001316, -0.116696)",LeftFalse_RightFalse,False,"(-35.619850158691406, -0.20166125893592834, -1.2510195970535278)","(1.440606713294983, 90.5279541015625, 0.10387908667325974)",0.447053,0.071597,"(0.000314, 0.000316, 0.000033)",LeftFalse_RightFalse
1.266724,0.021463,"(-1.3522621393203735, 1.2433652877807617, 36.961753845214844)","(0.4186781942844391, 175.4626922607422, 358.1197509765625)","(-1.311875343322754, 1.2180041074752808, 37.08880615234375)","(0.7990725040435791, 183.29586791992188, 0.16704857349395752)","(-1.6989374160766602, -0.01422009989619255, 37.12691879272461)","(0.8066458702087402, 180.3295135498047, 0.12547433376312256)",0.027813,-0.008362,"(0.000234, -0.001362, -0.119987)",LeftFalse_RightFalse,False,"(-35.61903762817383, -0.20166686177253723, -1.251046061515808)","(1.4414863586425781, 90.52933502197266, 0.10367409884929657)",-0.001487,0.071765,"(0.038299, -0.000695, -0.001123)",LeftFalse_RightFalse
1.307251,0.021007,"(-1.3547905683517456, 1.2432548999786377, 36.956295013427734)","(0.36105287075042725, 175.86021423339844, 357.8918151855469)","(-1.3118648529052734, 1.2179477214813232, 37.08384323120117)","(0.799046516418457, 183.29432678222656, 0.16702473163604736)","(-1.6989275217056274, -0.014276670292019844, 37.1219482421875)","(0.8066186904907227, 180.32797241210938, 0.12545189261436462)",0.043717,-0.009369,"(0.000257, -0.001442, -0.126357)",LeftFalse_RightFalse,False,"(-35.617183685302734, -0.20170632004737854, -1.2510969638824463)","(1.4383214712142944, 90.53246307373047, 0.10386098921298981)",0.079006,0.071937,"(0.054267, -0.001253, -0.001523)",LeftFalse_RightFalse
1.349976,0.021127,"(-1.3568888902664185, 1.2428903579711914, 36.95045852661133)","(0.38865411281585693, 176.2864532470703, 357.6617126464844)","(-1.3118529319763184, 1.2178847789764404, 37.078311920166016)","(0.798672616481781, 183.2925262451172, 0.16695743799209595)","(-1.698915719985962, -0.01434011198580265, 37.11639404296875)","(0.8062418103218079, 180.32615661621094, 0.12540403008460999)",0.065687,-0.010834,"(0.000297, -0.001538, -0.134370)",LeftFalse_RightFalse,False,"(-35.614540100097656, -0.20177015662193298, -1.251173973083496)","(1.4337577819824219, 90.53624725341797, 0.10433953255414963)",0.083805,0.072084,"(0.069297, -0.001725, -0.002003)",LeftFalse_RightFalse
1.394043,0.021453,"(-1.3586395978927612, 1.2424137592315674, 36.944156646728516)","(0.48725274205207825, 176.8111572265625, 357.3935241699219)","(-1.3118380308151245, 1.2178149223327637, 37.07217788696289)","(0.7978380918502808, 183.29049682617188, 0.16683906316757202)","(-1.6989006996154785, -0.014410962350666523, 37.1102294921875)","(0.8054022192955017, 180.32412719726562, 0.12532900273799896)",0.089037,-0.012451,"(0.000367, -0.001666, -0.144577)",LeftFalse_RightFalse,False,"(-35.61109161376953, -0.2018570899963379, -1.2512775659561157)","(1.4286912679672241, 90.53888702392578, 0.10498639196157455)",0.085204,0.072217,"(0.084931, -0.002152, -0.002520)",LeftFalse_RightFalse
1.440002,0.022079,"(-1.359924077987671, 1.242079496383667, 36.93708038330078)","(0.5578171610832214, 177.19163513183594, 357.2071533203125)","(-1.311819076538086, 1.2177352905273438, 37.0651969909668)","(0.7964553236961365, 183.28810119628906, 0.16666464507579803)","(-1.6988812685012817, -0.014492278918623924, 37.10320281982422)","(0.8040122985839844, 180.3217315673828, 0.12522639334201813)",0.112197,-0.013794,"(0.000462, -0.001903, -0.163398)",LeftFalse_RightFalse,False,"(-35.606632232666016, -0.20196999609470367, -1.2514184713363647)","(1.4231125116348267, 90.54240417480469, 0.10580820590257645)",0.061334,0.072376,"(0.107644, -0.002727, -0.003315)",LeftFalse_RightFalse
1.484375,0.022061,"(-1.3606209754943848, 1.2414427995681763, 36.93003463745117)","(0.749222457408905, 177.6190643310547, 357.1084289550781)","(-1.3117969036102295, 1.2176495790481567, 37.05775833129883)","(0.7946092486381531, 183.28480529785156, 0.16645744442939758)","(-1.6988590955734253, -0.014579825103282928, 37.095703125)","(0.802157998085022, 180.31845092773438, 0.12511500716209412)",0.141511,-0.014435,"(0.000543, -0.002098, -0.179434)",LeftFalse_RightFalse,False,"(-35.60163497924805, -0.20209605991840363, -1.2515757083892822)","(1.4185329675674438, 90.5475845336914, 0.10652416199445724)",0.097162,0.072555,"(0.122615, -0.003061, -0.003854)",LeftFalse_RightFalse
1.52478,0.021347,"(-1.3609988689422607, 1.2410513162612915, 36.92277145385742)","(0.8939905166625977, 177.89190673828125, 357.1206359863281)","(-1.3117742538452148, 1.2175631523132324, 37.05027770996094)","(0.7924254536628723, 183.2825927734375, 0.1662365198135376)","(-1.698835849761963, -0.014668341726064682, 37.088157653808594)","(0.7999655604362488, 180.31622314453125, 0.12500739097595215)",0.171605,-0.014465,"(0.000601, -0.002327, -0.198075)",LeftFalse_RightFalse,False,"(-35.596397399902344, -0.202225923538208, -1.2517449855804443)","(1.414458990097046, 90.55348205566406, 0.1072610542178154)",0.093099,0.072715,"(0.139728, -0.003434, -0.004501)",LeftFalse_RightFalse
1.566223,0.021096,"(-1.361230492591858, 1.240380883216858, 36.91444778442383)","(1.0657024383544922, 178.1239776611328, 357.21173095703125)","(-1.3117481470108032, 1.2174649238586426, 37.041805267333984)","(0.7899373769760132, 183.27938842773438, 0.16600576043128967)","(-1.69881010055542, -0.014768874272704124, 37.079612731933594)","(0.7974690198898315, 180.31301879882812, 0.12490571290254593)",0.200902,-0.014465,"(0.000623, -0.002560, -0.217189)",LeftFalse_RightFalse,False,"(-35.590293884277344, -0.2023751139640808, -1.2519464492797852)","(1.4104137420654297, 90.56037902832031, 0.10806392878293991)",0.103816,0.07288,"(0.156935, -0.003805, -0.005156)",LeftFalse_RightFalse
1.625183,0.020383,"(-1.3606181144714355, 1.239759087562561, 36.900943756103516)","(1.3178480863571167, 178.3276824951172, 357.42523193359375)","(-1.3117094039916992, 1.2173066139221191, 37.02823257446289)","(0.7861807942390442, 183.27427673339844, 0.16568604111671448)","(-1.6987721920013428, -0.014930373057723045, 37.065921783447266)","(0.7937010526657104, 180.30792236328125, 0.12478084862232208)",0.246046,-0.014587,"(0.000669, -0.002982, -0.252800)",LeftFalse_RightFalse,False,"(-35.58026885986328, -0.20261602103710175, -1.2522871494293213)","(1.404615044593811, 90.57192993164062, 0.10934903472661972)",0.105913,0.073121,"(0.184476, -0.004399, -0.006262)",LeftFalse_RightFalse
1.667419,0.020627,"(-1.3597419261932373, 1.2390247583389282, 36.88987350463867)","(1.4894044399261475, 178.39706420898438, 357.58831787109375)","(-1.3116792440414429, 1.2171775102615356, 37.01715850830078)","(0.7830680012702942, 183.27049255371094, 0.1654285192489624)","(-1.6987429857254028, -0.015062013640999794, 37.05475616455078)","(0.7905789017677307, 180.30413818359375, 0.12468477338552475)",0.275524,-0.014587,"(0.000714, -0.003298, -0.279741)",LeftFalse_RightFalse,False,"(-35.57205581665039, -0.20281094312667847, -1.2525739669799805)","(1.400486707687378, 90.5815200805664, 0.11034682393074036)",0.129623,0.073296,"(0.206514, -0.004873, -0.007225)",LeftFalse_RightFalse
1.710144,0.020914,"(-1.3591746091842651, 1.2382570505142212, 36.877403259277344)","(1.7715866565704346, 178.41387939453125, 357.7538757324219)","(-1.3116469383239746, 1.2170320749282837, 37.00468826293945)","(0.7796476483345032, 183.266357421875, 0.1651458591222763)","(-1.6987113952636719, -0.015210273675620556, 37.04218292236328)","(0.7871485948562622, 180.3000030517578, 0.12457950413227081)",0.308963,-0.014587,"(0.000758, -0.003651, -0.309641)",LeftFalse_RightFalse,False,"(-35.56282043457031, -0.20302852988243103, -1.2529029846191406)","(1.396281123161316, 90.59227752685547, 0.11140460520982742)",0.160302,0.073473,"(0.225548, -0.005301, -0.007949)",LeftFalse_RightFalse
1.751099,0.020724,"(-1.3585994243621826, 1.23755943775177, 36.864105224609375)","(2.088534116744995, 178.41209411621094, 357.8962707519531)","(-1.31161367893219, 1.2168769836425781, 36.991397857666016)","(0.7761059999465942, 183.2620391845703, 0.1648511290550232)","(-1.6986790895462036, -0.01536823995411396, 37.02878952026367)","(0.783596396446228, 180.29568481445312, 0.12446848303079605)",0.352484,-0.014587,"(0.000810, -0.004038, -0.342941)",LeftFalse_RightFalse,False,"(-35.55305862426758, -0.20325711369514465, -1.2532544136047363)","(1.3922722339630127, 90.6039810180664, 0.11244792491197586)",0.174928,0.073654,"(0.249590, -0.005829, -0.008967)",LeftFalse_RightFalse
1.793274,0.020821,"(-1.3580119609832764, 1.2370330095291138, 36.84886169433594)","(2.3693203926086426, 178.408203125, 358.0164489746094)","(-1.3115770816802979, 1.2166997194290161, 36.97617721557617)","(0.7721049785614014, 183.25718688964844, 0.16451209783554077)","(-1.6986432075500488, -0.015548920258879662, 37.01344680786133)","(0.779583215713501, 180.29083251953125, 0.12433693557977676)",0.401095,-0.014587,"(0.000875, -0.004478, -0.380500)",LeftFalse_RightFalse,False,"(-35.541954040527344, -0.20351600646972656, -1.2536604404449463)","(1.3878203630447388, 90.61717224121094, 0.11362142860889435)",0.203574,0.073834,"(0.273666, -0.006370, -0.009952)",LeftFalse_RightFalse
1.835144,0.0209,"(-1.3576265573501587, 1.2363855838775635, 36.83195877075195)","(2.593827962875366, 178.37356567382812, 358.1584777832031)","(-1.311537504196167, 1.2165031433105469, 36.95928192138672)","(0.7676829695701599, 183.25189208984375, 0.16413331031799316)","(-1.6986043453216553, -0.015749191865324974, 36.996421813964844)","(0.7751476168632507, 180.28553771972656, 0.12418752908706665)",0.447774,-0.014587,"(0.000954, -0.004975, -0.422706)",LeftFalse_RightFalse,False,"(-35.529781341552734, -0.2037988156080246, -1.2541122436523438)","(1.3830394744873047, 90.63176727294922, 0.11488941311836243)",0.230629,0.074018,"(0.300819, -0.006979, -0.011110)",LeftFalse_RightFalse
1.878906,0.021211,"(-1.3569557666778564, 1.2356882095336914, 36.812225341796875)","(2.78781795501709, 178.3112030029297, 358.2541809082031)","(-1.3114919662475586, 1.2162740230560303, 36.9395751953125)","(0.7625958323478699, 183.24578857421875, 0.16369464993476868)","(-1.6985595226287842, -0.01598280668258667, 36.9765625)","(0.7700443267822266, 180.27944946289062, 0.12401276081800461)",0.488515,-0.014587,"(0.001047, -0.005520, -0.469238)",LeftFalse_RightFalse,False,"(-35.5157356262207, -0.20412422716617584, -1.254642128944397)","(1.3774936199188232, 90.64873504638672, 0.11636079847812653)",0.25908,0.07421,"(0.330559, -0.007654, -0.012393)",LeftFalse_RightFalse
1.920227,0.020995,"(-1.356539011001587, 1.2351793050765991, 36.79142761230469)","(2.9336812496185303, 178.22406005859375, 358.2937316894531)","(-1.3114444017410278, 1.2160320281982422, 36.918792724609375)","(0.7575228214263916, 183.23947143554688, 0.16324912011623383)","(-1.6985126733779907, -0.01622897945344448, 36.955631256103516)","(0.7649552822113037, 180.27313232421875, 0.12383035570383072)",0.522999,-0.014587,"(0.001209, -0.006387, -0.544106)",LeftFalse_RightFalse,False,"(-35.501075744628906, -0.20446357131004333, -1.2552030086517334)","(1.3717288970947266, 90.66654968261719, 0.11788654327392578)",0.304051,0.074393,"(0.378184, -0.008751, -0.014453)",LeftFalse_RightFalse
1.962158,0.021007,"(-1.35624361038208, 1.2347421646118164, 36.76808547973633)","(3.029289960861206, 178.1468505859375, 358.3052978515625)","(-1.3113908767700195, 1.2157610654830933, 36.89546585083008)","(0.7523962259292603, 183.23248291015625, 0.16278712451457977)","(-1.6984598636627197, -0.016504377126693726, 36.93214416503906)","(0.7598116397857666, 180.2661590576172, 0.12363430857658386)",0.552025,-0.014587,"(0.001342, -0.006995, -0.597388)",LeftFalse_RightFalse,False,"(-35.484737396240234, -0.2048412710428238, -1.2558369636535645)","(1.365420937538147, 90.68647003173828, 0.11957231909036636)",0.332176,0.074579,"(0.414871, -0.009587, -0.016125)",LeftFalse_RightFalse
2.005371,0.021232,"(-1.3560314178466797, 1.2343285083770752, 36.74127960205078)","(3.1186044216156006, 178.07659912109375, 358.26007080078125)","(-1.3113290071487427, 1.215452790260315, 36.86888885498047)","(0.7471863627433777, 183.224609375, 0.16230013966560364)","(-1.6983989477157593, -0.016817452386021614, 36.90540313720703)","(0.754583477973938, 180.25828552246094, 0.12341758608818054)",0.576668,-0.014771,"(0.001495, -0.007633, -0.653281)",LeftFalse_RightFalse,False,"(-35.46614456176758, -0.2052708864212036, -1.256570816040039)","(1.3581148386001587, 90.70933532714844, 0.12151692062616348)",0.361023,0.074767,"(0.453926, -0.010487, -0.017903)",LeftFalse_RightFalse
2.047913,0.021227,"(-1.3558728694915771, 1.2339346408843994, 36.71229553222656)","(3.1911494731903076, 178.0247039794922, 358.2200927734375)","(-1.3112598657608032, 1.215120792388916, 36.84021759033203)","(0.7422537207603455, 183.21615600585938, 0.16180665791034698)","(-1.6983305215835571, -0.01715395599603653, 36.87656784057617)","(0.749631941318512, 180.2498321533203, 0.12318003177642822)",0.597372,-0.015411,"(0.001738, -0.008289, -0.711373)",LeftFalse_RightFalse,False,"(-35.4460563659668, -0.20573508739471436, -1.2573763132095337)","(1.3502732515335083, 90.73416137695312, 0.12361441552639008)",0.38841,0.074951,"(0.495721, -0.011454, -0.019849)",LeftFalse_RightFalse
2.094421,0.02192,"(-1.3557264804840088, 1.2332268953323364, 36.67738723754883)","(3.285813331604004, 177.9667205810547, 358.1731872558594)","(-1.31116783618927, 1.2147234678268433, 36.80580139160156)","(0.73719322681427, 183.20579528808594, 0.1611989289522171)","(-1.6982380151748657, -0.01755671016871929, 36.84197235107422)","(0.7445467710494995, 180.23947143554688, 0.12283503264188766)",0.615626,-0.016785,"(0.002185, -0.008966, -0.771312)",LeftFalse_RightFalse,False,"(-35.421852111816406, -0.20629432797431946, -1.2583630084991455)","(1.3409632444381714, 90.76424407958984, 0.12613721191883087)",0.419067,0.075148,"(0.540287, -0.012484, -0.021972)",LeftFalse_RightFalse
2.138916,0.022028,"(-1.3558098077774048, 1.2324202060699463, 36.64094161987305)","(3.4713783264160156, 177.88470458984375, 358.061279296875)","(-1.311051845550537, 1.2143102884292603, 36.76985168457031)","(0.7327806949615479, 183.19427490234375, 0.16048482060432434)","(-1.6981194019317627, -0.017975958064198494, 36.80584716796875)","(0.7401033043861389, 180.2279510498047, 0.12235024571418762)",0.63342,-0.018707,"(0.002883, -0.009656, -0.832886)",LeftFalse_RightFalse,False,"(-35.396392822265625, -0.20688235759735107, -1.2594188451766968)","(1.331383228302002, 90.79603576660156, 0.12878182530403137)",0.444604,0.07533,"(0.587369, -0.013572, -0.024261)",LeftFalse_RightFalse
2.183594,0.022151,"(-1.3559564352035522, 1.2315001487731934, 36.60111999511719)","(3.637038230895996, 177.79664611816406, 357.9373474121094)","(-1.3108959197998047, 1.2138599157333374, 36.73055648803711)","(0.7288615107536316, 183.18067932128906, 0.15967214107513428)","(-1.6979591846466064, -0.018432794138789177, 36.76637649536133)","(0.7361472845077515, 180.21437072753906, 0.12174148112535477)",0.652677,-0.020386,"(0.004091, -0.010717, -0.927441)",LeftFalse_RightFalse,False,"(-35.36834716796875, -0.20754212141036987, -1.2605949640274048)","(1.3207648992538452, 90.83120727539062, 0.13068680465221405)",0.487008,0.077259,"(0.659779, -0.015634, -0.027865)",LeftFalse_RightFalse
2.227051,0.022046,"(-1.3559352159500122, 1.2305810451507568, 36.55936813354492)","(3.76773738861084, 177.7241668701172, 357.832763671875)","(-1.3107028007507324, 1.2133878469467163, 36.68928909301758)","(0.7255615592002869, 183.16554260253906, 0.1588423103094101)","(-1.6977615356445312, -0.018911212682724, 36.72493362426758)","(0.7328090071678162, 180.19921875, 0.12108352780342102)",0.675735,-0.021515,"(0.005091, -0.011442, -0.992442)",LeftFalse_RightFalse,False,"(-35.33868408203125, -0.20824643969535828, -1.2618690729141235)","(1.3098276853561401, 90.868896484375, 0.13242267072200775)",0.512255,0.078572,"(0.713767, -0.017006, -0.031176)",LeftFalse_RightFalse
2.273621,0.02253,"(-1.3557674884796143, 1.229748249053955, 36.511383056640625)","(3.916079521179199, 177.62127685546875, 357.7538146972656)","(-1.3104430437088013, 1.212843656539917, 36.641624450683594)","(0.7224168181419373, 183.1470184326172, 0.15791791677474976)","(-1.6974971294403076, -0.01946244016289711, 36.67707824707031)","(0.7296203970909119, 180.1807098388672, 0.12032317370176315)",0.704804,-0.022003,"(0.006101, -0.012198, -1.059796)",LeftFalse_RightFalse,False,"(-35.30402755737305, -0.20907366275787354, -1.263409972190857)","(1.2969874143600464, 90.91409301757812, 0.13443651795387268)",0.540766,0.080084,"(0.769654, -0.018399, -0.034602)",LeftFalse_RightFalse
2.314331,0.021744,"(-1.3555476665496826, 1.2290842533111572, 36.46613693237305)","(3.9571359157562256, 177.5267333984375, 357.7544250488281)","(-1.3101719617843628, 1.2123335599899292, 36.59695053100586)","(0.7198291420936584, 183.1291046142578, 0.15715926885604858)","(-1.6972239017486572, -0.019978441298007965, 36.632225036621094)","(0.7269970178604126, 180.1627960205078, 0.11969942599534988)",0.735341,-0.022003,"(0.007007, -0.012992, -1.130060)",LeftFalse_RightFalse,False,"(-35.271209716796875, -0.20985907316207886, -1.2649157047271729)","(1.2850341796875, 90.95780944824219, 0.13632169365882874)",0.556931,0.081505,"(0.827957, -0.019834, -0.038334)",LeftFalse_RightFalse
2.355408,0.021349,"(-1.3552502393722534, 1.228438377380371, 36.41766357421875)","(3.9550812244415283, 177.40806579589844, 357.80584716796875)","(-1.3098602294921875, 1.2117838859558105, 36.548851013183594)","(0.7172433137893677, 183.10968017578125, 0.15646718442440033)","(-1.6969122886657715, -0.020533263683319092, 36.58393859863281)","(0.7243787050247192, 180.14337158203125, 0.11914211511611938)",0.763397,-0.022003,"(0.007872, -0.013824, -1.203290)",LeftFalse_RightFalse,False,"(-35.23560333251953, -0.21071237325668335, -1.2665982246398926)","(1.2723861932754517, 91.00614166259766, 0.13835230469703674)",0.593227,0.083018,"(0.888175, -0.021295, -0.042340)",LeftFalse_RightFalse
2.415588,0.020755,"(-1.354285717010498, 1.2274882793426514, 36.34105682373047)","(3.928194999694824, 177.21142578125, 357.89898681640625)","(-1.3093321323394775, 1.2109119892120361, 36.47258758544922)","(0.7134408354759216, 183.078857421875, 0.15552040934562683)","(-1.6963869333267212, -0.021412497386336327, 36.50738525390625)","(0.7205323576927185, 180.112548828125, 0.11839336901903152)",0.798262,-0.022003,"(0.009268, -0.015134, -1.318076)",LeftFalse_RightFalse,False,"(-35.17859649658203, -0.21207918226718903, -1.26939857006073)","(1.2526438236236572, 91.0854721069336, 0.14167466759681702)",0.632547,0.085408,"(0.984067, -0.023599, -0.049119)",LeftFalse_RightFalse
2.478455,0.020952,"(-1.353211760520935, 1.2264535427093506, 36.25367736816406)","(3.8726234436035156, 176.87010192871094, 358.0028076171875)","(-1.308682918548584, 1.209915280342102, 36.38541030883789)","(0.7096067070960999, 183.04371643066406, 0.15452605485916138)","(-1.695742130279541, -0.02241692692041397, 36.41988754272461)","(0.716651976108551, 180.07740783691406, 0.1175987720489502)",0.82587,-0.022003,"(0.010844, -0.016498, -1.437611)",LeftFalse_RightFalse,False,"(-35.112674713134766, -0.21365952491760254, -1.2727972269058228)","(1.2304847240447998, 91.1800537109375, 0.14565005898475647)",0.682187,0.08811,"(1.085984, -0.026036, -0.056884)",LeftFalse_RightFalse
2.540588,0.020932,"(-1.3516958951950073, 1.2253670692443848, 36.1595573425293)","(3.837033748626709, 176.57516479492188, 358.06256103515625)","(-1.307935118675232, 1.2088452577590942, 36.29143524169922)","(0.7061029672622681, 183.0059356689453, 0.15328161418437958)","(-1.6949940919876099, -0.023496238514780998, 36.32558059692383)","(0.7130885124206543, 180.0396270751953, 0.11653731763362885)",0.855079,-0.021851,"(0.013247, -0.018319, -1.602788)",LeftFalse_RightFalse,False,"(-35.04071044921875, -0.2153836488723755, -1.2767071723937988)","(1.2069518566131592, 91.28678894042969, 0.15019284188747406)",0.648492,0.090992,"(1.230332, -0.029480, -0.068777)",LeftFalse_RightFalse
2.60022,0.020479,"(-1.3504451513290405, 1.224249005317688, 36.06159591674805)","(3.8099725246429443, 176.3723602294922, 358.09771728515625)","(-1.3071032762527466, 1.2077326774597168, 36.19355773925781)","(0.7032091617584229, 182.96681213378906, 0.1519705355167389)","(-1.6941605806350708, -0.024618428200483322, 36.22737503051758)","(0.7101307511329651, 180.00051879882812, 0.1153777688741684)",0.888219,-0.021484,"(0.015246, -0.020517, -1.731715)",LeftFalse_RightFalse,False,"(-34.9649543762207, -0.21715493500232697, -1.2810274362564087)","(1.184830665588379, 91.4021224975586, 0.1536376178264618)",0.670872,0.094035,"(1.350186, -0.030273, -0.079882)",LeftFalse_RightFalse
2.643311,0.020878,"(-1.3495597839355469, 1.2233507633209229, 35.98591995239258)","(3.818549633026123, 176.26846313476562, 358.109375)","(-1.3064206838607788, 1.206831455230713, 36.117923736572266)","(0.6996957063674927, 182.93692016601562, 0.15118417143821716)","(-1.6934826374053955, -0.02552581951022148, 36.15146255493164)","(0.7065813541412354, 179.9706268310547, 0.11477428674697876)",0.909455,-0.020508,"(0.016622, -0.022135, -1.820427)",LeftFalse_RightFalse,False,"(-34.905662536621094, -0.21847432851791382, -1.2845752239227295)","(1.1700875759124756, 91.4950942993164, 0.15709060430526733)",0.823811,0.097421,"(1.423755, -0.031230, -0.087019)",LeftFalse_RightFalse
2.689148,0.021632,"(-1.348609447479248, 1.22232186794281, 35.9009895324707)","(3.834181308746338, 176.19273376464844, 358.10986328125)","(-1.3056325912475586, 1.2057952880859375, 36.03303527832031)","(0.6950432658195496, 182.90420532226562, 0.15021513402462006)","(-1.6926977634429932, -0.02656954899430275, 36.06624984741211)","(0.7018850445747375, 179.93792724609375, 0.1140473261475563)",0.926656,-0.01886,"(0.017660, -0.023613, -1.911292)",LeftFalse_RightFalse,False,"(-34.83869171142578, -0.219933420419693, -1.2887592315673828)","(1.1553367376327515, 91.60313415527344, 0.16143666207790375)",0.829769,0.101324,"(1.508334, -0.032607, -0.096483)",LeftFalse_RightFalse
2.729797,0.021202,"(-1.3477567434310913, 1.2213493585586548, 35.82173156738281)","(3.84033203125, 176.17434692382812, 358.1136169433594)","(-1.304892897605896, 1.2048141956329346, 35.95380401611328)","(0.6904045343399048, 182.87530517578125, 0.14945048093795776)","(-1.6919633150100708, -0.02755696512758732, 35.986724853515625)","(0.697212815284729, 179.9090118408203, 0.11352373659610748)",0.940588,-0.017731,"(0.018462, -0.024995, -2.003904)",LeftFalse_RightFalse,False,"(-34.77564239501953, -0.2212904393672943, -1.292898178100586)","(1.1421631574630737, 91.70895385742188, 0.1660618931055069)",0.848349,0.104651,"(1.592915, -0.034151, -0.106605)",LeftFalse_RightFalse
2.771362,0.021062,"(-1.346877932548523, 1.2202962636947632, 35.736515045166016)","(3.8802340030670166, 176.1461181640625, 358.17816162109375)","(-1.304099678993225, 1.2037535905838013, 35.86884307861328)","(0.6853967308998108, 182.84613037109375, 0.14870791137218475)","(-1.6911762952804565, -0.028623780235648155, 35.901458740234375)","(0.6921733617782593, 179.8798370361328, 0.11304134130477905)",0.951873,-0.016754,"(0.019383, -0.026310, -2.097924)",LeftFalse_RightFalse,False,"(-34.70753860473633, -0.22274655103683472, -1.297581434249878)","(1.1286433935165405, 91.82730865478516, 0.1713254600763321)",0.875173,0.108136,"(1.680280, -0.035857, -0.117699)",LeftFalse_RightFalse
2.814697,0.021329,"(-1.3459315299987793, 1.2191369533538818, 35.64305114746094)","(3.9122490882873535, 176.11654663085938, 358.2149658203125)","(-1.303226113319397, 1.2025870084762573, 35.77573776245117)","(0.6800635457038879, 182.81594848632812, 0.14793838560581207)","(-1.690308928489685, -0.02979678474366665, 35.80803298950195)","(0.6868075132369995, 179.8496551513672, 0.1125488430261612)",0.961015,-0.016235,"(0.020434, -0.027543, -2.193072)",LeftFalse_RightFalse,False,"(-34.6323127746582, -0.2243472784757614, -1.3030109405517578)","(1.1140586137771606, 91.96277618408203, 0.17720942199230194)",0.905011,0.111844,"(1.770127, -0.037613, -0.129867)",LeftFalse_RightFalse
2.860352,0.021888,"(-1.3448752164840698, 1.2178601026535034, 35.54015350341797)","(3.9362270832061768, 175.99905395507812, 358.25274658203125)","(-1.3022453784942627, 1.2013002634048462, 35.67307662963867)","(0.6744509935379028, 182.78414916992188, 0.14715389907360077)","(-1.6893349885940552, -0.031090086326003075, 35.70503616333008)","(0.6811618804931641, 179.81788635253906, 0.11205591261386871)",0.968419,-0.016083,"(0.022612, -0.029338, -2.337248)",LeftFalse_RightFalse,False,"(-34.548641204833984, -0.22612260282039642, -1.3093693256378174)","(1.0980316400527954, 92.1191635131836, 0.18386195600032806)",0.819804,0.115765,"(1.909780, -0.040498, -0.149929)",LeftFalse_RightFalse
2.905579,0.022177,"(-1.343753695487976, 1.2165435552597046, 35.4330940246582)","(3.901919364929199, 175.875, 358.2640380859375)","(-1.3011995553970337, 1.1999733448028564, 35.566165924072266)","(0.6688264608383179, 182.75192260742188, 0.14557847380638123)","(-1.688279151916504, -0.0324290469288826, 35.59778594970703)","(0.6754633188247681, 179.78564453125, 0.11077366769313812)",0.974416,-0.015961,"(0.024325, -0.029314, -2.433802)",LeftFalse_RightFalse,False,"(-34.4608268737793, -0.22798460721969604, -1.316383957862854)","(1.0819783210754395, 92.2881851196289, 0.1905476152896881)",0.989902,0.119558,"(1.999239, -0.042391, -0.163976)",LeftFalse_RightFalse
2.949646,0.022125,"(-1.3423607349395752, 1.2153533697128296, 35.324161529541016)","(3.8276453018188477, 175.7398681640625, 358.2623596191406)","(-1.3001079559326172, 1.1987613439559937, 35.45734405517578)","(0.6581160426139832, 182.7193603515625, 0.14272408187389374)","(-1.68715500831604, -0.033662863075733185, 35.48851013183594)","(0.6646196246147156, 179.75308227539062, 0.10847733169794083)",0.979274,-0.015961,"(0.026372, -0.026975, -2.530166)",LeftFalse_RightFalse,False,"(-34.37059783935547, -0.2298976182937622, -1.3239355087280273)","(1.065487265586853, 92.46621704101562, 0.19739431142807007)",0.95957,0.104201,"(2.099819, -0.044537, -0.177440)",LeftFalse_RightFalse
2.990295,0.021501,"(-1.3408739566802979, 1.2143088579177856, 35.2196159362793)","(3.7699506282806396, 175.59922790527344, 358.2601318359375)","(-1.2989863157272339, 1.197685956954956, 35.35287094116211)","(0.6441218852996826, 182.68838500976562, 0.14134250581264496)","(-1.6860346794128418, -0.0347505584359169, 35.38352584838867)","(0.6505727171897888, 179.7221221923828, 0.10782184451818466)",0.983209,-0.01593,"(0.028605, -0.026539, -2.626926)",LeftFalse_RightFalse,False,"(-34.28306198120117, -0.23175480961799622, -1.3313312530517578)","(1.049515962600708, 92.63179779052734, 0.20131175220012665)",0.976084,0.096919,"(2.198817, -0.046681, -0.185723)",LeftFalse_RightFalse
3.03302,0.021454,"(-1.339073896408081, 1.2129933834075928, 35.10572052001953)","(3.709981679916382, 175.4656982421875, 358.2740173339844)","(-1.2974604368209839, 1.1963069438934326, 35.23902893066406)","(0.6200065612792969, 182.656005859375, 0.15356676280498505)","(-1.6848127841949463, -0.036052048206329346, 35.268959045410156)","(0.6271222233772278, 179.68975830078125, 0.12127773463726044)",0.986397,-0.015411,"(0.032293, -0.032822, -2.725510)",LeftFalse_RightFalse,False,"(-34.1867561340332, -0.2338000237941742, -1.339454174041748)","(1.0322935581207275, 92.80168914794922, 0.2035864144563675)",1.0,0.088234,"(2.300328, -0.048880, -0.194100)",LeftFalse_RightFalse
3.074402,0.02114,"(-1.3366066217422485, 1.2117059230804443, 34.991512298583984)","(3.6050405502319336, 175.22921752929688, 358.37689208984375)","(-1.2956507205963135, 1.1947097778320312, 35.12448501586914)","(0.5880559086799622, 182.6253204345703, 0.17637008428573608)","(-1.6835404634475708, -0.0375010184943676, 35.153541564941406)","(0.5963943600654602, 179.6591033935547, 0.1457039713859558)",0.988978,-0.014618,"(0.035736, -0.036375, -2.824420)",LeftFalse_RightFalse,False,"(-34.088905334472656, -0.23587992787361145, -1.3476697206497192)","(1.015028476715088, 92.9607162475586, 0.2045934647321701)",0.996769,0.078678,"(2.403877, -0.051122, -0.201642)",LeftFalse_RightFalse
3.120056,0.02178,"(-1.3335820436477661, 1.2102245092391968, 34.860591888427734)","(3.5237650871276855, 174.9316864013672, 358.5205078125)","(-1.2934030294418335, 1.1927529573440552, 34.99334716796875)","(0.5470431447029114, 182.59210205078125, 0.20756809413433075)","(-1.682019829750061, -0.039253752678632736, 35.02132797241211)","(0.5570508241653442, 179.6259002685547, 0.1789826601743698)",0.99107,-0.01416,"(0.040278, -0.040578, -2.973123)",LeftFalse_RightFalse,False,"(-33.975894927978516, -0.23828323185443878, -1.3570619821548462)","(0.9955481886863708, 93.1264877319336, 0.2046114057302475)",0.911472,0.066996,"(2.558939, -0.054380, -0.212335)",LeftFalse_RightFalse
3.1604,0.021179,"(-1.3304877281188965, 1.209155559539795, 34.74039077758789)","(3.4544413089752197, 174.5568389892578, 358.71734619140625)","(-1.291235327720642, 1.1908836364746094, 34.87306213378906)","(0.5072596669197083, 182.56285095214844, 0.23816992342472076)","(-1.6805620193481445, -0.04092170670628548, 34.90001678466797)","(0.5189041495323181, 179.59666442871094, 0.21160227060317993)",0.992763,-0.01416,"(0.042808, -0.048840, -3.073013)",LeftFalse_RightFalse,False,"(-33.87147903442383, -0.2404988706111908, -1.365686058998108)","(0.9781778454780579, 93.26488494873047, 0.20452474057674408)",1.0,0.064737,"(2.656425, -0.051441, -0.220358)",LeftFalse_RightFalse
3.200439,0.020737,"(-1.3277310132980347, 1.207651972770691, 34.617488861083984)","(3.4364030361175537, 174.22506713867188, 358.84521484375)","(-1.2893352508544922, 1.1888220310211182, 34.75011444091797)","(0.45625120401382446, 182.53277587890625, 0.2461026906967163)","(-1.6788947582244873, -0.042937129735946655, 34.77577590942383)","(0.46837446093559265, 179.56663513183594, 0.2221640795469284)",0.994135,-0.01416,"(0.044641, -0.046980, -3.172304)",LeftFalse_RightFalse,False,"(-33.76403045654297, -0.24252796173095703, -1.3744769096374512)","(0.950158417224884, 93.39578247070312, 0.18364793062210083)",1.0,0.057435,"(2.757078, -0.042796, -0.229847)",LeftFalse_RightFalse
3.245483,0.021388,"(-1.3245110511779785, 1.2060245275497437, 34.47397232055664)","(3.5610718727111816, 173.854248046875, 358.9415588378906)","(-1.2872185707092285, 1.1867804527282715, 34.606590270996094)","(0.4106907546520233, 182.49754333496094, 0.2480311393737793)","(-1.6768779754638672, -0.04497191309928894, 34.63103485107422)","(0.4229748249053955, 179.5314178466797, 0.22644758224487305)",0.993372,-0.01416,"(0.046687, -0.041917, -3.270081)",LeftFalse_RightFalse,False,"(-33.637908935546875, -0.24438366293907166, -1.3849202394485474)","(0.8952422142028809, 93.53600311279297, 0.17843075096607208)",1.0,0.04817,"(2.856790, -0.038238, -0.236714)",LeftFalse_RightFalse
3.288086,0.021382,"(-1.3215603828430176, 1.204561471939087, 34.33375930786133)","(3.6664562225341797, 173.6159210205078, 359.0679626464844)","(-1.2851608991622925, 1.1850647926330566, 34.466163635253906)","(0.37762415409088135, 182.4630889892578, 0.24735455214977264)","(-1.6748509407043457, -0.046696439385414124, 34.489662170410156)","(0.3899175524711609, 179.49697875976562, 0.22748294472694397)",0.992011,-0.01416,"(0.049099, -0.038629, -3.367589)",LeftFalse_RightFalse,False,"(-33.51393127441406, -0.2459741234779358, -1.3950979709625244)","(0.8318819999694824, 93.65806579589844, 0.1752023845911026)",1.0,0.041411,"(2.956630, -0.036011, -0.241674)",LeftFalse_RightFalse
3.332397,0.021705,"(-1.3185579776763916, 1.2031058073043823, 34.18339157104492)","(3.7137603759765625, 173.519287109375, 359.28466796875)","(-1.28294038772583, 1.1834330558776855, 34.315494537353516)","(0.3499074876308441, 182.42617797851562, 0.24439111351966858)","(-1.672607183456421, -0.04835135489702225, 34.3381462097168)","(0.36208465695381165, 179.4600830078125, 0.2259577065706253)",0.990557,-0.01416,"(0.051738, -0.035864, -3.464703)",LeftFalse_RightFalse,False,"(-33.38029479980469, -0.24755729734897614, -1.4059877395629883)","(0.7586051821708679, 93.77381896972656, 0.17331847548484802)",1.0,0.048835,"(3.055927, -0.035348, -0.251285)",LeftFalse_RightFalse
3.37323,0.021219,"(-1.3159756660461426, 1.2021043300628662, 34.040279388427734)","(3.513272523880005, 173.53135681152344, 359.4488525390625)","(-1.2808316946029663, 1.1820497512817383, 34.17222595214844)","(0.3270780146121979, 182.39112854003906, 0.23803767561912537)","(-1.670396089553833, -0.049780212342739105, 34.19414138793945)","(0.3389570116996765, 179.42503356933594, 0.22079415619373322)",0.988989,-0.01416,"(0.054539, -0.034358, -3.561306)",LeftFalse_RightFalse,False,"(-33.252647399902344, -0.24901342391967773, -1.4165855646133423)","(0.6867441534996033, 93.88190460205078, 0.17476145923137665)",1.0,0.046224,"(3.154849, -0.035690, -0.263903)",LeftFalse_RightFalse
3.414307,0.020995,"(-1.3134101629257202, 1.2012534141540527, 33.89266586303711)","(3.312094211578369, 173.54261779785156, 359.5895690917969)","(-1.2786095142364502, 1.1807094812393188, 34.02424621582031)","(0.3059287369251251, 182.3549346923828, 0.23038466274738312)","(-1.6680420637130737, -0.05117466300725937, 34.04545593261719)","(0.31744009256362915, 179.38882446289062, 0.2142457813024521)",0.987367,-0.01416,"(0.057632, -0.033739, -3.657529)",LeftFalse_RightFalse,False,"(-33.12025833129883, -0.2505066394805908, -1.4277451038360596)","(0.611932635307312, 93.99103546142578, 0.1772155463695526)",1.0,0.042315,"(3.253772, -0.036673, -0.275529)",LeftFalse_RightFalse
3.456238,0.020974,"(-1.3107510805130005, 1.2002294063568115, 33.73788833618164)","(3.1108157634735107, 173.55099487304688, 359.7347106933594)","(-1.2762115001678467, 1.179355502128601, 33.869041442871094)","(0.2853190302848816, 182.31698608398438, 0.22190269827842712)","(-1.6654937267303467, -0.05258821323513985, 33.88954162597656)","(0.2964191138744354, 179.35089111328125, 0.2068416178226471)",0.986054,-0.01416,"(0.060999, -0.033749, -3.753370)",LeftFalse_RightFalse,False,"(-32.98085021972656, -0.252048522233963, -1.4395866394042969)","(0.5351079106330872, 94.09954833984375, 0.17632146179676056)",1.0,0.034582,"(3.352449, -0.035907, -0.285810)",LeftFalse_RightFalse
3.49884,0.021101,"(-1.3079265356063843, 1.1990758180618286, 33.57628631591797)","(2.911850690841675, 173.53964233398438, 359.8692626953125)","(-1.2735967636108398, 1.1779733896255493, 33.70692443847656)","(0.2639554440975189, 182.27740478515625, 0.21440230309963226)","(-1.6627501249313354, -0.05402287095785141, 33.72669219970703)","(0.27469602227211, 179.3113250732422, 0.20045673847198486)",0.984247,-0.01413,"(0.064653, -0.033336, -3.848823)",LeftFalse_RightFalse,False,"(-32.8347053527832, -0.2535039186477661, -1.4519902467727661)","(0.46265849471092224, 94.20086669921875, 0.1724419891834259)",1.0,0.026128,"(3.450378, -0.033386, -0.293214)",LeftFalse_RightFalse
3.542969,0.021444,"(-1.304802656173706, 1.197817087173462, 33.40435028076172)","(2.797532320022583, 173.46253967285156, 359.95294189453125)","(-1.2706518173217773, 1.1765429973602295, 33.53447341918945)","(0.23934930562973022, 182.23558044433594, 0.20962925255298615)","(-1.659737467765808, -0.055487487465143204, 33.55342483520508)","(0.24987585842609406, 179.2694854736328, 0.1969633400440216)",0.982784,-0.01413,"(0.070718, -0.030170, -3.990970)",LeftFalse_RightFalse,False,"(-32.67863464355469, -0.2549409866333008, -1.4651437997817993)","(0.3921874165534973, 94.29179382324219, 0.1691703200340271)",1.0,0.015358,"(3.597116, -0.032076, -0.302125)",LeftFalse_RightFalse
3.583191,0.020956,"(-1.3017899990081787, 1.1967945098876953, 33.243675231933594)","(2.7703661918640137, 173.38453674316406, -0.00383113045245409)","(-1.267782211303711, 1.1753861904144287, 33.37329864501953)","(0.20880307257175446, 182.1965789794922, 0.20550322532653809)","(-1.6568173170089722, -0.05667421221733093, 33.391326904296875)","(0.21915705502033234, 179.23048400878906, 0.19442346692085266)",0.980076,-0.013794,"(0.074950, -0.028283, -4.084543)",LeftFalse_RightFalse,False,"(-32.53215026855469, -0.2562238276004791, -1.4773447513580322)","(0.32976970076560974, 94.36072540283203, 0.1649477779865265)",1.0,0.010521,"(3.694905, -0.031571, -0.304583)",LeftFalse_RightFalse
3.625366,0.021004,"(-1.2984561920166016, 1.1957708597183228, 33.0713005065918)","(2.7363431453704834, 173.2808074951172, 0.06290373206138611)","(-1.2645851373672485, 1.1742359399795532, 33.20041275024414)","(0.1719377487897873, 182.155029296875, 0.2015177309513092)","(-1.6535773277282715, -0.057853396981954575, 33.21736145019531)","(0.18213488161563873, 179.18894958496094, 0.19235092401504517)",0.975304,-0.012634,"(0.078964, -0.027482, -4.177578)",LeftFalse_RightFalse,False,"(-32.37438201904297, -0.2575613558292389, -1.49024498462677)","(0.2647940218448639, 94.4149169921875, 0.15852251648902893)",1.0,0.000704,"(3.792362, -0.031876, -0.308056)",LeftFalse_RightFalse
3.669189,0.021272,"(-1.294830560684204, 1.1949436664581299, 32.88789367675781)","(2.5652174949645996, 173.2710418701172, 0.1787870079278946)","(-1.2610832452774048, 1.1730616092681885, 33.01667785644531)","(0.1301840990781784, 182.1123809814453, 0.19783979654312134)","(-1.6500420570373535, -0.05905402451753616, 33.03243637084961)","(0.14024686813354492, 179.1463165283203, 0.19083841145038605)",0.970345,-0.009857,"(0.082244, -0.027385, -4.269843)",LeftFalse_RightFalse,False,"(-32.2060661315918, -0.25897127389907837, -1.5037168264389038)","(0.19727033376693726, 94.45111846923828, 0.15057650208473206)",1.0,-0.011358,"(3.889885, -0.032575, -0.307638)",LeftFalse_RightFalse
3.713989,0.02168,"(-1.2910010814666748, 1.1941927671432495, 32.695125579833984)","(2.3021271228790283, 173.3230438232422, 0.3346414566040039)","(-1.2573535442352295, 1.1718469858169556, 32.82394790649414)","(0.08505766838788986, 182.07212829589844, 0.19518005847930908)","(-1.6463011503219604, -0.06028742343187332, 32.838462829589844)","(0.09504324942827225, 179.10606384277344, 0.19051729142665863)",0.965547,-0.006165,"(0.084034, -0.027634, -4.361320)",LeftFalse_RightFalse,False,"(-32.02883529663086, -0.2604559063911438, -1.5173523426055908)","(0.12743708491325378, 94.4580307006836, 0.13956965506076813)",1.0,-0.058515,"(3.987519, -0.033524, -0.301127)",LeftFalse_RightFalse
3.761536,0.022454,"(-1.2869011163711548, 1.193753719329834, 32.485748291015625)","(1.9231328964233398, 173.47247314453125, 0.5081903338432312)","(-1.2533318996429443, 1.17063570022583, 32.61479568481445)","(0.040009062737226486, 182.03758239746094, 0.1942848116159439)","(-1.642303466796875, -0.0615047812461853, 32.62810516357422)","(0.05000867694616318, 179.07151794433594, 0.19195428490638733)",0.95834,-0.001801,"(0.084591, -0.021411, -4.495948)",LeftFalse_RightFalse,False,"(-31.83578872680664, -0.26206663250923157, -1.530366063117981)","(0.0517258420586586, 94.38175201416016, 0.1144542396068573)",1.0,-0.096451,"(4.133634, -0.028496, -0.249488)",LeftFalse_RightFalse
3.805481,0.022258,"(-1.2831201553344727, 1.1932871341705322, 32.28688049316406)","(1.5824873447418213, 173.6144561767578, 0.6475780010223389)","(-1.2495898008346558, 1.1697301864624023, 32.416439056396484)","(0.007396522909402847, 182.0146942138672, 0.19485944509506226)","(-1.6386035680770874, -0.06240592524409294, 32.42889404296875)","(0.017469558864831924, 179.0486297607422, 0.19421565532684326)",0.951409,0.001892,"(0.083873, -0.019042, -4.584262)",LeftFalse_RightFalse,False,"(-31.652027130126953, -0.2631302773952484, -1.5404744148254395)","(359.96002197265625, 94.21260833740234, 0.07062392681837082)",1.0,-0.130506,"(4.227873, -0.018465, -0.206778)",LeftFalse_RightFalse
3.851196,0.022483,"(-1.2793357372283936, 1.192807912826538, 32.07540512084961)","(1.3737496137619019, 173.67137145996094, 0.7539123892784119)","(-1.2458165884017944, 1.1689510345458984, 32.20552062988281)","(359.9761962890625, 182.00204467773438, 0.19236944615840912)","(-1.634803056716919, -0.06320106238126755, 32.21721649169922)","(359.9861755371094, 179.03598022460938, 0.19334416091442108)",0.945013,0.00531,"(0.081715, -0.015983, -4.671321)",LeftFalse_RightFalse,False,"(-31.45600128173828, -0.2638702392578125, -1.5486615896224976)","(359.8456726074219, 93.92670440673828, 0.030046062543988228)",1.0,-0.149898,"(4.320541, -0.013909, -0.157537)",LeftFalse_RightFalse
3.895813,0.022406,"(-1.275386095046997, 1.1923638582229614, 31.864749908447266)","(1.3355761766433716, 173.64051818847656, 0.7767980694770813)","(-1.2423151731491089, 1.1683087348937988, 31.99536895751953)","(359.9463806152344, 182.00184631347656, 0.18693988025188446)","(-1.6312074661254883, -0.06387898325920105, 32.00642013549805)","(359.9561462402344, 179.03578186035156, 0.18946346640586853)",0.932333,0.008423,"(0.078701, -0.014720, -4.757075)",LeftFalse_RightFalse,False,"(-31.260120391845703, -0.26442044973373413, -1.5541456937789917)","(359.7232971191406, 93.54572296142578, 359.99200439453125)",1.0,-0.174528,"(4.412286, -0.011476, -0.104658)",LeftFalse_RightFalse
3.939514,0.022192,"(-1.271896481513977, 1.191920280456543, 31.6544189453125)","(1.2927916049957275, 173.48263549804688, 0.8081112504005432)","(-1.2390629053115845, 1.167723536491394, 31.78532600402832)","(359.9176940917969, 182.0137176513672, 0.18075315654277802)","(-1.6278414726257324, -0.0645049437880516, 31.795835494995117)","(359.9271545410156, 179.04763793945312, 0.1847694218158722)",0.917726,0.010925,"(0.075111, -0.014185, -4.840891)",LeftFalse_RightFalse,False,"(-31.06380271911621, -0.2648814618587494, -1.5567764043807983)","(359.59686279296875, 93.07484436035156, 359.955322265625)",1.0,-0.19259,"(4.502729, -0.010314, -0.045315)",LeftFalse_RightFalse
3.983704,0.022095,"(-1.2681825160980225, 1.191499948501587, 31.437597274780273)","(1.2925766706466675, 173.2344512939453, 0.7570047378540039)","(-1.2358720302581787, 1.167181134223938, 31.568906784057617)","(359.88525390625, 182.03732299804688, 0.17967183887958527)","(-1.6246479749679565, -0.06505259871482849, 31.57887840270996)","(359.89471435546875, 179.07125854492188, 0.18536821007728577)",0.905894,0.013214,"(0.070016, -0.009987, -4.963192)",LeftFalse_RightFalse,False,"(-30.86103630065918, -0.2648788094520569, -1.556414008140564)","(359.4822692871094, 92.50971984863281, 359.91485595703125)",1.0,-0.209351,"(4.633753, 0.014580, 0.044033)",LeftFalse_RightFalse
4.027344,0.022047,"(-1.2649646997451782, 1.191293716430664, 31.21947479248047)","(1.2249401807785034, 173.03826904296875, 0.7520597577095032)","(-1.2329171895980835, 1.1668598651885986, 31.351207733154297)","(359.84759521484375, 182.07032775878906, 0.17687341570854187)","(-1.6216564178466797, -0.06539012491703033, 31.360591888427734)","(359.8569641113281, 179.10426330566406, 0.1845221370458603)",0.895568,0.015045,"(0.065574, -0.003960, -5.042058)",LeftFalse_RightFalse,False,"(-30.656753540039062, -0.2640381455421448, -1.5531178712844849)","(359.3995666503906, 91.88056945800781, 359.8789367675781)",1.0,-0.228301,"(4.718410, 0.025314, 0.109811)",LeftFalse_RightFalse
4.073486,0.022428,"(-1.2620142698287964, 1.1912884712219238, 30.98511505126953)","(1.1683779954910278, 172.88861083984375, 0.7168234586715698)","(-1.2300785779953003, 1.1667381525039673, 31.117097854614258)","(359.80450439453125, 182.1154327392578, 0.17150862514972687)","(-1.6187291145324707, -0.06554431468248367, 31.125858306884766)","(359.8136291503906, 179.1493682861328, 0.18139487504959106)",0.887204,0.016815,"(0.060439, -0.002874, -5.119289)",LeftFalse_RightFalse,False,"(-30.436676025390625, -0.26267287135124207, -1.5460021495819092)","(359.3281555175781, 91.13421630859375, 359.84454345703125)",1.0,-0.247284,"(4.800192, 0.032982, 0.187246)",LeftFalse_RightFalse
4.118347,0.022401,"(-1.2595125436782837, 1.1913254261016846, 30.753400802612305)","(1.0903596878051758, 172.810302734375, 0.6833429932594299)","(-1.2275779247283936, 1.1666642427444458, 30.885507583618164)","(359.7606506347656, 182.16888427734375, 0.16703073680400848)","(-1.6161596775054932, -0.0656440407037735, 30.8936824798584)","(359.76959228515625, 179.20278930664062, 0.179192453622818)",0.880039,0.018188,"(0.054837, -0.001636, -5.195103)",LeftFalse_RightFalse,False,"(-30.218626022338867, -0.2610520124435425, -1.5349669456481934)","(359.26800537109375, 90.32042694091797, 359.81060791015625)",1.0,-0.166323,"(4.879735, 0.037532, 0.270661)",LeftFalse_RightFalse
4.165955,0.02298,"(-1.257191777229309, 1.1914278268814087, 30.503379821777344)","(0.9426379203796387, 172.80592346191406, 0.6448622345924377)","(-1.225184440612793, 1.1666550636291504, 30.63553810119629)","(359.715576171875, 182.23497009277344, 0.16611479222774506)","(-1.6137745380401611, -0.0656539648771286, 30.643192291259766)","(359.72454833984375, 179.26885986328125, 0.1806095540523529)",0.870446,0.01947,"(0.046439, 0.004693, -5.306399)",LeftFalse_RightFalse,False,"(-29.982463836669922, -0.2591453790664673, -1.521213173866272)","(359.2080993652344, 89.48473358154297, 359.8022766113281)",1.0,-0.239578,"(5.009849, 0.041805, 0.329994)",LeftFalse_RightFalse
4.207703,0.022216,"(-1.2554489374160767, 1.1917508840560913, 30.28046989440918)","(0.8192742466926575, 172.86805725097656, 0.5877774357795715)","(-1.2233350276947021, 1.1669046878814697, 30.412635803222656)","(359.6857604980469, 182.29930114746094, 0.16682882606983185)","(-1.611957311630249, -0.06539537012577057, 30.420085906982422)","(359.6947937011719, 179.33319091796875, 0.1828659623861313)",0.851855,0.020325,"(0.040294, 0.007936, -5.378265)",LeftFalse_RightFalse,False,"(-29.771535873413086, -0.2572590708732605, -1.5055582523345947)","(359.1538391113281, 88.71170806884766, 359.7882995605469)",1.0,-0.236361,"(5.086102, 0.051865, 0.425339)",LeftFalse_RightFalse
4.252197,0.022227,"(-1.2539985179901123, 1.1922889947891235, 30.03986930847168)","(0.7007520794868469, 172.99984741210938, 0.5214118957519531)","(-1.221738576889038, 1.1673743724822998, 30.172016143798828)","(359.6568298339844, 182.37393188476562, 0.16363027691841125)","(-1.6103079319000244, -0.06494298577308655, 30.17934799194336)","(359.6657409667969, 179.40782165527344, 0.1811690479516983)",0.82871,0.020996,"(0.033476, 0.011854, -5.447152)",LeftFalse_RightFalse,False,"(-29.543354034423828, -0.254790723323822, -1.4847159385681152)","(359.0790100097656, 87.83771514892578, 359.7746887207031)",1.0,-0.138282,"(5.163676, 0.058426, 0.500925)",LeftFalse_RightFalse
4.294861,0.021881,"(-1.2530089616775513, 1.1929467916488647, 29.80567741394043)","(0.5861716866493225, 173.17410278320312, 0.4655100107192993)","(-1.2205857038497925, 1.1679717302322388, 29.93779182434082)","(359.63006591796875, 182.45062255859375, 0.15699197351932526)","(-1.6090267896652222, -0.06438645720481873, 29.9450626373291)","(359.638671875, 179.48451232910156, 0.1759241372346878)",0.805159,0.021271,"(0.026328, 0.013738, -5.512508)",LeftFalse_RightFalse,False,"(-29.32027244567871, -0.25218313932418823, -1.4629411697387695)","(358.99615478515625, 87.05350494384766, 359.78167724609375)",1.0,-0.17605,"(5.250187, 0.062373, 0.527526)",LeftFalse_RightFalse
4.338074,0.021737,"(-1.2523481845855713, 1.1936920881271362, 29.565515518188477)","(0.4965378940105438, 173.3704071044922, 0.39755716919898987)","(-1.2197444438934326, 1.1686556339263916, 29.69758415222168)","(359.6029052734375, 182.53225708007812, 0.1506170928478241)","(-1.6080635786056519, -0.06374122202396393, 29.704818725585938)","(359.6112365722656, 179.56613159179688, 0.17096275091171265)",0.774832,0.021271,"(0.019122, 0.015841, -5.574307)",LeftFalse_RightFalse,False,"(-29.090429306030273, -0.2494010180234909, -1.4386956691741943)","(358.905517578125, 86.30331420898438, 359.79296875)",1.0,-0.047251,"(5.332954, 0.065187, 0.575145)",LeftFalse_RightFalse
4.383179,0.022031,"(-1.2520012855529785, 1.194586157798767, 29.31218147277832)","(0.4516308307647705, 173.53021240234375, 0.3445356488227844)","(-1.2191990613937378, 1.1694819927215576, 29.444194793701172)","(359.57305908203125, 182.62051391601562, 0.14587675034999847)","(-1.6074341535568237, -0.06294171512126923, 29.45138168334961)","(359.5811767578125, 179.65435791015625, 0.16777415573596954)",0.73808,0.021271,"(0.008251, 0.019739, -5.659735)",LeftFalse_RightFalse,False,"(-28.846376419067383, -0.2460794448852539, -1.4146041870117188)","(358.81854248046875, 85.72064208984375, 359.8636474609375)",0.898063,-0.103575,"(5.450574, 0.085024, 0.558334)",LeftFalse_RightFalse
4.425659,0.021774,"(-1.2520768642425537, 1.1955604553222656, 29.070709228515625)","(0.3830411732196808, 173.64991760253906, 0.3170739412307739)","(-1.2190797328948975, 1.170396089553833, 29.202669143676758)","(359.5458984375, 182.70550537109375, 0.13828934729099274)","(-1.607168197631836, -0.06207368150353432, 29.2098388671875)","(359.55364990234375, 179.73934936523438, 0.1616019904613495)",0.700498,0.021271,"(0.000665, 0.021371, -5.711123)",LeftFalse_RightFalse,False,"(-28.6134090423584, -0.24230650067329407, -1.3903735876083374)","(358.7604675292969, 85.24641418457031, 359.9007263183594)",0.889444,0.006205,"(5.513942, 0.094134, 0.596241)",LeftFalse_RightFalse
4.46637,0.021229,"(-1.2524967193603516, 1.1965563297271729, 28.837175369262695)","(0.3306087851524353, 173.74197387695312, 0.28577709197998047)","(-1.2193083763122559, 1.1713370084762573, 28.969078063964844)","(359.5206298828125, 182.7881622314453, 0.12970858812332153)","(-1.6072282791137695, -0.06118578091263771, 28.976255416870117)","(359.5279846191406, 179.82199096679688, 0.15434053540229797)",0.656128,0.021271,"(-0.007110, 0.022254, -5.756990)",LeftFalse_RightFalse,False,"(-28.387296676635742, -0.23833316564559937, -1.367004156112671)","(358.7146301269531, 84.88908386230469, 359.9408264160156)",0.774926,-0.034896,"(5.581796, 0.101300, 0.574059)",LeftFalse_RightFalse
4.507507,0.021008,"(-1.2532063722610474, 1.1976218223571777, 28.59960174560547)","(0.26014718413352966, 173.78492736816406, 0.29911500215530396)","(-1.2198234796524048, 1.1723521947860718, 28.731447219848633)","(359.4979248046875, 182.8724365234375, 0.12404533475637436)","(-1.607635259628296, -0.06020429730415344, 28.73870086669922)","(359.5050048828125, 179.90623474121094, 0.14986014366149902)",0.608285,0.021271,"(-0.014944, 0.025857, -5.796048)",LeftFalse_RightFalse,False,"(-28.156599044799805, -0.23408333957195282, -1.343418002128601)","(358.67462158203125, 84.620849609375, 359.9762878417969)",0.767444,0.076151,"(5.634433, 0.105892, 0.580066)",LeftFalse_RightFalse
4.549988,0.02114,"(-1.2542370557785034, 1.198876142501831, 28.35244369506836)","(0.22234602272510529, 173.818359375, 0.3142492175102234)","(-1.2206528186798096, 1.1735708713531494, 28.48423194885254)","(359.4822082519531, 182.9600372314453, 0.12189783900976181)","(-1.608424425125122, -0.05899667739868164, 28.49173927307129)","(359.48919677734375, 179.9938507080078, 0.14852842688560486)",0.561159,0.021271,"(-0.022784, 0.030549, -5.827932)",LeftFalse_RightFalse,False,"(-27.91594123840332, -0.22951552271842957, -1.3204835653305054)","(358.6363830566406, 84.48448944091797, 0.026522627100348473)",0.751651,0.025458,"(5.685375, 0.108843, 0.529611)",LeftFalse_RightFalse
4.591431,0.02103,"(-1.2555805444717407, 1.2002414464950562, 28.109956741333008)","(0.23121599853038788, 173.8372802734375, 0.32289838790893555)","(-1.2217988967895508, 1.1749138832092285, 28.241689682006836)","(359.4723205566406, 183.04600524902344, 0.12052446603775024)","(-1.6095404624938965, -0.05766090005636215, 28.24956512451172)","(359.4792785644531, 180.07980346679688, 0.14766784012317657)",0.501679,0.021271,"(-0.030849, 0.034267, -5.852844)",LeftFalse_RightFalse,False,"(-27.67901611328125, -0.2248925417661667, -1.298952341079712)","(358.59722900390625, 84.45323944091797, 0.07257064431905746)",0.69186,0.119719,"(5.731242, 0.113605, 0.521720)",LeftFalse_RightFalse
4.633423,0.020995,"(-1.2573810815811157, 1.201790452003479, 27.86332893371582)","(0.23818828165531158, 173.88357543945312, 0.31635886430740356)","(-1.2233964204788208, 1.1764458417892456, 27.995006561279297)","(359.4638977050781, 183.13339233398438, 0.11433293670415878)","(-1.6110024452209473, -0.05616876482963562, 28.003284454345703)","(359.47052001953125, 180.1671905517578, 0.1419217884540558)",0.434057,0.021271,"(-0.039183, 0.036373, -5.869020)",LeftFalse_RightFalse,False,"(-27.437088012695312, -0.22000965476036072, -1.279097080230713)","(358.5544128417969, 84.55278778076172, 0.12164726853370667)",0.690682,0.06235,"(5.770048, 0.117595, 0.464060)",LeftFalse_RightFalse
4.680237,0.021866,"(-1.2594213485717773, 1.2035976648330688, 27.587827682495117)","(0.26435837149620056, 173.92962646484375, 0.304997056722641)","(-1.2256280183792114, 1.1782407760620117, 27.71946907043457)","(359.4565734863281, 183.2307891845703, 0.1059994250535965)","(-1.6130492687225342, -0.05442865565419197, 27.72823715209961)","(359.4627990722656, 180.26458740234375, 0.13397769629955292)",0.356587,0.021149,"(-0.051667, 0.039015, -5.876631)",LeftFalse_RightFalse,False,"(-27.165454864501953, -0.21441754698753357, -1.2580029964447021)","(358.50408935546875, 84.7440185546875, 0.1586918830871582)",0.543628,0.16108,"(5.825993, 0.121189, 0.444328)",LeftFalse_RightFalse
4.724243,0.021889,"(-1.2618303298950195, 1.2053391933441162, 27.329008102416992)","(0.2843249440193176, 173.96981811523438, 0.31094053387641907)","(-1.2280588150024414, 1.179966926574707, 27.46060562133789)","(359.4493408203125, 183.32220458984375, 0.1039135605096817)","(-1.6154298782348633, -0.052714936435222626, 27.469833374023438)","(359.4554443359375, 180.3560028076172, 0.13226960599422455)",0.288835,0.020508,"(-0.059626, 0.039242, -5.872373)",LeftFalse_RightFalse,False,"(-26.908714294433594, -0.20894312858581543, -1.2402217388153076)","(358.461181640625, 85.01653289794922, 0.20535977184772491)",0.667848,0.093633,"(5.847131, 0.131106, 0.375132)",LeftFalse_RightFalse
4.764282,0.021203,"(-1.2645578384399414, 1.2069644927978516, 27.09290885925293)","(0.2810732126235962, 173.98826599121094, 0.3474867343902588)","(-1.2307026386260986, 1.181593656539917, 27.22483253479004)","(359.4498291015625, 183.40435791015625, 0.09591967612504959)","(-1.6178877353668213, -0.051142312586307526, 27.234617233276367)","(359.4555358886719, 180.43814086914062, 0.1242600828409195)",0.233957,0.019501,"(-0.067242, 0.039178, -5.858960)",LeftFalse_RightFalse,False,"(-26.6737060546875, -0.20356690883636475, -1.2257928848266602)","(358.4348449707031, 85.33415985107422, 0.2402925342321396)",0.584491,0.206784,"(5.878204, 0.138851, 0.349856)",LeftFalse_RightFalse
4.810852,0.021994,"(-1.2681615352630615, 1.208842158317566, 26.81968879699707)","(0.3023202419281006, 173.98484802246094, 0.3880099952220917)","(-1.234167456626892, 1.183484673500061, 26.95183563232422)","(359.45452880859375, 183.49681091308594, 0.0853160172700882)","(-1.6211025714874268, -0.04932408034801483, 26.962329864501953)","(359.45965576171875, 180.53060913085938, 0.11342832446098328)",0.189505,0.017334,"(-0.074046, 0.038914, -5.838126)",LeftFalse_RightFalse,False,"(-26.39959716796875, -0.19698765873908997, -1.2122364044189453)","(358.41339111328125, 85.80891418457031, 0.2809096574783325)",0.641205,0.115214,"(5.895936, 0.143882, 0.262158)",LeftFalse_RightFalse
4.855164,0.022071,"(-1.2718496322631836, 1.2108899354934692, 26.56090545654297)","(0.3366580307483673, 173.9222869873047, 0.4335620403289795)","(-1.2377063035964966, 1.185300588607788, 26.693157196044922)","(359.4632263183594, 183.57965087890625, 0.07912448048591614)","(-1.624481201171875, -0.04755191504955292, 26.704389572143555)","(359.4680480957031, 180.61343383789062, 0.10679421573877335)",0.153499,0.014526,"(-0.079183, 0.040541, -5.811146)",LeftFalse_RightFalse,False,"(-26.13768196105957, -0.19051703810691833, -1.202470064163208)","(358.3973083496094, 86.3470687866211, 0.3119969069957733)",0.568343,0.137512,"(5.916621, 0.147509, 0.177838)",LeftFalse_RightFalse
4.901978,0.022531,"(-1.275945782661438, 1.2131688594818115, 26.288705825805664)","(0.37261781096458435, 173.85244750976562, 0.48164787888526917)","(-1.2416197061538696, 1.1872482299804688, 26.421451568603516)","(359.4758605957031, 183.658203125, 0.07528655230998993)","(-1.6282790899276733, -0.04563301056623459, 26.43347930908203)","(359.48046875, 180.69198608398438, 0.10230790078639984)",0.124334,0.010925,"(-0.084239, 0.041286, -5.762845)",LeftFalse_RightFalse,False,"(-25.859922409057617, -0.18353480100631714, -1.1955649852752686)","(358.38128662109375, 86.98809051513672, 0.3362039625644684)",0.508094,0.132888,"(5.950852, 0.149524, 0.121251)",LeftFalse_RightFalse
4.946167,0.022375,"(-1.2799689769744873, 1.2152273654937744, 26.033842086791992)","(0.5107357501983643, 173.72994995117188, 0.5114509463310242)","(-1.2454910278320312, 1.1891353130340576, 26.166852951049805)","(359.4878845214844, 183.7225341796875, 0.07004399597644806)","(-1.632007360458374, -0.04378386214375496, 26.1795654296875)","(359.4921875, 180.75634765625, 0.09645035862922668)",0.100711,0.007782,"(-0.086546, 0.042499, -5.727427)",LeftFalse_RightFalse,False,"(-25.596820831298828, -0.17694047093391418, -1.1914007663726807)","(358.3705139160156, 87.60209655761719, 0.34465518593788147)",0.555753,0.15582,"(5.956939, 0.148638, 0.023700)",LeftFalse_RightFalse
4.987061,0.021677,"(-1.2838249206542969, 1.2171170711517334, 25.799028396606445)","(0.6529878377914429, 173.65200805664062, 0.5029277801513672)","(-1.2491934299468994, 1.190932035446167, 25.932697296142578)","(359.49761962890625, 183.7724609375, 0.06241590529680252)","(-1.6355208158493042, -0.042040713131427765, 25.945945739746094)","(359.50152587890625, 180.8062744140625, 0.08832906931638718)",0.081576,0.004456,"(-0.087558, 0.042729, -5.689095)",LeftFalse_RightFalse,False,"(-25.352882385253906, -0.17086981236934662, -1.1918988227844238)","(358.3660583496094, 88.26512145996094, 0.3644503951072693)",0.548336,0.175647,"(5.964493, 0.147848, -0.082157)",LeftFalse_RightFalse
5.031128,0.021727,"(-1.2879583835601807, 1.2191232442855835, 25.548303604125977)","(0.8770145177841187, 173.59011840820312, 0.4160614609718323)","(-1.2532018423080444, 1.192882776260376, 25.682416915893555)","(359.5064697265625, 183.81410217285156, 0.05334700644016266)","(-1.6393122673034668, -0.04015304148197174, 25.696121215820312)","(359.5098876953125, 180.84791564941406, 0.07881418615579605)",0.066076,-0.001099,"(-0.086668, 0.043196, -5.648430)",LeftFalse_RightFalse,False,"(-25.089656829833984, -0.16433781385421753, -1.1968343257904053)","(358.36383056640625, 89.05860137939453, 0.3843851387500763)",0.534961,0.280332,"(5.982140, 0.148344, -0.131131)",LeftFalse_RightFalse
5.074707,0.021746,"(-1.2918696403503418, 1.221055269241333, 25.302658081054688)","(1.0743579864501953, 173.56285095214844, 0.2861839234828949)","(-1.2570356130599976, 1.1947910785675049, 25.437036514282227)","(359.51531982421875, 183.83944702148438, 0.04511824995279312)","(-1.642950415611267, -0.03830192610621452, 25.45108985900879)","(359.518310546875, 180.87326049804688, 0.07013824582099915)",0.053522,-0.008362,"(-0.082914, 0.040817, -5.606171)",LeftFalse_RightFalse,False,"(-24.82914924621582, -0.15781697630882263, -1.2061231136322021)","(358.36627197265625, 89.90421295166016, 0.40552598237991333)",0.595409,0.165914,"(5.981876, 0.151277, -0.238679)",LeftFalse_RightFalse
5.11676,0.021492,"(-1.2953853607177734, 1.2227861881256104, 25.067785263061523)","(1.1723461151123047, 173.51808166503906, 0.17392022907733917)","(-1.2605271339416504, 1.1965371370315552, 25.202333450317383)","(359.5315246582031, 183.84388732910156, 0.03385579586029053)","(-1.6461756229400635, -0.03663508966565132, 25.21674919128418)","(359.5339050292969, 180.87771606445312, 0.05805139243602753)",0.043353,-0.015778,"(-0.075784, 0.039098, -5.562782)",LeftFalse_RightFalse,False,"(-24.57737159729004, -0.15139101445674896, -1.217424988746643)","(358.3728942871094, 90.68925476074219, 0.40089529752731323)",0.512869,0.145087,"(5.998776, 0.153949, -0.281745)",LeftFalse_RightFalse
5.160278,0.021589,"(-1.298616647720337, 1.2241252660751343, 24.826175689697266)","(1.2031601667404175, 173.4138641357422, 0.07780422270298004)","(-1.263765811920166, 1.1983025074005127, 24.96126937866211)","(359.5515441894531, 183.82350158691406, 0.019112057983875275)","(-1.6490740776062012, -0.03497276455163956, 24.975954055786133)","(359.5531311035156, 180.85733032226562, 0.042292919009923935)",0.035116,-0.024017,"(-0.060957, 0.037333, -5.495982)",LeftFalse_RightFalse,False,"(-24.315879821777344, -0.14463719725608826, -1.2308971881866455)","(358.3814697265625, 91.43145751953125, 0.3796793222427368)",0.482794,0.239149,"(6.012970, 0.156095, -0.342838)",LeftFalse_RightFalse
5.203491,0.021589,"(-1.301222562789917, 1.2255579233169556, 24.588836669921875)","(1.3111777305603027, 173.26602172851562, 0.04148971289396286)","(-1.2664512395858765, 1.2000200748443604, 24.724285125732422)","(359.5736083984375, 183.7786865234375, 0.006485023070126772)","(-1.6514683961868286, -0.03334425389766693, 24.739124298095703)","(359.57452392578125, 180.81253051757812, 0.02854004316031933)",0.028444,-0.029602,"(-0.049356, 0.037303, -5.450798)",LeftFalse_RightFalse,False,"(-24.056270599365234, -0.13788734376430511, -1.2476638555526733)","(358.3919982910156, 92.15823364257812, 0.36751750111579895)",0.573087,0.133678,"(6.006439, 0.156847, -0.440823)",LeftFalse_RightFalse
5.247864,0.021747,"(-1.3031668663024902, 1.2265944480895996, 24.347814559936523)","(1.427127480506897, 173.12196350097656, 0.015990210697054863)","(-1.268544316291809, 1.2016834020614624, 24.483518600463867)","(359.5948486328125, 183.70870971679688, -0.0021911715157330036)","(-1.6533633470535278, -0.03174317628145218, 24.49833106994629)","(359.5953063964844, 180.74253845214844, 0.018775861710309982)",0.023039,-0.032379,"(-0.036584, 0.034868, -5.405330)",LeftFalse_RightFalse,False,"(-23.78974151611328, -0.13094034790992737, -1.2679098844528198)","(358.4031066894531, 92.88530731201172, 0.35048460960388184)",0.491341,0.223209,"(6.019789, 0.154912, -0.477160)",LeftFalse_RightFalse
5.292114,0.021868,"(-1.304447889328003, 1.2277836799621582, 24.109832763671875)","(1.5769305229187012, 173.01393127441406, 359.95068359375)","(-1.2700276374816895, 1.2032661437988281, 24.24571990966797)","(359.6131591796875, 183.6183624267578, 359.9887390136719)","(-1.6546499729156494, -0.030224494636058807, 24.26030731201172)","(359.61309814453125, 180.6522216796875, 0.008775593712925911)",0.018662,-0.033081,"(-0.024790, 0.034079, -5.359466)",LeftFalse_RightFalse,False,"(-23.524002075195312, -0.12430931627750397, -1.2922418117523193)","(358.4306640625, 93.63678741455078, 0.3481873869895935)",0.545081,0.149597,"(6.000353, 0.146496, -0.620480)",LeftFalse_RightFalse
5.335938,0.021865,"(-1.3049321174621582, 1.229076862335205, 23.876338958740234)","(1.7257325649261475, 173.00132751464844, 359.9118347167969)","(-1.2709603309631348, 1.2048060894012451, 24.012624740600586)","(359.62835693359375, 183.5154571533203, 359.9796447753906)","(-1.6553926467895508, -0.02874811552464962, 24.02683448791504)","(359.6278076171875, 180.54931640625, -0.0010966546833515167)",0.015116,-0.033203,"(-0.014205, 0.033488, -5.313385)",LeftFalse_RightFalse,False,"(-23.2611083984375, -0.11798986792564392, -1.3203707933425903)","(358.4686584472656, 94.41278839111328, 0.33715274930000305)",0.498018,0.114013,"(6.013742, 0.143174, -0.654446)",LeftFalse_RightFalse
5.378784,0.021678,"(-1.3048057556152344, 1.2303955554962158, 23.65005111694336)","(1.8171879053115845, 172.98785400390625, 359.9098815917969)","(-1.2713831663131714, 1.2062811851501465, 23.786808013916016)","(359.6411437988281, 183.4071807861328, 359.9718017578125)","(-1.6556569337844849, -0.02732769213616848, 23.800556182861328)","(359.6401672363281, 180.4410400390625, 359.99041748046875)",0.012244,-0.033234,"(-0.004286, 0.033010, -5.267237)",LeftFalse_RightFalse,False,"(-23.003385543823242, -0.11190035194158554, -1.3488870859146118)","(358.5107421875, 95.07067108154297, 0.3050055503845215)",0.482386,0.075178,"(6.023373, 0.141860, -0.672853)",LeftFalse_RightFalse
5.420715,0.021407,"(-1.304093599319458, 1.231712818145752, 23.43082046508789)","(1.8091435432434082, 172.93856811523438, 359.9873962402344)","(-1.2713263034820557, 1.207700252532959, 23.567899703979492)","(359.6517028808594, 183.29725646972656, 359.96612548828125)","(-1.655490756034851, -0.02594827301800251, 23.581130981445312)","(359.6504211425781, 180.33111572265625, 359.98419189453125)",-0.02182,-0.033386,"(0.010267, 0.030133, -5.195899)",LeftFalse_RightFalse,False,"(-22.750764846801758, -0.10607540607452393, -1.377332329750061)","(358.5514831542969, 95.59854888916016, 0.266590416431427)",0.486083,0.056827,"(6.022285, 0.136696, -0.742899)",LeftFalse_RightFalse
5.464661,0.021599,"(-1.3028182983398438, 1.232945442199707, 23.203323364257812)","(1.7309863567352295, 172.84710693359375, 0.12051878124475479)","(-1.2707736492156982, 1.2090258598327637, 23.340654373168945)","(359.669677734375, 183.1801300048828, 359.9624938964844)","(-1.6548644304275513, -0.024649880826473236, 23.35348129272461)","(359.6681823730469, 180.2139892578125, 359.9796142578125)",-0.027672,-0.034149,"(0.019864, 0.028184, -5.142554)",LeftFalse_RightFalse,False,"(-22.486011505126953, -0.1000862866640091, -1.410029411315918)","(358.5921325683594, 96.13861083984375, 0.2397410273551941)",0.488448,0.028157,"(6.025502, 0.135508, -0.779210)",LeftFalse_RightFalse
5.507629,0.021543,"(-1.301321268081665, 1.2340753078460693, 22.983808517456055)","(1.682077407836914, 172.73765563964844, 0.20032130181789398)","(-1.2698161602020264, 1.210243821144104, 23.121318817138672)","(359.6932067871094, 183.06442260742188, 359.9571228027344)","(-1.653789758682251, -0.023471277207136154, 23.133869171142578)","(359.69140625, 180.09829711914062, 359.9730529785156)",-0.053017,-0.036133,"(0.029991, 0.026562, -5.084906)",LeftFalse_RightFalse,False,"(-22.227340698242188, -0.0942869782447815, -1.4427968263626099)","(358.6288757324219, 96.58312225341797, 0.20210979878902435)",0.476152,0.11463,"(6.038469, 0.134944, -0.748629)",LeftFalse_RightFalse
5.551758,0.021714,"(-1.2993617057800293, 1.235175371170044, 22.761356353759766)","(1.7018275260925293, 172.6461944580078, 0.2069513499736786)","(-1.2683351039886475, 1.211435079574585, 22.898584365844727)","(359.7214050292969, 182.94271850585938, 359.95111083984375)","(-1.6521742343902588, -0.02232414484024048, 22.910919189453125)","(359.7192687988281, 179.97659301757812, 359.9656066894531)",-0.050286,-0.038635,"(0.041158, 0.025492, -5.021613)",LeftFalse_RightFalse,False,"(-21.961013793945312, -0.08834557235240936, -1.4768166542053223)","(358.66473388671875, 96.938232421875, 0.16013318300247192)",0.496101,-0.026246,"(6.039239, 0.134577, -0.775651)",LeftTrue_RightFalse
5.593323,0.021398,"(-1.2970008850097656, 1.2361394166946411, 22.554500579833984)","(1.7407783269882202, 172.55308532714844, 0.20193202793598175)","(-1.2663661241531372, 1.2124807834625244, 22.69159507751465)","(359.7502136230469, 182.82400512695312, 359.9494934082031)","(-1.6501643657684326, -0.02129281312227249, 22.703752517700195)","(359.7479553222656, 179.85789489746094, 359.9624938964844)",-0.051288,-0.040588,"(0.052733, 0.022766, -4.959442)",LeftFalse_RightFalse,False,"(-21.7098331451416, -0.0829169899225235, -1.5078365802764893)","(358.7051696777344, 97.13236236572266, 0.12141279131174088)",0.478668,0.05792,"(6.051393, 0.128468, -0.731958)",LeftTrue_RightFalse
5.635681,0.021326,"(-1.2945103645324707, 1.2369500398635864, 22.34657859802246)","(1.7561631202697754, 172.53628540039062, 0.15930768847465515)","(-1.2638530731201172, 1.2133592367172241, 22.483598709106445)","(359.77496337890625, 182.69886779785156, 359.94818115234375)","(-1.6476235389709473, -0.020425906404852867, 22.49544906616211)","(359.7725830078125, 179.73277282714844, 359.95989990234375)",-0.052099,-0.041138,"(0.063903, 0.019574, -4.898100)",LeftFalse_RightFalse,False,"(-21.453821182250977, -0.07781551778316498, -1.539305567741394)","(358.7649230957031, 97.2476577758789, 0.0847197100520134)",0.479888,-0.075138,"(6.056437, 0.117271, -0.738221)",LeftTrue_RightFalse
5.677734,0.021151,"(-1.2914296388626099, 1.237691879272461, 22.143035888671875)","(1.7376573085784912, 172.53968811035156, 0.13219843804836273)","(-1.2608773708343506, 1.2141562700271606, 22.280040740966797)","(359.79559326171875, 182.57167053222656, 359.94683837890625)","(-1.6446242332458496, -0.019640089944005013, 22.291481018066406)","(359.7931213378906, 179.60557556152344, 359.9574890136719)",-0.060691,-0.041138,"(0.074525, 0.018368, -4.836995)",LeftFalse_RightFalse,False,"(-21.19955825805664, -0.07303962111473083, -1.5695066452026367)","(358.83642578125, 97.25917053222656, 0.041958391666412354)",0.478085,-0.058521,"(6.061458, 0.112393, -0.741583)",LeftTrue_RightFalse
5.719727,0.021132,"(-1.2882262468338013, 1.2384021282196045, 21.942296981811523)","(1.6969232559204102, 172.5619659423828, 0.09648173302412033)","(-1.2574477195739746, 1.2149136066436768, 22.079301834106445)","(359.8135070800781, 182.44329833984375, 359.94573974609375)","(-1.6411795616149902, -0.018891828134655952, 22.090267181396484)","(359.8109436035156, 179.47720336914062, 359.9554748535156)",-0.073125,-0.040619,"(0.084492, 0.017617, -4.772338)",LeftFalse_RightFalse,False,"(-20.944984436035156, -0.06846834719181061, -1.5991497039794922)","(358.9120178222656, 97.20349884033203, 0.00693656038492918)",0.472935,-0.084212,"(6.072229, 0.106520, -0.699281)",LeftTrue_RightFalse
5.765686,0.021807,"(-1.2842446565628052, 1.2391526699066162, 21.726158142089844)","(1.6922224760055542, 172.57598876953125, 0.03792031481862068)","(-1.2532012462615967, 1.2157092094421387, 21.86318588256836)","(359.83111572265625, 182.30372619628906, 359.9451904296875)","(-1.6369314193725586, -0.01810154877603054, 21.873594284057617)","(359.8284912109375, 179.33763122558594, 359.9540100097656)",-0.065621,-0.039307,"(0.097940, 0.016946, -4.672632)",LeftFalse_RightFalse,False,"(-20.665882110595703, -0.06386413425207138, -1.6292731761932373)","(358.98602294921875, 97.01272583007812, 359.96759033203125)",0.468146,-0.105235,"(6.086905, 0.095111, -0.635286)",LeftTrue_RightFalse
5.810303,0.02194,"(-1.2798960208892822, 1.2398658990859985, 21.519622802734375)","(1.7258658409118652, 172.5842742919922, 359.97021484375)","(-1.248648762702942, 1.2164605855941772, 21.656686782836914)","(359.8463134765625, 182.1709747314453, 359.94549560546875)","(-1.6323962211608887, -0.017349380999803543, 21.666534423828125)","(359.84368896484375, 179.20489501953125, 359.9535217285156)",-0.073905,-0.037323,"(0.105692, 0.016885, -4.608886)",LeftFalse_RightFalse,False,"(-20.39448356628418, -0.05970621854066849, -1.6562446355819702)","(359.04779052734375, 96.72142028808594, 359.9217529296875)",0.470682,-0.028489,"(6.096125, 0.091469, -0.584063)",LeftTrue_RightFalse
5.853271,0.021805,"(-1.275438904762268, 1.2405050992965698, 21.323646545410156)","(1.7828115224838257, 172.6771240234375, 359.87823486328125)","(-1.2439152002334595, 1.2171361446380615, 21.460750579833984)","(359.8612365722656, 182.04803466796875, 359.9470520019531)","(-1.6277050971984863, -0.016664519906044006, 21.470096588134766)","(359.8586730957031, 179.0819549560547, 359.9543151855469)",-0.078155,-0.03418,"(0.112052, 0.013929, -4.543679)",LeftFalse_RightFalse,False,"(-20.132673263549805, -0.055831097066402435, -1.681125521659851)","(359.10174560546875, 96.40254974365234, 359.89013671875)",0.457173,0.074861,"(6.103277, 0.089466, -0.562233)",LeftTrue_RightFalse
5.899353,0.022176,"(-1.2703893184661865, 1.2410401105880737, 21.116743087768555)","(1.8456934690475464, 172.8159942626953, 359.7917785644531)","(-1.238580584526062, 1.2177249193191528, 21.25389862060547)","(359.883544921875, 181.92454528808594, 359.9488525390625)","(-1.6224119663238525, -0.016065320000052452, 21.262897491455078)","(359.88104248046875, 178.95846557617188, 359.9549255371094)",-0.102188,-0.029907,"(0.116472, 0.012557, -4.476698)",LeftFalse_RightFalse,False,"(-19.85207176208496, -0.05174638330936432, -1.7088404893875122)","(359.15618896484375, 96.13821411132812, 359.8836975097656)",0.487546,-0.121318,"(6.100423, 0.088514, -0.590538)",LeftTrue_RightFalse
5.946228,0.022665,"(-1.2648444175720215, 1.2415175437927246, 20.910070419311523)","(1.8898292779922485, 173.03713989257812, 359.7203063964844)","(-1.2329586744308472, 1.2182642221450806, 21.047283172607422)","(359.9095153808594, 181.8111572265625, 359.9512939453125)","(-1.61684250831604, -0.015511196106672287, 21.05608367919922)","(359.9071044921875, 178.84507751464844, 359.9560546875)",-0.114275,-0.024841,"(0.120703, 0.011405, -4.366299)",LeftFalse_RightFalse,False,"(-19.56607437133789, -0.047994282096624374, -1.7333202362060547)","(359.2267761230469, 95.760986328125, 359.861328125)",0.326491,-0.147264,"(6.113023, 0.074820, -0.479046)",LeftTrue_RightFalse
5.988831,0.022174,"(-1.259602665901184, 1.241918683052063, 20.725685119628906)","(1.8989394903182983, 173.17086791992188, 359.6943664550781)","(-1.2277493476867676, 1.2187254428863525, 20.86294937133789)","(359.93487548828125, 181.71951293945312, 359.9544982910156)","(-1.6116989850997925, -0.01503007858991623, 20.871685028076172)","(359.9326171875, 178.75343322753906, 359.9579162597656)",-0.138245,-0.02005,"(0.121265, 0.011397, -4.288385)",LeftFalse_RightFalse,False,"(-19.306285858154297, -0.04490053653717041, -1.7519919872283936)","(359.3054504394531, 95.31632232666016, 359.8247375488281)",0.326705,-0.044606,"(6.102787, 0.070490, -0.405963)",LeftTrue_RightFalse
6.032715,0.02206,"(-1.2541340589523315, 1.242285132408142, 20.5396728515625)","(1.8754677772521973, 173.251953125, 359.6818542480469)","(-1.2223620414733887, 1.219153642654419, 20.676774978637695)","(359.96148681640625, 181.6389923095703, 359.9600524902344)","(-1.60642671585083, -0.014565734192728996, 20.685546875)","(359.95947265625, 178.67291259765625, 359.96209716796875)",-0.142334,-0.01593,"(0.120209, 0.008606, -4.204919)",LeftFalse_RightFalse,False,"(-19.039268493652344, -0.04186686500906944, -1.769648790359497)","(359.3946228027344, 94.85195922851562, 359.8037109375)",0.259884,-0.149729,"(6.090257, 0.068388, -0.387381)",LeftTrue_RightFalse
6.079773,0.02263,"(-1.2483271360397339, 1.2425220012664795, 20.344680786132812)","(1.8439702987670898, 173.28622436523438, 359.6535949707031)","(-1.2166577577590942, 1.2194428443908691, 20.481496810913086)","(359.98443603515625, 181.5684814453125, 359.9665222167969)","(-1.6008586883544922, -0.014233896508812904, 20.490293502807617)","(359.98272705078125, 178.60240173339844, 359.9673767089844)",-0.162269,-0.012451,"(0.118330, 0.006243, -4.120216)",LeftFalse_RightFalse,False,"(-18.75371551513672, -0.03910176083445549, -1.7852509021759033)","(359.48004150390625, 94.29320526123047, 359.78643798828125)",0.235889,-0.079906,"(6.070356, 0.052631, -0.304756)",LeftTrue_RightFalse
6.126892,0.022967,"(-1.242645263671875, 1.2426661252975464, 20.154542922973633)","(1.838572382926941, 173.3064422607422, 359.5970764160156)","(-1.2110697031021118, 1.2196308374404907, 20.29120445251465)","(0.003934376407414675, 181.5133819580078, 359.9731140136719)","(-1.595409870147705, -0.014002246782183647, 20.3000545501709)","(0.0025382807943969965, 178.54730224609375, 359.97296142578125)",-0.205989,-0.009186,"(0.115195, 0.004191, -3.983334)",LeftFalse_RightFalse,False,"(-18.469125747680664, -0.03694113343954086, -1.7989863157272339)","(359.54534912109375, 93.75818634033203, 359.7794494628906)",0.195606,-0.154798,"(6.040681, 0.042252, -0.253993)",LeftTrue_RightFalse
6.170837,0.022601,"(-1.23747980594635, 1.242757797241211, 19.98168182373047)","(1.8486857414245605, 173.35182189941406, 359.531982421875)","(-1.2059807777404785, 1.219760537147522, 20.118263244628906)","(0.020985664799809456, 181.472900390625, 359.97894287109375)","(-1.5904428958892822, -0.013833897188305855, 20.127212524414062)","(0.01986764743924141, 178.50682067871094, 359.9778747558594)",-0.210036,-0.00589,"(0.112078, 0.003480, -3.880522)",LeftFalse_RightFalse,False,"(-18.204538345336914, -0.035165756940841675, -1.8094713687896729)","(359.59759521484375, 93.2587661743164, 359.77227783203125)",0.181148,-0.103449,"(6.008015, 0.038690, -0.273995)",LeftTrue_RightFalse
6.217773,0.022925,"(-1.2324198484420776, 1.2428299188613892, 19.80229949951172)","(1.8823245763778687, 173.41452026367188, 359.4875793457031)","(-1.2007384300231934, 1.2198717594146729, 19.93882942199707)","(0.038553379476070404, 181.44129943847656, 359.98504638671875)","(-1.5853275060653687, -0.01368181686848402, 19.947948455810547)","(0.037728432565927505, 178.4752197265625, 359.98309326171875)",-0.233892,-0.001709,"(0.107858, 0.003091, -3.775607)",LeftFalse_RightFalse,False,"(-17.923458099365234, -0.033405739814043045, -1.820662260055542)","(359.64776611328125, 92.83583068847656, 359.7828063964844)",0.145574,-0.103448,"(5.978397, 0.036837, -0.214223)",LeftTrue_RightFalse
6.266052,0.023361,"(-1.2276194095611572, 1.2428910732269287, 19.624406814575195)","(1.9524893760681152, 173.51644897460938, 359.43084716796875)","(-1.1956411600112915, 1.2199721336364746, 19.760906219482422)","(0.05617927387356758, 181.4219207763672, 359.9912414550781)","(-1.5803571939468384, -0.013539853505790234, 19.77027702331543)","(0.0556509792804718, 178.45584106445312, 359.98834228515625)",-0.281542,0.003632,"(0.100178, 0.002883, -3.606976)",LeftFalse_RightFalse,False,"(-17.63667869567871, -0.03173838555812836, -1.8291480541229248)","(359.6986389160156, 92.39237976074219, 359.7823181152344)",0.13057,-0.087651,"(5.932516, 0.032197, -0.173604)",LeftTrue_RightFalse
6.312744,0.023345,"(-1.22318696975708, 1.2429455518722534, 19.458635330200195)","(1.9749701023101807, 173.58824157714844, 359.38885498046875)","(-1.1910336017608643, 1.2200655937194824, 19.595117568969727)","(0.07376628369092941, 181.41514587402344, -0.0026447828859090805)","(-1.5758728981018066, -0.013405438512563705, 19.60482406616211)","(0.07353062182664871, 178.44906616210938, 359.9935302734375)",-0.297461,0.008636,"(0.093090, 0.002881, -3.481163)",LeftFalse_RightFalse,False,"(-17.36077880859375, -0.030270876362919807, -1.8361896276474)","(359.7514343261719, 92.0155029296875, 359.78973388671875)",0.086777,-0.096987,"(5.896868, 0.030823, -0.125509)",LeftTrue_RightFalse
6.358826,0.023213,"(-1.219165325164795, 1.2429754734039307, 19.301572799682617)","(1.975504755973816, 173.6426239013672, 359.3540954589844)","(-1.186887264251709, 1.2201380729675293, 19.43804359436035)","(0.09277143329381943, 181.42123413085938, 0.003301606746390462)","(-1.5718432664871216, -0.013292862102389336, 19.448204040527344)","(0.0928179919719696, 178.4551544189453, -0.0015032602241262794)",-0.301456,0.012726,"(0.085213, 0.002321, -3.352571)",LeftFalse_RightFalse,False,"(-17.090517044067383, -0.02886778488755226, -1.8405036926269531)","(359.8060302734375, 91.6238021850586, 359.7866516113281)",0.087975,-0.113238,"(5.855095, 0.030312, -0.075526)",LeftTrue_RightFalse
6.403931,0.02298,"(-1.2156245708465576, 1.242998719215393, 19.15501594543457)","(1.9501032829284668, 173.6704864501953, 359.3144226074219)","(-1.1832523345947266, 1.2202039957046509, 19.291074752807617)","(0.1119568720459938, 181.4383544921875, 0.008333626203238964)","(-1.5683032274246216, -0.013192904181778431, 19.30176544189453)","(0.11223810911178589, 178.47227478027344, 0.0025292683858424425)",-0.341151,0.016235,"(0.074107, 0.002150, -3.157921)",LeftFalse_RightFalse,False,"(-16.828218460083008, -0.027710894122719765, -1.8422812223434448)","(359.85235595703125, 91.22066497802734, 359.7841796875)",0.081401,-0.06374,"(5.795232, 0.018506, -0.086253)",LeftTrue_RightFalse
6.44751,0.022525,"(-1.2125639915466309, 1.2430219650268555, 19.019624710083008)","(1.8884536027908325, 173.69091796875, 359.2437438964844)","(-1.1801042556762695, 1.2202696800231934, 19.155437469482422)","(0.13081340491771698, 181.4623565673828, 0.012384083122015)","(-1.5652275085449219, -0.013099567964673042, 19.166698455810547)","(0.13127899169921875, 178.4962615966797, 0.005598565563559532)",-0.372908,0.019318,"(0.066497, 0.002118, -3.015137)",LeftFalse_RightFalse,False,"(-16.576396942138672, -0.027003753930330276, -1.8455147743225098)","(359.880126953125, 90.97071838378906, 359.8133850097656)",0.045274,-0.061213,"(5.756260, 0.013269, -0.048489)",LeftTrue_RightFalse
6.493286,0.022726,"(-1.2100062370300293, 1.2430469989776611, 18.88475799560547)","(1.842146396636963, 173.75729370117188, 359.1632080078125)","(-1.1771982908248901, 1.2203418016433716, 19.020402908325195)","(0.1516144722700119, 181.4943084716797, 0.016014717519283295)","(-1.562381625175476, -0.013002299703657627, 19.03232765197754)","(0.15224003791809082, 178.52821350097656, 0.008147984743118286)",-0.396742,0.022644,"(0.058835, 0.002125, -2.863781)",LeftFalse_RightFalse,False,"(-16.314048767089844, -0.02647464908659458, -1.8470797538757324)","(359.90057373046875, 90.70901489257812, 359.8259582519531)",0.025829,-0.059809,"(5.712334, 0.010133, -0.017802)",LeftTrue_RightFalse
6.538818,0.022729,"(-1.2079335451126099, 1.2430745363235474, 18.75848388671875)","(1.8138850927352905, 173.83876037597656, 359.0928039550781)","(-1.174713373184204, 1.2204184532165527, 18.894018173217773)","(0.17303267121315002, 181.5318603515625, 0.019233463332057)","(-1.5599457025527954, -0.012903302907943726, 18.906658172607422)","(0.17379608750343323, 178.56576538085938, 0.010254128836095333)",-0.436427,0.026062,"(0.050990, 0.002215, -2.704561)",LeftFalse_RightFalse,False,"(-16.055404663085938, -0.026065900921821594, -1.8472235202789307)","(359.9156494140625, 90.45516204833984, 359.8344421386719)",0.01505,-0.051433,"(5.665864, 0.008427, 0.005876)",LeftTrue_RightFalse
6.581299,0.022158,"(-1.2062578201293945, 1.2431045770645142, 18.64853858947754)","(1.8495452404022217, 173.99378967285156, 359.0294189453125)","(-1.1727638244628906, 1.2204959392547607, 18.78400421142578)","(0.19373822212219238, 181.57098388671875, 0.02198263257741928)","(-1.5580344200134277, -0.012806300073862076, 18.797353744506836)","(0.1946161389350891, 178.60488891601562, 0.011928198859095573)",-0.444371,0.02887,"(0.040176, 0.002306, -2.452266)",LeftFalse_RightFalse,False,"(-15.816428184509277, -0.025735169649124146, -1.8464159965515137)","(359.9270324707031, 90.23387908935547, 359.843017578125)",0.041993,-0.053814,"(5.601721, 0.006832, 0.033656)",LeftTrue_RightFalse
6.622192,0.021584,"(-1.2048890590667725, 1.2431141138076782, 18.549850463867188)","(1.8847185373306274, 174.11643981933594, 358.9908142089844)","(-1.1711928844451904, 1.220548152923584, 18.685266494750977)","(0.21209655702114105, 181.6105499267578, 0.023737192153930664)","(-1.556480884552002, -0.012741330079734325, 18.699277877807617)","(0.21304069459438324, 178.64443969726562, 0.012730446644127369)",-0.448346,0.030975,"(0.033603, 0.000527, -2.283410)",LeftFalse_RightFalse,False,"(-15.587969779968262, -0.025464830920100212, -1.8450367450714111)","(359.93719482421875, 90.04084777832031, 359.8533630371094)",-0.013916,-0.007581,"(5.549733, 0.006256, -0.034114)",LeftTrue_RightFalse
6.663635,0.021253,"(-1.2037444114685059, 1.2430813312530518, 18.457021713256836)","(1.871900200843811, 174.1874542236328, 358.9616394042969)","(-1.1698814630508423, 1.2205513715744019, 18.592397689819336)","(0.227460116147995, 181.65164184570312, 0.024814683943986893)","(-1.5551729202270508, -0.01272999681532383, 18.607017517089844)","(0.22843943536281586, 178.685546875, 0.013011500239372253)",-0.448352,0.031494,"(0.027830, -0.000200, -2.115161)",LeftFalse_RightFalse,False,"(-15.358654022216797, -0.02520771697163582, -1.8464117050170898)","(359.9494934082031, 90.0052490234375, 359.8945007324219)",0.032211,0.071093,"(5.501009, 0.006199, -0.012074)",LeftTrue_RightFalse
6.704834,0.021058,"(-1.2028155326843262, 1.2430325746536255, 18.371923446655273)","(1.8552550077438354, 174.2333221435547, 358.9317321777344)","(-1.1688138246536255, 1.2205322980880737, 18.507266998291016)","(0.24012447893619537, 181.69189453125, 0.02526078373193741)","(-1.5540964603424072, -0.012745230458676815, 18.522430419921875)","(0.2411099225282669, 178.72579956054688, 0.012801673263311386)",-0.448357,0.031372,"(0.023272, -0.000648, -1.948347)",LeftFalse_RightFalse,False,"(-15.132720947265625, -0.024949809536337852, -1.8477483987808228)","(359.961669921875, 90.00545501708984, 359.9230651855469)",-0.01486,-0.018738,"(5.454611, 0.006422, -0.027961)",LeftTrue_RightFalse
6.748413,0.021326,"(-1.2020142078399658, 1.2429753541946411, 18.289752960205078)","(1.8138371706008911, 174.22457885742188, 358.91070556640625)","(-1.167888879776001, 1.2205009460449219, 18.425067901611328)","(0.25095051527023315, 181.7318572998047, 0.024927720427513123)","(-1.5531466007232666, -0.012778064236044884, 18.440732955932617)","(0.2519042193889618, 178.7657470703125, 0.011908856220543385)",-0.444394,0.029846,"(0.019751, -0.000894, -1.782956)",LeftFalse_RightFalse,False,"(-14.89626693725586, -0.024688195437192917, -1.8485289812088013)","(359.97418212890625, 90.0049057006836, 359.9361267089844)",-0.019737,0.067832,"(5.401885, 0.003924, -0.000377)",LeftTrue_RightFalse
6.790405,0.021227,"(-1.2013661861419678, 1.2429218292236328, 18.21782112121582)","(1.7850099802017212, 174.2114715576172, 358.9000244140625)","(-1.1671415567398071, 1.2204675674438477, 18.353113174438477)","(0.25915297865867615, 181.7664337158203, 0.023864608258008957)","(-1.5523613691329956, -0.012818088755011559, 18.369186401367188)","(0.26004067063331604, 178.80032348632812, 0.010422722436487675)",-0.44043,0.028351,"(0.017219, -0.001009, -1.620863)",LeftFalse_RightFalse,False,"(-14.67041015625, -0.024555200710892677, -1.849457025527954)","(359.9819030761719, 90.02375030517578, 359.95147705078125)",-0.010773,-0.015959,"(5.348216, 0.002473, -0.020490)",LeftTrue_RightFalse
6.8349,0.021662,"(-1.2007758617401123, 1.242870807647705, 18.14946174621582)","(1.776239275932312, 174.20053100585938, 358.8912048339844)","(-1.1664648056030273, 1.2204327583312988, 18.284732818603516)","(0.2656428813934326, 181.79800415039062, 0.02220722660422325)","(-1.5516356229782104, -0.01286352053284645, 18.301156997680664)","(0.26643604040145874, 178.83189392089844, 0.00843174196779728)",-0.440433,0.027191,"(0.015171, -0.001034, -1.460905)",LeftFalse_RightFalse,False,"(-14.433920860290527, -0.02446660026907921, -1.8504900932312012)","(359.98760986328125, 90.05451965332031, 359.9645080566406)",-0.060297,-0.00403,"(5.295131, 0.001676, -0.037766)",LeftTrue_RightFalse
6.881287,0.022195,"(-1.200246810913086, 1.2428240776062012, 18.08648681640625)","(1.795242190361023, 174.1783905029297, 358.9264831542969)","(-1.1658623218536377, 1.2203984260559082, 18.221742630004883)","(0.2704418897628784, 181.82577514648438, 0.020303571596741676)","(-1.5509809255599976, -0.01291029341518879, 18.238454818725586)","(0.27113017439842224, 178.85964965820312, 0.0062823048792779446)",-0.428534,0.027069,"(0.012223, -0.000965, -1.226077)",LeftFalse_RightFalse,False,"(-14.190287590026855, -0.024400778114795685, -1.8527214527130127)","(359.9933776855469, 90.13927459716797, 359.9862060546875)",0.173584,0.013788,"(5.195999, 0.001278, -0.085817)",LeftTrue_RightFalse
6.926758,0.022466,"(-1.1998167037963867, 1.2427852153778076, 18.033117294311523)","(1.8238437175750732, 174.13624572753906, 358.9906921386719)","(-1.1653729677200317, 1.220367193222046, 18.168357849121094)","(0.2732413113117218, 181.8487548828125, 0.01858258992433548)","(-1.5504459142684937, -0.012952902354300022, 18.185283660888672)","(0.27383679151535034, 178.8826446533203, 0.004418770782649517)",-0.369011,0.027069,"(0.010332, -0.000891, -1.076550)",LeftFalse_RightFalse,False,"(-13.954581260681152, -0.024342790246009827, -1.8563863039016724)","(-0.00257450295612216, 90.28546142578125, 0.007780206855386496)",-0.098552,-0.004976,"(5.162291, 0.001277, -0.064235)",LeftTrue_RightFalse
6.970093,0.02216,"(-1.1990257501602173, 1.2427576780319214, 17.98895835876465)","(1.800165057182312, 174.03135681152344, 359.0622253417969)","(-1.1649854183197021, 1.2203397750854492, 18.124202728271484)","(0.2729063630104065, 181.86764526367188, 0.017090868204832077)","(-1.5500209331512451, -0.012990301474928856, 18.141246795654297)","(0.27342504262924194, 178.90151977539062, 0.002946380525827408)",-0.305536,0.027069,"(0.008784, -0.000841, -0.951017)",LeftFalse_RightFalse,False,"(-13.732372283935547, -0.024285119026899338, -1.8587006330490112)","(0.0005910869222134352, 90.36601257324219, 0.007123144343495369)",-0.006927,-0.023467,"(5.089486, 0.001413, -0.040702)",LeftTrue_RightFalse
7.012085,0.021741,"(-1.198479175567627, 1.2427421808242798, 17.951431274414062)","(1.735715389251709, 173.91297912597656, 359.12982177734375)","(-1.164668321609497, 1.2203141450881958, 18.086673736572266)","(0.2683073878288269, 181.88369750976562, 0.01572742685675621)","(-1.5496728420257568, -0.013025550171732903, 18.10372543334961)","(0.2687617242336273, 178.9176025390625, 0.0018227406544610858)",-0.281718,0.027069,"(0.007514, -0.000835, -0.842140)",LeftFalse_RightFalse,False,"(-13.519880294799805, -0.024225693196058273, -1.8603651523590088)","(0.004533972591161728, 90.40518188476562, 0.003915172070264816)",-0.04066,-0.009028,"(5.040077, 0.001236, -0.058078)",LeftTrue_RightFalse
7.055908,0.021824,"(-1.1978061199188232, 1.2427347898483276, 17.917037963867188)","(1.6458303928375244, 173.77078247070312, 359.19659423828125)","(-1.1643871068954468, 1.2202870845794678, 18.05228042602539)","(0.2596515417098999, 181.89846801757812, 0.014367779716849327)","(-1.5493643283843994, -0.013062438927590847, 18.069244384765625)","(0.26004719734191895, 178.932373046875, 0.0009128210949711502)",-0.198391,0.027069,"(0.006490, -0.000843, -0.750430)",LeftFalse_RightFalse,False,"(-13.300495147705078, -0.02417248860001564, -1.8624662160873413)","(0.008903659880161285, 90.44976043701172, 0.004580253269523382)",-0.073671,0.073426,"(4.980084, 0.001216, -0.041852)",LeftTrue_RightFalse
7.098328,0.021568,"(-1.19716477394104, 1.2427363395690918, 17.88738441467285)","(1.56570565700531, 173.65016174316406, 359.2416687011719)","(-1.1641508340835571, 1.2202590703964233, 18.02263069152832)","(0.2470179796218872, 181.9112548828125, 0.013094929046928883)","(-1.5491058826446533, -0.01309981569647789, 18.03940773010254)","(0.24736467003822327, 178.9451446533203, 0.0002954102819785476)",-0.198391,0.027069,"(0.005709, -0.000889, -0.678265)",LeftFalse_RightFalse,False,"(-13.091316223144531, -0.024183524772524834, -1.8652693033218384)","(0.014811225235462189, 90.5167007446289, 0.013000082224607468)",-0.007766,0.000122,"(4.915733, -0.000149, -0.064936)",LeftTrue_RightFalse
7.144592,0.022186,"(-1.1966798305511475, 1.2427403926849365, 17.85877799987793)","(1.5243288278579712, 173.54879760742188, 359.2696533203125)","(-1.163928508758545, 1.2202264070510864, 17.9940185546875)","(0.23125752806663513, 181.92361450195312, 0.011786925606429577)","(-1.548863172531128, -0.013142332434654236, 18.010540008544922)","(0.23155757784843445, 178.95751953125, -0.00019530460122041404)",-0.162686,0.027039,"(0.004669, -0.000912, -0.574632)",LeftFalse_RightFalse,False,"(-12.86541748046875, -0.02417898178100586, -1.8679664134979248)","(0.018823722377419472, 90.56640625, 0.012622236274182796)",-0.09588,0.000454,"(4.852766, -0.000051, -0.055583)",LeftTrue_RightFalse
7.187622,0.021942,"(-1.1963632106781006, 1.2427456378936768, 17.83525276184082)","(1.5436941385269165, 173.49148559570312, 359.26910400390625)","(-1.1637492179870605, 1.2201954126358032, 17.970487594604492)","(0.21573300659656525, 181.93380737304688, 0.010665602050721645)","(-1.5486680269241333, -0.013181818649172783, 17.98674201965332)","(0.2159958779811859, 178.96771240234375, -0.000511801743414253)",-0.071424,0.026367,"(0.004178, -0.000910, -0.521053)",LeftFalse_RightFalse,False,"(-12.657963752746582, -0.02418123185634613, -1.8702805042266846)","(0.020895667374134064, 90.59558868408203, 0.010532349348068237)",-0.055042,-0.004706,"(4.780333, -0.000032, -0.051751)",LeftTrue_RightFalse
7.248657,0.021262,"(-1.196047067642212, 1.2427606582641602, 17.804046630859375)","(1.6611045598983765, 173.46128845214844, 359.26177978515625)","(-1.1635112762451172, 1.220149278640747, 17.939834594726562)","(0.1889161616563797, 181.9468231201172, 0.009097084403038025)","(-1.5484123229980469, -0.013239879161119461, 17.955598831176758)","(0.18913379311561584, 178.98074340820312, -0.000690568471327424)",2e-06,0.023926,"(0.004175, -0.000999, -0.501056)",LeftFalse_RightFalse,False,"(-12.368706703186035, -0.02418028935790062, -1.874279260635376)","(0.025104660540819168, 90.65562438964844, 0.017143595963716507)",-0.101576,-0.000823,"(4.702364, 0.000055, -0.077896)",LeftTrue_RightFalse
7.28949,0.020982,"(-1.1958668231964111, 1.2429996728897095, 17.78346061706543)","(1.6800867319107056, 173.44447326660156, 359.274658203125)","(-1.163344144821167, 1.220115065574646, 17.919700622558594)","(0.16791896522045135, 181.95486450195312, 0.007995114661753178)","(-1.5482345819473267, -0.013282410800457, 17.93506622314453)","(0.16810770332813263, 178.98876953125, -0.0007045551319606602)",1e-06,0.021423,"(0.004427, -0.001061, -0.497041)",LeftFalse_RightFalse,False,"(-12.17785930633545, -0.02417704090476036, -1.877229928970337)","(0.027407802641391754, 90.7030258178711, 0.017832603305578232)",-0.046689,-0.010935,"(4.630909, 0.000120, -0.065770)",LeftTrue_RightFalse
7.330139,0.020726,"(-1.1956981420516968, 1.2435349225997925, 17.762950897216797)","(1.648847222328186, 173.3995361328125, 359.30517578125)","(-1.1631649732589722, 1.2200791835784912, 17.899869918823242)","(0.14740020036697388, 181.96205139160156, 0.006901533342897892)","(-1.5480451583862305, -0.013326302170753479, 17.914840698242188)","(0.14755985140800476, 178.99595642089844, -0.0007349240477196872)",1e-06,0.018799,"(0.004780, -0.001079, -0.493066)",LeftFalse_RightFalse,False,"(-11.991006851196289, -0.024170543998479843, -1.879624843597412)","(0.03019741363823414, 90.72197723388672, 0.012719430960714817)",-0.058169,0.076544,"(4.577233, 0.000191, -0.054018)",LeftTrue_RightFalse
7.374634,0.021254,"(-1.1955020427703857, 1.2440927028656006, 17.740726470947266)","(1.6139426231384277, 173.35365295410156, 359.32794189453125)","(-1.1629506349563599, 1.2200394868850708, 17.8782901763916)","(0.12682418525218964, 181.96890258789062, 0.005768038332462311)","(-1.5478198528289795, -0.013374201953411102, 17.892864227294922)","(0.12695273756980896, 179.0028076171875, -0.0008021925459615886)",1e-06,0.015686,"(0.005179, -0.001056, -0.489127)",LeftFalse_RightFalse,False,"(-11.788861274719238, -0.024160807952284813, -1.883030652999878)","(0.03289293497800827, 90.76947784423828, 0.017875226214528084)",-0.093276,0.083372,"(4.509596, 0.000241, -0.078937)",LeftTrue_RightFalse
7.435303,0.020762,"(-1.195224404335022, 1.244508147239685, 17.710256576538086)","(1.5885002613067627, 173.3627166748047, 359.3177490234375)","(-1.1626243591308594, 1.2199877500534058, 17.849145889282227)","(0.10336849093437195, 181.9763946533203, 0.004428655840456486)","(-1.5474802255630493, -0.013435376808047295, 17.863264083862305)","(0.1034591794013977, 179.0102996826172, -0.000926066015381366)",1e-06,0.012421,"(0.005769, -0.000964, -0.483284)",LeftFalse_RightFalse,False,"(-11.518808364868164, -0.02414230816066265, -1.8891369104385376)","(0.037314269691705704, 90.89115142822266, 0.029280761256814003)",-0.094847,0.009454,"(4.422447, 0.000330, -0.097349)",LeftTrue_RightFalse
7.479126,0.021162,"(-1.1950353384017944, 1.2446699142456055, 17.687536239624023)","(1.6195533275604248, 173.41146850585938, 359.3010559082031)","(-1.162367582321167, 1.2199530601501465, 17.8282470703125)","(0.08983039110898972, 181.98074340820312, 0.003682742128148675)","(-1.547216534614563, -0.013475301675498486, 17.842103958129883)","(0.08990061283111572, 179.01466369628906, -0.0009704500553198159)",1e-06,0.010864,"(0.006065, -0.000876, -0.479430)",LeftFalse_RightFalse,False,"(-11.326952934265137, -0.024121614173054695, -1.8931587934494019)","(0.04013094678521156, 90.95531463623047, 0.02685869112610817)",-0.094893,0.091501,"(4.349112, 0.000649, -0.089288)",LeftTrue_RightFalse
7.521118,0.021095,"(-1.1948211193084717, 1.2447611093521118, 17.666595458984375)","(1.6669727563858032, 173.4645538330078, 359.2821960449219)","(-1.1621109247207642, 1.219922661781311, 17.808374404907227)","(0.07944341003894806, 181.98435974121094, 0.0031781212892383337)","(-1.5469558238983154, -0.013509097509086132, 17.822031021118164)","(0.0795014277100563, 179.01828002929688, -0.000936922908294946)",1e-06,0.010132,"(0.006243, -0.000735, -0.473711)",LeftFalse_RightFalse,False,"(-11.146749496459961, -0.02408602647483349, -1.8986685276031494)","(0.043679505586624146, 91.07889556884766, 0.0418732576072216)",-0.017483,0.012184,"(4.263236, 0.000978, -0.132943)",LeftTrue_RightFalse
7.562988,0.021073,"(-1.194989800453186, 1.244437336921692, 17.64577865600586)","(1.9423719644546509, 173.5887451171875, 359.2226257324219)","(-1.1618499755859375, 1.2198951244354248, 17.788681030273438)","(0.07126428186893463, 181.98768615722656, 0.0028618089854717255)","(-1.5466933250427246, -0.013538859784603119, 17.802183151245117)","(0.07131689041852951, 179.02159118652344, -0.0008295821608044207)",0.0,0.010071,"(0.006266, -0.000646, -0.469939)",LeftFalse_RightFalse,False,"(-10.96863842010498, -0.024044495075941086, -1.904033899307251)","(0.04284272715449333, 91.18984985351562, 0.04237816855311394)",-0.164138,0.089919,"(4.204164, 0.001025, -0.117329)",LeftTrue_RightFalse
7.619995,0.020089,"(-1.1949937343597412, 1.2441774606704712, 17.617746353149414)","(2.2188880443573, 173.70770263671875, 359.1707458496094)","(-1.1614938974380493, 1.2198621034622192, 17.762107849121094)","(0.06300592422485352, 181.99200439453125, 0.002658277750015259)","(-1.5463380813598633, -0.013573246076703072, 17.775461196899414)","(0.06305906176567078, 179.0259246826172, -0.0006055142148397863)",0.0,0.010071,"(0.006187, -0.000530, -0.464340)",LeftFalse_RightFalse,False,"(-10.731407165527344, -0.023987481370568275, -1.9116257429122925)","(0.04503004625439644, 91.33560180664062, 0.04429545998573303)",-0.10529,0.008597,"(4.118708, 0.000770, -0.132608)",LeftTrue_RightFalse
7.677368,0.019659,"(-1.195073127746582, 1.244031310081482, 17.590505599975586)","(2.324918031692505, 173.83970642089844, 359.13037109375)","(-1.1611394882202148, 1.2198337316513062, 17.73563575744629)","(0.057396527379751205, 181.99627685546875, 0.0026253724936395884)","(-1.5459861755371094, -0.013601917773485184, 17.748897552490234)","(0.057455483824014664, 179.0301971435547, -0.0003481176681816578)",0.0,0.010071,"(0.006118, -0.000464, -0.460646)",LeftFalse_RightFalse,False,"(-10.498146057128906, -0.023947779089212418, -1.918485403060913)","(0.04729069769382477, 91.42891693115234, 0.03212691843509674)",0.040208,-0.023509,"(4.012353, 0.000635, -0.108494)",LeftTrue_RightFalse
7.736816,0.019741,"(-1.1956546306610107, 1.2439442873001099, 17.563329696655273)","(2.2120413780212402, 174.36558532714844, 359.16070556640625)","(-1.160778522491455, 1.219808578491211, 17.70846939086914)","(0.05363711342215538, 182.0006866455078, 0.0026822302024811506)","(-1.545628309249878, -0.013626559637486935, 17.7216796875)","(0.053704049438238144, 179.03460693359375, -9.680586663307622e-05)",0.0,0.010559,"(0.005975, -0.000387, -0.455163)",LeftFalse_RightFalse,False,"(-10.261937141418457, -0.023916272446513176, -1.9257410764694214)","(0.04752345755696297, 91.51011657714844, 0.03191725164651871)",-0.195916,0.005825,"(3.937577, 0.000445, -0.148784)",LeftTrue_RightFalse
7.779785,0.020388,"(-1.1958856582641602, 1.2439038753509521, 17.544008255004883)","(2.1267218589782715, 174.94351196289062, 359.16961669921875)","(-1.1605247259140015, 1.2197926044464111, 17.689043045043945)","(0.0518692322075367, 182.00396728515625, 0.002770094433799386)","(-1.5453768968582153, -0.013642006553709507, 17.702238082885742)","(0.051943082362413406, 179.0378875732422, 8.241953037213534e-05)",0.0,0.01123,"(0.005830, -0.000348, -0.451547)",LeftFalse_RightFalse,False,"(-10.09549617767334, -0.023898137733340263, -1.931387186050415)","(0.049295615404844284, 91.58116912841797, 0.029253946617245674)",-0.027455,-0.026835,"(3.856479, 0.000417, -0.123438)",LeftTrue_RightFalse
7.822021,0.020659,"(-1.1963462829589844, 1.2438749074935913, 17.525110244750977)","(2.104750871658325, 175.596435546875, 359.1910705566406)","(-1.1602818965911865, 1.2197781801223755, 17.670066833496094)","(0.050716910511255264, 182.00733947753906, 0.0028735536616295576)","(-1.5451363325119019, -0.013655711896717548, 17.683259963989258)","(0.050797659903764725, 179.041259765625, 0.0002453666238579899)",0.003174,0.01178,"(0.005612, -0.000307, -0.446178)",LeftFalse_RightFalse,False,"(-9.93388557434082, -0.023882882669568062, -1.9356627464294434)","(0.04798508062958717, 91.5888671875, 0.015493885613977909)",-0.152844,-0.049254,"(3.798163, 0.000296, -0.087315)",LeftTrue_RightFalse
7.866333,0.021194,"(-1.1965579986572266, 1.2438513040542603, 17.50542449951172)","(2.0837950706481934, 176.25657653808594, 359.2487487792969)","(-1.1600340604782104, 1.2197641134262085, 17.65032958984375)","(0.04994097724556923, 182.01097106933594, 0.0029823542572557926)","(-1.5448906421661377, -0.013669053092598915, 17.663530349731445)","(0.050028394907712936, 179.04490661621094, 0.0003941726463381201)",0.010507,0.012054,"(0.005477, -0.000289, -0.443131)",LeftFalse_RightFalse,False,"(-9.76684284210205, -0.023870911449193954, -1.9389944076538086)","(0.04561769217252731, 91.54174041748047, -0.00209090206772089)",-0.108964,-0.069127,"(3.710638, 0.000262, -0.060483)",LeftTrue_RightFalse
7.910156,0.021436,"(-1.1965837478637695, 1.243833065032959, 17.48650360107422)","(2.038486957550049, 176.80397033691406, 359.31719970703125)","(-1.1597952842712402, 1.219751000404358, 17.63094711303711)","(0.04939854145050049, 182.01467895507812, 0.003071580780670047)","(-1.5446534156799316, -0.01368152629584074, 17.644161224365234)","(0.04949130117893219, 179.048583984375, 0.0005113477818667889)",0.021844,0.012054,"(0.005383, -0.000283, -0.440888)",LeftFalse_RightFalse,False,"(-9.605655670166016, -0.023858578875660896, -1.9409818649291992)","(0.0466247983276844, 91.4400863647461, 359.9791259765625)",-0.089593,0.011825,"(3.650337, 0.000289, -0.034152)",LeftTrue_RightFalse
7.953125,0.021451,"(-1.196515679359436, 1.2438180446624756, 17.467853546142578)","(2.004267930984497, 177.19924926757812, 359.3686828613281)","(-1.1595653295516968, 1.2197386026382446, 17.61202049255371)","(0.04890741407871246, 182.018310546875, 0.0031254435889422894)","(-1.544424057006836, -0.013693587854504585, 17.625247955322266)","(0.049003612250089645, 179.05223083496094, 0.0005905517027713358)",0.039993,0.012054,"(0.005332, -0.000280, -0.440016)",LeftFalse_RightFalse,False,"(-9.450437545776367, -0.023846659809350967, -1.9428937435150146)","(0.046654000878334045, 91.34344482421875, 359.97344970703125)",-0.162977,-0.070175,"(3.577456, 0.000274, -0.041148)",LeftTrue_RightFalse
8.000061,0.022212,"(-1.1963787078857422, 1.2438035011291504, 17.447349548339844)","(1.9190741777420044, 177.983154296875, 359.55828857421875)","(-1.1593164205551147, 1.2197248935699463, 17.591331481933594)","(0.04821787029504776, 182.02232360839844, 0.0031294843647629023)","(-1.5441747903823853, -0.013707333244383335, 17.604570388793945)","(0.04831521213054657, 179.05624389648438, 0.0006302671390585601)",0.060766,0.012054,"(0.005300, -0.000310, -0.441823)",LeftFalse_RightFalse,False,"(-9.285003662109375, -0.0238324161618948, -1.9446582794189453)","(0.04883474484086037, 91.2370834350586, 359.9710693359375)",0.073203,-0.061985,"(3.469778, 0.000318, -0.057145)",LeftTrue_RightFalse
8.043091,0.021933,"(-1.1962157487869263, 1.2437905073165894, 17.42838478088379)","(1.8894000053405762, 178.64559936523438, 359.70709228515625)","(-1.1590889692306519, 1.2197113037109375, 17.572263717651367)","(0.04740675166249275, 182.02601623535156, 0.0031195825431495905)","(-1.5439468622207642, -0.013721015304327011, 17.58551025390625)","(0.047504667192697525, 179.0599365234375, 0.0006623495137318969)",0.091638,0.012054,"(0.005306, -0.000334, -0.445142)",LeftFalse_RightFalse,False,"(-9.13607120513916, -0.023662231862545013, -1.946671724319458)","(0.04141732305288315, 91.17068481445312, 359.97320556640625)",-0.232657,-0.082611,"(3.420626, 0.008876, -0.022610)",LeftTrue_RightFalse
8.083618,0.021332,"(-1.19624924659729, 1.2437785863876343, 17.410316467285156)","(1.8977913856506348, 179.32826232910156, 359.90838623046875)","(-1.1588740348815918, 1.2196974754333496, 17.554126739501953)","(0.04633582383394241, 182.02955627441406, 0.0030951749067753553)","(-1.5437313318252563, -0.013734898529946804, 17.56737518310547)","(0.04643390327692032, 179.06346130371094, 0.0006933897384442389)",0.121724,0.012054,"(0.005346, -0.000358, -0.451614)",LeftFalse_RightFalse,False,"(-8.998684883117676, -0.023259133100509644, -1.9471125602722168)","(0.025456825271248817, 91.05738830566406, 359.96282958984375)",-0.015082,-0.003074,"(3.327795, 0.011791, 0.006812)",LeftTrue_RightFalse
8.123779,0.020919,"(-1.196359634399414, 1.2437673807144165, 17.392099380493164)","(1.9208588600158691, 179.92962646484375, 0.13168270885944366)","(-1.1586589813232422, 1.219683051109314, 17.53586196899414)","(0.04485124349594116, 182.0331268310547, 0.0030538844875991344)","(-1.5435158014297485, -0.013749629259109497, 17.549100875854492)","(0.044949185103178024, 179.06704711914062, 0.0007289736531674862)",0.14649,0.012054,"(0.005418, -0.000385, -0.460917)",LeftFalse_RightFalse,False,"(-8.86549186706543, -0.02275754325091839, -1.9472029209136963)","(0.005005944985896349, 90.93993377685547, 359.9597473144531)",-0.212675,-0.08373,"(3.281948, 0.013585, 0.001711)",LeftTrue_RightFalse
8.183594,0.020514,"(-1.1963192224502563, 1.243750810623169, 17.364168167114258)","(1.9464406967163086, 180.5276641845703, 0.35218536853790283)","(-1.1583324670791626, 1.2196595668792725, 17.507884979248047)","(0.04190303012728691, 182.0386199951172, 0.002942371182143688)","(-1.5431878566741943, -0.013773844577372074, 17.52109718322754)","(0.04199913889169693, 179.0725555419922, 0.0007701651775278151)",0.184723,0.012054,"(0.005578, -0.000429, -0.479484)",LeftFalse_RightFalse,False,"(-8.672261238098145, -0.02191660739481449, -1.9463229179382324)","(359.9712829589844, 90.74571990966797, 359.9524841308594)",-0.074058,0.008161,"(3.160923, 0.014608, 0.028497)",LeftTrue_RightFalse
8.225769,0.020713,"(-1.1962013244628906, 1.2437392473220825, 17.343746185302734)","(1.950758457183838, 180.93406677246094, 0.5361484885215759)","(-1.158096194267273, 1.2196415662765503, 17.487442016601562)","(0.03937302902340889, 182.04266357421875, 0.00284167961217463)","(-1.5429505109786987, -0.013792367652058601, 17.500627517700195)","(0.03946732357144356, 179.0765838623047, 0.0008005226845853031)",0.206964,0.012054,"(0.005717, -0.000459, -0.494855)",LeftFalse_RightFalse,False,"(-8.539785385131836, -0.02129366248846054, -1.9457056522369385)","(359.9456787109375, 90.62589263916016, 359.9573669433594)",-0.221725,-0.061445,"(3.088861, 0.014905, 0.012247)",LeftTrue_RightFalse
8.27179,0.02153,"(-1.1960052251815796, 1.243726134300232, 17.32105255126953)","(1.8753803968429565, 181.22442626953125, 0.6857966780662537)","(-1.157831072807312, 1.219620704650879, 17.46430778503418)","(0.03630267083644867, 182.0472412109375, 0.0027159855235368013)","(-1.5426839590072632, -0.013814149424433708, 17.477458953857422)","(0.03639457747340202, 179.08116149902344, 0.0008338718907907605)",0.23224,0.012054,"(0.005879, -0.000485, -0.512394)",LeftFalse_RightFalse,False,"(-8.399604797363281, -0.020609784871339798, -1.9448779821395874)","(359.9212341308594, 90.50719451904297, 359.96038818359375)",-0.116545,-0.068526,"(2.997938, 0.014805, 0.025045)",LeftTrue_RightFalse
8.315857,0.021737,"(-1.195786952972412, 1.2437126636505127, 17.2982177734375)","(1.779401421546936, 181.39910888671875, 0.7839375138282776)","(-1.1575684547424316, 1.2195992469787598, 17.441219329833984)","(0.03312432020902634, 182.0518341064453, 0.002585218520835042)","(-1.5424199104309082, -0.013836406171321869, 17.45433235168457)","(0.03321371227502823, 179.0857391357422, 0.00086774374358356)",0.256721,0.012054,"(0.006064, -0.000515, -0.532415)",LeftFalse_RightFalse,False,"(-8.269158363342285, -0.019963543862104416, -1.9434046745300293)","(359.8982849121094, 90.37945556640625, 359.9593811035156)",-0.225021,-0.083244,"(2.923782, 0.014514, 0.039665)",LeftTrue_RightFalse
8.357483,0.021365,"(-1.1955606937408447, 1.2436994314193726, 17.275630950927734)","(1.6304184198379517, 181.4795684814453, 0.8681308627128601)","(-1.157312035560608, 1.2195780277252197, 17.418485641479492)","(0.029958713799715042, 182.0563507080078, 0.0024551593232899904)","(-1.5421620607376099, -0.013858439400792122, 17.431560516357422)","(0.030045615509152412, 179.0902862548828, 0.0009016622207127512)",0.27655,0.012054,"(0.006271, -0.000540, -0.554666)",LeftFalse_RightFalse,False,"(-8.150131225585938, -0.019373172894120216, -1.9413206577301025)","(359.8791809082031, 90.24195861816406, 359.956298828125)",-0.120232,-0.090981,"(2.827147, 0.014024, 0.054564)",LeftTrue_RightFalse
8.40155,0.021647,"(-1.1953041553497314, 1.2436840534210205, 17.250518798828125)","(1.4926663637161255, 181.47657775878906, 0.9245930910110474)","(-1.1570303440093994, 1.2195543050765991, 17.393272399902344)","(0.026531167328357697, 182.0614471435547, 0.0023236284032464027)","(-1.5418790578842163, -0.013883140869438648, 17.406307220458984)","(0.02661585994064808, 179.09535217285156, 0.0009476654231548309)",0.295271,0.012848,"(0.006554, -0.000579, -0.590999)",LeftFalse_RightFalse,False,"(-8.027718544006348, -0.018769768998026848, -1.9391028881072998)","(359.8586120605469, 90.1086196899414, 359.9606018066406)",-0.035692,-0.074572,"(2.715286, 0.013287, 0.029095)",LeftTrue_RightFalse
8.44751,0.02205,"(-1.1950247287750244, 1.243666172027588, 17.222972869873047)","(1.3690578937530518, 181.4153289794922, 0.9559870958328247)","(-1.156728744506836, 1.2195277214050293, 17.36566162109375)","(0.023080140352249146, 182.06719970703125, 0.002233907114714384)","(-1.541576862335205, -0.013910126872360706, 17.378662109375)","(0.023164816200733185, 179.1011199951172, 0.0010366369970142841)",0.31119,0.014893,"(0.006571, -0.000601, -0.616694)",LeftFalse_RightFalse,False,"(-7.9037346839904785, -0.01816701330244541, -1.9373807907104492)","(359.83612060546875, 90.01087188720703, 359.9686584472656)",-0.354029,-0.085771,"(2.642637, 0.012726, 0.051913)",LeftTrue_RightFalse
8.492676,0.022261,"(-1.1947542428970337, 1.243646502494812, 17.194581985473633)","(1.2485530376434326, 181.2974853515625, 0.9648571014404297)","(-1.1564369201660156, 1.2194998264312744, 17.337228775024414)","(0.019846023991703987, 182.07394409179688, 0.002298857783898711)","(-1.5412874221801758, -0.01393755804747343, 17.350204467773438)","(0.019938388839364052, 179.1078643798828, 0.001268849358893931)",0.32829,0.018005,"(0.006285, -0.000617, -0.643859)",LeftFalse_RightFalse,False,"(-7.787392616271973, -0.0176084004342556, -1.9346705675125122)","(359.8199768066406, 89.88338470458984, 359.9665832519531)",0.035473,-0.095672,"(2.518307, 0.012074, 0.067280)",LeftTrue_RightFalse
8.537598,0.022295,"(-1.194506049156189, 1.2436244487762451, 17.164857864379883)","(1.099571943283081, 181.21481323242188, 0.9829427599906921)","(-1.1561648845672607, 1.2194699048995972, 17.307477951049805)","(0.01676197163760662, 182.0824432373047, 0.0025605475530028343)","(-1.541021466255188, -0.013965784572064877, 17.320444107055664)","(0.01687200739979744, 179.11636352539062, 0.0016897722380235791)",0.346981,0.020935,"(0.005755, -0.000634, -0.672681)",LeftFalse_RightFalse,False,"(-7.675763130187988, -0.01707756333053112, -1.9312142133712769)","(359.80322265625, 89.7341537475586, 359.9624328613281)",-0.644314,-0.103389,"(2.440104, 0.011543, 0.080818)",LeftTrue_RightFalse
8.580505,0.022021,"(-1.1942992210388184, 1.2438485622406006, 17.135072708129883)","(0.9608440399169922, 181.1470489501953, 1.0056198835372925)","(-1.1559317111968994, 1.2194395065307617, 17.277671813964844)","(0.013923491351306438, 182.09251403808594, 0.0029154145158827305)","(-1.540795922279358, -0.01399376429617405, 17.290645599365234)","(0.014055697247385979, 179.12643432617188, 0.0021910404320806265)",0.362478,0.023743,"(0.005032, -0.000664, -0.718587)",LeftFalse_RightFalse,False,"(-7.577627182006836, -0.016610149294137955, -1.9275707006454468)","(359.80108642578125, 89.58583068847656, 359.96099853515625)",0.301433,-0.019913,"(2.153203, 0.010364, 0.088227)",LeftTrue_RightFalse
8.62561,0.022243,"(-1.1941086053848267, 1.2441684007644653, 17.102102279663086)","(0.8597742319107056, 181.1042938232422, 1.0182240009307861)","(-1.1557095050811768, 1.2194068431854248, 17.244686126708984)","(0.011147814802825451, 182.1048583984375, 0.003227601293474436)","(-1.5405797958374023, -0.014024106785655022, 17.25768280029297)","(0.011299893260002136, 179.1387939453125, 0.0026464355178177357)",0.377331,0.026886,"(0.004435, -0.000686, -0.750383)",LeftFalse_RightFalse,False,"(-7.480752944946289, -0.016143616288900375, -1.9241214990615845)","(359.7960510253906, 89.45675659179688, 359.96844482421875)",-0.937886,-0.089488,"(2.091691, 0.009984, 0.072676)",LeftTrue_RightFalse
8.67218,0.022621,"(-1.1939544677734375, 1.2443526983261108, 17.06637954711914)","(0.6270906925201416, 181.0386505126953, 1.0253300666809082)","(-1.1555171012878418, 1.2193716764450073, 17.208946228027344)","(0.008480303920805454, 182.1200408935547, 0.00364699843339622)","(-1.5403952598571777, -0.014056475833058357, 17.221988677978516)","(0.008657656610012054, 179.15396118164062, 0.003203300992026925)",0.390077,0.029877,"(0.003580, -0.000705, -0.783498)",LeftFalse_RightFalse,False,"(-7.390250205993652, -0.01570739969611168, -1.9207918643951416)","(359.802001953125, 89.3423080444336, 359.97479248046875)",-0.358213,-0.025493,"(1.791179, 0.008795, 0.071945)",LeftTrue_RightFalse
8.71814,0.022729,"(-1.1938562393188477, 1.2444466352462769, 17.02937126159668)","(0.4425628185272217, 180.9922637939453, 1.0227631330490112)","(-1.1553746461868286, 1.2193355560302734, 17.171920776367188)","(0.0060230460949242115, 182.13778686523438, 0.004139113239943981)","(-1.540261149406433, -0.01408917736262083, 17.185029983520508)","(0.006229155696928501, 179.1717071533203, 0.0038219073321670294)",0.4031,0.032013,"(0.002638, -0.000725, -0.817729)",LeftFalse_RightFalse,False,"(-7.312569618225098, -0.015320503152906895, -1.918045997619629)","(359.8144226074219, 89.25675201416016, 359.984130859375)",-1.0,-0.09179,"(1.625244, 0.008140, 0.060985)",LeftTrue_RightFalse
8.758545,0.021792,"(-1.1938138008117676, 1.2447094917297363, 16.99524688720703)","(0.2936494052410126, 180.95701599121094, 1.0252721309661865)","(-1.1552879810333252, 1.219302773475647, 17.137784957885742)","(0.0039968634955585, 182.15557861328125, 0.004520529415458441)","(-1.5401803255081177, -0.014119251631200314, 17.150968551635742)","(0.004225423559546471, 179.1894989013672, 0.004307656083256006)",0.41853,0.03299,"(0.001858, -0.000748, -0.853200)",LeftFalse_RightFalse,False,"(-7.256861209869385, -0.015030713751912117, -1.9157332181930542)","(359.8393249511719, 89.18531799316406, 359.9889831542969)",-1.0,-0.097225,"(1.281577, 0.006824, 0.056100)",LeftTrue_RightFalse
8.800476,0.021542,"(-1.1938027143478394, 1.245071530342102, 16.958200454711914)","(0.170399010181427, 180.92674255371094, 1.0319169759750366)","(-1.1552269458770752, 1.219269037246704, 17.10072135925293)","(0.001984632108360529, 182.1756591796875, 0.004764295648783445)","(-1.5401215553283691, -0.014151480048894882, 17.113998413085938)","(0.002228501019999385, 179.20957946777344, 0.004655218683183193)",0.433646,0.033173,"(0.001112, -0.000786, -0.908690)",LeftFalse_RightFalse,False,"(-7.212793350219727, -0.014778420329093933, -1.913671612739563)","(359.8724365234375, 89.12178802490234, 359.9941711425781)",0.182388,-0.101481,"(0.878299, 0.005302, 0.044296)",LeftTrue_RightFalse
8.842957,0.021446,"(-1.1938163042068481, 1.2452881336212158, 16.91904640197754)","(0.08567087352275848, 180.87326049804688, 1.0360361337661743)","(-1.1551871299743652, 1.219234824180603, 17.061552047729492)","(9.524866618448868e-05, 182.19715881347656, 0.004839412868022919)","(-1.5400798320770264, -0.014185075648128986, 17.074932098388672)","(0.0003455355763435364, 179.2310791015625, 0.004828001372516155)",0.446248,0.033173,"(0.000753, -0.000808, -0.946825)",LeftFalse_RightFalse,False,"(-7.175906181335449, -0.014557179063558578, -1.9117828607559204)","(359.8873291015625, 89.06436920166016, -0.001956839580088854)",-1.0,-0.105879,"(0.784637, 0.004577, 0.042244)",LeftTrue_RightFalse
8.885254,0.021324,"(-1.1938506364822388, 1.2454102039337158, 16.8782958984375)","(0.0142348762601614, 180.7684783935547, 1.0407683849334717)","(-1.1551655530929565, 1.2192003726959229, 17.02078628540039)","(-0.0016698908293619752, 182.21961975097656, 0.0048151565715670586)","(-1.5400539636611938, -0.014219658449292183, 17.034278869628906)","(-0.0014184943865984678, 179.2535400390625, 0.004895114339888096)",0.456456,0.033325,"(0.000393, -0.000836, -0.986029)",LeftFalse_RightFalse,False,"(-7.14761209487915, -0.014387278817594051, -1.910265564918518)","(359.8992004394531, 89.01856994628906, 0.0031872685067355633)",0.029281,-0.108093,"(0.514042, 0.003280, 0.029114)",LeftTrue_RightFalse
8.928528,0.021443,"(-1.1939071416854858, 1.2454746961593628, 16.83473014831543)","(359.8819274902344, 180.6068115234375, 1.076230525970459)","(-1.1551620960235596, 1.2191637754440308, 16.977201461791992)","(-0.0033579838927835226, 182.24371337890625, 0.004765997175127268)","(-1.5400452613830566, -0.01425650343298912, 16.990819931030273)","(-0.0031068697571754456, 179.2776336669922, 0.004933370742946863)",0.464727,0.03363,"(-0.000075, -0.000865, -1.026063)",LeftFalse_RightFalse,False,"(-7.1258225440979, -0.014253757894039154, -1.9090309143066406)","(359.898681640625, 88.9818344116211, 0.007180457469075918)",-0.736729,-0.110605,"(0.468964, 0.002672, 0.027638)",LeftTrue_RightFalse
8.969788,0.021154,"(-1.1939702033996582, 1.245957612991333, 16.791851043701172)","(359.73040771484375, 180.50381469726562, 1.0697228908538818)","(-1.1551802158355713, 1.2191277742385864, 16.933931350708008)","(-0.004833115730434656, 182.267822265625, 0.004750458989292383)","(-1.5400583744049072, -0.014292632229626179, 16.94767951965332)","(-0.004580829758197069, 179.30174255371094, 0.004994184244424105)",0.471426,0.03363,"(-0.000556, -0.000886, -1.066735)",LeftFalse_RightFalse,False,"(-7.110969543457031, -0.014169245958328247, -1.9081698656082153)","(359.8941345214844, 88.95636749267578, 0.011229446157813072)",0.091707,-0.111571,"(0.262631, 0.001525, 0.016035)",LeftTrue_RightFalse
9.029968,0.020743,"(-1.1941120624542236, 1.2463370561599731, 16.72593116760254)","(359.5019836425781, 180.3595428466797, 1.066619634628296)","(-1.155242919921875, 1.219072937965393, 16.867671966552734)","(359.9933166503906, 182.30484008789062, 0.004782168660312891)","(-1.5401145219802856, -0.014347156509757042, 16.881629943847656)","(359.9935607910156, 179.33876037597656, 0.005121658090502024)",0.479165,0.03363,"(-0.001299, -0.000924, -1.128602)",LeftFalse_RightFalse,False,"(-7.0958733558654785, -0.01409643143415451, -1.9072544574737549)","(359.86932373046875, 88.92999267578125, 0.014442937448620796)",-0.477492,-0.113373,"(0.180419, 0.000602, 0.011408)",LeftTrue_RightFalse
9.075928,0.021506,"(-1.193422794342041, 1.246939778327942, 16.6719970703125)","(359.2269287109375, 180.17529296875, 1.1009262800216675)","(-1.1553230285644531, 1.219029426574707, 16.814546585083008)","(359.9921569824219, 182.33456420898438, 0.004851598292589188)","(-1.5401897430419922, -0.014390121214091778, 16.82868003845215)","(359.992431640625, 179.3684844970703, 0.005250490270555019)",0.483121,0.034607,"(-0.001889, -0.000945, -1.170246)",LeftFalse_RightFalse,False,"(-7.090466499328613, -0.014080295339226723, -1.9068307876586914)","(359.85400390625, 88.92061614990234, 0.015884315595030785)",-0.361375,-0.112875,"(0.000977, 0.000004, 0.005426)",LeftTrue_RightFalse
9.11969,0.021623,"(-1.192724347114563, 1.2472639083862305, 16.618276596069336)","(359.0676574707031, 179.95849609375, 1.1256557703018188)","(-1.1554412841796875, 1.2189854383468628, 16.7618350982666)","(359.9913024902344, 182.36477661132812, 0.0051302434876561165)","(-1.5403072834014893, -0.014432286843657494, 16.776151657104492)","(359.9915771484375, 179.39871215820312, 0.005574108567088842)",0.486325,0.038269,"(-0.003069, -0.000972, -1.212089)",LeftFalse_RightFalse,False,"(-7.089789390563965, -0.014080613851547241, -1.9067084789276123)","(359.8334655761719, 88.91838836669922, 0.017095454037189484)",-0.172167,-0.113133,"(0.028909, -0.000008, 0.003489)",LeftTrue_RightFalse
9.165527,0.022104,"(-1.1924800872802734, 1.2471592426300049, 16.559734344482422)","(359.0707092285156, 179.70362854003906, 1.1132761240005493)","(-1.1556508541107178, 1.2189252376556396, 16.7044677734375)","(359.990234375, 182.40020751953125, 0.0058861481957137585)","(-1.540525197982788, -0.014487426728010178, 16.7189998626709)","(359.99053955078125, 179.43411254882812, 0.006384115666151047)",0.48892,0.044678,"(-0.006105, -0.001329, -1.275166)",LeftFalse_RightFalse,False,"(-7.088896751403809, -0.014099543914198875, -1.9066109657287598)","(359.8027038574219, 88.91732788085938, 0.01700557768344879)",-0.022202,-0.113318,"(-0.001853, -0.000652, 0.000461)",LeftTrue_RightFalse
9.213074,0.022733,"(-1.1923682689666748, 1.2468452453613281, 16.496593475341797)","(359.22882080078125, 179.4429931640625, 1.0841504335403442)","(-1.156009316444397, 1.2188485860824585, 16.642559051513672)","(359.989013671875, 182.44302368164062, 0.0073185870423913)","(-1.5409045219421387, -0.014554302208125591, 16.6573543548584)","(359.9894104003906, 179.47694396972656, 0.007876754738390446)",0.491023,0.051941,"(-0.009658, -0.001481, -1.317216)",LeftFalse_RightFalse,False,"(-7.088779449462891, -0.014136353507637978, -1.9065924882888794)","(359.7689208984375, 88.9171371459961, 0.01656549796462059)",-0.1904,-0.113648,"(-0.001862, -0.000918, 0.000104)",LeftTrue_RightFalse
9.262817,0.023514,"(-1.19257652759552, 1.2466109991073608, 16.428363800048828)","(359.3754577636719, 179.28350830078125, 1.0558403730392456)","(-1.156617283821106, 1.2187556028366089, 16.575284957885742)","(359.9877624511719, 182.4975128173828, 0.009599353186786175)","(-1.541548490524292, -0.014632017351686954, 16.590421676635742)","(359.98828125, 179.53143310546875, 0.010219530202448368)",0.492725,0.056061,"(-0.015662, -0.001641, -1.380250)",LeftFalse_RightFalse,False,"(-7.088658332824707, -0.014186002314090729, -1.9065793752670288)","(359.7345886230469, 88.91692352294922, 0.015457992441952229)",-0.1901,-0.113949,"(-0.001663, -0.001083, 0.000023)",LeftTrue_RightFalse
9.304749,0.022612,"(-1.192659616470337, 1.2460399866104126, 16.369054794311523)","(359.5301208496094, 179.18711853027344, 1.1932405233383179)","(-1.15730881690979, 1.2186743021011353, 16.516447067260742)","(359.9867858886719, 182.54965209960938, 0.011270163580775261)","(-1.5422630310058594, -0.014702077955007553, 16.53191566467285)","(359.9873962402344, 179.5835723876953, 0.011938244104385376)",0.494105,0.056366,"(-0.018697, -0.001721, -1.422223)",LeftFalse_RightFalse,False,"(-7.088566780090332, -0.01423074584454298, -1.906569004058838)","(359.7086181640625, 88.9167709350586, 0.014370663091540337)",-0.189689,-0.114198,"(-0.001460, -0.001075, 0.000013)",LeftTrue_RightFalse
9.346863,0.022018,"(-1.1931830644607544, 1.2456525564193726, 16.30740737915039)","(359.5516052246094, 179.1981201171875, 1.443449854850769)","(-1.1581344604492188, 1.218592882156372, 16.45549964904785)","(359.9859313964844, 182.60556030273438, 0.012425696477293968)","(-1.543099045753479, -0.014775605872273445, 16.47132682800293)","(359.9866027832031, 179.6394805908203, 0.01313673797994852)",0.49522,0.056366,"(-0.021094, -0.001786, -1.464172)",LeftFalse_RightFalse,False,"(-7.088486671447754, -0.014274073764681816, -1.9065598249435425)","(359.6860656738281, 88.91661834716797, 0.013316427357494831)",-0.189293,-0.114446,"(-0.001243, -0.000999, 0.000014)",LeftTrue_RightFalse
9.390686,0.021999,"(-1.1940302848815918, 1.2453711032867432, 16.241466522216797)","(359.5286865234375, 179.2695770263672, 1.6702954769134521)","(-1.1591122150421143, 1.2185088396072388, 16.389997482299805)","(359.98516845703125, 182.6663360595703, 0.013108160346746445)","(-1.5440752506256104, -0.014855127781629562, 16.40621566772461)","(359.9858703613281, 179.7002410888672, 0.013858137652277946)",0.492235,0.056366,"(-0.023311, -0.001839, -1.506013)",LeftFalse_RightFalse,False,"(-7.088418006896973, -0.01431491132825613, -1.9065511226654053)","(359.6664733886719, 88.9164810180664, 0.012333887629210949)",-0.189039,-0.114704,"(-0.001033, -0.000887, 0.000018)",LeftTrue_RightFalse
9.434082,0.021845,"(-1.1951169967651367, 1.2451692819595337, 16.173999786376953)","(359.4646911621094, 179.36297607421875, 1.8013355731964111)","(-1.1601885557174683, 1.2184256315231323, 16.32325553894043)","(359.98455810546875, 182.72842407226562, 0.013470769859850407)","(-1.5451421737670898, -0.014935859479010105, 16.33987808227539)","(359.98529052734375, 179.76234436035156, 0.014251036569476128)",0.477356,0.056366,"(-0.025506, -0.001884, -1.547050)",LeftFalse_RightFalse,False,"(-7.088361740112305, -0.014349658973515034, -1.906543493270874)","(359.6507568359375, 88.91636657714844, 0.011502664536237717)",-0.188733,-0.114957,"(-0.000841, -0.000756, 0.000023)",LeftTrue_RightFalse
9.477478,0.021809,"(-1.1963753700256348, 1.2450119256973267, 16.104902267456055)","(359.440673828125, 179.4718475341797, 1.9228867292404175)","(-1.1613723039627075, 1.21834135055542, 16.25458526611328)","(359.98431396484375, 182.7923126220703, 0.013675868511199951)","(-1.546311855316162, -0.015018725767731667, 16.27163314819336)","(359.98504638671875, 179.82623291015625, 0.014469709247350693)",0.460544,0.056366,"(-0.027714, -0.001922, -1.586173)",LeftFalse_RightFalse,False,"(-7.088316917419434, -0.014378245919942856, -1.9065368175506592)","(359.6382751464844, 88.91627502441406, 0.010814831592142582)",-0.188557,-0.11521,"(-0.000673, -0.000618, 0.000028)",LeftTrue_RightFalse
9.520264,0.021642,"(-1.1977589130401611, 1.2448828220367432, 16.03529930114746)","(359.4383239746094, 179.58975219726562, 1.964950442314148)","(-1.1626427173614502, 1.218257188796997, 16.185226440429688)","(359.9844665527344, 182.85678100585938, 0.013827810063958168)","(-1.5475659370422363, -0.015101831406354904, 16.20271110534668)","(359.9852294921875, 179.8907012939453, 0.014612311497330666)",0.448076,0.056366,"(-0.031136, -0.001965, -1.641678)",LeftFalse_RightFalse,False,"(-7.088283061981201, -0.014400370419025421, -1.9065312147140503)","(359.62872314453125, 88.91620635986328, 0.01026430819183588)",-0.187771,-0.115457,"(-0.000468, -0.000429, 0.000033)",LeftTrue_RightFalse
9.563416,0.021612,"(-1.1992939710617065, 1.2447673082351685, 15.963334083557129)","(359.4418029785156, 179.71701049804688, 1.9567190408706665)","(-1.1640377044677734, 1.2181708812713623, 16.1133975982666)","(359.9850158691406, 182.92343139648438, 0.013995496556162834)","(-1.548943281173706, -0.01518704742193222, 16.1313419342041)","(359.98577880859375, 179.95736694335938, 0.014751511625945568)",0.438335,0.055542,"(-0.033450, -0.001992, -1.677306)",LeftFalse_RightFalse,False,"(-7.0882568359375, -0.014417045749723911, -1.9065263271331787)","(359.62139892578125, 88.9161376953125, 0.009820451028645039)",-0.188188,-0.115706,"(-0.000361, -0.000323, 0.000035)",LeftTrue_RightFalse
9.603821,0.021032,"(-1.201596975326538, 1.244667887687683, 15.894647598266602)","(359.4478759765625, 179.82005310058594, 1.9261046648025513)","(-1.1654367446899414, 1.2180895805358887, 16.044734954833984)","(359.9858093261719, 182.98675537109375, 0.014101818203926086)","(-1.5503236055374146, -0.01526777446269989, 16.063121795654297)","(359.986572265625, 180.02066040039062, 0.01481717824935913)",0.430444,0.05423,"(-0.035479, -0.002015, -1.711745)",LeftFalse_RightFalse,False,"(-7.088237762451172, -0.014428624883294106, -1.906522274017334)","(359.6162109375, 88.91609954833984, 0.00948746595531702)",-0.188056,-0.11594,"(-0.000275, -0.000230, 0.000037)",LeftTrue_RightFalse
9.645935,0.021024,"(-1.2038054466247559, 1.2445694208145142, 15.821531295776367)","(359.47442626953125, 179.91969299316406, 1.9083198308944702)","(-1.1669838428497314, 1.2180043458938599, 15.97161865234375)","(359.9868469238281, 183.05303955078125, 0.014078580774366856)","(-1.5518475770950317, -0.015353092923760414, 15.990472793579102)","(359.98760986328125, 180.0869598388672, 0.01473999209702015)",0.424806,0.053101,"(-0.037310, -0.002041, -1.745206)",LeftFalse_RightFalse,False,"(-7.088223457336426, -0.014436976984143257, -1.9065186977386475)","(359.6121520996094, 88.91606140136719, 0.009209960699081421)",-0.188036,-0.116182,"(-0.000207, -0.000158, 0.000038)",LeftTrue_RightFalse
9.692688,0.021938,"(-1.206146478652954, 1.2444634437561035, 15.738666534423828)","(359.4989318847656, 180.03126525878906, 1.8886245489120483)","(-1.1687994003295898, 1.2179092168807983, 15.8887357711792)","(359.9881896972656, 183.1265106201172, 0.013965967111289501)","(-1.5536346435546875, -0.015449103899300098, 15.908111572265625)","(359.9889221191406, 180.16043090820312, 0.014558873139321804)",0.417542,0.052399,"(-0.039204, -0.002068, -1.777857)",LeftFalse_RightFalse,False,"(-7.088212013244629, -0.01444278471171856, -1.906515121459961)","(359.60888671875, 88.91602325439453, 0.008968926966190338)",-0.188038,-0.116451,"(-0.000153, -0.000098, 0.000039)",LeftTrue_RightFalse
9.734375,0.021536,"(-1.2082031965255737, 1.244369626045227, 15.663409233093262)","(359.5030822753906, 180.12762451171875, 1.9233204126358032)","(-1.1705080270767212, 1.217822551727295, 15.813450813293457)","(359.9894714355469, 183.19203186035156, 0.013926510699093342)","(-1.5553184747695923, -0.015535972081124783, 15.833293914794922)","(359.9902038574219, 180.22593688964844, 0.014453426003456116)",0.407093,0.052124,"(-0.041336, -0.002096, -1.809469)",LeftFalse_RightFalse,False,"(-7.088204860687256, -0.014445621520280838, -1.9065123796463013)","(359.6068420410156, 88.91600036621094, 0.008800812065601349)",-0.187986,-0.11669,"(-0.000112, -0.000053, 0.000040)",LeftTrue_RightFalse
9.780151,0.021978,"(-1.2105026245117188, 1.2442654371261597, 15.579131126403809)","(359.509033203125, 180.23789978027344, 1.9452210664749146)","(-1.172497272491455, 1.2177250385284424, 15.729134559631348)","(359.9909973144531, 183.2645721435547, 0.01403820514678955)","(-1.55728280544281, -0.015632780268788338, 15.74949836730957)","(359.9917297363281, 180.29849243164062, 0.01448572613298893)",0.381092,0.05191,"(-0.044912, -0.002136, -1.854033)",LeftFalse_RightFalse,False,"(-7.088199615478516, -0.014447005465626717, -1.9065093994140625)","(359.60528564453125, 88.91596984863281, 0.00865581538528204)",-0.187887,-0.116953,"(-0.000069, -0.000007, 0.000042)",LeftTrue_RightFalse
9.823364,0.021874,"(-1.2127487659454346, 1.2441654205322266, 15.498175621032715)","(359.4897766113281, 180.3451690673828, 1.9916481971740723)","(-1.1744943857192993, 1.2176307439804077, 15.648138999938965)","(359.99261474609375, 183.33380126953125, 0.01429716031998396)","(-1.5592584609985352, -0.01572546176612377, 15.669002532958984)","(359.9933776855469, 180.36770629882812, 0.014659942127764225)",0.344793,0.051453,"(-0.047362, -0.002157, -1.880525)",LeftFalse_RightFalse,False,"(-7.08819580078125, -0.014447035267949104, -1.9065067768096924)","(359.60430908203125, 88.91594696044922, 0.008549678139388561)",-0.188013,-0.117202,"(-0.000049, 0.000013, 0.000043)",LeftTrue_RightFalse
9.868225,0.02206,"(-1.2154114246368408, 1.24432373046875, 15.41296100616455)","(359.4342956542969, 180.46273803710938, 2.037949800491333)","(-1.176683783531189, 1.2175318002700806, 15.5628662109375)","(-0.005205280613154173, 183.40603637695312, 0.01459559053182602)","(-1.561424970626831, -0.01582246832549572, 15.584261894226074)","(-0.004443061538040638, 180.43995666503906, 0.014845384284853935)",0.316303,0.050568,"(-0.049594, -0.002173, -1.902945)",LeftFalse_RightFalse,False,"(-7.088193893432617, -0.014446113258600235, -1.9065042734146118)","(359.6036376953125, 88.91593933105469, 0.00846498180180788)",-0.188029,-0.117459,"(-0.000034, 0.000023, 0.000044)",LeftTrue_RightFalse
9.912537,0.022054,"(-1.2182255983352661, 1.2445838451385498, 15.327750205993652)","(359.4162292480469, 180.58151245117188, 2.0711212158203125)","(-1.1789522171020508, 1.217434048652649, 15.477590560913086)","(-0.0024514799006283283, 183.47711181640625, 0.014785487204790115)","(-1.5636671781539917, -0.015918878838419914, 15.499523162841797)","(-0.0016831234097480774, 180.5110321044922, 0.014892530627548695)",0.294257,0.048798,"(-0.051490, -0.002178, -1.922242)",LeftFalse_RightFalse,False,"(-7.088191986083984, -0.014444908127188683, -1.9065020084381104)","(359.60321044921875, 88.91590881347656, 0.008401320315897465)",-0.188042,-0.117714,"(-0.000024, 0.000031, 0.000045)",LeftTrue_RightFalse
9.955383,0.021866,"(-1.220888614654541, 1.2444623708724976, 15.24449348449707)","(359.40716552734375, 180.71661376953125, 2.028095245361328)","(-1.1812270879745483, 1.2173410654067993, 15.394277572631836)","(0.0006895170663483441, 183.54457092285156, 0.014746750704944134)","(-1.565910816192627, -0.01601231098175049, 15.416730880737305)","(0.0014516612282022834, 180.57847595214844, 0.014691315591335297)",0.276837,0.046265,"(-0.052934, -0.002182, -1.939041)",LeftFalse_RightFalse,False,"(-7.088191509246826, -0.014443551190197468, -1.9064998626708984)","(359.60296630859375, 88.91588592529297, 0.008352854289114475)",-0.188036,-0.11796,"(-0.000017, 0.000033, 0.000046)",LeftTrue_RightFalse
9.998901,0.021858,"(-1.2239820957183838, 1.244176983833313, 15.159252166748047)","(359.4656982421875, 180.82980346679688, 1.9891244173049927)","(-1.183592677116394, 1.2172471284866333, 15.308959007263184)","(0.004238770343363285, 183.61065673828125, 0.014418154023587704)","(-1.5682382583618164, -0.016108529642224312, 15.331931114196777)","(0.004979156423360109, 180.6445770263672, 0.014179508201777935)",0.264197,0.042847,"(-0.053837, -0.002217, -1.953936)",LeftFalse_RightFalse,False,"(-7.088191509246826, -0.01444211881607771, -1.906497597694397)","(359.60284423828125, 88.9158706665039, 0.008314140141010284)",-0.188039,-0.11821,"(-0.000012, 0.000033, 0.000046)",LeftTrue_RightFalse
10.046265,0.022516,"(-1.2271400690078735, 1.2439450025558472, 15.065683364868164)","(359.551513671875, 180.9530487060547, 1.8883371353149414)","(-1.1862066984176636, 1.2171459197998047, 15.215320587158203)","(0.008248347789049149, 183.67869567871094, 0.013754618354141712)","(-1.5708050727844238, -0.016214268282055855, 15.238835334777832)","(0.008949029259383678, 180.71261596679688, 0.013309383764863014)",0.252448,0.038422,"(-0.054653, -0.002248, -1.974139)",LeftFalse_RightFalse,False,"(-7.08819055557251, -0.014440633356571198, -1.9064948558807373)","(359.6027526855469, 88.91584777832031, 0.008281229063868523)",-0.18804,-0.118481,"(-0.000007, 0.000030, 0.000048)",LeftTrue_RightFalse
10.09137,0.022554,"(-1.2300047874450684, 1.243772029876709, 14.97597885131836)","(359.5805969238281, 181.05686950683594, 1.823646903038025)","(-1.1887092590332031, 1.2170504331588745, 15.12556266784668)","(0.011994640342891216, 183.73902893066406, 0.01281984057277441)","(-1.5732572078704834, -0.016316091641783714, 15.149560928344727)","(0.012641931883990765, 180.77294921875, 0.012182004749774933)",0.242535,0.033447,"(-0.054306, -0.002265, -1.986166)",LeftFalse_RightFalse,False,"(-7.088191032409668, -0.014439298771321774, -1.9064927101135254)","(359.6027526855469, 88.91581726074219, 0.008258270099759102)",-0.188041,-0.11874,"(-0.000005, 0.000028, 0.000048)",LeftTrue_RightFalse
10.133423,0.021955,"(-1.2329330444335938, 1.243638277053833, 14.891927719116211)","(359.5584716796875, 181.15719604492188, 1.7715556621551514)","(-1.191009521484375, 1.2169638872146606, 15.041443824768066)","(0.015377470292150974, 183.78955078125, 0.011504698544740677)","(-1.5755031108856201, -0.01641155779361725, 15.065852165222168)","(0.015952181071043015, 180.82345581054688, 0.010693582706153393)",0.228317,0.028351,"(-0.053095, -0.002281, -1.996983)",LeftFalse_RightFalse,False,"(-7.088191032409668, -0.01443821657449007, -1.9064912796020508)","(359.6027526855469, 88.91580963134766, 0.00825254712253809)",-0.188037,-0.118983,"(0.000000, 0.000023, 0.000007)",LeftTrue_RightFalse
10.176086,0.021705,"(-1.2356070280075073, 1.243518352508545, 14.80653190612793)","(359.5351867675781, 181.2288055419922, 1.733733892440796)","(-1.193280577659607, 1.2168775796890259, 14.955583572387695)","(0.018750203773379326, 183.8340606689453, 0.009801343083381653)","(-1.5777137279510498, -0.016509365290403366, 14.980360984802246)","(0.01923225447535515, 180.86798095703125, 0.008817987516522408)",0.192079,0.02243,"(-0.051300, -0.002295, -2.005676)",LeftFalse_RightFalse,False,"(-7.088191032409668, -0.014437306672334671, -1.9064912796020508)","(359.602783203125, 88.91580963134766, 0.008257255889475346)",-0.187986,-0.119231,"(0.000000, 0.000020, 0.000000)",LeftTrue_RightFalse
10.218079,0.021476,"(-1.2380098104476929, 1.243410348892212, 14.722180366516113)","(359.4427490234375, 181.29058837890625, 1.6581391096115112)","(-1.195414423942566, 1.216794490814209, 14.870942115783691)","(0.02228614315390587, 183.8701934814453, 0.007827384397387505)","(-1.5797843933105469, -0.016605829820036888, 14.896035194396973)","(0.02266131527721882, 180.9040985107422, 0.00666370615363121)",0.155584,0.016846,"(-0.048797, -0.002298, -2.010067)",LeftFalse_RightFalse,False,"(-7.088191032409668, -0.014436544850468636, -1.9064912796020508)","(359.602783203125, 88.91580963134766, 0.008253027684986591)",-0.187989,-0.119474,"(0.000001, 0.000018, 0.000000)",LeftTrue_RightFalse
10.261414,0.021637,"(-1.240273356437683, 1.2437199354171753, 14.635001182556152)","(359.3753967285156, 181.32919311523438, 1.6174638271331787)","(-1.197489857673645, 1.2167093753814697, 14.783575057983398)","(0.026364488527178764, 183.8992462158203, 0.00571912107989192)","(-1.5817956924438477, -0.016705116257071495, 14.80894660949707)","(0.026625100523233414, 180.9331512451172, 0.004347233567386866)",0.126023,0.011932,"(-0.045303, -0.002282, -2.010056)",LeftFalse_RightFalse,False,"(-7.088191509246826, -0.014435863122344017, -1.9064911603927612)","(359.6028137207031, 88.91580963134766, 0.008245663717389107)",-0.187985,-0.119725,"(0.000001, 0.000014, 0.000000)",LeftTrue_RightFalse
10.306519,0.021898,"(-1.2415413856506348, 1.244291067123413, 14.54428482055664)","(359.2572326660156, 181.15489196777344, 1.7173222303390503)","(-1.19953453540802, 1.216616153717041, 14.692797660827637)","(0.030799517408013344, 183.92276000976562, 0.0041205063462257385)","(-1.5837891101837158, -0.016809120774269104, 14.718420028686523)","(0.030971476808190346, 180.9566650390625, 0.002521271351724863)",0.102079,0.007629,"(-0.042988, -0.002362, -2.007200)",LeftFalse_RightFalse,False,"(-7.088191509246826, -0.014435240998864174, -1.9064911603927612)","(359.60284423828125, 88.91580963134766, 0.0082374457269907)",-0.187986,-0.119986,"(0.000001, 0.000012, 0.000000)",LeftTrue_RightFalse
10.348633,0.02156,"(-1.242907166481018, 1.2450075149536133, 14.459712028503418)","(359.1611633300781, 180.97970581054688, 1.8271487951278687)","(-1.2013323307037354, 1.2165254354476929, 14.608189582824707)","(0.03499136120080948, 183.93853759765625, 0.0027320305816829205)","(-1.5855438709259033, -0.01690925471484661, 14.63400650024414)","(0.035085856914520264, 180.9724578857422, 0.0009177492465823889)",0.082684,0.004028,"(-0.040567, -0.002393, -2.001751)",LeftFalse_RightFalse,False,"(-7.088191509246826, -0.014434795826673508, -1.9064910411834717)","(359.6028747558594, 88.91580963134766, 0.008231748826801777)",-0.187978,-0.120229,"(0.000000, 0.000009, 0.000000)",LeftTrue_RightFalse
10.389587,0.021216,"(-1.2442877292633057, 1.24540376663208, 14.37769889831543)","(359.1262512207031, 180.81338500976562, 1.9039639234542847)","(-1.202974557876587, 1.2164349555969238, 14.526156425476074)","(0.039099570363759995, 183.94851684570312, 0.0015647225081920624)","(-1.5871503353118896, -0.017007604241371155, 14.552125930786133)","(0.03912815824151039, 180.98243713378906, -0.00046057385043241084)",0.066974,0.000214,"(-0.038160, -0.002405, -1.994219)",LeftFalse_RightFalse,False,"(-7.088191986083984, -0.01443447358906269, -1.9064911603927612)","(359.6028747558594, 88.91580963134766, 0.008226359263062477)",-0.187978,-0.120466,"(0.000000, 0.000007, 0.000000)",LeftTrue_RightFalse
10.432251,0.021221,"(-1.2457016706466675, 1.2456228733062744, 14.292818069458008)","(359.1725158691406, 180.67601013183594, 1.9183710813522339)","(-1.2045636177062988, 1.2163398265838623, 14.441264152526855)","(0.04331953451037407, 183.953369140625, 0.0004592498589772731)","(-1.5887072086334229, -0.017110168933868408, 14.467355728149414)","(0.04328526556491852, 180.98728942871094, -0.001782926614396274)",0.054249,-0.004364,"(-0.035374, -0.002404, -1.985030)",LeftFalse_RightFalse,False,"(-7.088191986083984, -0.01443422306329012, -1.9064910411834717)","(359.6029052734375, 88.91580963134766, 0.008220289833843708)",-0.187975,-0.120713,"(0.000000, 0.000005, 0.000000)",LeftTrue_RightFalse
10.47522,0.021333,"(-1.247044563293457, 1.2452951669692993, 14.207676887512207)","(359.265625, 180.58245849609375, 1.8899163007736206)","(-1.2060266733169556, 1.2162444591522217, 14.356120109558105)","(0.04744020849466324, 183.95211791992188, -0.000709311745595187)","(-1.590139627456665, -0.017213406041264534, 14.38228988647461)","(0.04733995348215103, 180.98602294921875, -0.003163146087899804)",0.043942,-0.008972,"(-0.032195, -0.002401, -1.974521)",LeftFalse_RightFalse,False,"(-7.088191986083984, -0.014434082433581352, -1.9064910411834717)","(359.6029052734375, 88.91580963134766, 0.00821551401168108)",-0.187977,-0.120962,"(0.000000, 0.000003, 0.000000)",LeftTrue_RightFalse
10.516785,0.021129,"(-1.2482213973999023, 1.245060920715332, 14.125871658325195)","(359.33392333984375, 180.54083251953125, 1.8671144247055054)","(-1.2072921991348267, 1.2161529064178467, 14.274317741394043)","(0.05121711641550064, 183.9447479248047, -0.0018968753283843398)","(-1.5913774967193604, -0.017313053831458092, 14.300517082214355)","(0.051050350069999695, 180.97865295410156, -0.004544553812593222)",0.035593,-0.013306,"(-0.028777, -0.002392, -1.962964)",LeftFalse_RightFalse,False,"(-7.088191986083984, -0.014433959499001503, -1.9064910411834717)","(359.6029357910156, 88.91580963134766, 0.008212098851799965)",-0.18798,-0.121203,"(0.000000, 0.000003, 0.000000)",LeftTrue_RightFalse
10.575134,0.020267,"(-1.2496211528778076, 1.2448139190673828, 14.012069702148438)","(359.376220703125, 180.5145263671875, 1.8705873489379883)","(-1.2088007926940918, 1.2160255908966064, 14.160530090332031)","(0.0560583658516407, 183.9241485595703, -0.0036040220875293016)","(-1.5928516387939453, -0.01745189167559147, 14.18669319152832)","(0.055796775966882706, 180.95806884765625, 359.9934997558594)",0.025947,-0.020355,"(-0.023223, -0.002376, -1.944141)",LeftFalse_RightFalse,False,"(-7.088191986083984, -0.014433838427066803, -1.9064910411834717)","(359.6029357910156, 88.91580963134766, 0.008208630606532097)",-0.187978,-0.12154,"(0.000000, 0.000002, 0.000000)",LeftTrue_RightFalse
10.617554,0.020557,"(-1.2503714561462402, 1.2446696758270264, 13.930953025817871)","(359.2699890136719, 180.48690795898438, 1.868170976638794)","(-1.2096915245056152, 1.2159336805343628, 14.0785551071167)","(0.05920480564236641, 183.90176391601562, -0.0048604123294353485)","(-1.5937209129333496, -0.01755228452384472, 14.104634284973145)","(0.0588739849627018, 180.9356689453125, 359.9920959472656)",0.021017,-0.024353,"(-0.019365, -0.002364, -1.930848)",LeftFalse_RightFalse,False,"(-7.088191986083984, -0.014433775097131729, -1.9064909219741821)","(359.6029357910156, 88.91580963134766, 0.008207122795283794)",-0.187977,-0.121785,"(0.000000, 0.000002, 0.000000)",LeftTrue_RightFalse
10.658203,0.020465,"(-1.2511460781097412, 1.2445478439331055, 13.853557586669922)","(359.20550537109375, 180.45419311523438, 1.8663479089736938)","(-1.2103805541992188, 1.2158451080322266, 14.000643730163574)","(0.06190001219511032, 183.87493896484375, 359.9940490722656)","(-1.5943950414657593, -0.017647970467805862, 14.026598930358887)","(0.061509691178798676, 180.9088592529297, 359.9908752441406)",0.017024,-0.027618,"(-0.015673, -0.002354, -1.917121)",LeftFalse_RightFalse,False,"(-7.088191986083984, -0.014433741569519043, -1.9064909219741821)","(359.6029357910156, 88.91580963134766, 0.008205588907003403)",-0.187976,-0.122021,"(0.000000, 0.000001, 0.000000)",LeftTrue_RightFalse
10.70282,0.021127,"(-1.2519339323043823, 1.2444236278533936, 13.769034385681152)","(359.14788818359375, 180.43692016601562, 1.7226272821426392)","(-1.2109708786010742, 1.2157460451126099, 13.915763854980469)","(0.06448549777269363, 183.84080505371094, 359.9932556152344)","(-1.5949796438217163, -0.01775265857577324, 13.941544532775879)","(0.06404963880777359, 180.8747100830078, 359.98992919921875)",0.013789,-0.03009,"(-0.011195, -0.002340, -1.896130)",LeftFalse_RightFalse,False,"(-7.088191986083984, -0.014433711767196655, -1.9064909219741821)","(359.6029357910156, 88.91580963134766, 0.008204388432204723)",-0.187974,-0.122279,"(-0.000001, 0.000001, 0.000000)",LeftTrue_RightFalse
10.743835,0.020929,"(-1.2524199485778809, 1.2443149089813232, 13.691803932189941)","(359.1397399902344, 180.436279296875, 1.6274750232696533)","(-1.2113850116729736, 1.2156527042388916, 13.83834457397461)","(0.066520556807518, 183.8064422607422, 359.99285888671875)","(-1.595398187637329, -0.01784852333366871, 13.863938331604004)","(0.06606237590312958, 180.84034729003906, 359.98944091796875)",0.011169,-0.031372,"(-0.008550, -0.002328, -1.881907)",LeftFalse_RightFalse,False,"(-7.088191986083984, -0.014433711767196655, -1.9064909219741821)","(359.60296630859375, 88.91580963134766, 0.008202827535569668)",-0.187978,-0.122517,"(-0.000001, 0.000001, 0.000000)",LeftTrue_RightFalse
10.786987,0.021177,"(-1.2527425289154053, 1.244203805923462, 13.611236572265625)","(359.1600646972656, 180.4597625732422, 1.5251092910766602)","(-1.2117003202438354, 1.2155529260635376, 13.75766372680664)","(0.06834546476602554, 183.7680206298828, 359.9927673339844)","(-1.5957260131835938, -0.01794874668121338, 13.783039093017578)","(0.06788031756877899, 180.8019256591797, 359.9892578125)",0.009047,-0.03186,"(-0.006297, -0.002317, -1.867522)",LeftFalse_RightFalse,False,"(-7.088191986083984, -0.014433711767196655, -1.9064908027648926)","(359.60296630859375, 88.91580963134766, 0.008202986791729927)",-0.187979,-0.122766,"(-0.000001, 0.000001, 0.000000)",LeftTrue_RightFalse
10.830017,0.021367,"(-1.2529207468032837, 1.2436708211898804, 13.531407356262207)","(359.1796875, 180.47474670410156, 1.4438117742538452)","(-1.211915135383606, 1.215451955795288, 13.677776336669922)","(0.06988256424665451, 183.72833251953125, 359.9930114746094)","(-1.5959612131118774, -0.018048210069537163, 13.702919006347656)","(0.06942764669656754, 180.76223754882812, 359.9894104003906)",0.007328,-0.031891,"(-0.004505, -0.002305, -1.853033)",LeftFalse_RightFalse,False,"(-7.088192462921143, -0.014433681964874268, -1.9064909219741821)","(359.60296630859375, 88.91580963134766, 0.00820222683250904)",-0.187979,-0.123016,"(-0.000001, 0.000000, 0.000000)",LeftTrue_RightFalse
10.873535,0.021542,"(-1.2529934644699097, 1.242821216583252, 13.451358795166016)","(359.2039489746094, 180.4702911376953, 1.3793835639953613)","(-1.2120513916015625, 1.2153483629226685, 13.597702980041504)","(0.07118416577577591, 183.68783569335938, 359.9935302734375)","(-1.5961246490478516, -0.01814824528992176, 13.622602462768555)","(0.07075460255146027, 180.72174072265625, 359.9898681640625)",0.005936,-0.031921,"(-0.003025, -0.002292, -1.838484)",LeftFalse_RightFalse,False,"(-7.088192462921143, -0.014433681964874268, -1.9064909219741821)","(359.60296630859375, 88.91580963134766, 0.008201212622225285)",-0.187978,-0.123268,"(-0.000001, 0.000000, 0.000000)",LeftTrue_RightFalse
10.915222,0.021293,"(-1.2529840469360352, 1.2422822713851929, 13.375406265258789)","(359.3330993652344, 180.47796630859375, 1.2799127101898193)","(-1.2121175527572632, 1.2152490615844727, 13.521745681762695)","(0.07222721725702286, 183.6491241455078, 359.9941711425781)","(-1.596219778060913, -0.018243277445435524, 13.546409606933594)","(0.07182927429676056, 180.6830291748047, 359.9904479980469)",0.004808,-0.032074,"(-0.001655, -0.002280, -1.823908)",LeftFalse_RightFalse,False,"(-7.088191986083984, -0.014433681964874268, -1.9064909219741821)","(359.60296630859375, 88.91580963134766, 0.0082009332254529)",-0.187978,-0.123509,"(-0.000001, 0.000000, 0.000000)",LeftTrue_RightFalse
10.959045,0.021525,"(-1.2528783082962036, 1.2418895959854126, 13.296486854553223)","(359.40069580078125, 180.48184204101562, 1.1943414211273193)","(-1.2121250629425049, 1.2151446342468262, 13.4424409866333)","(0.07314915210008621, 183.6084747314453, -0.0051207710057497025)","(-1.596258521080017, -0.018342938274145126, 13.466853141784668)","(0.07278618216514587, 180.64239501953125, 359.9910888671875)",0.003895,-0.032074,"(-0.000362, -0.002268, -1.809336)",LeftFalse_RightFalse,False,"(-7.088192462921143, -0.014433681964874268, -1.9064909219741821)","(359.60296630859375, 88.91580963134766, 0.008200585842132568)",-0.187977,-0.123762,"(-0.000001, 0.000000, 0.000000)",LeftTrue_RightFalse
11.020752,0.021097,"(-1.2526376247406006, 1.2415192127227783, 13.186445236206055)","(359.416259765625, 180.46847534179688, 1.1281511783599854)","(-1.2120361328125, 1.2149993181228638, 13.332117080688477)","(0.07418596744537354, 183.5518341064453, -0.004179995972663164)","(-1.596212387084961, -0.018481912091374397, 13.356172561645508)","(0.07387030124664307, 180.5857391357422, 359.9919738769531)",0.002839,-0.032074,"(0.002010, -0.002240, -1.780302)",LeftFalse_RightFalse,False,"(-7.088192462921143, -0.014433682896196842, -1.9064910411834717)","(359.60296630859375, 88.91580963134766, 0.00820041261613369)",-0.187977,-0.12412,"(-0.000001, 0.000000, 0.000000)",LeftTrue_RightFalse
11.064148,0.021316,"(-1.252632737159729, 1.241330862045288, 13.109917640686035)","(359.3753356933594, 180.44578552246094, 1.0709118843078613)","(-1.2119078636169434, 1.2148985862731934, 13.25525188446045)","(0.07476627081632614, 183.5123291015625, -0.003589571686461568)","(-1.5961124897003174, -0.01857878267765045, 13.27905559539795)","(0.07448036968708038, 180.54624938964844, 359.9925537109375)",0.0023,-0.032074,"(0.003132, -0.002224, -1.765889)",LeftFalse_RightFalse,False,"(-7.088192462921143, -0.014433681964874268, -1.9064910411834717)","(359.60296630859375, 88.91580963134766, 0.00819999910891056)",-0.187978,-0.124371,"(-0.000001, 0.000000, 0.000000)",LeftTrue_RightFalse
11.105469,0.02112,"(-1.2531434297561646, 1.241184949874878, 13.037819862365723)","(359.34429931640625, 180.39376831054688, 0.9797692894935608)","(-1.2117395401000977, 1.2148040533065796, 13.182755470275879)","(0.07520828396081924, 183.4750518798828, -0.003103629918769002)","(-1.595969319343567, -0.018670083954930305, 13.206319808959961)","(0.07494691759347916, 180.50897216796875, 359.9930114746094)",0.001863,-0.032074,"(0.004217, -0.002121, -1.751514)",LeftFalse_RightFalse,False,"(-7.088191986083984, -0.014433681964874268, -1.9064909219741821)","(359.60296630859375, 88.91580963134766, 0.008199665695428848)",-0.187978,-0.12461,"(-0.000001, 0.000000, 0.000000)",LeftTrue_RightFalse
11.146667,0.020956,"(-1.2533236742019653, 1.2410647869110107, 12.966450691223145)","(359.3287048339844, 180.34768676757812, 0.8981447219848633)","(-1.2115274667739868, 1.2147157192230225, 13.111145973205566)","(0.07539013773202896, 183.43826293945312, -0.002734297187998891)","(-1.5957801342010498, -0.018755851313471794, 13.134468078613281)","(0.07514765858650208, 180.47216796875, 359.9933776855469)",0.001509,-0.032074,"(0.005276, -0.002032, -1.737189)",LeftFalse_RightFalse,False,"(-7.088192462921143, -0.014433681964874268, -1.9064908027648926)","(359.60296630859375, 88.91580963134766, 0.008199452422559261)",-0.187977,-0.124848,"(-0.000001, 0.000000, 0.000000)",LeftTrue_RightFalse
11.204712,0.020113,"(-1.253216028213501, 1.2409206628799438, 12.866640090942383)","(359.3061218261719, 180.291015625, 0.7539864778518677)","(-1.2111552953720093, 1.2145971059799194, 13.011157035827637)","(0.07537970691919327, 183.38685607910156, -0.0022824308834969997)","(-1.5954384803771973, -0.01887144334614277, 13.034134864807129)","(0.07516061514616013, 180.4207763671875, 359.9938049316406)",0.0011,-0.032074,"(0.006818, -0.001950, -1.715863)",LeftFalse_RightFalse,False,"(-7.088191986083984, -0.014433681964874268, -1.9064908027648926)","(359.60296630859375, 88.91580963134766, 0.008199051953852177)",-0.187977,-0.125184,"(-0.000001, 0.000000, 0.000000)",LeftTrue_RightFalse
11.244751,0.020061,"(-1.2529785633087158, 1.2408314943313599, 12.798474311828613)","(359.3014831542969, 180.26405334472656, 0.6861254572868347)","(-1.210849642753601, 1.2145177125930786, 12.942931175231934)","(0.07525388151407242, 183.35179138183594, -0.0020190195646137)","(-1.5951526165008545, -0.018949002027511597, 12.96567153930664)","(0.07504859566688538, 180.3856964111328, 359.99407958984375)",0.000891,-0.032074,"(0.007814, -0.001910, -1.701761)",LeftFalse_RightFalse,False,"(-7.088192462921143, -0.014433681964874268, -1.9064909219741821)","(359.60296630859375, 88.91580963134766, 0.008199425414204597)",-0.187979,-0.125416,"(-0.000001, 0.000000, 0.000000)",LeftTrue_RightFalse
11.28656,0.020393,"(-1.2526302337646484, 1.2407444715499878, 12.727803230285645)","(359.3432312011719, 180.2734375, 0.6156473159790039)","(-1.2104887962341309, 1.2144368886947632, 12.87222957611084)","(0.07505685091018677, 183.31544494628906, -0.001784790656529367)","(-1.5948114395141602, -0.019028324633836746, 12.894721984863281)","(0.07486394792795181, 180.34934997558594, -0.005666203796863556)",0.000722,-0.031769,"(0.008778, -0.001885, -1.687757)",LeftFalse_RightFalse,False,"(-7.088192939758301, -0.014433681964874268, -1.9064910411834717)","(359.60296630859375, 88.91580963134766, 0.008199572563171387)",-0.187978,-0.125658,"(-0.000001, 0.000000, 0.000000)",LeftTrue_RightFalse
11.345337,0.019985,"(-1.2520174980163574, 1.2406277656555176, 12.629497528076172)","(359.3824768066406, 180.3037872314453, 0.539750337600708)","(-1.2099189758300781, 1.2143244743347168, 12.773916244506836)","(0.07470850646495819, 183.2652587890625, -0.0014280549949035048)","(-1.5942692756652832, -0.0191383957862854, 12.796064376831055)","(0.07453453540802002, 180.29916381835938, -0.005291921552270651)",0.000526,-0.030426,"(0.009811, -0.001857, -1.666949)",LeftFalse_RightFalse,False,"(-7.088192462921143, -0.014433681964874268, -1.9064908027648926)","(359.60296630859375, 88.91580963134766, 0.008198984898626804)",-0.187977,-0.125998,"(-0.000001, 0.000000, 0.000000)",LeftTrue_RightFalse
11.387024,0.020301,"(-1.2515294551849365, 1.240546703338623, 12.560449600219727)","(359.37286376953125, 180.32373046875, 0.5315678715705872)","(-1.2094841003417969, 1.2142448425292969, 12.704874992370605)","(0.07442331314086914, 183.23086547851562, -0.0010692637879401445)","(-1.593855619430542, -0.019215567037463188, 12.726786613464355)","(0.07426826655864716, 180.2647705078125, -0.0049188523553311825)",0.000426,-0.028778,"(0.010186, -0.001846, -1.653214)",LeftFalse_RightFalse,False,"(-7.088192462921143, -0.014433681964874268, -1.9064910411834717)","(359.60296630859375, 88.91580963134766, 0.008199318312108517)",-0.187979,-0.12624,"(-0.000001, 0.000000, 0.000000)",LeftTrue_RightFalse
11.428711,0.020552,"(-1.2510230541229248, 1.2404664754867554, 12.49201774597168)","(359.3313903808594, 180.3753662109375, 0.5634005665779114)","(-1.2090392112731934, 1.2141648530960083, 12.636454582214355)","(0.07411306351423264, 183.19810485839844, -0.0005649574450217187)","(-1.5934343338012695, -0.019292205572128296, 12.658141136169434)","(0.0739845409989357, 180.23202514648438, -0.004399168770760298)",0.000345,-0.026337,"(0.010130, -0.001834, -1.639593)",LeftFalse_RightFalse,False,"(-7.088191986083984, -0.014433681964874268, -1.9064908027648926)","(359.60296630859375, 88.91580963134766, 0.008199119009077549)",-0.187977,-0.12648,"(-0.000001, 0.000000, 0.000000)",LeftTrue_RightFalse
11.469666,0.02051,"(-1.2505322694778442, 1.240844488143921, 12.42531681060791)","(359.2873229980469, 180.44056701660156, 0.6064407229423523)","(-1.2086108922958374, 1.2140852212905884, 12.569769859313965)","(0.07378591597080231, 183.16827392578125, 0.0001398497261106968)","(-1.5930328369140625, -0.019367005676031113, 12.591249465942383)","(0.07369430363178253, 180.20217895507812, -0.0036783770192414522)",0.00028,-0.023529,"(0.009620, -0.001820, -1.626086)",LeftFalse_RightFalse,False,"(-7.088192462921143, -0.014433681964874268, -1.9064909219741821)","(359.60296630859375, 88.91580963134766, 0.00819882471114397)",-0.187977,-0.126718,"(-0.000001, 0.000000, 0.000000)",LeftTrue_RightFalse
11.527832,0.019931,"(-1.2498853206634521, 1.241731882095337, 12.331517219543457)","(359.14068603515625, 180.53099060058594, 0.6994753479957581)","(-1.2080481052398682, 1.2139700651168823, 12.475992202758789)","(0.0732504278421402, 183.13087463378906, 0.0014167173067107797)","(-1.5925121307373047, -0.01947367563843727, 12.497211456298828)","(0.07322560250759125, 180.164794921875, -0.0023755114525556564)",0.000204,-0.020172,"(0.008522, -0.001836, -1.606048)",LeftFalse_RightFalse,False,"(-7.088191986083984, -0.014433681964874268, -1.9064908027648926)","(359.60296630859375, 88.91580963134766, 0.008198984898626804)",-0.187977,-0.127055,"(-0.000001, 0.000000, 0.000000)",LeftTrue_RightFalse
11.588379,0.020122,"(-1.2496676445007324, 1.2421553134918213, 12.235136032104492)","(358.9005432128906, 180.61019897460938, 0.8228384256362915)","(-1.2075271606445312, 1.213850498199463, 12.37961196899414)","(0.07264355570077896, 183.0977020263672, 0.002658685902133584)","(-1.5920307636260986, -0.019584733992815018, 12.400596618652344)","(0.07268381118774414, 180.13162231445312, -0.0011038044467568398)",0.000149,-0.017914,"(0.007649, -0.001832, -1.586246)",LeftFalse_RightFalse,False,"(-7.088192939758301, -0.014433681964874268, -1.9064908027648926)","(359.60296630859375, 88.91580963134766, 0.008199159055948257)",-0.187977,-0.127404,"(-0.000001, 0.000000, 0.000000)",LeftTrue_RightFalse
11.628662,0.020147,"(-1.2497754096984863, 1.2422813177108765, 12.171368598937988)","(358.8155517578125, 180.7314910888672, 0.8524749875068665)","(-1.2072100639343262, 1.2137726545333862, 12.316081047058105)","(0.07223624736070633, 183.07818603515625, 0.0032981999684125185)","(-1.5917350053787231, -0.019658483564853668, 12.336926460266113)","(0.07231014966964722, 180.1121063232422, -0.00044407148379832506)",0.00012,-0.016296,"(0.007213, -0.001827, -1.573179)",LeftFalse_RightFalse,False,"(-7.088192939758301, -0.014433681964874268, -1.9064909219741821)","(359.60296630859375, 88.91580963134766, 0.008198984898626804)",-0.187978,-0.127638,"(-0.000001, 0.000000, 0.000000)",LeftTrue_RightFalse
11.685913,0.019629,"(-1.250276803970337, 1.2423416376113892, 12.081491470336914)","(358.89404296875, 180.9798583984375, 0.7839123010635376)","(-1.2067956924438477, 1.2136634588241577, 12.226619720458984)","(0.07166165858507156, 183.0535430908203, 0.004010331816971302)","(-1.5913455486297607, -0.019762767478823662, 12.247288703918457)","(0.07177317142486572, 180.0874481201172, 0.00029683916363865137)",8.8e-05,-0.013611,"(0.006461, -0.001812, -1.553780)",LeftFalse_RightFalse,False,"(-7.088192462921143, -0.014433681964874268, -1.9064909219741821)","(359.60296630859375, 88.91580963134766, 0.0081986915320158)",-0.187978,-0.12797,"(-0.000001, 0.000000, 0.000000)",LeftTrue_RightFalse
11.746338,0.01994,"(-1.2509845495224, 1.2423224449157715, 11.988075256347656)","(359.05047607421875, 181.4051513671875, 0.609963595867157)","(-1.2064152956008911, 1.2135498523712158, 12.133407592773438)","(0.07105898857116699, 183.03176879882812, 0.004688865505158901)","(-1.5909881591796875, -0.019871806725859642, 12.153918266296387)","(0.07120640575885773, 180.06568908691406, 0.0010056494502350688)",6.4e-05,-0.009491,"(0.005262, -0.001790, -1.534626)",LeftFalse_RightFalse,False,"(-7.088192462921143, -0.014433681964874268, -1.9064910411834717)","(359.60296630859375, 88.91580963134766, 0.008198345080018044)",-0.187978,-0.12832,"(-0.000001, 0.000000, 0.000000)",LeftTrue_RightFalse
11.789185,0.020456,"(-1.2517633438110352, 1.2418745756149292, 11.922589302062988)","(359.0833435058594, 181.76731872558594, 0.4515759348869324)","(-1.2061985731124878, 1.2134692668914795, 12.067975044250488)","(0.07062892615795135, 183.0196990966797, 0.005295029375702143)","(-1.5907893180847168, -0.019948389381170273, 12.088396072387695)","(0.0708082988858223, 180.05361938476562, 0.001633254112675786)",5.2e-05,-0.006195,"(0.004034, -0.001778, -1.521991)",LeftFalse_RightFalse,False,"(-7.088192462921143, -0.014433681964874268, -1.9064909219741821)","(359.60296630859375, 88.91580963134766, 0.008198345080018044)",-0.187978,-0.128568,"(-0.000001, 0.000000, 0.000000)",LeftTrue_RightFalse
11.829956,0.020437,"(-1.2521778345108032, 1.2415817975997925, 11.861227989196777)","(359.088134765625, 182.0051727294922, 0.3606327176094055)","(-1.2060487270355225, 1.2133923768997192, 12.006257057189941)","(0.07021825760602951, 183.0113525390625, 0.0059929597191512585)","(-1.5906580686569214, -0.020020591095089912, 12.02661418914795)","(0.07043429464101791, 180.04527282714844, 0.002351499395444989)",4.2e-05,-0.003418,"(0.002600, -0.001764, -1.509461)",LeftFalse_RightFalse,False,"(-7.088192462921143, -0.014433681964874268, -1.9064909219741821)","(359.60296630859375, 88.91580963134766, 0.00819855835288763)",-0.187978,-0.128803,"(-0.000001, 0.000000, 0.000000)",LeftTrue_RightFalse
11.88916,0.020091,"(-1.2525343894958496, 1.2412922382354736, 11.772822380065918)","(358.9627380371094, 182.25999450683594, 0.2055104523897171)","(-1.205933928489685, 1.2132821083068848, 11.917553901672363)","(0.06963256001472473, 183.00437927246094, 0.006971587892621756)","(-1.5905673503875732, -0.020124360918998718, 11.93785285949707)","(0.0699000135064125, 180.0382843017578, 0.0033591242972761393)",3.1e-05,-0.000916,"(0.000761, -0.001742, -1.490857)",LeftFalse_RightFalse,False,"(-7.088192462921143, -0.014433681964874268, -1.9064908027648926)","(359.60296630859375, 88.91580963134766, 0.008199598640203476)",-0.187978,-0.129146,"(-0.000001, 0.000000, 0.000000)",LeftTrue_RightFalse
11.947144,0.019673,"(-1.2530856132507324, 1.2410975694656372, 11.68740463256836)","(358.84149169921875, 182.36666870117188, 0.04046160727739334)","(-1.2059135437011719, 1.2131776809692383, 11.83157730102539)","(0.06908709555864334, 183.00167846679688, 0.007543290499597788)","(-1.590560793876648, -0.020224807783961296, 11.851846694946289)","(0.06938488036394119, 180.0355987548828, 0.003958284389227629)",2.2e-05,0.000214,"(-0.000367, -0.001721, -1.472489)",LeftFalse_RightFalse,False,"(-7.088192462921143, -0.014433681964874268, -1.9064909219741821)","(359.60296630859375, 88.91580963134766, 0.008200119249522686)",-0.187978,-0.129482,"(-0.000001, 0.000000, 0.000000)",LeftTrue_RightFalse
12.007996,0.020044,"(-1.2535725831985474, 1.240944504737854, 11.598766326904297)","(358.7630615234375, 182.41888427734375, 359.9065856933594)","(-1.2059516906738281, 1.2130731344223022, 11.742467880249023)","(0.06854725629091263, 183.0011444091797, 0.007622080389410257)","(-1.5906014442443848, -0.02032887190580368, 11.76272201538086)","(0.0688498318195343, 180.0350799560547, 0.004064902197569609)",1.6e-05,0.000336,"(-0.000897, -0.001697, -1.454352)",LeftFalse_RightFalse,False,"(-7.088192939758301, -0.014433682896196842, -1.9064909219741821)","(359.60296630859375, 88.91580963134766, 0.008200665935873985)",-0.187978,-0.129834,"(-0.000001, 0.000000, 0.000000)",LeftTrue_RightFalse
12.066406,0.019755,"(-1.2543463706970215, 1.2408252954483032, 11.515067100524902)","(358.743408203125, 182.44654846191406, 359.774658203125)","(-1.2060133218765259, 1.2129765748977661, 11.658014297485352)","(0.06803276389837265, 183.00140380859375, 0.007306184619665146)","(-1.5906567573547363, -0.020427431911230087, 11.678258895874023)","(0.06831967830657959, 180.03533935546875, 0.003776052501052618)",0.012857,0.000336,"(-0.001043, -0.001676, -1.436982)",LeftFalse_RightFalse,False,"(-7.088191986083984, -0.014433711767196655, -1.9064908027648926)","(359.60296630859375, 88.91580963134766, 0.008200665935873985)",-0.187976,-0.130172,"(-0.000001, 0.000000, 0.000000)",LeftTrue_RightFalse
12.123352,0.01938,"(-1.2547789812088013, 1.24072265625, 11.433996200561523)","(358.67010498046875, 182.46934509277344, 359.6377258300781)","(-1.2060805559158325, 1.2128846645355225, 11.576557159423828)","(0.06732729077339172, 183.00180053710938, 0.006829712074249983)","(-1.590714454650879, -0.02052254229784012, 11.59678840637207)","(0.06759048998355865, 180.0357208251953, 0.003336723428219557)",0.029277,0.000336,"(-0.001084, -0.001663, -1.422168)",LeftFalse_RightFalse,False,"(-7.088191986083984, -0.014433711767196655, -1.9064909219741821)","(359.60296630859375, 88.91580963134766, 0.008201013319194317)",-0.187977,-0.130502,"(-0.000001, 0.000000, 0.000000)",LeftTrue_RightFalse
12.179443,0.019121,"(-1.255039930343628, 1.2406290769577026, 11.3546724319458)","(358.635009765625, 182.5157012939453, 359.5228576660156)","(-1.2061488628387451, 1.2127950191497803, 11.497030258178711)","(0.06620549410581589, 183.00222778320312, 0.006325376685708761)","(-1.5907729864120483, -0.02061568573117256, 11.517239570617676)","(0.06644409894943237, 180.0361328125, 0.0028911109548062086)",0.054469,0.000336,"(-0.001094, -0.001659, -1.414499)",LeftFalse_RightFalse,False,"(-7.088192462921143, -0.014433711767196655, -1.9064909219741821)","(359.60296630859375, 88.91580963134766, 0.0082014799118042)",-0.187978,-0.130826,"(-0.000001, 0.000001, 0.000000)",LeftTrue_RightFalse
12.240295,0.019758,"(-1.255224347114563, 1.2405325174331665, 11.269116401672363)","(358.6166076660156, 182.56996154785156, 359.45745849609375)","(-1.2062222957611084, 1.2126975059509277, 11.411355972290039)","(0.06419071555137634, 183.002685546875, 0.005796584766358137)","(-1.5908371210098267, -0.020716842263936996, 11.431525230407715)","(0.06440466642379761, 180.03660583496094, 0.0024672821164131165)",0.08027,0.000336,"(-0.001099, -0.001670, -1.405161)",LeftFalse_RightFalse,False,"(-7.088192462921143, -0.01443371083587408, -1.9064909219741821)","(359.60296630859375, 88.91580963134766, 0.008200532756745815)",-0.187977,-0.131178,"(-0.000001, 0.000000, 0.000000)",LeftTrue_RightFalse
12.297119,0.019314,"(-1.2553457021713257, 1.240444302558899, 11.189343452453613)","(358.6408386230469, 182.6024932861328, 359.41497802734375)","(-1.2062897682189941, 1.2126051187515259, 11.331525802612305)","(0.06166595593094826, 183.00311279296875, 0.005345646757632494)","(-1.590897560119629, -0.02081211842596531, 11.351642608642578)","(0.06185995042324066, 180.0370330810547, 0.0021475914400070906)",0.126429,0.000336,"(-0.001101, -0.001680, -1.403799)",LeftFalse_RightFalse,False,"(-7.088191986083984, -0.014433711767196655, -1.9064910411834717)","(359.60296630859375, 88.91580963134766, 0.008200239390134811)",-0.187977,-0.131508,"(-0.000001, 0.000000, 0.000000)",LeftTrue_RightFalse
12.352173,0.018885,"(-1.2554389238357544, 1.2403613328933716, 11.112011909484863)","(358.66650390625, 182.61769104003906, 359.37548828125)","(-1.2063546180725098, 1.2125145196914673, 11.254162788391113)","(0.05820092931389809, 183.00352478027344, 0.004923680331557989)","(-1.5909570455551147, -0.0209056343883276, 11.274208068847656)","(0.05837772786617279, 180.03744506835938, 0.0019054877338930964)",0.168232,0.000336,"(-0.001110, -0.001713, -1.409309)",LeftFalse_RightFalse,False,"(-7.088191986083984, -0.014433711767196655, -1.9064909219741821)","(359.60296630859375, 88.91580963134766, 0.008201159536838531)",-0.187978,-0.131827,"(-0.000001, 0.000000, 0.000000)",LeftTrue_RightFalse
12.410706,0.019174,"(-1.2555242776870728, 1.2402737140655518, 11.029296875)","(358.6944885253906, 182.62660217285156, 359.3427429199219)","(-1.2064231634140015, 1.2124159336090088, 11.171429634094238)","(0.053486958146095276, 183.0039825439453, 0.004483326803892851)","(-1.5910212993621826, -0.021007228642702103, 11.191375732421875)","(0.05364728718996048, 180.03790283203125, 0.0017096477095037699)",0.2141,0.000336,"(-0.001124, -0.001757, -1.421601)",LeftFalse_RightFalse,False,"(-7.088192462921143, -0.014433711767196655, -1.9064909219741821)","(359.60296630859375, 88.91580963134766, 0.008200732991099358)",-0.187978,-0.132165,"(-0.000001, 0.000000, 0.000000)",LeftTrue_RightFalse
12.451965,0.01964,"(-1.2555798292160034, 1.240211844444275, 10.970462799072266)","(358.6985168457031, 182.62086486816406, 359.3214416503906)","(-1.2064714431762695, 1.2123445272445679, 11.112586975097656)","(0.04959762468934059, 183.00430297851562, 0.0041805715300142765)","(-1.5910674333572388, -0.021080445498228073, 11.132451057434082)","(0.04974750801920891, 180.0382080078125, 0.0016085506649687886)",0.244686,0.000336,"(-0.001138, -0.001789, -1.433945)",LeftFalse_RightFalse,False,"(-7.088192462921143, -0.014433711767196655, -1.9064908027648926)","(359.60296630859375, 88.91580963134766, 0.008200572803616524)",-0.187978,-0.132403,"(-0.000001, 0.000001, 0.000000)",LeftTrue_RightFalse
12.510254,0.019569,"(-1.2556549310684204, 1.239612340927124, 10.88619613647461)","(358.7649841308594, 182.658935546875, 359.310302734375)","(-1.2065402269363403, 1.2122414112091064, 11.02830982208252)","(0.04341540113091469, 183.00477600097656, 0.0037551498971879482)","(-1.591133952140808, -0.021186482161283493, 11.048044204711914)","(0.04355154559016228, 180.03868103027344, 0.0015035975957289338)",0.28789,0.000336,"(-0.001165, -0.001844, -1.458403)",LeftFalse_RightFalse,False,"(-7.088192462921143, -0.014433711767196655, -1.9064909219741821)","(359.60296630859375, 88.91580963134766, 0.008200599811971188)",-0.187979,-0.132741,"(-0.000001, 0.000001, 0.000000)",LeftTrue_RightFalse
12.568665,0.019433,"(-1.2557287216186523, 1.2392699718475342, 10.800344467163086)","(358.8337097167969, 182.7222442626953, 359.3041076660156)","(-1.2066102027893066, 1.2121484279632568, 10.942452430725098)","(0.036101482808589935, 183.00523376464844, 0.003315618494525552)","(-1.5912024974822998, -0.021282484754920006, 10.962031364440918)","(0.03622468188405037, 180.03915405273438, 0.0014431127347052097)",0.321707,0.000336,"(-0.001197, -0.001509, -1.489041)",LeftFalse_RightFalse,False,"(-7.088192939758301, -0.01443371269851923, -1.9064910411834717)","(359.60296630859375, 88.91580963134766, 0.008200799115002155)",-0.187977,-0.133079,"(-0.000001, 0.000001, 0.000000)",LeftTrue_RightFalse
12.627197,0.019415,"(-1.2558033466339111, 1.239068865776062, 10.712359428405762)","(358.878662109375, 182.80540466308594, 359.3081359863281)","(-1.2066820859909058, 1.212066888809204, 10.854460716247559)","(0.027912834659218788, 183.00572204589844, 0.0028485385701060295)","(-1.5912734270095825, -0.021366950124502182, 10.87386703491211)","(0.02802283503115177, 180.03964233398438, 0.0014003780670464039)",0.347509,0.000214,"(-0.001237, -0.001384, -1.524450)",LeftFalse_RightFalse,False,"(-7.088192939758301, -0.01443370059132576, -1.9064910411834717)","(359.60296630859375, 88.91580963134766, 0.008200612850487232)",-0.187978,-0.133418,"(-0.000001, 0.000001, 0.000000)",LeftTrue_RightFalse
12.668274,0.01978,"(-1.2558550834655762, 1.2389732599258423, 10.649385452270508)","(358.92236328125, 182.85684204101562, 359.28057861328125)","(-1.2067325115203857, 1.2120128870010376, 10.791482925415039)","(0.022032009437680244, 183.0060272216797, 0.002507353201508522)","(-1.5913231372833252, -0.0214231014251709, 10.81076431274414)","(0.022132238373160362, 180.03993225097656, 0.0013639521785080433)",0.362549,6.1e-05,"(-0.001193, -0.001351, -1.550155)",LeftFalse_RightFalse,False,"(-7.088192462921143, -0.014433681964874268, -1.9064908027648926)","(359.60296630859375, 88.91580963134766, 0.008199425414204597)",-0.187976,-0.133656,"(-0.000001, 0.000000, 0.000000)",LeftTrue_RightFalse
12.724915,0.019384,"(-1.2559229135513306, 1.2385166883468628, 10.560602188110352)","(358.9847412109375, 182.91073608398438, 359.2214050292969)","(-1.2067996263504028, 1.211939811706543, 10.702695846557617)","(0.014034874737262726, 183.00619506835938, 0.0020140144042670727)","(-1.591388463973999, -0.021499402821063995, 10.721805572509766)","(0.014120287261903286, 180.04010009765625, 0.0012850844068452716)",0.384091,-0.000244,"(-0.001100, -0.001346, -1.591495)",LeftFalse_RightFalse,False,"(-7.088192462921143, -0.014433681964874268, -1.9064909219741821)","(359.60296630859375, 88.91580963134766, 0.008198931813240051)",-0.187979,-0.133984,"(-0.000001, 0.000001, 0.000000)",LeftTrue_RightFalse
12.768799,0.020264,"(-1.2563889026641846, 1.2381868362426758, 10.490340232849121)","(359.0578308105469, 183.00332641601562, 359.1298522949219)","(-1.2068471908569336, 1.2118830680847168, 10.63240909576416)","(0.008061106316745281, 183.00607299804688, 0.0016282659489661455)","(-1.5914344787597656, -0.021558649837970734, 10.651389122009277)","(0.008134560659527779, 180.0399932861328, 0.0012089640367776155)",0.396346,-0.000641,"(-0.000997, -0.001359, -1.620751)",LeftFalse_RightFalse,False,"(-7.088192939758301, -0.014433681964874268, -1.9064910411834717)","(359.60296630859375, 88.91580963134766, 0.008198811672627926)",-0.187976,-0.134238,"(-0.000001, 0.000000, 0.000000)",LeftTrue_RightFalse
12.809448,0.020267,"(-1.2566637992858887, 1.237982988357544, 10.424016952514648)","(359.119873046875, 183.12051391601562, 359.04296875)","(-1.206884741783142, 1.2118299007415771, 10.566070556640625)","(0.0027480784337967634, 183.005615234375, 0.0012440606951713562)","(-1.5914700031280518, -0.021614225581288338, 10.584933280944824)","(0.002808770164847374, 180.03952026367188, 0.0011001951061189175)",0.408931,-0.001953,"(-0.000731, -0.001379, -1.651195)",LeftFalse_RightFalse,False,"(-7.088192939758301, -0.014433681964874268, -1.9064910411834717)","(359.60296630859375, 88.91580963134766, 0.008198811672627926)",-0.187977,-0.134473,"(-0.000001, 0.000001, 0.000000)",LeftTrue_RightFalse
12.852295,0.020681,"(-1.2570797204971313, 1.2378309965133667, 10.352675437927246)","(359.15972900390625, 183.26763916015625, 358.940673828125)","(-1.2069035768508911, 1.2117739915847778, 10.494707107543945)","(-0.0026168052572757006, 183.0040740966797, 0.000672401743941009)","(-1.5914831161499023, -0.021673880517482758, 10.513442993164062)","(-0.002578506013378501, 180.03799438476562, 0.0008069070754572749)",0.424404,-0.0047,"(0.000091, -0.001403, -1.682938)",LeftFalse_RightFalse,False,"(-7.088192939758301, -0.014433681964874268, -1.9064910411834717)","(359.60296630859375, 88.91580963134766, 0.008198984898626804)",-0.187976,-0.134721,"(-0.000001, 0.000000, 0.000000)",LeftTrue_RightFalse
12.898132,0.021445,"(-1.2574959993362427, 1.237714409828186, 10.274764060974121)","(359.1460266113281, 183.3784637451172, 358.8483581542969)","(-1.2068649530410767, 1.2117156982421875, 10.416772842407227)","(359.99188232421875, 182.9995574951172, -0.00037536240415647626)","(-1.5914297103881836, -0.021739061921834946, 10.435359001159668)","(359.9918518066406, 180.03347778320312, 4.5905391743872315e-05)",0.442983,-0.009491,"(0.001793, -0.001431, -1.716258)",LeftFalse_RightFalse,False,"(-7.088192939758301, -0.014433681964874268, -1.9064909219741821)","(359.60296630859375, 88.91580963134766, 0.008198811672627926)",-0.187978,-0.134986,"(-0.000001, 0.000000, 0.000000)",LeftTrue_RightFalse
12.938232,0.020909,"(-1.2575879096984863, 1.2376391887664795, 10.205063819885254)","(359.1448059082031, 183.44688415527344, 358.7793273925781)","(-1.2067315578460693, 1.2116674184799194, 10.347064971923828)","(359.9871520996094, 182.9909210205078, -0.0018858466064557433)","(-1.5912718772888184, -0.021797388792037964, 10.365489959716797)","(359.987060546875, 180.02484130859375, -0.0012184550287202)",0.465766,-0.015411,"(0.004649, -0.001464, -1.751582)",LeftFalse_RightFalse,False,"(-7.088192462921143, -0.014433681964874268, -1.9064909219741821)","(359.60296630859375, 88.91580963134766, 0.00819883868098259)",-0.187978,-0.135218,"(-0.000001, 0.000000, 0.000000)",LeftTrue_RightFalse
12.979797,0.020858,"(-1.2574255466461182, 1.2375829219818115, 10.131242752075195)","(359.1175537109375, 183.4586639404297, 358.74700927734375)","(-1.206444501876831, 1.2116260528564453, 10.273246765136719)","(359.98248291015625, 182.975341796875, -0.004118582233786583)","(-1.5909470319747925, -0.021853743121027946, 10.291464805603027)","(359.9822998046875, 180.00926208496094, -0.0032065054401755333)",0.489377,-0.023132,"(0.008759, -0.001341, -1.789213)",LeftFalse_RightFalse,False,"(-7.088192462921143, -0.014433681964874268, -1.9064909219741821)","(359.60296630859375, 88.91580963134766, 0.008199038915336132)",-0.187977,-0.13546,"(-0.000001, 0.000000, 0.000000)",LeftTrue_RightFalse
13.02417,0.021321,"(-1.2569445371627808, 1.2375366687774658, 10.050640106201172)","(359.09771728515625, 183.448974609375, 358.72418212890625)","(-1.205918312072754, 1.2115861177444458, 10.192659378051758)","(359.9775695800781, 182.94960021972656, 359.9930419921875)","(-1.5903733968734741, -0.021912436932325363, 10.210596084594727)","(359.9772644042969, 179.9835205078125, 359.99420166015625)",0.511822,-0.032379,"(0.015796, -0.001316, -1.848930)",LeftFalse_RightFalse,False,"(-7.088192462921143, -0.014433681964874268, -1.9064910411834717)","(359.60296630859375, 88.91580963134766, 0.008198478259146214)",-0.187978,-0.135717,"(-0.000001, 0.000000, 0.000000)",LeftTrue_RightFalse
13.068176,0.021619,"(-1.2561476230621338, 1.2374999523162842, 9.96881103515625)","(359.13372802734375, 183.4066925048828, 358.66473388671875)","(-1.2051432132720947, 1.2115498781204224, 10.110857009887695)","(359.9728088378906, 182.91409301757812, 359.9897766113281)","(-1.5895445346832275, -0.021970445290207863, 10.128448486328125)","(359.9722900390625, 179.94801330566406, 359.9912109375)",0.531097,-0.040955,"(0.022291, -0.001324, -1.891054)",LeftFalse_RightFalse,False,"(-7.088192462921143, -0.014433681964874268, -1.9064909219741821)","(359.60296630859375, 88.91580963134766, 0.008199452422559261)",-0.187977,-0.135971,"(-0.000001, 0.000000, 0.000000)",LeftTrue_RightFalse
13.112671,0.021715,"(-1.2549487352371216, 1.2370411157608032, 9.88405990600586)","(359.1850891113281, 183.3582305908203, 358.6427917480469)","(-1.204024076461792, 1.2115168571472168, 10.026144981384277)","(359.96795654296875, 182.86520385742188, 359.98583984375)","(-1.5883609056472778, -0.022029779851436615, 10.04330062866211)","(359.96728515625, 179.89910888671875, 359.9875183105469)",0.546709,-0.048187,"(0.029845, -0.001343, -1.934999)",LeftFalse_RightFalse,False,"(-7.088191986083984, -0.014433681964874268, -1.9064909219741821)","(359.60296630859375, 88.91580963134766, 0.008198851719498634)",-0.187978,-0.136228,"(-0.000001, 0.000000, 0.000000)",LeftTrue_RightFalse
13.156616,0.021775,"(-1.2533502578735352, 1.2367583513259888, 9.798293113708496)","(359.2467041015625, 183.30307006835938, 358.6622009277344)","(-1.2025525569915771, 1.2114841938018799, 9.940428733825684)","(359.96319580078125, 182.80374145507812, 359.9817810058594)","(-1.5868253707885742, -0.022089412435889244, 9.95706558227539)","(359.9623107910156, 179.83766174316406, 359.9837341308594)",0.559355,-0.053284,"(0.037376, -0.001372, -1.980422)",LeftFalse_RightFalse,False,"(-7.088192462921143, -0.014433681964874268, -1.9064908027648926)","(359.60296630859375, 88.91580963134766, 0.00819921214133501)",-0.187977,-0.136482,"(-0.000001, 0.000000, 0.000000)",LeftTrue_RightFalse
13.216858,0.024425,"(-1.2505428791046143, 1.2365068197250366, 9.677087783813477)","(359.30511474609375, 183.21617126464844, 358.7154846191406)","(-1.1999753713607788, 1.211429476737976, 9.819310188293457)","(359.95672607421875, 182.70257568359375, 359.977294921875)","(-1.5841870307922363, -0.022173963487148285, 9.835124015808105)","(359.95562744140625, 179.7364959716797, 359.9795837402344)",0.569598,-0.055298,"(0.046832, -0.001423, -2.050213)",LeftFalse_RightFalse,False,"(-7.088192939758301, -0.014433681964874268, -1.9064908027648926)","(359.60296630859375, 88.91580963134766, 0.008198891766369343)",-0.187978,-0.136831,"(-0.000001, 0.000000, 0.000000)",LeftTrue_RightFalse
13.257507,0.02295,"(-1.2483187913894653, 1.23639976978302, 9.592962265014648)","(359.3494873046875, 183.14283752441406, 358.7974548339844)","(-1.1979310512542725, 1.2113839387893677, 9.735248565673828)","(359.9524841308594, 182.6272430419922, 359.975341796875)","(-1.5821248292922974, -0.022232597693800926, 9.75046443939209)","(359.9512634277344, 179.66116333007812, 359.9778137207031)",0.577895,-0.05545,"(0.052111, -0.001454, -2.097747)",LeftFalse_RightFalse,False,"(-7.088192462921143, -0.014433681964874268, -1.9064909219741821)","(359.60296630859375, 88.91580963134766, 0.008199505507946014)",-0.187978,-0.137067,"(-0.000001, 0.000000, 0.000000)",LeftTrue_RightFalse
13.298523,0.022037,"(-1.2458453178405762, 1.2363113164901733, 9.506022453308105)","(359.3549499511719, 183.05482482910156, 358.8623962402344)","(-1.1956509351730347, 1.2113311290740967, 9.648377418518066)","(359.9482727050781, 182.54754638671875, 359.97412109375)","(-1.579843521118164, -0.022293398156762123, 9.66296672821045)","(359.947021484375, 179.5814666748047, 359.9768371582031)",0.585357,-0.05545,"(0.056830, -0.001490, -2.146050)",LeftFalse_RightFalse,False,"(-7.088192462921143, -0.014433681964874268, -1.9064909219741821)","(359.60296630859375, 88.91580963134766, 0.008199159055948257)",-0.187978,-0.137304,"(-0.000001, 0.000000, 0.000000)",LeftTrue_RightFalse
13.34021,0.021561,"(-1.2429215908050537, 1.2362339496612549, 9.415681838989258)","(359.3348083496094, 182.9413299560547, 358.9326171875)","(-1.1931313276290894, 1.2112727165222168, 9.55811595916748)","(359.94415283203125, 182.4639434814453, 359.9734191894531)","(-1.5773333311080933, -0.022356262430548668, 9.57205581665039)","(359.9428405761719, 179.49786376953125, 359.9763488769531)",0.592144,-0.05545,"(0.063687, -0.001537, -2.219334)",LeftFalse_RightFalse,False,"(-7.088192462921143, -0.014433681964874268, -1.9064908027648926)","(359.60296630859375, 88.91580963134766, 0.008198771625757217)",-0.187978,-0.137545,"(-0.000001, 0.000000, 0.000000)",LeftTrue_RightFalse
13.381714,0.021276,"(-1.2396934032440186, 1.2361642122268677, 9.323481559753418)","(359.3334045410156, 182.81214904785156, 358.98504638671875)","(-1.190414547920227, 1.2112113237380981, 9.4660005569458)","(359.9402160644531, 182.37826538085938, 359.9729919433594)","(-1.5746313333511353, -0.022420421242713928, 9.479280471801758)","(359.9388732910156, 179.4121856689453, 359.9761047363281)",0.598384,-0.05545,"(0.068359, -0.001565, -2.268764)",LeftFalse_RightFalse,False,"(-7.088192462921143, -0.014433681964874268, -1.9064909219741821)","(359.60296630859375, 88.91580963134766, 0.008199305273592472)",-0.187978,-0.137785,"(-0.000001, 0.000000, 0.000000)",LeftTrue_RightFalse
13.440002,0.020339,"(-1.2349886894226074, 1.236073613166809, 9.190475463867188)","(359.3717956542969, 182.648193359375, 358.98236083984375)","(-1.18625807762146, 1.2111221551895142, 9.333107948303223)","(359.9349060058594, 182.25442504882812, 359.9725036621094)","(-1.570496916770935, -0.022512463852763176, 9.345442771911621)","(359.93359375, 179.288330078125, 359.9759216308594)",0.607042,-0.05545,"(0.075685, -0.001615, -2.343842)",LeftFalse_RightFalse,False,"(-7.088192939758301, -0.014433682896196842, -1.9064909219741821)","(359.60296630859375, 88.91580963134766, 0.008199718780815601)",-0.187978,-0.138122,"(-0.000001, 0.000000, 0.000000)",LeftTrue_RightFalse
13.482605,0.020709,"(-1.2313547134399414, 1.2360098361968994, 9.09068489074707)","(359.4377136230469, 182.57315063476562, 358.91070556640625)","(-1.1829559803009033, 1.2110555171966553, 9.2333984375)","(359.93121337890625, 182.16140747070312, 359.97210693359375)","(-1.5672088861465454, -0.02258152887225151, 9.24502944946289)","(359.92987060546875, 179.1953125, 359.9757080078125)",0.612678,-0.05545,"(0.080825, -0.001644, -2.394468)",LeftFalse_RightFalse,False,"(-7.088191986083984, -0.014433681964874268, -1.9064908027648926)","(359.60296630859375, 88.91580963134766, 0.008199811913073063)",-0.187977,-0.138369,"(-0.000001, 0.000000, 0.000000)",LeftTrue_RightFalse
13.54071,0.020081,"(-1.226545810699463, 1.2359243631362915, 8.950716018676758)","(359.4791259765625, 182.5599365234375, 358.8104553222656)","(-1.178070306777954, 1.2109631299972534, 9.093523025512695)","(359.92633056640625, 182.0308380126953, 359.971435546875)","(-1.5623377561569214, -0.022678324952721596, 9.104172706604004)","(359.9249572753906, 179.06475830078125, 359.97528076171875)",0.62099,-0.055573,"(0.088973, -0.001692, -2.471237)",LeftFalse_RightFalse,False,"(-7.088192462921143, -0.014433681964874268, -1.9064909219741821)","(359.60296630859375, 88.91580963134766, 0.008199705742299557)",-0.187978,-0.138706,"(-0.000001, -0.000001, 0.000000)",LeftTrue_RightFalse
13.582153,0.020313,"(-1.22291898727417, 1.2358639240264893, 8.848285675048828)","(359.4999694824219, 182.53848266601562, 358.7515869140625)","(-1.1743019819259644, 1.2108967304229736, 8.991158485412598)","(359.9229431152344, 181.93521118164062, 359.9708251953125)","(-1.5585757493972778, -0.022748665884137154, 9.001093864440918)","(359.9215087890625, 178.96913146972656, 359.974853515625)",0.626592,-0.055634,"(0.094760, -0.001721, -2.522949)",LeftFalse_RightFalse,False,"(-7.088192462921143, -0.014433681964874268, -1.9064909219741821)","(359.60296630859375, 88.91580963134766, 0.008199265226721764)",-0.187978,-0.138945,"(-0.000001, 0.000000, 0.000000)",LeftTrue_RightFalse
13.642334,0.020224,"(-1.2171779870986938, 1.235779047012329, 8.695661544799805)","(359.5188293457031, 182.4603271484375, 358.695068359375)","(-1.1683783531188965, 1.210801362991333, 8.83863639831543)","(359.9178161621094, 181.79246520996094, 359.9701843261719)","(-1.5526658296585083, -0.022848041728138924, 8.847503662109375)","(359.9163818359375, 178.82638549804688, 359.9744873046875)",0.63834,-0.055634,"(0.104164, 0.000357, -2.601086)",LeftFalse_RightFalse,False,"(-7.088191986083984, -0.014433681964874268, -1.9064908027648926)","(359.60296630859375, 88.91580963134766, 0.008198944851756096)",-0.187978,-0.139294,"(-0.000001, -0.000001, 0.000000)",LeftTrue_RightFalse
13.700745,0.019824,"(-1.2107086181640625, 1.2359955310821533, 8.543312072753906)","(359.51287841796875, 182.3497772216797, 358.65496826171875)","(-1.1619983911514282, 1.2109705209732056, 8.686392784118652)","(359.89990234375, 181.64974975585938, 359.9742126464844)","(-1.5464047193527222, -0.02265077270567417, 8.693920135498047)","(359.8987121582031, 178.6836700439453, 359.97943115234375)",0.65385,-0.055634,"(0.114059, 0.007131, -2.678972)",LeftFalse_RightFalse,False,"(-7.088192462921143, -0.014433711767196655, -1.9064909219741821)","(359.60296630859375, 88.91580963134766, 0.008199265226721764)",-0.18798,-0.139632,"(-0.000001, 0.000000, 0.000000)",LeftTrue_RightFalse
13.758728,0.019645,"(-1.203650712966919, 1.2365539073944092, 8.387716293334961)","(359.5440673828125, 182.24681091308594, 358.6266174316406)","(-1.1551668643951416, 1.211454153060913, 8.530903816223145)","(359.8699645996094, 181.5032958984375, 359.9735412597656)","(-1.53959321975708, -0.022169623523950577, 8.536803245544434)","(359.8687438964844, 178.53720092773438, 359.9803161621094)",0.66759,-0.05481,"(0.120792, 0.009362, -2.732669)",LeftFalse_RightFalse,False,"(-7.088191986083984, -0.014433711767196655, -1.9064909219741821)","(359.60296630859375, 88.91580963134766, 0.008201359771192074)",-0.187978,-0.139968,"(-0.000001, 0.000000, 0.000000)",LeftTrue_RightFalse
13.802002,0.020341,"(-1.1979833841323853, 1.2370777130126953, 8.26882266998291)","(359.5373840332031, 182.1641082763672, 358.6221923828125)","(-1.149718165397644, 1.2119123935699463, 8.412091255187988)","(359.84344482421875, 181.39187622070312, 359.9723205566406)","(-1.5341426134109497, -0.021717526018619537, 8.416671752929688)","(359.84222412109375, 178.42578125, 359.9804382324219)",0.675823,-0.052979,"(0.130810, 0.011204, -2.814448)",LeftFalse_RightFalse,False,"(-7.088191986083984, -0.014433711767196655, -1.9064909219741821)","(359.60296630859375, 88.91580963134766, 0.00820041261613369)",-0.187977,-0.140218,"(-0.000001, 0.000000, 0.000000)",LeftTrue_RightFalse
13.844604,0.020686,"(-1.19207763671875, 1.2376413345336914, 8.149182319641113)","(359.50408935546875, 182.11082458496094, 358.6520080566406)","(-1.1440526247024536, 1.2124066352844238, 8.29253101348877)","(359.8154296875, 181.2813262939453, 359.9709777832031)","(-1.5284703969955444, -0.021229591220617294, 8.29576587677002)","(359.8141784667969, 178.31521606445312, 359.9805908203125)",0.683625,-0.050171,"(0.136954, 0.011820, -2.869805)",LeftFalse_RightFalse,False,"(-7.088192939758301, -0.014433711767196655, -1.9064909219741821)","(359.60296630859375, 88.91580963134766, 0.008201039396226406)",-0.187978,-0.140464,"(-0.000001, 0.000000, 0.000000)",LeftTrue_RightFalse
13.887634,0.021023,"(-1.1858294010162354, 1.2382348775863647, 8.025826454162598)","(359.43365478515625, 182.01528930664062, 358.67462158203125)","(-1.1380579471588135, 1.212926983833313, 8.1692533493042)","(359.7861328125, 181.1709442138672, 359.97015380859375)","(-1.5224759578704834, -0.02071201428771019, 8.171116828918457)","(359.7848815917969, 178.20484924316406, 359.98126220703125)",0.690686,-0.046265,"(0.142381, 0.012404, -2.925897)",LeftFalse_RightFalse,False,"(-7.088191986083984, -0.01443371083587408, -1.9064908027648926)","(359.60296630859375, 88.91580963134766, 0.008201106451451778)",-0.187977,-0.140713,"(-0.000001, 0.000001, 0.000000)",LeftTrue_RightFalse
13.947388,0.020493,"(-1.1763017177581787, 1.2391057014465332, 7.84962272644043)","(359.31500244140625, 181.76779174804688, 358.7540283203125)","(-1.1293389797210693, 1.2136945724487305, 7.993529319763184)","(359.74578857421875, 181.0240478515625, 359.97027587890625)","(-1.5137786865234375, -0.01993924006819725, 7.993538856506348)","(359.7445983886719, 178.0579376220703, 359.98345947265625)",0.699346,-0.039459,"(0.148720, 0.013304, -3.011132)",LeftFalse_RightFalse,False,"(-7.088192939758301, -0.014433711767196655, -1.9064910411834717)","(359.60296630859375, 88.91580963134766, 0.008200879208743572)",-0.187978,-0.141059,"(-0.000001, 0.000000, 0.000000)",LeftTrue_RightFalse
13.988647,0.020528,"(-1.169554591178894, 1.239724040031433, 7.725188255310059)","(359.19818115234375, 181.57565307617188, 358.8311767578125)","(-1.1231298446655273, 1.214241623878479, 7.869410514831543)","(359.7183837890625, 180.93002319335938, 359.97088623046875)","(-1.507591724395752, -0.019384611397981644, 7.868199348449707)","(359.7172546386719, 177.9639129638672, 359.9854736328125)",0.703772,-0.03418,"(0.151873, 0.013581, -3.068596)",LeftFalse_RightFalse,False,"(-7.088192939758301, -0.014433711767196655, -1.9064910411834717)","(359.60296630859375, 88.91580963134766, 0.008200893178582191)",-0.187978,-0.141299,"(-0.000001, 0.000000, 0.000000)",LeftTrue_RightFalse
14.030823,0.020781,"(-1.1622796058654785, 1.240364670753479, 7.594961643218994)","(359.09912109375, 181.3881072998047, 358.88580322265625)","(-1.1166512966156006, 1.2148077487945557, 7.739799976348877)","(359.6905212402344, 180.8419189453125, 359.9720153808594)","(-1.5011444091796875, -0.018807094544172287, 7.737398147583008)","(359.6894836425781, 177.8758087158203, 359.9880676269531)",0.708099,-0.027985,"(0.154098, 0.013759, -3.126442)",LeftFalse_RightFalse,False,"(-7.088192462921143, -0.014433711767196655, -1.9064908027648926)","(359.60296630859375, 88.91580963134766, 0.008200853131711483)",-0.187978,-0.141542,"(-0.000001, 0.000000, 0.000000)",LeftTrue_RightFalse
14.074646,0.021164,"(-1.1548986434936523, 1.2410335540771484, 7.456875801086426)","(359.0897521972656, 181.21775817871094, 358.9205017089844)","(-1.1098418235778809, 1.2153981924057007, 7.602375030517578)","(359.66168212890625, 180.76124572753906, 359.9738464355469)","(-1.494378685951233, -0.018200194463133812, 7.598811626434326)","(359.6607971191406, 177.7951202392578, 359.99139404296875)",0.711995,-0.022156,"(0.155034, 0.013880, -3.184648)",LeftFalse_RightFalse,False,"(-7.088192939758301, -0.014433711767196655, -1.9064909219741821)","(359.60296630859375, 88.91580963134766, 0.008200813084840775)",-0.187978,-0.141796,"(-0.000001, 0.000000, 0.000000)",LeftTrue_RightFalse
14.11676,0.021098,"(-1.147730827331543, 1.2416785955429077, 7.321436882019043)","(359.1280212402344, 181.07720947265625, 358.9397277832031)","(-1.1032663583755493, 1.2159671783447266, 7.467538356781006)","(359.6340026855469, 180.69570922851562, 359.97607421875)","(-1.487854242324829, -0.017611708492040634, 7.462939739227295)","(359.63323974609375, 177.72958374023438, -0.004940548446029425)",0.715502,-0.016083,"(0.155224, 0.013982, -3.243144)",LeftFalse_RightFalse,False,"(-7.088192462921143, -0.014433711767196655, -1.9064909219741821)","(359.60296630859375, 88.91580963134766, 0.008200746029615402)",-0.187978,-0.14204,"(-0.000001, 0.000000, 0.000000)",LeftTrue_RightFalse
14.176453,0.020476,"(-1.137677788734436, 1.242591381072998, 7.125192165374756)","(359.16827392578125, 180.93472290039062, 358.9484558105469)","(-1.0939692258834839, 1.2167733907699585, 7.271785259246826)","(359.5947570800781, 180.62498474121094, 359.97998046875)","(-1.4786443710327148, -0.016772862523794174, 7.265868186950684)","(359.5942687988281, 177.65884399414062, 0.0009849750204011798)",0.719554,-0.007721,"(0.154154, 0.014067, -3.331298)",LeftFalse_RightFalse,False,"(-7.088192462921143, -0.014433711767196655, -1.9064909219741821)","(359.60296630859375, 88.91580963134766, 0.008200665935873985)",-0.187978,-0.142385,"(-0.000001, 0.000000, 0.000000)",LeftTrue_RightFalse
14.218628,0.020699,"(-1.1308459043502808, 1.2432390451431274, 6.983428001403809)","(359.28448486328125, 180.826171875, 358.94903564453125)","(-1.0874552726745605, 1.217345952987671, 7.130215644836426)","(359.5669250488281, 180.5906982421875, 359.9828796386719)","(-1.4721955060958862, -0.01617567427456379, 7.123470306396484)","(359.5666198730469, 177.62454223632812, 0.005322796292603016)",0.722015,-0.002716,"(0.152836, 0.014159, -3.390205)",LeftFalse_RightFalse,False,"(-7.088192462921143, -0.014433711767196655, -1.9064909219741821)","(359.60296630859375, 88.91580963134766, 0.008200532756745815)",-0.187977,-0.14263,"(-0.000001, 0.000000, 0.000000)",LeftTrue_RightFalse
14.258972,0.020545,"(-1.1244934797286987, 1.2438631057739258, 6.845428943634033)","(359.4488220214844, 180.9129638671875, 358.9461669921875)","(-1.0812944173812866, 1.2178984880447388, 6.992328643798828)","(359.5401611328125, 180.56997680664062, 359.985595703125)","(-1.4660958051681519, -0.015599936246871948, 6.98486852645874)","(359.5400390625, 177.6038055419922, 0.009398207068443298)",0.724361,0.002045,"(0.151202, 0.014276, -3.449211)",LeftFalse_RightFalse,False,"(-7.088192462921143, -0.014433711767196655, -1.9064909219741821)","(359.60296630859375, 88.91580963134766, 0.00819999910891056)",-0.187978,-0.142863,"(-0.000001, 0.000000, 0.000000)",LeftTrue_RightFalse
14.300049,0.020543,"(-1.1185978651046753, 1.2445074319839478, 6.701991558074951)","(359.58203125, 181.02781677246094, 358.9384765625)","(-1.0751049518585205, 1.2184665203094482, 6.849343776702881)","(359.5127258300781, 180.5605926513672, 359.9881286621094)","(-1.4599659442901611, -0.015009157359600067, 6.841230869293213)","(359.51275634765625, 177.5944061279297, 0.013372420333325863)",0.726261,0.0065,"(0.148537, 0.014430, -3.537781)",LeftFalse_RightFalse,False,"(-7.088192462921143, -0.014433711767196655, -1.9064909219741821)","(359.60296630859375, 88.91580963134766, 0.00819986592978239)",-0.187977,-0.143101,"(-0.000001, 0.000000, 0.000000)",LeftTrue_RightFalse
14.340088,0.020322,"(-1.1132049560546875, 1.2447670698165894, 6.55936336517334)","(359.6617431640625, 181.24954223632812, 358.939453125)","(-1.0691379308700562, 1.2190299034118652, 6.707361221313477)","(359.48583984375, 180.5608367919922, 359.9898986816406)","(-1.4540421962738037, -0.014428350143134594, 6.698671817779541)","(359.48602294921875, 177.59463500976562, 0.01650851033627987)",0.72819,0.011383,"(0.146324, 0.012347, -3.596970)",LeftFalse_RightFalse,False,"(-7.088192462921143, -0.014433711767196655, -1.9064909219741821)","(359.60296630859375, 88.91580963134766, 0.008199318312108517)",-0.187978,-0.143333,"(-0.000001, 0.000000, 0.000000)",LeftTrue_RightFalse
14.397827,0.019816,"(-1.1055660247802734, 1.2451419830322266, 6.349845886230469)","(359.7540283203125, 181.57310485839844, 358.91070556640625)","(-1.0609631538391113, 1.2196555137634277, 6.498369216918945)","(359.4590759277344, 180.58029174804688, 359.98126220703125)","(-1.4456907510757446, -0.013854668475687504, 6.489231586456299)","(359.4588317871094, 177.61407470703125, 0.009283404797315598)",0.730921,0.019104,"(0.141239, 0.006147, -3.657269)",LeftFalse_RightFalse,False,"(-7.088192462921143, -0.014433711767196655, -1.9064909219741821)","(359.60296630859375, 88.91580963134766, 0.008199598640203476)",-0.187978,-0.143667,"(-0.000001, 0.000001, 0.000000)",LeftTrue_RightFalse
14.458313,0.020017,"(-1.0982633829116821, 1.2451225519180298, 6.1247334480285645)","(359.8056640625, 181.81234741210938, 358.8717346191406)","(-1.0526902675628662, 1.2197809219360352, 6.273508071899414)","(359.4496765136719, 180.63113403320312, 359.98455810546875)","(-1.4374984502792358, -0.013705103658139706, 6.264510631561279)","(359.4496154785156, 177.66490173339844, 0.013040906749665737)",0.732911,0.027527,"(0.132498, 0.000789, -3.748514)",LeftFalse_RightFalse,False,"(-7.088192462921143, -0.014433711767196655, -1.9064909219741821)","(359.60296630859375, 88.91580963134766, 0.008198958821594715)",-0.187977,-0.144017,"(-0.000001, 0.000000, 0.000000)",LeftTrue_RightFalse
14.505615,0.021328,"(-1.0926918983459473, 1.2449886798858643, 5.944612979888916)","(359.8283996582031, 181.94058227539062, 358.81646728515625)","(-1.0465962886810303, 1.2197149991989136, 6.093464374542236)","(359.44866943359375, 180.69320678710938, 359.9891052246094)","(-1.431512713432312, -0.013740219175815582, 6.084863185882568)","(359.4488220214844, 177.72698974609375, 0.017662780359387398)",0.733929,0.034302,"(0.122770, -0.001666, -3.839417)",LeftFalse_RightFalse,False,"(-7.088192939758301, -0.01443371269851923, -1.9064910411834717)","(359.60296630859375, 88.91580963134766, 0.008199745789170265)",-0.187978,-0.144291,"(-0.000001, 0.000000, 0.000000)",LeftTrue_RightFalse
14.566528,0.020846,"(-1.0858242511749268, 1.2449551820755005, 5.707354545593262)","(359.8476867675781, 182.00558471679688, 358.7391357421875)","(-1.039202094078064, 1.2197527885437012, 5.8562116622924805)","(359.46112060546875, 180.80174255371094, 0.004892225842922926)","(-1.4244699478149414, -0.013599138706922531, 5.848613739013672)","(359.46209716796875, 177.83554077148438, 0.032770056277513504)",0.735104,0.04364,"(0.109346, 0.007724, -3.927633)",LeftFalse_RightFalse,False,"(-7.088192462921143, -0.014433711767196655, -1.9064908027648926)","(359.60296630859375, 88.91580963134766, 0.00819934532046318)",-0.187978,-0.144643,"(-0.000001, 0.000000, 0.000000)",LeftTrue_RightFalse
14.60907,0.021036,"(-1.0815893411636353, 1.2452386617660522, 5.538173675537109)","(359.84356689453125, 181.99610900878906, 358.7149353027344)","(-1.0346193313598633, 1.2201086282730103, 5.686994552612305)","(359.48406982421875, 180.89952087402344, 0.014512097463011742)","(-1.420098900794983, -0.013183756731450558, 5.680552005767822)","(359.4855041503906, 177.93331909179688, 0.041189856827259064)",0.735705,0.051453,"(0.097677, 0.012127, -3.985964)",LeftFalse_RightFalse,False,"(-7.088192462921143, -0.014433711767196655, -1.9064909219741821)","(359.60296630859375, 88.91580963134766, 0.00819907896220684)",-0.187977,-0.14489,"(-0.000001, 0.000000, 0.000000)",LeftTrue_RightFalse
14.667664,0.020286,"(-1.0765573978424072, 1.245883822441101, 5.300386905670166)","(359.7998352050781, 181.91146850585938, 358.7340087890625)","(-1.0292943716049194, 1.220868468284607, 5.449117183685303)","(359.52593994140625, 181.06875610351562, 0.027746837586164474)","(-1.4150593280792236, -0.012343714013695717, 5.4447197914123535)","(359.52801513671875, 178.1025848388672, 0.052240803837776184)",0.736399,0.063293,"(0.075290, 0.016480, -4.073029)",LeftFalse_RightFalse,False,"(-7.088192939758301, -0.014433711767196655, -1.9064908027648926)","(359.60296630859375, 88.91580963134766, 0.008199572563171387)",-0.187978,-0.145228,"(-0.000001, 0.000001, 0.000000)",LeftTrue_RightFalse
14.708191,0.020267,"(-1.0735262632369995, 1.2464419603347778, 5.1328911781311035)","(359.73187255859375, 181.75091552734375, 358.79046630859375)","(-1.0264294147491455, 1.2215111255645752, 5.281538963317871)","(359.5586853027344, 181.21243286132812, 0.03744959831237793)","(-1.4123979806900024, -0.011642245575785637, 5.2788190841674805)","(359.56121826171875, 178.24627685546875, 0.06023505702614784)",0.736754,0.072327,"(0.057066, 0.018311, -4.130703)",LeftFalse_RightFalse,False,"(-7.088192939758301, -0.014433711767196655, -1.9064909219741821)","(359.60296630859375, 88.91580963134766, 0.00819934532046318)",-0.187977,-0.145463,"(-0.000001, 0.000000, 0.000000)",LeftTrue_RightFalse
14.767578,0.020102,"(-1.0702790021896362, 1.2473567724227905, 4.882984161376953)","(359.6375732421875, 181.4805145263672, 358.8812561035156)","(-1.0236998796463013, 1.2225521802902222, 5.031482219696045)","(359.6091613769531, 181.4676513671875, 0.05292801186442375)","(-1.4099819660186768, -0.010505929589271545, 5.031576633453369)","(359.6124267578125, 178.5015106201172, 0.07308127731084824)",0.737163,0.085999,"(0.024645, 0.020010, -4.216535)",LeftFalse_RightFalse,False,"(-7.088192462921143, -0.014433711767196655, -1.9064910411834717)","(359.60296630859375, 88.91580963134766, 0.008199438452720642)",-0.187978,-0.145808,"(-0.000001, 0.000000, 0.000000)",LeftTrue_RightFalse
14.809143,0.020392,"(-1.069187879562378, 1.2480396032333374, 4.704640865325928)","(359.5892639160156, 181.2954559326172, 358.9119873046875)","(-1.0230015516281128, 1.2233234643936157, 4.853011131286621)","(359.6451416015625, 181.68096923828125, 0.06467340886592865)","(-1.4095104932785034, -0.009661423042416573, 4.855325698852539)","(359.6489562988281, 178.71484375, 0.08294882625341415)",0.737373,0.094391,"(-0.000469, 0.020674, -4.273224)",LeftFalse_RightFalse,False,"(-7.088192462921143, -0.014433711767196655, -1.9064909219741821)","(359.60296630859375, 88.91580963134766, 0.008199172094464302)",-0.187977,-0.146048,"(-0.000001, 0.000000, 0.000000)",LeftTrue_RightFalse
14.867554,0.01992,"(-1.0699185132980347, 1.2490317821502686, 4.449887275695801)","(359.5616455078125, 181.19125366210938, 358.9622802734375)","(-1.0239473581314087, 1.224437952041626, 4.5980377197265625)","(359.6955871582031, 182.0296173095703, 0.08185529708862305)","(-1.4107661247253418, -0.008438331075012684, 4.6038031578063965)","(359.7002258300781, 179.0635223388672, 0.09749720990657806)",0.737615,0.103149,"(-0.041268, 0.021222, -4.357502)",LeftFalse_RightFalse,False,"(-7.088191986083984, -0.014433711767196655, -1.9064908027648926)","(359.60296630859375, 88.91580963134766, 0.008199172094464302)",-0.187978,-0.146386,"(-0.000001, 0.000000, 0.000000)",LeftTrue_RightFalse
14.928406,0.020149,"(-1.0734055042266846, 1.2500951290130615, 4.1786298751831055)","(359.52984619140625, 181.2036895751953, 359.0049133300781)","(-1.0274945497512817, 1.2256258726119995, 4.326903820037842)","(359.7475280761719, 182.44796752929688, 0.09920994192361832)","(-1.4145863056182861, -0.007139948196709156, 4.336626052856445)","(359.75299072265625, 179.4818572998047, 0.11214127391576767)",0.738182,0.108124,"(-0.083599, 0.021494, -4.441014)",LeftFalse_RightFalse,False,"(-7.088191986083984, -0.014433711767196655, -1.9064908027648926)","(359.60296630859375, 88.91580963134766, 0.008199172094464302)",-0.187978,-0.146738,"(-0.000001, 0.000000, 0.000000)",LeftTrue_RightFalse
14.969971,0.020349,"(-1.0776410102844238, 1.250836968421936, 3.990259885787964)","(359.5525207519531, 181.26327514648438, 359.029296875)","(-1.0314627885818481, 1.2264528274536133, 4.138574123382568)","(359.7826232910156, 182.759765625, 0.10986944288015366)","(-1.4186885356903076, -0.006244928576052189, 4.151168346405029)","(359.7886047363281, 179.7936553955078, 0.12097000330686569)",0.73894,0.108551,"(-0.111654, 0.021614, -4.496416)",LeftFalse_RightFalse,False,"(-7.088192462921143, -0.014433711767196655, -1.9064909219741821)","(359.60296630859375, 88.91580963134766, 0.008199172094464302)",-0.187978,-0.146979,"(-0.000001, 0.000000, 0.000000)",LeftTrue_RightFalse
15.030029,0.02023,"(-1.086361050605774, 1.2519339323043823, 3.713656425476074)","(359.5976257324219, 181.49864196777344, 359.0319519042969)","(-1.0393946170806885, 1.227673888206482, 3.86183500289917)","(359.83294677734375, 183.23585510253906, 0.12244932353496552)","(-1.4267114400863647, -0.004943563602864742, 3.8787431716918945)","(359.8395080566406, 180.26976013183594, 0.13092871010303497)",0.739816,0.107941,"(-0.152769, 0.021709, -4.579259)",LeftFalse_RightFalse,False,"(-7.088192462921143, -0.014433711767196655, -1.9064909219741821)","(359.60296630859375, 88.91580963134766, 0.008199172094464302)",-0.187978,-0.147327,"(-0.000001, 0.000000, 0.000000)",LeftTrue_RightFalse
15.089172,0.019979,"(-1.0977147817611694, 1.2527669668197632, 3.4364256858825684)","(359.6761474609375, 181.8451385498047, 358.9754333496094)","(-1.049691081047058, 1.2285983562469482, 3.584697723388672)","(359.87005615234375, 183.722412109375, 0.13100790977478027)","(-1.436982274055481, -0.003964190371334553, 3.6057028770446777)","(359.87701416015625, 180.75634765625, 0.137556254863739)",0.740455,0.106384,"(-0.193300, 0.009137, -4.663365)",LeftFalse_RightFalse,False,"(-7.088192462921143, -0.014433711767196655, -1.9064910411834717)","(359.60296630859375, 88.91580963134766, 0.008199198171496391)",-0.187978,-0.147669,"(-0.000001, 0.000000, 0.000000)",LeftTrue_RightFalse
15.147095,0.019624,"(-1.1113101243972778, 1.2530356645584106, 3.1607625484466553)","(359.7981262207031, 182.24252319335938, 358.94232177734375)","(-1.0621211528778076, 1.2288926839828491, 3.309002637863159)","(359.8815002441406, 184.20840454101562, 0.13685764372348785)","(-1.4493277072906494, -0.0036310148425400257, 3.3335466384887695)","(359.88873291015625, 181.24232482910156, 0.14280623197555542)",0.74092,0.103149,"(-0.234475, 0.002598, -4.747729)",LeftFalse_RightFalse,False,"(-7.088192939758301, -0.014433711767196655, -1.9064908027648926)","(359.60296630859375, 88.91580963134766, 0.008199545554816723)",-0.187978,-0.148003,"(-0.000001, 0.000000, 0.000000)",LeftTrue_RightFalse
15.207825,0.019949,"(-1.1279162168502808, 1.2530614137649536, 2.866880416870117)","(359.91241455078125, 182.60006713867188, 358.9653015136719)","(-1.077671766281128, 1.2289173603057861, 3.014899492263794)","(359.8819274902344, 184.71983337402344, 0.14107635617256165)","(-1.464733362197876, -0.0035778405144810677, 3.0429158210754395)","(359.889404296875, 181.75375366210938, 0.14699628949165344)",0.740127,0.097229,"(-0.274922, -0.000762, -4.831577)",LeftFalse_RightFalse,False,"(-7.088192462921143, -0.014433711767196655, -1.9064908027648926)","(359.60296630859375, 88.91580963134766, 0.008199438452720642)",-0.187977,-0.148355,"(-0.000001, 0.000000, 0.000000)",LeftTrue_RightFalse
15.248718,0.020109,"(-1.14036226272583, 1.2530056238174438, 2.666038990020752)","(359.97113037109375, 182.8206329345703, 358.96832275390625)","(-1.0895618200302124, 1.2288532257080078, 2.8138606548309326)","(359.87890625, 185.06015014648438, 0.14252525568008423)","(-1.4764870405197144, -0.0036318921484053135, 2.8441128730773926)","(359.88641357421875, 182.0940704345703, 0.14860105514526367)",0.739031,0.092255,"(-0.300662, -0.001889, -4.887106)",LeftFalse_RightFalse,False,"(-7.088192462921143, -0.014433711767196655, -1.9064910411834717)","(359.60296630859375, 88.91580963134766, 0.008199452422559261)",-0.187977,-0.148593,"(-0.000001, 0.000000, 0.000000)",LeftTrue_RightFalse
15.305359,0.019457,"(-1.159494161605835, 1.2528927326202393, 2.3846042156219482)","(0.039007995277643204, 183.0930633544922, 358.9203796386719)","(-1.1077722311019897, 1.2287250757217407, 2.5320990085601807)","(359.8728942871094, 185.51779174804688, 0.1424119472503662)","(-1.4944534301757812, -0.0037604745011776686, 2.565312147140503)","(359.88043212890625, 182.5517120361328, 0.14879803359508514)",0.736316,0.083496,"(-0.337006, -0.002575, -4.969739)",LeftFalse_RightFalse,False,"(-7.088192462921143, -0.014433711767196655, -1.9064908027648926)","(359.60296630859375, 88.91580963134766, 0.008199572563171387)",-0.187978,-0.14892,"(-0.000001, 0.000000, 0.000000)",LeftTrue_RightFalse
15.361816,0.019109,"(-1.180416464805603, 1.252817988395691, 2.0992932319641113)","(0.08001159876585007, 183.340576171875, 358.861328125)","(-1.1278618574142456, 1.2286345958709717, 2.2468252182006836)","(359.8664855957031, 185.95138549804688, 0.14004167914390564)","(-1.5142443180084229, -0.0038663747254759073, 2.2828209400177)","(359.8739013671875, 182.9853057861328, 0.14676348865032196)",0.733278,0.073029,"(-0.371501, -0.001115, -5.051473)",LeftFalse_RightFalse,False,"(-7.088192462921143, -0.014433711767196655, -1.9064909219741821)","(359.60296630859375, 88.91580963134766, 0.008199305273592472)",-0.187977,-0.149247,"(-0.000001, 0.000000, 0.000000)",LeftTrue_RightFalse
15.404053,0.019796,"(-1.197119951248169, 1.2527945041656494, 1.8827273845672607)","(0.09642025083303452, 183.47482299804688, 358.8312683105469)","(-1.1440918445587158, 1.2286008596420288, 2.030667781829834)","(359.862060546875, 186.2541046142578, 0.13682232797145844)","(-1.5302202701568604, -0.003921777941286564, 2.0686025619506836)","(359.86932373046875, 183.28802490234375, 0.1437762975692749)",0.730515,0.063721,"(-0.391417, -0.001622, -5.105521)",LeftFalse_RightFalse,False,"(-7.088192939758301, -0.014433711767196655, -1.9064910411834717)","(359.60296630859375, 88.91580963134766, 0.00819934532046318)",-0.187977,-0.149491,"(-0.000001, 0.000000, 0.000000)",LeftTrue_RightFalse
15.463013,0.019768,"(-1.2219109535217285, 1.2527530193328857, 1.5771334171295166)","(0.12517589330673218, 183.6031494140625, 358.80523681640625)","(-1.1681305170059204, 1.228550672531128, 1.7252613306045532)","(359.85711669921875, 186.637451171875, 0.12900333106517792)","(-1.5538417100906372, -0.004024452995508909, 1.7656532526016235)","(359.8639831542969, 183.67135620117188, 0.13622432947158813)",0.726264,0.049255,"(-0.415304, -0.001833, -5.185887)",LeftFalse_RightFalse,False,"(-7.088191986083984, -0.014433711767196655, -1.9064908027648926)","(359.60296630859375, 88.91580963134766, 0.00819962564855814)",-0.187978,-0.149832,"(-0.000001, 0.000000, 0.000000)",LeftTrue_RightFalse
15.523315,0.019953,"(-1.2485318183898926, 1.2527281045913696, 1.2606136798858643)","(0.17682595551013947, 183.65213012695312, 358.80108642578125)","(-1.1940075159072876, 1.2285233736038208, 1.4087132215499878)","(359.8535461425781, 186.97186279296875, 0.1169770210981369)","(-1.5792288780212402, -0.004132811911404133, 1.4512476921081543)","(359.8597717285156, 184.0057830810547, 0.12439913302659988)",0.722774,0.033966,"(-0.432321, -0.001696, -5.265418)",LeftFalse_RightFalse,False,"(-7.088192939758301, -0.014433711767196655, -1.9064909219741821)","(359.60296630859375, 88.91580963134766, 0.00819934532046318)",-0.187977,-0.150181,"(-0.000001, 0.000000, 0.000000)",LeftTrue_RightFalse
15.58197,0.019811,"(-1.2747347354888916, 1.2527323961257935, 0.9481070041656494)","(0.22246839106082916, 183.53662109375, 358.7588806152344)","(-1.2200692892074585, 1.2285319566726685, 1.0961604118347168)","(359.8513488769531, 187.23342895507812, 0.10174763202667236)","(-1.6047734022140503, -0.0042270757257938385, 1.1403650045394897)","(359.8568115234375, 184.26734924316406, 0.10930310189723969)",0.719562,0.020325,"(-0.442718, -0.001433, -5.344126)",LeftFalse_RightFalse,False,"(-7.088192462921143, -0.014433682896196842, -1.9064909219741821)","(359.60296630859375, 88.91580963134766, 0.008199678733944893)",-0.18798,-0.150522,"(-0.000001, 0.000000, 0.000000)",LeftTrue_RightFalse
15.622314,0.019918,"(-1.2930965423583984, 1.2527519464492798, 0.7310497760772705)","(0.2283189594745636, 183.42953491210938, 358.7548828125)","(-1.2382758855819702, 1.228556752204895, 0.8790493011474609)","(359.8504638671875, 187.37388610839844, 0.08986622095108032)","(-1.622619390487671, -0.004282488487660885, 0.924144983291626)","(359.8553161621094, 184.4077911376953, 0.09748311340808868)",0.71753,0.012207,"(-0.447007, -0.001237, -5.396086)",LeftFalse_RightFalse,False,"(-7.088192462921143, -0.014433681964874268, -1.9064909219741821)","(359.60296630859375, 88.91580963134766, 0.008199292235076427)",-0.187978,-0.150755,"(-0.000001, 0.000000, 0.000000)",LeftTrue_RightFalse
15.680786,0.019676,"(-1.3193787336349487, 1.2527973651885986, 0.41308265924453735)","(0.24538618326187134, 183.24801635742188, 358.78485107421875)","(-1.2648851871490479, 1.2286126613616943, 0.5610787272453308)","(359.8498840332031, 187.5223388671875, 0.0716949999332428)","(-1.6487247943878174, -0.004349102266132832, 0.6071058511734009)","(359.8537902832031, 184.55624389648438, 0.07936718314886093)",0.713939,0.001648,"(-0.450284, -0.000965, -5.473176)",LeftFalse_RightFalse,False,"(-7.088192462921143, -0.014433681964874268, -1.9064909219741821)","(359.60296630859375, 88.91580963134766, 0.008199225179851055)",-0.187978,-0.151093,"(-0.000001, 0.000000, 0.000000)",LeftTrue_RightFalse
15.724731,0.020474,"(-1.3393259048461914, 1.2528420686721802, 0.17134617269039154)","(0.24789878726005554, 183.11233520507812, 358.83111572265625)","(-1.284952163696289, 1.228665828704834, 0.31933489441871643)","(359.8498229980469, 187.59249877929688, 0.057855330407619476)","(-1.6684398651123047, -0.004389235284179449, 0.36579155921936035)","(359.85302734375, 184.6263885498047, 0.06554806232452393)",0.711881,-0.006042,"(-0.450250, -0.000809, -5.523974)",LeftFalse_RightFalse,False,"(-7.088191986083984, -0.014433681964874268, -1.9064908027648926)","(359.60296630859375, 88.91580963134766, 0.008198758587241173)",-0.187977,-0.151347,"(-0.000001, 0.000000, 0.000000)",LeftTrue_RightFalse
15.768677,0.021031,"(-1.3589907884597778, 1.2528945207595825, -0.07251585274934769)","(0.25142768025398254, 182.9156951904297, 358.91015625)","(-1.3049358129501343, 1.2287276983261108, 0.07550555467605591)","(359.8500671386719, 187.62890625, 0.04380710795521736)","(-1.688093662261963, -0.0044222320429980755, 0.122170589864254)","(359.8525390625, 184.66281127929688, 0.05150649696588516)",0.707949,-0.014587,"(-0.447682, -0.000677, -5.574361)",LeftFalse_RightFalse,False,"(-7.088192939758301, -0.014433682896196842, -1.9064910411834717)","(359.60296630859375, 88.91580963134766, 0.008199145086109638)",-0.187978,-0.151602,"(-0.000001, 0.000000, 0.000000)",LeftTrue_RightFalse
15.811279,0.021086,"(-1.3777694702148438, 1.2529540061950684, -0.3113478124141693)","(0.2579268217086792, 182.70863342285156, 358.970947265625)","(-1.3241196870803833, 1.2287970781326294, -0.16326604783535004)","(359.8505554199219, 187.63079833984375, 0.029553866013884544)","(-1.7069706916809082, -0.004448720719665289, -0.11661911010742188)","(359.8522644042969, 184.6647186279297, 0.03724763169884682)",0.704061,-0.024536,"(-0.441255, -0.000564, -5.624188)",LeftFalse_RightFalse,False,"(-7.088191986083984, -0.014433681964874268, -1.9064909219741821)","(359.60296630859375, 88.91580963134766, 0.008198984898626804)",-0.187978,-0.151849,"(-0.000001, 0.000000, 0.000000)",LeftTrue_RightFalse
15.870483,0.020403,"(-1.402799367904663, 1.253057837486267, -0.6461334824562073)","(0.3908020257949829, 182.2707977294922, 358.9972229003906)","(-1.349996566772461, 1.228916883468628, -0.49789759516716003)","(359.8516540527344, 187.57078552246094, 0.007408726029098034)","(-1.732420563697815, -0.004478020593523979, -0.4516911506652832)","(359.85223388671875, 184.6046905517578, 0.015074372291564941)",0.697694,-0.043579,"(-0.422282, -0.000432, -5.697872)",LeftFalse_RightFalse,False,"(-7.088192462921143, -0.014433681964874268, -1.9064908027648926)","(359.60296630859375, 88.91580963134766, 0.008198931813240051)",-0.187977,-0.152191,"(-0.000001, 0.000000, 0.000000)",LeftTrue_RightFalse
15.911377,0.020377,"(-1.418811321258545, 1.2527790069580078, -0.8798967599868774)","(0.47873276472091675, 181.87269592285156, 359.0268249511719)","(-1.3670381307601929, 1.2290220260620117, -0.7314683794975281)","(359.852783203125, 187.4780731201172, 359.9893798828125)","(-1.7491481304168701, -0.004494215361773968, -0.6859073638916016)","(359.8524475097656, 184.51199340820312, -0.002999138319864869)",0.693137,-0.061066,"(-0.400651, -0.000367, -5.746146)",LeftFalse_RightFalse,False,"(-7.088192462921143, -0.014433681964874268, -1.9064909219741821)","(359.60296630859375, 88.91580963134766, 0.008199024945497513)",-0.187978,-0.152428,"(-0.000001, 0.000000, 0.000000)",LeftTrue_RightFalse
15.953186,0.020595,"(-1.4341871738433838, 1.252658724784851, -1.1203556060791016)","(0.5485851168632507, 181.43284606933594, 359.0445861816406)","(-1.3833072185516357, 1.2291566133499146, -0.9717246890068054)","(359.8543701171875, 187.32823181152344, 359.96722412109375)","(-1.7650580406188965, -0.0045082950964570045, -0.9271911382675171)","(359.85284423828125, 184.3621368408203, 359.9748229980469)",0.689094,-0.081177,"(-0.369678, -0.000314, -5.793519)",LeftFalse_RightFalse,False,"(-7.088192462921143, -0.014433681964874268, -1.9064909219741821)","(359.60296630859375, 88.91580963134766, 0.008198891766369343)",-0.187977,-0.15267,"(-0.000001, 0.000000, 0.000000)",LeftTrue_RightFalse
15.996887,0.021001,"(-1.448575496673584, 1.2526578903198242, -1.3733248710632324)","(0.6754765510559082, 180.78570556640625, 359.22711181640625)","(-1.3986127376556396, 1.2293319702148438, -1.2244495153427124)","(359.8564758300781, 187.09942626953125, 359.9392395019531)","(-1.7799344062805176, -0.004520748741924763, -1.1814703941345215)","(359.853515625, 184.13333129882812, 359.9467468261719)",0.684687,-0.100891,"(-0.328273, -0.000271, -5.839723)",LeftFalse_RightFalse,False,"(-7.088192462921143, -0.014433681964874268, -1.9064909219741821)","(359.60296630859375, 88.91580963134766, 0.008199119009077549)",-0.187977,-0.152923,"(-0.000001, 0.000000, 0.000000)",LeftTrue_RightFalse
16.039368,0.02106,"(-1.4598770141601562, 1.2525302171707153, -1.6213780641555786)","(0.78782719373703, 180.13162231445312, 359.4505310058594)","(-1.4114011526107788, 1.2295314073562622, -1.4719072580337524)","(359.8590087890625, 186.7972869873047, 359.90789794921875)","(-1.7922680377960205, -0.004531144164502621, -1.4309661388397217)","(359.85443115234375, 183.83119201660156, 359.9153137207031)",0.680375,-0.115509,"(-0.279819, -0.000238, -5.884497)",LeftFalse_RightFalse,False,"(-7.088192462921143, -0.014433681964874268, -1.9064909219741821)","(359.60296630859375, 88.91580963134766, 0.008199318312108517)",-0.187977,-0.153169,"(-0.000001, 0.000000, 0.000000)",LeftTrue_RightFalse
16.084167,0.021523,"(-1.4689269065856934, 1.2523369789123535, -1.8850747346878052)","(0.9586747884750366, 179.44515991210938, 359.72003173828125)","(-1.4223568439483643, 1.2297475337982178, -1.7343648672103882)","(359.86181640625, 186.39923095703125, 359.8742370605469)","(-1.8027713298797607, -0.004540225490927696, -1.696091651916504)","(359.8554992675781, 183.4331512451172, 359.8815612792969)",0.67614,-0.126465,"(-0.205612, -0.000200, -5.949670)",LeftFalse_RightFalse,False,"(-7.088192462921143, -0.014433681964874268, -1.9064910411834717)","(359.60296630859375, 88.91580963134766, 0.008199905976653099)",-0.187977,-0.153428,"(-0.000001, 0.000000, 0.000000)",LeftTrue_RightFalse
16.125183,0.021157,"(-1.4751718044281006, 1.2520792484283447, -2.1282455921173096)","(1.1563037633895874, 178.90118408203125, 359.8958435058594)","(-1.4301719665527344, 1.2299363613128662, -1.9764806032180786)","(359.8643493652344, 185.9781036376953, 359.84478759765625)","(-1.810220718383789, -0.0045478870160877705, -1.9410169124603271)","(359.85650634765625, 183.01202392578125, 359.8520202636719)",0.672358,-0.131867,"(-0.152829, -0.000186, -5.991741)",LeftFalse_RightFalse,False,"(-7.088192462921143, -0.014433681964874268, -1.9064908027648926)","(359.60296630859375, 88.91580963134766, 0.00819962564855814)",-0.187978,-0.153665,"(-0.000001, 0.000000, 0.000000)",LeftTrue_RightFalse
16.168335,0.02134,"(-1.479343056678772, 1.2517849206924438, -2.385287284851074)","(1.367850661277771, 178.34715270996094, 0.08283025771379471)","(-1.4359371662139893, 1.230122447013855, -2.232487201690674)","(359.86688232421875, 185.48561096191406, 359.81573486328125)","(-1.8156486749649048, -0.004555198363959789, -2.2002973556518555)","(359.8575439453125, 182.51954650878906, 359.8228759765625)",0.669294,-0.132874,"(-0.099943, -0.000173, -6.032850)",LeftFalse_RightFalse,False,"(-7.088192462921143, -0.014433681964874268, -1.9064910411834717)","(359.60296630859375, 88.91580963134766, 0.008199718780815601)",-0.187977,-0.153916,"(-0.000001, 0.000000, 0.000000)",LeftTrue_RightFalse
16.211365,0.021353,"(-1.4810869693756104, 1.251648187637329, -2.6431844234466553)","(1.5371785163879395, 177.79563903808594, 0.2364661693572998)","(-1.4392282962799072, 1.2302851676940918, -2.489180564880371)","(359.869140625, 184.95938110351562, 359.7902526855469)","(-1.8186681270599365, -0.0045621078461408615, -2.4604787826538086)","(359.85845947265625, 181.99330139160156, 359.79730224609375)",0.666422,-0.130737,"(-0.048299, -0.000170, -6.073247)",LeftFalse_RightFalse,False,"(-7.088192462921143, -0.014433681964874268, -1.9064909219741821)","(359.60296630859375, 88.91580963134766, 0.00819934532046318)",-0.187978,-0.154164,"(-0.000001, 0.000000, 0.000000)",LeftTrue_RightFalse
16.251892,0.020943,"(-1.4805381298065186, 1.2515956163406372, -2.8876616954803467)","(1.6148618459701538, 177.26629638671875, 0.32623621821403503)","(-1.440150260925293, 1.2304115295410156, -2.732814073562622)","(359.8709411621094, 184.4446258544922, 359.7702941894531)","(-1.8194005489349365, -0.004568488337099552, -2.707517147064209)","(359.8592529296875, 181.4785614013672, 359.77728271484375)",0.662612,-0.12558,"(0.001173, -0.000166, -6.113037)",LeftFalse_RightFalse,False,"(-7.088191986083984, -0.014433681964874268, -1.9064908027648926)","(359.60296630859375, 88.91580963134766, 0.008199225179851055)",-0.187978,-0.154398,"(-0.000001, 0.000000, 0.000000)",LeftTrue_RightFalse
16.310913,0.020313,"(-1.4758646488189697, 1.2515736818313599, -3.2465944290161133)","(1.6599339246749878, 176.4956512451172, 0.38179051876068115)","(-1.43793523311615, 1.2305406332015991, -3.090440034866333)","(359.8729248046875, 183.6905517578125, 359.74945068359375)","(-1.8170344829559326, -0.004577683284878731, -3.0701231956481934)","(359.8601379394531, 180.7244873046875, 359.75634765625)",0.653325,-0.113251,"(0.069503, -0.000165, -6.171403)",LeftFalse_RightFalse,False,"(-7.088192462921143, -0.01443369872868061, -1.9064910411834717)","(359.60296630859375, 88.91580963134766, 0.008199092000722885)",-0.187978,-0.15474,"(-0.000001, -0.000001, 0.000000)",LeftTrue_RightFalse
16.371033,0.020289,"(-1.4669028520584106, 1.2515590190887451, -3.615976095199585)","(1.7430731058120728, 175.7818145751953, 0.29647666215896606)","(-1.4317588806152344, 1.2306021451950073, -3.4583733081817627)","(359.874267578125, 182.95054626464844, 359.73870849609375)","(-1.8108566999435425, -0.004587164148688316, -3.4429373741149902)","(359.8609313964844, 179.9844970703125, 359.7455749511719)",0.643137,-0.097107,"(0.130096, -0.000161, -6.227512)",LeftFalse_RightFalse,False,"(-7.088192462921143, -0.014433711767196655, -1.9064909219741821)","(359.60296630859375, 88.91580963134766, 0.008200719021260738)",-0.187977,-0.155089,"(-0.000001, 0.000000, 0.000000)",LeftTrue_RightFalse
16.414429,0.020705,"(-1.4582760334014893, 1.2515326738357544, -3.8846566677093506)","(1.8432796001434326, 175.32582092285156, 0.19887606799602509)","(-1.4251395463943481, 1.2306039333343506, -3.726245641708374)","(359.8749084472656, 182.4514617919922, 359.7373962402344)","(-1.8043285608291626, -0.004594157449901104, -3.7141001224517822)","(359.8614807128906, 179.48541259765625, 359.7442321777344)",0.637071,-0.086426,"(0.164874, -0.000159, -6.263712)",LeftFalse_RightFalse,False,"(-7.088192462921143, -0.014433711767196655, -1.9064909219741821)","(359.60296630859375, 88.91580963134766, 0.00820106640458107)",-0.187977,-0.15534,"(-0.000001, 0.000000, 0.000000)",LeftTrue_RightFalse
16.475952,0.020729,"(-1.4436042308807373, 1.2514681816101074, -4.268611431121826)","(1.8585233688354492, 174.7067413330078, 0.17367468774318695)","(-1.4130185842514038, 1.2305574417114258, -4.109436511993408)","(359.8755187988281, 181.80992126464844, 359.74298095703125)","(-1.7924394607543945, -0.004603772424161434, -4.101520538330078)","(359.86236572265625, 178.84385681152344, 359.749755859375)",0.628112,-0.074554,"(0.213407, -0.000152, -6.315886)",LeftFalse_RightFalse,False,"(-7.088192462921143, -0.014433711767196655, -1.9064909219741821)","(359.60296630859375, 88.91580963134766, 0.00820041261613369)",-0.187977,-0.155696,"(-0.000001, 0.000000, 0.000000)",LeftTrue_RightFalse
16.534424,0.020083,"(-1.4273992776870728, 1.2482064962387085, -4.637790679931641)","(1.808822751045227, 174.16941833496094, 0.105272077023983)","(-1.3987023830413818, 1.2276442050933838, -4.478583335876465)","(-0.0012510173255577683, 181.2703094482422, 359.755615234375)","(-1.7783946990966797, -0.007439147215336561, -4.471579074859619)","(359.9861145019531, 178.30426025390625, 359.7560119628906)",0.61653,-0.067322,"(0.260844, -0.194476, -6.369640)",LeftFalse_RightFalse,False,"(-7.088192939758301, -0.014433711767196655, -1.9064909219741821)","(359.60296630859375, 88.91580963134766, 0.008200372569262981)",-0.187978,-0.156033,"(-0.000001, 0.000000, 0.000000)",LeftTrue_RightFalse
16.576477,0.020458,"(-1.4146792888641357, 1.2405860424041748, -4.908863544464111)","(1.9449176788330078, 173.84828186035156, 0.005887879990041256)","(-1.3866820335388184, 1.2208330631256104, -4.749507904052734)","(0.2892604470252991, 180.9147491455078, 359.7700500488281)","(-1.7666215896606445, -0.014145830646157265, -4.738594055175781)","(0.2769748270511627, 177.9486541748047, 359.7554016113281)",0.605832,-0.063354,"(0.293084, -0.140963, -6.401598)",LeftFalse_RightFalse,False,"(-7.088192462921143, -0.014433711767196655, -1.9064909219741821)","(359.60296630859375, 88.91580963134766, 0.008201053366065025)",-0.187978,-0.156278,"(-0.000001, 0.000001, 0.000000)",LeftTrue_RightFalse
16.61676,0.0203,"(-1.4011330604553223, 1.2353036403656006, -5.168570041656494)","(2.030329942703247, 173.6071014404297, 359.88623046875)","(-1.37384831905365, 1.2161030769348145, -5.00907039642334)","(0.48825350403785706, 180.5968017578125, 359.7822265625)","(-1.7540602684020996, -0.018770797178149223, -4.995974063873291)","(0.47633105516433716, 177.63064575195312, 359.75726318359375)",0.593846,-0.057312,"(0.323681, -0.103394, -6.431791)",LeftFalse_RightFalse,False,"(-7.088192462921143, -0.014433711767196655, -1.9064909219741821)","(359.60296630859375, 88.91580963134766, 0.008200719021260738)",-0.187976,-0.156511,"(-0.000001, 0.000001, 0.000000)",LeftTrue_RightFalse
16.674683,0.019822,"(-1.3806040287017822, 1.2299528121948242, -5.542888164520264)","(2.15343976020813, 173.53038024902344, 359.6472473144531)","(-1.3533858060836792, 1.2112972736358643, -5.3835577964782715)","(0.6861444711685181, 180.18252563476562, 359.8004150390625)","(-1.7340607643127441, -0.023417048156261444, -5.368946075439453)","(0.6748977303504944, 177.2162628173828, 359.7651672363281)",0.572812,-0.041962,"(0.361359, -0.067708, -6.474113)",LeftFalse_RightFalse,False,"(-7.088192462921143, -0.014433689415454865, -1.9064909219741821)","(359.60296630859375, 88.91580963134766, 0.008201026357710361)",-0.187978,-0.156846,"(-0.000001, 0.000001, 0.000000)",LeftTrue_RightFalse
16.734375,0.019917,"(-1.357689619064331, 1.2260801792144775, -5.930197238922119)","(2.3181231021881104, 173.6538543701172, 359.3851623535156)","(-1.3305208683013916, 1.2077983617782593, -5.7710185050964355)","(0.8249538540840149, 179.82803344726562, 359.82470703125)","(-1.7118116617202759, -0.026718154549598694, -5.755774974822998)","(0.8147789239883423, 176.86167907714844, 359.7822570800781)",0.552677,-0.019867,"(0.384268, -0.048320, -6.512816)",LeftFalse_RightFalse,False,"(-7.088192462921143, -0.014433681964874268, -1.9064909219741821)","(359.60296630859375, 88.91580963134766, 0.008200532756745815)",-0.187978,-0.157192,"(-0.000001, 0.000000, 0.000000)",LeftTrue_RightFalse
16.776855,0.020441,"(-1.341138243675232, 1.2238534688949585, -6.2072858810424805)","(2.4552412033081055, 173.77552795410156, 359.23876953125)","(-1.3136322498321533, 1.2057738304138184, -6.04813289642334)","(0.9017243385314941, 179.63539123535156, 359.8486022949219)","(-1.6954970359802246, -0.028560683131217957, -6.032523155212402)","(0.8926820158958435, 176.6689453125, 359.8021240234375)",0.537267,-0.004883,"(0.389634, -0.041110, -6.536820)",LeftFalse_RightFalse,False,"(-7.088191986083984, -0.014433681964874268, -1.9064909219741821)","(359.60296630859375, 88.91580963134766, 0.008200399577617645)",-0.187978,-0.157437,"(-0.000001, 0.000000, 0.000000)",LeftTrue_RightFalse
16.820129,0.020831,"(-1.324342966079712, 1.2218252420425415, -6.490949630737305)","(2.596132516860962, 173.93907165527344, 359.05938720703125)","(-1.2963178157806396, 1.2039211988449097, -6.3317952156066895)","(0.9699242115020752, 179.4997100830078, 359.877197265625)","(-1.6788477897644043, -0.030200159177184105, -6.315629005432129)","(0.962270975112915, 176.53321838378906, 359.8271789550781)",0.516491,0.007446,"(0.389005, -0.035716, -6.569043)",LeftFalse_RightFalse,False,"(-7.088192462921143, -0.014433681964874268, -1.9064909219741821)","(359.60296630859375, 88.91580963134766, 0.00819986592978239)",-0.187978,-0.157688,"(-0.000001, 0.000000, 0.000000)",LeftTrue_RightFalse
16.882263,0.020867,"(-1.2998270988464355, 1.2198930978775024, -6.899366855621338)","(2.669854164123535, 174.15171813964844, 358.85595703125)","(-1.271355152130127, 1.2018969058990479, -6.741026401519775)","(1.036453366279602, 179.4042510986328, 359.9336242675781)","(-1.6551417112350464, -0.03182389959692955, -6.724084377288818)","(1.0316306352615356, 176.43768310546875, 359.8800964355469)",0.476432,0.020142,"(0.382482, -0.012370, -6.593245)",LeftFalse_RightFalse,False,"(-7.088192462921143, -0.014433681964874268, -1.9064909219741821)","(359.60296630859375, 88.91580963134766, 0.008199198171496391)",-0.187978,-0.158048,"(-0.000001, 0.000000, 0.000000)",LeftTrue_RightFalse
16.923523,0.020745,"(-1.2839349508285522, 1.2195603847503662, -7.171376705169678)","(2.6321945190429688, 174.27896118164062, 358.74609375)","(-1.2552170753479004, 1.2012888193130493, -7.013547897338867)","(1.0533719062805176, 179.39881896972656, 359.962158203125)","(-1.6396232843399048, -0.03223469480872154, -6.996287822723389)","(1.0500030517578125, 176.43223571777344, 359.90771484375)",0.447295,0.027374,"(0.374964, -0.005833, -6.604434)",LeftFalse_RightFalse,False,"(-7.088192462921143, -0.014433682896196842, -1.9064910411834717)","(359.60296630859375, 88.91580963134766, 0.008198678493499756)",-0.187977,-0.158287,"(-0.000001, 0.000000, 0.000000)",LeftTrue_RightFalse
16.963806,0.020545,"(-1.2698395252227783, 1.219247579574585, -7.437412738800049)","(2.6075501441955566, 174.36972045898438, 358.6121826171875)","(-1.2404588460922241, 1.200776219367981, -7.279919147491455)","(1.0473980903625488, 179.4318389892578, 359.9515075683594)","(-1.624624490737915, -0.032820817083120346, -7.262562274932861)","(1.04348623752594, 176.46527099609375, 359.8973693847656)",0.422227,0.032776,"(0.354582, -0.105241, -6.610395)",LeftFalse_RightFalse,False,"(-7.088192462921143, -0.014433681964874268, -1.9064909219741821)","(359.60296630859375, 88.91580963134766, 0.008198665454983711)",-0.187978,-0.15852,"(-0.000001, 0.000000, 0.000000)",LeftTrue_RightFalse
17.007385,0.020971,"(-1.2563825845718384, 1.2137842178344727, -7.721329689025879)","(2.315762758255005, 174.45057678222656, 358.48480224609375)","(-1.2263764142990112, 1.1945234537124634, -7.564567565917969)","(0.7928009033203125, 179.50624084472656, 359.87353515625)","(-1.608792781829834, -0.03967669606208801, -7.55217170715332)","(0.7851954698562622, 176.53988647460938, 359.83270263671875)",0.397318,0.03656,"(0.348360, -0.168141, -6.615175)",LeftFalse_RightFalse,False,"(-7.088192939758301, -0.014433681964874268, -1.9064909219741821)","(359.60296630859375, 88.91580963134766, 0.008198878727853298)",-0.187978,-0.158772,"(-0.000001, 0.000000, 0.000000)",LeftTrue_RightFalse
17.065186,0.020112,"(-1.2362202405929565, 1.2061809301376343, -8.099246978759766)","(1.9100152254104614, 174.57232666015625, 358.5061950683594)","(-1.2055385112762451, 1.1859222650527954, -7.9431281089782715)","(0.47776442766189575, 179.65682983398438, 359.9476318359375)","(-1.5894759893417358, -0.04785008728504181, -7.936527252197266)","(0.4744147062301636, 176.69064331054688, 359.9229736328125)",0.352803,0.039429,"(0.331547, -0.111039, -6.618278)",LeftFalse_RightFalse,False,"(-7.088191986083984, -0.014433681964874268, -1.9064909219741821)","(359.60296630859375, 88.91580963134766, 0.008199011906981468)",-0.187978,-0.159106,"(-0.000001, 0.000000, 0.000000)",LeftTrue_RightFalse
17.105469,0.020061,"(-1.223294973373413, 1.2028464078903198, -8.363781929016113)","(1.6186411380767822, 174.68568420410156, 358.4869384765625)","(-1.1919671297073364, 1.1816742420196533, -8.208166122436523)","(0.32382750511169434, 179.78643798828125, 359.9775390625)","(-1.5765202045440674, -0.05191703140735626, -8.204014778137207)","(0.3222314119338989, 176.8203125, 359.9608154296875)",0.303429,0.040894,"(0.316674, -0.085965, -6.614573)",LeftFalse_RightFalse,False,"(-7.088192462921143, -0.014433681964874268, -1.9064910411834717)","(359.60296630859375, 88.91580963134766, 0.008199532516300678)",-0.187977,-0.15934,"(-0.000001, 0.000000, 0.000000)",LeftTrue_RightFalse
17.161499,0.019287,"(-1.206677794456482, 1.1992533206939697, -8.732434272766113)","(1.233391284942627, 174.9736785888672, 358.4112243652344)","(-1.174335241317749, 1.177258849143982, -8.577534675598145)","(0.16982191801071167, 179.9905242919922, 0.0057991016656160355)","(-1.559478998184204, -0.05615328997373581, -8.57533073425293)","(0.1698944866657257, 177.02442932128906, -0.0029960949905216694)",0.2212,0.043365,"(0.290881, -0.061722, -6.594964)",LeftFalse_RightFalse,False,"(-7.088192462921143, -0.014433681964874268, -1.9064908027648926)","(359.60296630859375, 88.91580963134766, 0.008200172334909439)",-0.187978,-0.159663,"(-0.000001, 0.000000, 0.000000)",LeftTrue_RightFalse
17.222778,0.019987,"(-1.1900506019592285, 1.1965147256851196, -9.135047912597656)","(0.9482232332229614, 175.31202697753906, 358.4068908691406)","(-1.1567790508270264, 1.1736705303192139, -8.980897903442383)","(0.051790568977594376, 180.23837280273438, 0.03122413344681263)","(-1.542467474937439, -0.059572529047727585, -8.97956657409668)","(0.05333687365055084, 177.2722930908203, 0.028502415865659714)",0.161255,0.046143,"(0.261160, -0.047871, -6.558951)",LeftFalse_RightFalse,False,"(-7.088192462921143, -0.014433681964874268, -1.9064909219741821)","(359.60296630859375, 88.91580963134766, 0.008200372569262981)",-0.187978,-0.160019,"(-0.000001, 0.000000, 0.000000)",LeftTrue_RightFalse
17.264221,0.020284,"(-1.1798845529556274, 1.1951494216918945, -9.405830383300781)","(0.8341562747955322, 175.45521545410156, 358.51910400390625)","(-1.1460376977920532, 1.1716829538345337, -9.252235412597656)","(359.990478515625, 180.41781616210938, 0.04655927047133446)","(-1.5320597887039185, -0.061456020921468735, -9.25101375579834)","(359.9928894042969, 177.4517364501953, 0.04699025675654411)",0.130616,0.048004,"(0.239516, -0.037939, -6.527722)",LeftFalse_RightFalse,False,"(-7.088192462921143, -0.014433682896196842, -1.9064910411834717)","(359.60296630859375, 88.91580963134766, 0.008200305514037609)",-0.187977,-0.160258,"(-0.000001, 0.000000, 0.000000)",LeftTrue_RightFalse
17.321228,0.019609,"(-1.1669509410858154, 1.1942132711410522, -9.777350425720215)","(0.7387081384658813, 175.5952911376953, 358.6410217285156)","(-1.1327097415924072, 1.1699199676513672, -9.624263763427734)","(359.9480285644531, 180.6782684326172, 0.07370687276124954)","(-1.5193172693252563, -0.06303438544273376, -9.622193336486816)","(359.951904296875, 177.71218872070312, 0.07629776000976562)",0.095219,0.049957,"(0.204506, -0.015856, -6.471340)",LeftFalse_RightFalse,False,"(-7.088192462921143, -0.014433681964874268, -1.9064909219741821)","(359.60296630859375, 88.91580963134766, 0.00820013228803873)",-0.187978,-0.160589,"(-0.000001, 0.000000, 0.000000)",LeftTrue_RightFalse
17.381226,0.019942,"(-1.1556543111801147, 1.194450855255127, -10.165770530700684)","(0.6314684152603149, 175.6003875732422, 358.76544189453125)","(-1.1209636926651, 1.1690858602523804, -10.013042449951172)","(359.9432067871094, 180.96690368652344, 0.09115533530712128)","(-1.5079330205917358, -0.0637504979968071, -10.009121894836426)","(359.947998046875, 178.00082397460938, 0.09397194534540176)",0.069415,0.051575,"(0.168209, -0.006363, -6.407018)",LeftFalse_RightFalse,False,"(-7.088192462921143, -0.014433681964874268, -1.9064910411834717)","(359.60296630859375, 88.91580963134766, 0.008199919015169144)",-0.187978,-0.160936,"(-0.000001, 0.000000, 0.000000)",LeftTrue_RightFalse
17.421265,0.020021,"(-1.1490963697433472, 1.1949198246002197, -10.42326831817627)","(0.5225115418434143, 175.63467407226562, 358.8290710449219)","(-1.114375114440918, 1.1688071489334106, -10.270720481872559)","(359.950927734375, 181.16624450683594, 0.1005135178565979)","(-1.5015264749526978, -0.0639662817120552, -10.26528263092041)","(359.9562072753906, 178.20016479492188, 0.10291752219200134)",0.056226,0.052368,"(0.143987, -0.003372, -6.362349)",LeftFalse_RightFalse,False,"(-7.088192462921143, -0.014433681964874268, -1.9064909219741821)","(359.60296630859375, 88.91580963134766, 0.008199505507946014)",-0.187978,-0.161167,"(-0.000001, 0.000000, 0.000000)",LeftTrue_RightFalse
17.479126,0.019657,"(-1.1417118310928345, 1.1952931880950928, -10.79192066192627)","(0.39140915870666504, 175.8253631591797, 358.79150390625)","(-1.1066296100616455, 1.1685799360275269, -10.639593124389648)","(359.9684753417969, 181.46067810058594, 0.11170430481433868)","(-1.4939788579940796, -0.06411845982074738, -10.631782531738281)","(359.97430419921875, 178.49461364746094, 0.11318526417016983)",0.040989,0.053223,"(0.119599, -0.002015, -6.316109)",LeftFalse_RightFalse,False,"(-7.088192462921143, -0.014433681964874268, -1.9064909219741821)","(359.60296630859375, 88.91580963134766, 0.008198851719498634)",-0.187978,-0.161502,"(-0.000001, 0.000000, 0.000000)",LeftTrue_RightFalse
17.535095,0.019216,"(-1.1367696523666382, 1.1957951784133911, -11.145210266113281)","(0.2584017217159271, 176.08462524414062, 358.7946472167969)","(-1.1011338233947754, 1.168439507484436, -10.99307918548584)","(359.98638916015625, 181.7514190673828, 0.12077176570892334)","(-1.488621711730957, -0.06419828534126282, -10.982912063598633)","(359.9926452636719, 178.78533935546875, 0.12131492793560028)",0.029881,0.053253,"(0.083165, -0.001008, -6.243731)",LeftFalse_RightFalse,False,"(-7.088192462921143, -0.014433681964874268, -1.9064909219741821)","(359.60296630859375, 88.91580963134766, 0.008199305273592472)",-0.187978,-0.161826,"(-0.000001, 0.000000, 0.000000)",LeftTrue_RightFalse
17.595398,0.019631,"(-1.1334545612335205, 1.196165680885315, -11.52050495147705)","(0.05750076100230217, 176.38694763183594, 358.8453674316406)","(-1.0973505973815918, 1.1683249473571777, -11.36910629272461)","(0.0016539107309654355, 182.06626892089844, 0.1275586634874344)","(-1.4849108457565308, -0.06426730006933212, -11.356476783752441)","(0.008252187632024288, 179.10018920898438, 0.12730218470096588)",0.021783,0.052582,"(0.047718, -0.001370, -6.169707)",LeftFalse_RightFalse,False,"(-7.088192462921143, -0.014433681964874268, -1.9064908027648926)","(359.60296630859375, 88.91580963134766, 0.00819962564855814)",-0.187978,-0.162175,"(-0.000001, 0.000000, 0.000000)",LeftTrue_RightFalse
17.635742,0.019825,"(-1.132291316986084, 1.1962637901306152, -11.769299507141113)","(359.92779541015625, 176.59019470214844, 358.8807067871094)","(-1.0960054397583008, 1.168246865272522, -11.61822509765625)","(0.010090331546962261, 182.27578735351562, 0.1312156468629837)","(-1.4835882186889648, -0.06432079523801804, -11.603994369506836)","(0.016866536810994148, 179.30970764160156, 0.13051773607730865)",0.017644,0.050964,"(0.025314, -0.001207, -6.119825)",LeftFalse_RightFalse,False,"(-7.088192462921143, -0.014433681964874268, -1.9064909219741821)","(359.60296630859375, 88.91580963134766, 0.008199385367333889)",-0.187978,-0.162408,"(-0.000001, 0.000000, 0.000000)",LeftTrue_RightFalse
17.678772,0.0205,"(-1.1321580410003662, 1.1966301202774048, -12.032601356506348)","(359.7923583984375, 176.81410217285156, 358.904052734375)","(-1.0955561399459839, 1.1681735515594482, -11.882046699523926)","(0.01814473234117031, 182.49546813964844, 0.1331387311220169)","(-1.483115315437317, -0.06438136845827103, -11.866154670715332)","(0.025009656324982643, 179.52940368652344, 0.1320214718580246)",0.014292,0.048462,"(0.004423, -0.001530, -6.069750)",LeftFalse_RightFalse,False,"(-7.088192462921143, -0.014433681964874268, -1.9064909219741821)","(359.60296630859375, 88.91580963134766, 0.008199438452720642)",-0.187978,-0.162658,"(-0.000001, 0.000000, 0.000000)",LeftTrue_RightFalse
17.723267,0.021118,"(-1.1331088542938232, 1.197493553161621, -12.301815032958984)","(359.6434020996094, 177.05612182617188, 358.95703125)","(-1.0961072444915771, 1.1680866479873657, -12.151814460754395)","(0.02485797367990017, 182.7148895263672, 0.1334553211927414)","(-1.48360276222229, -0.06446614861488342, -12.134293556213379)","(0.0317302830517292, 179.74880981445312, 0.1319902390241623)",0.011577,0.045136,"(-0.024449, -0.002273, -5.994720)",LeftFalse_RightFalse,False,"(-7.088192939758301, -0.014433682896196842, -1.9064910411834717)","(359.60296630859375, 88.91580963134766, 0.00819907896220684)",-0.187978,-0.162915,"(-0.000001, 0.000000, 0.000000)",LeftTrue_RightFalse
17.765198,0.021017,"(-1.1348997354507446, 1.1979402303695679, -12.553504943847656)","(359.49627685546875, 177.23565673828125, 358.94830322265625)","(-1.097480297088623, 1.1679906845092773, -12.40386962890625)","(0.029686713591217995, 182.9132843017578, 0.13227243721485138)","(-1.4848822355270386, -0.06457017362117767, -12.384904861450195)","(0.03649134933948517, 179.9472198486328, 0.13055910170078278)",0.009377,0.041351,"(-0.041235, -0.002836, -5.944867)",LeftFalse_RightFalse,False,"(-7.088192939758301, -0.014433681964874268, -1.9064909219741821)","(359.60296630859375, 88.91580963134766, 0.008199691772460938)",-0.187978,-0.163158,"(-0.000001, 0.000000, 0.000000)",LeftTrue_RightFalse
17.807739,0.021119,"(-1.137463092803955, 1.1981697082519531, -12.806496620178223)","(359.4118957519531, 177.37989807128906, 358.9292907714844)","(-1.0996127128601074, 1.167879581451416, -12.657135009765625)","(0.03323390707373619, 183.102783203125, 0.1294691413640976)","(-1.4868853092193604, -0.06470035016536713, -12.636816024780273)","(0.039888735860586166, 180.13670349121094, 0.1275760382413864)",0.007595,0.03772,"(-0.056008, -0.003347, -5.895162)",LeftFalse_RightFalse,False,"(-7.088192939758301, -0.014433681964874268, -1.9064910411834717)","(359.60296630859375, 88.91580963134766, 0.008199612610042095)",-0.187978,-0.163404,"(-0.000001, 0.000000, 0.000000)",LeftTrue_RightFalse
17.850891,0.02133,"(-1.1407151222229004, 1.198263168334961, -13.060869216918945)","(359.4089050292969, 177.49488830566406, 358.8843078613281)","(-1.1024389266967773, 1.1677600145339966, -12.91171932220459)","(0.035369355231523514, 183.28106689453125, 0.1252184361219406)","(-1.4895524978637695, -0.0648486390709877, -12.890154838562012)","(0.041801366955041885, 180.31500244140625, 0.12322048097848892)",0.006152,0.033813,"(-0.069025, -0.003304, -5.845603)",LeftFalse_RightFalse,False,"(-7.088192462921143, -0.014433681964874268, -1.9064909219741821)","(359.60296630859375, 88.91580963134766, 0.008199851959943771)",-0.187978,-0.163654,"(-0.000001, 0.000000, 0.000000)",LeftTrue_RightFalse
17.910278,0.020573,"(-1.1460121870040894, 1.1982905864715576, -13.406018257141113)","(359.41973876953125, 177.58351135253906, 358.8230895996094)","(-1.1072523593902588, 1.167619228363037, -13.258076667785645)","(0.03494850546121597, 183.50086975097656, 0.1172318309545517)","(-1.4941093921661377, -0.0650433897972107, -13.23504638671875)","(0.04096781834959984, 180.5347900390625, 0.11526638269424438)",0.004485,0.028503,"(-0.085225, -0.003294, -5.771687)",LeftFalse_RightFalse,False,"(-7.088192462921143, -0.014433681964874268, -1.9064909219741821)","(359.60296630859375, 88.91580963134766, 0.00819989200681448)",-0.187976,-0.163998,"(-0.000001, 0.000000, 0.000000)",LeftTrue_RightFalse
17.968384,0.019904,"(-1.1516109704971313, 1.1982479095458984, -13.739924430847168)","(359.3739013671875, 177.6012725830078, 358.8625183105469)","(-1.112804889678955, 1.1674878597259521, -13.592622756958008)","(0.03214152529835701, 183.6864013671875, 0.10792817175388336)","(-1.4993895292282104, -0.06523782014846802, -13.568413734436035)","(0.03768318518996239, 180.72032165527344, 0.10612040758132935)",0.00327,0.02356,"(-0.098127, -0.003413, -5.698431)",LeftFalse_RightFalse,False,"(-7.088191986083984, -0.014433681964874268, -1.9064909219741821)","(359.60296630859375, 88.91580963134766, 0.008199705742299557)",-0.187976,-0.164334,"(-0.000001, 0.000000, 0.000000)",LeftTrue_RightFalse
18.026306,0.019611,"(-1.1575875282287598, 1.198193073272705, -14.068694114685059)","(359.3860168457031, 177.5975341796875, 358.9182434082031)","(-1.1189886331558228, 1.1673861742019653, -13.92174243927002)","(0.029220063239336014, 183.84295654296875, 0.09790700674057007)","(-1.505294680595398, -0.06540711969137192, -13.896553993225098)","(0.03424710035324097, 180.8768768310547, 0.09626387804746628)",0.002384,0.018982,"(-0.108348, -0.002581, -5.625767)",LeftFalse_RightFalse,False,"(-7.088192462921143, -0.014433681964874268, -1.9064908027648926)","(359.60296630859375, 88.91580963134766, 0.008199878968298435)",-0.187978,-0.164669,"(-0.000001, 0.000000, 0.000000)",LeftTrue_RightFalse
18.084839,0.01956,"(-1.1638121604919434, 1.1979146003723145, -14.396838188171387)","(359.6330261230469, 177.50572204589844, 358.9932861328125)","(-1.1257398128509521, 1.167313814163208, -14.250065803527832)","(0.02680956944823265, 183.97434997558594, 0.08743344247341156)","(-1.511765956878662, -0.06555016338825226, -14.224059104919434)","(0.03129787743091583, 181.0082550048828, 0.08592904359102249)",0.001738,0.014008,"(-0.115450, -0.002290, -5.553918)",LeftFalse_RightFalse,False,"(-7.088192462921143, -0.014433681964874268, -1.9064909219741821)","(359.60296630859375, 88.91580963134766, 0.008199745789170265)",-0.187978,-0.165009,"(-0.000001, 0.000000, 0.000000)",LeftTrue_RightFalse
18.142944,0.019465,"(-1.1703399419784546, 1.1974093914031982, -14.718303680419922)","(359.9719543457031, 177.36073303222656, 359.0909729003906)","(-1.1327608823776245, 1.1672565937042236, -14.571626663208008)","(0.02451564185321331, 184.0784454345703, 0.07655831426382065)","(-1.5185091495513916, -0.06568088382482529, -14.544983863830566)","(0.02844429388642311, 181.11236572265625, 0.07518719881772995)",0.001267,0.008789,"(-0.119280, -0.002219, -5.482939)",LeftFalse_RightFalse,False,"(-7.088192462921143, -0.014433681964874268, -1.9064909219741821)","(359.60296630859375, 88.91580963134766, 0.008199731819331646)",-0.187978,-0.165345,"(-0.000001, 0.000000, 0.000000)",LeftTrue_RightFalse
18.199524,0.019194,"(-1.1765635013580322, 1.196933388710022, -15.027583122253418)","(0.19801169633865356, 177.2493438720703, 359.1456604003906)","(-1.1397426128387451, 1.1672049760818481, -14.88113784790039)","(0.022231493145227432, 184.1548309326172, 0.06574331969022751)","(-1.5252265930175781, -0.06580526381731033, -14.854046821594238)","(0.025603584945201874, 181.1887664794922, 0.06450488418340683)",0.000924,0.00415,"(-0.120157, -0.002174, -5.436103)",LeftFalse_RightFalse,False,"(-7.088192462921143, -0.014433681964874268, -1.9064909219741821)","(359.60296630859375, 88.91580963134766, 0.008199705742299557)",-0.187978,-0.165672,"(-0.000001, 0.000000, 0.000000)",LeftTrue_RightFalse
18.240845,0.01969,"(-1.1813256740570068, 1.1965160369873047, -15.250434875488281)","(0.29693692922592163, 177.19009399414062, 359.1748046875)","(-1.144824504852295, 1.1671887636184692, -15.104333877563477)","(0.019840631633996964, 184.1942596435547, 0.057292066514492035)","(-1.5301120281219482, -0.06587835401296616, -15.077042579650879)","(0.022778619080781937, 181.22816467285156, 0.05618865787982941)",0.000748,0.00058,"(-0.118940, -0.001391, -5.366471)",LeftFalse_RightFalse,False,"(-7.088192462921143, -0.014433681964874268, -1.9064910411834717)","(359.60296630859375, 88.91580963134766, 0.00819975882768631)",-0.187978,-0.165911,"(-0.000001, 0.000000, 0.000000)",LeftTrue_RightFalse
18.300049,0.019699,"(-1.1882416009902954, 1.196193814277649, -15.566649436950684)","(0.305730938911438, 177.11314392089844, 359.2364196777344)","(-1.1519938707351685, 1.1671905517578125, -15.420833587646484)","(0.014979513362050056, 184.22947692871094, 0.04591122269630432)","(-1.5370280742645264, -0.06595328450202942, -15.393427848815918)","(0.017335115000605583, 181.26339721679688, 0.04507460817694664)",0.000545,-0.003937,"(-0.115490, -0.001062, -5.297711)",LeftFalse_RightFalse,False,"(-7.088192462921143, -0.014433681964874268, -1.9064908027648926)","(359.60296630859375, 88.91580963134766, 0.008199198171496391)",-0.187978,-0.166254,"(-0.000001, -0.000001, 0.000000)",LeftTrue_RightFalse
18.340149,0.019799,"(-1.1928539276123047, 1.1960809230804443, -15.778742790222168)","(0.2915436029434204, 177.062255859375, 359.26617431640625)","(-1.156712532043457, 1.1671994924545288, -15.633035659790039)","(0.011258523911237717, 184.23928833007812, 0.03843791410326958)","(-1.541587471961975, -0.06599465012550354, -15.605655670166016)","(0.013232404366135597, 181.273193359375, 0.03780385106801987)",0.000442,-0.006714,"(-0.112074, -0.000958, -5.252358)",LeftFalse_RightFalse,False,"(-7.088192939758301, -0.014433682896196842, -1.9064909219741821)","(359.60296630859375, 88.91580963134766, 0.008198811672627926)",-0.187978,-0.166485,"(-0.000001, 0.000000, 0.000000)",LeftTrue_RightFalse
18.383789,0.020535,"(-1.1977062225341797, 1.1960253715515137, -16.0069522857666)","(0.27408498525619507, 177.00997924804688, 359.2840881347656)","(-1.1616578102111816, 1.1672260761260986, -15.861315727233887)","(0.007608348969370127, 184.23776245117188, 0.030588442459702492)","(-1.5463707447052002, -0.0660209059715271, -15.834036827087402)","(0.009180948138237, 181.2716827392578, 0.03015376813709736)",0.000358,-0.00946,"(-0.107830, -0.000127, -5.207301)",LeftFalse_RightFalse,False,"(-7.088192939758301, -0.014433681964874268, -1.9064909219741821)","(359.60296630859375, 88.91580963134766, 0.008199051953852177)",-0.187978,-0.166738,"(-0.000001, 0.000000, 0.000000)",LeftTrue_RightFalse
18.443787,0.020351,"(-1.2040234804153442, 1.1955065727233887, -16.317668914794922)","(0.30153027176856995, 176.8977508544922, 359.33624267578125)","(-1.1680943965911865, 1.167297601699829, -16.172073364257812)","(0.003911897540092468, 184.2167510986328, 0.020424319431185722)","(-1.5526050329208374, -0.06601759791374207, -16.145030975341797)","(0.004963509738445282, 181.25067138671875, 0.020194539800286293)",0.000261,-0.012939,"(-0.100209, 0.000293, -5.140431)",LeftFalse_RightFalse,False,"(-7.088192462921143, -0.014433681964874268, -1.9064909219741821)","(359.60296630859375, 88.91580963134766, 0.008199119009077549)",-0.187978,-0.167087,"(-0.000001, 0.000000, 0.000000)",LeftTrue_RightFalse
18.486267,0.020695,"(-1.208176851272583, 1.195332646369934, -16.534894943237305)","(0.3113292455673218, 176.80880737304688, 359.3846435546875)","(-1.1723415851593018, 1.1673575639724731, -16.389305114746094)","(0.0016683549620211124, 184.18975830078125, 0.013706786558032036)","(-1.556724190711975, -0.0660027489066124, -16.362503051757812)","(0.0023753750137984753, 181.22366333007812, 0.01360209472477436)",0.000211,-0.015228,"(-0.094374, 0.000427, -5.096323)",LeftFalse_RightFalse,False,"(-7.088192939758301, -0.014433711767196655, -1.9064908027648926)","(359.60296630859375, 88.91580963134766, 0.008199518546462059)",-0.187979,-0.167331,"(-0.000001, 0.000000, 0.000000)",LeftTrue_RightFalse
18.528809,0.020964,"(-1.2117899656295776, 1.1952500343322754, -16.750579833984375)","(0.307559072971344, 176.70167541503906, 359.4232177734375)","(-1.176318645477295, 1.167419672012329, -16.605224609375)","(-0.00040999671909958124, 184.15342712402344, 0.007350428495556116)","(-1.5605850219726562, -0.06598323583602905, -16.578720092773438)","(-2.91009564534761e-05, 181.1873321533203, 0.007361795753240585)",0.000171,-0.017426,"(-0.087983, 0.000483, -5.052590)",LeftFalse_RightFalse,False,"(-7.088192939758301, -0.014433711767196655, -1.9064910411834717)","(359.60296630859375, 88.91580963134766, 0.008200572803616524)",-0.187978,-0.167578,"(-0.000001, 0.000000, 0.000000)",LeftTrue_RightFalse
18.570618,0.020953,"(-1.2149392366409302, 1.1952227354049683, -16.960094451904297)","(0.25989535450935364, 176.59829711914062, 359.4808349609375)","(-1.1799163818359375, 1.1674797534942627, -16.815031051635742)","(-0.0023615893442183733, 184.10935974121094, 0.0014823778765276074)","(-1.564079999923706, -0.06596268713474274, -16.78887367248535)","(-0.002281719818711281, 181.1432647705078, 0.0016025921795517206)",0.000139,-0.02005,"(-0.080860, 0.000509, -5.009225)",LeftFalse_RightFalse,False,"(-7.088192462921143, -0.014433711767196655, -1.9064910411834717)","(359.60296630859375, 88.91580963134766, 0.008200559765100479)",-0.187978,-0.167821,"(-0.000001, 0.000000, 0.000000)",LeftTrue_RightFalse
18.611328,0.020723,"(-1.217794418334961, 1.1952089071273804, -17.16254425048828)","(0.17818063497543335, 176.5021209716797, 359.5309753417969)","(-1.1831055879592896, 1.1675182580947876, -17.01764488220215)","(-0.0042524258606135845, 184.05838012695312, -0.004120154771953821)","(-1.5671749114990234, -0.06596168875694275, -16.991878509521484)","(-0.004459925927221775, 181.09230041503906, -0.0038945940323174)",0.000112,-0.022705,"(-0.073292, -0.001246, -4.966189)",LeftFalse_RightFalse,False,"(-7.088192462921143, -0.014433711767196655, -1.9064909219741821)","(359.60296630859375, 88.91580963134766, 0.00820051971822977)",-0.187978,-0.168055,"(-0.000001, 0.000000, 0.000000)",LeftTrue_RightFalse
18.652893,0.020724,"(-1.220430850982666, 1.1954259872436523, -17.36766242980957)","(359.9867248535156, 176.39190673828125, 359.60247802734375)","(-1.1860249042510986, 1.1675364971160889, -17.222854614257812)","(359.9930725097656, 183.99859619140625, 359.9905700683594)","(-1.5700111389160156, -0.0659790188074112, -17.197553634643555)","(359.9925842285156, 181.03250122070312, 359.990966796875)",9.1e-05,-0.02478,"(-0.065330, 0.000121, -4.923446)",LeftFalse_RightFalse,False,"(-7.088192939758301, -0.014433711767196655, -1.9064909219741821)","(359.60296630859375, 88.91580963134766, 0.008200532756745815)",-0.187978,-0.168296,"(-0.000001, 0.000000, 0.000000)",LeftTrue_RightFalse
18.694885,0.020822,"(-1.222753882408142, 1.1958112716674805, -17.572534561157227)","(359.74603271484375, 176.27389526367188, 359.6812744140625)","(-1.188601016998291, 1.1675947904586792, -17.427766799926758)","(359.9896545410156, 183.9309844970703, 359.98565673828125)","(-1.5725159645080566, -0.06595385819673538, -17.402999877929688)","(359.98895263671875, 180.96490478515625, 359.9862060546875)",7.4e-05,-0.026093,"(-0.057077, 0.000894, -4.881064)",LeftFalse_RightFalse,False,"(-7.088192462921143, -0.014433711767196655, -1.9064909219741821)","(359.60296630859375, 88.91580963134766, 0.00820069294422865)",-0.187978,-0.16854,"(-0.000001, 0.000000, 0.000000)",LeftTrue_RightFalse
18.738464,0.021196,"(-1.2247980833053589, 1.1961109638214111, -17.7836856842041)","(359.382568359375, 176.09237670898438, 359.671630859375)","(-1.1908916234970093, 1.1676790714263916, -17.638927459716797)","(359.9857482910156, 183.8542022705078, 359.9810485839844)","(-1.5747462511062622, -0.06590022146701813, -17.614765167236328)","(359.98480224609375, 180.8881072998047, 359.9818115234375)",6e-05,-0.026611,"(-0.048946, 0.001394, -4.839037)",LeftFalse_RightFalse,False,"(-7.088192462921143, -0.014433711767196655, -1.9064909219741821)","(359.60296630859375, 88.91580963134766, 0.008200332522392273)",-0.187978,-0.168792,"(-0.000001, 0.000000, 0.000000)",LeftTrue_RightFalse
18.780212,0.021099,"(-1.2263845205307007, 1.1963396072387695, -17.983623504638672)","(359.1904296875, 175.9474334716797, 359.66119384765625)","(-1.1927201747894287, 1.1677782535552979, -17.839080810546875)","(359.9821472167969, 183.77639770507812, 359.9774169921875)","(-1.5765340328216553, -0.06582535803318024, -17.815523147583008)","(359.9809875488281, 180.81031799316406, 359.9783630371094)",4.8e-05,-0.026611,"(-0.037652, 0.002340, -4.776576)",LeftFalse_RightFalse,False,"(-7.088192462921143, -0.014433711767196655, -1.9064909219741821)","(359.60296630859375, 88.91580963134766, 0.00820065289735794)",-0.187978,-0.169034,"(-0.000001, 0.000000, 0.000000)",LeftTrue_RightFalse
18.822388,0.021141,"(-1.2276467084884644, 1.1965460777282715, -18.183626174926758)","(359.13262939453125, 175.8780059814453, 359.59173583984375)","(-1.1942261457443237, 1.1679015159606934, -18.039377212524414)","(359.9792175292969, 183.69549560546875, 359.97454833984375)","(-1.578015685081482, -0.06572118401527405, -18.016427993774414)","(359.9779357910156, 180.7294158935547, 359.97564697265625)",3.9e-05,-0.02594,"(-0.030579, 0.002724, -4.735354)",LeftFalse_RightFalse,False,"(-7.088192462921143, -0.014433711767196655, -1.9064908027648926)","(359.60296630859375, 88.91580963134766, 0.008200906217098236)",-0.187978,-0.169277,"(-0.000001, 0.000000, 0.000000)",LeftTrue_RightFalse
18.864868,0.021214,"(-1.2285842895507812, 1.1967326402664185, -18.383010864257812)","(359.1526184082031, 175.89263916015625, 359.49224853515625)","(-1.1954258680343628, 1.168034553527832, -18.239416122436523)","(359.9766845703125, 183.61326599121094, 359.9725036621094)","(-1.5792073011398315, -0.06560187041759491, -18.21707534790039)","(359.97528076171875, 180.64718627929688, 359.9737548828125)",3.2e-05,-0.02417,"(-0.024349, 0.002946, -4.694491)",LeftFalse_RightFalse,False,"(-7.088192939758301, -0.014433711767196655, -1.9064910411834717)","(359.60296630859375, 88.91580963134766, 0.008200319483876228)",-0.187979,-0.169523,"(-0.000001, 0.000000, 0.000000)",LeftTrue_RightFalse
18.909668,0.021671,"(-1.229288101196289, 1.196911096572876, -18.591001510620117)","(359.14111328125, 175.94375610351562, 359.41778564453125)","(-1.1963937282562256, 1.168176293373108, -18.448081970214844)","(359.9742736816406, 183.52859497070312, 359.9713134765625)","(-1.5801854133605957, -0.06546790897846222, -18.426361083984375)","(359.9728088378906, 180.5625, 359.9726867675781)",2.6e-05,-0.022369,"(-0.019153, 0.003042, -4.653983)",LeftFalse_RightFalse,False,"(-7.088192462921143, -0.014433711767196655, -1.9064909219741821)","(359.60296630859375, 88.91580963134766, 0.008200305514037609)",-0.187977,-0.169783,"(-0.000001, 0.000000, 0.000000)",LeftTrue_RightFalse
18.953369,0.021768,"(-1.230142593383789, 1.1970698833465576, -18.792530059814453)","(359.1026611328125, 176.01303100585938, 359.3387145996094)","(-1.1970959901809692, 1.168311595916748, -18.650197982788086)","(359.9720153808594, 183.44976806640625, 359.9710693359375)","(-1.5809144973754883, -0.06533437967300415, -18.62905502319336)","(359.9705505371094, 180.48367309570312, 359.9725341796875)",2.1e-05,-0.021027,"(-0.014596, 0.003054, -4.613829)",LeftFalse_RightFalse,False,"(-7.088191986083984, -0.014433711767196655, -1.9064909219741821)","(359.60296630859375, 88.91580963134766, 0.008200399577617645)",-0.187979,-0.170036,"(-0.000001, 0.000000, 0.000000)",LeftTrue_RightFalse
18.995789,0.021602,"(-1.2306216955184937, 1.1972121000289917, -18.985904693603516)","(359.0411071777344, 176.05978393554688, 359.2501525878906)","(-1.197570562362671, 1.1684379577636719, -18.844318389892578)","(359.9699401855469, 183.3778076171875, 359.97137451171875)","(-1.5814251899719238, -0.0652056559920311, -18.823701858520508)","(359.968505859375, 180.41172790527344, 359.9729919433594)",1.7e-05,-0.020172,"(-0.010331, 0.003013, -4.574018)",LeftFalse_RightFalse,False,"(-7.088192462921143, -0.014433711767196655, -1.9064909219741821)","(359.60296630859375, 88.91580963134766, 0.0082002654671669)",-0.187979,-0.170282,"(-0.000001, 0.000000, 0.000000)",LeftTrue_RightFalse
19.03717,0.021276,"(-1.231057047843933, 1.1973432302474976, -19.173053741455078)","(358.9945373535156, 176.09474182128906, 359.1678466796875)","(-1.197845697402954, 1.1685576438903809, -19.031919479370117)","(359.9678955078125, 183.31158447265625, 359.9720153808594)","(-1.5817400217056274, -0.06508168578147888, -19.011789321899414)","(359.96649169921875, 180.3455047607422, 359.9737243652344)",1.4e-05,-0.019989,"(-0.006037, 0.002994, -4.534541)",LeftFalse_RightFalse,False,"(-7.088192462921143, -0.014433711767196655, -1.9064909219741821)","(359.60296630859375, 88.91580963134766, 0.008200572803616524)",-0.187979,-0.170521,"(-0.000001, 0.000001, 0.000000)",LeftTrue_RightFalse
19.079224,0.021226,"(-1.2313618659973145, 1.1974831819534302, -19.361955642700195)","(358.9686279296875, 176.13247680664062, 359.0758056640625)","(-1.1979342699050903, 1.168687343597412, -19.221107482910156)","(359.9654846191406, 183.24716186523438, 359.97259521484375)","(-1.5818660259246826, -0.06494808197021484, -19.201459884643555)","(359.9641418457031, 180.2810821533203, 359.9743957519531)",1.1e-05,-0.019989,"(-0.001523, 0.003406, -4.495346)",LeftFalse_RightFalse,False,"(-7.088192462921143, -0.014433711767196655, -1.9064909219741821)","(359.60296630859375, 88.91580963134766, 0.008200585842132568)",-0.187977,-0.170764,"(-0.000001, 0.000001, 0.000000)",LeftTrue_RightFalse
19.122192,0.021365,"(-1.2313240766525269, 1.1976443529129028, -19.553064346313477)","(358.98858642578125, 176.18727111816406, 358.98492431640625)","(-1.197814702987671, 1.1688377857208252, -19.412384033203125)","(359.96221923828125, 183.1835479736328, 359.9729919433594)","(-1.5817807912826538, -0.06479494273662567, -19.393232345581055)","(359.96087646484375, 180.2174530029297, 359.9749755859375)",9e-06,-0.019989,"(0.005364, 0.003662, -4.437116)",LeftFalse_RightFalse,False,"(-7.088192462921143, -0.014433708973228931, -1.9064909219741821)","(359.60296630859375, 88.91580963134766, 0.008200625889003277)",-0.187977,-0.171013,"(-0.000001, 0.000001, 0.000000)",LeftTrue_RightFalse
19.165833,0.021488,"(-1.2311811447143555, 1.1976046562194824, -19.745243072509766)","(359.02447509765625, 176.22801208496094, 358.90960693359375)","(-1.197479486465454, 1.1689963340759277, -19.604881286621094)","(359.95855712890625, 183.1204376220703, 359.9732971191406)","(-1.5814775228500366, -0.06463393568992615, -19.586231231689453)","(359.95721435546875, 180.1543426513672, 359.9754943847656)",7e-06,-0.019684,"(0.009856, 0.003735, -4.398710)",LeftFalse_RightFalse,False,"(-7.088192462921143, -0.014433681964874268, -1.9064908027648926)","(359.60296630859375, 88.91580963134766, 0.008200572803616524)",-0.187976,-0.171265,"(-0.000001, 0.000001, 0.000000)",LeftTrue_RightFalse
19.208923,0.021489,"(-1.2308778762817383, 1.1974680423736572, -19.933250427246094)","(359.0790100097656, 176.27589416503906, 358.8553771972656)","(-1.1969456672668457, 1.1691548824310303, -19.79326057434082)","(359.9547424316406, 183.05946350097656, 359.9737243652344)","(-1.5809766054153442, -0.06447255611419678, -19.775100708007812)","(359.9534606933594, 180.09336853027344, 359.9761047363281)",6e-06,-0.018524,"(0.013949, 0.003749, -4.360631)",LeftFalse_RightFalse,False,"(-7.088192462921143, -0.014433681964874268, -1.9064909219741821)","(359.60296630859375, 88.91580963134766, 0.008200305514037609)",-0.187977,-0.171515,"(-0.000001, 0.000000, 0.000000)",LeftTrue_RightFalse
19.251526,0.021432,"(-1.2302680015563965, 1.1974596977233887, -20.117542266845703)","(359.1396179199219, 176.31781005859375, 358.8281555175781)","(-1.1962463855743408, 1.1693235635757446, -19.977767944335938)","(359.9515075683594, 183.00140380859375, 359.9744567871094)","(-1.5803147554397583, -0.06429871171712875, -19.960065841674805)","(359.95025634765625, 180.0353240966797, 359.97698974609375)",5e-06,-0.016388,"(0.017200, 0.004294, -4.322799)",LeftFalse_RightFalse,False,"(-7.088192939758301, -0.014433681964874268, -1.9064910411834717)","(359.60296630859375, 88.91580963134766, 0.008200813084840775)",-0.187978,-0.171761,"(-0.000001, 0.000000, 0.000000)",LeftTrue_RightFalse
19.295227,0.021639,"(-1.2294310331344604, 1.1975338459014893, -20.305063247680664)","(359.1189880371094, 176.31219482421875, 358.8531799316406)","(-1.1953983306884766, 1.1695080995559692, -20.16541290283203)","(359.9487609863281, 182.94589233398438, 359.97576904296875)","(-1.5795152187347412, -0.06410529464483261, -20.14813995361328)","(359.9476013183594, 179.9798126220703, 359.97845458984375)",4e-06,-0.013489,"(0.019300, 0.004508, -4.285308)",LeftFalse_RightFalse,False,"(-7.088192462921143, -0.014433681964874268, -1.9064909219741821)","(359.60296630859375, 88.91580963134766, 0.008200665935873985)",-0.187978,-0.172015,"(-0.000001, 0.000000, 0.000000)",LeftTrue_RightFalse
19.336975,0.021361,"(-1.2285223007202148, 1.197649598121643, -20.48242950439453)","(359.09283447265625, 176.27633666992188, 358.8801574707031)","(-1.194519281387329, 1.169686198234558, -20.342845916748047)","(359.9465026855469, 182.89874267578125, 359.9776916503906)","(-1.5786941051483154, -0.06391417980194092, -20.32593536376953)","(359.9454345703125, 179.9326629638672, 359.9804992675781)",3e-06,-0.011017,"(0.020282, 0.004612, -4.248152)",LeftFalse_RightFalse,False,"(-7.088191986083984, -0.014433681964874268, -1.9064909219741821)","(359.60296630859375, 88.91580963134766, 0.008200399577617645)",-0.187977,-0.172256,"(-0.000001, 0.000000, 0.000000)",LeftTrue_RightFalse
19.379578,0.021379,"(-1.2275488376617432, 1.1977949142456055, -20.661991119384766)","(359.1129455566406, 176.2079620361328, 358.9165344238281)","(-1.1935926675796509, 1.1698691844940186, -20.52243995666504)","(359.9443664550781, 182.85736083984375, 359.98004150390625)","(-1.5778321027755737, -0.06371551752090454, -20.50585174560547)","(359.9433898925781, 179.89126586914062, 359.9829406738281)",3e-06,-0.009033,"(0.020673, 0.004676, -4.211314)",LeftFalse_RightFalse,False,"(-7.088192462921143, -0.014433681964874268, -1.9064909219741821)","(359.60296630859375, 88.91580963134766, 0.008200385607779026)",-0.187977,-0.172503,"(-0.000001, 0.000000, 0.000000)",LeftTrue_RightFalse
19.423645,0.021657,"(-1.2265194654464722, 1.1979628801345825, -20.8461856842041)","(359.1508483886719, 176.15476989746094, 358.9237060546875)","(-1.1926169395446777, 1.1700587272644043, -20.706653594970703)","(359.9422607421875, 182.82139587402344, 359.98248291015625)","(-1.5769217014312744, -0.06350930780172348, -20.69034767150879)","(359.9414367675781, 179.85531616210938, 359.9855041503906)",2e-06,-0.007355,"(0.021361, 0.004656, -4.156644)",LeftFalse_RightFalse,False,"(-7.088191986083984, -0.014433681964874268, -1.9064909219741821)","(359.60296630859375, 88.91580963134766, 0.008199986070394516)",-0.187978,-0.172758,"(-0.000001, 0.000000, 0.000000)",LeftTrue_RightFalse
19.464661,0.021244,"(-1.2255477905273438, 1.198128342628479, -21.015884399414062)","(359.20294189453125, 176.1168212890625, 358.9169616699219)","(-1.1916955709457397, 1.1702346801757812, -20.87635612487793)","(359.9404296875, 182.79296875, 359.984619140625)","(-1.5760560035705566, -0.06331905722618103, -20.860279083251953)","(359.939697265625, 179.82688903808594, 359.9877014160156)",2e-06,-0.005585,"(0.021507, 0.004607, -4.120591)",LeftFalse_RightFalse,False,"(-7.088192939758301, -0.014433681964874268, -1.9064910411834717)","(359.60296630859375, 88.91580963134766, 0.008200332522392273)",-0.187978,-0.172995,"(-0.000001, 0.000000, 0.000000)",LeftTrue_RightFalse
19.507507,0.021339,"(-1.2241592407226562, 1.1983054876327515, -21.19157600402832)","(359.2669372558594, 176.07196044921875, 358.9009704589844)","(-1.190737009048462, 1.1704164743423462, -21.052030563354492)","(359.9385070800781, 182.76856994628906, 359.9868469238281)","(-1.5751540660858154, -0.06312210857868195, -21.036155700683594)","(359.9378967285156, 179.80247497558594, 359.99005126953125)",1e-06,-0.003235,"(0.021099, 0.004574, -4.084848)",LeftFalse_RightFalse,False,"(-7.088192939758301, -0.014433681964874268, -1.9064908027648926)","(359.60296630859375, 88.91580963134766, 0.008200066164135933)",-0.187978,-0.173243,"(-0.000001, 0.000000, 0.000000)",LeftTrue_RightFalse
19.548645,0.021064,"(-1.223006010055542, 1.1984801292419434, -21.358739852905273)","(359.3097229003906, 176.04373168945312, 358.88909912109375)","(-1.1898483037948608, 1.1705914735794067, -21.219181060791016)","(359.9365539550781, 182.75067138671875, 359.98907470703125)","(-1.5743204355239868, -0.06293212622404099, -21.203466415405273)","(359.93609619140625, 179.7845916748047, 359.99237060546875)",1e-06,-0.00058,"(0.019943, 0.004803, -4.049375)",LeftFalse_RightFalse,False,"(-7.088192462921143, -0.014433681964874268, -1.9064909219741821)","(359.60296630859375, 88.91580963134766, 0.008199932053685188)",-0.187977,-0.173481,"(-0.000001, 0.000000, 0.000000)",LeftTrue_RightFalse
19.592102,0.021388,"(-1.2219583988189697, 1.1986795663833618, -21.533910751342773)","(359.36749267578125, 176.01589965820312, 358.93914794921875)","(-1.1889777183532715, 1.1707873344421387, -21.394344329833984)","(359.9339294433594, 182.73846435546875, 359.9916076660156)","(-1.5735100507736206, -0.06271912902593613, -21.378765106201172)","(359.93359375, 179.7723846435547, -0.004972290247678757)",1e-06,0.002625,"(0.018023, 0.004979, -4.014173)",LeftFalse_RightFalse,False,"(-7.088191986083984, -0.014433681964874268, -1.9064909219741821)","(359.60296630859375, 88.91580963134766, 0.008199505507946014)",-0.187978,-0.173733,"(-0.000001, 0.000000, 0.000000)",LeftTrue_RightFalse
19.651428,0.020636,"(-1.2208364009857178, 1.198961615562439, -21.770280838012695)","(359.4289855957031, 176.0189971923828, 359.0103454589844)","(-1.1879783868789673, 1.171060562133789, -21.630714416503906)","(359.9297790527344, 182.73458862304688, -0.004586207680404186)","(-1.5725982189178467, -0.06241998076438904, -21.615245819091797)","(359.92962646484375, 179.76852416992188, -0.0009465042967349291)",1e-06,0.006775,"(0.013655, 0.005078, -3.961934)",LeftFalse_RightFalse,False,"(-7.088192462921143, -0.014433681964874268, -1.9064908027648926)","(359.60296630859375, 88.91580963134766, 0.008199372328817844)",-0.187977,-0.174076,"(-0.000001, 0.000000, 0.000000)",LeftTrue_RightFalse
19.692444,0.020575,"(-1.2202785015106201, 1.1991591453552246, -21.932069778442383)","(359.4501647949219, 176.03736877441406, 359.0312194824219)","(-1.1874504089355469, 1.171250581741333, -21.79250717163086)","(359.9267272949219, 182.74087524414062, -0.001771050039678812)","(-1.5721322298049927, -0.062210895121097565, -21.77705955505371)","(359.9267272949219, 179.77479553222656, 0.0020225844345986843)",1e-06,0.009308,"(0.010241, 0.005106, -3.927473)",LeftFalse_RightFalse,False,"(-7.088192462921143, -0.014433681964874268, -1.9064909219741821)","(359.60296630859375, 88.91580963134766, 0.00819897186011076)",-0.187978,-0.174314,"(-0.000001, 0.000000, 0.000000)",LeftTrue_RightFalse
19.73291,0.020405,"(-1.219888687133789, 1.1993545293807983, -22.089658737182617)","(359.4792785644531, 176.08229064941406, 359.0163879394531)","(-1.187076449394226, 1.1714385747909546, -21.950496673583984)","(359.9237365722656, 182.7539520263672, 0.0011572096263989806)","(-1.5718207359313965, -0.06200315058231354, -21.935022354125977)","(359.92388916015625, 179.78785705566406, 0.005101609509438276)",1e-06,0.011383,"(0.006596, 0.005217, -3.893279)",LeftFalse_RightFalse,False,"(-7.088192462921143, -0.014433681964874268, -1.9064908027648926)","(359.60296630859375, 88.91580963134766, 0.008199598640203476)",-0.187977,-0.174547,"(-0.000001, 0.000000, 0.000000)",LeftTrue_RightFalse
19.777344,0.020987,"(-1.2198941707611084, 1.1995865106582642, -22.261600494384766)","(359.516845703125, 176.17626953125, 358.9876708984375)","(-1.1868444681167603, 1.171663761138916, -22.12273406982422)","(359.9211730957031, 182.77536010742188, 0.0040658884681761265)","(-1.5716482400894165, -0.06175833195447922, -22.107168197631836)","(359.9214782714844, 179.8092803955078, 0.008139795623719692)",0.0,0.013184,"(0.002863, 0.005623, -3.859309)",LeftFalse_RightFalse,False,"(-7.088192462921143, -0.014433681964874268, -1.9064909219741821)","(359.60296630859375, 88.91580963134766, 0.008199745789170265)",-0.187978,-0.174805,"(-0.000001, 0.000000, 0.000000)",LeftTrue_RightFalse
19.821594,0.021417,"(-1.220237374305725, 1.1998287439346313, -22.43128776550293)","(359.5880126953125, 176.30934143066406, 358.950439453125)","(-1.1868045330047607, 1.1719005107879639, -22.292619705200195)","(359.91912841796875, 182.8030548095703, 0.006594086065888405)","(-1.5716572999954224, -0.06150446832180023, -22.27690887451172)","(359.9195556640625, 179.83697509765625, 0.010770443826913834)",0.0,0.014374,"(-0.002356, 0.005813, -3.808900)",LeftFalse_RightFalse,False,"(-7.088192939758301, -0.014433681964874268, -1.9064910411834717)","(359.60296630859375, 88.91580963134766, 0.008199558593332767)",-0.187978,-0.175061,"(-0.000001, 0.000000, 0.000000)",LeftTrue_RightFalse
19.86615,0.021652,"(-1.2206425666809082, 1.2000800371170044, -22.60053062438965)","(359.7393493652344, 176.4936981201172, 358.8902282714844)","(-1.186938762664795, 1.1721466779708862, -22.461990356445312)","(359.9173889160156, 182.83544921875, 0.008605049923062325)","(-1.5718276500701904, -0.061244577169418335, -22.44609832763672)","(359.9179382324219, 179.86935424804688, 0.012868589721620083)",-0.007934,0.015198,"(-0.005566, 0.005862, -3.775655)",LeftFalse_RightFalse,False,"(-7.088192462921143, -0.014433681964874268, -1.9064909219741821)","(359.60296630859375, 88.91580963134766, 0.008199665695428848)",-0.187978,-0.17532,"(-0.000001, 0.000000, 0.000000)",LeftTrue_RightFalse
19.909973,0.021694,"(-1.221635341644287, 1.2003304958343506, -22.76535987854004)","(359.911376953125, 176.75131225585938, 358.8314208984375)","(-1.1872315406799316, 1.1723936796188354, -22.62693214416504)","(359.9161071777344, 182.87060546875, 0.010120101273059845)","(-1.5721445083618164, -0.060987502336502075, -22.610828399658203)","(359.916748046875, 179.90452575683594, 0.014447294175624847)",-0.035705,0.015991,"(-0.008704, 0.005862, -3.737118)",LeftFalse_RightFalse,False,"(-7.088192462921143, -0.014433681964874268, -1.9064909219741821)","(359.60296630859375, 88.91580963134766, 0.008199372328817844)",-0.187978,-0.175573,"(-0.000001, 0.000000, 0.000000)",LeftTrue_RightFalse
19.952576,0.021505,"(-1.2225226163864136, 1.200571894645691, -22.923709869384766)","(0.01945275254547596, 176.94053649902344, 358.7900390625)","(-1.1876647472381592, 1.1726346015930176, -22.785358428955078)","(359.9161682128906, 182.90724182128906, 0.011304667219519615)","(-1.5725927352905273, -0.06073842942714691, -22.769006729125977)","(359.9168701171875, 179.941162109375, 0.015626640990376472)",-0.059524,0.016846,"(-0.011770, 0.005833, -3.691171)",LeftFalse_RightFalse,False,"(-7.088192939758301, -0.014433681964874268, -1.9064909219741821)","(359.60296630859375, 88.91580963134766, 0.008199385367333889)",-0.187978,-0.175819,"(-0.000001, 0.000000, 0.000000)",LeftTrue_RightFalse
19.99823,0.021886,"(-1.2234866619110107, 1.2008253335952759, -23.0909481048584)","(0.11039676517248154, 177.10250854492188, 358.7489013671875)","(-1.1882879734039307, 1.1728923320770264, -22.952655792236328)","(359.91815185546875, 182.94871520996094, 0.01240310538560152)","(-1.573225498199463, -0.06047345697879791, -22.93598175048828)","(359.9189147949219, 179.98263549804688, 0.016621125862002373)",-0.115066,0.017853,"(-0.014919, 0.005785, -3.635222)",LeftFalse_RightFalse,False,"(-7.088192462921143, -0.014433681964874268, -1.9064909219741821)","(359.60296630859375, 88.91580963134766, 0.008199665695428848)",-0.187978,-0.176084,"(-0.000001, 0.000000, 0.000000)",LeftTrue_RightFalse
20.039551,0.021408,"(-1.2244325876235962, 1.2008475065231323, -23.23960304260254)","(0.17505064606666565, 177.18374633789062, 358.71820068359375)","(-1.1889972686767578, 1.1731239557266235, -23.101144790649414)","(359.9226379394531, 182.98805236816406, 0.013379608280956745)","(-1.5739390850067139, -0.06023551523685455, -23.084108352661133)","(359.9234313964844, 180.02195739746094, 0.01736467331647873)",-0.126983,0.018524,"(-0.018010, 0.005747, -3.564344)",LeftFalse_RightFalse,False,"(-7.088192462921143, -0.014433681964874268, -1.9064909219741821)","(359.60296630859375, 88.91580963134766, 0.00819989200681448)",-0.187978,-0.176323,"(-0.000001, 0.000000, 0.000000)",LeftTrue_RightFalse
20.096741,0.020256,"(-1.2258917093276978, 1.2007672786712646, -23.440229415893555)","(0.2672067880630493, 177.24586486816406, 358.681396484375)","(-1.1901943683624268, 1.1734448671340942, -23.301420211791992)","(359.9312438964844, 183.0444793701172, 0.014547142200171947)","(-1.5751346349716187, -0.059907346963882446, -23.2838191986084)","(359.93206787109375, 180.07839965820312, 0.01808617264032364)",-0.126983,0.019653,"(-0.022374, 0.005796, -3.454689)",LeftFalse_RightFalse,False,"(-7.088192462921143, -0.014433681964874268, -1.9064909219741821)","(359.60296630859375, 88.91580963134766, 0.008199558593332767)",-0.187977,-0.176654,"(-0.000001, 0.000000, 0.000000)",LeftTrue_RightFalse
20.155029,0.019816,"(-1.2275707721710205, 1.200877070426941, -23.638582229614258)","(0.349356472492218, 177.30062866210938, 358.70556640625)","(-1.1916615962982178, 1.1737799644470215, -23.499601364135742)","(359.93963623046875, 183.10397338867188, 0.015407335944473743)","(-1.576591968536377, -0.05956674739718437, -23.48141860961914)","(359.94049072265625, 180.13787841796875, 0.018510952591896057)",-0.123001,0.020477,"(-0.026608, 0.005848, -3.347611)",LeftFalse_RightFalse,False,"(-7.088191986083984, -0.014433681964874268, -1.9064909219741821)","(359.60296630859375, 88.91580963134766, 0.00819921214133501)",-0.187978,-0.176992,"(-0.000001, 0.000000, 0.000000)",LeftTrue_RightFalse
20.196655,0.020121,"(-1.2288916110992432, 1.2010213136672974, -23.776369094848633)","(0.3453294634819031, 177.33900451660156, 358.742431640625)","(-1.19284987449646, 1.174019694328308, -23.6373291015625)","(359.9444885253906, 183.14718627929688, 0.01576937362551689)","(-1.5777684450149536, -0.05932491645216942, -23.618751525878906)","(359.94537353515625, 180.1811065673828, 0.018620170652866364)",-0.111099,0.020782,"(-0.029165, 0.005794, -3.278618)",LeftFalse_RightFalse,False,"(-7.088192462921143, -0.014433681964874268, -1.9064909219741821)","(359.60296630859375, 88.91580963134766, 0.008199465461075306)",-0.187977,-0.177232,"(-0.000001, 0.000000, 0.000000)",LeftTrue_RightFalse
20.251831,0.019251,"(-1.23079514503479, 1.2012614011764526, -23.95470428466797)","(0.2900168001651764, 177.3596649169922, 358.8088684082031)","(-1.194591999053955, 1.1743342876434326, -23.81563377380371)","(359.9486083984375, 183.20477294921875, 0.015859417617321014)","(-1.579488754272461, -0.05900980904698372, -23.796581268310547)","(359.9494934082031, 180.2386932373047, 0.018497653305530548)",-0.09523,0.020782,"(-0.032563, 0.005653, -3.184026)",LeftFalse_RightFalse,False,"(-7.088192939758301, -0.014433681964874268, -1.9064910411834717)","(359.60296630859375, 88.91580963134766, 0.008199652656912804)",-0.187978,-0.177552,"(-0.000001, 0.000000, 0.000000)",LeftTrue_RightFalse
20.30835,0.018972,"(-1.2325526475906372, 1.2015385627746582, -24.132640838623047)","(0.25679585337638855, 177.37620544433594, 358.85552978515625)","(-1.1965428590774536, 1.1746503114700317, -23.99355125427246)","(359.94989013671875, 183.26318359375, 0.015558494254946709)","(-1.5814119577407837, -0.05869574844837189, -23.974079132080078)","(359.95074462890625, 180.29710388183594, 0.018130939453840256)",-0.067459,0.020782,"(-0.035471, 0.005453, -3.098444)",LeftFalse_RightFalse,False,"(-7.088191986083984, -0.014433681964874268, -1.9064909219741821)","(359.60296630859375, 88.91580963134766, 0.008199385367333889)",-0.187978,-0.177879,"(-0.000001, 0.000000, 0.000000)",LeftTrue_RightFalse
20.36322,0.018616,"(-1.2344201803207397, 1.2018332481384277, -24.301273345947266)","(0.24556739628314972, 177.37892150878906, 358.8885803222656)","(-1.1985809803009033, 1.174960970878601, -24.16218376159668)","(359.9486083984375, 183.31893920898438, 0.014940573833882809)","(-1.5834192037582397, -0.05838927999138832, -24.142364501953125)","(359.949462890625, 180.3528594970703, 0.01757960021495819)",-0.055557,0.020782,"(-0.038150, 0.005636, -3.025102)",LeftFalse_RightFalse,False,"(-7.088192462921143, -0.014433682896196842, -1.9064909219741821)","(359.60296630859375, 88.91580963134766, 0.008199612610042095)",-0.187978,-0.178197,"(-0.000001, 0.000000, 0.000000)",LeftTrue_RightFalse
20.420654,0.018823,"(-1.2366712093353271, 1.2021592855453491, -24.47412872314453)","(0.27056968212127686, 177.40396118164062, 358.90484619140625)","(-1.2008545398712158, 1.1752893924713135, -24.334861755371094)","(359.9451904296875, 183.37620544433594, 0.014099574647843838)","(-1.5856590270996094, -0.05806640535593033, -24.31473159790039)","(359.9460144042969, 180.41012573242188, 0.016916286200284958)",-0.023803,0.020477,"(-0.040647, 0.005582, -2.963489)",LeftFalse_RightFalse,False,"(-7.088192462921143, -0.014433682896196842, -1.9064909219741821)","(359.60296630859375, 88.91580963134766, 0.008199425414204597)",-0.187978,-0.178529,"(-0.000001, 0.000000, 0.000000)",LeftTrue_RightFalse
20.475769,0.018584,"(-1.239041805267334, 1.2024805545806885, -24.637197494506836)","(0.28384917974472046, 177.45945739746094, 358.89007568359375)","(-1.2031604051589966, 1.1756019592285156, -24.497577667236328)","(359.93939208984375, 183.42977905273438, 0.013047633692622185)","(-1.5879307985305786, -0.0577605664730072, -24.477214813232422)","(359.9401550292969, 180.4636993408203, 0.01616591401398182)",0.0,0.019623,"(-0.042037, 0.005514, -2.932297)",LeftFalse_RightFalse,False,"(-7.088192462921143, -0.014433681964874268, -1.9064910411834717)","(359.60296630859375, 88.91580963134766, 0.008199691772460938)",-0.187977,-0.178848,"(-0.000001, 0.000000, 0.000000)",LeftTrue_RightFalse
20.531921,0.018583,"(-1.2415823936462402, 1.2028124332427979, -24.80103874206543)","(0.2968122363090515, 177.5298614501953, 358.8520202636719)","(-1.2056093215942383, 1.1759175062179565, -24.661239624023438)","(359.931396484375, 183.4820556640625, 0.011593850329518318)","(-1.5903401374816895, -0.05745449289679527, -24.64069938659668)","(359.93206787109375, 180.51597595214844, 0.015128488652408123)",0.0,0.018036,"(-0.043601, 0.005394, -2.893373)",LeftFalse_RightFalse,False,"(-7.088191986083984, -0.014433681964874268, -1.9064908027648926)","(359.60296630859375, 88.91580963134766, 0.008200185373425484)",-0.187978,-0.179173,"(-0.000001, 0.000000, 0.000000)",LeftTrue_RightFalse
20.572021,0.019076,"(-1.2438379526138306, 1.2030482292175293, -24.916715621948242)","(0.31108924746513367, 177.6107177734375, 358.81280517578125)","(-1.2073988914489746, 1.1761399507522583, -24.77687644958496)","(359.92535400390625, 183.5172882080078, 0.010361225344240665)","(-1.5920984745025635, -0.057239972054958344, -24.7562313079834)","(359.92596435546875, 180.55120849609375, 0.014210623688995838)",0.0,0.016876,"(-0.044220, 0.005314, -2.867901)",LeftFalse_RightFalse,False,"(-7.088192462921143, -0.014433681964874268, -1.9064909219741821)","(359.60296630859375, 88.91580963134766, 0.008200239390134811)",-0.187978,-0.179405,"(-0.000001, 0.000000, 0.000000)",LeftTrue_RightFalse
20.630615,0.01923,"(-1.2469485998153687, 1.2033884525299072, -25.084205627441406)","(0.37475037574768066, 177.760986328125, 358.749755859375)","(-1.2100484371185303, 1.1764609813690186, -24.943994522094727)","(359.91705322265625, 183.56495666503906, 0.008411732502281666)","(-1.5946999788284302, -0.05693165957927704, -24.92321014404297)","(359.9176025390625, 180.59886169433594, 0.012692478485405445)",0.0,0.015503,"(-0.044761, 0.005212, -2.830113)",LeftFalse_RightFalse,False,"(-7.088192462921143, -0.014433681964874268, -1.9064908027648926)","(359.60296630859375, 88.91580963134766, 0.008200559765100479)",-0.187978,-0.179744,"(-0.000001, 0.000000, 0.000000)",LeftTrue_RightFalse
20.689148,0.019326,"(-1.2501096725463867, 1.203719973564148, -25.249195098876953)","(0.4587823748588562, 177.9442901611328, 358.6934509277344)","(-1.2127193212509155, 1.1767756938934326, -25.10867691040039)","(359.90997314453125, 183.60818481445312, 0.006548872217535973)","(-1.5973246097564697, -0.0566289946436882, -25.087757110595703)","(359.9104309082031, 180.64210510253906, 0.011198855936527252)",0.0,0.014374,"(-0.045214, 0.005139, -2.792811)",LeftFalse_RightFalse,False,"(-7.088192462921143, -0.014433681964874268, -1.9064908027648926)","(359.60296630859375, 88.91580963134766, 0.008200906217098236)",-0.187977,-0.180083,"(-0.000001, 0.000000, 0.000000)",LeftTrue_RightFalse
20.731689,0.020013,"(-1.252524971961975, 1.2039557695388794, -25.367727279663086)","(0.5196608304977417, 178.10186767578125, 358.65411376953125)","(-1.2146739959716797, 1.1770013570785522, -25.22710609436035)","(359.9056396484375, 183.63722229003906, 0.005369543097913265)","(-1.599249243736267, -0.0564110204577446, -25.206085205078125)","(359.9060363769531, 180.671142578125, 0.010245604440569878)",0.0,0.013519,"(-0.045465, 0.005105, -2.768209)",LeftFalse_RightFalse,False,"(-7.088191986083984, -0.014433681964874268, -1.9064910411834717)","(359.60296630859375, 88.91580963134766, 0.008200853131711483)",-0.187978,-0.18033,"(-0.000001, 0.000000, 0.000000)",LeftTrue_RightFalse
20.773987,0.020373,"(-1.2547825574874878, 1.2041873931884766, -25.48441505432129)","(0.5986583232879639, 178.2760467529297, 358.624755859375)","(-1.2166249752044678, 1.1772243976593018, -25.343734741210938)","(359.9019775390625, 183.66421508789062, 0.004253717605024576)","(-1.6011714935302734, -0.05619524419307709, -25.322612762451172)","(359.90234375, 180.6981201171875, 0.0093199722468853)",0.0,0.012848,"(-0.045643, 0.005104, -2.743810)",LeftFalse_RightFalse,False,"(-7.088192462921143, -0.014433681964874268, -1.9064908027648926)","(359.60296630859375, 88.91580963134766, 0.008200813084840775)",-0.187978,-0.180574,"(-0.000001, 0.000000, 0.000000)",LeftTrue_RightFalse
20.818665,0.021018,"(-1.2570708990097046, 1.204431176185608, -25.6064510345459)","(0.6445300579071045, 178.42428588867188, 358.6122131347656)","(-1.218691110610962, 1.1774605512619019, -25.46573829650879)","(359.898681640625, 183.69082641601562, 0.0031816032715141773)","(-1.603209137916565, -0.055966172367334366, -25.44451141357422)","(359.89898681640625, 180.7247314453125, 0.008420020341873169)",0.0,0.012115,"(-0.045748, 0.005130, -2.719610)",LeftFalse_RightFalse,False,"(-7.088192462921143, -0.014433681964874268, -1.9064908027648926)","(359.60296630859375, 88.91580963134766, 0.008200773037970066)",-0.187978,-0.180832,"(-0.000001, 0.000000, 0.000000)",LeftTrue_RightFalse
20.859985,0.020882,"(-1.2591286897659302, 1.2046551704406738, -25.718263626098633)","(0.6694954633712769, 178.53073120117188, 358.6064758300781)","(-1.2206040620803833, 1.1776783466339111, -25.577539443969727)","(359.8960876464844, 183.71376037597656, 0.002282211557030678)","(-1.6050978899002075, -0.05575420707464218, -25.556215286254883)","(359.8963623046875, 180.74766540527344, 0.007655748166143894)",0.0,0.011414,"(-0.045916, 0.005116, -2.683699)",LeftFalse_RightFalse,False,"(-7.088192462921143, -0.014433681964874268, -1.9064909219741821)","(359.60296630859375, 88.91580963134766, 0.008200732991099358)",-0.187978,-0.181072,"(-0.000001, 0.000000, 0.000000)",LeftTrue_RightFalse
20.90271,0.020969,"(-1.2612223625183105, 1.2048838138580322, -25.832727432250977)","(0.7111943364143372, 178.58265686035156, 358.6108703613281)","(-1.2225854396820068, 1.1779018640518188, -25.69200325012207)","(359.8938293457031, 183.73609924316406, 0.0014876670902594924)","(-1.6070570945739746, -0.0555359311401844, -25.670578002929688)","(359.89404296875, 180.77001953125, 0.006979888770729303)",0.0,0.010773,"(-0.045993, 0.005093, -2.660016)",LeftFalse_RightFalse,False,"(-7.088192462921143, -0.014433681964874268, -1.9064909219741821)","(359.60296630859375, 88.91580963134766, 0.008200732991099358)",-0.187978,-0.181319,"(-0.000001, 0.000000, 0.000000)",LeftTrue_RightFalse
20.944031,0.020812,"(-1.2632496356964111, 1.2051036357879639, -25.942825317382812)","(0.7004939913749695, 178.58868408203125, 358.64398193359375)","(-1.2245031595230103, 1.1781164407730103, -25.80171775817871)","(359.8919372558594, 183.7564239501953, 0.0007794613484293222)","(-1.6089545488357544, -0.05532583221793175, -25.78019905090332)","(359.8921203613281, 180.7903289794922, 0.006369962822645903)",0.0,0.010071,"(-0.045971, 0.005062, -2.636538)",LeftFalse_RightFalse,False,"(-7.088192462921143, -0.014433681964874268, -1.9064909219741821)","(359.60296630859375, 88.91580963134766, 0.008200746029615402)",-0.187978,-0.181559,"(-0.000001, 0.000000, 0.000000)",LeftTrue_RightFalse
21.005798,0.020786,"(-1.2662287950515747, 1.2054274082183838, -26.105222702026367)","(0.6556991934776306, 178.5503692626953, 358.70916748046875)","(-1.2273625135421753, 1.1784343719482422, -25.963802337646484)","(359.8896179199219, 183.7843475341797, -0.00015826962771825492)","(-1.6117866039276123, -0.05501408874988556, -25.94214630126953)","(359.8897399902344, 180.81825256347656, 0.005553960334509611)",0.0,0.00943,"(-0.045874, 0.005025, -2.601693)",LeftFalse_RightFalse,False,"(-7.088192462921143, -0.014433681964874268, -1.9064909219741821)","(359.60296630859375, 88.91580963134766, 0.008200773037970066)",-0.187978,-0.181916,"(-0.000001, 0.000000, 0.000000)",LeftTrue_RightFalse
21.048157,0.020956,"(-1.2682478427886963, 1.2056465148925781, -26.21523094177246)","(0.6821950078010559, 178.5144805908203, 358.7472839355469)","(-1.229318618774414, 1.178650140762329, -26.073694229125977)","(359.8882751464844, 183.802001953125, -0.0006919794250279665)","(-1.6137263774871826, -0.05480177327990532, -26.051950454711914)","(359.8883972167969, 180.83590698242188, 0.005090023390948772)",0.0,0.008942,"(-0.045803, 0.004995, -2.578713)",LeftFalse_RightFalse,False,"(-7.088192939758301, -0.014433681964874268, -1.9064910411834717)","(359.60296630859375, 88.91580963134766, 0.008200799115002155)",-0.187978,-0.182161,"(-0.000001, 0.000000, 0.000000)",LeftTrue_RightFalse
21.09137,0.021252,"(-1.2702922821044922, 1.2058714628219604, -26.32631492614746)","(0.7093194723129272, 178.4741668701172, 358.771240234375)","(-1.231308937072754, 1.1788727045059204, -26.184711456298828)","(359.8872375488281, 183.81887817382812, -0.0012080335291102529)","(-1.6157007217407227, -0.05458271503448486, -26.16287612915039)","(359.8873291015625, 180.85279846191406, 0.004628025460988283)",0.0,0.00827,"(-0.045690, 0.005121, -2.555883)",LeftFalse_RightFalse,False,"(-7.088192462921143, -0.014433681964874268, -1.9064910411834717)","(359.60296630859375, 88.91580963134766, 0.008200839161872864)",-0.187978,-0.182412,"(-0.000001, 0.000000, 0.000000)",LeftTrue_RightFalse
21.132874,0.021106,"(-1.272238850593567, 1.206089735031128, -26.43194007873535)","(0.7365989685058594, 178.40956115722656, 358.79852294921875)","(-1.233210802078247, 1.1790893077850342, -26.290300369262695)","(359.8865661621094, 183.8339080810547, -0.0016806875355541706)","(-1.6175878047943115, -0.054369211196899414, -26.26837921142578)","(359.8866271972656, 180.86781311035156, 0.004191163927316666)",0.0,0.007324,"(-0.045407, 0.005157, -2.533250)",LeftFalse_RightFalse,False,"(-7.088192462921143, -0.014433681964874268, -1.9064908027648926)","(359.60296630859375, 88.91580963134766, 0.008200879208743572)",-0.187978,-0.182651,"(-0.000001, 0.000000, 0.000000)",LeftTrue_RightFalse
21.176086,0.021339,"(-1.2742410898208618, 1.2059308290481567, -26.54088020324707)","(0.7433449029922485, 178.33486938476562, 358.81982421875)","(-1.235173225402832, 1.1793161630630493, -26.39921760559082)","(359.8860778808594, 183.84803771972656, -0.002196928719058633)","(-1.6195342540740967, -0.05414598435163498, -26.377214431762695)","(359.8861083984375, 180.8819580078125, 0.003701547859236598)",0.0,0.00647,"(-0.044950, 0.005167, -2.510817)",LeftFalse_RightFalse,False,"(-7.088192462921143, -0.014433681964874268, -1.9064908027648926)","(359.60296630859375, 88.91580963134766, 0.00820091925561428)",-0.187978,-0.182901,"(-0.000001, 0.000000, 0.000000)",LeftTrue_RightFalse
21.220093,0.021606,"(-1.2762503623962402, 1.2059208154678345, -26.650768280029297)","(0.7182272672653198, 178.29908752441406, 358.837158203125)","(-1.2371478080749512, 1.1795467138290405, -26.50909423828125)","(359.8857116699219, 183.8607635498047, -0.0027411808259785175)","(-1.6214927434921265, -0.05391894653439522, -26.487014770507812)","(359.8857116699219, 180.8946990966797, 0.003177040722221136)",0.0,0.005676,"(-0.044242, 0.005147, -2.477526)",LeftFalse_RightFalse,False,"(-7.088192462921143, -0.014433681033551693, -1.9064909219741821)","(359.60296630859375, 88.91580963134766, 0.008200946263968945)",-0.187978,-0.183156,"(-0.000001, 0.000000, 0.000000)",LeftTrue_RightFalse
21.262512,0.021468,"(-1.2781637907028198, 1.2060003280639648, -26.755775451660156)","(0.7110822200775146, 178.34414672851562, 358.8286437988281)","(-1.2390321493148804, 1.1797679662704468, -26.614097595214844)","(359.8854064941406, 183.87173461914062, -0.003220526734367013)","(-1.6233631372451782, -0.05370085686445236, -26.591951370239258)","(359.8854064941406, 180.90565490722656, 0.002713016699999571)",0.0,0.005188,"(-0.043805, 0.005121, -2.455567)",LeftFalse_RightFalse,False,"(-7.088191986083984, -0.014433681964874268, -1.9064908027648926)","(359.60296630859375, 88.91580963134766, 0.008200572803616524)",-0.187979,-0.183401,"(-0.000001, 0.000000, 0.000000)",LeftTrue_RightFalse
21.304321,0.021304,"(-1.2800230979919434, 1.206129789352417, -26.858112335205078)","(0.7233264446258545, 178.43240356445312, 358.78759765625)","(-1.2408663034439087, 1.1799843311309814, -26.716434478759766)","(359.8851623535156, 183.8813934326172, -0.003650382161140442)","(-1.6251846551895142, -0.0534873828291893, -26.694229125976562)","(359.8851318359375, 180.91531372070312, 0.0022962552029639482)",0.0,0.004974,"(-0.043386, 0.005080, -2.433798)",LeftFalse_RightFalse,False,"(-7.088192462921143, -0.014433681964874268, -1.9064909219741821)","(359.60296630859375, 88.91580963134766, 0.008200439624488354)",-0.187979,-0.183644,"(-0.000001, 0.000000, 0.000000)",LeftTrue_RightFalse
21.363342,0.020505,"(-1.2825921773910522, 1.206361174583435, -27.00077247619629)","(0.7905970811843872, 178.55694580078125, 358.71429443359375)","(-1.2434297800064087, 1.180285930633545, -26.859474182128906)","(359.8848571777344, 183.8936309814453, -0.004132384900003672)","(-1.6277334690093994, -0.0531889945268631, -26.837194442749023)","(359.8847961425781, 180.92755126953125, 0.0018318057991564274)",0.006883,0.004456,"(-0.042934, 0.005013, -2.401835)",LeftFalse_RightFalse,False,"(-7.088192939758301, -0.014433682896196842, -1.9064910411834717)","(359.60296630859375, 88.91580963134766, 0.00820067897439003)",-0.187978,-0.183986,"(-0.000001, 0.000000, 0.000000)",LeftTrue_RightFalse
21.404419,0.020475,"(-1.2843596935272217, 1.2065404653549194, -27.098920822143555)","(0.7962496876716614, 178.6050262451172, 358.6871032714844)","(-1.2451952695846558, 1.180492877960205, -26.957881927490234)","(359.8845520019531, 183.90133666992188, -0.004403328523039818)","(-1.629490613937378, -0.052983783185482025, -26.935556411743164)","(359.8844909667969, 180.9352569580078, 0.0015762450639158487)",0.013194,0.003998,"(-0.042571, 0.004966, -2.381438)",LeftFalse_RightFalse,False,"(-7.088192462921143, -0.014433681964874268, -1.9064909219741821)","(359.60296630859375, 88.91580963134766, 0.008200572803616524)",-0.187978,-0.184223,"(-0.000001, 0.000000, 0.000000)",LeftTrue_RightFalse
21.446716,0.020624,"(-1.286165714263916, 1.2067338228225708, -27.19912338256836)","(0.742424726486206, 178.60105895996094, 358.6936950683594)","(-1.2469947338104248, 1.1807037591934204, -27.05825424194336)","(359.8841552734375, 183.90850830078125, -0.004686313681304455)","(-1.6312816143035889, -0.052774783223867416, -27.035890579223633)","(359.8840637207031, 180.9424285888672, 0.0013149799779057503)",0.023544,0.003143,"(-0.042121, 0.004914, -2.362071)",LeftFalse_RightFalse,False,"(-7.088192462921143, -0.014433681964874268, -1.9064908027648926)","(359.60296630859375, 88.91580963134766, 0.008200452663004398)",-0.187978,-0.184467,"(-0.000001, 0.000000, 0.000000)",LeftTrue_RightFalse
21.504028,0.019779,"(-1.2885801792144775, 1.2070050239562988, -27.333837509155273)","(0.5482609272003174, 178.53541564941406, 358.7826232910156)","(-1.2493977546691895, 1.1809873580932617, -27.193099975585938)","(359.8832702636719, 183.9165496826172, -0.00516466936096549)","(-1.6336725950241089, -0.052494458854198456, -27.17070198059082)","(359.8831787109375, 180.95045471191406, 0.0008821815135888755)",0.03437,0.001862,"(-0.041136, 0.004850, -2.335377)",LeftFalse_RightFalse,False,"(-7.088192939758301, -0.014433681964874268, -1.9064909219741821)","(359.60296630859375, 88.91580963134766, 0.008200345560908318)",-0.187978,-0.184799,"(-0.000001, 0.000000, 0.000000)",LeftTrue_RightFalse
21.55896,0.019088,"(-1.290501594543457, 1.2072690725326538, -27.461503982543945)","(0.48489242792129517, 178.48007202148438, 358.8901672363281)","(-1.2516438961029053, 1.18125581741333, -27.32081413269043)","(359.882080078125, 183.92198181152344, -0.005706103052943945)","(-1.6359068155288696, -0.052229419350624084, -27.298404693603516)","(359.8819580078125, 180.9558868408203, 0.0004027526010759175)",0.042262,0.000732,"(-0.040418, 0.004806, -2.318767)",LeftFalse_RightFalse,False,"(-7.088192462921143, -0.014433681964874268, -1.9064909219741821)","(359.60296630859375, 88.91580963134766, 0.008200345560908318)",-0.187978,-0.185118,"(-0.000001, -0.000001, 0.000000)",LeftTrue_RightFalse
21.620422,0.019809,"(-1.2926174402236938, 1.2075639963150024, -27.603145599365234)","(0.5035058856010437, 178.44969177246094, 358.9691162109375)","(-1.2540863752365112, 1.1815516948699951, -27.462474822998047)","(359.8805847167969, 183.92506408691406, 359.99359130859375)","(-1.6383349895477295, -0.0519382581114769, -27.440078735351562)","(359.8804016113281, 180.958984375, -0.00023182618315331638)",0.049523,-9.2e-05,"(-0.038852, 0.004669, -2.288178)",LeftFalse_RightFalse,False,"(-7.088192939758301, -0.014433681964874268, -1.9064909219741821)","(359.60296630859375, 88.91580963134766, 0.008200399577617645)",-0.187978,-0.185473,"(-0.000001, -0.000001, 0.000000)",LeftTrue_RightFalse
21.678467,0.019484,"(-1.2947041988372803, 1.2078384160995483, -27.73543930053711)","(0.5726873278617859, 178.47425842285156, 358.9981384277344)","(-1.256330966949463, 1.1818246841430664, -27.594778060913086)","(359.879150390625, 183.9260711669922, 359.9930419921875)","(-1.6405699253082275, -0.05166859179735184, -27.572406768798828)","(359.8789367675781, 180.95997619628906, -0.0006810083286836743)",0.053555,-0.000275,"(-0.038303, 0.004620, -2.273700)",LeftFalse_RightFalse,False,"(-7.088192462921143, -0.014433681964874268, -1.9064910411834717)","(359.60296630859375, 88.91580963134766, 0.008200479671359062)",-0.187978,-0.18581,"(-0.000001, -0.000001, 0.000000)",LeftTrue_RightFalse
21.740234,0.020126,"(-1.2969588041305542, 1.2081258296966553, -27.875057220458984)","(0.5837879776954651, 178.54957580566406, 358.97235107421875)","(-1.2586740255355835, 1.1821099519729614, -27.734399795532227)","(359.8776550292969, 183.92599487304688, 359.9927062988281)","(-1.642907738685608, -0.051385778933763504, -27.712060928344727)","(359.87744140625, 180.9599151611328, -0.0009526459034532309)",0.051193,-0.000427,"(-0.037456, 0.004540, -2.245628)",LeftFalse_RightFalse,False,"(-7.088192939758301, -0.014433682896196842, -1.9064910411834717)","(359.60296630859375, 88.91580963134766, 0.008200599811971188)",-0.187978,-0.186167,"(-0.000001, -0.000001, 0.000000)",LeftTrue_RightFalse
21.799988,0.020004,"(-1.2991772890090942, 1.208400845527649, -28.0092716217041)","(0.6172183156013489, 178.6145782470703, 358.9256896972656)","(-1.2609018087387085, 1.182381272315979, -27.868101119995117)","(359.87646484375, 183.92532348632812, 359.9925231933594)","(-1.6451336145401, -0.05111553147435188, -27.845792770385742)","(359.876220703125, 180.95924377441406, -0.0010712338844314218)",0.048394,-0.000793,"(-0.036888, 0.004494, -2.224495)",LeftFalse_RightFalse,False,"(-7.088192939758301, -0.014433681964874268, -1.9064909219741821)","(359.60296630859375, 88.91580963134766, 0.008200705982744694)",-0.187978,-0.186512,"(-0.000001, -0.000001, 0.000000)",LeftTrue_RightFalse
21.842163,0.020418,"(-1.3009693622589111, 1.2085922956466675, -28.103099822998047)","(0.6671055555343628, 178.69186401367188, 358.8658447265625)","(-1.2624526023864746, 1.1825709342956543, -27.961740493774414)","(359.87579345703125, 183.92453002929688, 359.992431640625)","(-1.6466840505599976, -0.050926342606544495, -27.939453125)","(359.87554931640625, 180.95843505859375, -0.0011210201773792505)",0.048684,-0.001282,"(-0.036413, 0.004474, -2.210294)",LeftFalse_RightFalse,False,"(-7.088192462921143, -0.014433681964874268, -1.9064909219741821)","(359.60296630859375, 88.91580963134766, 0.00820078607648611)",-0.187978,-0.186757,"(-0.000001, -0.000001, 0.000000)",LeftTrue_RightFalse
21.902222,0.020291,"(-1.3036001920700073, 1.2088642120361328, -28.236003875732422)","(0.78450608253479, 178.7899169921875, 358.7914123535156)","(-1.2646212577819824, 1.1828399896621704, -28.0939998626709)","(359.8750915527344, 183.92250061035156, 359.9923095703125)","(-1.6488512754440308, -0.050658270716667175, -28.071741104125977)","(359.8748779296875, 180.95640563964844, -0.0012316821375861764)",0.052697,-0.001801,"(-0.035549, 0.004445, -2.189510)",LeftFalse_RightFalse,False,"(-7.088192939758301, -0.014433681964874268, -1.9064910411834717)","(359.60296630859375, 88.91580963134766, 0.008200893178582191)",-0.187978,-0.187104,"(-0.000001, -0.000001, 0.000000)",LeftTrue_RightFalse
21.960327,0.01981,"(-1.3060749769210815, 1.2089346647262573, -28.36301612854004)","(0.8879106044769287, 178.8899688720703, 358.7056884765625)","(-1.2666704654693604, 1.1830997467041016, -28.220703125)","(359.8746337890625, 183.91946411132812, 359.99212646484375)","(-1.6508985757827759, -0.05039960891008377, -28.198474884033203)","(359.8743896484375, 180.95338439941406, -0.0013863920466974378)",0.057923,-0.001953,"(-0.034803, 0.004465, -2.169628)",LeftFalse_RightFalse,False,"(-7.088192462921143, -0.014433711767196655, -1.9064908027648926)","(359.60296630859375, 88.91580963134766, 0.0082009332254529)",-0.187975,-0.18744,"(-0.000001, 0.000000, 0.000000)",LeftTrue_RightFalse
22.019897,0.019966,"(-1.3086652755737305, 1.20880925655365, -28.492130279541016)","(0.9439471960067749, 179.0117950439453, 358.6368103027344)","(-1.2687333822250366, 1.1833665370941162, -28.34967041015625)","(359.87420654296875, 183.9157257080078, 359.9920349121094)","(-1.6529618501663208, -0.05013338103890419, -28.327476501464844)","(359.87396240234375, 180.9496307373047, -0.0014410472940653563)",0.065205,-0.001953,"(-0.034255, 0.004461, -2.151332)",LeftFalse_RightFalse,False,"(-7.088192462921143, -0.014433711767196655, -1.9064910411834717)","(359.60296630859375, 88.91580963134766, 0.00820082612335682)",-0.187977,-0.187786,"(-0.000001, 0.000000, 0.000000)",LeftTrue_RightFalse
22.060913,0.020169,"(-1.3102658987045288, 1.2088398933410645, -28.580175399780273)","(0.9402161836624146, 179.04759216308594, 358.6275329589844)","(-1.2701318264007568, 1.1835492849349976, -28.437658309936523)","(359.8739318847656, 183.9130401611328, 359.9920349121094)","(-1.6543618440628052, -0.04995054751634598, -28.41548728942871)","(359.8736877441406, 180.9469451904297, -0.0014194626128301024)",0.071346,-0.001953,"(-0.033943, 0.004452, -2.139776)",LeftFalse_RightFalse,False,"(-7.088191986083984, -0.014433711767196655, -1.9064908027648926)","(359.60296630859375, 88.91580963134766, 0.008201132528483868)",-0.187978,-0.188023,"(-0.000001, 0.000000, 0.000000)",LeftTrue_RightFalse
22.102173,0.020372,"(-1.3117883205413818, 1.208926796913147, -28.668432235717773)","(0.9152751564979553, 179.0358123779297, 358.6323547363281)","(-1.2715282440185547, 1.1837326288223267, -28.525876998901367)","(359.8735656738281, 183.91030883789062, 359.9920654296875)","(-1.6557605266571045, -0.04976698383688927, -28.503732681274414)","(359.8733215332031, 180.9442138671875, -0.0013697955291718245)",0.083901,-0.001953,"(-0.033661, 0.004430, -2.129160)",LeftFalse_RightFalse,False,"(-7.088191986083984, -0.014433711767196655, -1.9064909219741821)","(359.60296630859375, 88.91580963134766, 0.00820095930248499)",-0.187978,-0.188262,"(-0.000001, 0.000000, 0.000000)",LeftTrue_RightFalse
22.160461,0.019889,"(-1.3138371706008911, 1.2091071605682373, -28.792221069335938)","(0.8821508884429932, 178.97654724121094, 358.6611328125)","(-1.2734787464141846, 1.1839898824691772, -28.649635314941406)","(359.872802734375, 183.90643310546875, 359.99212646484375)","(-1.6577147245407104, -0.04950932040810585, -28.627532958984375)","(359.8725891113281, 180.9403533935547, -0.0012833030195906758)",0.101349,-0.001953,"(-0.033296, 0.004408, -2.116082)",LeftFalse_RightFalse,False,"(-7.088192462921143, -0.014433711767196655, -1.9064909219741821)","(359.60296630859375, 88.91580963134766, 0.008200986310839653)",-0.187979,-0.1886,"(-0.000001, 0.000000, 0.000000)",LeftTrue_RightFalse
22.202515,0.020241,"(-1.3148791790008545, 1.2092615365982056, -28.88106918334961)","(0.8472040295600891, 178.95428466796875, 358.7139587402344)","(-1.2748734951019287, 1.18417489528656, -28.738441467285156)","(359.87200927734375, 183.90365600585938, 359.99212646484375)","(-1.659111738204956, -0.04932422935962677, -28.71637535095215)","(359.87176513671875, 180.93756103515625, -0.0012418549740687013)",0.113043,-0.001953,"(-0.033086, 0.004392, -2.109087)",LeftFalse_RightFalse,False,"(-7.088192462921143, -0.014433711767196655, -1.9064909219741821)","(359.60296630859375, 88.91580963134766, 0.008200839161872864)",-0.187978,-0.188843,"(-0.000001, 0.000000, 0.000000)",LeftTrue_RightFalse
22.242615,0.020133,"(-1.3159887790679932, 1.2094206809997559, -28.965576171875)","(0.8066835403442383, 178.9369354248047, 358.77716064453125)","(-1.2761964797973633, 1.184350848197937, -28.822925567626953)","(359.87103271484375, 183.90098571777344, 359.9920959472656)","(-1.6604366302490234, -0.04914836585521698, -28.8008975982666)","(359.87078857421875, 180.9348907470703, -0.001214897376485169)",0.12323,-0.001953,"(-0.032900, 0.004371, -2.103463)",LeftFalse_RightFalse,False,"(-7.088192462921143, -0.014433711767196655, -1.9064908027648926)","(359.60296630859375, 88.91580963134766, 0.00820091925561428)",-0.187977,-0.189074,"(-0.000001, 0.000000, 0.000000)",LeftTrue_RightFalse
22.284119,0.02028,"(-1.3172078132629395, 1.209592342376709, -29.052860260009766)","(0.7692416906356812, 178.91061401367188, 358.8364562988281)","(-1.2775588035583496, 1.1845322847366333, -28.910192489624023)","(359.86981201171875, 183.8982391357422, 359.9920654296875)","(-1.6618008613586426, -0.04896709695458412, -28.88821029663086)","(359.8695983886719, 180.93214416503906, -0.00119707768317312)",0.131481,-0.001953,"(-0.032732, 0.004353, -2.099004)",LeftFalse_RightFalse,False,"(-7.088192462921143, -0.014433711767196655, -1.9064910411834717)","(359.60296630859375, 88.91580963134766, 0.008201266638934612)",-0.187978,-0.189316,"(-0.000001, 0.000001, 0.000000)",LeftTrue_RightFalse
22.342712,0.020005,"(-1.3186274766921997, 1.2098418474197388, -29.175704956054688)","(0.7474377751350403, 178.8533477783203, 358.9021911621094)","(-1.2794692516326904, 1.1847875118255615, -29.032997131347656)","(359.8678894042969, 183.89437866210938, 359.9919738769531)","(-1.6637136936187744, -0.04871249198913574, -29.01108169555664)","(359.8676452636719, 180.92828369140625, -0.0011878940276801586)",0.141767,-0.001953,"(-0.032509, 0.004331, -2.094045)",LeftFalse_RightFalse,False,"(-7.088192462921143, -0.014433711767196655, -1.9064909219741821)","(359.60296630859375, 88.91580963134766, 0.00820013228803873)",-0.187977,-0.189654,"(-0.000001, 0.000000, 0.000000)",LeftTrue_RightFalse
22.383667,0.020213,"(-1.3196622133255005, 1.2100191116333008, -29.2613468170166)","(0.7564389705657959, 178.81057739257812, 358.939453125)","(-1.2807965278625488, 1.1849651336669922, -29.11861801147461)","(359.8664855957031, 183.8916778564453, 359.99188232421875)","(-1.6650424003601074, -0.04853527620434761, -29.096750259399414)","(359.8662414550781, 180.9255828857422, -0.0011881734244525433)",0.146457,-0.001953,"(-0.032377, 0.004320, -2.091714)",LeftFalse_RightFalse,False,"(-7.088192939758301, -0.014433706179261208, -1.9064909219741821)","(359.60296630859375, 88.91580963134766, 0.008200465701520443)",-0.187978,-0.189891,"(-0.000001, 0.000001, 0.000000)",LeftTrue_RightFalse
22.442871,0.019996,"(-1.321326494216919, 1.2102769613265991, -29.385168075561523)","(0.802304208278656, 178.76087951660156, 358.9455871582031)","(-1.2827082872390747, 1.1852214336395264, -29.24241828918457)","(359.86444091796875, 183.88775634765625, 359.99176025390625)","(-1.6669560670852661, -0.04827951639890671, -29.22062110900879)","(359.86419677734375, 180.9216766357422, -0.0011996193788945675)",0.149705,-0.002075,"(-0.032192, 0.004309, -2.089082)",LeftFalse_RightFalse,False,"(-7.088192462921143, -0.014433681964874268, -1.9064909219741821)","(359.60296630859375, 88.91580963134766, 0.008199798874557018)",-0.187978,-0.190235,"(-0.000001, 0.000000, 0.000000)",LeftTrue_RightFalse
22.483582,0.020069,"(-1.322533369064331, 1.2104547023773193, -29.470149993896484)","(0.8314732313156128, 178.7501220703125, 358.9459228515625)","(-1.2840149402618408, 1.1853972673416138, -29.327392578125)","(359.8631591796875, 183.88504028320312, 359.99169921875)","(-1.6682636737823486, -0.04810412600636482, -29.305641174316406)","(359.8629150390625, 180.91896057128906, -0.0012231803266331553)",0.137849,-0.002563,"(-0.031970, 0.004313, -2.087450)",LeftFalse_RightFalse,False,"(-7.088192462921143, -0.014433681964874268, -1.9064908027648926)","(359.60296630859375, 88.91580963134766, 0.008199959062039852)",-0.187978,-0.190469,"(-0.000001, 0.000000, 0.000000)",LeftTrue_RightFalse
22.541016,0.019667,"(-1.3242690563201904, 1.2107062339782715, -29.589885711669922)","(0.8812761902809143, 178.73660278320312, 358.9391784667969)","(-1.2858375310897827, 1.1856465339660645, -29.447118759155273)","(359.8617858886719, 183.88059997558594, 359.991455078125)","(-1.6700851917266846, -0.04785630479454994, -29.42542839050293)","(359.8615417480469, 180.9145050048828, -0.0013751508668065071)",0.100492,-0.003845,"(-0.031224, 0.004323, -2.081123)",LeftFalse_RightFalse,False,"(-7.088192462921143, -0.014433681964874268, -1.9064909219741821)","(359.60296630859375, 88.91580963134766, 0.008200212381780148)",-0.187978,-0.190802,"(-0.000001, 0.000000, 0.000000)",LeftTrue_RightFalse
22.598267,0.019371,"(-1.3262031078338623, 1.210955262184143, -29.709150314331055)","(0.8997317552566528, 178.6829071044922, 358.96087646484375)","(-1.287600040435791, 1.1858949661254883, -29.565916061401367)","(359.8616943359375, 183.87437438964844, 359.9910583496094)","(-1.6718415021896362, -0.04761058837175369, -29.544269561767578)","(359.8614196777344, 180.9082794189453, -0.0017780405469238758)",0.073258,-0.006195,"(-0.030155, 0.004223, -2.073185)",LeftFalse_RightFalse,False,"(-7.088192462921143, -0.014433681964874268, -1.9064909219741821)","(359.60296630859375, 88.91580963134766, 0.008200612850487232)",-0.187978,-0.191133,"(-0.000001, 0.000000, 0.000000)",LeftTrue_RightFalse
22.641541,0.020148,"(-1.3277678489685059, 1.211135983467102, -29.79875946044922)","(0.9053568243980408, 178.6419219970703, 358.9614562988281)","(-1.288867473602295, 1.1860785484313965, -29.65533447265625)","(359.8627624511719, 183.8672637939453, 359.9905700683594)","(-1.6730995178222656, -0.04743038862943649, -29.633712768554688)","(359.8624572753906, 180.9011688232422, -0.0023216926492750645)",0.059339,-0.008514,"(-0.028127, 0.004117, -2.057796)",LeftFalse_RightFalse,False,"(-7.088192462921143, -0.014433681033551693, -1.9064908027648926)","(359.60296630859375, 88.91580963134766, 0.0082009332254529)",-0.187978,-0.191384,"(-0.000001, 0.000000, 0.000000)",LeftTrue_RightFalse
22.681702,0.020166,"(-1.3290693759918213, 1.2113014459609985, -29.88175392150879)","(0.9899769425392151, 178.6025390625, 358.9779357910156)","(-1.2899842262268066, 1.1862473487854004, -29.73784065246582)","(359.8643493652344, 183.85865783691406, 359.9900207519531)","(-1.6742051839828491, -0.04726553335785866, -29.716243743896484)","(359.864013671875, 180.89256286621094, -0.002959200879558921)",0.048065,-0.010803,"(-0.026378, 0.004074, -2.046006)",LeftFalse_RightFalse,False,"(-7.088192462921143, -0.014433681033551693, -1.9064909219741821)","(359.60296630859375, 88.91580963134766, 0.008200305514037609)",-0.187977,-0.191616,"(-0.000001, 0.000000, 0.000000)",LeftTrue_RightFalse
22.723816,0.020439,"(-1.3302669525146484, 1.2114723920822144, -29.96792221069336)","(1.0247454643249512, 178.55380249023438, 359.0184326171875)","(-1.2910737991333008, 1.1864231824874878, -29.823680877685547)","(359.866455078125, 183.84695434570312, 359.9892883300781)","(-1.6752806901931763, -0.047094572335481644, -29.8021183013916)","(359.8660583496094, 180.880859375, -0.003785550594329834)",0.038933,-0.01297,"(-0.024304, 0.004042, -2.033073)",LeftFalse_RightFalse,False,"(-7.088191986083984, -0.014433681964874268, -1.9064909219741821)","(359.60296630859375, 88.91580963134766, 0.00820054579526186)",-0.187978,-0.19186,"(-0.000001, 0.000000, 0.000000)",LeftTrue_RightFalse
22.765991,0.020652,"(-1.331316351890564, 1.2116419076919556, -30.053667068481445)","(1.091732144355774, 178.5106964111328, 359.02142333984375)","(-1.2920743227005005, 1.186598777770996, -29.90921401977539)","(359.8688049316406, 183.83216857910156, 359.9884948730469)","(-1.6762661933898926, -0.046924542635679245, -29.8877010345459)","(359.868408203125, 180.86607360839844, -0.0047139981761574745)",0.031535,-0.015106,"(-0.022142, 0.004018, -2.019243)",LeftFalse_RightFalse,False,"(-7.088192462921143, -0.014433681964874268, -1.9064908027648926)","(359.60296630859375, 88.91580963134766, 0.008200385607779026)",-0.187978,-0.192104,"(-0.000001, 0.000000, 0.000000)",LeftTrue_RightFalse
22.825134,0.020179,"(-1.3325573205947876, 1.2118768692016602, -30.172584533691406)","(1.1907718181610107, 178.45973205566406, 358.9913330078125)","(-1.293311357498169, 1.1868431568145752, -30.0279541015625)","(359.8723449707031, 183.8065185546875, 359.9873962402344)","(-1.6774845123291016, -0.04668775200843811, -30.00653839111328)","(359.8718566894531, 180.84043884277344, 359.9940185546875)",0.022989,-0.017761,"(-0.018884, 0.003993, -1.997235)",LeftFalse_RightFalse,False,"(-7.088192939758301, -0.014433681964874268, -1.9064910411834717)","(359.60296630859375, 88.91580963134766, 0.008200106211006641)",-0.187977,-0.192447,"(-0.000001, 0.000000, 0.000000)",LeftTrue_RightFalse
22.866821,0.020365,"(-1.3340873718261719, 1.2120404243469238, -30.255535125732422)","(1.2593791484832764, 178.48867797851562, 358.9007568359375)","(-1.2940665483474731, 1.1870133876800537, -30.110877990722656)","(359.8748474121094, 183.78533935546875, 359.9867858886719)","(-1.678230881690979, -0.046521760523319244, -30.08955192565918)","(359.87432861328125, 180.81924438476562, 359.9932861328125)",0.018621,-0.019562,"(-0.016743, 0.003971, -1.981946)",LeftFalse_RightFalse,False,"(-7.088192462921143, -0.014433681964874268, -1.9064909219741821)","(359.60296630859375, 88.91580963134766, 0.008200092241168022)",-0.187978,-0.192688,"(-0.000001, 0.000000, 0.000000)",LeftTrue_RightFalse
22.909973,0.02082,"(-1.3352123498916626, 1.2122070789337158, -30.34022331237793)","(1.270447015762329, 178.52423095703125, 358.83367919921875)","(-1.294746994972229, 1.187187671661377, -30.195966720581055)","(359.8773193359375, 183.76089477539062, 359.98626708984375)","(-1.6789052486419678, -0.046351268887519836, -30.174753189086914)","(359.87677001953125, 180.79481506347656, 359.99261474609375)",0.015083,-0.021667,"(-0.014542, 0.003911, -1.966314)",LeftFalse_RightFalse,False,"(-7.088192462921143, -0.014433681964874268, -1.9064909219741821)","(359.60296630859375, 88.91580963134766, 0.008199665695428848)",-0.187978,-0.192938,"(-0.000001, 0.000000, 0.000000)",LeftTrue_RightFalse
22.950806,0.020656,"(-1.335990309715271, 1.2123624086380005, -30.41983985900879)","(1.254072904586792, 178.55081176757812, 358.794189453125)","(-1.2952923774719238, 1.1873493194580078, -30.27581024169922)","(359.87945556640625, 183.73538208007812, 359.9858093261719)","(-1.6794474124908447, -0.0461927205324173, -30.25472068786621)","(359.8788757324219, 180.769287109375, 359.9920654296875)",0.012218,-0.023376,"(-0.012275, 0.003855, -1.950434)",LeftFalse_RightFalse,False,"(-7.088192462921143, -0.014433681964874268, -1.9064909219741821)","(359.60296630859375, 88.91580963134766, 0.008199745789170265)",-0.187978,-0.193174,"(-0.000001, 0.000000, 0.000000)",LeftTrue_RightFalse
23.008545,0.019987,"(-1.3366934061050415, 1.2130780220031738, -30.530597686767578)","(1.1197450160980225, 178.58615112304688, 358.8005065917969)","(-1.295900583267212, 1.1875734329223633, -30.387487411499023)","(359.88214111328125, 183.69566345214844, 359.9852600097656)","(-1.6800551414489746, -0.04597242921590805, -30.366607666015625)","(359.8815612792969, 180.7295684814453, 359.99139404296875)",0.008907,-0.025787,"(-0.008940, 0.003781, -1.926293)",LeftFalse_RightFalse,False,"(-7.088191986083984, -0.014433681964874268, -1.9064908027648926)","(359.60296630859375, 88.91580963134766, 0.008199265226721764)",-0.187977,-0.193508,"(-0.000001, 0.000000, 0.000000)",LeftTrue_RightFalse
23.064392,0.019269,"(-1.3370503187179565, 1.213538408279419, -30.636058807373047)","(0.8974714875221252, 178.5748291015625, 358.84539794921875)","(-1.296311855316162, 1.1877856254577637, -30.494178771972656)","(359.8843994140625, 183.65359497070312, 359.9848937988281)","(-1.6804704666137695, -0.04576300084590912, -30.473533630371094)","(359.8837890625, 180.6875, 359.99090576171875)",0.006493,-0.027771,"(-0.005719, 0.003719, -1.901943)",LeftFalse_RightFalse,False,"(-7.088192939758301, -0.014433681964874268, -1.9064910411834717)","(359.60296630859375, 88.91580963134766, 0.008199145086109638)",-0.187978,-0.193831,"(-0.000001, 0.000000, 0.000000)",LeftTrue_RightFalse
23.10553,0.019725,"(-1.3371533155441284, 1.2137970924377441, -30.712854385375977)","(0.7399455904960632, 178.53221130371094, 358.9082336425781)","(-1.2965078353881836, 1.1879394054412842, -30.572025299072266)","(359.8858642578125, 183.62063598632812, 359.9847412109375)","(-1.6806726455688477, -0.04561039060354233, -30.55156898498535)","(359.8852233886719, 180.654541015625, 359.99066162109375)",0.005259,-0.028412,"(-0.003767, 0.003681, -1.885666)",LeftFalse_RightFalse,False,"(-7.088191986083984, -0.014433681964874268, -1.9064909219741821)","(359.60296630859375, 88.91580963134766, 0.008199731819331646)",-0.187978,-0.19407,"(-0.000001, 0.000000, 0.000000)",LeftTrue_RightFalse
23.164673,0.019831,"(-1.3371449708938599, 1.2140973806381226, -30.822187423706055)","(0.5540796518325806, 178.50230407714844, 358.9847717285156)","(-1.2966521978378296, 1.188155174255371, -30.682588577270508)","(359.88763427734375, 183.57164001464844, 359.98480224609375)","(-1.680833339691162, -0.04539427161216736, -30.66242218017578)","(359.88702392578125, 180.6055450439453, 359.9906311035156)",0.003834,-0.028412,"(-0.001446, 0.003625, -1.861273)",LeftFalse_RightFalse,False,"(-7.088192462921143, -0.014433681964874268, -1.9064909219741821)","(359.60296630859375, 88.91580963134766, 0.008199585601687431)",-0.187977,-0.194412,"(-0.000001, 0.000000, 0.000000)",LeftTrue_RightFalse
23.22583,0.020179,"(-1.3369816541671753, 1.2143572568893433, -30.933813095092773)","(0.3755333423614502, 178.5744171142578, 359.076171875)","(-1.2966673374176025, 1.1883724927902222, -30.79545783996582)","(359.8891906738281, 183.52056884765625, 359.9852600097656)","(-1.6808745861053467, -0.04517391696572304, -30.77560043334961)","(359.8885498046875, 180.55447387695312, 359.99102783203125)",0.002795,-0.028412,"(0.000388, 0.003577, -1.836975)",LeftFalse_RightFalse,False,"(-7.088191986083984, -0.014433681964874268, -1.9064909219741821)","(359.60296630859375, 88.91580963134766, 0.008199452422559261)",-0.187978,-0.194766,"(-0.000001, 0.000000, 0.000000)",LeftTrue_RightFalse
23.28302,0.019595,"(-1.3367102146148682, 1.214574933052063, -31.03672981262207)","(0.25494498014450073, 178.77674865722656, 359.16802978515625)","(-1.296581506729126, 1.1885721683502197, -30.899703979492188)","(359.8903503417969, 183.47315979003906, 359.9858703613281)","(-1.680816411972046, -0.04497029259800911, -30.880138397216797)","(359.8897705078125, 180.507080078125, 359.9915771484375)",0.002038,-0.028259,"(0.002010, 0.003530, -1.812827)",LeftFalse_RightFalse,False,"(-7.088192462921143, -0.014433681964874268, -1.9064908027648926)","(359.60296630859375, 88.91580963134766, 0.008199385367333889)",-0.187978,-0.195097,"(-0.000001, 0.000000, 0.000000)",LeftTrue_RightFalse
23.325195,0.020147,"(-1.3364644050598145, 1.2147265672683716, -31.111862182617188)","(0.18816883862018585, 179.01939392089844, 359.19500732421875)","(-1.296462893486023, 1.1887171268463135, -30.97563362121582)","(359.89111328125, 183.43869018554688, 359.9863586425781)","(-1.6807188987731934, -0.044822096824645996, -30.956283569335938)","(359.89056396484375, 180.47259521484375, 359.99200439453125)",0.001651,-0.028076,"(0.002982, 0.003497, -1.796835)",LeftFalse_RightFalse,False,"(-7.088192939758301, -0.014433681964874268, -1.9064909219741821)","(359.60296630859375, 88.91580963134766, 0.008199838921427727)",-0.187977,-0.19534,"(-0.000001, 0.000000, 0.000000)",LeftTrue_RightFalse
23.365417,0.020145,"(-1.336198329925537, 1.214867115020752, -31.18305015563965)","(0.12333788722753525, 179.2572021484375, 359.2205810546875)","(-1.2963109016418457, 1.1888540983200073, -31.047468185424805)","(359.8917541503906, 183.40621948242188, 359.9868469238281)","(-1.6805871725082397, -0.044681910425424576, -31.0283203125)","(359.8912353515625, 180.4401397705078, 359.9924621582031)",0.001337,-0.027466,"(0.003851, 0.003465, -1.780937)",LeftFalse_RightFalse,False,"(-7.088192462921143, -0.014433681964874268, -1.9064910411834717)","(359.60296630859375, 88.91580963134766, 0.008200305514037609)",-0.187977,-0.195575,"(-0.000001, 0.000000, 0.000000)",LeftTrue_RightFalse
23.407471,0.020507,"(-1.3368440866470337, 1.215429425239563, -31.256988525390625)","(0.056155286729335785, 179.5644073486328, 359.2267761230469)","(-1.296117901802063, 1.1889957189559937, -31.12188148498535)","(359.8923645019531, 183.3730010986328, 359.98736572265625)","(-1.6804158687591553, -0.04453679546713829, -31.102943420410156)","(359.891845703125, 180.40692138671875, 359.9929504394531)",0.001083,-0.026459,"(0.004509, 0.003435, -1.765144)",LeftFalse_RightFalse,False,"(-7.088192462921143, -0.014433681964874268, -1.9064910411834717)","(359.60296630859375, 88.91580963134766, 0.008200813084840775)",-0.187977,-0.195818,"(-0.000001, 0.000000, 0.000000)",LeftTrue_RightFalse
23.448242,0.020506,"(-1.337534785270691, 1.2158199548721313, -31.32817840576172)","(0.07369185984134674, 180.03793334960938, 359.163818359375)","(-1.2959072589874268, 1.189131259918213, -31.193374633789062)","(359.8930358886719, 183.3418731689453, 359.9879455566406)","(-1.680227518081665, -0.04439719021320343, -31.174631118774414)","(359.8925476074219, 180.3757781982422, 359.9934997558594)",-0.078484,-0.025024,"(0.004879, 0.003397, -1.744764)",LeftFalse_RightFalse,False,"(-7.088192462921143, -0.014433681964874268, -1.9064908027648926)","(359.60296630859375, 88.91580963134766, 0.008201159536838531)",-0.187977,-0.196053,"(-0.000001, 0.000000, 0.000000)",LeftTrue_RightFalse
23.49176,0.021037,"(-1.338428020477295, 1.216125249862671, -31.402759552001953)","(0.1749749481678009, 180.57269287109375, 359.091064453125)","(-1.29567289352417, 1.1892719268798828, -31.2681827545166)","(359.8961181640625, 183.31069946289062, 359.9889221191406)","(-1.6800200939178467, -0.04425039142370224, -31.24958038330078)","(359.89569091796875, 180.3446044921875, -0.005684417672455311)",-0.169913,-0.022858,"(0.004810, 0.003351, -1.697190)",LeftFalse_RightFalse,False,"(-7.088192462921143, -0.014433681964874268, -1.9064908027648926)","(359.60296630859375, 88.91580963134766, 0.008200893178582191)",-0.187978,-0.196305,"(-0.000001, 0.000000, 0.000000)",LeftTrue_RightFalse
23.536438,0.021591,"(-1.3398072719573975, 1.2159404754638672, -31.476327896118164)","(0.49282243847846985, 181.5120391845703, 358.9562683105469)","(-1.295445203781128, 1.1894102096557617, -31.341936111450195)","(359.90460205078125, 183.28221130371094, 359.9905090332031)","(-1.6798255443572998, -0.044101886451244354, -31.323339462280273)","(359.90423583984375, 180.3161163330078, -0.004530423320829868)",-0.253377,-0.020508,"(0.004270, 0.003314, -1.621370)",LeftFalse_RightFalse,False,"(-7.088192939758301, -0.014433681964874268, -1.9064909219741821)","(359.60296630859375, 88.91580963134766, 0.00820091925561428)",-0.187978,-0.196564,"(-0.000001, 0.000000, 0.000000)",LeftTrue_RightFalse
23.577393,0.021208,"(-1.3410277366638184, 1.215861439704895, -31.539894104003906)","(0.8012207746505737, 182.38011169433594, 358.80914306640625)","(-1.295265555381775, 1.1895318031311035, -31.405624389648438)","(359.9180908203125, 183.26002502441406, 359.9925231933594)","(-1.6796793937683105, -0.0439676009118557, -31.386884689331055)","(359.9178161621094, 180.2939453125, -0.003235302632674575)",-0.340781,-0.018402,"(0.003480, 0.003266, -1.517173)",LeftFalse_RightFalse,False,"(-7.088192462921143, -0.014433681964874268, -1.9064909219741821)","(359.60296630859375, 88.91580963134766, 0.008200973272323608)",-0.187978,-0.196801,"(-0.000001, 0.000000, 0.000000)",LeftTrue_RightFalse
23.620178,0.0213,"(-1.3423405885696411, 1.2155992984771729, -31.60094451904297)","(1.0842839479446411, 183.1430206298828, 358.6747741699219)","(-1.2951138019561768, 1.189653992652893, -31.46677589416504)","(359.9380187988281, 183.24099731445312, -0.005011085886508226)","(-1.6795626878738403, -0.04382992535829544, -31.44773292541504)","(359.9378356933594, 180.27490234375, -0.0017970309127122164)",-0.400394,-0.016785,"(0.002495, 0.003160, -1.317548)",LeftFalse_RightFalse,False,"(-7.088191986083984, -0.014433681964874268, -1.9064909219741821)","(359.60296630859375, 88.91580963134766, 0.008200505748391151)",-0.187978,-0.197049,"(-0.000001, 0.000000, 0.000000)",LeftTrue_RightFalse
23.663269,0.02139,"(-1.3440617322921753, 1.2152851819992065, -31.655858993530273)","(1.3885855674743652, 184.0673370361328, 358.5029296875)","(-1.2949904203414917, 1.1897727251052856, -31.521799087524414)","(359.9617919921875, 183.22535705566406, -0.002539564622566104)","(-1.6794688701629639, -0.04369566589593887, -31.50234603881836)","(359.96173095703125, 180.25926208496094, -0.000559577252715826)",-0.42427,-0.015594,"(0.001972, 0.003033, -1.170889)",LeftFalse_RightFalse,False,"(-7.088192462921143, -0.014433681964874268, -1.9064909219741821)","(359.60296630859375, 88.91580963134766, 0.00820054579526186)",-0.187978,-0.197298,"(-0.000001, 0.000000, 0.000000)",LeftTrue_RightFalse
23.703918,0.021051,"(-1.3458024263381958, 1.2147464752197266, -31.701555252075195)","(1.6207380294799805, 184.7436065673828, 358.3542785644531)","(-1.294898509979248, 1.1898791790008545, -31.567594528198242)","(359.9857482910156, 183.21340942382812, -0.0002900329418480396)","(-1.6794005632400513, -0.043574780225753784, -31.547704696655273)","(359.9857482910156, 180.247314453125, 0.0004477619077078998)",-0.440197,-0.015076,"(0.001542, 0.002842, -1.017971)",LeftFalse_RightFalse,False,"(-7.088192462921143, -0.014433681033551693, -1.9064908027648926)","(359.60296630859375, 88.91580963134766, 0.008200585842132568)",-0.187978,-0.197533,"(-0.000001, 0.000000, 0.000000)",LeftTrue_RightFalse
23.747253,0.021252,"(-1.3472321033477783, 1.214397668838501, -31.7431697845459)","(1.8615328073501587, 185.41856384277344, 358.1902160644531)","(-1.294822096824646, 1.1899842023849487, -31.609285354614258)","(0.01103272382169962, 183.20323181152344, 0.001866472652181983)","(-1.6793434619903564, -0.043456003069877625, -31.588916778564453)","(0.011114525608718395, 180.2371368408203, 0.001293086213991046)",-0.468031,-0.014954,"(0.001267, 0.002591, -0.860351)",LeftFalse_RightFalse,False,"(-7.088191986083984, -0.014433681964874268, -1.9064908027648926)","(359.60296630859375, 88.91580963134766, 0.008200625889003277)",-0.187978,-0.197784,"(-0.000001, 0.000000, 0.000000)",LeftTrue_RightFalse
23.788452,0.021048,"(-1.348274827003479, 1.2142002582550049, -31.77581787109375)","(2.072972297668457, 186.00511169433594, 358.0469055175781)","(-1.2947622537612915, 1.1900724172592163, -31.641983032226562)","(0.03415749594569206, 183.19554138183594, 0.003708674805238843)","(-1.6792981624603271, -0.04335571825504303, -31.62116813659668)","(0.03430364653468132, 180.22946166992188, 0.0019362331368029118)",-0.49584,-0.014954,"(0.001071, 0.002222, -0.695513)",LeftFalse_RightFalse,False,"(-7.088192462921143, -0.014433681964874268, -1.9064909219741821)","(359.60296630859375, 88.91580963134766, 0.00820067897439003)",-0.187978,-0.198023,"(-0.000001, 0.000000, 0.000000)",LeftTrue_RightFalse
23.83075,0.021106,"(-1.3493828773498535, 1.2140735387802124, -31.801868438720703)","(2.271890640258789, 186.5377197265625, 357.87725830078125)","(-1.2947134971618652, 1.1901482343673706, -31.668088912963867)","(0.05687415227293968, 183.18951416015625, 0.005356270354241133)","(-1.6792597770690918, -0.04326906055212021, -31.64682388305664)","(0.05707511678338051, 180.22341918945312, 0.0024061514995992184)",-0.538916,-0.014954,"(0.000848, 0.001861, -0.520275)",LeftFalse_RightFalse,False,"(-7.088192462921143, -0.014433681964874268, -1.9064910411834717)","(359.60296630859375, 88.91580963134766, 0.008200732991099358)",-0.187978,-0.198268,"(-0.000001, 0.000000, 0.000000)",LeftTrue_RightFalse
23.887939,0.020104,"(-1.350586175918579, 1.2135878801345825, -31.824138641357422)","(2.5309603214263916, 187.0526580810547, 357.6975402832031)","(-1.2946680784225464, 1.1902247667312622, -31.69041633605957)","(0.08654984086751938, 183.1844940185547, 0.007442550268024206)","(-1.6792256832122803, -0.04317835718393326, -31.66854476928711)","(0.08681900799274445, 180.21839904785156, 0.0029540706891566515)",-0.632701,-0.014923,"(0.000419, 0.001290, -0.236688)",LeftFalse_RightFalse,False,"(-7.088192939758301, -0.014433681964874268, -1.9064910411834717)","(359.60296630859375, 88.91580963134766, 0.008200853131711483)",-0.187978,-0.198598,"(-0.000001, 0.000000, 0.000000)",LeftTrue_RightFalse
23.928833,0.020181,"(-1.351187825202942, 1.2132596969604492, -31.830713272094727)","(2.7378196716308594, 187.33639526367188, 357.5636291503906)","(-1.2946550846099854, 1.190258502960205, -31.69701385498047)","(0.10678575932979584, 183.17945861816406, 0.009053247049450874)","(-1.679224967956543, -0.04313347488641739, -31.674739837646484)","(0.10711116343736649, 180.21336364746094, 0.0035155031364411116)",-0.757719,-0.014648,"(-0.000766, 0.000726, -0.004196)",LeftFalse_RightFalse,False,"(-7.088192462921143, -0.014433681964874268, -1.9064909219741821)","(359.60296630859375, 88.91580963134766, 0.00820091925561428)",-0.187978,-0.198835,"(-0.000001, 0.000000, 0.000000)",LeftTrue_RightFalse
23.972046,0.020663,"(-1.35161292552948, 1.2130502462387085, -31.830923080444336)","(2.9210736751556396, 187.5533905029297, 357.4685974121094)","(-1.2946656942367554, 1.1902858018875122, -31.697242736816406)","(0.11863267421722412, 183.1788787841797, 0.009925051592290401)","(-1.6792404651641846, -0.043100204318761826, -31.67471694946289)","(0.1189873144030571, 180.21278381347656, 0.0037731220945715904)",-0.79289,-0.013916,"(-0.000073, 0.000634, 0.000183)",LeftFalse_RightFalse,False,"(-7.088191986083984, -0.014433681964874268, -1.9064909219741821)","(359.60296630859375, 88.91580963134766, 0.008200839161872864)",-0.187979,-0.199085,"(-0.000001, 0.000000, 0.000000)",LeftTrue_RightFalse
24.013367,0.020665,"(-1.3518657684326172, 1.2129743099212646, -31.83069610595703)","(3.035698175430298, 187.67837524414062, 357.406494140625)","(-1.2946722507476807, 1.1903064250946045, -31.69703483581543)","(0.10694415122270584, 183.1788787841797, 0.008985571563243866)","(-1.6792409420013428, -0.04308610036969185, -31.674760818481445)","(0.10726583749055862, 180.21278381347656, 0.003439724212512374)",-0.792902,-0.012665,"(-0.000045, 0.000129, 0.001044)",LeftFalse_RightFalse,False,"(-7.088191986083984, -0.014433681964874268, -1.9064910411834717)","(359.60296630859375, 88.91580963134766, 0.008200532756745815)",-0.187977,-0.199325,"(-0.000001, 0.000000, 0.000000)",LeftTrue_RightFalse
24.071594,0.019989,"(-1.3520747423171997, 1.2129520177841187, -31.830087661743164)","(3.1122519969940186, 187.76124572753906, 357.3666076660156)","(-1.294682264328003, 1.1903084516525269, -31.696449279785156)","(0.07434387505054474, 183.1788787841797, 0.006712738890200853)","(-1.6792408227920532, -0.04309967905282974, -31.67487907409668)","(0.07459162175655365, 180.21279907226562, 0.002856835490092635)",-0.804635,-0.010498,"(-0.000049, -0.000496, 0.001576)",LeftFalse_RightFalse,False,"(-7.088192462921143, -0.014433681964874268, -1.9064909219741821)","(359.60296630859375, 88.91580963134766, 0.00820051971822977)",-0.187978,-0.199661,"(-0.000001, 0.000000, 0.000000)",LeftTrue_RightFalse
24.113159,0.020299,"(-1.3521627187728882, 1.2129589319229126, -31.829587936401367)","(3.097723960876465, 187.75027465820312, 357.3935241699219)","(-1.2946887016296387, 1.190293312072754, -31.695966720581055)","(0.047236572951078415, 183.1788787841797, 0.004902850370854139)","(-1.6792407035827637, -0.0431269034743309, -31.67498016357422)","(0.047426991164684296, 180.2128143310547, 0.002452034503221512)",-0.808548,-0.009155,"(-0.000045, -0.000761, 0.001630)",LeftFalse_RightFalse,False,"(-7.088191986083984, -0.014433681964874268, -1.9064909219741821)","(359.60296630859375, 88.91580963134766, 0.008200532756745815)",-0.187978,-0.199902,"(-0.000001, 0.000000, 0.000000)",LeftTrue_RightFalse
24.156982,0.020905,"(-1.3519394397735596, 1.212971568107605, -31.82908821105957)","(2.9879307746887207, 187.6847381591797, 357.47564697265625)","(-1.2946949005126953, 1.190267562866211, -31.695465087890625)","(0.019239338114857674, 183.17889404296875, 0.003070574952289462)","(-1.6792409420013428, -0.04316464811563492, -31.67508316040039)","(0.019372450187802315, 180.2128143310547, 0.0020709256641566753)",-0.808554,-0.008362,"(-0.000038, -0.000909, 0.001553)",LeftFalse_RightFalse,False,"(-7.088192939758301, -0.014433681964874268, -1.9064908027648926)","(359.60296630859375, 88.91580963134766, 0.008200559765100479)",-0.187978,-0.200155,"(-0.000001, 0.000000, 0.000000)",LeftTrue_RightFalse
24.216309,0.020351,"(-1.351515769958496, 1.2129870653152466, -31.8284912109375)","(2.7540628910064697, 187.47024536132812, 357.6370544433594)","(-1.294701337814331, 1.1902252435684204, -31.69485855102539)","(359.9856262207031, 183.1789093017578, 0.0009045867482200265)","(-1.6792409420013428, -0.04322081059217453, -31.675201416015625)","(359.9856872558594, 180.2128143310547, 0.0016475635347887874)",-0.808561,-0.008209,"(-0.000028, -0.000949, 0.001314)",LeftFalse_RightFalse,False,"(-7.088191986083984, -0.014433681964874268, -1.9064909219741821)","(359.60296630859375, 88.91580963134766, 0.00820091925561428)",-0.187979,-0.200499,"(-0.000001, 0.000000, 0.000000)",LeftTrue_RightFalse
24.256348,0.020218,"(-1.35093355178833, 1.2129944562911987, -31.828174591064453)","(2.572624444961548, 187.30032348632812, 357.77850341796875)","(-1.2947046756744385, 1.1901960372924805, -31.694515228271484)","(359.9665222167969, 183.1789093017578, -0.00031361295259557664)","(-1.6792409420013428, -0.043257441371679306, -31.675270080566406)","(359.966552734375, 180.21282958984375, 0.0014183237217366695)",-0.808564,-0.008209,"(-0.000022, -0.000892, 0.001127)",LeftFalse_RightFalse,False,"(-7.088192462921143, -0.014433681964874268, -1.9064910411834717)","(359.60296630859375, 88.91580963134766, 0.008200425654649734)",-0.187977,-0.200732,"(-0.000001, 0.000000, 0.000000)",LeftTrue_RightFalse
24.313843,0.019627,"(-1.350447177886963, 1.213343620300293, -31.827795028686523)","(2.3534138202667236, 187.07171630859375, 357.9331359863281)","(-1.294708490371704, 1.190158486366272, -31.69411849975586)","(359.9444274902344, 183.17892456054688, -0.0017158696427941322)","(-1.6792409420013428, -0.043303605169057846, -31.675350189208984)","(359.9444274902344, 180.21282958984375, 0.0011612370144575834)",-0.808568,-0.008209,"(-0.000014, -0.000742, 0.000853)",LeftFalse_RightFalse,False,"(-7.088192462921143, -0.014433681964874268, -1.9064910411834717)","(359.60296630859375, 88.91580963134766, 0.008200332522392273)",-0.187978,-0.201064,"(-0.000001, 0.000000, 0.000000)",LeftTrue_RightFalse
24.354675,0.019936,"(-1.350248098373413, 1.2135931253433228, -31.82758140563965)","(2.2099082469940186, 186.9034423828125, 358.0531921386719)","(-1.294710397720337, 1.1901358366012573, -31.693899154663086)","(359.93218994140625, 183.17892456054688, -0.0024911381769925356)","(-1.6792408227920532, -0.043330900371074677, -31.67539405822754)","(359.9321594238281, 180.2128448486328, 0.0010207545710727572)",-0.80857,-0.008209,"(-0.000010, -0.000623, 0.000691)",LeftFalse_RightFalse,False,"(-7.088192939758301, -0.014433681964874268, -1.9064909219741821)","(359.60296630859375, 88.91580963134766, 0.008200359530746937)",-0.187978,-0.2013,"(-0.000001, 0.000000, 0.000000)",LeftTrue_RightFalse
24.394958,0.019976,"(-1.349658727645874, 1.2137492895126343, -31.82724380493164)","(2.049283742904663, 186.73330688476562, 358.18719482421875)","(-1.2947118282318115, 1.190117359161377, -31.693727493286133)","(359.9225769042969, 183.17893981933594, -0.0031008541118353605)","(-1.6792405843734741, -0.04335293173789978, -31.675430297851562)","(359.9225158691406, 180.2128448486328, 0.0009102640324272215)",-0.816384,-0.008209,"(-0.000007, -0.000509, 0.000550)",LeftFalse_RightFalse,False,"(-7.088191986083984, -0.014433681964874268, -1.9064909219741821)","(359.60296630859375, 88.91580963134766, 0.008200439624488354)",-0.187978,-0.201533,"(-0.000001, 0.000000, 0.000000)",LeftTrue_RightFalse
24.453552,0.01974,"(-1.3486270904541016, 1.213881492614746, -31.826719284057617)","(1.8746002912521362, 186.4930877685547, 358.3212585449219)","(-1.2947132587432861, 1.1900970935821533, -31.693538665771484)","(359.9121398925781, 183.17893981933594, -0.003763481741771102)","(-1.679240345954895, -0.04337704926729202, -31.675466537475586)","(359.91204833984375, 180.2128448486328, 0.0007879512850195169)",-0.816386,-0.008209,"(-0.000003, -0.000344, 0.000379)",LeftFalse_RightFalse,False,"(-7.088192462921143, -0.014433702453970909, -1.9064908027648926)","(359.60296630859375, 88.91580963134766, 0.008200705982744694)",-0.187978,-0.201872,"(-0.000001, -0.000001, 0.000000)",LeftTrue_RightFalse
24.494751,0.020038,"(-1.347832441329956, 1.213935136795044, -31.826509475708008)","(1.7881438732147217, 186.34251403808594, 358.400634765625)","(-1.2947139739990234, 1.190087080001831, -31.693443298339844)","(359.9068603515625, 183.17893981933594, -0.004101300146430731)","(-1.679240107536316, -0.043388959020376205, -31.675485610961914)","(359.9067687988281, 180.2128448486328, 0.0007240130216814578)",-0.800762,-0.008209,"(-0.000002, -0.000257, 0.000290)",LeftFalse_RightFalse,False,"(-7.088192462921143, -0.014433711767196655, -1.9064909219741821)","(359.60296630859375, 88.91580963134766, 0.008200946263968945)",-0.187976,-0.20211,"(-0.000001, 0.000000, 0.000000)",LeftTrue_RightFalse
24.554443,0.02003,"(-1.347172498703003, 1.2139811515808105, -31.826318740844727)","(1.7444781064987183, 186.13722229003906, 358.4627380371094)","(-1.2947146892547607, 1.1900779008865356, -31.693347930908203)","(359.9014587402344, 183.17893981933594, -0.004448003601282835)","(-1.6792397499084473, -0.04340018332004547, -31.675506591796875)","(359.9013366699219, 180.2128448486328, 0.0006574676372110844)",-0.789044,-0.008209,"(-0.000001, -0.000146, 0.000189)",LeftFalse_RightFalse,False,"(-7.088192462921143, -0.014433711767196655, -1.9064909219741821)","(359.60296630859375, 88.91580963134766, 0.008200893178582191)",-0.187978,-0.202457,"(-0.000001, 0.000000, 0.000000)",LeftTrue_RightFalse
24.594604,0.020055,"(-1.3469206094741821, 1.213999629020691, -31.826236724853516)","(1.7465978860855103, 186.03607177734375, 358.48590087890625)","(-1.294715166091919, 1.1900743246078491, -31.693302154541016)","(359.8989562988281, 183.17893981933594, -0.0046111661940813065)","(-1.6792397499084473, -0.04340469092130661, -31.675514221191406)","(359.8988342285156, 180.2128448486328, 0.0006237424095161259)",-0.789045,-0.008209,"(-0.000001, -0.000093, 0.000140)",LeftFalse_RightFalse,False,"(-7.088192462921143, -0.014433711767196655, -1.9064908027648926)","(359.60296630859375, 88.91580963134766, 0.00820069294422865)",-0.187977,-0.202689,"(-0.000001, 0.000000, 0.000000)",LeftTrue_RightFalse
24.652161,0.019535,"(-1.346710443496704, 1.2140164375305176, -31.826162338256836)","(1.7842069864273071, 185.92584228515625, 358.5069580078125)","(-1.2947155237197876, 1.190071940422058, -31.69325828552246)","(359.8965148925781, 183.17893981933594, -0.004773745778948069)","(-1.6792395114898682, -0.04340801388025284, -31.67552375793457)","(359.89642333984375, 180.21286010742188, 0.0005872187903150916)",-0.789045,-0.008209,"(-0.000001, -0.000034, 0.000086)",LeftFalse_RightFalse,False,"(-7.088192462921143, -0.014433711767196655, -1.9064908027648926)","(359.60296630859375, 88.91580963134766, 0.008201039396226406)",-0.187977,-0.203022,"(-0.000001, 0.000000, 0.000000)",LeftTrue_RightFalse
24.709229,0.019183,"(-1.34662663936615, 1.2140276432037354, -31.82659149169922)","(1.8583779335021973, 185.84010314941406, 358.53082275390625)","(-1.2947158813476562, 1.190071702003479, -31.693233489990234)","(359.8950500488281, 183.17893981933594, -0.0048773884773254395)","(-1.6792393922805786, -0.0434088259935379, -31.67552947998047)","(359.8949279785156, 180.21286010742188, 0.0005600584554485977)",-0.789046,-0.008209,"(-0.000001, 0.000002, 0.000051)",LeftFalse_RightFalse,False,"(-7.088192462921143, -0.014433711767196655, -1.9064910411834717)","(359.60296630859375, 88.91580963134766, 0.008200665935873985)",-0.187976,-0.203352,"(-0.000001, 0.000000, 0.000000)",LeftTrue_RightFalse
24.7677,0.019363,"(-1.346581220626831, 1.2140352725982666, -31.82682228088379)","(1.9682680368423462, 185.76217651367188, 358.5172424316406)","(-1.2947161197662354, 1.1900728940963745, -31.69321632385254)","(359.8941650390625, 183.17893981933594, -0.004941989667713642)","(-1.679239273071289, -0.0434081107378006, -31.6755313873291)","(359.89404296875, 180.21286010742188, 0.0005411934689618647)",-0.789046,-0.008209,"(0.000000, 0.000020, 0.000029)",LeftFalse_RightFalse,False,"(-7.088191986083984, -0.014433711767196655, -1.9064909219741821)","(359.60296630859375, 88.91580963134766, 0.008200813084840775)",-0.187979,-0.203691,"(-0.000001, 0.000000, 0.000000)",LeftTrue_RightFalse
24.810913,0.020167,"(-1.3465622663497925, 1.2140390872955322, -31.826919555664062)","(2.0664854049682617, 185.70193481445312, 358.5260009765625)","(-1.294716238975525, 1.19007408618927, -31.693208694458008)","(359.8937683105469, 183.17893981933594, -0.004971591755747795)","(-1.679239273071289, -0.04340708255767822, -31.675533294677734)","(359.8936767578125, 180.21286010742188, 0.0005313499714247882)",-0.78514,-0.008209,"(0.000000, 0.000027, 0.000019)",LeftFalse_RightFalse,False,"(-7.088192462921143, -0.014433711767196655, -1.9064908027648926)","(359.60296630859375, 88.91580963134766, 0.008200906217098236)",-0.187979,-0.203941,"(-0.000001, 0.000001, 0.000000)",LeftTrue_RightFalse
24.851501,0.020207,"(-1.3465732336044312, 1.2140426635742188, -31.827373504638672)","(2.1937096118927, 185.64688110351562, 358.5328369140625)","(-1.294716238975525, 1.190075397491455, -31.693206787109375)","(359.8935546875, 183.178955078125, -0.004990849178284407)","(-1.6792391538619995, -0.04340590164065361, -31.675535202026367)","(359.8934326171875, 180.21286010742188, 0.0005234742420725524)",-0.777328,-0.008209,"(0.000000, 0.000030, 0.000012)",LeftFalse_RightFalse,False,"(-7.088192939758301, -0.014433711767196655, -1.9064910411834717)","(359.60296630859375, 88.91580963134766, 0.00820054579526186)",-0.187976,-0.204176,"(-0.000001, 0.000001, 0.000000)",LeftTrue_RightFalse
24.912231,0.020307,"(-1.3465828895568848, 1.2136476039886475, -31.82776641845703)","(2.4723894596099854, 185.6023406982422, 358.5274353027344)","(-1.294716477394104, 1.190077304840088, -31.693204879760742)","(359.8934020996094, 183.178955078125, -0.005007386207580566)","(-1.679239273071289, -0.04340409114956856, -31.675537109375)","(359.8932800292969, 180.21286010742188, 0.0005155487451702356)",-0.773422,-0.008209,"(0.000000, 0.000030, 0.000006)",LeftFalse_RightFalse,False,"(-7.088192462921143, -0.014433711767196655, -1.9064908027648926)","(359.60296630859375, 88.91580963134766, 0.008200732991099358)",-0.187979,-0.204527,"(-0.000001, 0.000000, 0.000000)",LeftTrue_RightFalse
24.953918,0.020488,"(-1.3465864658355713, 1.2133928537368774, -31.827917098999023)","(2.728853225708008, 185.62908935546875, 358.52655029296875)","(-1.2947163581848145, 1.1900784969329834, -31.693204879760742)","(359.8933410644531, 183.178955078125, -0.005014046560972929)","(-1.67923903465271, -0.04340289905667305, -31.675537109375)","(359.89324951171875, 180.21286010742188, 0.0005111669888719916)",-0.773422,-0.008209,"(0.000000, 0.000028, 0.000003)",LeftFalse_RightFalse,False,"(-7.088192939758301, -0.014433711767196655, -1.9064909219741821)","(359.60296630859375, 88.91580963134766, 0.00820051971822977)",-0.187979,-0.204768,"(-0.000001, 0.000000, 0.000000)",LeftTrue_RightFalse
24.994934,0.020561,"(-1.3466110229492188, 1.212862253189087, -31.828411102294922)","(2.9600894451141357, 185.66473388671875, 358.5546875)","(-1.2947163581848145, 1.1900795698165894, -31.69320297241211)","(359.8933410644531, 183.178955078125, -0.005017813295125961)","(-1.67923903465271, -0.0434018149971962, -31.675537109375)","(359.8932189941406, 180.21286010742188, 0.0005079653346911073)",-0.773422,-0.008209,"(0.000000, 0.000025, 0.000002)",LeftFalse_RightFalse,False,"(-7.088192462921143, -0.014433711767196655, -1.9064908027648926)","(359.60296630859375, 88.91580963134766, 0.008200505748391151)",-0.187979,-0.205006,"(-0.000001, 0.000001, 0.000000)",LeftTrue_RightFalse
25.036133,0.02051,"(-1.346447467803955, 1.212526798248291, -31.828927993774414)","(3.145817518234253, 185.68023681640625, 358.5824890136719)","(-1.294716477394104, 1.1900806427001953, -31.693204879760742)","(359.8933410644531, 183.178955078125, -0.005020549055188894)","(-1.67923903465271, -0.04340086877346039, -31.675537109375)","(359.8932189941406, 180.21286010742188, 0.0005047926679253578)",-0.765609,-0.008209,"(0.000000, 0.000021, 0.000001)",LeftFalse_RightFalse,False,"(-7.088192462921143, -0.014433687552809715, -1.9064909219741821)","(359.60296630859375, 88.91580963134766, 0.008200599811971188)",-0.187978,-0.205245,"(-0.000001, 0.000001, 0.000000)",LeftTrue_RightFalse
25.076538,0.020411,"(-1.3461792469024658, 1.212110996246338, -31.829437255859375)","(3.3441638946533203, 185.6575164794922, 358.62469482421875)","(-1.2947165966033936, 1.1900813579559326, -31.693204879760742)","(359.89337158203125, 183.178955078125, -0.005021647550165653)","(-1.67923903465271, -0.0434001088142395, -31.675537109375)","(359.89324951171875, 180.21286010742188, 0.0005027365987189114)",-0.761703,-0.008209,"(0.000000, 0.000018, 0.000000)",LeftFalse_RightFalse,False,"(-7.088191986083984, -0.014433681964874268, -1.9064908027648926)","(359.60296630859375, 88.91580963134766, 0.008200839161872864)",-0.187976,-0.205478,"(-0.000001, 0.000000, 0.000000)",LeftTrue_RightFalse
25.116943,0.020371,"(-1.3460299968719482, 1.2114676237106323, -31.830154418945312)","(3.6401984691619873, 185.54478454589844, 358.6866760253906)","(-1.2947165966033936, 1.19008207321167, -31.693204879760742)","(359.8934020996094, 183.178955078125, -0.005020813085138798)","(-1.67923903465271, -0.04339944198727608, -31.675537109375)","(359.8932800292969, 180.21286010742188, 0.000502370938193053)",-0.753891,-0.008209,"(0.000000, 0.000016, 0.000000)",LeftFalse_RightFalse,False,"(-7.088191986083984, -0.014433681964874268, -1.9064909219741821)","(359.60296630859375, 88.91580963134766, 0.008200732991099358)",-0.187978,-0.205713,"(-0.000001, 0.000000, 0.000000)",LeftTrue_RightFalse
25.172363,0.019477,"(-1.3459101915359497, 1.2107492685317993, -31.83072853088379)","(4.029150485992432, 185.3653106689453, 358.7760009765625)","(-1.2947165966033936, 1.1900829076766968, -31.693204879760742)","(359.8934326171875, 183.178955078125, -0.005021978169679642)","(-1.67923903465271, -0.0433986596763134, -31.675537109375)","(359.893310546875, 180.21286010742188, 0.0004995149211026728)",-0.738266,-0.008209,"(0.000000, 0.000013, 0.000000)",LeftFalse_RightFalse,False,"(-7.088192939758301, -0.014433681964874268, -1.9064910411834717)","(359.60296630859375, 88.91580963134766, 0.008200505748391151)",-0.187978,-0.206033,"(-0.000001, 0.000000, 0.000000)",LeftTrue_RightFalse
25.214539,0.020051,"(-1.3448880910873413, 1.209628701210022, -31.83128547668457)","(4.732764720916748, 184.92062377929688, 358.8580627441406)","(-1.2947165966033936, 1.190083384513855, -31.693206787109375)","(359.8934326171875, 183.178955078125, -0.005021965131163597)","(-1.67923903465271, -0.043398164212703705, -31.675537109375)","(359.8933410644531, 180.21286010742188, 0.0004983425023965538)",-0.726547,-0.008209,"(0.000000, 0.000010, 0.000000)",LeftFalse_RightFalse,False,"(-7.088192462921143, -0.014433681964874268, -1.9064909219741821)","(359.60296630859375, 88.91580963134766, 0.008201119489967823)",-0.187978,-0.206277,"(-0.000001, 0.000000, 0.000000)",LeftTrue_RightFalse
25.255249,0.02012,"(-1.343855619430542, 1.2087243795394897, -31.831836700439453)","(5.379207134246826, 184.43821716308594, 358.90570068359375)","(-1.2947165966033936, 1.1900837421417236, -31.693206787109375)","(359.8934631347656, 183.178955078125, -0.005021350458264351)","(-1.67923903465271, -0.043397821485996246, -31.675537109375)","(359.8933410644531, 180.21286010742188, 0.0004979431978426874)",-0.70311,-0.008209,"(0.000000, 0.000007, 0.000000)",LeftFalse_RightFalse,False,"(-7.088192462921143, -0.014433681964874268, -1.9064908027648926)","(359.60296630859375, 88.91580963134766, 0.008200759068131447)",-0.187978,-0.206513,"(-0.000001, 0.000000, 0.000000)",LeftTrue_RightFalse
25.309692,0.019179,"(-1.342224359512329, 1.2073036432266235, -31.832500457763672)","(6.257205486297607, 183.57034301757812, 358.83941650390625)","(-1.294716715812683, 1.1900839805603027, -31.693206787109375)","(359.89349365234375, 183.178955078125, -0.005021098535507917)","(-1.67923903465271, -0.04339747503399849, -31.675537109375)","(359.89337158203125, 180.21286010742188, 0.0004970701411366463)",-0.699203,-0.008209,"(0.000000, 0.000005, 0.000000)",LeftFalse_RightFalse,False,"(-7.088192939758301, -0.014433681964874268, -1.9064910411834717)","(359.60296630859375, 88.91580963134766, 0.008200612850487232)",-0.187978,-0.206828,"(-0.000001, 0.000000, 0.000000)",LeftTrue_RightFalse
25.369141,0.019531,"(-1.340498685836792, 1.2057805061340332, -31.83322525024414)","(6.9964494705200195, 182.59979248046875, 358.75732421875)","(-1.294716715812683, 1.1900842189788818, -31.693204879760742)","(359.89349365234375, 183.178955078125, -0.005020414013415575)","(-1.67923903465271, -0.04339724779129028, -31.675535202026367)","(359.8934020996094, 180.21286010742188, 0.0004968183347955346)",-0.699203,-0.008209,"(0.000000, 0.000003, 0.000001)",LeftFalse_RightFalse,False,"(-7.088192462921143, -0.014433681964874268, -1.9064908027648926)","(359.60296630859375, 88.91580963134766, 0.008200893178582191)",-0.187977,-0.207172,"(-0.000001, 0.000001, 0.000000)",LeftTrue_RightFalse
25.427795,0.019607,"(-1.3391327857971191, 1.2048730850219727, -31.83417320251465)","(7.418020725250244, 181.8221435546875, 358.7180480957031)","(-1.294716715812683, 1.1900843381881714, -31.69320297241211)","(359.8935241699219, 183.178955078125, -0.005020358134061098)","(-1.67923903465271, -0.04339711740612984, -31.675533294677734)","(359.8934020996094, 180.21286010742188, 0.000496198539622128)",-0.699203,-0.008209,"(0.000000, 0.000002, 0.000001)",LeftFalse_RightFalse,False,"(-7.088191986083984, -0.014433681964874268, -1.9064909219741821)","(359.60296630859375, 88.91580963134766, 0.008200612850487232)",-0.187978,-0.207512,"(-0.000001, 0.000001, 0.000000)",LeftTrue_RightFalse
25.483521,0.019029,"(-1.3379523754119873, 1.2044198513031006, -31.83467674255371)","(7.701962947845459, 181.11180114746094, 358.7281188964844)","(-1.2947165966033936, 1.190084457397461, -31.693204879760742)","(359.8935241699219, 183.178955078125, -0.00501989247277379)","(-1.6792389154434204, -0.043397001922130585, -31.675533294677734)","(359.8934020996094, 180.21286010742188, 0.0004962066886946559)",-0.699203,-0.008209,"(0.000000, 0.000001, 0.000001)",LeftFalse_RightFalse,False,"(-7.088192462921143, -0.014433681964874268, -1.9064908027648926)","(359.60296630859375, 88.91580963134766, 0.008200372569262981)",-0.187979,-0.207834,"(-0.000001, 0.000001, 0.000000)",LeftTrue_RightFalse
25.523621,0.019366,"(-1.3370975255966187, 1.2042276859283447, -31.834911346435547)","(7.828136920928955, 180.76771545410156, 358.74322509765625)","(-1.294716715812683, 1.190084457397461, -31.693206787109375)","(359.8935241699219, 183.178955078125, -0.005019929260015488)","(-1.67923903465271, -0.043396975845098495, -31.675535202026367)","(359.8934020996094, 180.21286010742188, 0.0004959545331075788)",-0.691391,-0.008209,"(0.000000, 0.000001, 0.000001)",LeftFalse_RightFalse,False,"(-7.088192462921143, -0.014433681964874268, -1.9064909219741821)","(359.60296630859375, 88.91580963134766, 0.008200479671359062)",-0.187978,-0.208066,"(-0.000001, 0.000001, 0.000000)",LeftTrue_RightFalse
25.581482,0.019276,"(-1.3361119031906128, 1.204066514968872, -31.83512306213379)","(7.91176700592041, 180.18946838378906, 358.74530029296875)","(-1.294716715812683, 1.190084457397461, -31.693208694458008)","(359.8935241699219, 183.178955078125, -0.005020076874643564)","(-1.67923903465271, -0.043396949768066406, -31.675537109375)","(359.8934326171875, 180.21286010742188, 0.0004955815966241062)",-0.687485,-0.008209,"(0.000000, 0.000001, 0.000001)",LeftFalse_RightFalse,False,"(-7.088192462921143, -0.014433681964874268, -1.9064909219741821)","(359.60296630859375, 88.91580963134766, 0.008200439624488354)",-0.187977,-0.208401,"(-0.000001, 0.000001, 0.000000)",LeftTrue_RightFalse
25.642273,0.019806,"(-1.3353314399719238, 1.203978419303894, -31.835250854492188)","(7.931748390197754, 179.8040771484375, 358.760009765625)","(-1.294716715812683, 1.190084457397461, -31.693208694458008)","(359.8935241699219, 183.178955078125, -0.00502031622454524)","(-1.67923903465271, -0.04339691996574402, -31.675537109375)","(359.8934326171875, 180.21286010742188, 0.0004952095332555473)",-0.683578,-0.008209,"(0.000000, 0.000000, 0.000001)",LeftFalse_RightFalse,False,"(-7.088192939758301, -0.014433681964874268, -1.9064909219741821)","(359.60296630859375, 88.91580963134766, 0.008200893178582191)",-0.187978,-0.208753,"(-0.000001, 0.000001, 0.000000)",LeftTrue_RightFalse
25.697998,0.01918,"(-1.3346762657165527, 1.2039368152618408, -31.8353271484375)","(7.925972938537598, 179.5840301513672, 358.7674255371094)","(-1.294716715812683, 1.190084457397461, -31.693206787109375)","(359.8935546875, 183.178955078125, -0.0050201453268527985)","(-1.67923903465271, -0.04339691996574402, -31.675535202026367)","(359.8934326171875, 180.21286010742188, 0.0004953108727931976)",-0.67186,-0.008209,"(0.000000, 0.000000, 0.000001)",LeftFalse_RightFalse,False,"(-7.088192462921143, -0.014433681964874268, -1.9064909219741821)","(359.60296630859375, 88.91580963134766, 0.008200399577617645)",-0.187978,-0.209076,"(-0.000001, 0.000000, 0.000000)",LeftTrue_RightFalse
25.757324,0.019567,"(-1.3343043327331543, 1.2039132118225098, -31.835369110107422)","(7.876195907592773, 179.43673706054688, 358.793701171875)","(-1.294716715812683, 1.190084457397461, -31.693206787109375)","(359.8935546875, 183.178955078125, -0.005019951146095991)","(-1.67923903465271, -0.04339691996574402, -31.675535202026367)","(359.8934326171875, 180.21286010742188, 0.0004954072064720094)",-0.664047,-0.008209,"(0.000000, 0.000000, 0.000001)",LeftFalse_RightFalse,False,"(-7.088191986083984, -0.014433681964874268, -1.9064909219741821)","(359.60296630859375, 88.91580963134766, 0.008200052194297314)",-0.187978,-0.209419,"(-0.000001, 0.000000, 0.000000)",LeftTrue_RightFalse
25.799927,0.020291,"(-1.3341526985168457, 1.2039035558700562, -31.835390090942383)","(7.81412410736084, 179.3387451171875, 358.82330322265625)","(-1.294716715812683, 1.190084457397461, -31.693208694458008)","(359.8935546875, 183.178955078125, -0.005019394215196371)","(-1.67923903465271, -0.04339692369103432, -31.675537109375)","(359.8934326171875, 180.21286010742188, 0.0004959205398336053)",-0.656235,-0.007538,"(0.000000, 0.000000, 0.000001)",LeftFalse_RightFalse,False,"(-7.088192462921143, -0.014433681964874268, -1.9064909219741821)","(359.60296630859375, 88.91580963134766, 0.008200305514037609)",-0.187978,-0.209666,"(-0.000001, 0.000000, 0.000000)",LeftTrue_RightFalse
25.841309,0.020448,"(-1.3340617418289185, 1.2038978338241577, -31.835397720336914)","(7.759904384613037, 179.23948669433594, 358.85186767578125)","(-1.294716715812683, 1.190084457397461, -31.693206787109375)","(359.8935546875, 183.178955078125, -0.005019336938858032)","(-1.67923903465271, -0.04339691996574402, -31.675535202026367)","(359.8934326171875, 180.21286010742188, 0.0004959716461598873)",-0.644516,-0.006348,"(0.000000, 0.000000, 0.000001)",LeftFalse_RightFalse,False,"(-7.088192462921143, -0.014433681964874268, -1.9064909219741821)","(359.60296630859375, 88.91580963134766, 0.00820065289735794)",-0.187978,-0.209905,"(-0.000001, 0.000000, 0.000000)",LeftTrue_RightFalse
25.882813,0.020606,"(-1.333764672279358, 1.2038942575454712, -31.835418701171875)","(7.696226596832275, 179.06956481933594, 358.9119873046875)","(-1.294716715812683, 1.190084457397461, -31.693206787109375)","(359.8935546875, 183.178955078125, -0.005019701085984707)","(-1.67923903465271, -0.04339691996574402, -31.675535202026367)","(359.8934326171875, 180.21287536621094, 0.0004956118064001203)",-0.617172,-0.005859,"(0.000000, 0.000000, 0.000001)",LeftFalse_RightFalse,False,"(-7.088192462921143, -0.014433681964874268, -1.9064910411834717)","(359.60296630859375, 88.91580963134766, 0.008200572803616524)",-0.187978,-0.210146,"(-0.000001, 0.000000, 0.000000)",LeftTrue_RightFalse
25.927368,0.021221,"(-1.333386778831482, 1.2038917541503906, -31.835439682006836)","(7.577186584472656, 178.84942626953125, 358.97418212890625)","(-1.294716715812683, 1.190084457397461, -31.693204879760742)","(359.8935546875, 183.178955078125, -0.005019633565098047)","(-1.67923903465271, -0.04339691996574402, -31.675533294677734)","(359.8934326171875, 180.21287536621094, 0.0004956794437021017)",-0.574203,-0.005493,"(0.000000, 0.000000, 0.000001)",LeftFalse_RightFalse,False,"(-7.088192462921143, -0.014433681964874268, -1.9064910411834717)","(359.60296630859375, 88.91580963134766, 0.008200746029615402)",-0.187978,-0.210404,"(-0.000001, 0.000000, 0.000000)",LeftTrue_RightFalse
25.970703,0.021442,"(-1.3327661752700806, 1.2038904428482056, -31.835479736328125)","(7.239203929901123, 178.38088989257812, 359.05218505859375)","(-1.294716715812683, 1.190084457397461, -31.693208694458008)","(359.8935546875, 183.178955078125, -0.005019895266741514)","(-1.67923903465271, -0.04339691996574402, -31.675537109375)","(359.8934326171875, 180.21287536621094, 0.0004954158794134855)",-0.488067,-0.005402,"(0.000000, 0.000000, 0.000001)",LeftFalse_RightFalse,False,"(-7.088192462921143, -0.014433681964874268, -1.9064910411834717)","(359.60296630859375, 88.91580963134766, 0.00820078607648611)",-0.187977,-0.210655,"(-0.000001, 0.000000, 0.000000)",LeftTrue_RightFalse
26.013611,0.021475,"(-1.331254005432129, 1.2051185369491577, -31.835559844970703)","(6.735984802246094, 177.7425537109375, 359.113525390625)","(-1.294716715812683, 1.190084457397461, -31.693206787109375)","(359.8935546875, 183.178955078125, -0.005019251722842455)","(-1.67923903465271, -0.04339691996574402, -31.675535202026367)","(359.8934326171875, 180.21287536621094, 0.0004960641963407397)",-0.353149,-0.005402,"(0.000000, 0.000000, 0.000001)",LeftFalse_RightFalse,False,"(-7.088192939758301, -0.014433681964874268, -1.9064910411834717)","(359.60296630859375, 88.91580963134766, 0.008200399577617645)",-0.187978,-0.210902,"(-0.000001, 0.000000, 0.000000)",LeftTrue_RightFalse
26.072266,0.020533,"(-1.3285990953445435, 1.2072371244430542, -31.835702896118164)","(5.816376209259033, 176.60324096679688, 359.2476501464844)","(-1.294716715812683, 1.190084457397461, -31.693204879760742)","(359.8935546875, 183.178955078125, -0.005019748583436012)","(-1.67923903465271, -0.04339691996574402, -31.675533294677734)","(359.8934326171875, 180.21287536621094, 0.000495567568577826)",-0.123001,-0.005402,"(0.000000, 0.000000, 0.000001)",LeftFalse_RightFalse,False,"(-7.088191986083984, -0.014433681964874268, -1.9064909219741821)","(359.60296630859375, 88.91580963134766, 0.008200345560908318)",-0.187978,-0.211242,"(-0.000001, 0.000000, 0.000000)",LeftTrue_RightFalse
26.116943,0.021137,"(-1.3261806964874268, 1.209151268005371, -31.83583641052246)","(5.011847496032715, 175.57183837890625, 359.3456115722656)","(-1.294716715812683, 1.190084457397461, -31.693208694458008)","(359.8935546875, 183.17897033691406, -0.005019140429794788)","(-1.67923903465271, -0.04339694604277611, -31.675537109375)","(359.8934326171875, 180.21287536621094, 0.0004961714730598032)",0.0,-0.005402,"(0.000000, -0.000001, 0.000001)",LeftFalse_RightFalse,False,"(-7.088192462921143, -0.014433681964874268, -1.9064910411834717)","(359.60296630859375, 88.91580963134766, 0.00820041261613369)",-0.187978,-0.211501,"(-0.000001, 0.000000, 0.000000)",LeftTrue_RightFalse
26.176331,0.020524,"(-1.3228060007095337, 1.2116552591323853, -31.835275650024414)","(3.5775370597839355, 173.61480712890625, 359.4359130859375)","(-1.2947170734405518, 1.1900845766067505, -31.693214416503906)","(359.8935241699219, 183.18040466308594, -0.005024484358727932)","(-1.6792386770248413, -0.04339684918522835, -31.675533294677734)","(359.8934020996094, 180.2143096923828, 0.0004917372134514153)",0.0,-0.005402,"(0.000006, -0.000003, 0.001144)",LeftFalse_RightFalse,False,"(-7.088192462921143, -0.014433681964874268, -1.9064909219741821)","(359.60296630859375, 88.91580963134766, 0.008200585842132568)",-0.187977,-0.211844,"(-0.000001, 0.000000, 0.000000)",LeftTrue_RightFalse
26.219116,0.020817,"(-1.3208211660385132, 1.213026523590088, -31.83425521850586)","(2.7146263122558594, 172.32754516601562, 359.4698486328125)","(-1.2947168350219727, 1.1900842189788818, -31.693132400512695)","(359.8938293457031, 183.1808319091797, -0.005007329396903515)","(-1.6792384386062622, -0.04339718446135521, -31.67544174194336)","(359.8937072753906, 180.2147674560547, 0.0004935501492582262)",0.0,-0.005402,"(0.000005, -0.000003, 0.002875)",LeftFalse_RightFalse,False,"(-7.088192462921143, -0.014433681964874268, -1.9064908027648926)","(359.60296630859375, 88.91580963134766, 0.00820051971822977)",-0.187978,-0.212092,"(-0.000001, 0.000000, 0.000000)",LeftTrue_RightFalse
26.276306,0.019958,"(-1.3188351392745972, 1.2144304513931274, -31.83263397216797)","(1.9319478273391724, 170.9905242919922, 359.4647216796875)","(-1.2947168350219727, 1.190084457397461, -31.69306182861328)","(359.893798828125, 183.18145751953125, -0.005012719891965389)","(-1.6792380809783936, -0.04339693486690521, -31.675369262695312)","(359.8936767578125, 180.2153778076172, 0.0004900734056718647)",0.0,-0.005402,"(0.000008, 0.000001, 0.001571)",LeftFalse_RightFalse,False,"(-7.088192462921143, -0.014433681964874268, -1.9064909219741821)","(359.60296630859375, 88.91580963134766, 0.00820130668580532)",-0.187977,-0.212423,"(-0.000001, 0.000000, 0.000000)",LeftTrue_RightFalse
26.319275,0.020425,"(-1.3174121379852295, 1.215348482131958, -31.831050872802734)","(1.4717698097229004, 170.19822692871094, 359.50103759765625)","(-1.294716477394104, 1.1900840997695923, -31.69295310974121)","(359.8939208984375, 183.18170166015625, -0.0050035323947668076)","(-1.679237723350525, -0.043397206813097, -31.675254821777344)","(359.8938293457031, 180.21560668945312, 0.0004914585733786225)",0.0,-0.005402,"(0.000006, -0.000003, 0.003247)",LeftFalse_RightFalse,False,"(-7.088192462921143, -0.014433681964874268, -1.9064909219741821)","(359.60296630859375, 88.91580963134766, 0.008201359771192074)",-0.187977,-0.212672,"(-0.000001, 0.000000, 0.000000)",LeftTrue_RightFalse
26.359863,0.02036,"(-1.3165688514709473, 1.216071605682373, -31.829858779907227)","(1.1246446371078491, 169.6710968017578, 359.54779052734375)","(-1.2947161197662354, 1.1900842189788818, -31.69282341003418)","(359.8940734863281, 183.18206787109375, -0.00499741081148386)","(-1.6792372465133667, -0.04339706897735596, -31.675119400024414)","(359.8939514160156, 180.2159881591797, 0.0004907450638711452)",0.0,-0.005402,"(0.000011, -0.000002, 0.003678)",LeftFalse_RightFalse,False,"(-7.088192462921143, -0.014433681964874268, -1.9064909219741821)","(359.60296630859375, 88.91580963134766, 0.008200799115002155)",-0.187978,-0.212907,"(-0.000001, 0.000000, 0.000000)",LeftTrue_RightFalse
26.401489,0.020517,"(-1.3159594535827637, 1.216952919960022, -31.827905654907227)","(0.7031775712966919, 169.371337890625, 359.6097412109375)","(-1.294715404510498, 1.1900837421417236, -31.69259262084961)","(359.8944091796875, 183.18113708496094, -0.004977034870535135)","(-1.679236888885498, -0.043397463858127594, -31.674888610839844)","(359.894287109375, 180.2150421142578, 0.000493778265081346)",0.0,-0.005402,"(0.000014, -0.000003, 0.005731)",LeftFalse_RightFalse,False,"(-7.088192939758301, -0.014433682896196842, -1.9064910411834717)","(359.60296630859375, 88.91580963134766, 0.00820069294422865)",-0.187978,-0.213148,"(-0.000001, 0.000000, 0.000000)",LeftTrue_RightFalse
26.443298,0.02064,"(-1.3155624866485596, 1.2177468538284302, -31.82638931274414)","(0.2617188096046448, 169.18856811523438, 359.6896057128906)","(-1.2947142124176025, 1.190083622932434, -31.692367553710938)","(359.8944396972656, 183.1797332763672, -0.004975762218236923)","(-1.6792360544204712, -0.04339753836393356, -31.674671173095703)","(359.8943176269531, 180.21363830566406, 0.0004926974652335048)",0.0,-0.005402,"(0.000015, -0.000006, 0.005538)",LeftFalse_RightFalse,False,"(-7.088192462921143, -0.014433681964874268, -1.9064909219741821)","(359.60296630859375, 88.91580963134766, 0.008200946263968945)",-0.187978,-0.213389,"(-0.000001, 0.000000, 0.000000)",LeftTrue_RightFalse
26.502258,0.020216,"(-1.3149855136871338, 1.2189052104949951, -31.824520111083984)","(359.6870422363281, 169.00079345703125, 359.8602294921875)","(-1.2947133779525757, 1.1900832653045654, -31.692041397094727)","(359.8944396972656, 183.1808319091797, -0.004975271876901388)","(-1.6792349815368652, -0.04339789226651192, -31.674339294433594)","(359.8943176269531, 180.21475219726562, 0.0004936450277455151)",0.0,-0.005402,"(0.000015, -0.000008, 0.004742)",LeftFalse_RightFalse,False,"(-7.088192462921143, -0.014433681964874268, -1.9064909219741821)","(359.60296630859375, 88.91580963134766, 0.008200773037970066)",-0.187977,-0.213731,"(-0.000001, 0.000000, 0.000000)",LeftTrue_RightFalse
26.56012,0.0198,"(-1.314388632774353, 1.2198395729064941, -31.82335090637207)","(359.1838073730469, 168.80532836914062, 0.027600837871432304)","(-1.2947129011154175, 1.1900825500488281, -31.691646575927734)","(359.89459228515625, 183.1815948486328, -0.004961869213730097)","(-1.679234266281128, -0.04339855909347534, -31.673934936523438)","(359.8945007324219, 180.2154998779297, 0.000498314097058028)",0.0,-0.005402,"(0.000018, -0.000009, 0.006173)",LeftFalse_RightFalse,False,"(-7.088192462921143, -0.014433681964874268, -1.9064909219741821)","(359.60296630859375, 88.91580963134766, 0.00820069294422865)",-0.187978,-0.214066,"(-0.000001, 0.000000, 0.000000)",LeftTrue_RightFalse
26.617004,0.019442,"(-1.3140157461166382, 1.2205684185028076, -31.8214054107666)","(358.909423828125, 168.6284942626953, 0.14397770166397095)","(-1.2947121858596802, 1.1900821924209595, -31.691238403320312)","(359.89453125, 183.18226623535156, -0.004969974514096975)","(-1.679233193397522, -0.043398965150117874, -31.67352294921875)","(359.8944396972656, 180.2161865234375, 0.0004936402547173202)",0.0,-0.005402,"(0.000018, -0.000013, 0.008225)",LeftFalse_RightFalse,False,"(-7.088192462921143, -0.014433681964874268, -1.9064908027648926)","(359.60296630859375, 88.91580963134766, 0.008200665935873985)",-0.187978,-0.214395,"(-0.000001, 0.000000, 0.000000)",LeftTrue_RightFalse
26.673279,0.019093,"(-1.3138200044631958, 1.2217260599136353, -31.820119857788086)","(358.7497863769531, 168.56126403808594, 0.24042409658432007)","(-1.2947114706039429, 1.1900814771652222, -31.690765380859375)","(359.89453125, 183.18313598632812, -0.00497096311300993)","(-1.6792322397232056, -0.04339973255991936, -31.673044204711914)","(359.8944091796875, 180.217041015625, 0.0004932844312861562)",0.0,-0.005402,"(0.000017, -0.000011, 0.006783)",LeftFalse_RightFalse,False,"(-7.088192462921143, -0.014433681964874268, -1.9064909219741821)","(359.60296630859375, 88.91580963134766, 0.008200665935873985)",-0.187978,-0.214721,"(-0.000001, 0.000000, 0.000000)",LeftTrue_RightFalse
26.714722,0.01967,"(-1.3137340545654297, 1.2225732803344727, -31.819385528564453)","(358.6277160644531, 168.550048828125, 0.3032305836677551)","(-1.2947107553482056, 1.1900807619094849, -31.690378189086914)","(359.8945617675781, 183.18292236328125, -0.00497035775333643)","(-1.6792315244674683, -0.04340039938688278, -31.672658920288086)","(359.8944396972656, 180.2168426513672, 0.0004926060209982097)",0.0,-0.005402,"(0.000021, -0.000014, 0.008158)",LeftFalse_RightFalse,False,"(-7.088192462921143, -0.014433681964874268, -1.9064909219741821)","(359.60296630859375, 88.91580963134766, 0.008200732991099358)",-0.187978,-0.21496,"(-0.000001, 0.000000, 0.000000)",LeftTrue_RightFalse
26.755493,0.019954,"(-1.313656210899353, 1.223278284072876, -31.81839370727539)","(358.45074462890625, 168.6364288330078, 0.393724650144577)","(-1.294709324836731, 1.190079927444458, -31.689992904663086)","(359.8945007324219, 183.18185424804688, -0.00497500179335475)","(-1.6792304515838623, -0.04340120032429695, -31.67228126525879)","(359.8943786621094, 180.21575927734375, 0.0004913995508104563)",0.0,-0.005402,"(0.000021, -0.000019, 0.010477)",LeftFalse_RightFalse,False,"(-7.088192462921143, -0.014433681964874268, -1.9064909219741821)","(359.60296630859375, 88.91580963134766, 0.008200866170227528)",-0.187978,-0.215197,"(-0.000001, 0.000000, 0.000000)",LeftTrue_RightFalse
26.796021,0.020036,"(-1.3140716552734375, 1.2237223386764526, -31.817602157592773)","(358.3685607910156, 168.8385009765625, 0.5091087818145752)","(-1.294708490371704, 1.1900792121887207, -31.689605712890625)","(359.8943786621094, 183.18174743652344, -0.004980401135981083)","(-1.6792296171188354, -0.04340190812945366, -31.671897888183594)","(359.894287109375, 180.21568298339844, 0.0004909507115371525)",0.0,-0.005402,"(0.000024, -0.000017, 0.009584)",LeftFalse_RightFalse,False,"(-7.088192462921143, -0.014433681964874268, -1.9064908027648926)","(359.60296630859375, 88.91580963134766, 0.008200999349355698)",-0.187978,-0.215431,"(-0.000001, 0.000000, 0.000000)",LeftTrue_RightFalse
26.836548,0.020057,"(-1.314734935760498, 1.2240045070648193, -31.816884994506836)","(358.3198547363281, 169.11526489257812, 0.592782735824585)","(-1.2947076559066772, 1.190078616142273, -31.689170837402344)","(359.8944396972656, 183.1823272705078, -0.004975761752575636)","(-1.679228663444519, -0.04340256378054619, -31.671457290649414)","(359.8943176269531, 180.2162322998047, 0.0004927917034365237)",0.0,-0.005402,"(0.000024, -0.000022, 0.012186)",LeftFalse_RightFalse,False,"(-7.088192939758301, -0.014433681964874268, -1.9064910411834717)","(359.60296630859375, 88.91580963134766, 0.00820065289735794)",-0.187978,-0.215666,"(-0.000001, 0.000000, 0.000000)",LeftTrue_RightFalse
26.876709,0.020016,"(-1.316817283630371, 1.2246050834655762, -31.817039489746094)","(358.1748962402344, 169.73374938964844, 0.5754252076148987)","(-1.2947068214416504, 1.190077781677246, -31.688697814941406)","(359.8945617675781, 183.18275451660156, -0.004968124441802502)","(-1.6792277097702026, -0.043403349816799164, -31.670978546142578)","(359.8944396972656, 180.21665954589844, 0.0004942039959132671)",0.0,-0.005402,"(0.000025, -0.000021, 0.012608)",LeftFalse_RightFalse,False,"(-7.088192462921143, -0.014433681964874268, -1.9064909219741821)","(359.60296630859375, 88.91580963134766, 0.008200799115002155)",-0.187978,-0.215899,"(-0.000001, 0.000000, 0.000000)",LeftTrue_RightFalse
26.918274,0.020284,"(-1.3184220790863037, 1.2252230644226074, -31.81747817993164)","(357.95025634765625, 170.59095764160156, 0.43767085671424866)","(-1.2947056293487549, 1.1900769472122192, -31.688209533691406)","(359.89453125, 183.1824951171875, -0.004970789421349764)","(-1.6792266368865967, -0.04340418428182602, -31.670494079589844)","(359.8944091796875, 180.21640014648438, 0.0004940773942507803)",0.0,-0.005402,"(0.000024, -0.000022, 0.013070)",LeftFalse_RightFalse,False,"(-7.088192462921143, -0.014433681964874268, -1.9064908027648926)","(359.60296630859375, 88.91580963134766, 0.008200813084840775)",-0.187977,-0.216138,"(-0.000001, 0.000000, 0.000000)",LeftTrue_RightFalse
26.959351,0.02039,"(-1.319701910018921, 1.225507378578186, -31.818260192871094)","(357.893798828125, 171.41209411621094, 0.22198517620563507)","(-1.2947041988372803, 1.1900758743286133, -31.68772315979004)","(359.8944091796875, 183.18136596679688, -0.004978753160685301)","(-1.6792255640029907, -0.04340524971485138, -31.67001724243164)","(359.894287109375, 180.21530151367188, 0.0004923586384393275)",0.0,-0.005402,"(0.000027, -0.000021, 0.011855)",LeftFalse_RightFalse,False,"(-7.088192462921143, -0.014433681964874268, -1.9064909219741821)","(359.60296630859375, 88.91580963134766, 0.008200799115002155)",-0.187978,-0.216377,"(-0.000001, 0.000000, 0.000000)",LeftTrue_RightFalse
27.019592,0.020324,"(-1.3214800357818604, 1.2250208854675293, -31.81941032409668)","(358.1737976074219, 172.38223266601562, 359.93438720703125)","(-1.2947025299072266, 1.1900746822357178, -31.6868839263916)","(359.8946228027344, 183.18174743652344, -0.004961697850376368)","(-1.679223895072937, -0.04340651258826256, -31.669170379638672)","(359.8945007324219, 180.21568298339844, 0.0004976187483407557)",0.0,-0.005402,"(0.000028, -0.000024, 0.013675)",LeftFalse_RightFalse,False,"(-7.088192462921143, -0.014433681964874268, -1.9064909219741821)","(359.60296630859375, 88.91580963134766, 0.008200879208743572)",-0.187978,-0.216726,"(-0.000001, 0.000000, 0.000000)",LeftTrue_RightFalse
27.077332,0.019762,"(-1.3225178718566895, 1.2234755754470825, -31.820266723632812)","(359.10595703125, 173.15272521972656, 359.44061279296875)","(-1.2947005033493042, 1.1900732517242432, -31.68613052368164)","(359.894287109375, 183.18051147460938, -0.004983376245945692)","(-1.6792222261428833, -0.04340803995728493, -31.668432235717773)","(359.8941955566406, 180.21441650390625, 0.0004927896661683917)",0.0,-0.005402,"(0.000031, -0.000024, 0.012141)",LeftFalse_RightFalse,False,"(-7.088192462921143, -0.014433681964874268, -1.9064909219741821)","(359.60296630859375, 88.91580963134766, 0.008200612850487232)",-0.187978,-0.21706,"(-0.000001, 0.000000, 0.000000)",LeftTrue_RightFalse
27.119995,0.020292,"(-1.3229544162750244, 1.2219982147216797, -31.820331573486328)","(0.3375309407711029, 173.61769104003906, 359.0771484375)","(-1.2946984767913818, 1.1900721788406372, -31.685510635375977)","(359.894287109375, 183.17893981933594, -0.004982722457498312)","(-1.6792206764221191, -0.04340914264321327, -31.667823791503906)","(359.8941650390625, 180.2128448486328, 0.0004940148210152984)",0.0,-0.005402,"(0.000033, -0.000026, 0.015216)",LeftFalse_RightFalse,False,"(-7.088192462921143, -0.014433681033551693, -1.9064909219741821)","(359.60296630859375, 88.91580963134766, 0.008200612850487232)",-0.187977,-0.217306,"(-0.000001, 0.000000, 0.000000)",LeftTrue_RightFalse
27.179138,0.020102,"(-1.3250559568405151, 1.2185455560684204, -31.819841384887695)","(2.0496156215667725, 174.41403198242188, 358.48260498046875)","(-1.2946969270706177, 1.190070390701294, -31.6845760345459)","(359.8945617675781, 183.18026733398438, -0.004959562793374062)","(-1.6792188882827759, -0.04341081529855728, -31.666873931884766)","(359.8944396972656, 180.21417236328125, 0.0005026553408242762)",0.0,-0.005402,"(0.000030, -0.000032, 0.017763)",LeftFalse_RightFalse,False,"(-7.088192462921143, -0.014433681964874268, -1.9064909219741821)","(359.60296630859375, 88.91580963134766, 0.008200759068131447)",-0.187978,-0.217649,"(-0.000001, 0.000000, 0.000000)",LeftTrue_RightFalse
27.238708,0.019993,"(-1.3279190063476562, 1.2138028144836426, -31.818143844604492)","(4.232098579406738, 175.52694702148438, 358.0909423828125)","(-1.2946950197219849, 1.1900687217712402, -31.683629989624023)","(359.8944396972656, 183.17965698242188, -0.0049666594713926315)","(-1.6792171001434326, -0.04341238737106323, -31.66593360900879)","(359.89434814453125, 180.2135772705078, 0.0005016871145926416)",0.0,-0.005402,"(0.000032, -0.000027, 0.015746)",LeftFalse_RightFalse,False,"(-7.088192462921143, -0.014433681964874268, -1.9064909219741821)","(359.60296630859375, 88.91580963134766, 0.008200893178582191)",-0.187977,-0.217994,"(-0.000001, 0.000000, 0.000000)",LeftTrue_RightFalse
27.296997,0.019778,"(-1.3297452926635742, 1.210353970527649, -31.816410064697266)","(6.320398807525635, 176.48153686523438, 358.0502014160156)","(-1.2946927547454834, 1.1900672912597656, -31.68267250061035)","(359.8943176269531, 183.17889404296875, -0.004975292831659317)","(-1.6792150735855103, -0.043413978070020676, -31.66498565673828)","(359.8941955566406, 180.2128143310547, 0.0005002910038456321)",0.0,-0.005402,"(0.000035, -0.000028, 0.016481)",LeftFalse_RightFalse,False,"(-7.088192462921143, -0.014433681964874268, -1.9064908027648926)","(359.60296630859375, 88.91580963134766, 0.00820106640458107)",-0.187978,-0.218331,"(-0.000001, 0.000000, 0.000000)",LeftTrue_RightFalse
27.338989,0.020194,"(-1.3313863277435303, 1.2069295644760132, -31.813873291015625)","(7.96785306930542, 177.2168426513672, 358.0653381347656)","(-1.2946914434432983, 1.190065860748291, -31.681934356689453)","(359.8943786621094, 183.17990112304688, -0.004969625733792782)","(-1.679213523864746, -0.04341525211930275, -31.66423797607422)","(359.894287109375, 180.21380615234375, 0.0005017778021283448)",0.0,-0.005402,"(0.000036, -0.000028, 0.017038)",LeftFalse_RightFalse,False,"(-7.088192462921143, -0.014433681964874268, -1.9064909219741821)","(359.60296630859375, 88.91580963134766, 0.008200505748391151)",-0.187977,-0.218574,"(-0.000001, 0.000000, 0.000000)",LeftTrue_RightFalse
27.395142,0.019488,"(-1.3332915306091309, 1.201823353767395, -31.810068130493164)","(10.234971046447754, 178.0878448486328, 358.19232177734375)","(-1.294689655303955, 1.1900641918182373, -31.680973052978516)","(359.8942565917969, 183.1807098388672, -0.004979236517101526)","(-1.6792114973068237, -0.043417055159807205, -31.66327476501465)","(359.8941345214844, 180.21463012695312, 0.0004994560731574893)",0.0,-0.005402,"(0.000037, -0.000034, 0.018559)",LeftFalse_RightFalse,False,"(-7.088192462921143, -0.014433681964874268, -1.9064909219741821)","(359.60296630859375, 88.91580963134766, 0.008200799115002155)",-0.187978,-0.218899,"(-0.000001, 0.000000, 0.000000)",LeftTrue_RightFalse
27.449951,0.018847,"(-1.33451509475708, 1.198189616203308, -31.806507110595703)","(11.993011474609375, 178.69873046875, 358.41253662109375)","(-1.2946871519088745, 1.1900625228881836, -31.67997169494629)","(359.8941955566406, 183.17977905273438, -0.0049817487597465515)","(-1.6792092323303223, -0.04341877996921539, -31.662281036376953)","(359.8940734863281, 180.21368408203125, 0.0004992837202735245)",0.0,-0.005402,"(0.000039, -0.000033, 0.018588)",LeftFalse_RightFalse,False,"(-7.088192462921143, -0.014433681964874268, -1.9064909219741821)","(359.60296630859375, 88.91580963134766, 0.008200813084840775)",-0.115632,-0.219217,"(-0.000001, 0.000000, 0.000000)",LeftTrue_RightFalse
27.510864,0.019586,"(-1.3350108861923218, 1.1949589252471924, -31.802270889282227)","(13.966825485229492, 179.07199096679688, 358.95294189453125)","(-1.2946850061416626, 1.1900603771209717, -31.678800582885742)","(359.8943176269531, 183.18055725097656, -0.004974396899342537)","(-1.6792068481445312, -0.04342087358236313, -31.661102294921875)","(359.8941955566406, 180.2144775390625, 0.0005010879831388593)",0.0,-0.005402,"(0.000039, -0.000036, 0.020627)",LeftFalse_RightFalse,False,"(-7.088192462921143, -0.014433681964874268, -1.9064910411834717)","(359.60296630859375, 88.91580963134766, 0.008200612850487232)",-0.055946,-0.21957,"(-0.000001, 0.000000, 0.000000)",LeftTrue_RightFalse
27.554016,0.02027,"(-1.3350114822387695, 1.1933791637420654, -31.79986572265625)","(14.746355056762695, 179.1827850341797, 359.07891845703125)","(-1.2946834564208984, 1.1900588274002075, -31.67790985107422)","(359.89447021484375, 183.18099975585938, -0.004964532796293497)","(-1.6792051792144775, -0.04342231899499893, -31.660205841064453)","(359.89434814453125, 180.21490478515625, 0.0005033709458075464)",0.0,-0.005402,"(0.000039, -0.000034, 0.020766)",LeftFalse_RightFalse,False,"(-7.088192462921143, -0.014433681964874268, -1.9064909219741821)","(359.60296630859375, 88.91580963134766, 0.00820051971822977)",-0.014131,-0.219819,"(-0.000001, 0.000000, 0.000000)",LeftTrue_RightFalse
27.612793,0.019961,"(-1.3350400924682617, 1.1917543411254883, -31.798065185546875)","(15.313140869140625, 179.30661010742188, 359.240966796875)","(-1.2946805953979492, 1.1900568008422852, -31.676687240600586)","(359.8944396972656, 183.18019104003906, -0.004967250861227512)","(-1.6792025566101074, -0.04342438280582428, -31.65898895263672)","(359.8943176269531, 180.214111328125, 0.0005023321718908846)",0.0,-0.005402,"(0.000045, -0.000035, 0.021015)",LeftFalse_RightFalse,False,"(-7.088183879852295, -0.014433627016842365, -1.9064850807189941)","(359.6029357910156, 88.91544342041016, 0.008127198554575443)",0.037111,-0.220142,"(-0.000498, -0.000009, 0.000027)",LeftTrue_RightFalse
27.668152,0.019316,"(-1.3338767290115356, 1.1901966333389282, -31.79770278930664)","(15.549615859985352, 179.1008758544922, 359.3770751953125)","(-1.294677972793579, 1.1900547742843628, -31.675498962402344)","(359.8943786621094, 183.17941284179688, -0.004969150293618441)","(-1.6792001724243164, -0.04342639818787575, -31.657806396484375)","(359.8942565917969, 180.2133331298828, 0.0005035981303080916)",0.0,-0.005402,"(0.000043, -0.000040, 0.021997)",LeftFalse_RightFalse,False,"(-7.088027477264404, -0.014433000236749649, -1.906457543373108)","(359.6025085449219, 88.91456604003906, 0.007884256541728973)",0.077235,-0.220482,"(0.009454, 0.000029, 0.001450)",LeftTrue_RightFalse
27.727356,0.019522,"(-1.3324179649353027, 1.1882447004318237, -31.797855377197266)","(15.476020812988281, 178.57659912109375, 359.37176513671875)","(-1.2946748733520508, 1.1900523900985718, -31.674144744873047)","(359.89447021484375, 183.17759704589844, -0.004961255006492138)","(-1.6791976690292358, -0.04342866688966751, -31.656463623046875)","(359.89434814453125, 180.21151733398438, 0.0005064564174972475)",0.0,-0.005402,"(0.000044, -0.000038, 0.023062)",LeftFalse_RightFalse,False,"(-7.087292194366455, -0.0144316665828228, -1.906356692314148)","(359.6009216308594, 88.9098129272461, 0.007134772837162018)",0.113612,-0.220891,"(0.018954, 0.000035, 0.002411)",LeftTrue_RightFalse
27.769043,0.020051,"(-1.3318995237350464, 1.1877708435058594, -31.798582077026367)","(15.313212394714355, 178.63531494140625, 359.5730285644531)","(-1.294672966003418, 1.190050721168518, -31.67313575744629)","(359.8946533203125, 183.17776489257812, -0.004944621119648218)","(-1.6791958808898926, -0.04343033954501152, -31.65544891357422)","(359.8945617675781, 180.211669921875, 0.0005125596653670073)",0.0,-0.005402,"(0.000042, -0.000040, 0.024330)",LeftFalse_RightFalse,False,"(-7.086347579956055, -0.014430218376219273, -1.9062421321868896)","(359.59942626953125, 88.90531921386719, 0.006577726453542709)",0.150658,-0.221233,"(0.028564, 0.000042, 0.003334)",LeftTrue_RightFalse
27.826904,0.019655,"(-1.3300154209136963, 1.1885502338409424, -31.802797317504883)","(14.76933479309082, 178.5579071044922, 359.40814208984375)","(-1.2946707010269165, 1.1900484561920166, -31.671789169311523)","(359.8944091796875, 183.17787170410156, -0.004959370940923691)","(-1.6791934967041016, -0.04343262314796448, -31.65410614013672)","(359.894287109375, 180.2117919921875, 0.0005110356723889709)",0.0,-0.005402,"(0.000043, -0.000047, 0.025340)",LeftFalse_RightFalse,False,"(-7.084097385406494, -0.014426738023757935, -1.9059710502624512)","(359.5962219238281, 88.8947982788086, 0.005201171152293682)",0.165855,-0.221788,"(0.048202, 0.000074, 0.005550)",LeftTrue_RightFalse
27.88501,0.019515,"(-1.328857183456421, 1.1892638206481934, -31.806156158447266)","(13.912025451660156, 178.3488311767578, 359.3035583496094)","(-1.2946683168411255, 1.1900458335876465, -31.670310974121094)","(359.89459228515625, 183.17835998535156, -0.004945270251482725)","(-1.6791911125183105, -0.0434352308511734, -31.652620315551758)","(359.89447021484375, 180.21226501464844, 0.000515545136295259)",0.0,-0.005402,"(0.000045, -0.000042, 0.024061)",LeftFalse_RightFalse,False,"(-7.080691337585449, -0.014421784318983555, -1.9055719375610352)","(359.5925598144531, 88.87962341308594, 0.003662420902401209)",0.169616,-0.222441,"(0.070421, 0.000104, 0.007946)",LeftTrue_RightFalse
27.927917,0.020226,"(-1.3281625509262085, 1.1895692348480225, -31.80927085876465)","(13.565425872802734, 177.98550415039062, 359.13720703125)","(-1.2946670055389404, 1.1900439262390137, -31.669252395629883)","(359.89447021484375, 183.17996215820312, -0.004956021439284086)","(-1.6791892051696777, -0.04343713819980621, -31.651554107666016)","(359.89434814453125, 180.2138671875, 0.0005117155378684402)",0.0,-0.005402,"(0.000046, -0.000047, 0.025774)",LeftFalse_RightFalse,False,"(-7.077354431152344, -0.014416594058275223, -1.905191421508789)","(359.58984375, 88.86710357666016, 0.002548139076679945)",0.208567,-0.223019,"(0.088181, 0.000136, 0.009975)",LeftTrue_RightFalse
27.969421,0.020403,"(-1.327574372291565, 1.18997061252594, -31.812713623046875)","(13.474365234375, 177.61868286132812, 359.0276184082031)","(-1.294664978981018, 1.1900420188903809, -31.668163299560547)","(359.89447021484375, 183.17962646484375, -0.004957308527082205)","(-1.679187297821045, -0.04343906790018082, -31.650468826293945)","(359.89434814453125, 180.21353149414062, 0.0005106889875605702)",0.0,-0.005402,"(0.000047, -0.000046, 0.025626)",LeftFalse_RightFalse,False,"(-7.073325157165527, -0.014410186558961868, -1.9047293663024902)","(359.58685302734375, 88.85104370117188, 0.0011576669057831168)",0.210873,-0.223626,"(0.105292, 0.000169, 0.011760)",LeftTrue_RightFalse
28.028198,0.020007,"(-1.3268448114395142, 1.1905220746994019, -31.815637588500977)","(13.409002304077148, 177.30343627929688, 358.9544982910156)","(-1.2946619987487793, 1.1900393962860107, -31.666635513305664)","(359.8942565917969, 183.17909240722656, -0.004969270899891853)","(-1.6791844367980957, -0.04344182461500168, -31.648948669433594)","(359.8941345214844, 180.21299743652344, 0.0005086220917291939)",0.0,-0.005402,"(0.000049, -0.000051, 0.027206)",LeftFalse_RightFalse,False,"(-7.0662689208984375, -0.014398744329810143, -1.9039316177368164)","(359.582763671875, 88.82233428955078, -0.0007915626047179103)",0.222763,-0.224608,"(0.135347, 0.000216, 0.015079)",LeftTrue_RightFalse
28.086853,0.019693,"(-1.327346920967102, 1.1958801746368408, -31.82417106628418)","(12.357954978942871, 177.39732360839844, 359.1270751953125)","(-1.29465913772583, 1.1900365352630615, -31.665075302124023)","(359.8941650390625, 183.17930603027344, -0.004974822513759136)","(-1.6791815757751465, -0.04344465956091881, -31.647388458251953)","(359.89404296875, 180.2132110595703, 0.0005088651669211686)",0.0,-0.005402,"(0.000051, -0.000047, 0.025724)",LeftFalse_RightFalse,False,"(-7.057456016540527, -0.014383718371391296, -1.902933955192566)","(359.5785217285156, 88.78655242919922, -0.0030903040897101164)",0.238538,-0.225725,"(0.167836, 0.000295, 0.018847)",LeftTrue_RightFalse
28.127441,0.019866,"(-1.3280563354492188, 1.200803518295288, -31.829282760620117)","(11.592817306518555, 177.61976623535156, 359.2376403808594)","(-1.2946571111679077, 1.1900345087051392, -31.663959503173828)","(359.8941650390625, 183.17892456054688, -0.004971649032086134)","(-1.6791796684265137, -0.04344668984413147, -31.64627456665039)","(359.8940734863281, 180.2128448486328, 0.0005109230987727642)",0.0,-0.005402,"(0.000052, -0.000045, 0.025668)",LeftFalse_RightFalse,False,"(-7.050252914428711, -0.014370841905474663, -1.9021131992340088)","(359.5755310058594, 88.75764465332031, -0.004896379075944424)",0.251719,-0.226584,"(0.189320, 0.000339, 0.021340)",LeftTrue_RightFalse
28.169861,0.020323,"(-1.3288661241531372, 1.207895278930664, -31.834367752075195)","(10.619348526000977, 178.0638885498047, 359.373779296875)","(-1.294654369354248, 1.1900324821472168, -31.662811279296875)","(359.89398193359375, 183.1774444580078, -0.004983292892575264)","(-1.6791772842407227, -0.04344870150089264, -31.6451416015625)","(359.89385986328125, 180.21136474609375, 0.0005089970654807985)",0.0,-0.005402,"(0.000052, -0.000049, 0.026637)",LeftFalse_RightFalse,False,"(-7.041779518127441, -0.01435551792383194, -1.9011483192443848)","(359.57269287109375, 88.72441101074219, 359.9932861328125)",0.27022,-0.227561,"(0.210529, 0.000381, 0.023683)",LeftTrue_RightFalse
28.228577,0.020036,"(-1.3302580118179321, 1.216124176979065, -31.838544845581055)","(9.211369514465332, 178.5738983154297, 359.6731872558594)","(-1.2946510314941406, 1.1900296211242676, -31.66120719909668)","(359.89385986328125, 183.17697143554688, -0.004990968853235245)","(-1.6791741847991943, -0.043451644480228424, -31.643543243408203)","(359.89373779296875, 180.2108917236328, 0.0005087084718979895)",0.0,-0.005402,"(0.000055, -0.000051, 0.027569)",LeftFalse_RightFalse,False,"(-7.028346061706543, -0.014332426711916924, -1.899613857269287)","(359.5688781738281, 88.6709213256836, 359.99072265625)",0.275868,-0.229033,"(0.246926, 0.000244, 0.028015)",LeftTrue_RightFalse
28.286011,0.019575,"(-1.3312755823135376, 1.2297145128250122, -31.841167449951172)","(6.541413307189941, 179.3470458984375, 359.9436340332031)","(-1.2946481704711914, 1.1900265216827393, -31.659574508666992)","(359.8939514160156, 183.17764282226562, -0.0049817319959402084)","(-1.679171085357666, -0.0434546023607254, -31.641902923583984)","(359.8938293457031, 180.2115478515625, 0.0005128751508891582)",0.0,-0.005402,"(0.000053, -0.000050, 0.029282)",LeftFalse_RightFalse,False,"(-7.013175010681152, -0.014325031079351902, -1.8978722095489502)","(359.5659484863281, 88.61158752441406, 359.989501953125)",0.273999,-0.230631,"(0.283708, 0.000018, 0.032637)",LeftTrue_RightFalse
28.327576,0.020005,"(-1.3320951461791992, 1.2383323907852173, -31.841678619384766)","(5.465775489807129, 179.66534423828125, 0.04524120315909386)","(-1.294646143913269, 1.190024495124817, -31.658336639404297)","(359.8941345214844, 183.17849731445312, -0.004967216402292252)","(-1.679168939590454, -0.043456725776195526, -31.640655517578125)","(359.8940124511719, 180.21241760253906, 0.0005175904370844364)",0.0,-0.005402,"(0.000053, -0.000047, 0.028650)",LeftFalse_RightFalse,False,"(-7.000938892364502, -0.014325649477541447, -1.896454095840454)","(359.5643310546875, 88.5636978149414, 359.9890441894531)",0.287979,-0.231857,"(0.308810, -0.000058, 0.035900)",LeftTrue_RightFalse
28.38739,0.020005,"(-1.3327414989471436, 1.252970576286316, -31.840879440307617)","(2.9479990005493164, 180.71263122558594, 0.38236892223358154)","(-1.2946429252624512, 1.1900213956832886, -31.65653419494629)","(359.89422607421875, 183.17886352539062, -0.00496159540489316)","(-1.6791656017303467, -0.043459758162498474, -31.63884925842285)","(359.8941345214844, 180.2127685546875, 0.0005178271676413715)",0.0,-0.005402,"(0.000055, -0.000053, 0.031820)",LeftFalse_RightFalse,False,"(-6.981411457061768, -0.014330562204122543, -1.8941624164581299)","(359.5623474121094, 88.4869384765625, 359.9885559082031)",0.292574,-0.233735,"(0.347106, -0.000105, 0.040969)",LeftTrue_RightFalse
28.428833,0.020284,"(-1.3335599899291992, 1.2636537551879883, -31.84269142150879)","(1.344813585281372, 181.7071533203125, 0.5865179896354675)","(-1.2946407794952393, 1.1900193691253662, -31.65528106689453)","(359.8941345214844, 183.17825317382812, -0.004969228990375996)","(-1.6791635751724243, -0.04346180707216263, -31.637601852416992)","(359.8940124511719, 180.21217346191406, 0.0005156429833732545)",0.0,-0.005402,"(0.000057, -0.000050, 0.029130)",LeftFalse_RightFalse,False,"(-6.966510772705078, -0.014334926381707191, -1.892390489578247)","(359.5611877441406, 88.42811584472656, 359.9882507324219)",0.298799,-0.235108,"(0.373183, -0.000109, 0.044548)",LeftTrue_RightFalse
28.471619,0.020746,"(-1.3333706855773926, 1.2730423212051392, -31.84551429748535)","(0.3220237195491791, 182.7274932861328, 0.8215282559394836)","(-1.2946382761001587, 1.1900171041488647, -31.653976440429688)","(359.8940734863281, 183.1783905029297, -0.004972625523805618)","(-1.6791610717773438, -0.04346407204866409, -31.63629722595215)","(359.8939514160156, 180.21229553222656, 0.0005159091670066118)",0.0,-0.005402,"(0.000055, -0.000057, 0.031669)",LeftFalse_RightFalse,False,"(-6.949979305267334, -0.014339336194097996, -1.8904001712799072)","(359.56011962890625, 88.36256408691406, 359.9879150390625)",0.310081,-0.236579,"(0.399446, -0.000102, 0.048243)",LeftTrue_RightFalse
28.514954,0.021008,"(-1.333406686782837, 1.2808195352554321, -31.849590301513672)","(0.5154531002044678, 183.8017578125, 1.1668692827224731)","(-1.294635534286499, 1.1900147199630737, -31.652599334716797)","(359.8941345214844, 183.1773681640625, -0.004966637119650841)","(-1.6791586875915527, -0.0434664785861969, -31.634925842285156)","(359.8940124511719, 180.21127319335938, 0.0005187939386814833)",0.0,-0.005402,"(0.000058, -0.000056, 0.031934)",LeftFalse_RightFalse,False,"(-6.93195915222168, -0.014343472197651863, -1.8881995677947998)","(359.55908203125, 88.2906723022461, 359.9874572753906)",0.302547,-0.238713,"(0.427159, -0.000090, 0.052359)",LeftTrue_RightFalse
28.555359,0.020688,"(-1.3335857391357422, 1.2861640453338623, -31.854257583618164)","(1.3959920406341553, 184.675537109375, 1.4040141105651855)","(-1.2946330308914185, 1.1900124549865723, -31.651304244995117)","(359.8941650390625, 183.17747497558594, -0.0049634589813649654)","(-1.6791561841964722, -0.04346872866153717, -31.633630752563477)","(359.89404296875, 180.2113800048828, 0.0005202813190408051)",0.0,-0.005402,"(0.000058, -0.000056, 0.032635)",LeftFalse_RightFalse,False,"(-6.914007186889648, -0.014346547424793243, -1.8859739303588867)","(359.55816650390625, 88.21855926513672, 359.98699951171875)",0.305965,-0.240519,"(0.453866, -0.000073, 0.056413)",LeftTrue_RightFalse
28.600403,0.021408,"(-1.3337492942810059, 1.290265440940857, -31.8576602935791)","(2.7150182723999023, 185.53726196289062, 1.6096750497817993)","(-1.294630527496338, 1.1900099515914917, -31.649883270263672)","(359.8940124511719, 183.17832946777344, -0.004971828777343035)","(-1.6791534423828125, -0.04347121715545654, -31.632205963134766)","(359.8938903808594, 180.2122344970703, 0.000519133172929287)",0.0,-0.005402,"(0.000059, -0.000056, 0.031773)",LeftFalse_RightFalse,False,"(-6.892745018005371, -0.014349334873259068, -1.8832969665527344)","(359.55731201171875, 88.13259887695312, 359.9864501953125)",0.248478,-0.242581,"(0.494435, -0.000048, 0.062768)",LeftTrue_RightFalse
28.641602,0.021065,"(-1.335132360458374, 1.2937674522399902, -31.871971130371094)","(8.755887031555176, 187.045654296875, 1.665311574935913)","(-1.294628381729126, 1.1900076866149902, -31.648595809936523)","(359.8937683105469, 183.178955078125, -0.004987810272723436)","(-1.6791510581970215, -0.04347355663776398, -31.63092041015625)","(359.8936462402344, 180.21286010742188, 0.000515627849381417)",0.0,-0.005402,"(0.000060, -0.000060, 0.033301)",LeftFalse_RightFalse,False,"(-6.872105121612549, -0.014351055026054382, -1.8806637525558472)","(359.55682373046875, 88.04894256591797, 359.986083984375)",0.319734,-0.244544,"(0.518042, -0.000025, 0.066687)",LeftTrue_RightFalse
28.69928,0.020099,"(-1.3383818864822388, 1.2948991060256958, -31.888442993164062)","(16.940359115600586, 188.9150390625, 1.5029411315917969)","(-1.2946248054504395, 1.1900041103363037, -31.646617889404297)","(359.8941650390625, 183.1787872314453, -0.004960253834724426)","(-1.6791476011276245, -0.043477050960063934, -31.628934860229492)","(359.8940734863281, 180.2126922607422, 0.0005221880273893476)",0.0,-0.005402,"(0.000060, -0.000061, 0.035106)",LeftFalse_RightFalse,False,"(-6.841425895690918, -0.014352047815918922, -1.8766673803329468)","(359.5562438964844, 87.92341613769531, 359.9853210449219)",0.397871,-0.247307,"(0.545194, -0.000011, 0.071427)",LeftTrue_RightFalse
28.741211,0.020371,"(-1.3406060934066772, 1.294188141822815, -31.8970890045166)","(21.818132400512695, 190.00392150878906, 1.3588958978652954)","(-1.2946221828460693, 1.1900016069412231, -31.64518165588379)","(359.89422607421875, 183.1788787841797, -0.004956321325153112)","(-1.679145097732544, -0.04347945749759674, -31.62749671936035)","(359.89410400390625, 180.21279907226562, 0.0005240023019723594)",0.0,-0.005402,"(0.000062, -0.000056, 0.033118)",LeftFalse_RightFalse,False,"(-6.817461013793945, -0.01435221079736948, -1.8734595775604248)","(359.5550842285156, 87.82365417480469, 359.9842834472656)",0.277231,-0.249355,"(0.589270, -0.000004, 0.079049)",LeftTrue_RightFalse
28.7854,0.020901,"(-1.3475022315979004, 1.2867120504379272, -31.915307998657227)","(31.76637077331543, 191.5210723876953, 0.3872067332267761)","(-1.2946199178695679, 1.1899991035461426, -31.64369010925293)","(359.8940734863281, 183.1796875, -0.004967528395354748)","(-1.6791424751281738, -0.043482013046741486, -31.62600326538086)","(359.8939514160156, 180.21360778808594, 0.0005203133332543075)",0.0,-0.005402,"(0.000060, -0.000059, 0.035074)",LeftFalse_RightFalse,False,"(-6.791046619415283, -0.01435206551104784, -1.8698856830596924)","(359.5547790527344, 87.71401977539062, 359.98382568359375)",0.324202,-0.161347,"(0.615214, 0.000016, 0.084210)",LeftTrue_RightFalse
28.829834,0.021268,"(-1.3576040267944336, 1.2729305028915405, -31.935300827026367)","(44.06996154785156, 193.15768432617188, 359.1120300292969)","(-1.2946171760559082, 1.1899964809417725, -31.64215850830078)","(359.8939514160156, 183.17913818359375, -0.004975845571607351)","(-1.6791398525238037, -0.04348467290401459, -31.62447738647461)","(359.89385986328125, 180.21304321289062, 0.0005176970735192299)",0.0,-0.005402,"(0.000065, -0.000058, 0.034368)",LeftFalse_RightFalse,False,"(-6.763104438781738, -0.014351130463182926, -1.866387128829956)","(359.5542297363281, 87.61216735839844, 359.986572265625)",0.308972,-0.229132,"(0.644006, 0.000023, 0.080603)",LeftTrue_RightFalse
28.880127,0.022404,"(-1.3721979856491089, 1.2523671388626099, -31.957550048828125)","(57.829620361328125, 194.7025146484375, 357.91326904296875)","(-1.2946133613586426, 1.1899936199188232, -31.640405654907227)","(359.8938293457031, 183.1772003173828, -0.004981620237231255)","(-1.6791365146636963, -0.04348771646618843, -31.622739791870117)","(359.89373779296875, 180.21112060546875, 0.0005182735621929169)",0.0,-0.005402,"(0.000064, -0.000062, 0.034604)",LeftFalse_RightFalse,False,"(-6.729946613311768, -0.014349688775837421, -1.8621059656143188)","(359.55389404296875, 87.48882293701172, 359.9862976074219)",0.309665,-0.231801,"(0.681239, 0.000040, 0.090178)",LeftTrue_RightFalse
28.938293,0.020982,"(-1.388566017150879, 1.2295564413070679, -31.978443145751953)","(72.03826141357422, 195.46356201171875, 357.05224609375)","(-1.2946088314056396, 1.1899899244308472, -31.63833999633789)","(359.8938293457031, 183.1750946044922, -0.004978635814040899)","(-1.6791326999664307, -0.04349132627248764, -31.620689392089844)","(359.8937072753906, 180.20901489257812, 0.0005221403553150594)",0.0,-0.005402,"(0.000065, -0.000062, 0.035123)",LeftFalse_RightFalse,False,"(-6.689414978027344, -0.01434711366891861, -1.8566462993621826)","(359.5533752441406, 87.33223724365234, 359.984619140625)",0.300924,-0.235069,"(0.712595, 0.000043, 0.096862)",LeftTrue_RightFalse
28.996399,0.020231,"(-1.4125572443008423, 1.1978451013565063, -32.00334167480469)","(85.83378601074219, 195.28073120117188, 356.9773864746094)","(-1.2946045398712158, 1.1899858713150024, -31.63622283935547)","(359.8939208984375, 183.17425537109375, -0.004967210348695517)","(-1.679128885269165, -0.043495144695043564, -31.618576049804688)","(359.893798828125, 180.20816040039062, 0.0005288908141665161)",0.0,-0.005402,"(0.000062, -0.000064, 0.037030)",LeftFalse_RightFalse,False,"(-6.646601676940918, -0.014344301074743271, -1.8507026433944702)","(359.55303955078125, 87.16416931152344, 359.9830322265625)",0.32802,-0.238363,"(0.751046, 0.000052, 0.105126)",LeftTrue_RightFalse
29.037292,0.020231,"(-1.4325056076049805, 1.171123743057251, -32.02217102050781)","(85.24478149414062, 18.555273056030273, 181.04449462890625)","(-1.2946017980575562, 1.1899834871292114, -31.634754180908203)","(359.8937683105469, 183.17359924316406, -0.0049735247157514095)","(-1.6791263818740845, -0.043497685343027115, -31.61711311340332)","(359.8936767578125, 180.20750427246094, 0.0005294213187880814)",0.0,-0.005402,"(0.000065, -0.000061, 0.034896)",LeftFalse_RightFalse,False,"(-6.615167140960693, -0.014342060312628746, -1.8462259769439697)","(359.5528564453125, 87.03927612304688, 359.98187255859375)",0.31941,-0.240648,"(0.778219, 0.000057, 0.111283)",LeftTrue_RightFalse
29.093384,0.019435,"(-1.4604440927505493, 1.134509801864624, -32.04559326171875)","(72.19227600097656, 19.95185661315918, 185.11715698242188)","(-1.2945982217788696, 1.189979910850525, -31.63271141052246)","(359.8936462402344, 183.17405700683594, -0.004978281445801258)","(-1.6791226863861084, -0.04350130259990692, -31.615070343017578)","(359.8935546875, 180.2079620361328, 0.0005309683619998395)",0.0,-0.005402,"(0.000065, -0.000064, 0.036361)",LeftFalse_RightFalse,False,"(-6.570174217224121, -0.014338549226522446, -1.8396551609039307)","(359.552734375, 86.85855102539062, 359.9803771972656)",0.318213,-0.243744,"(0.816971, 0.000066, 0.120444)",LeftTrue_RightFalse
29.150879,0.019285,"(-1.4844098091125488, 1.1041505336761475, -32.0638427734375)","(60.10647201538086, 20.149267196655273, 188.54002380371094)","(-1.2945945262908936, 1.1899760961532593, -31.63058853149414)","(359.8936462402344, 183.1745147705078, -0.00497810635715723)","(-1.6791188716888428, -0.043505072593688965, -31.612945556640625)","(359.8935241699219, 180.20843505859375, 0.0005322460783645511)",0.0,-0.005402,"(0.000065, -0.000066, 0.037450)",LeftFalse_RightFalse,False,"(-6.522056579589844, -0.014334471896290779, -1.8324217796325684)","(359.552734375, 86.66300201416016, 359.97894287109375)",0.321573,-0.246826,"(0.855527, 0.000074, 0.130135)",LeftTrue_RightFalse
29.208496,0.019263,"(-1.5065739154815674, 1.074106216430664, -32.08152770996094)","(50.5648307800293, 20.21076011657715, 190.7767333984375)","(-1.294590711593628, 1.189972162246704, -31.62834358215332)","(359.8939514160156, 183.1748046875, -0.00495629059150815)","(-1.6791150569915771, -0.04350891709327698, -31.61069107055664)","(359.8938293457031, 180.20870971679688, 0.0005379891954362392)",0.0,-0.005402,"(0.000064, -0.000065, 0.038893)",LeftFalse_RightFalse,False,"(-6.471635818481445, -0.014322060160338879, -1.8246138095855713)","(359.55316162109375, 86.45571899414062, 359.9782409667969)",0.323091,-0.24787,"(0.893256, 0.001007, 0.140463)",LeftTrue_RightFalse
29.252014,0.020087,"(-1.5207970142364502, 1.0532375574111938, -32.093650817871094)","(45.471717834472656, 20.25306510925293, 191.84523010253906)","(-1.294587254524231, 1.1899691820144653, -31.626651763916016)","(359.8938903808594, 183.1734161376953, -0.004957536235451698)","(-1.679112195968628, -0.04351183772087097, -31.609010696411133)","(359.8937683105469, 180.20733642578125, 0.0005393517203629017)",0.0,-0.005402,"(0.000065, -0.000065, 0.037766)",LeftFalse_RightFalse,False,"(-6.432243824005127, -0.01426378171890974, -1.8183701038360596)","(359.5554504394531, 86.29314422607422, 359.98175048828125)",0.332934,-0.248733,"(0.918684, 0.001639, 0.147329)",LeftTrue_RightFalse
29.309998,0.019771,"(-1.5370850563049316, 1.0279120206832886, -32.108299255371094)","(40.83729553222656, 20.239683151245117, 192.85260009765625)","(-1.294583797454834, 1.1899654865264893, -31.62441062927246)","(359.8937683105469, 183.1741485595703, -0.004963011015206575)","(-1.6791083812713623, -0.04351571947336197, -31.606765747070312)","(359.8936767578125, 180.2080535888672, 0.0005399557412602007)",0.0,-0.005402,"(0.000066, -0.000067, 0.038266)",LeftFalse_RightFalse,False,"(-6.37786865234375, -0.0141488341614604, -1.809546947479248)","(359.5599060058594, 86.06824493408203, 359.988525390625)",0.334828,-0.249725,"(0.955602, 0.002258, 0.157628)",LeftTrue_RightFalse
29.350952,0.020067,"(-1.543699026107788, 1.0176234245300293, -32.113563537597656)","(38.953914642333984, 20.20439910888672, 193.24307250976562)","(-1.2945811748504639, 1.18996262550354, -31.62281036376953)","(359.8937072753906, 183.17425537109375, -0.004968300461769104)","(-1.6791057586669922, -0.043518535792827606, -31.605167388916016)","(359.8935852050781, 180.20816040039062, 0.0005385592812672257)",0.0,-0.005402,"(0.000065, -0.000071, 0.039568)",LeftFalse_RightFalse,False,"(-6.338227272033691, -0.014042282477021217, -1.8029632568359375)","(359.5640869140625, 85.90370178222656, 359.9933166503906)",0.337672,-0.250269,"(0.980268, 0.003289, 0.164704)",LeftTrue_RightFalse
29.408264,0.019605,"(-1.5614960193634033, 0.9858856201171875, -32.1358528137207)","(35.15262985229492, 19.27804183959961, 193.51036071777344)","(-1.2945778369903564, 1.1899586915969849, -31.620548248291016)","(359.8936462402344, 183.17547607421875, -0.004972898866981268)","(-1.6791019439697266, -0.043522484600543976, -31.60289764404297)","(359.8935241699219, 180.20938110351562, 0.0005374599131755531)",0.0,-0.005402,"(0.000066, -0.000071, 0.040251)",LeftFalse_RightFalse,False,"(-6.28108024597168, -0.013819267973303795, -1.7932393550872803)","(359.57281494140625, 85.66506958007812, -0.003953175153583288)",0.332999,-0.250796,"(1.016484, 0.004425, 0.175164)",LeftTrue_RightFalse
29.452148,0.020429,"(-1.5735573768615723, 0.9632128477096558, -32.153602600097656)","(31.690872192382812, 18.289438247680664, 193.3541717529297)","(-1.2945749759674072, 1.1899555921554565, -31.618797302246094)","(359.8935852050781, 183.1759033203125, -0.004977452103048563)","(-1.6790990829467773, -0.04352555796504021, -31.601146697998047)","(359.8934631347656, 180.20982360839844, 0.0005362314404919744)",0.0,-0.005402,"(0.000069, -0.000066, 0.038157)",LeftFalse_RightFalse,False,"(-6.235957145690918, -0.013614420779049397, -1.78560471534729)","(359.5807189941406, 85.48511505126953, -0.00047820605686865747)",0.345967,-0.226946,"(1.044398, 0.004905, 0.166692)",LeftTrue_RightFalse
29.493103,0.020471,"(-1.5808361768722534, 0.9492409229278564, -32.16415786743164)","(29.494991302490234, 17.6970272064209, 193.2606201171875)","(-1.294571876525879, 1.1899528503417969, -31.61716651916504)","(359.8934631347656, 183.17478942871094, -0.0049859220162034035)","(-1.6790962219238281, -0.043528418987989426, -31.599525451660156)","(359.8933410644531, 180.2086944580078, 0.0005336111644282937)",0.0,-0.005402,"(0.000070, -0.000073, 0.040730)",LeftFalse_RightFalse,False,"(-6.192695617675781, -0.013405973091721535, -1.7785091400146484)","(359.588623046875, 85.32789611816406, 0.003134550293907523)",0.343494,-0.227861,"(1.067519, 0.005237, 0.178398)",LeftTrue_RightFalse
29.533203,0.020273,"(-1.5880005359649658, 0.9330781698226929, -32.177734375)","(26.59139633178711, 16.846097946166992, 192.79116821289062)","(-1.2945685386657715, 1.1899499893188477, -31.615537643432617)","(359.8934020996094, 183.17312622070312, -0.004991980269551277)","(-1.6790932416915894, -0.04353129118680954, -31.59790802001953)","(359.893310546875, 180.20703125, 0.0005299821496009827)",0.0,-0.005402,"(0.000069, -0.000074, 0.040090)",LeftFalse_RightFalse,False,"(-6.14931583404541, -0.013190504163503647, -1.771144151687622)","(359.5968322753906, 85.16472625732422, 0.0035526668652892113)",0.336317,-0.228276,"(1.092097, 0.005466, 0.186943)",LeftTrue_RightFalse
29.573792,0.020245,"(-1.5952465534210205, 0.9135753512382507, -32.19533157348633)","(22.90053367614746, 15.70064640045166, 192.0186309814453)","(-1.2945656776428223, 1.1899471282958984, -31.61390495300293)","(359.893310546875, 183.17311096191406, -0.005005647893995047)","(-1.6790902614593506, -0.04353431612253189, -31.596277236938477)","(359.8932189941406, 180.20701599121094, 0.0005209501250647008)",0.0,-0.005402,"(0.000071, -0.000076, 0.041070)",LeftFalse_RightFalse,False,"(-6.104470729827881, -0.01296511385589838, -1.7633671760559082)","(359.60540771484375, 84.99431610107422, 0.0032201369758695364)",0.341751,-0.138709,"(1.116147, 0.005624, 0.194681)",LeftTrue_RightFalse
29.61438,0.020268,"(-1.6007742881774902, 0.8946930170059204, -32.213714599609375)","(19.279611587524414, 14.67890453338623, 191.0755157470703)","(-1.2945630550384521, 1.1899440288543701, -31.612247467041016)","(359.8933410644531, 183.1736602783203, -0.005013011861592531)","(-1.6790872812271118, -0.04353741556406021, -31.594615936279297)","(359.89324951171875, 180.2075653076172, 0.000512181140948087)",0.0,-0.005402,"(0.000069, -0.000075, 0.040581)",LeftFalse_RightFalse,False,"(-6.058505535125732, -0.012734265066683292, -1.7558948993682861)","(359.614013671875, 84.84619140625, 0.008570387959480286)",0.340713,-0.205002,"(1.143102, 0.005740, 0.187503)",LeftTrue_RightFalse
29.656067,0.020459,"(-1.6044197082519531, 0.8815978169441223, -32.22587966918945)","(16.772056579589844, 14.038848876953125, 190.437744140625)","(-1.2945606708526611, 1.1899406909942627, -31.610506057739258)","(359.89349365234375, 183.1741943359375, -0.0050167846493422985)","(-1.6790844202041626, -0.04354065656661987, -31.59286880493164)","(359.89337158203125, 180.2081298828125, 0.0005016119685024023)",0.0,-0.005402,"(0.000068, -0.000079, 0.043389)",LeftFalse_RightFalse,False,"(-6.0102996826171875, -0.01249292679131031, -1.7477983236312866)","(359.6231689453125, 84.68599700927734, 0.008982734754681587)",0.348896,-0.207166,"(1.166675, 0.005832, 0.197921)",LeftTrue_RightFalse
29.713501,0.019839,"(-1.60636568069458, 0.8600654006004333, -32.25020980834961)","(12.210188865661621, 12.731039047241211, 188.2611846923828)","(-1.2945566177368164, 1.1899361610412598, -31.6080265045166)","(359.893798828125, 183.17440795898438, -0.005007720552384853)","(-1.6790802478790283, -0.04354524984955788, -31.59037971496582)","(359.8936767578125, 180.2083282470703, 0.0004949978902004659)",0.0,-0.005402,"(0.000070, -0.000080, 0.043932)",LeftFalse_RightFalse,False,"(-5.942080497741699, -0.012154627591371536, -1.7365617752075195)","(359.6358337402344, 84.47773742675781, 0.013032755814492702)",0.340547,-0.18674,"(1.204703, 0.005945, 0.196522)",LeftTrue_RightFalse
29.771606,0.019583,"(-1.6060575246810913, 0.8457377552986145, -32.26969909667969)","(8.288701057434082, 11.449261665344238, 186.67308044433594)","(-1.294552206993103, 1.1899316310882568, -31.60557746887207)","(359.89349365234375, 183.17288208007812, -0.005029409658163786)","(-1.679076075553894, -0.04354972764849663, -31.587947845458984)","(359.89337158203125, 180.20680236816406, 0.0004884381196461618)",0.0,-0.005402,"(0.000074, -0.000082, 0.041997)",LeftFalse_RightFalse,False,"(-5.871041774749756, -0.011806094087660313, -1.724625825881958)","(359.64910888671875, 84.26250457763672, 0.012241743505001068)",0.34046,-0.188806,"(1.239459, 0.006052, 0.211702)",LeftTrue_RightFalse
29.831604,0.019875,"(-1.6036320924758911, 0.8354034423828125, -32.28416061401367)","(6.086331844329834, 10.165959358215332, 185.0763397216797)","(-1.2945480346679688, 1.1899268627166748, -31.603015899658203)","(359.89337158203125, 183.17352294921875, -0.005035277456045151)","(-1.6790717840194702, -0.043554842472076416, -31.585384368896484)","(359.8932800292969, 180.20742797851562, 0.0004881653585471213)",0.0,-0.005402,"(0.000073, -0.000085, 0.042254)",LeftFalse_RightFalse,False,"(-5.795676231384277, -0.011440275236964226, -1.711509346961975)","(359.6630554199219, 84.02661895751953, 0.009870539419353008)",0.352403,-0.190998,"(1.274125, 0.006159, 0.224362)",LeftTrue_RightFalse
29.872803,0.020188,"(-1.601790428161621, 0.8295378684997559, -32.2900390625)","(5.515188217163086, 9.220735549926758, 183.86593627929688)","(-1.2945451736450195, 1.1899232864379883, -31.60126304626465)","(359.893310546875, 183.17474365234375, -0.005042003467679024)","(-1.6790685653686523, -0.04355841502547264, -31.58362579345703)","(359.8931884765625, 180.20864868164062, 0.0004858431057073176)",0.0,-0.005402,"(0.000075, -0.000085, 0.043044)",LeftFalse_RightFalse,False,"(-5.742729187011719, -0.011185238137841225, -1.7020626068115234)","(359.6727600097656, 83.85867309570312, 0.008273455314338207)",0.352048,-0.192433,"(1.297699, 0.006234, 0.233017)",LeftTrue_RightFalse
29.931824,0.019923,"(-1.5990313291549683, 0.8256771564483643, -32.29511260986328)","(4.459278106689453, 7.396691799163818, 183.39816284179688)","(-1.2945406436920166, 1.1899179220199585, -31.598649978637695)","(359.89349365234375, 183.17398071289062, -0.005026066675782204)","(-1.6790642738342285, -0.043563514947891235, -31.581012725830078)","(359.89337158203125, 180.20790100097656, 0.0004922740627080202)",0.0,-0.005402,"(0.000075, -0.000087, 0.045186)",LeftFalse_RightFalse,False,"(-5.665093421936035, -0.010813847184181213, -1.6878719329833984)","(359.68682861328125, 83.60978698730469, 0.0062900567427277565)",0.344599,-0.194345,"(1.332755, 0.006359, 0.246343)",LeftTrue_RightFalse
29.987122,0.019199,"(-1.5963786840438843, 0.8234849572181702, -32.296966552734375)","(3.4384377002716064, 5.838350772857666, 182.98428344726562)","(-1.2945361137390137, 1.1899131536483765, -31.596193313598633)","(359.89349365234375, 183.17355346679688, -0.0050251055508852005)","(-1.6790599822998047, -0.04356825724244118, -31.57855987548828)","(359.89337158203125, 180.2074737548828, 0.0004930840223096311)",0.0,-0.005402,"(0.000076, -0.000091, 0.045871)",LeftFalse_RightFalse,False,"(-5.590584754943848, -0.01045934483408928, -1.6738816499710083)","(359.7003173828125, 83.36849212646484, 0.004846365191042423)",0.342431,-0.195964,"(1.366351, 0.006491, 0.259791)",LeftTrue_RightFalse
30.028442,0.019791,"(-1.594364881515503, 0.8221822381019592, -32.297306060791016)","(2.8229689598083496, 4.94034481048584, 182.20179748535156)","(-1.2945327758789062, 1.1899094581604004, -31.594316482543945)","(359.8935852050781, 183.17376708984375, -0.005015590228140354)","(-1.6790566444396973, -0.043571993708610535, -31.576679229736328)","(359.8934631347656, 180.20767211914062, 0.0004970566369593143)",0.0,-0.005402,"(0.000077, -0.000086, 0.045144)",LeftFalse_RightFalse,False,"(-5.53375768661499, -0.010189668275415897, -1.6629688739776611)","(359.7106628417969, 83.1830825805664, 0.004015549086034298)",0.355761,-0.199199,"(1.388692, 0.006582, 0.269047)",LeftTrue_RightFalse
30.089355,0.020101,"(-1.5921671390533447, 0.8209588527679443, -32.296634674072266)","(1.6961532831192017, 3.9132044315338135, 181.24026489257812)","(-1.2945284843444824, 1.1899040937423706, -31.591524124145508)","(359.8936767578125, 183.1744842529297, -0.005009007174521685)","(-1.6790521144866943, -0.043577346950769424, -31.57387924194336)","(359.8935852050781, 180.20838928222656, 0.0004987024585716426)",0.0,-0.005402,"(0.000078, -0.000090, 0.047630)",LeftFalse_RightFalse,False,"(-5.448215484619141, -0.009784728288650513, -1.6460936069488525)","(359.72607421875, 82.89967346191406, 0.002555960789322853)",0.352719,-0.203328,"(1.422362, 0.006726, 0.285025)",LeftTrue_RightFalse
30.132935,0.020697,"(-1.5908918380737305, 0.8207037448883057, -32.29637908935547)","(0.2532414197921753, 3.38181471824646, 180.90370178222656)","(-1.294524908065796, 1.1899001598358154, -31.589466094970703)","(359.893798828125, 183.17454528808594, -0.00500080781057477)","(-1.6790485382080078, -0.043581217527389526, -31.571819305419922)","(359.8937072753906, 180.2084503173828, 0.000500486115925014)",0.0,-0.005402,"(0.000078, -0.000088, 0.046543)",LeftFalse_RightFalse,False,"(-5.385765075683594, -0.00948965735733509, -1.6334129571914673)","(359.7372741699219, 82.68871307373047, 0.00142564345151186)",0.354956,-0.205717,"(1.445140, 0.006823, 0.296036)",LeftTrue_RightFalse
30.174744,0.020776,"(-1.590139627456665, 0.8206377029418945, -32.29548645019531)","(359.28240966796875, 2.988528251647949, 180.5175018310547)","(-1.2945215702056885, 1.189896583557129, -31.58755874633789)","(359.8935546875, 183.17477416992188, -0.005018630996346474)","(-1.6790452003479004, -0.04358487203717232, -31.569915771484375)","(359.8934326171875, 180.2086944580078, 0.0004964525578543544)",0.0,-0.005402,"(0.000080, -0.000089, 0.045153)",LeftFalse_RightFalse,False,"(-5.324917793273926, -0.009202564135193825, -1.620769739151001)","(359.74810791015625, 82.48025512695312, 0.0004209144681226462)",0.353975,-0.207805,"(1.467549, 0.006921, 0.307146)",LeftTrue_RightFalse
30.215332,0.020569,"(-1.588940143585205, 0.8206307888031006, -32.29405975341797)","(358.85101318359375, 2.6944801807403564, 179.91128540039062)","(-1.2945187091827393, 1.1898927688598633, -31.58567237854004)","(359.89349365234375, 183.17567443847656, -0.005022532306611538)","(-1.6790419816970825, -0.043588630855083466, -31.568023681640625)","(359.89337158203125, 180.20957946777344, 0.0004950875299982727)",0.0,-0.005402,"(0.000081, -0.000092, 0.046355)",LeftFalse_RightFalse,False,"(-5.26482629776001, -0.00891923625022173, -1.6080082654953003)","(359.7588195800781, 82.27188873291016, -0.0004211141786072403)",0.348857,-0.209621,"(1.489939, 0.007024, 0.318502)",LeftTrue_RightFalse
30.273071,0.019908,"(-1.5872654914855957, 0.8206250667572021, -32.29180908203125)","(358.4037780761719, 2.537992238998413, 178.9298095703125)","(-1.2945141792297363, 1.189887523651123, -31.5830020904541)","(359.8932800292969, 183.17666625976562, -0.005036516115069389)","(-1.679037094116211, -0.043593961745500565, -31.565351486206055)","(359.8931579589844, 180.2105712890625, 0.0004920318606309593)",0.0,-0.005402,"(0.000083, -0.000093, 0.047086)",LeftFalse_RightFalse,False,"(-5.177773475646973, -0.008508703671395779, -1.5890443325042725)","(359.77435302734375, 81.96637725830078, -0.0013197173830121756)",0.348189,-0.211843,"(1.522207, 0.007178, 0.335523)",LeftTrue_RightFalse
30.314392,0.020166,"(-1.586571216583252, 0.8206178545951843, -32.28999710083008)","(358.19683837890625, 2.451036214828491, 178.4500274658203)","(-1.2945109605789185, 1.1898835897445679, -31.581018447875977)","(359.8934326171875, 183.1768035888672, -0.005024727899581194)","(-1.679033875465393, -0.04359794408082962, -31.563364028930664)","(359.8933410644531, 180.21072387695312, 0.0004956702468916774)",0.0,-0.005402,"(0.000082, -0.000095, 0.048110)",LeftFalse_RightFalse,False,"(-5.114415168762207, -0.008209943771362305, -1.5748968124389648)","(359.7857360839844, 81.74172973632812, -0.0017766153905540705)",0.353895,-0.213145,"(1.543778, 0.007280, 0.347189)",LeftTrue_RightFalse
30.372009,0.019679,"(-1.5860049724578857, 0.82033771276474, -32.28693771362305)","(358.0512390136719, 2.3912508487701416, 178.16336059570312)","(-1.294506549835205, 1.1898781061172485, -31.5782527923584)","(359.89349365234375, 183.17822265625, -0.005022130440920591)","(-1.679029107093811, -0.0436033234000206, -31.56058692932129)","(359.89337158203125, 180.21214294433594, 0.000495492888148874)",0.0,-0.005402,"(0.000084, -0.000096, 0.049422)",LeftFalse_RightFalse,False,"(-5.024599552154541, -0.007786075118929148, -1.5543217658996582)","(359.8019104003906, 81.4195556640625, -0.00244971108622849)",0.348088,-0.227142,"(1.575052, 0.007434, 0.366197)",LeftTrue_RightFalse
30.429382,0.019391,"(-1.5856657028198242, 0.819789707660675, -32.28341293334961)","(357.97003173828125, 2.355595350265503, 178.07183837890625)","(-1.294501781463623, 1.1898728609085083, -31.575496673583984)","(359.8934020996094, 183.17861938476562, -0.005028825718909502)","(-1.6790242195129395, -0.04360868036746979, -31.557830810546875)","(359.8932800292969, 180.21253967285156, 0.0004933220916427672)",0.0,-0.005402,"(0.000084, -0.000097, 0.048754)",LeftFalse_RightFalse,False,"(-4.933267116546631, -0.007355266250669956, -1.5332001447677612)","(359.8182678222656, 81.10523223876953, 0.0015289094299077988)",0.339863,-0.216057,"(1.609059, 0.007585, 0.372713)",LeftTrue_RightFalse
30.486633,0.019241,"(-1.5852564573287964, 0.8194958567619324, -32.28001022338867)","(357.89569091796875, 2.3194425106048584, 177.9259490966797)","(-1.2944962978363037, 1.1898672580718994, -31.572675704956055)","(359.89349365234375, 183.1773681640625, -0.005019185598939657)","(-1.6790192127227783, -0.04361419007182121, -31.555015563964844)","(359.89337158203125, 180.21127319335938, 0.0004987990250810981)",0.0,-0.005402,"(0.000087, -0.000094, 0.048682)",LeftFalse_RightFalse,False,"(-4.840551376342773, -0.006917166523635387, -1.5111103057861328)","(359.835205078125, 80.78179931640625, 0.00032736349385231733)",0.348807,-0.226869,"(1.636291, 0.007741, 0.400308)",LeftTrue_RightFalse
30.544495,0.01922,"(-1.5847299098968506, 0.8193366527557373, -32.276573181152344)","(357.8712463378906, 2.337296485900879, 177.6189727783203)","(-1.2944915294647217, 1.18986177444458, -31.56982421875)","(359.8934631347656, 183.17764282226562, -0.0050187623128294945)","(-1.6790143251419067, -0.04361971840262413, -31.55216407775879)","(359.8933410644531, 180.21156311035156, 0.0005006612045690417)",0.0,-0.005402,"(0.000086, -0.000096, 0.049637)",LeftFalse_RightFalse,False,"(-4.745275020599365, -0.0064659276977181435, -1.487296462059021)","(359.8526916503906, 80.42533874511719, -0.003759958315640688)",0.347011,-0.237202,"(1.664185, 0.007882, 0.426022)",LeftTrue_RightFalse
30.600586,0.01896,"(-1.5844782590866089, 0.8192541599273682, -32.273502349853516)","(357.8410949707031, 2.353588581085205, 177.2983856201172)","(-1.2944873571395874, 1.1898566484451294, -31.56706428527832)","(359.8933410644531, 183.1793975830078, -0.005029543302953243)","(-1.6790094375610352, -0.04362485930323601, -31.549394607543945)","(359.8932189941406, 180.2133331298828, 0.0004964309046044946)",0.0,-0.005402,"(0.000090, -0.000099, 0.050500)",LeftFalse_RightFalse,False,"(-4.651526927947998, -0.00602144468575716, -1.4628677368164062)","(359.86993408203125, 80.05668640136719, 359.9922180175781)",0.347025,-0.246441,"(1.691193, 0.008022, 0.451931)",LeftTrue_RightFalse
30.658203,0.019013,"(-1.5843422412872314, 0.8192037343978882, -32.270423889160156)","(357.84857177734375, 2.3675730228424072, 177.10858154296875)","(-1.2944824695587158, 1.1898508071899414, -31.564157485961914)","(359.8934326171875, 183.18077087402344, -0.005022972822189331)","(-1.679004192352295, -0.04363067448139191, -31.546476364135742)","(359.893310546875, 180.2146759033203, 0.000497921952046454)",0.0,-0.005402,"(0.000090, -0.000099, 0.050345)",LeftFalse_RightFalse,False,"(-4.553600311279297, -0.0055566648952662945, -1.4362716674804688)","(359.88775634765625, 79.65401458740234, 359.9882507324219)",0.358156,-0.259337,"(1.712206, 0.008113, 0.471692)",LeftTrue_RightFalse
30.71875,0.019692,"(-1.5842584371566772, 0.8191760778427124, -32.267295837402344)","(357.8390808105469, 2.3625648021698, 177.10501098632812)","(-1.2944772243499756, 1.1898448467254639, -31.561120986938477)","(359.8932800292969, 183.18096923828125, -0.00503538129851222)","(-1.6789987087249756, -0.04363662749528885, -31.543441772460938)","(359.8931579589844, 180.21490478515625, 0.0004940067301504314)",0.0,-0.005402,"(0.000092, -0.000100, 0.050729)",LeftFalse_RightFalse,False,"(-4.4491729736328125, -0.005060306750237942, -1.406385064125061)","(359.90673828125, 79.19322204589844, 359.9819030761719)",0.372143,-0.28797,"(1.735230, 0.008252, 0.506801)",LeftTrue_RightFalse
30.779114,0.020056,"(-1.5842186212539673, 0.8191560506820679, -32.26414489746094)","(357.8291320800781, 2.3786332607269287, 177.22755432128906)","(-1.2944717407226562, 1.1898387670516968, -31.558021545410156)","(359.8934020996094, 183.18153381347656, -0.005026357714086771)","(-1.6789931058883667, -0.043642740696668625, -31.54033660888672)","(359.8932800292969, 180.21543884277344, 0.0004958974895998836)",0.0,-0.005402,"(0.000092, -0.000101, 0.052122)",LeftFalse_RightFalse,False,"(-4.343243598937988, -0.0046278261579573154, -1.3751411437988281)","(359.9229736328125, 78.72329711914062, 359.9765625)",0.352838,-0.2858,"(1.767053, 0.006193, 0.524286)",LeftTrue_RightFalse
30.837585,0.019756,"(-1.5841883420944214, 0.8191443681716919, -32.261104583740234)","(357.8006591796875, 2.383903741836548, 177.531494140625)","(-1.2944660186767578, 1.1898330450057983, -31.55500030517578)","(359.8934020996094, 183.1811981201172, -0.005025197751820087)","(-1.6789876222610474, -0.04364851862192154, -31.537317276000977)","(359.8932800292969, 180.21510314941406, 0.0004975101910531521)",0.0,-0.005402,"(0.000095, -0.000101, 0.052293)",LeftFalse_RightFalse,False,"(-4.239229679107666, -0.004325123969465494, -1.3427510261535645)","(359.9344787597656, 78.22735595703125, 359.9562683105469)",0.354783,-0.305067,"(1.788282, 0.004720, 0.566754)",LeftTrue_RightFalse
30.894897,0.019426,"(-1.58468496799469, 0.8191371560096741, -32.25810241699219)","(357.7804260253906, 2.371796131134033, 177.9876251220703)","(-1.2944600582122803, 1.1898273229599, -31.552032470703125)","(359.8932800292969, 183.17962646484375, -0.005029340274631977)","(-1.678982138633728, -0.04365424066781998, -31.53436279296875)","(359.8931579589844, 180.21353149414062, 0.0004998660297133029)",0.0,-0.005402,"(0.000096, -0.000104, 0.052403)",LeftFalse_RightFalse,False,"(-4.136017799377441, -0.004083611071109772, -1.3086985349655151)","(359.94378662109375, 77.6927261352539, 359.9318542480469)",0.353447,-0.322612,"(1.809422, 0.003958, 0.607043)",LeftTrue_RightFalse
30.936646,0.019963,"(-1.5848972797393799, 0.8191298842430115, -32.25587463378906)","(357.75872802734375, 2.361320972442627, 178.34906005859375)","(-1.2944557666778564, 1.189823031425476, -31.549819946289062)","(359.8934020996094, 183.1793975830078, -0.0050180936232209206)","(-1.6789780855178833, -0.043658532202243805, -31.532148361206055)","(359.8932800292969, 180.2133026123047, 0.0005042286938987672)",0.0,-0.005402,"(0.000094, -0.000102, 0.052490)",LeftFalse_RightFalse,False,"(-4.060180187225342, -0.00392524991184473, -1.2825241088867188)","(359.949951171875, 77.27755737304688, 359.91357421875)",0.362022,-0.245643,"(1.823091, 0.003710, 0.634421)",LeftTrue_RightFalse
30.995789,0.019875,"(-1.5850777626037598, 0.8191234469413757, -32.25273895263672)","(357.73651123046875, 2.3665671348571777, 178.7102508544922)","(-1.2944504022598267, 1.189816951751709, -31.546701431274414)","(359.89337158203125, 183.1800994873047, -0.005018663592636585)","(-1.6789724826812744, -0.043664488941431046, -31.52902603149414)","(359.89324951171875, 180.21400451660156, 0.0005061796982772648)",0.0,-0.005402,"(0.000094, -0.000101, 0.053322)",LeftFalse_RightFalse,False,"(-3.951239585876465, -0.003791369032114744, -1.2445013523101807)","(359.9546203613281, 76.7033920288086, 359.9034729003906)",0.357912,-0.345543,"(1.848737, 0.001034, 0.662187)",LeftTrue_RightFalse
31.056885,0.020155,"(-1.5851534605026245, 0.8191150426864624, -32.249446868896484)","(357.7221984863281, 2.3638103008270264, 178.6481475830078)","(-1.2944440841674805, 1.1898102760314941, -31.543411254882812)","(359.8934631347656, 183.17910766601562, -0.005007222760468721)","(-1.678966760635376, -0.04367110878229141, -31.525741577148438)","(359.8933410644531, 180.2130126953125, 0.000512347964104265)",0.0,-0.005402,"(0.000094, -0.000108, 0.054923)",LeftFalse_RightFalse,False,"(-3.8378407955169678, -0.0037751300260424614, -1.2019811868667603)","(359.95562744140625, 76.03672790527344, 359.8887023925781)",0.359704,-0.371718,"(1.862937, -0.000139, 0.715706)",LeftTrue_RightFalse
31.117981,0.020348,"(-1.5851749181747437, 0.8191118836402893, -32.24580383300781)","(357.7344665527344, 2.361616611480713, 178.41062927246094)","(-1.294438362121582, 1.189804196357727, -31.5401668548584)","(359.89312744140625, 183.17926025390625, -0.005029164720326662)","(-1.6789608001708984, -0.04367724433541298, -31.522502899169922)","(359.8930358886719, 180.21316528320312, 0.0005070921033620834)",0.0,-0.005402,"(0.000096, -0.000099, 0.051602)",LeftFalse_RightFalse,False,"(-3.7234714031219482, -0.0038052620366215706, -1.156113624572754)","(359.9550476074219, 75.30028533935547, 359.87408447265625)",0.36392,-0.395352,"(1.875888, -0.000652, 0.768718)",LeftTrue_RightFalse
31.160522,0.020667,"(-1.584680438041687, 0.8191055059432983, -32.243263244628906)","(357.74365234375, 2.3654940128326416, 178.17633056640625)","(-1.2944344282150269, 1.1897997856140137, -31.537853240966797)","(359.89324951171875, 183.17953491210938, -0.005020937882363796)","(-1.6789567470550537, -0.04368160665035248, -31.520183563232422)","(359.89312744140625, 180.2134552001953, 0.0005091744242236018)",0.0,-0.005402,"(0.000098, -0.000105, 0.054456)",LeftFalse_RightFalse,False,"(-3.6435282230377197, -0.0038373430725187063, -1.1222702264785767)","(359.95428466796875, 74.75069427490234, 359.86468505859375)",0.29325,-0.410074,"(1.889030, -0.000808, 0.821615)",LeftTrue_RightFalse
31.200867,0.020481,"(-1.5839731693267822, 0.8191009163856506, -32.24095916748047)","(357.7601623535156, 2.383761167526245, 177.73231506347656)","(-1.294431209564209, 1.1897954940795898, -31.535667419433594)","(359.89324951171875, 183.1811981201172, -0.005023040808737278)","(-1.6789530515670776, -0.04368596151471138, -31.517988204956055)","(359.89312744140625, 180.21510314941406, 0.0005072792991995811)",0.0,-0.005402,"(0.000097, -0.000107, 0.055407)",LeftFalse_RightFalse,False,"(-3.567194938659668, -0.003869925392791629, -1.0886930227279663)","(359.9535827636719, 74.20601654052734, 359.85784912109375)",0.367724,-0.423445,"(1.893106, -0.000791, 0.854304)",LeftTrue_RightFalse
31.242554,0.020564,"(-1.583494782447815, 0.8190944194793701, -32.23857498168945)","(357.7782287597656, 2.39371395111084, 177.22003173828125)","(-1.2944272756576538, 1.189790964126587, -31.533353805541992)","(359.8934020996094, 183.1811981201172, -0.005012806039303541)","(-1.6789491176605225, -0.04369045048952103, -31.515670776367188)","(359.8932800292969, 180.21510314941406, 0.0005101657006889582)",0.0,-0.005402,"(0.000099, -0.000103, 0.053042)",LeftFalse_RightFalse,False,"(-3.4882001876831055, -0.0039021458942443132, -1.0525691509246826)","(359.95306396484375, 73.62081146240234, 359.8511962890625)",0.349972,-0.436312,"(1.899709, -0.000737, 0.891350)",LeftTrue_RightFalse
31.282654,0.020373,"(-1.5831987857818604, 0.8190925717353821, -32.23635482788086)","(357.7954406738281, 2.4105584621429443, 176.7791748046875)","(-1.2944231033325195, 1.1897867918014526, -31.53117561340332)","(359.8931884765625, 183.1807861328125, -0.005025127902626991)","(-1.6789450645446777, -0.04369464889168739, -31.513500213623047)","(359.8930969238281, 180.21469116210938, 0.0005079234833829105)",0.0,-0.005402,"(0.000101, -0.000107, 0.054902)",LeftFalse_RightFalse,False,"(-3.4120254516601562, -0.003930366598069668, -1.016341209411621)","(359.95257568359375, 73.03411102294922, 359.84478759765625)",0.356169,-0.446896,"(1.904237, -0.000652, 0.927912)",LeftTrue_RightFalse
31.343262,0.020385,"(-1.5829545259475708, 0.8190874457359314, -32.23299789428711)","(357.8105163574219, 2.426633358001709, 176.36537170410156)","(-1.2944172620773315, 1.189780354499817, -31.52785873413086)","(359.8930969238281, 183.18174743652344, -0.005032959394156933)","(-1.678938865661621, -0.04370115324854851, -31.51017951965332)","(359.8929748535156, 180.21566772460938, 0.0005058443057350814)",0.0,-0.005402,"(0.000101, -0.000108, 0.055629)",LeftFalse_RightFalse,False,"(-3.296520233154297, -0.0039665838703513145, -0.958768367767334)","(359.9520568847656, 72.1055679321289, 359.8357849121094)",0.361536,-0.460313,"(1.910357, -0.000518, 0.983141)",LeftTrue_RightFalse
31.383484,0.020256,"(-1.5828605890274048, 0.8190823793411255, -32.23074722290039)","(357.8046569824219, 2.4171905517578125, 176.33929443359375)","(-1.2944133281707764, 1.189775824546814, -31.525623321533203)","(359.89312744140625, 183.1820526123047, -0.0050293924286961555)","(-1.6789348125457764, -0.0437055304646492, -31.5079402923584)","(359.8930358886719, 180.21595764160156, 0.0005067171296104789)",0.0,-0.005402,"(0.000102, -0.000107, 0.055045)",LeftFalse_RightFalse,False,"(-3.2195820808410645, -0.003986213821917772, -0.9186478853225708)","(359.9518127441406, 71.46324920654297, 359.8304138183594)",0.35287,-0.432712,"(1.914179, -0.000430, 1.020563)",LeftTrue_RightFalse
31.426697,0.020722,"(-1.5828101634979248, 0.8190789222717285, -32.22835922241211)","(357.7919616699219, 2.419649362564087, 176.4348602294922)","(-1.2944093942642212, 1.1897714138031006, -31.523252487182617)","(359.8930358886719, 183.18344116210938, -0.005036767106503248)","(-1.6789305210113525, -0.04371023178100586, -31.50556182861328)","(359.8929138183594, 180.21734619140625, 0.0005044371355324984)",0.0,-0.005402,"(0.000102, -0.000109, 0.055937)",LeftFalse_RightFalse,False,"(-3.1366920471191406, -0.004003466106951237, -0.8741604089736938)","(359.9512634277344, 70.76492309570312, 359.82830810546875)",0.347997,-0.47112,"(1.923241, -0.000361, 1.050465)",LeftTrue_RightFalse
31.486938,0.020449,"(-1.5827537775039673, 0.8190727829933167, -32.224998474121094)","(357.7728576660156, 2.429105043411255, 176.60073852539062)","(-1.2944031953811646, 1.1897648572921753, -31.5198974609375)","(359.89300537109375, 183.18338012695312, -0.005037705413997173)","(-1.678924322128296, -0.04371678829193115, -31.502208709716797)","(359.89288330078125, 180.21728515625, 0.0005053297500126064)",0.0,-0.005402,"(0.000105, -0.000108, 0.055521)",LeftFalse_RightFalse,False,"(-3.0209178924560547, -0.004022188484668732, -0.8091534376144409)","(359.951171875, 69.75447845458984, 359.8212890625)",0.365664,-0.494884,"(1.919582, -0.000255, 1.113503)",LeftTrue_RightFalse
31.547058,0.020296,"(-1.5827034711837769, 0.8190653920173645, -32.22160339355469)","(357.7392883300781, 2.4247043132781982, 176.93980407714844)","(-1.2943967580795288, 1.189758062362671, -31.516510009765625)","(359.89306640625, 183.18359375, -0.0050329905934631824)","(-1.6789178848266602, -0.043723396956920624, -31.498817443847656)","(359.8929443359375, 180.21751403808594, 0.0005069952458143234)",0.0,-0.005402,"(0.000105, -0.000110, 0.056494)",LeftFalse_RightFalse,False,"(-2.9056692123413086, -0.004035020247101784, -0.7404110431671143)","(359.9516906738281, 68.68528747558594, 359.8104553222656)",0.364912,-0.50845,"(1.915382, -0.000174, 1.176998)",LeftTrue_RightFalse
31.587219,0.020199,"(-1.5830649137496948, 0.8190621137619019, -32.21933364868164)","(357.7113952636719, 2.420982837677002, 177.28880310058594)","(-1.2943925857543945, 1.1897538900375366, -31.514263153076172)","(359.8929748535156, 183.1844940185547, -0.0050401766784489155)","(-1.6789133548736572, -0.04372776299715042, -31.496566772460938)","(359.8928527832031, 180.21839904785156, 0.0005041857366450131)",0.0,-0.005402,"(0.000107, -0.000110, 0.056364)",LeftFalse_RightFalse,False,"(-2.828827142715454, -0.004041178151965141, -0.6923748254776001)","(359.95208740234375, 67.94235229492188, 359.8034973144531)",0.361288,-0.515341,"(1.912424, -0.000135, 1.218888)",LeftTrue_RightFalse
31.645325,0.01976,"(-1.5837804079055786, 0.8190536499023438, -32.215965270996094)","(357.67730712890625, 2.408557176589966, 177.75692749023438)","(-1.2943867444992065, 1.1897470951080322, -31.510942459106445)","(359.89312744140625, 183.18557739257812, -0.005030172411352396)","(-1.6789072751998901, -0.04373426362872124, -31.493236541748047)","(359.89300537109375, 180.219482421875, 0.000506489013787359)",0.0,-0.005402,"(0.000107, -0.000110, 0.057449)",LeftFalse_RightFalse,False,"(-2.71787691116333, -0.004047645255923271, -0.619931161403656)","(359.95263671875, 66.83341217041016, 359.7947692871094)",0.35835,-0.522333,"(1.907216, -0.000092, 1.280416)",LeftTrue_RightFalse
31.702148,0.019306,"(-1.5842900276184082, 0.819047749042511, -32.212684631347656)","(357.655517578125, 2.380924940109253, 178.38082885742188)","(-1.294380784034729, 1.1897410154342651, -31.5076961517334)","(359.8930969238281, 183.1859893798828, -0.005032272078096867)","(-1.678901195526123, -0.043740514665842056, -31.489986419677734)","(359.8929748535156, 180.21990966796875, 0.0005058961687609553)",0.0,-0.005402,"(0.000110, -0.000107, 0.055920)",LeftFalse_RightFalse,False,"(-2.6097612380981445, -0.004051943775266409, -0.5457900166511536)","(359.95318603515625, 65.71575164794922, 359.7875671386719)",0.358261,-0.54115,"(1.897041, -0.000062, 1.344267)",LeftTrue_RightFalse
31.743408,0.01982,"(-1.5844981670379639, 0.8190447688102722, -32.210323333740234)","(357.646484375, 2.366175651550293, 178.67648315429688)","(-1.294376254081726, 1.1897366046905518, -31.505340576171875)","(359.8929748535156, 183.185791015625, -0.005040006246417761)","(-1.6788966655731201, -0.0437450185418129, -31.48763656616211)","(359.8928527832031, 180.21969604492188, 0.0005044954596087337)",0.0,-0.005402,"(0.000111, -0.000112, 0.057042)",LeftFalse_RightFalse,False,"(-2.5316169261932373, -0.004054128658026457, -0.4896742105484009)","(359.9538269042969, 64.87671661376953, 359.78125)",0.37203,-0.547493,"(1.887859, -0.000045, 1.388215)",LeftTrue_RightFalse
31.784058,0.019974,"(-1.5846225023269653, 0.81904137134552, -32.20800018310547)","(357.6373596191406, 2.36625075340271, 178.77552795410156)","(-1.2943716049194336, 1.1897320747375488, -31.503023147583008)","(359.89288330078125, 183.18539428710938, -0.005043777637183666)","(-1.6788921356201172, -0.04374953731894493, -31.485322952270508)","(359.89276123046875, 180.21929931640625, 0.0005053706117905676)",0.0,-0.005402,"(0.000112, -0.000114, 0.058785)",LeftFalse_RightFalse,False,"(-2.45511794090271, -0.004055696539580822, -0.432648628950119)","(359.95440673828125, 64.03079223632812, 359.77508544921875)",0.364218,-0.551735,"(1.879188, -0.000038, 1.432230)",LeftTrue_RightFalse
31.843933,0.020011,"(-1.5847347974777222, 0.8190311193466187, -32.2044677734375)","(357.6245422363281, 2.370283603668213, 178.7013702392578)","(-1.2943648099899292, 1.1897250413894653, -31.49950408935547)","(359.8931579589844, 183.1858367919922, -0.0050240675918757915)","(-1.6788853406906128, -0.043756358325481415, -31.481794357299805)","(359.8930358886719, 180.21975708007812, 0.0005113630322739482)",0.0,-0.005402,"(0.000110, -0.000111, 0.058399)",LeftFalse_RightFalse,False,"(-2.342947244644165, -0.0040574390441179276, -0.34529101848602295)","(359.955078125, 62.75236511230469, 359.767333984375)",0.368083,-0.554636,"(1.865628, -0.000026, 1.496081)",LeftTrue_RightFalse
31.884521,0.020094,"(-1.5847797393798828, 0.8190260529518127, -32.20207214355469)","(357.62713623046875, 2.3735742568969727, 178.6514892578125)","(-1.2943603992462158, 1.1897203922271729, -31.497114181518555)","(359.8931884765625, 183.18630981445312, -0.00502049271017313)","(-1.6788808107376099, -0.04376096650958061, -31.479400634765625)","(359.89306640625, 180.22024536132812, 0.0005128683405928314)",0.0,-0.005402,"(0.000111, -0.000114, 0.058083)",LeftFalse_RightFalse,False,"(-2.2674343585968018, -0.00405836571007967, -0.2839756906032562)","(359.9554138183594, 61.87031936645508, 359.7633056640625)",0.364212,-0.551563,"(1.857046, -0.000026, 1.537998)",LeftTrue_RightFalse
31.944763,0.020113,"(-1.5848052501678467, 0.8190197348594666, -32.19851303100586)","(357.62091064453125, 2.3682894706726074, 178.6675262451172)","(-1.2943534851074219, 1.1897135972976685, -31.493555068969727)","(359.8931579589844, 183.18592834472656, -0.0050220550037920475)","(-1.678874135017395, -0.04376785457134247, -31.475845336914062)","(359.8930358886719, 180.2198486328125, 0.0005137649714015424)",0.0,-0.005402,"(0.000111, -0.000114, 0.059214)",LeftFalse_RightFalse,False,"(-2.155787229537964, -0.004060005769133568, -0.189751997590065)","(359.9555358886719, 60.54499053955078, 359.75994873046875)",0.363004,-0.545771,"(1.846198, -0.000029, 1.597516)",LeftTrue_RightFalse
31.988159,0.020613,"(-1.5848233699798584, 0.8190150856971741, -32.19593811035156)","(357.6224060058594, 2.367877721786499, 178.7036895751953)","(-1.294348955154419, 1.1897085905075073, -31.490982055664062)","(359.89312744140625, 183.1865692138672, -0.00502201821655035)","(-1.6788692474365234, -0.04377279430627823, -31.473268508911133)","(359.89300537109375, 180.22048950195312, 0.0005150007782503963)",0.0,-0.005402,"(0.000113, -0.000118, 0.060446)",LeftFalse_RightFalse,False,"(-2.075833797454834, -0.004061471670866013, -0.11973072588443756)","(359.9553527832031, 59.586795806884766, 359.7593078613281)",0.361701,-0.539371,"(1.839708, -0.000037, 1.636526)",LeftTrue_RightFalse
32.046753,0.020055,"(-1.5848431587219238, 0.81900954246521, -32.192447662353516)","(357.61798095703125, 2.3685555458068848, 178.7425079345703)","(-1.2943427562713623, 1.189702033996582, -31.487499237060547)","(359.8930358886719, 183.18775939941406, -0.005030587315559387)","(-1.6788625717163086, -0.04377950727939606, -31.46977996826172)","(359.8929138183594, 180.2216796875, 0.0005109913763590157)",0.0,-0.005402,"(0.000115, -0.000118, 0.060491)",LeftFalse_RightFalse,False,"(-1.968369722366333, -0.004063762724399567, -0.022388383746147156)","(359.954833984375, 58.294342041015625, 359.7603454589844)",0.355683,-0.792952,"(1.830286, -0.000045, 1.692445)",LeftTrue_RightFalse
32.087585,0.020177,"(-1.584849238395691, 0.819004476070404, -32.18999099731445)","(357.61614990234375, 2.3688201904296875, 178.7460174560547)","(-1.2943382263183594, 1.189697027206421, -31.485044479370117)","(359.89306640625, 183.18824768066406, -0.005029190331697464)","(-1.6788579225540161, -0.04378432035446167, -31.467321395874023)","(359.8929443359375, 180.22216796875, 0.0005114463274367154)",0.0,-0.005402,"(0.000117, -0.000119, 0.061042)",LeftFalse_RightFalse,False,"(-1.8960349559783936, -0.004063573200255632, 0.048433173447847366)","(359.95892333984375, 57.311973571777344, 359.7394104003906)",0.596492,-0.589623,"(1.742532, 0.000047, 1.760954)",LeftTrue_RightFalse
32.145325,0.019764,"(-1.584851861000061, 0.8189972043037415, -32.186500549316406)","(357.6146240234375, 2.369368553161621, 178.7483673095703)","(-1.294331431388855, 1.1896902322769165, -31.481555938720703)","(359.8930969238281, 183.18870544433594, -0.005026697646826506)","(-1.6788510084152222, -0.04379120096564293, -31.463829040527344)","(359.8929748535156, 180.22262573242188, 0.0005124635063111782)",0.0,-0.005402,"(0.000117, -0.000115, 0.059634)",LeftFalse_RightFalse,False,"(-1.7954561710357666, -0.004061419516801834, 0.15195736289024353)","(359.96063232421875, 55.88196563720703, 359.72509765625)",0.350521,-0.570561,"(1.741647, 0.000006, 1.824876)",LeftTrue_RightFalse
32.18573,0.019906,"(-1.5848501920700073, 0.8189945220947266, -32.184078216552734)","(357.61419677734375, 2.3653512001037598, 178.75299072265625)","(-1.2943267822265625, 1.1896857023239136, -31.479135513305664)","(359.8929443359375, 183.18882751464844, -0.005036524496972561)","(-1.6788463592529297, -0.0437958762049675, -31.461410522460938)","(359.892822265625, 180.22274780273438, 0.0005105494055896997)",0.0,-0.005402,"(0.000118, -0.000116, 0.059849)",LeftFalse_RightFalse,False,"(-1.7252206802368164, -0.004061561077833176, 0.22621650993824005)","(359.9603271484375, 54.899688720703125, 359.72601318359375)",0.375844,-0.555425,"(1.735711, -0.000017, 1.860652)",LeftTrue_RightFalse
32.242004,0.01933,"(-1.5848547220230103, 0.8189894556999207, -32.180694580078125)","(357.61383056640625, 2.3628034591674805, 178.76513671875)","(-1.2943202257156372, 1.1896790266036987, -31.475753784179688)","(359.8927917480469, 183.18963623046875, -0.005043810699135065)","(-1.6788395643234253, -0.043802518397569656, -31.458026885986328)","(359.8927001953125, 180.22354125976562, 0.0005097945686429739)",0.0,-0.005402,"(0.000119, -0.000119, 0.060590)",LeftFalse_RightFalse,False,"(-1.627672791481018, -0.004063548520207405, 0.332095205783844)","(359.958740234375, 53.55755615234375, 359.73291015625)",0.355171,-0.531796,"(1.728398, -0.000050, 1.912889)",LeftTrue_RightFalse
32.297852,0.018953,"(-1.5848298072814941, 0.8189818859100342, -32.17728042602539)","(357.613525390625, 2.35953688621521, 178.7872314453125)","(-1.2943130731582642, 1.1896723508834839, -31.472333908081055)","(359.89288330078125, 183.18814086914062, -0.005035306327044964)","(-1.6788328886032104, -0.04380914568901062, -31.454614639282227)","(359.89276123046875, 180.22206115722656, 0.0005146283656358719)",0.0,-0.005402,"(0.000121, -0.000119, 0.061411)",LeftFalse_RightFalse,False,"(-1.5312650203704834, -0.004067183006554842, 0.4398078918457031)","(359.95654296875, 52.26180648803711, 359.7428894042969)",0.360439,-0.515613,"(1.725801, -0.000068, 1.949060)",LeftTrue_RightFalse
32.353149,0.018678,"(-1.584808588027954, 0.8189730644226074, -32.173851013183594)","(357.61322021484375, 2.357400417327881, 178.81362915039062)","(-1.2943060398101807, 1.189665675163269, -31.46889877319336)","(359.8930358886719, 183.1869659423828, -0.005020012613385916)","(-1.6788263320922852, -0.043815821409225464, -31.45118522644043)","(359.8929138183594, 180.2208709716797, 0.0005213817348703742)",0.0,-0.005402,"(0.000119, -0.000118, 0.062181)",LeftFalse_RightFalse,False,"(-1.4359999895095825, -0.0040720440447330475, 0.5491809248924255)","(359.9541931152344, 51.01433181762695, 359.75360107421875)",0.354245,-0.492583,"(1.718679, -0.000086, 1.997010)",LeftTrue_RightFalse
32.41394,0.019478,"(-1.5847938060760498, 0.8189675211906433, -32.17012023925781)","(357.6132507324219, 2.356233596801758, 178.8377685546875)","(-1.2942984104156494, 1.1896584033966064, -31.465164184570312)","(359.8929138183594, 183.1863555908203, -0.005022942554205656)","(-1.6788190603256226, -0.043822988867759705, -31.44745635986328)","(359.8927917480469, 180.2202606201172, 0.0005250282702036202)",0.0,-0.005402,"(0.000118, -0.000119, 0.061372)",LeftFalse_RightFalse,False,"(-1.3317054510116577, -0.004077563062310219, 0.6721418499946594)","(359.9520568847656, 49.68844985961914, 359.7653503417969)",0.351736,-0.464574,"(1.712745, -0.000090, 2.044176)",LeftTrue_RightFalse
32.471069,0.019269,"(-1.5847842693328857, 0.8189597725868225, -32.166561126708984)","(357.6131591796875, 2.3526570796966553, 178.84190368652344)","(-1.2942917346954346, 1.1896514892578125, -31.46160316467285)","(359.8929748535156, 183.1861114501953, -0.005014357622712851)","(-1.6788125038146973, -0.043829917907714844, -31.44389533996582)","(359.8928527832031, 180.2200164794922, 0.0005301405908539891)",0.0,-0.005402,"(0.000116, -0.000121, 0.062313)",LeftFalse_RightFalse,False,"(-1.2339341640472412, -0.0040828995406627655, 0.7902622222900391)","(359.9502258300781, 48.491756439208984, 359.77679443359375)",0.341325,-0.438716,"(1.708634, -0.000085, 2.088155)",LeftTrue_RightFalse
32.511536,0.019659,"(-1.5847734212875366, 0.8189558386802673, -32.16404342651367)","(357.61322021484375, 2.351515293121338, 178.84039306640625)","(-1.2942867279052734, 1.189646601676941, -31.459081649780273)","(359.8929138183594, 183.1856231689453, -0.005019251722842455)","(-1.6788077354431152, -0.043834783136844635, -31.44137954711914)","(359.8927917480469, 180.21954345703125, 0.0005291231209412217)",0.0,-0.005402,"(0.000120, -0.000121, 0.062767)",LeftFalse_RightFalse,False,"(-1.1647889614105225, -0.004086444620043039, 0.8753823041915894)","(359.9490966796875, 47.6742057800293, 359.7847900390625)",0.347341,-0.418432,"(1.706079, -0.000082, 2.116205)",LeftTrue_RightFalse
32.566956,0.019046,"(-1.5847738981246948, 0.8189501166343689, -32.16060256958008)","(357.6204833984375, 2.351454734802246, 178.80775451660156)","(-1.2942801713943481, 1.1896398067474365, -31.455642700195312)","(359.892822265625, 183.18618774414062, -0.005023750942200422)","(-1.6788010597229004, -0.04384155571460724, -31.437938690185547)","(359.8927001953125, 180.22010803222656, 0.0005288010579533875)",0.0,-0.005402,"(0.000119, -0.000123, 0.062055)",LeftFalse_RightFalse,False,"(-1.070264220237732, -0.004091160837560892, 0.9936586618423462)","(359.9476623535156, 46.60087966918945, 359.7962341308594)",0.331094,-0.389178,"(1.704988, -0.000078, 2.155629)",LeftTrue_RightFalse
32.626404,0.019404,"(-1.5847713947296143, 0.8189417123794556, -32.1568489074707)","(357.6282958984375, 2.3455970287323, 178.72067260742188)","(-1.2942732572555542, 1.189632534980774, -31.451892852783203)","(359.8929138183594, 183.1865692138672, -0.005018996074795723)","(-1.6787939071655273, -0.04384886845946312, -31.434185028076172)","(359.8927917480469, 180.22047424316406, 0.0005291331908665597)",0.0,-0.005402,"(0.000119, -0.000122, 0.063270)",LeftFalse_RightFalse,False,"(-0.9688323736190796, -0.004096043296158314, 1.1227651834487915)","(359.9463195800781, 45.51219177246094, 359.80914306640625)",0.334016,-0.370131,"(1.705802, -0.000071, 2.192134)",LeftTrue_RightFalse
32.684387,0.019333,"(-1.584403157234192, 0.8189343214035034, -32.153194427490234)","(357.64105224609375, 2.354081153869629, 178.3940887451172)","(-1.2942659854888916, 1.1896255016326904, -31.44821548461914)","(359.8929443359375, 183.1858367919922, -0.0050179422833025455)","(-1.6787869930267334, -0.043855879455804825, -31.430511474609375)","(359.892822265625, 180.21974182128906, 0.0005287211970426142)",0.0,-0.005402,"(0.000120, -0.000121, 0.063022)",LeftFalse_RightFalse,False,"(-0.8704311847686768, -0.004100020509213209, 1.2508141994476318)","(359.94561767578125, 44.495948791503906, 359.8163146972656)",0.345661,-0.390173,"(1.682068, -0.000055, 2.240109)",LeftTrue_RightFalse
32.744446,0.019783,"(-1.5834577083587646, 0.8189268708229065, -32.1494140625)","(357.66546630859375, 2.386582851409912, 177.75894165039062)","(-1.2942585945129395, 1.1896181106567383, -31.444377899169922)","(359.8929443359375, 183.1847381591797, -0.00501337181776762)","(-1.67877995967865, -0.04386323690414429, -31.426681518554688)","(359.8928527832031, 180.21865844726562, 0.0005322754150256515)",0.0,-0.005402,"(0.000121, -0.000123, 0.063741)",LeftFalse_RightFalse,False,"(-0.7701557874679565, -0.0041027250699698925, 1.3866493701934814)","(359.9459533691406, 43.426055908203125, 359.81134033203125)",0.349916,-0.38634,"(1.653571, -0.000040, 2.291476)",LeftTrue_RightFalse
32.784607,0.019875,"(-1.5828945636749268, 0.8189221024513245, -32.146873474121094)","(357.6850280761719, 2.404264450073242, 177.30197143554688)","(-1.2942538261413574, 1.1896132230758667, -31.44180679321289)","(359.8929443359375, 183.18472290039062, -0.005014103837311268)","(-1.6787751913070679, -0.043868210166692734, -31.424110412597656)","(359.892822265625, 180.2186279296875, 0.00053209817269817)",0.0,-0.005402,"(0.000118, -0.000126, 0.064728)",LeftFalse_RightFalse,False,"(-0.7040224075317383, -0.004104001447558403, 1.479198932647705)","(359.9461975097656, 42.704307556152344, 359.8066711425781)",0.343692,-0.381902,"(1.636509, -0.000032, 2.324750)",LeftTrue_RightFalse
32.825012,0.019987,"(-1.582353949546814, 0.8189184665679932, -32.14432907104492)","(357.7019348144531, 2.4182403087615967, 176.89102172851562)","(-1.2942489385604858, 1.1896082162857056, -31.43922996520996)","(359.8928527832031, 183.1845703125, -0.005019961390644312)","(-1.6787703037261963, -0.043873224407434464, -31.42153549194336)","(359.8927307128906, 180.21847534179688, 0.0005318522453308105)",0.0,-0.005402,"(0.000122, -0.000122, 0.062846)",LeftFalse_RightFalse,False,"(-0.638173520565033, -0.004105235915631056, 1.5736355781555176)","(359.9463806152344, 41.9778938293457, 359.8026123046875)",0.345719,-0.37794,"(1.620113, -0.000029, 2.356827)",LeftTrue_RightFalse
32.882813,0.019598,"(-1.581902265548706, 0.8189136981964111, -32.14066696166992)","(357.7140197753906, 2.4275379180908203, 176.69554138183594)","(-1.294242024421692, 1.189600944519043, -31.4355411529541)","(359.89263916015625, 183.18447875976562, -0.00503184087574482)","(-1.6787633895874023, -0.0438804030418396, -31.4178524017334)","(359.8925476074219, 180.2183837890625, 0.000529593089595437)",0.0,-0.005402,"(0.000121, -0.000122, 0.061963)",LeftFalse_RightFalse,False,"(-0.5451115965843201, -0.004106898792088032, 1.7109956741333008)","(359.9464416503906, 40.94263458251953, 359.79840087890625)",0.341319,-0.368638,"(1.595715, -0.000031, 2.404042)",LeftTrue_RightFalse
32.941101,0.019507,"(-1.5818591117858887, 0.8189067840576172, -32.13693618774414)","(357.7025146484375, 2.4310760498046875, 176.7716522216797)","(-1.2942347526550293, 1.18959379196167, -31.431804656982422)","(359.8926086425781, 183.18357849121094, -0.005032587330788374)","(-1.6787564754486084, -0.04388773813843727, -31.414121627807617)","(359.89251708984375, 180.21749877929688, 0.0005305069498717785)",0.0,-0.005402,"(0.000122, -0.000125, 0.064508)",LeftFalse_RightFalse,False,"(-0.45263370871543884, -0.004108707420527935, 1.8520597219467163)","(359.9463806152344, 39.90964126586914, 359.7965087890625)",0.341556,-0.356585,"(1.573142, -0.000033, 2.449235)",LeftTrue_RightFalse
32.997925,0.019155,"(-1.582139492034912, 0.8188995718955994, -32.13325500488281)","(357.66412353515625, 2.422041416168213, 176.999755859375)","(-1.2942278385162354, 1.1895866394042969, -31.428138732910156)","(359.8926086425781, 183.18348693847656, -0.005030152387917042)","(-1.6787495613098145, -0.043894849717617035, -31.410457611083984)","(359.89251708984375, 180.2174072265625, 0.0005329767591319978)",0.0,-0.005402,"(0.000120, -0.000124, 0.063783)",LeftFalse_RightFalse,False,"(-0.3635055124759674, -0.0041106385178864, 1.9919581413269043)","(359.94580078125, 38.92660903930664, 359.7989196777344)",0.345846,-0.317595,"(1.568573, -0.000038, 2.477382)",LeftTrue_RightFalse
33.038391,0.019499,"(-1.5826987028121948, 0.8188947439193726, -32.1306037902832)","(357.6463623046875, 2.408708095550537, 177.4166717529297)","(-1.2942228317260742, 1.1895816326141357, -31.425518035888672)","(359.8926086425781, 183.182861328125, -0.005029965657740831)","(-1.6787447929382324, -0.04389989376068115, -31.407840728759766)","(359.8924865722656, 180.21678161621094, 0.0005339739727787673)",0.0,-0.005402,"(0.000121, -0.000124, 0.063810)",LeftFalse_RightFalse,False,"(-0.2999107837677002, -0.004113015718758106, 2.0928897857666016)","(359.9447326660156, 38.26759719848633, 359.8072814941406)",0.330288,-0.296845,"(1.569882, -0.000054, 2.499415)",LeftTrue_RightFalse
33.093994,0.01903,"(-1.5836180448532104, 0.8188859820365906, -32.12690353393555)","(357.61279296875, 2.38567852973938, 178.01161193847656)","(-1.2942161560058594, 1.1895744800567627, -31.4218692779541)","(359.8927307128906, 183.1828155517578, -0.005021543242037296)","(-1.6787381172180176, -0.04390691593289375, -31.404190063476562)","(359.8926086425781, 180.21673583984375, 0.0005357815534807742)",0.0,-0.005402,"(0.000120, -0.000124, 0.064243)",LeftFalse_RightFalse,False,"(-0.21253052353858948, -0.0041163465939462185, 2.232849359512329)","(359.9434509277344, 37.425533294677734, 359.8222961425781)",0.333364,-0.267604,"(1.570919, -0.000059, 2.530195)",LeftTrue_RightFalse
33.152039,0.01916,"(-1.5841279029846191, 0.8188796043395996, -32.12308883666992)","(357.59979248046875, 2.364173650741577, 178.5395965576172)","(-1.2942092418670654, 1.1895672082901, -31.41808319091797)","(359.8926696777344, 183.1826629638672, -0.005026475992053747)","(-1.6787312030792236, -0.043914224952459335, -31.400405883789062)","(359.8925476074219, 180.21658325195312, 0.0005347198457457125)",0.0,-0.005402,"(0.000121, -0.000128, 0.065724)",LeftFalse_RightFalse,False,"(-0.12132725119590759, -0.004120270721614361, 2.3805830478668213)","(359.9423828125, 36.61524200439453, 359.8376770019531)",0.333182,-0.274965,"(1.566438, -0.000061, 2.562588)",LeftTrue_RightFalse
33.209595,0.01916,"(-1.5843909978866577, 0.8188722729682922, -32.11929702758789)","(357.5834655761719, 2.3571975231170654, 178.60484313964844)","(-1.2942023277282715, 1.189559817314148, -31.414306640625)","(359.89263916015625, 183.1826629638672, -0.005025999620556831)","(-1.6787242889404297, -0.0439215824007988, -31.396629333496094)","(359.89251708984375, 180.21656799316406, 0.0005356571637094021)",0.0,-0.005402,"(0.000120, -0.000128, 0.065809)",LeftFalse_RightFalse,False,"(-0.031798336654901505, -0.004123554099351168, 2.5292434692382812)","(359.9420166015625, 35.831729888916016, 359.8428649902344)",0.340042,-0.266894,"(1.545308, -0.000052, 2.602234)",LeftTrue_RightFalse
33.254333,0.02024,"(-1.5845001935958862, 0.818867027759552, -32.11634826660156)","(357.5864562988281, 2.360973358154297, 178.4998779296875)","(-1.2941968441009521, 1.189554214477539, -31.411361694335938)","(359.8926086425781, 183.18218994140625, -0.005028057377785444)","(-1.6787190437316895, -0.04392727091908455, -31.393688201904297)","(359.8924865722656, 180.21609497070312, 0.0005351504660211504)",0.0,-0.005402,"(0.000122, -0.000128, 0.066169)",LeftFalse_RightFalse,False,"(0.03711574897170067, -0.004125750157982111, 2.6464109420776367)","(359.9418640136719, 35.22831344604492, 359.8438720703125)",0.344683,-0.259242,"(1.533711, -0.000046, 2.628076)",LeftTrue_RightFalse
33.296936,0.020579,"(-1.584155797958374, 0.8188614845275879, -32.113548278808594)","(357.59124755859375, 2.3639962673187256, 178.2899932861328)","(-1.2941917181015015, 1.1895488500595093, -31.408544540405273)","(359.8926086425781, 183.1824188232422, -0.005028429441154003)","(-1.6787137985229492, -0.0439327247440815, -31.390869140625)","(359.89251708984375, 180.21633911132812, 0.0005345927202142775)",0.0,-0.005402,"(0.000123, -0.000126, 0.065570)",LeftFalse_RightFalse,False,"(0.10215134918689728, -0.004127670079469681, 2.7590012550354004)","(359.941650390625, 34.66405487060547, 359.84478759765625)",0.343025,-0.26903,"(1.523664, -0.000045, 2.653079)",LeftTrue_RightFalse
33.337463,0.020423,"(-1.583971619606018, 0.8188576102256775, -32.11090087890625)","(357.604736328125, 2.3675458431243896, 178.05514526367188)","(-1.2941871881484985, 1.189543604850769, -31.405893325805664)","(359.89251708984375, 183.18431091308594, -0.00503782881423831)","(-1.6787086725234985, -0.043937887996435165, -31.388208389282227)","(359.89239501953125, 180.2182159423828, 0.0005301852361299098)",0.0,-0.005402,"(0.000123, -0.000126, 0.065386)",LeftFalse_RightFalse,False,"(0.16316035389900208, -0.004129133652895689, 2.8673596382141113)","(359.9417419433594, 34.117984771728516, 359.8406066894531)",0.346453,-0.300062,"(1.495378, -0.000039, 2.684613)",LeftTrue_RightFalse
33.395508,0.019823,"(-1.583801507949829, 0.8188477754592896, -32.10701370239258)","(357.6156921386719, 2.382580518722534, 177.75852966308594)","(-1.2941803932189941, 1.1895359754562378, -31.402000427246094)","(359.8927001953125, 183.18472290039062, -0.00502623338252306)","(-1.6787017583847046, -0.043945420533418655, -31.384307861328125)","(359.892578125, 180.2186279296875, 0.0005323470686562359)",0.0,-0.005402,"(0.000124, -0.000125, 0.066029)",LeftFalse_RightFalse,False,"(0.24800953269004822, -0.00413072295486927, 3.0249876976013184)","(359.9425354003906, 33.27574920654297, 359.8244323730469)",0.350946,-0.315611,"(1.444515, -0.000026, 2.735367)",LeftTrue_RightFalse
33.437439,0.020291,"(-1.5837233066558838, 0.8188459277153015, -32.10427474975586)","(357.61676025390625, 2.390752077102661, 177.64707946777344)","(-1.2941750288009644, 1.189530849456787, -31.399253845214844)","(359.8924255371094, 183.18447875976562, -0.005045482888817787)","(-1.6786963939666748, -0.04395072162151337, -31.381568908691406)","(359.8923034667969, 180.2183837890625, 0.0005271807895042002)",0.0,-0.005402,"(0.000127, -0.000130, 0.066206)",LeftFalse_RightFalse,False,"(0.3076181411743164, -0.0041313632391393185, 3.140672206878662)","(359.9431457519531, 32.629852294921875, 359.81146240234375)",0.362321,-0.324683,"(1.411496, -0.000022, 2.768096)",LeftTrue_RightFalse
33.479065,0.0205,"(-1.5836586952209473, 0.818839430809021, -32.10149002075195)","(357.6105041503906, 2.391923189163208, 177.67364501953125)","(-1.2941694259643555, 1.1895253658294678, -31.396459579467773)","(359.89251708984375, 183.1831817626953, -0.005038151517510414)","(-1.6786912679672241, -0.043956149369478226, -31.378782272338867)","(359.89239501953125, 180.21710205078125, 0.0005302739446051419)",0.0,-0.005402,"(0.000126, -0.000132, 0.067448)",LeftFalse_RightFalse,False,"(0.36531826853752136, -0.004132106434553862, 3.256894588470459)","(359.9436950683594, 31.962141036987305, 359.7990417480469)",0.360115,-0.334972,"(1.377962, -0.000023, 2.801409)",LeftTrue_RightFalse
33.536621,0.019806,"(-1.5836302042007446, 0.8188306093215942, -32.09760665893555)","(357.5995178222656, 2.3946452140808105, 177.9298095703125)","(-1.2941625118255615, 1.189517855644226, -31.392581939697266)","(359.8926086425781, 183.18423461914062, -0.00503187719732523)","(-1.6786839962005615, -0.04396367818117142, -31.374895095825195)","(359.89251708984375, 180.2181396484375, 0.0005311473505571485)",0.0,-0.005402,"(0.000124, -0.000128, 0.066833)",LeftFalse_RightFalse,False,"(0.4426073431968689, -0.004132872447371483, 3.4200098514556885)","(359.9443359375, 30.99679183959961, 359.78314208984375)",0.356096,-0.343135,"(1.325577, -0.000019, 2.850595)",LeftTrue_RightFalse
33.596558,0.019881,"(-1.5836199522018433, 0.8188230991363525, -32.093563079833984)","(357.5927429199219, 2.3759944438934326, 178.23883056640625)","(-1.294155478477478, 1.1895101070404053, -31.3885440826416)","(359.8926086425781, 183.18548583984375, -0.005034364759922028)","(-1.6786766052246094, -0.0439714752137661, -31.370849609375)","(359.8924865722656, 180.21939086914062, 0.0005296847666613758)",0.0,-0.005402,"(0.000126, -0.000127, 0.066249)",LeftFalse_RightFalse,False,"(0.5201247930526733, -0.004321102984249592, 3.5926148891448975)","(359.95294189453125, 29.952077865600586, 359.7857360839844)",0.357082,-0.338865,"(1.273569, -0.004307, 2.899570)",LeftTrue_RightFalse
33.640076,0.02059,"(-1.5836255550384521, 0.8188164830207825, -32.09060287475586)","(357.5863952636719, 2.3782575130462646, 178.3525848388672)","(-1.294150471687317, 1.1895042657852173, -31.385591506958008)","(359.8926696777344, 183.1869659423828, -0.0050332737155258656)","(-1.6786710023880005, -0.04397719353437424, -31.36788558959961)","(359.8925476074219, 180.22088623046875, 0.0005271072150208056)",0.0,-0.005402,"(0.000128, -0.000132, 0.067386)",LeftFalse_RightFalse,False,"(0.5768777132034302, -0.004544344265013933, 3.7183828353881836)","(359.96221923828125, 29.285825729370117, 359.8277587890625)",0.335366,-0.231684,"(1.405822, -0.005679, 2.859105)",LeftTrue_RightFalse
33.686462,0.021443,"(-1.5836129188537598, 0.8188106417655945, -32.08745193481445)","(357.5815734863281, 2.379275321960449, 178.3673095703125)","(-1.294144630432129, 1.1894980669021606, -31.38243865966797)","(359.89263916015625, 183.18682861328125, -0.005035804584622383)","(-1.6786651611328125, -0.04398329183459282, -31.364734649658203)","(359.89251708984375, 180.22073364257812, 0.0005259469035081565)",0.0,-0.005402,"(0.000129, -0.000134, 0.067770)",LeftFalse_RightFalse,False,"(0.6415189504623413, -0.0048215873539447784, 3.851468086242676)","(359.97357177734375, 28.83533477783203, 359.9000549316406)",0.381633,-0.226601,"(1.352741, -0.006378, 2.897188)",LeftTrue_RightFalse
33.727051,0.021024,"(-1.5836131572723389, 0.8188053965568542, -32.084686279296875)","(357.5865173339844, 2.3787107467651367, 178.3394775390625)","(-1.2941395044326782, 1.1894928216934204, -31.37967300415039)","(359.89263916015625, 183.18748474121094, -0.005035866517573595)","(-1.6786597967147827, -0.04398862645030022, -31.36196517944336)","(359.89251708984375, 180.2213897705078, 0.0005263815983198583)",0.0,-0.005402,"(0.000130, -0.000134, 0.069557)",LeftFalse_RightFalse,False,"(0.6960465312004089, -0.005087773781269789, 3.9694504737854004)","(359.9847717285156, 28.39035415649414, 359.927734375)",0.354992,-0.21464,"(1.327303, -0.006751, 2.928384)",LeftTrue_RightFalse
33.767273,0.020689,"(-1.5836114883422852, 0.8187994360923767, -32.081912994384766)","(357.589599609375, 2.3783648014068604, 178.27194213867188)","(-1.294134259223938, 1.1894874572753906, -31.37690544128418)","(359.8927001953125, 183.18788146972656, -0.005032691173255444)","(-1.678654432296753, -0.0439939871430397, -31.35919189453125)","(359.892578125, 180.2218017578125, 0.0005269930115900934)",0.0,-0.005402,"(0.000132, -0.000130, 0.067493)",LeftFalse_RightFalse,False,"(0.7492108345031738, -0.00536298705264926, 4.0875701904296875)","(-0.003910771105438471, 27.935688018798828, 359.9484558105469)",0.355313,-0.231156,"(1.308104, -0.006933, 2.954756)",LeftTrue_RightFalse
33.826416,0.020263,"(-1.5836148262023926, 0.8187931776046753, -32.07786560058594)","(357.5923767089844, 2.37869930267334, 178.1643524169922)","(-1.2941269874572754, 1.1894797086715698, -31.37286376953125)","(359.8925476074219, 183.18887329101562, -0.0050406926311552525)","(-1.6786468029022217, -0.04400183632969856, -31.355146408081055)","(359.8924560546875, 180.2227783203125, 0.0005254028365015984)",0.0,-0.005402,"(0.000130, -0.000134, 0.068908)",LeftFalse_RightFalse,False,"(0.8256882429122925, -0.00579963531345129, 4.26333475112915)","(0.014063801616430283, 27.23993492126465, 359.9689636230469)",0.358546,-0.230745,"(1.273148, -0.010575, 2.995897)",LeftTrue_RightFalse
33.868591,0.020511,"(-1.5836124420166016, 0.8187885284423828, -32.07498550415039)","(357.5935363769531, 2.3785624504089355, 178.1287078857422)","(-1.2941213846206665, 1.189474105834961, -31.36998176574707)","(359.8924865722656, 183.18917846679688, -0.005045109894126654)","(-1.6786412000656128, -0.044007450342178345, -31.352264404296875)","(359.8923645019531, 180.22308349609375, 0.0005250622634775937)",0.0,-0.005402,"(0.000132, -0.000137, 0.070116)",LeftFalse_RightFalse,False,"(0.878907322883606, -0.006283286027610302, 4.389960289001465)","(0.03415205702185631, 26.728506088256836, 359.9678039550781)",0.352349,-0.228778,"(1.253964, -0.012496, 3.022630)",LeftTrue_RightFalse
33.927002,0.020048,"(-1.5836130380630493, 0.8187793493270874, -32.07093048095703)","(357.5894775390625, 2.3774425983428955, 178.13377380371094)","(-1.2941138744354248, 1.1894662380218506, -31.365928649902344)","(359.892578125, 183.1898651123047, -0.005039427895098925)","(-1.678633451461792, -0.04401532933115959, -31.34820556640625)","(359.8924560546875, 180.22377014160156, 0.0005255639553070068)",0.0,-0.005402,"(0.000135, -0.000132, 0.069017)",LeftFalse_RightFalse,False,"(0.9512097835540771, -0.007060816511511803, 4.567418575286865)","(0.06640684604644775, 26.007526397705078, 359.9606628417969)",0.352588,-0.267525,"(1.216666, -0.014067, 3.062719)",LeftTrue_RightFalse
33.984863,0.019694,"(-1.583614468574524, 0.8187750577926636, -32.06696701049805)","(357.5836486816406, 2.375915050506592, 178.1845703125)","(-1.2941062450408936, 1.1894587278366089, -31.361968994140625)","(359.892333984375, 183.19061279296875, -0.005057713948190212)","(-1.6786255836486816, -0.044022947549819946, -31.34424591064453)","(359.8922119140625, 180.2245330810547, 0.0005206310888752341)",0.0,-0.005402,"(0.000137, -0.000136, 0.069210)",LeftFalse_RightFalse,False,"(1.0198535919189453, -0.007895023562014103, 4.745617866516113)","(0.10182780772447586, 25.2318058013916, 359.9402770996094)",0.35859,-0.286268,"(1.155211, -0.014781, 3.108447)",LeftTrue_RightFalse
34.025879,0.020018,"(-1.583604335784912, 0.8187699317932129, -32.06413269042969)","(357.58367919921875, 2.3750154972076416, 178.23170471191406)","(-1.2941004037857056, 1.189453125, -31.359130859375)","(359.8923034667969, 183.19027709960938, -0.0050580669194459915)","(-1.6786198616027832, -0.044028475880622864, -31.341411590576172)","(359.8921813964844, 180.22418212890625, 0.0005219404119998217)",0.0,-0.005402,"(0.000137, -0.000136, 0.069424)",LeftFalse_RightFalse,False,"(1.0664311647415161, -0.008504575118422508, 4.873496055603027)","(0.12793368101119995, 24.6354923248291, 359.9223327636719)",0.361694,-0.296954,"(1.114836, -0.015008, 3.138311)",LeftTrue_RightFalse
34.085022,0.019884,"(-1.5836013555526733, 0.8187635540962219, -32.06007385253906)","(357.58526611328125, 2.374553918838501, 178.25296020507812)","(-1.2940925359725952, 1.1894452571868896, -31.35507583618164)","(359.89215087890625, 183.190673828125, -0.005065624136477709)","(-1.6786118745803833, -0.04403648152947426, -31.337356567382812)","(359.8920593261719, 180.22457885742188, 0.0005211795796640217)",0.0,-0.005402,"(0.000136, -0.000138, 0.069579)",LeftFalse_RightFalse,False,"(1.1306192874908447, -0.009395753964781761, 5.060163974761963)","(0.16619166731834412, 23.718196868896484, 359.8966979980469)",0.358372,-0.315532,"(1.051601, -0.015130, 3.182650)",LeftTrue_RightFalse
34.126953,0.020318,"(-1.583621859550476, 0.8187569975852966, -32.057167053222656)","(357.5841064453125, 2.382503032684326, 178.24203491210938)","(-1.294087529182434, 1.1894394159317017, -31.35218048095703)","(359.8922424316406, 183.1927490234375, -0.005061957519501448)","(-1.6786062717437744, -0.0440421923995018, -31.334444046020508)","(359.8921203613281, 180.22665405273438, 0.000521232548635453)",0.0,-0.005402,"(0.000138, -0.000135, 0.070216)",LeftFalse_RightFalse,False,"(1.173769474029541, -0.010029248893260956, 5.193897724151611)","(0.19350546598434448, 23.028635025024414, 359.8788146972656)",0.365844,-0.323916,"(1.007388, -0.015136, 3.211699)",LeftTrue_RightFalse
34.184326,0.01972,"(-1.5836091041564941, 0.8187486529350281, -32.05316162109375)","(357.5832214355469, 2.376182794570923, 178.23731994628906)","(-1.2940795421600342, 1.1894317865371704, -31.348175048828125)","(359.89227294921875, 183.1923828125, -0.005057213827967644)","(-1.678598403930664, -0.044049836695194244, -31.330440521240234)","(359.89215087890625, 180.22628784179688, 0.0005233447882346809)",0.0,-0.005402,"(0.000141, -0.000130, 0.068002)",LeftFalse_RightFalse,False,"(1.2297389507293701, -0.010895649902522564, 5.378994941711426)","(0.23085570335388184, 22.03861427307129, 359.8563537597656)",0.356321,-0.328629,"(0.941598, -0.015105, 3.254420)",LeftTrue_RightFalse
34.225708,0.020097,"(-1.5836056470870972, 0.8187434673309326, -32.0502815246582)","(357.5870056152344, 2.378901243209839, 178.2473907470703)","(-1.2940735816955566, 1.1894261837005615, -31.345294952392578)","(359.8922424316406, 183.1925811767578, -0.0050590489991009235)","(-1.6785924434661865, -0.044055402278900146, -31.327560424804688)","(359.89215087890625, 180.2264862060547, 0.0005228779627941549)",0.0,-0.005402,"(0.000140, -0.000137, 0.070714)",LeftFalse_RightFalse,False,"(1.267980694770813, -0.011519663035869598, 5.514073371887207)","(0.25769415497779846, 21.29936981201172, 359.8429870605469)",0.361447,-0.320291,"(0.903404, -0.015070, 3.281281)",LeftTrue_RightFalse
34.284668,0.019868,"(-1.5836145877838135, 0.8187341690063477, -32.046142578125)","(357.58782958984375, 2.382321357727051, 178.24269104003906)","(-1.2940657138824463, 1.1894183158874512, -31.34115982055664)","(359.8923645019531, 183.19393920898438, -0.0050508310087025166)","(-1.678584098815918, -0.04406319186091423, -31.323413848876953)","(359.8922424316406, 180.22784423828125, 0.0005249930545687675)",0.0,-0.005402,"(0.000140, -0.000134, 0.070551)",LeftFalse_RightFalse,False,"(1.3197977542877197, -0.012387816794216633, 5.708184242248535)","(0.29455694556236267, 20.241374969482422, 359.8298034667969)",0.350963,-0.313489,"(0.852310, -0.011335, 3.319368)",LeftTrue_RightFalse
34.325623,0.02008,"(-1.5836199522018433, 0.8187288641929626, -32.04325866699219)","(357.585693359375, 2.3840219974517822, 178.2375946044922)","(-1.294060468673706, 1.1894129514694214, -31.33828353881836)","(359.8923645019531, 183.19480895996094, -0.005052936263382435)","(-1.6785783767700195, -0.04406869411468506, -31.320531845092773)","(359.8922424316406, 180.22872924804688, 0.000523701251950115)",0.0,-0.005402,"(0.000143, -0.000135, 0.069757)",LeftFalse_RightFalse,False,"(1.3540552854537964, -0.01281866803765297, 5.844391822814941)","(0.3125535845756531, 19.509323120117188, 359.8097229003906)",0.355666,-0.314085,"(0.820345, -0.009429, 3.343055)",LeftTrue_RightFalse
34.382996,0.019562,"(-1.5836329460144043, 0.8187219500541687, -32.03922653198242)","(357.5887756347656, 2.3857622146606445, 178.24745178222656)","(-1.2940527200698853, 1.189405083656311, -31.334259033203125)","(359.89227294921875, 183.1964874267578, -0.005060070659965277)","(-1.6785701513290405, -0.04407653957605362, -31.316497802734375)","(359.8921813964844, 180.23040771484375, 0.0005204560584388673)",0.0,-0.005402,"(0.000144, -0.000135, 0.069879)",LeftFalse_RightFalse,False,"(1.3995952606201172, -0.013316668570041656, 6.037079334259033)","(0.3331691026687622, 18.482906341552734, 359.776123046875)",0.355291,-0.324915,"(0.758941, -0.007851, 3.378583)",LeftTrue_RightFalse
34.441589,0.019543,"(-1.5836448669433594, 0.8187158107757568, -32.03512954711914)","(357.5905456542969, 2.386817455291748, 178.24400329589844)","(-1.294044852256775, 1.1893972158432007, -31.330167770385742)","(359.89215087890625, 183.19810485839844, -0.005072159226983786)","(-1.6785616874694824, -0.04408455267548561, -31.31239891052246)","(359.89202880859375, 180.2320098876953, 0.0005159073625691235)",0.0,-0.005402,"(0.000147, -0.000136, 0.070752)",LeftFalse_RightFalse,False,"(1.4424798488616943, -0.013800062239170074, 6.235744476318359)","(0.349547803401947, 17.414710998535156, 359.7403869628906)",0.351942,-0.32338,"(0.695387, -0.006256, 3.414002)",LeftTrue_RightFalse
34.484619,0.020315,"(-1.5836527347564697, 0.8187088370323181, -32.03207778930664)","(357.5911560058594, 2.3887956142425537, 178.24514770507812)","(-1.2940387725830078, 1.1893911361694336, -31.327123641967773)","(359.8922119140625, 183.19923400878906, -0.005067871883511543)","(-1.6785552501678467, -0.04409050941467285, -31.309345245361328)","(359.89208984375, 180.233154296875, 0.0005160838481970131)",0.0,-0.005402,"(0.000149, -0.000137, 0.071017)",LeftFalse_RightFalse,False,"(1.4718023538589478, -0.014060803689062595, 6.382889747619629)","(0.34628161787986755, 16.62331199645996, 359.7428283691406)",0.363322,-0.321415,"(0.653100, -0.005759, 3.436397)",LeftTrue_RightFalse
34.542358,0.019779,"(-1.5836609601974487, 0.8187013864517212, -32.02799987792969)","(357.5917053222656, 2.39060378074646, 178.253173828125)","(-1.2940306663513184, 1.1893833875656128, -31.323049545288086)","(359.8921813964844, 183.2005615234375, -0.005071168299764395)","(-1.678546667098999, -0.044098373502492905, -31.30526351928711)","(359.8920593261719, 180.23446655273438, 0.000514382089022547)",0.0,-0.005402,"(0.000151, -0.000139, 0.070863)",LeftFalse_RightFalse,False,"(1.5082690715789795, -0.01438850536942482, 6.582004547119141)","(0.33214834332466125, 15.559468269348145, 359.7606506347656)",0.351478,-0.314648,"(0.592302, -0.005615, 3.469536)",LeftTrue_RightFalse
34.601135,0.019661,"(-1.5836539268493652, 0.8186935186386108, -32.023826599121094)","(357.59197998046875, 2.394045352935791, 178.25926208496094)","(-1.294021725654602, 1.189375400543213, -31.318880081176758)","(359.8921813964844, 183.20071411132812, -0.005072666332125664)","(-1.6785377264022827, -0.04410639405250549, -31.30109214782715)","(359.8920593261719, 180.234619140625, 0.0005134165403433144)",0.0,-0.005402,"(0.000154, -0.000132, 0.068871)",LeftFalse_RightFalse,False,"(1.5420777797698975, -0.01485021598637104, 6.786834239959717)","(0.3067234754562378, 14.481535911560059, 359.77777099609375)",0.347077,-0.301215,"(0.537179, -0.010879, 3.501610)",LeftTrue_RightFalse
34.641602,0.019859,"(-1.5836503505706787, 0.8186882734298706, -32.020957946777344)","(357.5884704589844, 2.391475200653076, 178.2579803466797)","(-1.2940154075622559, 1.189369797706604, -31.316011428833008)","(359.89215087890625, 183.20094299316406, -0.005073556676506996)","(-1.678531289100647, -0.044111937284469604, -31.2982234954834)","(359.89202880859375, 180.23486328125, 0.0005141115398146212)",0.0,-0.005402,"(0.000155, -0.000137, 0.070034)",LeftFalse_RightFalse,False,"(1.5635271072387695, -0.015318409539759159, 6.928886890411377)","(0.2819904685020447, 13.750123977661133, 359.78375244140625)",0.347998,-0.288312,"(0.505992, -0.013020, 3.521953)",LeftFalse_RightFalse
34.683411,0.020261,"(-1.5836446285247803, 0.8186846375465393, -32.01801681518555)","(357.5862731933594, 2.389671802520752, 178.25717163085938)","(-1.2940092086791992, 1.1893640756607056, -31.31307029724121)","(359.8919982910156, 183.20098876953125, -0.0050838058814406395)","(-1.6785249710083008, -0.04411770775914192, -31.295284271240234)","(359.8918762207031, 180.23489379882812, 0.0005122656584717333)",0.0,-0.005402,"(0.000155, -0.000141, 0.071848)",LeftFalse_RightFalse,False,"(1.5843955278396606, -0.015885531902313232, 7.076625823974609)","(0.2529340386390686, 13.012978553771973, 359.78955078125)",0.347907,-0.27524,"(0.477719, -0.014518, 3.541767)",LeftFalse_RightFalse
34.740662,0.019713,"(-1.5836278200149536, 0.8186759352684021, -32.01394271850586)","(357.58917236328125, 2.3899219036102295, 178.25347900390625)","(-1.2939997911453247, 1.1893560886383057, -31.308992385864258)","(359.89202880859375, 183.20037841796875, -0.0050755832344293594)","(-1.6785160303115845, -0.044125720858573914, -31.291210174560547)","(359.89190673828125, 180.2342987060547, 0.0005179318832233548)",0.0,-0.005402,"(0.000155, -0.000137, 0.070432)",LeftFalse_RightFalse,False,"(1.6110354661941528, -0.016749512404203415, 7.28001070022583)","(0.21027350425720215, 12.043821334838867, 359.79815673828125)",0.341621,-0.262145,"(0.439405, -0.015898, 3.569807)",LeftFalse_RightFalse
34.800659,0.019896,"(-1.5836113691329956, 0.818668007850647, -32.00966262817383)","(357.5908203125, 2.3918724060058594, 178.24993896484375)","(-1.293990135192871, 1.189347743988037, -31.30470848083496)","(359.8919982910156, 183.1998291015625, -0.005074035841971636)","(-1.67850661277771, -0.044133976101875305, -31.286930084228516)","(359.89190673828125, 180.23373413085938, 0.0005206883070059121)",0.0,-0.005402,"(0.000155, -0.000137, 0.071566)",LeftFalse_RightFalse,False,"(1.6367167234420776, -0.017722206190228462, 7.4951677322387695)","(0.16413062810897827, 11.07809066772461, 359.80712890625)",0.288042,-0.244973,"(0.400535, -0.016621, 3.602187)",LeftFalse_RightFalse
34.842651,0.020276,"(-1.583618402481079, 0.8186610341072083, -32.00664138793945)","(357.5913391113281, 2.3954427242279053, 178.25)","(-1.2939841747283936, 1.1893419027328491, -31.30169677734375)","(359.89208984375, 183.20089721679688, -0.0050675454549491405)","(-1.6785002946853638, -0.044139813631772995, -31.28390884399414)","(359.8919677734375, 180.23480224609375, 0.0005225546192377806)",0.0,-0.005402,"(0.000155, -0.000139, 0.071990)",LeftFalse_RightFalse,False,"(1.6533393859863281, -0.018424086272716522, 7.646683692932129)","(0.13169501721858978, 10.433001518249512, 359.8132629394531)",0.350077,-0.217209,"(0.393768, -0.016908, 3.615347)",LeftFalse_RightFalse
34.88501,0.020648,"(-1.5836116075515747, 0.8186551332473755, -32.00360107421875)","(357.5917663574219, 2.3970117568969727, 178.25001525878906)","(-1.2939774990081787, 1.1893361806869507, -31.298656463623047)","(359.89208984375, 183.20086669921875, -0.005067311227321625)","(-1.6784937381744385, -0.04414563253521919, -31.280868530273438)","(359.8919982910156, 180.2347869873047, 0.000522641756106168)",0.0,-0.005402,"(0.000155, -0.000137, 0.071320)",LeftFalse_RightFalse,False,"(1.669825792312622, -0.01914401911199093, 7.800346374511719)","(0.09936079382896423, 9.83939266204834, 359.82647705078125)",0.339489,-0.214112,"(0.371731, -0.017070, 3.632396)",LeftFalse_RightFalse
34.942688,0.019976,"(-1.5836325883865356, 0.8186477422714233, -31.999467849731445)","(357.59210205078125, 2.400988817214966, 178.25523376464844)","(-1.2939693927764893, 1.1893281936645508, -31.294530868530273)","(359.8920593261719, 183.2032470703125, -0.005071286112070084)","(-1.6784847974777222, -0.04415354132652283, -31.276729583740234)","(359.8919372558594, 180.23715209960938, 0.0005206975620239973)",0.0,-0.005402,"(0.000157, -0.000140, 0.072984)",LeftFalse_RightFalse,False,"(1.6905479431152344, -0.02012627199292183, 8.010523796081543)","(0.05617140978574753, 9.067549705505371, 359.8365173339844)",0.338074,-0.200496,"(0.336823, -0.016829, 3.656002)",LeftFalse_RightFalse
