ScenarioTime,FrameRate,A VR Pos,A VR Rot,A XR Origin Pos,A XR Origin  Rot,A car Pos,A car Rot,A accel,A steering,A velocity,A indicators,A Horn Button,0 car Pos,0 car Rot,0 accel,0 steering,0 velocity,0 indicators
0.0,0.014829,"(-0.9557667970657349, 1.2258110046386719, 34.92405319213867)","(342.91015625, 178.74095153808594, 0.8155198693275452)","(0.8748724460601807, 0.6852518916130066, 34.72349166870117)","(0.0010945755057036877, 192.53036499023438, 0.0002424900303594768)","(-1.3999998569488525, -0.003914658911526203, 35.0)","(0.0011211137752979994, 180.0, -7.617378514623852e-07)",0.0,0.007477,"(0.000000, 0.000024, 0.000004)",LeftFalse_RightFalse,False,"(-33.909969329833984, -0.0039036087691783905, -1.0898534059524536)","(0.0008690952090546489, 90.00144958496094, -2.0054900232935324e-05)",0.0,0.0,"(-0.000005, -0.000133, 0.000000)",LeftFalse_RightFalse
0.058228,0.023498,"(-0.9558953046798706, 1.2301241159439087, 34.92948532104492)","(341.0623474121094, 178.52374267578125, 0.4931388199329376)","(0.8748688697814941, 0.6852532029151917, 34.723453521728516)","(0.0009458130807615817, 192.53103637695312, 0.00021165284852031618)","(-1.4000000953674316, -0.003913991153240204, 34.99998474121094)","(0.0009692044113762677, 180.00067138671875, 1.410629465681268e-06)",0.0,0.007111,"(0.000000, -0.000008, 0.000525)",LeftFalse_RightFalse,False,"(-33.909969329833984, -0.003910276107490063, -1.089853286743164)","(0.0007718481938354671, 90.00144958496094, -1.4361104149429593e-05)",0.000956,0.037706,"(-0.000003, -0.000092, 0.000000)",LeftFalse_RightFalse
0.122681,0.031697,"(-0.9567203521728516, 1.2328519821166992, 34.93353271484375)","(339.0173034667969, 178.49473571777344, 359.7699279785156)","(0.8748645782470703, 0.6852521300315857, 34.72344207763672)","(0.0010055123129859567, 192.53195190429688, 0.0002224864874733612)","(-1.4000000953674316, -0.0039148773066699505, 35.0000114440918)","(0.0010298320557922125, 180.0015869140625, -9.659351007940131e-07)",0.0,0.006531,"(-0.000005, -0.000018, -0.000670)",LeftFalse_RightFalse,False,"(-33.909976959228516, -0.003915196284651756, -1.0898534059524536)","(0.000735000241547823, 89.99984741210938, -1.3618975572171621e-05)",-0.000602,0.033951,"(0.001220, -0.000058, -0.000034)",LeftFalse_RightFalse
0.185913,0.038013,"(-0.9590151309967041, 1.2353205680847168, 34.93836212158203)","(337.396484375, 178.66073608398438, 359.037109375)","(0.8748655319213867, 0.6852516531944275, 34.723419189453125)","(0.0008165909093804657, 192.53172302246094, 0.00018191241542808712)","(-1.4000003337860107, -0.0039162058383226395, 34.999977111816406)","(0.0008366077090613544, 180.0013427734375, 4.142520992900245e-07)",0.0,0.006317,"(-0.000005, -0.000023, -0.001126)",LeftFalse_RightFalse,False,"(-33.91012191772461, -0.0039176931604743, -1.0898487567901611)","(0.0008199333096854389, 89.99900817871094, -3.31484479829669e-05)",0.002677,0.034072,"(-0.000008, -0.000039, 0.000021)",LeftFalse_RightFalse
0.251831,0.04358,"(-0.9622495770454407, 1.238109827041626, 34.94328308105469)","(335.34552001953125, 179.20281982421875, 358.61688232421875)","(0.8748615980148315, 0.6852505207061768, 34.72337341308594)","(0.0007392861298285425, 192.5325164794922, 0.00016589787264820188)","(-1.4000004529953003, -0.003917712718248367, 34.999961853027344)","(0.000757669797167182, 180.00213623046875, 1.5530004020547494e-06)",0.0,0.006317,"(-0.000006, -0.000021, -0.000920)",LeftFalse_RightFalse,False,"(-33.910091400146484, -0.0039197783917188644, -1.0898492336273193)","(0.0005987374461255968, 90.00042724609375, -8.825904842524324e-07)",-0.001239,0.034192,"(-0.000191, -0.000028, 0.000010)",LeftFalse_RightFalse
0.319702,0.048434,"(-0.9643359780311584, 1.2399762868881226, 34.94615936279297)","(334.103515625, 179.71725463867188, 358.2000427246094)","(0.8748621940612793, 0.6852498054504395, 34.72334671020508)","(0.0005991786019876599, 192.53228759765625, 0.00013654681970365345)","(-1.400000810623169, -0.0039189886301755905, 34.99992370605469)","(0.0006145315710455179, 180.0019073486328, 3.2983543860609643e-06)",0.0,0.006134,"(0.000008, -0.000017, 0.001759)",LeftFalse_RightFalse,False,"(-33.90998840332031, -0.003921316936612129, -1.0898528099060059)","(0.0005285335937514901, 90.00151824951172, 1.938757486641407e-05)",0.00446,0.034311,"(0.000004, -0.000011, -0.000009)",LeftFalse_RightFalse
0.382446,0.051304,"(-0.9673141241073608, 1.2405309677124023, 34.94982147216797)","(332.96636962890625, 180.5793914794922, 357.4187927246094)","(0.8748650550842285, 0.6852480173110962, 34.723411560058594)","(0.000837181112729013, 192.53176879882812, 0.00018347660079598427)","(-1.4000005722045898, -0.003919896204024553, 34.999969482421875)","(0.0008570468635298312, 180.0013885498047, -2.52597374128527e-06)",0.0,0.005463,"(0.000005, -0.000012, 0.001538)",LeftFalse_RightFalse,False,"(-33.90998077392578, -0.003921779803931713, -1.089853286743164)","(0.00060245644999668, 90.00194549560547, 6.565103831235319e-06)",-0.000152,0.034425,"(0.000510, -0.000004, -0.000012)",LeftFalse_RightFalse
0.442871,0.053144,"(-0.971177339553833, 1.2415671348571777, 34.95491409301758)","(331.7032470703125, 181.92784118652344, 356.33221435546875)","(0.8748657703399658, 0.6852474808692932, 34.723445892333984)","(0.0008392930612899363, 192.5316162109375, 0.00018368256860412657)","(-1.4000005722045898, -0.003920404240489006, 35.0)","(0.0008591532241553068, 180.00123596191406, -2.783129957606434e-06)",0.0,0.003906,"(0.000004, -0.000008, 0.000934)",LeftFalse_RightFalse,False,"(-33.90996170043945, -0.003921926021575928, -1.0898531675338745)","(0.0006463982281275094, 90.00080108642578, -2.9977695703564677e-06)",0.0018,0.034529,"(0.000003, 0.000000, -0.000002)",LeftFalse_RightFalse
0.510376,0.055999,"(-0.9751776456832886, 1.242023229598999, 34.96017074584961)","(330.78302001953125, 182.84133911132812, 355.6275329589844)","(0.8748624324798584, 0.6852471232414246, 34.723453521728516)","(0.0008331635617651045, 192.53231811523438, 0.00018241247744299471)","(-1.4000003337860107, -0.0039208089001476765, 35.00003433227539)","(0.0008528942125849426, 180.001953125, -2.693138640097459e-06)",0.0,0.001282,"(-0.000003, -0.000004, -0.000674)",LeftFalse_RightFalse,False,"(-33.90997314453125, -0.003921933006495237, -1.0898529291152954)","(0.0007640031981281936, 90.0017318725586, -1.1292176168353762e-05)",-0.000299,0.034655,"(-0.000846, 0.000001, 0.000025)",LeftFalse_RightFalse
0.572632,0.057254,"(-0.9792937636375427, 1.2421605587005615, 34.96521759033203)","(329.8535461425781, 184.01837158203125, 354.5330810546875)","(0.8748577833175659, 0.6852486729621887, 34.72333908081055)","(0.00041349188541062176, 192.5332794189453, 9.387323370901868e-05)","(-1.4000004529953003, -0.003921161871403456, 34.99995422363281)","(0.0004240093694534153, 180.00289916992188, 1.9272822555649327e-06)",0.0,-0.001343,"(-0.000004, -0.000007, -0.002052)",LeftFalse_RightFalse,False,"(-33.9099006652832, -0.003922053147107363, -1.0898550748825073)","(0.0006897528073750436, 90.00137329101562, 4.785097644344205e-06)",0.004553,0.034762,"(0.000003, 0.000003, -0.000012)",LeftFalse_RightFalse
0.637939,0.058867,"(-0.9813641309738159, 1.242214560508728, 34.96918869018555)","(329.5299377441406, 184.84315490722656, 353.54742431640625)","(0.8748655319213867, 0.6852479577064514, 34.72338104248047)","(0.0004810804093722254, 192.5316619873047, 0.00010635714716045186)","(-1.4000005722045898, -0.003921546973288059, 34.99993133544922)","(0.0004926964757032692, 180.0012969970703, -5.499711619449954e-07)",0.0,-0.002808,"(0.000001, -0.000004, -0.000056)",LeftFalse_RightFalse,False,"(-33.90989303588867, -0.003921862225979567, -1.0898550748825073)","(0.0007164799608290195, 90.000244140625, -3.3215565053978935e-06)",-0.002739,0.034876,"(0.001937, 0.000001, -0.000040)",LeftFalse_RightFalse
0.700073,0.059527,"(-0.983460545539856, 1.242232322692871, 34.97154235839844)","(329.3775634765625, 185.2644500732422, 353.0859375)","(0.874861478805542, 0.685247004032135, 34.723350524902344)","(0.0006509535596705973, 192.53253173828125, 0.00014427394489757717)","(-1.4000003337860107, -0.003921680152416229, 34.99993896484375)","(0.0006667497800663114, 180.0021514892578, -3.9148937958088936e-07)",0.0,-0.00293,"(0.000000, 0.000001, -0.000426)",LeftFalse_RightFalse,False,"(-33.90992736816406, -0.003921568393707275, -1.089853286743164)","(0.0007483071531169116, 89.99993896484375, -1.2673748642555438e-05)",0.00138,0.034989,"(0.000000, 0.000000, 0.000007)",LeftFalse_RightFalse
0.76123,0.059852,"(-0.9851601719856262, 1.2415317296981812, 34.97258377075195)","(329.3188171386719, 185.72769165039062, 352.66534423828125)","(0.8748571872711182, 0.6852477788925171, 34.7232780456543)","(0.0005247765802778304, 192.533447265625, 0.00011510842887219042)","(-1.4000003337860107, -0.00392163684591651, 34.999900817871094)","(0.0005372505984269083, 180.00308227539062, -1.4873407963023055e-06)",0.0,-0.00238,"(-0.000003, -0.000002, 0.001726)",LeftFalse_RightFalse,False,"(-33.909942626953125, -0.003921607043594122, -1.0898526906967163)","(0.0008103984873741865, 89.99928283691406, -1.4785332496103365e-05)",2.7e-05,0.035098,"(0.000473, 0.000000, -0.000005)",LeftFalse_RightFalse
0.822266,0.060089,"(-0.9869500398635864, 1.240569829940796, 34.971195220947266)","(329.82537841796875, 186.20652770996094, 352.3174743652344)","(0.8748631477355957, 0.6852471232414246, 34.72334289550781)","(0.0006546142394654453, 192.53221130371094, 0.00014384683163370937)","(-1.4000003337860107, -0.00392164709046483, 34.99991989135742)","(0.0006702305399812758, 180.0018310546875, -1.6026544926717179e-06)",0.007143,-0.001923,"(0.000000, 0.000001, -0.000276)",LeftFalse_RightFalse,False,"(-33.909881591796875, -0.003921627998352051, -1.08985435962677)","(0.0005548623157665133, 89.99727630615234, 1.6010546460165642e-05)",-0.00019,0.035199,"(0.002447, -0.000001, -0.000068)",LeftFalse_RightFalse
0.883057,0.060211,"(-0.988251268863678, 1.2374227046966553, 34.96788024902344)","(331.60565185546875, 186.69544982910156, 351.9647216796875)","(0.8748602867126465, 0.6852471828460693, 34.723289489746094)","(0.0006151482230052352, 192.53282165527344, 0.0001359540328849107)","(-1.4000003337860107, -0.003921669442206621, 34.9998893737793)","(0.0006299922242760658, 180.00244140625, -7.450225325555948e-07)",0.014365,-0.001923,"(0.000001, -0.000002, -0.001715)",LeftFalse_RightFalse,False,"(-33.90989303588867, -0.003921699244529009, -1.0898534059524536)","(0.0006225601537153125, 89.99691009521484, 2.5418837594770594e-06)",0.004498,0.035308,"(0.000004, -0.000001, 0.000003)",LeftFalse_RightFalse
0.944702,0.060508,"(-0.9900633692741394, 1.2306466102600098, 34.960609436035156)","(336.1138000488281, 187.52783203125, 351.5003356933594)","(0.8748575448989868, 0.685248613357544, 34.723121643066406)","(0.00029717624420300126, 192.5333709716797, 6.429488712456077e-05)","(-1.4000002145767212, -0.0039218636229634285, 34.99974060058594)","(0.00030404701828956604, 180.00299072265625, -1.7110390899688355e-06)",0.020864,-0.001923,"(0.000001, -0.000006, -0.002003)",LeftFalse_RightFalse,False,"(-33.909873962402344, -0.003921805415302515, -1.0898537635803223)","(0.0006809103069826961, 89.99671173095703, -1.946837073774077e-06)",-0.001046,0.035418,"(-0.000226, -0.000001, 0.000011)",LeftFalse_RightFalse
1.01123,0.061707,"(-0.992587685585022, 1.2231132984161377, 34.95259094238281)","(341.0326232910156, 188.2941131591797, 351.3482971191406)","(0.8748601675033569, 0.6852501630783081, 34.72285461425781)","(-0.00012051312660332769, 192.5328826904297, -2.901154766732361e-05)","(-1.399999976158142, -0.003922396805137396, 34.999446868896484)","(-0.00012393688666634262, 180.0025177001953, -2.1743437628174433e-06)",0.026714,-0.001953,"(0.000006, -0.000010, -0.005994)",LeftFalse_RightFalse,False,"(-33.909767150878906, -0.003922062925994396, -1.0898573398590088)","(0.0006471401429735124, 89.99716186523438, 1.547959618619643e-05)",0.013751,0.035532,"(0.000006, 0.000005, -0.000020)",LeftFalse_RightFalse
1.074341,0.061986,"(-0.9959722757339478, 1.2135374546051025, 34.9415397644043)","(347.1688537597656, 189.26528930664062, 351.49505615234375)","(0.874861478805542, 0.6852524876594543, 34.72234344482422)","(-0.00070729642175138, 192.53268432617188, -0.00016147685528267175)","(-1.3999996185302734, -0.003923135809600353, 34.99892044067383)","(-0.0007254829397425056, 180.00230407714844, -4.177671144134365e-06)",0.031979,-0.002533,"(0.000007, -0.000014, -0.008105)",LeftFalse_RightFalse,False,"(-33.909698486328125, -0.003921926021575928, -1.0898585319519043)","(0.0005498615209944546, 89.99761962890625, 1.2017133485642262e-05)",0.00807,0.035644,"(0.002086, 0.000000, -0.000040)",LeftFalse_RightFalse
1.138306,0.062388,"(-1.0000818967819214, 1.2032508850097656, 34.92781066894531)","(353.4295349121094, 190.5213165283203, 351.566162109375)","(0.8748602867126465, 0.6852558255195618, 34.721473693847656)","(-0.0015546911163255572, 192.53309631347656, -0.00035260149161331356)","(-1.399998664855957, -0.003924092743545771, 34.9980583190918)","(-0.001594159402884543, 180.0027313232422, -6.901651886437321e-06)",0.03751,-0.000519,"(0.000015, -0.000017, -0.016696)",LeftFalse_RightFalse,False,"(-33.90946960449219, -0.003922097850590944, -1.0898631811141968)","(0.00012048838834743947, 89.99938201904297, 3.937413202947937e-05)",0.023612,0.035754,"(0.003915, -0.000006, -0.000071)",LeftFalse_RightFalse
1.202515,0.062753,"(-1.0058847665786743, 1.1929125785827637, 34.91337966918945)","(358.9762268066406, 192.26686096191406, 351.376220703125)","(0.8748612403869629, 0.685258150100708, 34.7203254699707)","(-0.0022994903847575188, 192.53298950195312, -0.0005125856841914356)","(-1.399998426437378, -0.003925205208361149, 34.99689483642578)","(-0.0023559280671179295, 180.00262451171875, -1.4856999541734695e-06)",0.043282,0.001526,"(0.000005, -0.000016, -0.022657)",LeftFalse_RightFalse,False,"(-33.909156799316406, -0.003922576550394297, -1.089868426322937)","(-0.0001437936443835497, 90.00039672851562, 3.7803030863869935e-05)",0.030643,0.035856,"(0.007738, -0.000008, -0.000131)",LeftFalse_RightFalse
1.266602,0.063021,"(-1.0104997158050537, 1.1847014427185059, 34.89994812011719)","(2.6418793201446533, 193.6938934326172, 351.5279846191406)","(0.874854564666748, 0.6852613687515259, 34.718692779541016)","(-0.0032663235906511545, 192.5342559814453, -0.0007168808951973915)","(-1.3999991416931152, -0.003926366101950407, 34.99530029296875)","(-0.003344055498018861, 180.00387573242188, 8.846510354487691e-06)",0.048874,0.001526,"(-0.000017, -0.000021, -0.027255)",LeftFalse_RightFalse,False,"(-33.908599853515625, -0.003923224285244942, -1.0898768901824951)","(-0.0007386000361293554, 90.00150299072266, 5.875735587324016e-05)",0.015917,0.035947,"(0.010210, -0.000014, -0.000143)",LeftFalse_RightFalse
1.330933,0.063289,"(-1.0144585371017456, 1.1779664754867554, 34.89033889770508)","(6.125702381134033, 195.23672485351562, 351.7981872558594)","(0.874850869178772, 0.6852638721466064, 34.7166633605957)","(-0.0041013616137206554, 192.53477478027344, -0.0008964722510427237)","(-1.4000004529953003, -0.003927679266780615, 34.993282318115234)","(-0.004198167007416487, 180.00439453125, 1.470031747885514e-05)",0.054303,0.000458,"(-0.000025, -0.000021, -0.034471)",LeftFalse_RightFalse,False,"(-33.90782165527344, -0.003924044780433178, -1.0898876190185547)","(-0.001252262038178742, 90.00130462646484, 6.601086352020502e-05)",0.035111,0.036025,"(0.012680, -0.000012, -0.000169)",LeftFalse_RightFalse
1.392822,0.062995,"(-1.016867995262146, 1.172324299812317, 34.88431167602539)","(8.704336166381836, 196.56295776367188, 352.43487548828125)","(0.8748525381088257, 0.6852661371231079, 34.71433639526367)","(-0.004758044146001339, 192.5342559814453, -0.0010482710786163807)","(-1.4000011682510376, -0.003928912803530693, 34.99092483520508)","(-0.004872142802923918, 180.00387573242188, 8.989183697849512e-06)",0.062761,-0.000183,"(-0.000011, -0.000019, -0.040836)",LeftFalse_RightFalse,False,"(-33.906795501708984, -0.003924840595573187, -1.0899033546447754)","(-0.0019289198098704219, 90.00171661376953, 0.00010428543464513496)",0.033419,0.036089,"(0.017288, -0.000015, -0.000245)",LeftFalse_RightFalse
1.456299,0.063098,"(-1.0185869932174683, 1.1693556308746338, 34.880088806152344)","(9.986849784851074, 197.3495635986328, 352.9389953613281)","(0.874850869178772, 0.6852694153785706, 34.711368560791016)","(-0.005581797566264868, 192.5345916748047, -0.0012413692893460393)","(-1.4000011682510376, -0.00393014308065176, 34.98796081542969)","(-0.005718168802559376, 180.00421142578125, -7.906332371021563e-07)",0.081484,-0.000519,"(-0.000002, -0.000019, -0.053102)",LeftFalse_RightFalse,False,"(-33.90544891357422, -0.003925786819308996, -1.0899227857589722)","(-0.002546563046053052, 90.00138092041016, 0.00012089712981833145)",0.045848,0.036138,"(0.022563, -0.000014, -0.000295)",LeftFalse_RightFalse
1.521606,0.06355,"(-1.0208935737609863, 1.1682416200637817, 34.87620162963867)","(10.285250663757324, 198.3839874267578, 353.4481506347656)","(0.8748500347137451, 0.6852748394012451, 34.70757293701172)","(359.9930725097656, 192.5347900390625, -0.001546196173876524)","(-1.400000810623169, -0.003931516781449318, 34.98415756225586)","(359.9928894042969, 180.00442504882812, -6.649901933997171e-06)",0.111429,-0.000793,"(0.000008, -0.000027, -0.064645)",LeftFalse_RightFalse,False,"(-33.90370178222656, -0.003926700912415981, -1.0899474620819092)","(-0.003236034419387579, 90.00253295898438, 0.0001480329956393689)",0.054042,0.036176,"(0.030465, -0.000016, -0.000436)",LeftFalse_RightFalse
1.583496,0.063198,"(-1.022135853767395, 1.169390320777893, 34.873329162597656)","(9.605704307556152, 199.2318572998047, 353.4504089355469)","(0.8748539686203003, 0.6852795481681824, 34.70328140258789)","(359.9918518066406, 192.5341339111328, -0.0018275646725669503)","(-1.399999976158142, -0.003933258354663849, 34.97982406616211)","(359.99163818359375, 180.0037841796875, -1.305420846620109e-05)",0.150675,-0.004303,"(0.000019, -0.000030, -0.078629)",LeftFalse_RightFalse,False,"(-33.90161895751953, -0.003927706275135279, -1.0899770259857178)","(-0.004005037248134613, 90.00457000732422, 0.00017445223056711257)",0.064236,0.036195,"(0.037497, -0.000019, -0.000527)",LeftFalse_RightFalse
1.650024,0.063886,"(-1.0232007503509521, 1.170576572418213, 34.86892318725586)","(8.732709884643555, 199.73191833496094, 353.08837890625)","(0.8748496770858765, 0.6852907538414001, 34.69725036621094)","(359.989501953125, 192.5364990234375, -0.0024016904644668102)","(-1.3999923467636108, -0.003935778513550758, 34.97385787963867)","(359.9892272949219, 180.00611877441406, -6.635492172790691e-05)",0.195762,-0.005524,"(0.000146, -0.000048, -0.097909)",LeftFalse_RightFalse,False,"(-33.8987922668457, -0.003929031081497669, -1.090017318725586)","(-0.005076984409242868, 90.00654602050781, 0.00021789006132166833)",0.085359,0.036185,"(0.046484, -0.000023, -0.000663)",LeftFalse_RightFalse
1.71521,0.064138,"(-1.0248764753341675, 1.172788143157959, 34.863887786865234)","(7.783016681671143, 199.92333984375, 352.73590087890625)","(0.8748701810836792, 0.6853073835372925, 34.68973159790039)","(359.9858703613281, 192.53526306152344, -0.0032737499568611383)","(-1.3999768495559692, -0.003939690068364143, 34.96624755859375)","(359.9855041503906, 180.0048828125, -0.0001318256981903687)",0.239075,-0.006958,"(0.000292, -0.000075, -0.137359)",LeftFalse_RightFalse,False,"(-33.895267486572266, -0.0039306883700191975, -1.0900685787200928)","(359.993408203125, 90.00926208496094, 0.0002915580407716334)",0.124585,0.036142,"(0.061834, -0.000029, -0.000881)",LeftFalse_RightFalse
1.777466,0.063749,"(-1.0260612964630127, 1.1742740869522095, 34.8564338684082)","(7.245873928070068, 199.93370056152344, 352.7149353027344)","(0.8748965263366699, 0.685325026512146, 34.68057632446289)","(359.9818115234375, 192.53436279296875, -0.004246118012815714)","(-1.399954080581665, -0.003944787662476301, 34.95700454711914)","(359.9813232421875, 180.00399780273438, -0.000197328015929088)",0.278447,-0.00769,"(0.000458, -0.000095, -0.170305)",LeftFalse_RightFalse,False,"(-33.89096450805664, -0.003932734485715628, -1.0901318788528442)","(359.9914855957031, 90.01244354248047, 0.0003832930524367839)",0.141988,0.036059,"(0.078631, -0.000042, -0.001142)",LeftFalse_RightFalse
1.840454,0.063607,"(-1.0270931720733643, 1.1755090951919556, 34.846370697021484)","(6.517083644866943, 200.098876953125, 352.3099060058594)","(0.8749372959136963, 0.6853457093238831, 34.668968200683594)","(359.9769287109375, 192.53286743164062, -0.005403792019933462)","(-1.3999197483062744, -0.0039512054063379765, 34.94527816772461)","(359.976318359375, 180.0024871826172, -0.0002722249482758343)",0.315445,-0.007721,"(0.000618, -0.000111, -0.206951)",LeftFalse_RightFalse,False,"(-33.88543701171875, -0.003935664892196655, -1.0902130603790283)","(359.9890441894531, 90.01535034179688, 0.0004788665391970426)",0.174204,0.035916,"(0.099271, -0.000055, -0.001444)",LeftFalse_RightFalse
1.900635,0.062931,"(-1.0280543565750122, 1.17594575881958, 34.833518981933594)","(6.227536678314209, 200.14891052246094, 351.74267578125)","(0.8749874830245972, 0.6853645443916321, 34.65544891357422)","(359.9721374511719, 192.5310516357422, 359.99346923828125)","(-1.3998781442642212, -0.0039581721648573875, 34.93162536621094)","(359.97137451171875, 180.0006866455078, -0.00032098949304781854)",0.353821,-0.007721,"(0.000768, -0.000121, -0.251759)",LeftFalse_RightFalse,False,"(-33.87889862060547, -0.0039392863400280476, -1.0903077125549316)","(359.98651123046875, 90.0201644897461, 0.0005584683967754245)",0.207921,0.035727,"(0.121928, -0.000062, -0.001755)",LeftFalse_RightFalse
1.966797,0.06357,"(-1.028287649154663, 1.1761376857757568, 34.81637954711914)","(6.117332458496094, 199.98768615722656, 351.18157958984375)","(0.8750545978546143, 0.6853867173194885, 34.63738250732422)","(359.9663391113281, 192.52865600585938, 359.99212646484375)","(-1.3998219966888428, -0.003966483287513256, 34.91339111328125)","(359.9654235839844, 179.998291015625, -0.0003671265149023384)",0.393437,-0.007721,"(0.000928, -0.000131, -0.300736)",LeftFalse_RightFalse,False,"(-33.86978530883789, -0.003943913150578737, -1.0904419422149658)","(359.9825134277344, 90.0244140625, 0.0007399256573989987)",0.231477,0.035423,"(0.153648, -0.000077, -0.002267)",LeftFalse_RightFalse
2.03125,0.063732,"(-1.0283136367797852, 1.1762019395828247, 34.79547882080078)","(5.837824821472168, 199.55374145507812, 351.0766906738281)","(0.8751343488693237, 0.6854091882705688, 34.61620330810547)","(359.9603576660156, 192.52581787109375, 359.99078369140625)","(-1.3997553586959839, -0.003975247498601675, 34.89202880859375)","(359.9593200683594, 179.99545288085938, -0.0004129451990593225)",0.43417,-0.007721,"(0.001111, -0.000140, -0.355281)",LeftFalse_RightFalse,False,"(-33.8587760925293, -0.00394934369251132, -1.0906037092208862)","(359.9783020019531, 90.03097534179688, 0.0009065932827070355)",0.265524,0.035034,"(0.185391, -0.000089, -0.002719)",LeftFalse_RightFalse
2.09436,0.063619,"(-1.0271556377410889, 1.1768956184387207, 34.769859313964844)","(5.412191390991211, 198.77154541015625, 351.1116943359375)","(0.8752282857894897, 0.6854322552680969, 34.591575622558594)","(359.9542541503906, 192.5225372314453, 359.9893493652344)","(-1.3996766805648804, -0.003984358627349138, 34.86719512939453)","(359.9530334472656, 179.99217224121094, -0.0004614425706677139)",0.471611,-0.007721,"(0.001319, -0.000147, -0.415487)",LeftFalse_RightFalse,False,"(-33.845672607421875, -0.003955373540520668, -1.0907948017120361)","(359.97412109375, 90.03887176513672, 0.0010446913074702024)",0.311141,0.034547,"(0.220336, -0.000100, -0.003192)",LeftFalse_RightFalse
2.158936,0.063803,"(-1.02412748336792, 1.1779156923294067, 34.73863220214844)","(4.998485565185547, 197.54673767089844, 351.7574462890625)","(0.8753416538238525, 0.6854565143585205, 34.562015533447266)","(359.9478759765625, 192.51861572265625, 359.9878845214844)","(-1.399580955505371, -0.003993983846157789, 34.837398529052734)","(359.94647216796875, 179.9882354736328, -0.0005192155949771404)",0.505698,-0.007721,"(0.001631, -0.000153, -0.502603)",LeftFalse_RightFalse,False,"(-33.82944107055664, -0.003962154965847731, -1.0910307168960571)","(359.96917724609375, 90.04849243164062, 0.0012247184058651328)",0.348731,0.033919,"(0.278318, -0.000110, -0.004035)",LeftFalse_RightFalse
2.224609,0.064179,"(-1.020707607269287, 1.1790004968643188, 34.70261764526367)","(4.539307594299316, 196.3478546142578, 352.59124755859375)","(0.8754785060882568, 0.6854800581932068, 34.52716827392578)","(359.94158935546875, 192.5139923095703, 359.9864196777344)","(-1.399465560913086, -0.004003953188657761, 34.80229187011719)","(359.9400329589844, 179.98361206054688, -0.0005820173537358642)",0.536377,-0.007721,"(0.001896, -0.000150, -0.572578)",LeftFalse_RightFalse,False,"(-33.809715270996094, -0.003969569690525532, -1.0913162231445312)","(359.9639587402344, 90.05998992919922, 0.0014041661052033305)",0.387586,0.033135,"(0.326425, -0.000117, -0.004710)",LeftFalse_RightFalse
2.286011,0.063635,"(-1.0163922309875488, 1.1799793243408203, 34.664222717285156)","(3.9629640579223633, 194.8710174560547, 353.4763488769531)","(0.8756283521652222, 0.685501754283905, 34.48992156982422)","(359.93585205078125, 192.50906372070312, 359.9850769042969)","(-1.3993393182754517, -0.004013110883533955, 34.76477813720703)","(359.93414306640625, 179.9786834716797, -0.0006473631365224719)",0.563988,-0.007721,"(0.002191, -0.000148, -0.646780)",LeftFalse_RightFalse,False,"(-33.78797149658203, -0.00397692434489727, -1.0916284322738647)","(359.958740234375, 90.07238006591797, 0.001571620930917561)",0.420411,0.032249,"(0.379913, -0.000123, -0.005441)",LeftFalse_RightFalse
2.351807,0.064062,"(-1.0129642486572266, 1.1810821294784546, 34.61818313598633)","(3.4876835346221924, 193.70201110839844, 353.9808044433594)","(0.8758126497268677, 0.6855245232582092, 34.44479751586914)","(359.929931640625, 192.5030975341797, 359.9836730957031)","(-1.399182677268982, -0.004022704437375069, 34.71934127807617)","(359.92803955078125, 179.97271728515625, -0.0007226240704767406)",0.588837,-0.007721,"(0.002518, -0.000145, -0.724768)",LeftFalse_RightFalse,False,"(-33.76081848144531, -0.003985203802585602, -1.0920145511627197)","(359.9529113769531, 90.08743286132812, 0.001745567424222827)",0.455206,0.031125,"(0.437905, -0.000130, -0.006215)",LeftFalse_RightFalse
2.412231,0.06334,"(-1.0060224533081055, 1.1837459802627563, 34.57059860229492)","(2.4101202487945557, 191.2349090576172, 354.26275634765625)","(0.8760066032409668, 0.685545027256012, 34.398250579833984)","(359.9246520996094, 192.49693298339844, 359.9824523925781)","(-1.3990168571472168, -0.004031207878142595, 34.6724853515625)","(359.9226379394531, 179.966552734375, -0.0007969971047714353)",0.611202,-0.007721,"(0.002878, -0.000143, -0.806142)",LeftFalse_RightFalse,False,"(-33.73198318481445, -0.003993256948888302, -1.0924190282821655)","(359.9474182128906, 90.10285186767578, 0.0018853929359465837)",0.485805,0.028765,"(0.500703, -0.000137, -0.007013)",LeftFalse_RightFalse
2.476318,0.063476,"(-0.9991827011108398, 1.1864941120147705, 34.514408111572266)","(1.1462358236312866, 188.82489013671875, 354.4690246582031)","(0.8762415647506714, 0.6855655908584595, 34.34345626831055)","(359.91937255859375, 192.4897003173828, 359.9811706542969)","(-1.3988157510757446, -0.004040236119180918, 34.617340087890625)","(359.9172058105469, 179.95932006835938, -0.0008828829159028828)",0.63133,-0.007721,"(0.003411, -0.000138, -0.918597)",LeftFalse_RightFalse,False,"(-33.69712448120117, -0.004001976456493139, -1.0928887128829956)","(359.9415283203125, 90.1202392578125, 0.001915345317684114)",0.519998,0.02739,"(0.589953, -0.000138, -0.007923)",LeftFalse_RightFalse
2.537842,0.063091,"(-0.9926038980484009, 1.1882065534591675, 34.45533752441406)","(0.16403748095035553, 186.45953369140625, 354.88629150390625)","(0.8764976263046265, 0.685583770275116, 34.2852783203125)","(359.9147033691406, 192.48202514648438, 359.98004150390625)","(-1.3985949754714966, -0.004048522096127272, 34.558799743652344)","(359.91241455078125, 179.95164489746094, -0.0009679952636361122)",0.649055,-0.007721,"(0.003856, -0.000132, -1.005559)",LeftFalse_RightFalse,False,"(-33.65915298461914, -0.004010464530438185, -1.0933923721313477)","(359.93609619140625, 90.13837432861328, 0.001986839110031724)",0.558672,0.025752,"(0.661566, -0.000136, -0.008732)",LeftFalse_RightFalse
2.599854,0.062876,"(-0.9846049547195435, 1.1895262002944946, 34.390193939208984)","(359.5613098144531, 183.5236053466797, 355.4218444824219)","(0.8767883777618408, 0.685600996017456, 34.22108840942383)","(359.91033935546875, 192.47357177734375, 359.9789733886719)","(-1.3983433246612549, -0.004056501667946577, 34.49421691894531)","(359.90789794921875, 179.9431915283203, -0.0010605980642139912)",0.664617,-0.007721,"(0.004344, -0.000126, -1.094874)",LeftFalse_RightFalse,False,"(-33.61619567871094, -0.004018877632915974, -1.0939503908157349)","(359.9305725097656, 90.15779113769531, 0.002041387604549527)",0.583854,0.023888,"(0.738647, -0.000138, -0.009523)",LeftFalse_RightFalse
2.665649,0.063468,"(-0.9791892170906067, 1.1900594234466553, 34.31473159790039)","(359.552001953125, 181.6891632080078, 355.7421569824219)","(0.8771370649337769, 0.6856182813644409, 34.146629333496094)","(359.906005859375, 192.46377563476562, 359.9779052734375)","(-1.3980404138565063, -0.004064799752086401, 34.419315338134766)","(359.9034423828125, 179.93338012695312, -0.0011656322749331594)",0.678232,-0.007721,"(0.004877, -0.000125, -1.186218)",LeftFalse_RightFalse,False,"(-33.565067291259766, -0.004028151277452707, -1.094594955444336)","(359.9246826171875, 90.17930603027344, 0.0020505557768046856)",0.61114,0.021657,"(0.819188, -0.000143, -0.010244)",LeftFalse_RightFalse
2.726929,0.063012,"(-0.9766258001327515, 1.189611554145813, 34.23896026611328)","(359.8122863769531, 180.98269653320312, 356.0672912597656)","(0.8774996995925903, 0.6856333613395691, 34.071510314941406)","(359.9022521972656, 192.45388793945312, 359.97698974609375)","(-1.397722840309143, -0.004072398878633976, 34.34375762939453)","(359.89959716796875, 179.9235076904297, -0.0012706061825156212)",0.690485,-0.007721,"(0.005459, -0.000124, -1.279299)",LeftFalse_RightFalse,False,"(-33.512237548828125, -0.0040368749760091305, -1.0952345132827759)","(359.91925048828125, 90.19959259033203, 0.0019713251385837793)",0.630912,0.019365,"(0.903510, -0.000144, -0.010839)",LeftFalse_RightFalse
2.788696,0.062783,"(-0.9753738641738892, 1.1894358396530151, 34.156639099121094)","(359.92529296875, 180.81321716308594, 356.27197265625)","(0.8779087066650391, 0.6856479644775391, 33.989646911621094)","(359.89874267578125, 192.443115234375, 359.97607421875)","(-1.3973631858825684, -0.00407990301027894, 34.26142501831055)","(359.8959655761719, 179.91273498535156, -0.0013849434908479452)",0.701513,-0.007721,"(0.006094, -0.000119, -1.373916)",LeftFalse_RightFalse,False,"(-33.453392028808594, -0.004045683890581131, -1.095914602279663)","(359.9139404296875, 90.21993255615234, 0.001818660064600408)",0.654196,0.01715,"(0.990493, -0.000144, -0.011338)",LeftFalse_RightFalse
2.854004,0.06328,"(-0.9739102721214294, 1.1893651485443115, 34.06317138671875)","(359.778076171875, 180.221923828125, 356.3556823730469)","(0.8783911466598511, 0.6856623888015747, 33.896751403808594)","(359.8952941894531, 192.430908203125, 359.9751892089844)","(-1.3969379663467407, -0.004087699111551046, 34.167999267578125)","(359.89239501953125, 179.9005126953125, -0.0015139438910409808)",0.711439,-0.007721,"(0.006784, -0.000120, -1.469886)",LeftFalse_RightFalse,False,"(-33.38521194458008, -0.004055033437907696, -1.0966649055480957)","(359.90863037109375, 90.24085998535156, 0.0016190402675420046)",0.678269,0.014552,"(1.080680, -0.000141, -0.011797)",LeftFalse_RightFalse
2.914185,0.06266,"(-0.9725111722946167, 1.1893423795700073, 33.97086715698242)","(359.722900390625, 179.87451171875, 356.4201965332031)","(0.8788841962814331, 0.6856750845909119, 33.80500793457031)","(359.8923034667969, 192.4188690185547, 359.9743957519531)","(-1.396499752998352, -0.004094752948731184, 34.075740814208984)","(359.8893127441406, 179.8884735107422, -0.001641106908209622)",0.71959,-0.007721,"(0.007534, -0.000120, -1.567045)",LeftFalse_RightFalse,False,"(-33.316505432128906, -0.004063405096530914, -1.0973750352859497)","(359.9038391113281, 90.25894927978516, 0.0013367878273129463)",0.691348,0.011951,"(1.174230, -0.000141, -0.012039)",LeftFalse_RightFalse
2.976074,0.062497,"(-0.9716043472290039, 1.1893322467803955, 33.86997985839844)","(359.76116943359375, 179.90887451171875, 356.5792541503906)","(0.8794453144073486, 0.6856871843338013, 33.7046012878418)","(359.8894958496094, 192.40567016601562, 359.9736022949219)","(-1.3959996700286865, -0.004102238453924656, 33.97477722167969)","(359.88641357421875, 179.87527465820312, -0.001780976657755673)",0.726926,-0.007721,"(0.008630, -0.000120, -1.697740)",LeftFalse_RightFalse,False,"(-33.23994064331055, -0.004072185605764389, -1.09811270236969)","(359.8992004394531, 90.27577209472656, 0.0009714257903397083)",0.695313,0.008861,"(1.301127, -0.000140, -0.012415)",LeftFalse_RightFalse
3.035156,0.061824,"(-0.9722089767456055, 1.1893256902694702, 33.768611907958984)","(359.83245849609375, 180.3248291015625, 356.6812744140625)","(0.880035400390625, 0.6856979131698608, 33.602783203125)","(359.8870544433594, 192.39230346679688, 359.9729309082031)","(-1.3954706192016602, -0.004109259229153395, 33.87239456176758)","(359.88385009765625, 179.86190795898438, -0.0019205671269446611)",0.733529,-0.007721,"(0.009223, -0.000119, -1.763615)",LeftFalse_RightFalse,False,"(-33.161067962646484, -0.004080350045114756, -1.0988308191299438)","(359.8952941894531, 90.29035949707031, 0.0006252267630770802)",0.753316,0.004761,"(1.364729, -0.000136, -0.012045)",LeftFalse_RightFalse
3.0979,0.062006,"(-0.9720653295516968, 1.189321756362915, 33.654151916503906)","(359.7576599121094, 180.865234375, 356.6860656738281)","(0.8807250261306763, 0.6857089996337891, 33.48841094970703)","(359.88458251953125, 192.37728881835938, 359.97222900390625)","(-1.3948496580123901, -0.004116797354072332, 33.75739669799805)","(359.8813171386719, 179.84690856933594, -0.0020806570537388325)",0.739472,-0.007721,"(0.010503, -0.000121, -1.896380)",LeftFalse_RightFalse,False,"(-33.07088851928711, -0.004088922869414091, -1.0995184183120728)","(359.8907470703125, 90.30033874511719, -0.00031278523965738714)",0.716434,0.001895,"(1.503625, -0.000145, -0.011006)",LeftFalse_RightFalse
3.161743,0.062377,"(-0.9722713232040405, 1.1900238990783691, 33.530845642089844)","(359.58587646484375, 181.2177734375, 356.6443786621094)","(0.8814979791641235, 0.6857195496559143, 33.365299224853516)","(359.8822937011719, 192.3611297607422, 359.9715270996094)","(-1.3941501379013062, -0.004124529659748077, 33.63361358642578)","(359.8789367675781, 179.8307342529297, -0.0022525384556502104)",0.74482,-0.007721,"(0.011550, -0.000122, -1.996507)",LeftFalse_RightFalse,False,"(-32.97222900390625, -0.004098151810467243, -1.1001861095428467)","(359.8865966796875, 90.30680084228516, -0.0010314672254025936)",0.765544,-0.000806,"(1.601675, -0.000141, -0.010211)",LeftFalse_RightFalse
3.226318,0.062807,"(-0.971659243106842, 1.190277338027954, 33.39982223510742)","(359.4997253417969, 181.371337890625, 356.6434020996094)","(0.8823575973510742, 0.6857299208641052, 33.23404312133789)","(359.880126953125, 192.3439178466797, 359.9708557128906)","(-1.3933689594268799, -0.004132366739213467, 33.50164794921875)","(359.8766784667969, 179.8135223388672, -0.002437855349853635)",0.749633,-0.007721,"(0.012677, -0.000124, -2.097162)",LeftFalse_RightFalse,False,"(-32.8655891418457, -0.004107028245925903, -1.100799798965454)","(359.8829345703125, 90.30862426757812, -0.001780221820808947)",0.778104,-0.003322,"(1.706945, -0.000140, -0.009213)",LeftFalse_RightFalse
3.286499,0.06228,"(-0.9708963632583618, 1.1903592348098755, 33.270877838134766)","(359.4390869140625, 181.5463104248047, 356.62457275390625)","(0.8832354545593262, 0.6857390999794006, 33.10537338256836)","(359.87823486328125, 192.32704162597656, 359.9702453613281)","(-1.3925671577453613, -0.004139981232583523, 33.372283935546875)","(359.8746643066406, 179.79664611816406, -0.002620177110657096)",0.753965,-0.007721,"(0.013887, -0.000129, -2.198253)",LeftFalse_RightFalse,False,"(-32.75950622558594, -0.004115476738661528, -1.1013028621673584)","(359.8793640136719, 90.3056411743164, -0.0025132617447525263)",0.777706,-0.005713,"(1.814114, -0.000143, -0.008004)",LeftFalse_RightFalse
3.353882,0.063304,"(-0.9699075222015381, 1.1903936862945557, 33.119083404541016)","(359.396240234375, 181.7356719970703, 356.5870056152344)","(0.8843128681182861, 0.6857491135597229, 32.95408630371094)","(359.876220703125, 192.3072052001953, 359.9695739746094)","(-1.3915798664093018, -0.004148686770349741, 33.220184326171875)","(359.87255859375, 179.77679443359375, -0.0028363694436848164)",0.757864,-0.007355,"(0.015184, -0.000129, -2.299701)",LeftFalse_RightFalse,False,"(-32.633079528808594, -0.004125365521758795, -1.1017717123031616)","(359.8755798339844, 90.29667663574219, -0.0033538970164954662)",0.798794,-0.008748,"(1.920949, -0.000149, -0.006541)",LeftFalse_RightFalse
3.417847,0.063435,"(-0.9695664048194885, 1.1904008388519287, 32.967933654785156)","(359.34490966796875, 181.9155731201172, 356.5561218261719)","(0.8854213953018188, 0.6857544183731079, 32.8033561706543)","(359.8743896484375, 192.28793334960938, 359.96905517578125)","(-1.3905588388442993, -0.004157126881182194, 33.06866455078125)","(359.87066650390625, 179.75753784179688, -0.0029528122395277023)",0.761373,-0.007355,"(0.016779, -0.000134, -2.435264)",LeftFalse_RightFalse,False,"(-32.505428314208984, -0.004134844057261944, -1.1020787954330444)","(359.8721008300781, 90.28125, -0.004393756855279207)",0.774976,-0.011812,"(2.067442, -0.000153, -0.003989)",LeftFalse_RightFalse
3.485596,0.064297,"(-0.9686238765716553, 1.1904003620147705, 32.800113677978516)","(359.3807067871094, 182.0686492919922, 356.4996643066406)","(0.8866977691650391, 0.6857605576515198, 32.636131286621094)","(359.8725891113281, 192.2669219970703, 359.9684753417969)","(-1.3893780708312988, -0.00416646059602499, 32.90058135986328)","(359.8687744140625, 179.73651123046875, -0.0031149075366556644)",0.764531,-0.007355,"(0.018204, -0.000139, -2.537071)",LeftFalse_RightFalse,False,"(-32.36213684082031, -0.004145110957324505, -1.1022512912750244)","(359.8690490722656, 90.25800323486328, -0.005494620651006699)",0.824361,-0.01526,"(2.173131, -0.000148, -0.001337)",LeftFalse_RightFalse
3.552124,0.064749,"(-0.9680677652359009, 1.190396785736084, 32.627838134765625)","(359.5556640625, 182.37237548828125, 356.3060607910156)","(0.8880631923675537, 0.685768187046051, 32.4643669128418)","(359.87091064453125, 192.24542236328125, 359.9678955078125)","(-1.388108253479004, -0.004175719805061817, 32.727943420410156)","(359.86700439453125, 179.71502685546875, -0.0033274912275373936)",0.767373,-0.007355,"(0.019748, -0.000142, -2.639023)",LeftFalse_RightFalse,False,"(-32.21331024169922, -0.004155009053647518, -1.10218346118927)","(359.86614990234375, 90.22553253173828, 359.9929504394531)",0.825806,-0.018677,"(2.286353, -0.000153, 0.002314)",LeftFalse_RightFalse
3.616821,0.064745,"(-0.9676553606987, 1.190392017364502, 32.45310974121094)","(359.69696044921875, 182.7603759765625, 356.1993408203125)","(0.8895095586776733, 0.6857761144638062, 32.29011917114258)","(359.8693542480469, 192.22366333007812, 359.9673156738281)","(-1.3867589235305786, -0.004185112193226814, 32.55281066894531)","(359.8653869628906, 179.69326782226562, -0.0035669433418661356)",0.769541,-0.007355,"(0.021971, -0.000147, -2.774991)",LeftFalse_RightFalse,False,"(-32.060508728027344, -0.0041652037762105465, -1.101823329925537)","(359.863037109375, 90.1829605102539, 359.9910583496094)",0.794068,-0.021408,"(2.437567, -0.000164, 0.007793)",LeftFalse_RightFalse
3.680054,0.064439,"(-0.9674783945083618, 1.190386414527893, 32.275611877441406)","(359.75579833984375, 183.2247772216797, 356.13848876953125)","(0.8910430669784546, 0.6857840418815613, 32.11304473876953)","(359.8679504394531, 192.20156860351562, 359.96673583984375)","(-1.3853241205215454, -0.004194484557956457, 32.374839782714844)","(359.8638916015625, 179.67115783691406, -0.0038199143018573523)",0.771491,-0.007355,"(0.023759, -0.000151, -2.876855)",LeftFalse_RightFalse,False,"(-31.903715133666992, -0.0041755735874176025, -1.1011962890625)","(359.86053466796875, 90.13257598876953, 359.9894104003906)",0.838692,-0.021832,"(2.545311, -0.000160, 0.012396)",LeftFalse_RightFalse
3.74585,0.064713,"(-0.9670219421386719, 1.190380573272705, 32.08362579345703)","(359.74884033203125, 183.75970458984375, 356.07373046875)","(0.8927711248397827, 0.6857922673225403, 31.921560287475586)","(359.8665466308594, 192.1776580810547, 359.9661560058594)","(-1.383700966835022, -0.004204347264021635, 32.18238830566406)","(359.8623962402344, 179.6472625732422, -0.004096083343029022)",0.773247,-0.007355,"(0.025654, -0.000153, -2.978639)",LeftFalse_RightFalse,False,"(-31.73269271850586, -0.00418611615896225, -1.1002476215362549)","(359.8583068847656, 90.07215881347656, 359.988037109375)",0.84453,-0.02244,"(2.659826, -0.000164, 0.016339)",LeftFalse_RightFalse
3.809204,0.064428,"(-0.9663921594619751, 1.1903746128082275, 31.89208984375)","(359.5702209472656, 184.2818603515625, 356.081298828125)","(0.894568920135498, 0.6857998371124268, 31.73055076599121)","(359.86529541015625, 192.15383911132812, 359.965576171875)","(-1.3820078372955322, -0.0042141759768128395, 31.990415573120117)","(359.86102294921875, 179.62342834472656, -0.004370751325041056)",0.774827,-0.007355,"(0.027659, -0.000158, -3.080301)",LeftFalse_RightFalse,False,"(-31.560420989990234, -0.004196660593152046, -1.0990643501281738)","(359.85577392578125, 90.00852966308594, 359.987060546875)",0.837579,-0.02199,"(2.775337, -0.000172, 0.020480)",LeftFalse_RightFalse
3.873657,0.06444,"(-0.9655479192733765, 1.1903678178787231, 31.689964294433594)","(359.4428405761719, 184.5679473876953, 356.07879638671875)","(0.8965463638305664, 0.6858074069023132, 31.529001235961914)","(359.8640441894531, 192.12869262695312, 359.9649963378906)","(-1.380140781402588, -0.004224557429552078, 31.787851333618164)","(359.8597106933594, 179.59828186035156, -0.004660292062908411)",0.776249,-0.007355,"(0.029776, -0.000163, -3.181803)",LeftFalse_RightFalse,False,"(-31.377033233642578, -0.0042081656865775585, -1.0975972414016724)","(359.8533020019531, 89.93999481201172, 359.9864807128906)",0.843622,-0.019504,"(2.889363, -0.000181, 0.024214)",LeftFalse_RightFalse
3.939697,0.064759,"(-0.963823676109314, 1.1903612613677979, 31.47548484802246)","(359.443359375, 184.68858337402344, 356.0253601074219)","(0.8987340927124023, 0.6858149170875549, 31.315296173095703)","(359.8628234863281, 192.10202026367188, 359.96441650390625)","(-1.3780701160430908, -0.004235469736158848, 31.573070526123047)","(359.8583984375, 179.57162475585938, -0.004966065753251314)",0.777138,-0.007355,"(0.032779, -0.000169, -3.316786)",LeftFalse_RightFalse,False,"(-31.180946350097656, -0.004220360424369574, -1.0958997011184692)","(359.8509826660156, 89.87085723876953, 359.9867858886719)",0.818579,-0.017665,"(3.042094, -0.000187, 0.027637)",LeftFalse_RightFalse
4.002197,0.064322,"(-0.9617921113967896, 1.1903549432754517, 31.26544952392578)","(359.4870910644531, 184.69815063476562, 355.9761962890625)","(0.9009644985198975, 0.6858218312263489, 31.10607147216797)","(359.86175537109375, 192.075927734375, 359.9638671875)","(-1.3759524822235107, -0.004246011842042208, 31.362794876098633)","(359.8572082519531, 179.5455322265625, -0.005263900849968195)",0.777548,-0.007355,"(0.035170, -0.000169, -3.417647)",LeftFalse_RightFalse,False,"(-30.987606048583984, -0.004231871571391821, -1.0941160917282104)","(359.8493347167969, 89.80744934082031, 359.9873046875)",0.855119,-0.017169,"(3.151971, -0.000182, 0.030025)",LeftFalse_RightFalse
4.066406,0.064284,"(-0.9595997333526611, 1.1903496980667114, 31.042724609375)","(359.58990478515625, 184.74107360839844, 355.8885192871094)","(0.9034202098846436, 0.6858286261558533, 30.884859085083008)","(359.8607177734375, 192.04833984375, 359.96331787109375)","(-1.3736166954040527, -0.004257116466760635, 31.140472412109375)","(359.8560791015625, 179.51792907714844, -0.005577718373388052)",0.777916,-0.007355,"(0.037682, -0.000174, -3.518118)",LeftFalse_RightFalse,False,"(-30.781864166259766, -0.004243457689881325, -1.0920933485031128)","(359.8478088378906, 89.74436950683594, 359.9877014160156)",0.856954,-0.01623,"(3.267341, -0.000184, 0.033336)",LeftFalse_RightFalse
4.129395,0.06402,"(-0.9571590423583984, 1.1903433799743652, 30.817785263061523)","(359.75738525390625, 184.87156677246094, 355.7623291015625)","(0.9060051441192627, 0.6858353018760681, 30.661041259765625)","(359.8597412109375, 192.0204315185547, 359.9627990722656)","(-1.3711521625518799, -0.004268100019544363, 30.915531158447266)","(359.8550109863281, 179.49002075195312, 359.9941101074219)",0.778248,-0.007355,"(0.040318, -0.000176, -3.618181)",LeftFalse_RightFalse,False,"(-30.57217025756836, -0.004255320876836777, -1.0898847579956055)","(359.845947265625, 89.68338012695312, 359.9878845214844)",0.850256,-0.015881,"(3.383019, -0.000194, 0.036690)",LeftFalse_RightFalse
4.192261,0.06379,"(-0.955161988735199, 1.1896635293960571, 30.586904525756836)","(359.9026184082031, 185.0345001220703, 355.6941223144531)","(0.9087671041488647, 0.6858416199684143, 30.4310245513916)","(359.85882568359375, 191.99176025390625, 359.9622497558594)","(-1.3685132265090942, -0.00427942955866456, 30.684364318847656)","(359.85400390625, 179.4613494873047, 359.9937744140625)",0.778547,-0.007355,"(0.043081, -0.000180, -3.717819)",LeftFalse_RightFalse,False,"(-30.35524559020996, -0.004267774522304535, -1.0874366760253906)","(359.8441467285156, 89.62291717529297, 359.98779296875)",0.851875,-0.015896,"(3.497122, -0.000203, 0.040564)",LeftFalse_RightFalse
4.256836,0.063945,"(-0.9524732828140259, 1.1893993616104126, 30.342937469482422)","(0.013668783009052277, 185.1670684814453, 355.67437744140625)","(0.9118019342422485, 0.68584805727005, 30.18801498413086)","(359.8579406738281, 191.96145629882812, 359.9617004394531)","(-1.3656078577041626, -0.00429129134863615, 30.44013786315918)","(359.85302734375, 179.43104553222656, 359.9934387207031)",0.778816,-0.007355,"(0.046968, -0.000185, -3.849980)",LeftFalse_RightFalse,False,"(-30.12464714050293, -0.004281049594283104, -1.084626317024231)","(359.8424987792969, 89.55999755859375, 359.98736572265625)",0.823962,-0.015673,"(3.648803, -0.000209, 0.046664)",LeftFalse_RightFalse
4.319214,0.063641,"(-0.9501278400421143, 1.1893035173416138, 30.100608825683594)","(0.011847389861941338, 185.17416381835938, 355.6670227050781)","(0.9149372577667236, 0.6858543753623962, 29.94651985168457)","(359.8571472167969, 191.93136596679688, 359.961181640625)","(-1.362600326538086, -0.00430277781561017, 30.19743537902832)","(359.85211181640625, 179.4009552001953, 359.99310302734375)",0.779058,-0.007355,"(0.050038, -0.000187, -3.948568)",LeftFalse_RightFalse,False,"(-29.89426040649414, -0.004294004291296005, -1.0815963745117188)","(359.84136962890625, 89.49787902832031, 359.9867858886719)",0.862679,-0.016288,"(3.757200, -0.000204, 0.051427)",LeftFalse_RightFalse
4.383667,0.063816,"(-0.9470335841178894, 1.1892610788345337, 29.843347549438477)","(0.0016544666141271591, 185.08815002441406, 355.6274108886719)","(0.9183945655822754, 0.6858607530593872, 29.690237045288086)","(359.8563537597656, 191.89942932128906, 359.96063232421875)","(-1.3592782020568848, -0.0043150316923856735, 29.93987274169922)","(359.8512268066406, 179.3690185546875, 359.99273681640625)",0.779275,-0.007355,"(0.053244, -0.000191, -4.046696)",LeftFalse_RightFalse,False,"(-29.648595809936523, -0.004307035822421312, -1.0781053304672241)","(359.8404235839844, 89.43155670166016, 359.98590087890625)",0.863618,-0.016243,"(3.871427, -0.000206, 0.057274)",LeftFalse_RightFalse
4.445801,0.063466,"(-0.9436729550361633, 1.1892412900924683, 29.589458465576172)","(359.9827575683594, 184.9708709716797, 355.5857238769531)","(0.9219353199005127, 0.6858668327331543, 29.437347412109375)","(359.8556213378906, 191.867919921875, 359.9601135253906)","(-1.3558692932128906, -0.004327012225985527, 29.685720443725586)","(359.85040283203125, 179.3375244140625, 359.99237060546875)",0.779471,-0.007355,"(0.056589, -0.000196, -4.144356)",LeftFalse_RightFalse,False,"(-29.404804229736328, -0.0043201809749007225, -1.0743622779846191)","(359.8389892578125, 89.36494445800781, 359.9848937988281)",0.852378,-0.016901,"(3.985886, -0.000218, 0.063226)",LeftFalse_RightFalse
4.511353,0.06389,"(-0.9398213624954224, 1.1892279386520386, 29.314382553100586)","(359.9398498535156, 184.9261016845703, 355.5122375488281)","(0.9259185791015625, 0.6858731508255005, 29.16337013244629)","(359.8548583984375, 191.83380126953125, 359.95953369140625)","(-1.3520293235778809, -0.004339993931353092, 29.410375595092773)","(359.8495178222656, 179.30337524414062, 359.99200439453125)",0.778476,-0.007355,"(0.060075, -0.000199, -4.241530)",LeftFalse_RightFalse,False,"(-29.139314651489258, -0.004334723111242056, -1.0699607133865356)","(359.83746337890625, 89.29112243652344, 359.9836730957031)",0.859193,-0.013296,"(4.097883, -0.000225, 0.070007)",LeftFalse_RightFalse
4.577148,0.06426,"(-0.9356778264045715, 1.189217448234558, 29.031705856323242)","(359.8736572265625, 184.93814086914062, 355.44573974609375)","(0.9301707744598389, 0.6858793497085571, 28.881824493408203)","(359.8541259765625, 191.79873657226562, 359.958984375)","(-1.3479232788085938, -0.0043532089330255985, 29.127426147460938)","(359.8487243652344, 179.268310546875, 359.9916076660156)",0.773674,-0.007355,"(0.064942, -0.000203, -4.370037)",LeftFalse_RightFalse,False,"(-28.86511993408203, -0.004349853843450546, -1.0652068853378296)","(359.8360900878906, 89.21998596191406, 359.98370361328125)",0.825896,-0.008001,"(4.247902, -0.000232, 0.075448)",LeftFalse_RightFalse
4.640503,0.06409,"(-0.931415855884552, 1.1892080307006836, 28.752452850341797)","(359.84295654296875, 184.8302764892578, 355.3562927246094)","(0.9345306158065796, 0.6858851313591003, 28.60369300842285)","(359.8535461425781, 191.76409912109375, 359.9584655761719)","(-1.343706488609314, -0.0043660178780555725, 28.847909927368164)","(359.8480224609375, 179.2336883544922, 359.9912109375)",0.766227,-0.007355,"(0.068746, -0.000204, -4.464926)",LeftFalse_RightFalse,False,"(-28.59305191040039, -0.004364559426903725, -1.060426950454712)","(359.8351745605469, 89.16075134277344, 359.9852294921875)",0.860557,-0.002852,"(4.354086, -0.000230, 0.076288)",LeftFalse_RightFalse
4.706909,0.064546,"(-0.9266748428344727, 1.1891981363296509, 28.45343780517578)","(359.85064697265625, 184.6394805908203, 355.24127197265625)","(0.9393723011016846, 0.6858900785446167, 28.30588150024414)","(359.8531799316406, 191.72705078125, 359.9579772949219)","(-1.3390169143676758, -0.004379562567919493, 28.54861831665039)","(359.8475646972656, 179.19662475585938, 359.9908142089844)",0.757962,-0.007324,"(0.072672, -0.000204, -4.557868)",LeftFalse_RightFalse,False,"(-28.30055046081543, -0.004379675257951021, -1.0554414987564087)","(359.8345031738281, 89.11779022216797, 359.98870849609375)",0.859249,0.000503,"(4.465330, -0.000230, 0.075122)",LeftFalse_RightFalse
4.773315,0.064927,"(-0.9216362833976746, 1.18918776512146, 28.14736557006836)","(359.86407470703125, 184.5107421875, 355.12982177734375)","(0.9445122480392456, 0.685893177986145, 28.001039505004883)","(359.8531494140625, 191.68917846679688, 359.9575500488281)","(-1.3340321779251099, -0.004392973147332668, 28.24226951599121)","(359.8474426269531, 179.1587677001953, 359.99041748046875)",0.750133,-0.007141,"(0.076689, -0.000201, -4.648663)",LeftFalse_RightFalse,False,"(-27.99957847595215, -0.0043953340500593185, -1.0505437850952148)","(359.8333740234375, 89.09587097167969, 359.992919921875)",0.84593,0.002747,"(4.576383, -0.000240, 0.073728)",LeftFalse_RightFalse
4.841553,0.065576,"(-0.9161560535430908, 1.189176321029663, 27.82645034790039)","(359.8979797363281, 184.40756225585938, 355.06610107421875)","(0.9500954151153564, 0.6858921051025391, 27.68140411376953)","(359.8534240722656, 191.6499481201172, 359.957275390625)","(-1.3286097049713135, -0.004406374879181385, 27.921077728271484)","(359.84765625, 179.11953735351562, 359.9900817871094)",0.741915,-0.006317,"(0.082047, -0.000194, -4.766769)",LeftFalse_RightFalse,False,"(-27.682363510131836, -0.004411880858242512, -1.0456138849258423)","(359.8323669433594, 89.09202575683594, -0.003103807335719466)",0.809125,0.002437,"(4.720315, -0.000245, 0.072382)",LeftFalse_RightFalse
4.907837,0.065726,"(-0.9105426669120789, 1.189163327217102, 27.507722854614258)","(359.8813171386719, 184.37899780273438, 355.01953125)","(0.9558032751083374, 0.6858804225921631, 27.3638973236084)","(359.8538818359375, 191.61256408691406, 359.957275390625)","(-1.3230563402175903, -0.004419168457388878, 27.602088928222656)","(359.84808349609375, 179.0821533203125, 359.989990234375)",0.734519,-0.005005,"(0.085517, -0.000188, -4.853145)",LeftFalse_RightFalse,False,"(-27.365982055664062, -0.004427826032042503, -1.0408110618591309)","(359.83221435546875, 89.09793090820312, -0.0006318152300082147)",0.840709,0.00224,"(4.820833, -0.000235, 0.072946)",LeftFalse_RightFalse
4.971436,0.065287,"(-0.904956579208374, 1.1891474723815918, 27.196561813354492)","(359.86102294921875, 184.33486938476562, 354.98004150390625)","(0.9614673852920532, 0.6858485341072083, 27.053802490234375)","(359.8543701171875, 191.58001708984375, 359.95782470703125)","(-1.3175331354141235, -0.004430880770087242, 27.290706634521484)","(359.8486633300781, 179.0496063232422, 359.9904479980469)",0.727862,-0.003723,"(0.088197, -0.000186, -4.937508)",LeftFalse_RightFalse,False,"(-27.055919647216797, -0.00444255443289876, -1.036150574684143)","(359.8323059082031, 89.10711669921875, 0.0006867703632451594)",0.827958,-0.002329,"(4.925745, -0.000231, 0.073886)",LeftFalse_RightFalse
5.033691,0.064699,"(-0.8993222713470459, 1.1891283988952637, 26.885732650756836)","(359.8309631347656, 184.29672241210938, 354.9541320800781)","(0.9671612977981567, 0.685799241065979, 26.743858337402344)","(359.8548583984375, 191.55299377441406, 359.9588317871094)","(-1.3119615316390991, -0.004442393779754639, 26.97969627380371)","(359.8493957519531, 179.0225830078125, 359.9913024902344)",0.720699,-0.002777,"(0.090351, -0.000182, -5.019999)",LeftFalse_RightFalse,False,"(-26.744863510131836, -0.0044571286998689175, -1.0313304662704468)","(359.8321838378906, 89.10972595214844, -0.00018210135749541223)",0.812825,-0.002577,"(5.028330, -0.000235, 0.078977)",LeftFalse_RightFalse
5.098022,0.064608,"(-0.8933809995651245, 1.1892011165618896, 26.55985450744629)","(359.8589782714844, 184.2772674560547, 354.93524169921875)","(0.9731475114822388, 0.685834527015686, 26.41870880126953)","(359.8553466796875, 191.53089904785156, 359.9600524902344)","(-1.3060792684555054, -0.0043606567196547985, 26.653675079345703)","(359.8501281738281, 179.00047302246094, 359.99237060546875)",0.713081,-0.002594,"(0.093206, 0.000601, -5.127340)",LeftFalse_RightFalse,False,"(-26.417484283447266, -0.004378907382488251, -1.0260802507400513)","(359.83221435546875, 89.1036376953125, -0.0016527393599972129)",0.778274,-0.005776,"(5.160358, 0.000547, 0.083708)",LeftFalse_RightFalse
5.161743,0.064446,"(-0.8873270153999329, 1.189213752746582, 26.230756759643555)","(359.86297607421875, 184.25990295410156, 354.9289855957031)","(0.9792389869689941, 0.6858184337615967, 26.090211868286133)","(359.85601806640625, 191.5126190185547, 359.9610290527344)","(-1.300072193145752, -0.004340736195445061, 26.324462890625)","(359.8509826660156, 178.98220825195312, 359.9931945800781)",0.705443,-0.002594,"(0.095715, -0.000019, -5.205689)",LeftFalse_RightFalse,False,"(-26.085800170898438, -0.004362189676612616, -1.020556926727295)","(359.8330078125, 89.08866882324219, -0.0036608101800084114)",0.810999,-0.010466,"(5.252103, -0.000063, 0.089713)",LeftFalse_RightFalse
5.22937,0.065071,"(-0.8807315826416016, 1.1891957521438599, 25.876502990722656)","(359.8526611328125, 184.22320556640625, 354.90399169921875)","(0.9858717918395996, 0.6857796311378479, 25.73653221130371)","(359.85687255859375, 191.49530029296875, 359.9617614746094)","(-1.2935168743133545, -0.004353025928139687, 25.970104217529297)","(359.85198974609375, 178.96487426757812, 359.9937438964844)",0.698569,-0.002594,"(0.098393, -0.000309, -5.281956)",LeftFalse_RightFalse,False,"(-25.727636337280273, -0.004377313889563084, -1.0141249895095825)","(359.83404541015625, 89.05424499511719, 359.9923400878906)",0.805411,-0.012827,"(5.348421, -0.000353, 0.099326)",LeftFalse_RightFalse
5.291504,0.064486,"(-0.8744885921478271, 1.1891682147979736, 25.54564094543457)","(359.8805847167969, 184.22975158691406, 354.9139404296875)","(0.9921491146087646, 0.6857393383979797, 25.406173706054688)","(359.85772705078125, 191.48008728027344, 359.9622802734375)","(-1.2873053550720215, -0.004376763943582773, 25.63915252685547)","(359.8529357910156, 178.94969177246094, 359.9940490722656)",0.692383,-0.002594,"(0.101106, -0.000415, -5.356283)",LeftFalse_RightFalse,False,"(-25.39179229736328, -0.004404137376695871, -1.007554054260254)","(359.8343505859375, 89.00306701660156, 359.9878234863281)",0.78077,-0.012766,"(5.443778, -0.000471, 0.109200)",LeftFalse_RightFalse
5.354004,0.064092,"(-0.8680351376533508, 1.189138412475586, 25.208070755004883)","(359.9396667480469, 184.23712158203125, 354.9324951171875)","(0.9986374378204346, 0.6857004761695862, 25.069103240966797)","(359.8586120605469, 191.4650421142578, 359.9626770019531)","(-1.2808806896209717, -0.004403557162731886, 25.301494598388672)","(359.8538818359375, 178.93463134765625, 359.9942321777344)",0.686034,-0.002533,"(0.103818, -0.000428, -5.428813)",LeftFalse_RightFalse,False,"(-25.047969818115234, -0.0044344221241772175, -1.0003798007965088)","(359.8348083496094, 88.9394760131836, 359.984130859375)",0.776012,-0.010385,"(5.533967, -0.000486, 0.117494)",LeftFalse_RightFalse
5.417603,0.063987,"(-0.8612943887710571, 1.1891096830368042, 24.860008239746094)","(-0.004622624255716801, 184.20608520507812, 354.9366455078125)","(1.005413293838501, 0.6856642365455627, 24.721542358398438)","(359.8595275878906, 191.44985961914062, 359.9630126953125)","(-1.2741680145263672, -0.004429602529853582, 24.95334243774414)","(359.8548583984375, 178.91946411132812, -0.005633656866848469)",0.67446,-0.001801,"(0.107353, -0.000383, -5.522952)",LeftFalse_RightFalse,False,"(-24.692371368408203, -0.0044639394618570805, -0.9926614165306091)","(359.8355712890625, 88.87335968017578, 359.982421875)",0.742209,-0.006974,"(5.651511, -0.000437, 0.125372)",LeftFalse_RightFalse
5.487793,0.065236,"(-0.8536637425422668, 1.189079761505127, 24.469999313354492)","(0.024955736473202705, 184.14112854003906, 354.9553527832031)","(1.0130784511566162, 0.6856192350387573, 24.332048416137695)","(359.8605041503906, 191.434326171875, 359.9635925292969)","(-1.2665705680847168, -0.004455142188817263, 24.563243865966797)","(359.8559265136719, 178.90391540527344, -0.005275207571685314)",0.652249,-0.000519,"(0.109255, -0.000334, -5.590744)",LeftFalse_RightFalse,False,"(-24.292800903320312, -0.004492944106459618, -0.9837572574615479)","(359.8369140625, 88.80721282958984, 359.98248291015625)",0.775759,-0.000969,"(5.732763, -0.000382, 0.128769)",LeftFalse_RightFalse
5.553467,0.065332,"(-0.8465642929077148, 1.1890521049499512, 24.099557876586914)","(359.98626708984375, 184.15020751953125, 355.0099182128906)","(1.020331859588623, 0.6855560541152954, 23.96263885498047)","(359.8617248535156, 191.42396545410156, 359.96478271484375)","(-1.2593700885772705, -0.004475317429751158, 24.193437576293945)","(359.85736083984375, 178.8935546875, -0.00436355359852314)",0.621149,0.000854,"(0.110062, -0.000284, -5.653712)",LeftFalse_RightFalse,False,"(-23.91279411315918, -0.0045162406750023365, -0.9753749370574951)","(359.8380432128906, 88.7658462524414, 359.9856262207031)",0.751701,0.002766,"(5.818979, -0.000336, 0.127765)",LeftFalse_RightFalse
5.618164,0.065205,"(-0.8394715785980225, 1.1890218257904053, 23.731033325195312)","(359.9748840332031, 184.1745147705078, 355.06365966796875)","(1.0274661779403687, 0.6854708194732666, 23.594480514526367)","(359.8636169433594, 191.42034912109375, 359.9667053222656)","(-1.2522684335708618, -0.0044914353638887405, 23.825162887573242)","(359.8596496582031, 178.8899383544922, -0.0028997829649597406)",0.581652,0.001282,"(0.110077, -0.000213, -5.728437)",LeftFalse_RightFalse,False,"(-23.532691955566406, -0.0045365989208221436, -0.9672437310218811)","(359.8388671875, 88.75103759765625, 359.9904479980469)",0.687364,0.007235,"(5.927917, -0.000294, 0.125686)",LeftFalse_RightFalse
5.679321,0.064388,"(-0.832741379737854, 1.1889958381652832, 23.379610061645508)","(0.06541908532381058, 184.12460327148438, 355.05828857421875)","(1.0341966152191162, 0.6853935122489929, 23.24311637878418)","(359.8662109375, 191.42166137695312, 359.9686279296875)","(-1.2455487251281738, -0.004503278527408838, 23.473886489868164)","(359.86260986328125, 178.89126586914062, -0.0016068283002823591)",0.533406,0.001282,"(0.110150, -0.000161, -5.776134)",LeftFalse_RightFalse,False,"(-23.168691635131836, -0.004553703591227531, -0.9597155451774597)","(359.8404235839844, 88.75807189941406, -0.00447433814406395)",0.698679,0.012813,"(5.996654, -0.000250, 0.121245)",LeftFalse_RightFalse
5.745972,0.064845,"(-0.8253903388977051, 1.1889704465866089, 22.993207931518555)","(0.08684380352497101, 184.05313110351562, 355.0495300292969)","(1.0415321588516235, 0.6853179335594177, 22.856626510620117)","(359.8704528808594, 191.426513671875, 359.970703125)","(-1.2382081747055054, -0.0045124562457203865, 23.087646484375)","(359.8671875, 178.8961181640625, -0.00048821375821717083)",0.480066,0.001282,"(0.110294, -0.000106, -5.813612)",LeftFalse_RightFalse,False,"(-22.766794204711914, -0.004568863660097122, -0.9519593715667725)","(359.84326171875, 88.79531860351562, 0.0027665174566209316)",0.674897,0.016373,"(6.065545, -0.000207, 0.112750)",LeftFalse_RightFalse
5.809692,0.06461,"(-0.8183678984642029, 1.1895917654037476, 22.62197494506836)","(0.02139931730926037, 184.1221160888672, 355.05419921875)","(1.0485340356826782, 0.6852535009384155, 22.48525047302246)","(359.87615966796875, 191.4328155517578, 359.9727783203125)","(-1.2311919927597046, -0.004517189227044582, 22.71659278869629)","(359.8731994628906, 178.90240478515625, 0.0002882530970964581)",0.432059,0.001282,"(0.110251, -0.000046, -5.839789)",LeftFalse_RightFalse,False,"(-22.37837791442871, -0.0045811329036951065, -0.9451873898506165)","(359.84619140625, 88.86154174804688, 0.010745413601398468)",0.622144,0.020625,"(6.129728, -0.000178, 0.102826)",LeftFalse_RightFalse
5.871582,0.064066,"(-0.8115559816360474, 1.1914284229278564, 22.259803771972656)","(359.7866516113281, 184.23944091796875, 355.1091003417969)","(1.0553243160247803, 0.6851951479911804, 22.1229190826416)","(359.88311767578125, 191.43971252441406, 359.97491455078125)","(-1.2243826389312744, -0.004517920780926943, 22.35462188720703)","(359.8804626464844, 178.9093017578125, 0.0008622895693406463)",0.388853,0.001282,"(0.109971, 0.000015, -5.855627)",LeftFalse_RightFalse,False,"(-21.997074127197266, -0.0045910184271633625, -0.9393625259399414)","(359.8499450683594, 88.95389556884766, 0.019165949895977974)",0.579854,0.030772,"(6.182991, -0.000143, 0.089875)",LeftFalse_RightFalse
5.935913,0.064118,"(-0.804505467414856, 1.1921473741531372, 21.882654190063477)","(359.7265319824219, 184.32485961914062, 355.0758056640625)","(1.0623507499694824, 0.6851383447647095, 21.74559783935547)","(359.8913879394531, 191.447265625, 359.97723388671875)","(-1.2173326015472412, -0.004514757543802261, 21.977705001831055)","(359.8890380859375, 178.9168701171875, 0.001334202359430492)",0.349968,0.001282,"(0.109278, 0.000084, -5.864102)",LeftFalse_RightFalse,False,"(-21.597562789916992, -0.00459829019382596, -0.9346144199371338)","(359.8552551269531, 89.09239196777344, 0.03133479878306389)",0.510759,0.044364,"(6.240652, -0.000083, 0.060927)",LeftFalse_RightFalse
5.998535,0.063828,"(-0.7979549169540405, 1.1930524110794067, 21.513643264770508)","(359.67413330078125, 184.39146423339844, 355.0408020019531)","(1.0691553354263306, 0.6850889325141907, 21.377779006958008)","(359.89959716796875, 191.45481872558594, 359.97943115234375)","(-1.2105039358139038, -0.004508695565164089, 21.61029052734375)","(359.89752197265625, 178.92442321777344, 0.0017045653657987714)",0.314971,0.001282,"(0.108562, 0.000118, -5.862410)",LeftFalse_RightFalse,False,"(-21.2058162689209, -0.004602428060024977, -0.9317163228988647)","(359.8616027832031, 89.2781982421875, 0.04631950706243515)",0.504146,0.053821,"(6.269300, -0.000033, 0.027594)",LeftFalse_RightFalse
6.062378,0.063826,"(-0.7913230657577515, 1.1940455436706543, 21.138240814208984)","(359.8434753417969, 184.43814086914062, 355.0042419433594)","(1.0760307312011719, 0.6850432753562927, 21.00351333618164)","(359.90802001953125, 191.4626007080078, 359.9815979003906)","(-1.2036018371582031, -0.0045006112195551395, 21.236438751220703)","(359.9062194824219, 178.93222045898438, 0.0020078523084521294)",0.283474,0.001282,"(0.107685, 0.000144, -5.853358)",LeftFalse_RightFalse,False,"(-20.805070877075195, -0.0046033598482608795, -0.9311600923538208)","(359.86907958984375, 89.53439331054688, 0.06534573435783386)",0.468734,0.057621,"(6.294474, 0.000007, -0.010808)",LeftFalse_RightFalse
6.126099,0.063802,"(-0.7847503423690796, 1.195103406906128, 20.764432907104492)","(359.96575927734375, 184.39517211914062, 355.041748046875)","(1.0828306674957275, 0.6850025653839111, 20.63075065612793)","(359.9162902832031, 191.4703826904297, 359.98370361328125)","(-1.1967756748199463, -0.004490794613957405, 20.86408805847168)","(359.91473388671875, 178.94000244140625, 0.0022467980161309242)",0.255127,0.001282,"(0.106672, 0.000164, -5.837760)",LeftFalse_RightFalse,False,"(-20.403575897216797, -0.0046019237488508224, -0.9331530332565308)","(359.8765563964844, 89.84781646728516, 0.08411013334989548)",0.425305,0.061392,"(6.312433, 0.000037, -0.048561)",LeftFalse_RightFalse
6.187988,0.063417,"(-0.7789160013198853, 1.195473074913025, 20.40340232849121)","(0.038294047117233276, 184.34466552734375, 355.0250244140625)","(1.0893661975860596, 0.6849675178527832, 20.269847869873047)","(359.924072265625, 191.47792053222656, 359.985595703125)","(-1.1902134418487549, -0.004480341915041208, 20.503582000732422)","(359.9227600097656, 178.94754028320312, 0.002423458732664585)",0.229614,0.001312,"(0.105547, 0.000179, -5.816359)",LeftFalse_RightFalse,False,"(-20.012704849243164, -0.004598604515194893, -0.9375826716423035)","(359.884033203125, 90.19255828857422, 0.1006179079413414)",0.389934,0.064665,"(6.320920, 0.000064, -0.088444)",LeftFalse_RightFalse
6.249023,0.062939,"(-0.7729283571243286, 1.1949869394302368, 20.048425674438477)","(0.06329512596130371, 184.33302307128906, 355.003173828125)","(1.095736026763916, 0.6849370002746582, 19.915454864501953)","(359.9313659667969, 191.48538208007812, 359.98736572265625)","(-1.1838161945343018, -0.004469141364097595, 20.14957618713379)","(359.9302673339844, 178.9550018310547, 0.0025640397798269987)",0.206653,0.001465,"(0.104300, 0.000189, -5.789820)",LeftFalse_RightFalse,False,"(-19.626995086669922, -0.004593659657984972, -0.9445127248764038)","(359.8916931152344, 90.56294250488281, 0.11546298861503601)",0.358619,0.06734,"(6.321296, 0.000089, -0.130715)",LeftFalse_RightFalse
6.316162,0.063777,"(-0.7671351432800293, 1.1940521001815796, 19.659849166870117)","(359.9218444824219, 184.462158203125, 354.8928527832031)","(1.1026439666748047, 0.6849055886268616, 19.527666091918945)","(359.9388427734375, 191.493896484375, 359.9892272949219)","(-1.1768772602081299, -0.0044563161209225655, 19.762218475341797)","(359.9379577636719, 178.96353149414062, 0.002742208307608962)",0.185987,0.001465,"(0.102364, 0.000192, -5.748314)",LeftFalse_RightFalse,False,"(-19.202960968017578, -0.004586523398756981, -0.9552128911018372)","(359.90020751953125, 90.9975814819336, 0.130220428109169)",0.265544,0.068772,"(6.312048, 0.000120, -0.189457)",LeftFalse_RightFalse
6.384277,0.064656,"(-0.7615371942520142, 1.1937404870986938, 19.267772674560547)","(359.85797119140625, 184.63720703125, 354.71575927734375)","(1.1095445156097412, 0.6848793625831604, 19.13642120361328)","(359.94561767578125, 191.50289916992188, 359.9908752441406)","(-1.16994309425354, -0.004443206824362278, 19.371414184570312)","(359.9449157714844, 178.97251892089844, 0.0028897530864924192)",0.167389,0.001892,"(0.100914, 0.000193, -5.713368)",LeftFalse_RightFalse,False,"(-18.7734375, -0.004577290266752243, -0.9694942831993103)","(359.90936279296875, 91.45780181884766, 0.14262285828590393)",0.401215,0.071145,"(6.286617, 0.000156, -0.233541)",LeftFalse_RightFalse
6.450317,0.064937,"(-0.7560622692108154, 1.192834734916687, 18.891334533691406)","(359.94940185546875, 184.92205810546875, 354.4027404785156)","(1.1161060333251953, 0.6848528385162354, 18.759910583496094)","(359.9515075683594, 191.51242065429688, 359.992431640625)","(-1.1633470058441162, -0.004430622793734074, 18.9953556060791)","(359.9510192871094, 178.98204040527344, 0.0031371312215924263)",0.15065,0.003082,"(0.099004, 0.000192, -5.674927)",LeftFalse_RightFalse,False,"(-18.358312606811523, -0.0045668031089007854, -0.986699640750885)","(359.9164733886719, 91.91917419433594, 0.1535220891237259)",0.419116,0.072044,"(6.284564, 0.000145, -0.282004)",LeftFalse_RightFalse
6.513062,0.064497,"(-0.7511627674102783, 1.1917647123336792, 18.536155700683594)","(0.1244138553738594, 185.1065673828125, 354.26116943359375)","(1.1221562623977661, 0.6848116517066956, 18.404935836791992)","(359.9565124511719, 191.52452087402344, 359.9942626953125)","(-1.1572562456130981, -0.00441870978102088, 18.640926361083984)","(359.956298828125, 178.994140625, 0.0038340205792337656)",0.123683,0.004089,"(0.096049, 0.000189, -5.633438)",LeftFalse_RightFalse,False,"(-17.96392059326172, -0.004559794906526804, -1.0063103437423706)","(359.9189758300781, 92.37144470214844, 0.16277331113815308)",0.406118,0.070538,"(6.288503, 0.000083, -0.330974)",LeftFalse_RightFalse
6.57605,0.064198,"(-0.7457164525985718, 1.1913601160049438, 18.182737350463867)","(0.2391435205936432, 185.3211669921875, 354.2286071777344)","(1.1279973983764648, 0.6847562193870544, 18.051218032836914)","(359.96124267578125, 191.54132080078125, -0.0035765625070780516)","(-1.1513597965240479, -0.004406604915857315, 18.287939071655273)","(359.9613952636719, 179.01095581054688, 0.004918488673865795)",0.090288,0.004333,"(0.091542, 0.000193, -5.571548)",LeftFalse_RightFalse,False,"(-17.567663192749023, -0.00455691060051322, -1.0291247367858887)","(359.91937255859375, 92.83026123046875, 0.16943034529685974)",0.414073,0.069657,"(6.290608, 0.000012, -0.393412)",LeftFalse_RightFalse
6.647827,0.065703,"(-0.7401750087738037, 1.1911875009536743, 17.784637451171875)","(0.2678743302822113, 185.57781982421875, 354.34710693359375)","(1.1343690156936646, 0.6847005486488342, 17.65235137939453)","(359.966552734375, 191.56455993652344, -0.00130033353343606)","(-1.1449064016342163, -0.004392525646835566, 17.890064239501953)","(359.9670715332031, 179.0341796875, 0.005985477939248085)",0.074118,0.004333,"(0.088364, 0.000204, -5.519136)",LeftFalse_RightFalse,False,"(-17.116411209106445, -0.004557119682431221, -1.058899164199829)","(359.9187927246094, 93.35187530517578, 0.17456310987472534)",0.432717,0.067126,"(6.293070, -0.000022, -0.440244)",LeftFalse_RightFalse
6.712524,0.065499,"(-0.7348306775093079, 1.1911430358886719, 17.429473876953125)","(0.22504259645938873, 185.72906494140625, 354.4462585449219)","(1.1398816108703613, 0.6846615076065063, 17.29646873474121)","(359.97149658203125, 191.5874786376953, 0.0005023401463404298)","(-1.139308214187622, -0.004379073157906532, 17.53515625)","(359.9722900390625, 179.05711364746094, 0.0066733830608427525)",0.01948,0.004333,"(0.085348, 0.000213, -5.463688)",LeftFalse_RightFalse,False,"(-16.709125518798828, -0.004559515509754419, -1.089066982269287)","(359.9174499511719, 93.81571960449219, 0.17684601247310638)",0.435813,0.063794,"(6.299114, -0.000048, -0.485370)",LeftFalse_RightFalse
6.774536,0.064811,"(-0.7297667264938354, 1.1911284923553467, 17.092714309692383)","(0.1486649215221405, 185.8722686767578, 354.5340576171875)","(1.1449646949768066, 0.68463134765625, 16.959012985229492)","(359.97686767578125, 191.61013793945312, 0.0021443727891892195)","(-1.1341361999511719, -0.00436490960419178, 17.19866943359375)","(359.9779052734375, 179.0797576904297, 0.007109163794666529)",-0.141191,0.005066,"(0.082260, 0.000235, -5.398443)",LeftFalse_RightFalse,False,"(-16.31793212890625, -0.004563286900520325, -1.1208652257919312)","(359.9156799316406, 94.247802734375, 0.17666201293468475)",0.437242,0.061358,"(6.306064, -0.000066, -0.528252)",LeftFalse_RightFalse
6.840698,0.065073,"(-0.7246182560920715, 1.1911107301712036, 16.7415714263916)","(0.03137177973985672, 186.0575714111328, 354.63250732421875)","(1.1500778198242188, 0.6845592260360718, 16.607160568237305)","(359.9911193847656, 191.63572692871094, 0.0058822026476264)","(-1.1289255619049072, -0.004343830514699221, 16.848011016845703)","(359.9925842285156, 179.1053466796875, 0.007671173196285963)",-0.237382,0.007294,"(0.076036, 0.000430, -5.219073)",LeftFalse_RightFalse,False,"(-15.900642395019531, -0.004568136762827635, -1.1577659845352173)","(359.913818359375, 94.69158172607422, 0.1748426854610443)",0.43412,0.059178,"(6.315280, -0.000074, -0.584757)",LeftFalse_RightFalse
6.907104,0.065346,"(-0.7198399305343628, 1.191089153289795, 16.399988174438477)","(359.9635314941406, 186.4180908203125, 354.8106689453125)","(1.1547834873199463, 0.6844353675842285, 16.264820098876953)","(0.014284632168710232, 191.66537475585938, 0.01215128693729639)","(-1.1241118907928467, -0.004308553412556648, 16.507137298583984)","(0.016580695286393166, 179.13499450683594, 0.008762706071138382)",-0.289029,0.009705,"(0.069058, 0.000650, -5.037669)",LeftFalse_RightFalse,False,"(-15.480863571166992, -0.004573010839521885, -1.1979154348373413)","(359.9122619628906, 95.1233139038086, 0.17238354682922363)",0.447491,0.05647,"(6.321314, -0.000070, -0.626060)",LeftFalse_RightFalse
6.974854,0.06582,"(-0.7153921723365784, 1.190999150276184, 16.06699562072754)","(359.8285217285156, 186.9659423828125, 355.0976257324219)","(1.1589806079864502, 0.6841973662376404, 15.93014907836914)","(0.04429825395345688, 191.70376586914062, 0.020682400092482567)","(-1.1197800636291504, -0.004323878791183233, 16.174367904663086)","(0.04773032292723656, 179.17340087890625, 0.01057894341647625)",-0.304169,0.010101,"(0.061036, -0.000621, -4.831150)",LeftFalse_RightFalse,False,"(-15.05248737335205, -0.0045776707120239735, -1.2418545484542847)","(359.9108581542969, 95.54696655273438, 0.16882379353046417)",0.451173,0.049136,"(6.329700, -0.000068, -0.665792)",LeftFalse_RightFalse
7.03894,0.065484,"(-0.7118041515350342, 1.190941572189331, 15.766175270080566)","(359.5586242675781, 187.4822235107422, 355.3519592285156)","(1.1624091863632202, 0.6840113997459412, 15.62801456451416)","(0.0731709823012352, 191.7455596923828, 0.02844737470149994)","(-1.1161924600601196, -0.004313104785978794, 15.874253273010254)","(0.07760000228881836, 179.21517944335938, 0.011894813738763332)",-0.322571,0.010101,"(0.051956, 0.000666, -4.548079)",LeftFalse_RightFalse,False,"(-14.646039962768555, -0.0045820618979632854, -1.2859920263290405)","(359.9094543457031, 95.9200439453125, 0.1622687429189682)",0.436477,0.03939,"(6.342889, -0.000065, -0.710816)",LeftFalse_RightFalse
7.102661,0.065134,"(-0.708712637424469, 1.1909397840499878, 15.481685638427734)","(359.3956298828125, 187.8406524658203, 355.48687744140625)","(1.1653732061386108, 0.6839132905006409, 15.342277526855469)","(0.09877663850784302, 191.78851318359375, 0.03479018434882164)","(-1.1130558252334595, -0.004258213564753532, 15.590540885925293)","(0.10397188365459442, 179.2581329345703, 0.012531200423836708)",-0.340309,0.010071,"(0.045892, 0.001051, -4.329999)",LeftFalse_RightFalse,False,"(-14.241538047790527, -0.004586272407323122, -1.3319207429885864)","(359.9084167480469, 96.25582122802734, 0.15299831330776215)",0.450241,0.0299,"(6.350836, -0.000058, -0.736560)",LeftFalse_RightFalse
7.169189,0.065398,"(-0.7057897448539734, 1.1909687519073486, 15.201580047607422)","(359.3372497558594, 188.05276489257812, 355.5242614746094)","(1.1680411100387573, 0.6838711500167847, 15.060250282287598)","(0.12170650064945221, 191.8325653076172, 0.03996896371245384)","(-1.1102007627487183, -0.004183088429272175, 15.310547828674316)","(0.12747915089130402, 179.3021697998047, 0.01261181477457285)",-0.353497,0.010071,"(0.040263, 0.001173, -4.105846)",LeftFalse_RightFalse,False,"(-13.81911563873291, -0.0045901695266366005, -1.3814349174499512)","(359.9076232910156, 96.55225372314453, 0.13931365311145782)",0.454449,0.025862,"(6.361648, -0.000052, -0.756604)",LeftFalse_RightFalse
7.231445,0.064783,"(-0.7035033702850342, 1.1910072565078735, 14.953644752502441)","(359.329833984375, 188.109619140625, 355.58355712890625)","(1.1701842546463013, 0.6838664412498474, 14.810967445373535)","(0.13979476690292358, 191.87217712402344, 0.043673887848854065)","(-1.1078823804855347, -0.004110431298613548, 15.063060760498047)","(0.145940363407135, 179.34176635742188, 0.012304101139307022)",-0.370126,0.010071,"(0.035030, 0.001144, -3.877863)",LeftFalse_RightFalse,False,"(-13.422218322753906, -0.004593500867486, -1.429223895072937)","(359.9068298339844, 96.78286743164062, 0.12569352984428406)",0.450887,0.023273,"(6.373300, -0.000052, -0.776919)",LeftFalse_RightFalse
7.293823,0.064293,"(-0.7015681266784668, 1.1910487413406372, 14.7205228805542)","(359.3522644042969, 188.14283752441406, 355.62384033203125)","(1.1720126867294312, 0.6838818192481995, 14.576676368713379)","(0.1551046222448349, 191.90963745117188, 0.04648734629154205)","(-1.1058841943740845, -0.004042300395667553, 14.830446243286133)","(0.16149595379829407, 179.3792266845703, 0.011728942394256592)",-0.378348,0.010071,"(0.030202, 0.001051, -3.644599)",LeftFalse_RightFalse,False,"(-13.024510383605957, -0.004596810322254896, -1.4783343076705933)","(359.9060974121094, 96.9797592163086, 0.11329454928636551)",0.452087,0.017724,"(6.384204, -0.000050, -0.796739)",LeftFalse_RightFalse
7.356323,0.063945,"(-0.6999329328536987, 1.1910899877548218, 14.501887321472168)","(359.386962890625, 188.20526123046875, 355.66558837890625)","(1.1735578775405884, 0.683911144733429, 14.356972694396973)","(0.16793589293956757, 191.9448699951172, 0.04854206368327141)","(-1.1041744947433472, -0.003980813082307577, 14.612298965454102)","(0.17446736991405487, 179.41445922851562, 0.010950860567390919)",-0.382177,0.010071,"(0.024469, 0.000896, -3.332413)",LeftFalse_RightFalse,False,"(-12.62466049194336, -0.004600077867507935, -1.52870774269104)","(359.905517578125, 97.14496612548828, 0.10072582215070724)",0.440907,0.055391,"(6.399470, -0.000047, -0.817269)",LeftFalse_RightFalse
7.422119,0.064316,"(-0.6985025405883789, 1.1911312341690063, 14.288505554199219)","(359.4454650878906, 188.40711975097656, 355.66815185546875)","(1.1749060153961182, 0.6839536428451538, 14.142549514770508)","(0.1786053478717804, 191.97926330566406, 0.04991826042532921)","(-1.1026620864868164, -0.003924859222024679, 14.399371147155762)","(0.18518124520778656, 179.44883728027344, 0.00997942965477705)",-0.385624,0.010071,"(0.020710, 0.000778, -3.099806)",LeftFalse_RightFalse,False,"(-12.203540802001953, -0.0046030208468437195, -1.5842148065567017)","(359.9053955078125, 97.35259246826172, 0.1027817353606224)",0.459308,0.010597,"(6.401014, -0.000043, -0.876298)",LeftFalse_RightFalse
7.486328,0.06429,"(-0.6980606913566589, 1.1911697387695312, 14.09658145904541)","(359.4906005859375, 188.71156311035156, 355.69921875)","(1.1759859323501587, 0.6840027570724487, 13.949530601501465)","(0.18662483990192413, 192.0102081298828, 0.05062727630138397)","(-1.1014314889907837, -0.003878437913954258, 14.207677841186523)","(0.19316357374191284, 179.4797821044922, 0.008931650780141354)",-0.392693,0.010071,"(0.017393, 0.000663, -2.868454)",LeftFalse_RightFalse,False,"(-11.792205810546875, -0.004605656024068594, -1.6401512622833252)","(359.9052734375, 97.5687484741211, 0.09764640033245087)",0.457383,-0.041881,"(6.416256, -0.000038, -0.870450)",LeftFalse_RightFalse
7.550049,0.064175,"(-0.6981083750724792, 1.1912051439285278, 13.921836853027344)","(359.53802490234375, 189.19334411621094, 355.8383483886719)","(1.1768583059310913, 0.6840553283691406, 13.77370834350586)","(0.19289131462574005, 192.03834533691406, 0.050898704677820206)","(-1.1004196405410767, -0.00383929256349802, 14.033048629760742)","(0.19933965802192688, 179.50791931152344, 0.007837053388357162)",-0.395484,0.010071,"(0.014482, 0.000572, -2.636609)",LeftFalse_RightFalse,False,"(-11.382664680480957, -0.0046083866618573666, -1.693319320678711)","(359.905029296875, 97.61192321777344, 0.06063908711075783)",0.457801,-0.092895,"(6.435585, -0.000037, -0.817366)",LeftFalse_RightFalse
7.618652,0.065048,"(-0.6978330612182617, 1.1912367343902588, 13.750510215759277)","(359.5373840332031, 189.71246337890625, 355.9856872558594)","(1.1776069402694702, 0.6841134428977966, 13.602149963378906)","(0.19822295010089874, 192.06578063964844, 0.05085748806595802)","(-1.099533200263977, -0.0038034459576010704, 13.862643241882324)","(0.20453542470932007, 179.53533935546875, 0.006640068721026182)",-0.397997,0.010071,"(0.011196, 0.000471, -2.330110)",LeftFalse_RightFalse,False,"(-10.94067096710205, -0.0046106851659715176, -1.7448089122772217)","(359.9053649902344, 97.34809112548828, 359.9917297363281)",0.462508,-0.133162,"(6.460258, -0.000029, -0.710334)",LeftFalse_RightFalse
7.681274,0.064581,"(-0.6988636255264282, 1.1912657022476196, 13.610267639160156)","(359.43798828125, 190.5309295654297, 356.1504211425781)","(1.178144931793213, 0.6841666102409363, 13.461067199707031)","(0.2019803375005722, 192.08828735351562, 0.050589386373758316)","(-1.0988795757293701, -0.003775433637201786, 13.722497940063477)","(0.2081451416015625, 179.55784606933594, 0.005563144106417894)",-0.400258,0.010071,"(0.009133, 0.000413, -2.102415)",LeftFalse_RightFalse,False,"(-10.535024642944336, -0.0046121287159621716, -1.7860770225524902)","(359.906005859375, 96.84105682373047, 359.92205810546875)",0.476137,-0.173303,"(6.477663, -0.000027, -0.608352)",LeftFalse_RightFalse
7.743164,0.064028,"(-0.6997179388999939, 1.191292405128479, 13.486647605895996)","(359.28521728515625, 191.4725799560547, 356.32177734375)","(1.1785633563995361, 0.6842178702354431, 13.336617469787598)","(0.20490004122257233, 192.1081085205078, 0.05018915608525276)","(-1.0983588695526123, -0.0037513175047934055, 13.598870277404785)","(0.21090839803218842, 179.57766723632812, 0.004538997542113066)",-0.402293,0.010071,"(0.007375, 0.000357, -1.876497)",LeftFalse_RightFalse,False,"(-10.134086608886719, -0.004612606484442949, -1.8193249702453613)","(359.906982421875, 96.07478332519531, 359.8431396484375)",0.487576,-0.219405,"(6.494307, -0.000025, -0.476615)",LeftFalse_RightFalse
7.807617,0.064123,"(-0.7014694809913635, 1.1913185119628906, 13.373160362243652)","(359.1689758300781, 192.86526489257812, 356.6037902832031)","(1.178900957107544, 0.6842687726020813, 13.222126960754395)","(0.20732389390468597, 192.1263427734375, 0.049693506211042404)","(-1.097926139831543, -0.0037294961512088776, 13.485130310058594)","(0.21316704154014587, 179.5958709716797, 0.003529262263327837)",-0.404125,0.010071,"(0.005888, 0.000316, -1.652442)",LeftFalse_RightFalse,False,"(-9.71479320526123, -0.004612182267010212, -1.8437455892562866)","(359.908447265625, 94.97171020507812, 359.7477722167969)",0.505213,-0.050881,"(6.506475, -0.000026, -0.306631)",LeftFalse_RightFalse
7.870239,0.063813,"(-0.7025545835494995, 1.1913409233093262, 13.277702331542969)","(359.0868835449219, 193.78829956054688, 356.7749938964844)","(1.1791491508483887, 0.6843149065971375, 13.125900268554688)","(0.20922313630580902, 192.14161682128906, 0.04918459430336952)","(-1.0975966453552246, -0.003710966557264328, 13.389532089233398)","(0.214910626411438, 179.6111602783203, 0.002620417857542634)",-0.405773,0.010071,"(0.004637, 0.000280, -1.430328)",LeftFalse_RightFalse,False,"(-9.306877136230469, -0.0046142274513840675, -1.8654223680496216)","(359.9070129394531, 94.02595520019531, 359.73907470703125)",0.468369,-0.05769,"(6.530065, -0.000049, -0.363031)",LeftFalse_RightFalse
7.935181,0.064039,"(-0.7035837173461914, 1.191361904144287, 13.19377326965332)","(359.0297546386719, 194.3609619140625, 356.8655090332031)","(1.179341197013855, 0.6843589544296265, 13.041277885437012)","(0.21084102988243103, 192.155029296875, 0.048660844564437866)","(-1.0973328351974487, -0.0036940386053174734, 13.305460929870605)","(0.21637634932994843, 179.62457275390625, 0.0017581192078068852)",-0.407257,0.010071,"(0.003588, 0.000249, -1.210217)",LeftFalse_RightFalse,False,"(-8.882034301757812, -0.004619088023900986, -1.888175129890442)","(359.9046936035156, 93.33907318115234, 359.7617492675781)",0.458744,-0.062588,"(6.549181, -0.000071, -0.335697)",LeftFalse_RightFalse
7.998291,0.063852,"(-0.703853189945221, 1.191379427909851, 13.127023696899414)","(358.9912414550781, 194.53721618652344, 356.8836669921875)","(1.179474949836731, 0.6843975186347961, 12.974100112915039)","(0.2121444046497345, 192.1656494140625, 0.04818198084831238)","(-1.0971406698226929, -0.003679620334878564, 13.23871898651123)","(0.2175447791814804, 179.6352081298828, 0.0010078898631036282)",-0.408592,0.010071,"(0.002451, 0.000207, -0.920098)",LeftFalse_RightFalse,False,"(-8.468047142028809, -0.004623785149306059, -1.9072078466415405)","(359.9034423828125, 92.79837036132812, 359.7738952636719)",0.454866,-0.067423,"(6.570066, -0.000068, -0.266957)",LeftFalse_RightFalse
8.062378,0.063915,"(-0.7039011716842651, 1.1913949251174927, 13.073814392089844)","(358.988525390625, 194.43508911132812, 356.8578796386719)","(1.1795697212219238, 0.6844322085380554, 12.920587539672852)","(0.21322621405124664, 192.17410278320312, 0.047732140868902206)","(-1.096998691558838, -0.003666945733129978, 13.185553550720215)","(0.2185032218694687, 179.64364624023438, 0.00033404884743504226)",-0.409793,0.010071,"(0.001752, 0.000181, -0.705069)",LeftFalse_RightFalse,False,"(-8.046106338500977, -0.004627964925020933, -1.922727346420288)","(359.90301513671875, 92.29863739013672, 359.7781982421875)",0.468576,-0.072127,"(6.583739, -0.000056, -0.207692)",LeftFalse_RightFalse
8.125854,0.063811,"(-0.7038854956626892, 1.1914080381393433, 13.035605430603027)","(359.0116271972656, 194.25575256347656, 356.8382873535156)","(1.1796308755874634, 0.6844620108604431, 12.882174491882324)","(0.2141232192516327, 192.18014526367188, 0.04734085872769356)","(-1.0969027280807495, -0.0036562453024089336, 13.147390365600586)","(0.2192939817905426, 179.64968872070312, -0.00024253294395748526)",-0.410875,0.010071,"(0.001154, 0.000154, -0.492171)",LeftFalse_RightFalse,False,"(-7.62827205657959, -0.004631251096725464, -1.9339712858200073)","(359.90289306640625, 91.81171417236328, 359.7777404785156)",0.46701,-0.077212,"(6.599014, -0.000049, -0.146023)",LeftFalse_RightFalse
8.192749,0.064436,"(-0.7031537294387817, 1.1914193630218506, 13.0103759765625)","(359.07537841796875, 194.07553100585938, 356.8603820800781)","(1.179667592048645, 0.6844890713691711, 12.856969833374023)","(0.21481145918369293, 192.18406677246094, 0.04696624353528023)","(-1.0968421697616577, -0.0036467909812927246, 13.12234878540039)","(0.2198844999074936, 179.6536102294922, -0.0007575378403998911)",-0.399946,0.010071,"(0.000630, 0.000131, -0.282928)",LeftFalse_RightFalse,False,"(-7.186013221740723, -0.004634416662156582, -1.9413039684295654)","(359.9027404785156, 91.28096771240234, 359.7746887207031)",0.466848,-0.080491,"(6.613390, -0.000046, -0.082408)",LeftFalse_RightFalse
8.257202,0.064434,"(-0.7029234766960144, 1.1914135217666626, 13.001296043395996)","(359.116455078125, 193.91122436523438, 356.9083557128906)","(1.179674506187439, 0.6844772100448608, 12.847912788391113)","(0.22063902020454407, 192.18641662597656, 0.04792638495564461)","(-1.0968207120895386, -0.003642783034592867, 13.113455772399902)","(0.22578158974647522, 179.65594482421875, -0.0010846155928447843)",-0.396855,0.010071,"(0.000000, 0.000247, 0.000118)",LeftFalse_RightFalse,False,"(-6.75938081741333, -0.004637294448912144, -1.943854808807373)","(359.90264892578125, 90.74584197998047, 359.7708740234375)",0.453777,-0.081478,"(6.631309, -0.000045, 0.001595)",LeftFalse_RightFalse
8.319214,0.063945,"(-0.7021386623382568, 1.1914504766464233, 13.001415252685547)","(359.10980224609375, 193.7337646484375, 356.8975830078125)","(1.179674506187439, 0.6845609545707703, 12.848052978515625)","(0.20426154136657715, 192.18638610839844, 0.04434928670525551)","(-1.0968204736709595, -0.0036382977850735188, 13.113394737243652)","(0.20901818573474884, 179.65594482421875, -0.0010232620406895876)",-0.37384,0.010071,"(-0.000001, -0.000212, 0.001291)",LeftFalse_RightFalse,False,"(-6.348068714141846, -0.0046398513950407505, -1.942248821258545)","(359.9027404785156, 90.21429443359375, 359.7680358886719)",0.464105,-0.082678,"(6.641532, -0.000040, 0.063242)",LeftFalse_RightFalse
8.382324,0.063787,"(-0.701835036277771, 1.191497802734375, 13.001996040344238)","(359.06573486328125, 193.5557861328125, 356.8888854980469)","(1.1796742677688599, 0.6847103238105774, 12.848367691040039)","(0.16757521033287048, 192.1863555908203, 0.036389511078596115)","(-1.0968202352523804, -0.003664125222712755, 13.113258361816406)","(0.17147867381572723, 179.65594482421875, -0.0008339795749634504)",-0.354698,0.010071,"(-0.000002, -0.000615, 0.001620)",LeftFalse_RightFalse,False,"(-5.928345203399658, -0.004642175510525703, -1.936532735824585)","(359.9030456542969, 89.66021728515625, 359.7655334472656)",0.465686,-0.086717,"(6.652702, -0.000036, 0.125810)",LeftFalse_RightFalse
8.444702,0.063497,"(-0.7017251253128052, 1.1915301084518433, 13.002667427062988)","(359.0546875, 193.35369873046875, 356.8907165527344)","(1.1796741485595703, 0.6848522424697876, 12.848706245422363)","(0.12819091975688934, 192.18634033203125, 0.027837665751576424)","(-1.0968198776245117, -0.003710157237946987, 13.113112449645996)","(0.1311771422624588, 179.65594482421875, -0.0006373772048391402)",-0.331533,0.010071,"(-0.000002, -0.000822, 0.001552)",LeftFalse_RightFalse,False,"(-5.513345241546631, -0.004644227214157581, -1.9266726970672607)","(359.9031677246094, 89.09725189208984, 359.76171875)",0.463648,-0.08674,"(6.663299, -0.000036, 0.192871)",LeftFalse_RightFalse
8.508301,0.063521,"(-0.700864851474762, 1.1915470361709595, 13.003769874572754)","(359.02911376953125, 193.15599060058594, 356.89739990234375)","(1.179673194885254, 0.6849686503410339, 12.849013328552246)","(0.09243763983249664, 192.1863250732422, 0.02006511017680168)","(-1.0968196392059326, -0.0037644649855792522, 13.112979888916016)","(0.09458913654088974, 179.65594482421875, -0.0004678409604821354)",-0.296402,0.010071,"(-0.000002, -0.000851, 0.001314)",LeftFalse_RightFalse,False,"(-5.089135646820068, -0.00464647077023983, -1.912198781967163)","(359.9031982421875, 88.50691223144531, 359.7574768066406)",0.46449,-0.084229,"(6.672958, -0.000038, 0.258478)",LeftFalse_RightFalse
8.571533,0.063461,"(-0.7005541920661926, 1.1915521621704102, 13.00444507598877)","(358.99041748046875, 192.96017456054688, 356.9098815917969)","(1.1796729564666748, 0.6850534677505493, 12.849261283874512)","(0.06397562474012375, 192.1863250732422, 0.013873619958758354)","(-1.0968194007873535, -0.003815470030531287, 13.112876892089844)","(0.06546176970005035, 179.65594482421875, -0.00033680678461678326)",-0.209624,0.010071,"(-0.000002, -0.000758, 0.001034)",LeftFalse_RightFalse,False,"(-4.66693115234375, -0.0046488456428050995, -1.8935704231262207)","(359.9031982421875, 87.91699981689453, 359.7550354003906)",0.464176,-0.079264,"(6.682380, -0.000037, 0.321176)",LeftFalse_RightFalse
8.635864,0.063636,"(-0.7004382014274597, 1.191550850868225, 13.004890441894531)","(358.9720764160156, 192.75213623046875, 356.8838195800781)","(1.179673194885254, 0.6851134300231934, 12.849447250366211)","(0.04233920946717262, 192.18630981445312, 0.009167149662971497)","(-1.0968191623687744, -0.0038586468435823917, 13.112796783447266)","(0.04331961274147034, 179.65594482421875, -0.00023699592566117644)",-0.027548,0.010071,"(-0.000001, -0.000559, 0.000692)",LeftFalse_RightFalse,False,"(-4.236659049987793, -0.004651304800063372, -1.8705393075942993)","(359.903076171875, 87.32948303222656, 359.7557067871094)",0.452244,-0.072179,"(6.694486, -0.000040, 0.399872)",LeftFalse_RightFalse
8.697754,0.063287,"(-0.6997503042221069, 1.1915485858917236, 13.005033493041992)","(359.001220703125, 192.4631805419922, 356.8489074707031)","(1.1796730756759644, 0.6851528882980347, 12.84957504272461)","(0.0275785643607378, 192.18630981445312, 0.005956918932497501)","(-1.0968190431594849, -0.003889464307576418, 13.112743377685547)","(0.028214067220687866, 179.65594482421875, -0.00016833450354170054)",0.003771,0.010071,"(-0.000001, -0.000398, 0.000488)",LeftFalse_RightFalse,False,"(-3.8221750259399414, -0.004653901793062687, -1.8446301221847534)","(359.903076171875, 86.7853775024414, 359.7590026855469)",0.461386,-0.063266,"(6.701273, -0.000036, 0.453216)",LeftFalse_RightFalse
8.760986,0.063292,"(-0.6988298296928406, 1.19154691696167, 13.005047798156738)","(359.0699768066406, 192.16661071777344, 356.8257751464844)","(1.1796777248382568, 0.6851803660392761, 12.849713325500488)","(0.01727430708706379, 192.1853485107422, 0.003716939827427268)","(-1.0968189239501953, -0.00391102209687233, 13.112716674804688)","(0.017669273540377617, 179.65496826171875, -0.0001193780917674303)",0.003394,0.010071,"(0.000003, -0.000260, 0.001583)",LeftFalse_RightFalse,False,"(-3.3976922035217285, -0.004656238481402397, -1.8147997856140137)","(359.9031677246094, 86.26698303222656, 359.76654052734375)",0.462003,-0.057138,"(6.709814, -0.000036, 0.500128)",LeftFalse_RightFalse
8.822388,0.062902,"(-0.6978515982627869, 1.1915467977523804, 13.004960060119629)","(359.10968017578125, 191.7975616455078, 356.8089294433594)","(1.1796821355819702, 0.6851990818977356, 12.84980583190918)","(0.010603684931993484, 192.18434143066406, 0.0022706349845975637)","(-1.0968188047409058, -0.003923856187611818, 13.112686157226562)","(0.010843745432794094, 179.65396118164062, -8.399356011068448e-05)",0.003055,0.010071,"(0.000002, -0.000152, -0.000422)",LeftFalse_RightFalse,False,"(-2.9858622550964355, -0.004658609163016081, -1.7829962968826294)","(359.9030456542969, 85.80889892578125, 359.7767333984375)",0.458506,-0.049696,"(6.718510, -0.000035, 0.544628)",LeftFalse_RightFalse
8.884277,0.062695,"(-0.6974721550941467, 1.1915483474731445, 13.004873275756836)","(359.13153076171875, 191.53756713867188, 356.8019104003906)","(1.1796798706054688, 0.6852129697799683, 12.849739074707031)","(0.006069800816476345, 192.18490600585938, 0.0012948468793183565)","(-1.0968189239501953, -0.003931074403226376, 13.112586975097656)","(0.006206152029335499, 179.654541015625, -5.288154352456331e-05)",0.002749,0.010071,"(0.000001, -0.000079, 0.000189)",LeftFalse_RightFalse,False,"(-2.5699706077575684, -0.0046611325815320015, -1.7482552528381348)","(359.90289306640625, 85.39207458496094, 359.7890625)",0.458615,-0.038919,"(6.726732, -0.000036, 0.584063)",LeftFalse_RightFalse
8.947998,0.062915,"(-0.6968108415603638, 1.1915507316589355, 13.003984451293945)","(359.1985168457031, 191.1121063232422, 356.7853698730469)","(1.1796817779541016, 0.6852231621742249, 12.8496732711792)","(0.0032130444888025522, 192.18447875976562, 0.0006803558790124953)","(-1.0968189239501953, -0.003934191539883614, 13.112468719482422)","(0.003284122096374631, 179.65411376953125, -3.2942356483545154e-05)",0.002474,0.010071,"(0.000002, -0.000025, -0.001420)",LeftFalse_RightFalse,False,"(-2.1405434608459473, -0.004663677886128426, -1.7101136445999146)","(359.9027404785156, 85.01849365234375, 359.80517578125)",0.459483,-0.027489,"(6.735575, -0.000035, 0.614855)",LeftFalse_RightFalse
9.011475,0.063006,"(-0.6959023475646973, 1.1915532350540161, 13.003430366516113)","(359.3160095214844, 190.58779907226562, 356.77777099609375)","(1.1796765327453613, 0.6852301359176636, 12.849513053894043)","(0.0016248952597379684, 192.18557739257812, 0.0003392326761968434)","(-1.0968189239501953, -0.003934632986783981, 13.112333297729492)","(0.001659790868870914, 179.65521240234375, -2.1380012185545638e-05)",0.002227,0.010071,"(0.000003, 0.000005, -0.001391)",LeftFalse_RightFalse,False,"(-1.713335633277893, -0.004666235763579607, -1.6704837083816528)","(359.9025573730469, 84.71537017822266, 359.8250732421875)",0.45852,-0.085784,"(6.745226, -0.000036, 0.637536)",LeftFalse_RightFalse
9.076416,0.063401,"(-0.6956989765167236, 1.1915559768676758, 13.002509117126465)","(359.473388671875, 190.021240234375, 356.74566650390625)","(1.1796848773956299, 0.6852350831031799, 12.849469184875488)","(0.0008179889991879463, 192.18382263183594, 0.00016502865764778107)","(-1.0968186855316162, -0.003933444619178772, 13.11220932006836)","(0.000834309437777847, 179.6534423828125, -1.6370662706322037e-05)",0.002004,0.010071,"(0.000004, 0.000027, -0.001430)",LeftFalse_RightFalse,False,"(-1.2751919031143188, -0.004668355453759432, -1.6247961521148682)","(359.9029235839844, 84.31851959228516, 359.814453125)",0.461005,-0.024366,"(6.742411, -0.000033, 0.759030)",LeftFalse_RightFalse
9.143066,0.064063,"(-0.6941789388656616, 1.1908591985702515, 13.00175952911377)","(359.59710693359375, 189.6873016357422, 356.73388671875)","(1.179682731628418, 0.685238778591156, 12.8493070602417)","(0.0004361450264696032, 192.18443298339844, 8.472913032164797e-05)","(-1.096818447113037, -0.003931472077965736, 13.112066268920898)","(0.0004441391211003065, 179.654052734375, -1.1913788512174506e-05)",0.001804,0.010071,"(0.000006, 0.000032, -0.001258)",LeftFalse_RightFalse,False,"(-0.8250447511672974, -0.004670449532568455, -1.5743904113769531)","(359.9031066894531, 83.88753509521484, 359.818603515625)",0.461926,0.049998,"(6.754900, -0.000031, 0.756950)",LeftFalse_RightFalse
9.205444,0.063723,"(-0.693845272064209, 1.1906440258026123, 13.000748634338379)","(359.7801208496094, 189.13400268554688, 356.71270751953125)","(1.1796855926513672, 0.6852418780326843, 12.849157333374023)","(0.00018140269094146788, 192.1837921142578, 3.4364366001682356e-05)","(-1.096818208694458, -0.003929401747882366, 13.11188793182373)","(0.00018453752272762358, 179.65341186523438, -5.810768470837502e-06)",0.001623,0.010071,"(0.000004, 0.000029, -0.003442)",LeftFalse_RightFalse,False,"(-0.40322643518447876, -0.00467286491766572, -1.5299561023712158)","(359.9031677246094, 83.72795104980469, 359.8693542480469)",0.464182,0.108054,"(6.771258, -0.000019, 0.686224)",LeftFalse_RightFalse
9.266479,0.063172,"(-0.6923097968101501, 1.190565586090088, 12.999985694885254)","(359.9225158691406, 188.4967041015625, 356.6704406738281)","(1.179691195487976, 0.6852433681488037, 12.849050521850586)","(0.00023385495296679437, 192.1825408935547, 4.5198969019111246e-05)","(-1.0968176126480103, -0.003927644807845354, 13.111732482910156)","(0.00023809101548977196, 179.6521759033203, -6.614114681724459e-06)",0.001461,0.010071,"(0.000005, 0.000028, -0.004000)",LeftFalse_RightFalse,False,"(0.010092852637171745, -0.004674453288316727, -1.492150068283081)","(359.90386962890625, 83.9215316772461, 359.9513244628906)",0.477106,0.155835,"(6.785069, -0.000007, 0.583386)",LeftFalse_RightFalse
9.326782,0.062607,"(-0.6904436349868774, 1.1899150609970093, 12.998605728149414)","(0.06496430188417435, 187.85752868652344, 356.6058044433594)","(1.1796972751617432, 0.6852447390556335, 12.848918914794922)","(0.00024278229102492332, 192.1813507080078, 5.020230310037732e-05)","(-1.0968172550201416, -0.0039261202327907085, 13.111553192138672)","(0.0002478912938386202, 179.65098571777344, -3.66681251762202e-06)",0.001315,0.010071,"(0.000007, 0.000024, -0.002397)",LeftFalse_RightFalse,False,"(0.41997355222702026, -0.0046747359447181225, -1.4617633819580078)","(359.90509033203125, 84.46942138671875, 0.04767734184861183)",0.490049,0.205857,"(6.797132, -0.000001, 0.457841)",LeftFalse_RightFalse
9.389282,0.062593,"(-0.6889986991882324, 1.1896485090255737, 12.997811317443848)","(0.21994814276695251, 187.25294494628906, 356.51617431640625)","(1.1797062158584595, 0.6852455139160156, 12.848828315734863)","(0.0003730362222995609, 192.1794891357422, 7.836591976229101e-05)","(-1.096816897392273, -0.0039247432723641396, 13.111391067504883)","(0.0003811529604718089, 179.64910888671875, -4.433535195857985e-06)",0.001183,0.010071,"(0.000009, 0.000019, -0.002419)",LeftFalse_RightFalse,False,"(0.8453401923179626, -0.00467358622699976, -1.4395833015441895)","(359.90667724609375, 85.40763092041016, 0.15898969769477844)",0.50683,0.050414,"(6.805212, -0.000004, 0.295885)",LeftFalse_RightFalse
9.451294,0.062463,"(-0.6871440410614014, 1.1889028549194336, 12.997065544128418)","(0.45095235109329224, 186.30555725097656, 356.33905029296875)","(1.1797130107879639, 0.6852467656135559, 12.848647117614746)","(0.0002677782322280109, 192.1781768798828, 5.976172542432323e-05)","(-1.0968165397644043, -0.003923826850950718, 13.111156463623047)","(0.00027436576783657074, 179.64779663085938, 2.418730673525715e-07)",0.001065,0.010071,"(0.000007, 0.000015, -0.004006)",LeftFalse_RightFalse,False,"(1.267625093460083, -0.004674550145864487, -1.4190175533294678)","(359.9052734375, 86.26910400390625, 0.1855713129043579)",0.47,0.059269,"(6.826140, -0.000039, 0.348205)",LeftFalse_RightFalse
9.512939,0.062312,"(-0.6857881546020508, 1.1886205673217773, 12.996512413024902)","(0.6169633269309998, 185.58164978027344, 356.1702880859375)","(1.1797186136245728, 0.6852473616600037, 12.84847640991211)","(0.0002925586304627359, 192.17686462402344, 6.64374529151246e-05)","(-1.0968161821365356, -0.003923085052520037, 13.110933303833008)","(0.0003000042634084821, 179.646484375, 1.382308596475923e-06)",0.004529,0.010071,"(0.000008, 0.000008, -0.003365)",LeftFalse_RightFalse,False,"(1.6894769668579102, -0.004678226076066494, -1.3984659910202026)","(359.9030456542969, 86.90737915039062, 0.18324816226959229)",0.457807,0.069266,"(6.842391, -0.000069, 0.319760)",LeftFalse_RightFalse
9.573486,0.061941,"(-0.6844639778137207, 1.1878929138183594, 12.99601936340332)","(0.7533681988716125, 184.75387573242188, 356.0087890625)","(1.1797250509262085, 0.6852471232414246, 12.84832763671875)","(0.00044059817446395755, 192.17562866210938, 9.57324227783829e-05)","(-1.0968157052993774, -0.0039226519875228405, 13.110736846923828)","(0.00045087342732585967, 179.645263671875, -2.1387234028225066e-06)",0.021932,0.010071,"(0.000010, 0.000007, -0.003756)",LeftFalse_RightFalse,False,"(2.1036295890808105, -0.0046824198216199875, -1.3813995122909546)","(359.9018859863281, 87.44965362548828, 0.18935108184814453)",0.468164,0.074685,"(6.854774, -0.000068, 0.261161)",LeftFalse_RightFalse
9.636719,0.0622,"(-0.6831927299499512, 1.1875925064086914, 12.995401382446289)","(0.7893738150596619, 184.0421600341797, 355.8086853027344)","(1.1797192096710205, 0.6852481961250305, 12.847943305969238)","(0.0002463564742356539, 192.1770477294922, 5.519423939404078e-05)","(-1.0968148708343506, -0.00392255000770092, 13.110406875610352)","(0.00025246336008422077, 179.64666748046875, 4.3077056943729986e-07)",0.057832,0.010071,"(0.000014, -0.000003, -0.008929)",LeftFalse_RightFalse,False,"(2.537630319595337, -0.004686202388256788, -1.3678009510040283)","(359.9013366699219, 87.99468994140625, 0.20252905786037445)",0.460016,0.079958,"(6.872034, -0.000059, 0.172303)",LeftFalse_RightFalse
9.69873,0.062162,"(-0.6827359199523926, 1.1874854564666748, 12.994587898254395)","(0.7398525476455688, 183.27236938476562, 355.6147155761719)","(1.1797116994857788, 0.6852520704269409, 12.847160339355469)","(-0.0008215365814976394, 192.17892456054688, -0.00016064528608694673)","(-1.0968137979507446, -0.003923076670616865, 13.109685897827148)","(-0.0008368215640075505, 179.6485595703125, 2.1419336917460896e-05)",0.101649,0.010071,"(0.000029, -0.000018, -0.015693)",LeftFalse_RightFalse,False,"(2.9640250205993652, -0.004689436871558428, -1.3588837385177612)","(359.90118408203125, 88.531494140625, 0.21645452082157135)",0.467255,0.084747,"(6.882396, -0.000050, 0.101896)",LeftFalse_RightFalse
9.763306,0.062647,"(-0.6809910535812378, 1.1874452829360962, 12.992741584777832)","(0.7306610345840454, 182.7267303466797, 355.5013122558594)","(1.1797053813934326, 0.6852597594261169, 12.845605850219727)","(-0.00300415582023561, 192.18096923828125, -0.0006105268257670105)","(-1.0968115329742432, -0.00392475351691246, 13.108185768127441)","(-0.0030650582630187273, 179.6505889892578, 5.578828859142959e-05)",0.151639,0.010071,"(0.000052, -0.000040, -0.030714)",LeftFalse_RightFalse,False,"(3.408796548843384, -0.0046920087188482285, -1.3544654846191406)","(359.9013366699219, 89.11135864257812, 0.2306848168373108)",0.469216,0.088527,"(6.892902, -0.000041, 0.029019)",LeftFalse_RightFalse
9.824707,0.062415,"(-0.6796863079071045, 1.1874337196350098, 12.989973068237305)","(0.7929919958114624, 182.32351684570312, 355.5071716308594)","(1.1797151565551758, 0.685270369052887, 12.84312915802002)","(359.993896484375, 192.1797637939453, -0.0012655979953706264)","(-1.0968072414398193, -0.003928052727133036, 13.105623245239258)","(359.9937438964844, 179.64939880371094, 9.178117761621252e-05)",0.199364,0.010071,"(0.000097, -0.000067, -0.053006)",LeftFalse_RightFalse,False,"(3.832899570465088, -0.00469420850276947, -1.354976773262024)","(359.90142822265625, 89.68950653076172, 0.24321378767490387)",0.466457,0.090062,"(6.902972, -0.000037, -0.045216)",LeftFalse_RightFalse
9.885498,0.06207,"(-0.6791819334030151, 1.187431812286377, 12.985945701599121)","(0.9399986267089844, 182.2465057373047, 355.60223388671875)","(1.1797294616699219, 0.6852837204933167, 12.839219093322754)","(359.9898376464844, 192.17832946777344, -0.002119896002113819)","(-1.096799612045288, -0.003932870924472809, 13.101606369018555)","(359.9896240234375, 179.64796447753906, 0.00013340839359443635)",0.251301,0.010071,"(0.000158, -0.000092, -0.080288)",LeftFalse_RightFalse,False,"(4.252113342285156, -0.004696108400821686, -1.3600280284881592)","(359.90155029296875, 90.28233337402344, 0.25372618436813354)",0.465938,0.091331,"(6.911754, -0.000034, -0.118866)",LeftFalse_RightFalse
9.946289,0.061833,"(-0.6789783239364624, 1.1867926120758057, 12.97994613647461)","(1.0998821258544922, 182.2815704345703, 355.7796936035156)","(1.179734706878662, 0.6853011250495911, 12.833166122436523)","(359.9844665527344, 192.17977905273438, -0.0032481348607689142)","(-1.0967881679534912, -0.003939421847462654, 13.095544815063477)","(359.984130859375, 179.64939880371094, 0.00019796988635789603)",0.308201,0.010071,"(0.000226, -0.000121, -0.117366)",LeftFalse_RightFalse,False,"(4.673166751861572, -0.004697925876826048, -1.3696402311325073)","(359.9017028808594, 90.89353942871094, 0.2624410092830658)",0.466431,0.091653,"(6.919486, -0.000034, -0.193114)",LeftFalse_RightFalse
10.007446,0.061686,"(-0.6788876056671143, 1.1865441799163818, 12.971543312072754)","(1.2037603855133057, 182.24996948242188, 355.9150695800781)","(1.179745078086853, 0.6853201985359192, 12.824679374694824)","(359.97845458984375, 192.18125915527344, -0.004519806709140539)","(-1.0967715978622437, -0.003947380930185318, 13.087041854858398)","(359.97796630859375, 179.65089416503906, 0.0002653457340784371)",0.360973,0.010071,"(0.000318, -0.000144, -0.159136)",LeftFalse_RightFalse,False,"(5.0961503982543945, -0.004699713550508022, -1.3838846683502197)","(359.90185546875, 91.51840209960938, 0.2695726752281189)",0.466265,0.09093,"(6.926466, -0.000033, -0.267455)",LeftFalse_RightFalse
10.070923,0.062059,"(-0.6781671047210693, 1.1864465475082397, 12.959541320800781)","(1.241042137145996, 182.14938354492188, 355.9696960449219)","(1.1797575950622559, 0.6853421330451965, 12.8126859664917)","(359.9713439941406, 192.18368530273438, 359.9939880371094)","(-1.0967483520507812, -0.003957211505621672, 13.075057983398438)","(359.9707336425781, 179.65330505371094, 0.0003453533863648772)",0.419015,0.010071,"(0.000417, -0.000165, -0.209624)",LeftFalse_RightFalse,False,"(5.5365400314331055, -0.00470159063115716, -1.4035563468933105)","(359.9019775390625, 92.17401123046875, 0.275187611579895)",0.466863,0.089158,"(6.932673, -0.000031, -0.341205)",LeftFalse_RightFalse
10.133789,0.062201,"(-0.6780216693878174, 1.1864147186279297, 12.943492889404297)","(1.2541439533233643, 181.99623107910156, 356.0401916503906)","(1.1797757148742676, 0.685365617275238, 12.797147750854492)","(359.963623046875, 192.18643188476562, 359.99237060546875)","(-1.0967183113098145, -0.003968229051679373, 13.059534072875977)","(359.96282958984375, 179.65606689453125, 0.00043516355799511075)",0.47594,0.010071,"(0.000526, -0.000182, -0.269284)",LeftFalse_RightFalse,False,"(5.971880912780762, -0.004703331273049116, -1.4277844429016113)","(359.90203857421875, 92.81985473632812, 0.27869391441345215)",0.466126,0.087387,"(6.938339, -0.000029, -0.413685)",LeftFalse_RightFalse
10.197998,0.0626,"(-0.6773101091384888, 1.1864060163497925, 12.922988891601562)","(1.330695629119873, 181.89804077148438, 356.18511962890625)","(1.1797982454299927, 0.6853908896446228, 12.77684497833252)","(359.9552001953125, 192.19000244140625, 359.9906005859375)","(-1.0966798067092896, -0.003980337176471949, 13.03926944732666)","(359.9542236328125, 179.6596221923828, 0.0005363387172110379)",0.527173,0.010071,"(0.000683, -0.000196, -0.358489)",LeftFalse_RightFalse,False,"(6.4175004959106445, -0.004705250728875399, -1.4574803113937378)","(359.90203857421875, 93.47319793701172, 0.28045654296875)",0.457404,0.084543,"(6.944545, -0.000031, -0.509665)",LeftFalse_RightFalse
10.258667,0.062224,"(-0.6763822436332703, 1.1864054203033447, 12.899295806884766)","(1.408460021018982, 181.82003784179688, 356.358154296875)","(1.1798241138458252, 0.6854138970375061, 12.753223419189453)","(359.9473571777344, 192.19412231445312, 359.98895263671875)","(-1.0966360569000244, -0.003992279525846243, 13.015714645385742)","(359.9461975097656, 179.6637420654297, 0.0006319589447230101)",0.573282,0.010071,"(0.000799, -0.000197, -0.432507)",LeftFalse_RightFalse,False,"(6.839223861694336, -0.004707051906734705, -1.4900585412979126)","(359.90216064453125, 94.0821533203125, 0.28071415424346924)",0.464343,0.081231,"(6.946894, -0.000028, -0.579377)",LeftFalse_RightFalse
10.320923,0.062241,"(-0.675979733467102, 1.1864076852798462, 12.870244979858398)","(1.4348193407058716, 181.72805786132812, 356.5018310546875)","(1.1798537969589233, 0.6854369640350342, 12.724047660827637)","(359.93927001953125, 192.19918823242188, 359.9872741699219)","(-1.0965837240219116, -0.004004630260169506, 12.986640930175781)","(359.9379577636719, 179.66880798339844, 0.0007368185324594378)",0.61478,0.010071,"(0.000911, -0.000200, -0.513015)",LeftFalse_RightFalse,False,"(7.272141456604004, -0.004708815366029739, -1.5278791189193726)","(359.9023132324219, 94.69189453125, 0.27903732657432556)",0.465071,0.07591,"(6.949959, -0.000027, -0.646882)",LeftFalse_RightFalse
10.38562,0.062723,"(-0.6751151084899902, 1.1864110231399536, 12.83434009552002)","(1.4996395111083984, 181.49783325195312, 356.7393493652344)","(1.179887294769287, 0.6854603886604309, 12.688056945800781)","(359.9309997558594, 192.20541381835938, 359.98553466796875)","(-1.096522331237793, -0.004017318598926067, 12.950796127319336)","(359.92950439453125, 179.67503356933594, 0.0008523657452315092)",0.652129,0.010071,"(0.001012, -0.000200, -0.599367)",LeftFalse_RightFalse,False,"(7.721536636352539, -0.004710673354566097, -1.5715749263763428)","(359.9023132324219, 95.3006820678711, 0.27464210987091064)",0.463723,0.068997,"(6.953344, -0.000027, -0.709939)",LeftFalse_RightFalse
10.451538,0.063354,"(-0.6740669012069702, 1.1864144802093506, 12.791378021240234)","(1.5619903802871704, 181.31251525878906, 356.9327697753906)","(1.1799236536026, 0.6854825615882874, 12.644999504089355)","(359.92279052734375, 192.2128448486328, 359.9838562011719)","(-1.096453070640564, -0.004030417650938034, 12.907933235168457)","(359.921142578125, 179.68246459960938, 0.000978388823568821)",0.685743,0.010071,"(0.001096, -0.000196, -0.690985)",LeftFalse_RightFalse,False,"(8.179738998413086, -0.004712668713182211, -1.6203622817993164)","(359.9021911621094, 95.8843765258789, 0.2665829658508301)",0.463485,0.061286,"(6.956758, -0.000027, -0.767446)",LeftFalse_RightFalse
10.515747,0.063539,"(-0.673039972782135, 1.186417818069458, 12.742873191833496)","(1.611770510673523, 181.12571716308594, 357.1455383300781)","(1.1799583435058594, 0.6855028867721558, 12.596366882324219)","(359.91510009765625, 192.2212371826172, 359.9822692871094)","(-1.0963807106018066, -0.004042704589664936, 12.859539031982422)","(359.9132995605469, 179.6908416748047, 0.0011081451084464788)",0.715995,0.010071,"(0.001169, -0.000188, -0.819403)",LeftFalse_RightFalse,False,"(8.627066612243652, -0.00471486896276474, -1.6717125177383423)","(359.9020080566406, 96.40729522705078, 0.2550884485244751)",0.453368,0.267755,"(6.961401, -0.000031, -0.837580)",LeftFalse_RightFalse
10.578369,0.063354,"(-0.6726465225219727, 1.1864198446273804, 12.689194679260254)","(1.422305941581726, 181.07382202148438, 357.2723693847656)","(1.1799894571304321, 0.6855199337005615, 12.542400360107422)","(359.9082336425781, 192.2305145263672, 359.9808654785156)","(-1.0963078737258911, -0.004054252989590168, 12.805856704711914)","(359.90625, 179.7001190185547, 0.0012390085030347109)",0.743222,0.010071,"(0.001182, -0.000179, -0.919916)",LeftFalse_RightFalse,False,"(9.060667991638184, -0.004713679198175669, -1.732308030128479)","(359.9060974121094, 97.18455505371094, 0.31687623262405396)",0.569952,0.218493,"(6.873173, 0.000038, -1.145083)",LeftFalse_RightFalse
10.641479,0.063304,"(-0.6724653244018555, 1.186421513557434, 12.62839126586914)","(1.3352605104446411, 181.09201049804688, 357.3610534667969)","(1.1800154447555542, 0.6855350136756897, 12.48122787475586)","(359.9017333984375, 192.2410125732422, 359.9795837402344)","(-1.096234679222107, -0.004065339453518391, 12.74502182006836)","(359.899658203125, 179.71063232421875, 0.0013800644082948565)",0.767726,0.010071,"(0.001154, -0.000176, -1.024284)",LeftFalse_RightFalse,False,"(9.493830680847168, -0.004707204643636942, -1.809368371963501)","(359.91064453125, 98.47596740722656, 0.4150256812572479)",0.534248,0.14664,"(6.860698, 0.000024, -1.304385)",LeftFalse_RightFalse
10.703003,0.062942,"(-0.6723721027374268, 1.18642258644104, 12.562400817871094)","(1.3091356754302979, 181.12774658203125, 357.44512939453125)","(1.1800328493118286, 0.6855477094650269, 12.414825439453125)","(359.8957824707031, 192.2523956298828, 359.9783935546875)","(-1.0961664915084839, -0.004075796343386173, 12.678998947143555)","(359.8935852050781, 179.7220001220703, 0.00152950722258538)",0.78978,0.010071,"(0.001075, -0.000169, -1.132122)",LeftFalse_RightFalse,False,"(9.91611099243164, -0.004706196486949921, -1.8915598392486572)","(359.90863037109375, 99.76311492919922, 0.45033711194992065)",0.46394,0.056637,"(6.874283, -0.000045, -1.376377)",LeftFalse_RightFalse
10.765503,0.062853,"(-0.6723150014877319, 1.1864230632781982, 12.488276481628418)","(1.3090232610702515, 181.12559509277344, 357.4924621582031)","(1.1800380945205688, 0.6855587959289551, 12.340242385864258)","(359.89007568359375, 192.2651824951172, 359.977294921875)","(-1.0961042642593384, -0.0040861861780285835, 12.604852676391602)","(359.88775634765625, 179.73477172851562, 0.001694041071459651)",0.809629,0.010071,"(0.000938, -0.000167, -1.243080)",LeftFalse_RightFalse,False,"(10.346292495727539, -0.004711120389401913, -1.97707998752594)","(359.9050598144531, 100.79161071777344, 0.42034754157066345)",0.463853,-0.036695,"(6.889158, -0.000064, -1.378231)",LeftFalse_RightFalse
10.828979,0.062991,"(-0.6716351509094238, 1.1864230632781982, 12.405269622802734)","(1.3126976490020752, 181.0818328857422, 357.4808654785156)","(1.1800262928009033, 0.6855677962303162, 12.256866455078125)","(359.8846130371094, 192.2794647216797, 359.9762878417969)","(-1.0960524082183838, -0.0040966663509607315, 12.521977424621582)","(359.8822021484375, 179.74905395507812, 0.001874739769846201)",0.827493,0.010071,"(0.000734, -0.000164, -1.356846)",LeftFalse_RightFalse,False,"(10.784917831420898, -0.0047177886590361595, -2.0615122318267822)","(359.9032897949219, 101.34452056884766, 0.3317579925060272)",0.48318,-0.133424,"(6.908819, -0.000031, -1.314568)",LeftFalse_RightFalse
10.893311,0.063261,"(-0.6713870763778687, 1.1864219903945923, 12.313440322875977)","(1.331207275390625, 181.04562377929688, 357.49041748046875)","(1.1799900531768799, 0.6855748295783997, 12.164533615112305)","(359.87939453125, 192.29525756835938, 359.9753112792969)","(-1.0960168838500977, -0.004107197280973196, 12.430208206176758)","(359.8769226074219, 179.76486206054688, 0.0020731224212795496)",0.84357,0.010071,"(0.000454, -0.000162, -1.473134)",LeftFalse_RightFalse,False,"(11.230490684509277, -0.004721624776721001, -2.1397366523742676)","(359.9039611816406, 101.26883697509766, 0.19259707629680634)",0.506184,-0.231128,"(6.931306, 0.000021, -1.183034)",LeftFalse_RightFalse
10.952881,0.062501,"(-0.6713235378265381, 1.1864205598831177, 12.2213134765625)","(1.334457516670227, 181.0443878173828, 357.4783935546875)","(1.179931402206421, 0.6855794191360474, 12.071871757507324)","(359.8748779296875, 192.3111114501953, 359.9745178222656)","(-1.0960044860839844, -0.0041167172603309155, 12.338120460510254)","(359.872314453125, 179.78070068359375, 0.0022712668869644403)",0.85804,0.010071,"(0.000090, -0.000163, -1.591691)",LeftFalse_RightFalse,False,"(11.643510818481445, -0.004720655269920826, -2.2010645866394043)","(359.9068908691406, 100.55180358886719, 0.026473918929696083)",0.546006,-0.319659,"(6.949169, 0.000064, -0.982935)",LeftFalse_RightFalse
11.013916,0.06222,"(-0.6713355779647827, 1.1864182949066162, 12.1193265914917)","(1.3969870805740356, 181.0547637939453, 357.4562072753906)","(1.1798380613327026, 0.6855822205543518, 11.96928596496582)","(359.8704833984375, 192.32864379882812, 359.9737548828125)","(-1.0960179567337036, -0.00412655109539628, 12.236178398132324)","(359.8678894042969, 179.79824829101562, 0.0024910757783800364)",0.871062,0.010071,"(-0.000369, -0.000163, -1.712290)",LeftFalse_RightFalse,False,"(12.068562507629395, -0.0047142719849944115, -2.2494900226593018)","(359.91156005859375, 99.16577911376953, 359.831298828125)",0.594817,-0.401107,"(6.958424, 0.000082, -0.723260)",LeftFalse_RightFalse
11.076416,0.062278,"(-0.6715435981750488, 1.186416506767273, 12.006470680236816)","(1.4786639213562012, 181.09178161621094, 357.42193603515625)","(1.1797038316726685, 0.68558269739151, 11.85640811920166)","(359.86627197265625, 192.3479461669922, 359.97308349609375)","(-1.096065640449524, -0.004136883188039064, 12.124015808105469)","(359.8636169433594, 179.8175506591797, 0.0027351872995495796)",0.882783,0.010071,"(-0.001141, -0.000166, -1.875567)",LeftFalse_RightFalse,False,"(12.503414154052734, -0.004703430458903313, -2.2796783447265625)","(359.9172668457031, 97.10138702392578, 359.61309814453125)",0.666812,-0.467713,"(6.955082, 0.000045, -0.303462)",LeftFalse_RightFalse
11.139893,0.062502,"(-0.6717208623886108, 1.185765027999878, 11.884161949157715)","(1.5141311883926392, 181.1570281982422, 357.4010009765625)","(1.1795170307159424, 0.685580849647522, 11.733631134033203)","(359.8623046875, 192.36892700195312, 359.97247314453125)","(-1.0961568355560303, -0.004147368483245373, 12.002023696899414)","(359.859619140625, 179.83851623535156, 0.002999714342877269)",0.893331,0.010071,"(-0.001854, -0.000166, -1.999677)",LeftFalse_RightFalse,False,"(12.943840026855469, -0.004690688103437424, -2.288200855255127)","(359.921630859375, 94.49037170410156, 359.39520263671875)",0.682701,-0.10187,"(6.937005, -0.000030, 0.069508)",LeftFalse_RightFalse
11.199951,0.062013,"(-0.6719090938568115, 1.1855360269546509, 11.760784149169922)","(1.471318244934082, 181.18727111816406, 357.404052734375)","(1.1792875528335571, 0.6855771541595459, 11.609622955322266)","(359.8587951660156, 192.39010620117188, 359.9719543457031)","(-1.0962902307510376, -0.0041573867201805115, 11.878813743591309)","(359.8560485839844, 179.8596954345703, 0.0032691273372620344)",0.902824,0.010071,"(-0.002692, -0.000171, -2.125315)",LeftFalse_RightFalse,False,"(13.362188339233398, -0.004691095091402531, -2.287754774093628)","(359.9156494140625, 92.21391296386719, 359.3395690917969)",0.515743,-0.108321,"(7.010102, -0.000135, -0.045628)",LeftFalse_RightFalse
11.259766,0.061579,"(-0.6721426844596863, 1.185441255569458, 11.630327224731445)","(1.3991643190383911, 181.2015380859375, 357.3700256347656)","(1.1789987087249756, 0.685571551322937, 11.478446006774902)","(359.8554382324219, 192.4125213623047, 359.9715270996094)","(-1.0964767932891846, -0.004167675971984863, 11.748486518859863)","(359.8526916503906, 179.88211059570312, 0.003557546529918909)",0.911369,0.010071,"(-0.003664, -0.000177, -2.252314)",LeftFalse_RightFalse,False,"(13.782547950744629, -0.004704550839960575, -2.289498805999756)","(359.9049072265625, 90.68840789794922, 359.39178466796875)",0.469944,-0.11458,"(7.040871, -0.000188, 0.020871)",LeftFalse_RightFalse
11.320557,0.06143,"(-0.6724417209625244, 1.1853985786437988, 11.489913940429688)","(1.3863645792007446, 181.25051879882812, 357.3354797363281)","(1.178635835647583, 0.6855640411376953, 11.337239265441895)","(359.8521728515625, 192.4366455078125, 359.9710998535156)","(-1.0967297554016113, -0.004178427625447512, 11.608198165893555)","(359.84942626953125, 179.90623474121094, 0.0038710348308086395)",0.919058,0.010071,"(-0.004781, -0.000180, -2.380520)",LeftFalse_RightFalse,False,"(14.211130142211914, -0.004718038719147444, -2.285614013671875)","(359.8990478515625, 89.50814819335938, 359.4338073730469)",0.516688,-0.118973,"(7.050749, -0.000157, 0.136175)",LeftFalse_RightFalse
11.383057,0.061637,"(-0.6728255748748779, 1.185376524925232, 11.337470054626465)","(1.4359813928604126, 181.33580017089844, 357.3213195800781)","(1.1781806945800781, 0.6855543255805969, 11.183926582336426)","(359.8489685058594, 192.4628143310547, 359.97076416015625)","(-1.0970654487609863, -0.004189829807728529, 11.455886840820312)","(359.8462219238281, 179.9324188232422, 0.004214826039969921)",0.925979,0.010071,"(-0.006050, -0.000185, -2.509788)",LeftFalse_RightFalse,False,"(14.651834487915039, -0.004728039726614952, -2.273677110671997)","(359.8966369628906, 88.48027038574219, 359.4596862792969)",0.515434,-0.118808,"(7.063290, -0.000114, 0.264257)",LeftFalse_RightFalse
11.445801,0.061858,"(-0.6739820241928101, 1.185362696647644, 11.176006317138672)","(1.4088983535766602, 181.43544006347656, 357.3005065917969)","(1.1776270866394043, 0.6855428218841553, 11.021390914916992)","(359.84588623046875, 192.49058532714844, 359.9704284667969)","(-1.0974907875061035, -0.004201448522508144, 11.294416427612305)","(359.8431396484375, 179.96017456054688, 0.004582824185490608)",0.932208,0.010071,"(-0.007482, -0.000193, -2.639988)",LeftFalse_RightFalse,False,"(15.095304489135742, -0.0047352127730846405, -2.2534189224243164)","(359.89532470703125, 87.53143310546875, 359.47821044921875)",0.499176,-0.117075,"(7.074223, -0.000084, 0.387112)",LeftFalse_RightFalse
11.508911,0.062105,"(-0.6748179793357849, 1.1853512525558472, 11.00490951538086)","(1.3426035642623901, 181.49176025390625, 357.24993896484375)","(1.1769638061523438, 0.6855289340019226, 10.849261283874512)","(359.8429260253906, 192.5199737548828, 359.9701843261719)","(-1.0980188846588135, -0.004213976673781872, 11.123418807983398)","(359.8401794433594, 179.98956298828125, 0.004975390154868364)",0.937814,0.010071,"(-0.009086, -0.000201, -2.770997)",LeftFalse_RightFalse,False,"(15.541833877563477, -0.004740359727293253, -2.22521710395813)","(359.8949279785156, 86.62157440185547, 359.49639892578125)",0.495021,-0.112101,"(7.080548, -0.000054, 0.501843)",LeftFalse_RightFalse
11.57019,0.061942,"(-0.6755846738815308, 1.1853410005569458, 10.83030891418457)","(1.3136776685714722, 181.5392608642578, 357.20819091796875)","(1.1762034893035889, 0.6855137348175049, 10.673648834228516)","(359.84014892578125, 192.5499725341797, 359.969970703125)","(-1.0986404418945312, -0.004226215183734894, 10.948963165283203)","(359.8374328613281, 180.01954650878906, 0.005380659364163876)",0.942859,0.010071,"(-0.010872, -0.000205, -2.902702)",LeftFalse_RightFalse,False,"(15.975934982299805, -0.004743879660964012, -2.190913200378418)","(359.8952331542969, 85.77135467529297, 359.5164489746094)",0.490791,-0.106093,"(7.085196, -0.000028, 0.606611)",LeftFalse_RightFalse
11.632446,0.06201,"(-0.6762925386428833, 1.1853282451629639, 10.64502239227295)","(1.3360412120819092, 181.62791442871094, 357.16558837890625)","(1.1753009557724, 0.68549644947052, 10.486677169799805)","(359.83746337890625, 192.58189392089844, 359.9698181152344)","(-1.0993937253952026, -0.004239086993038654, 10.763227462768555)","(359.83477783203125, 180.0514678955078, 0.005814982112497091)",0.9474,0.010071,"(-0.012849, -0.000211, -3.034997)",LeftFalse_RightFalse,False,"(16.417333602905273, -0.004746223799884319, -2.149681806564331)","(359.8958435058594, 84.94398498535156, 359.5391540527344)",0.486014,-0.099424,"(7.088647, -0.000015, 0.703145)",LeftFalse_RightFalse
11.694946,0.062117,"(-0.6772058606147766, 1.185315728187561, 10.449945449829102)","(1.3216830492019653, 181.72076416015625, 357.14959716796875)","(1.174251914024353, 0.6854768395423889, 10.290255546569824)","(359.8348693847656, 192.6154327392578, 359.9697265625)","(-1.1002863645553589, -0.004252625163644552, 10.568106651306152)","(359.83221435546875, 180.0850067138672, 0.006275801919400692)",0.951486,0.010071,"(-0.015026, -0.000220, -3.167784)",LeftFalse_RightFalse,False,"(16.860763549804688, -0.004747861996293068, -2.1023106575012207)","(359.89654541015625, 84.15505981445312, 359.5633850097656)",0.48187,-0.461194,"(7.090925, -0.000005, 0.792516)",LeftFalse_RightFalse
11.758057,0.062313,"(-0.6783093214035034, 1.1853028535842896, 10.244091033935547)","(1.2793594598770142, 181.78602600097656, 357.1372375488281)","(1.1730302572250366, 0.6854552030563354, 10.083148002624512)","(359.83233642578125, 192.65078735351562, 359.96966552734375)","(-1.1013420820236206, -0.004266596864908934, 10.362372398376465)","(359.82977294921875, 180.120361328125, 0.006764132063835859)",0.955164,0.010071,"(-0.018256, -0.000227, -3.345311)",LeftFalse_RightFalse,False,"(17.300861358642578, -0.004736416507512331, -2.034013509750366)","(359.911865234375, 82.75638580322266, 359.44708251953125)",0.807821,-0.401864,"(6.869430, 0.000211, 1.322978)",LeftFalse_RightFalse
11.820801,0.062402,"(-0.6795860528945923, 1.1852892637252808, 10.03053092956543)","(1.2479885816574097, 181.81536865234375, 357.1452331542969)","(1.1716405153274536, 0.6854315996170044, 9.8683500289917)","(359.8299865722656, 192.6874542236328, 359.96966552734375)","(-1.102559208869934, -0.004281052388250828, 10.149002075195312)","(359.82745361328125, 180.15701293945312, 0.007274986244738102)",0.958474,0.010071,"(-0.020935, -0.000236, -3.478695)",LeftFalse_RightFalse,False,"(17.72974395751953, -0.004711355548352003, -1.9412708282470703)","(359.9264831542969, 80.59978485107422, 359.2810363769531)",0.723909,-0.315417,"(6.808532, 0.000168, 1.657545)",LeftFalse_RightFalse
11.88208,0.062171,"(-0.6810135245323181, 1.1852751970291138, 9.81363582611084)","(1.2523561716079712, 181.8499298095703, 357.1985778808594)","(1.1701003313064575, 0.6854066252708435, 9.650221824645996)","(359.8277587890625, 192.72467041015625, 359.9696960449219)","(-1.1039224863052368, -0.004295602906495333, 9.93232536315918)","(359.8252868652344, 180.19424438476562, 0.007795447949320078)",0.961453,0.010071,"(-0.023844, -0.000243, -3.612315)",LeftFalse_RightFalse,False,"(18.146814346313477, -0.0046989149414002895, -1.8339924812316895)","(359.9236145019531, 78.24781036376953, 359.1824951171875)",0.531793,-0.208158,"(6.814682, -0.000055, 1.859531)",LeftFalse_RightFalse
11.944458,0.0622,"(-0.68266361951828, 1.1852601766586304, 9.584362983703613)","(1.2592815160751343, 181.88824462890625, 357.2314758300781)","(1.1683320999145508, 0.6853794455528259, 9.419654846191406)","(359.8255920410156, 192.76402282714844, 359.96978759765625)","(-1.1055035591125488, -0.0043108295649290085, 9.70329475402832)","(359.8232116699219, 180.2335968017578, 0.00835010688751936)",0.964135,0.010071,"(-0.026993, -0.000248, -3.746096)",LeftFalse_RightFalse,False,"(18.57187271118164, -0.0047059678472578526, -1.7154197692871094)","(359.9135437011719, 76.08988952636719, 359.17572021484375)",0.499268,-0.080652,"(6.822921, -0.000170, 1.963880)",LeftFalse_RightFalse
12.005005,0.061886,"(-0.6844749450683594, 1.1852449178695679, 9.352984428405762)","(1.296126127243042, 181.9196014404297, 357.26123046875)","(1.1664011478424072, 0.6853513717651367, 9.18697452545166)","(359.82354736328125, 192.80372619628906, 359.96990966796875)","(-1.1072444915771484, -0.004326002672314644, 9.472166061401367)","(359.82122802734375, 180.27330017089844, 0.008912580087780952)",0.966938,0.010071,"(-0.030390, -0.000255, -3.879968)",LeftFalse_RightFalse,False,"(18.986454010009766, -0.004722060635685921, -1.596964955329895)","(359.9056396484375, 74.52906036376953, 359.25286865234375)",0.507348,0.05836,"(6.844734, -0.000137, 1.978117)",LeftFalse_RightFalse
12.067261,0.061958,"(-0.686562716960907, 1.1852285861968994, 9.106882095336914)","(1.286494493484497, 181.9408416748047, 357.26727294921875)","(1.164184808731079, 0.685321033000946, 8.939491271972656)","(359.8215026855469, 192.84593200683594, 359.9700622558594)","(-1.1092569828033447, -0.004341970197856426, 9.226334571838379)","(359.81927490234375, 180.3155059814453, 0.00951242633163929)",0.969462,0.009705,"(-0.034044, -0.000263, -4.013935)",LeftFalse_RightFalse,False,"(19.41408920288086, -0.004737888928502798, -1.4782626628875732)","(359.9017333984375, 73.69530487060547, 359.4077453613281)",0.523975,0.220245,"(6.881210, -0.000024, 1.889479)",LeftFalse_RightFalse
12.128784,0.061867,"(-0.68885737657547, 1.1852121353149414, 8.855237007141113)","(1.2657169103622437, 181.95718383789062, 357.27154541015625)","(1.1617604494094849, 0.6852934956550598, 8.686450958251953)","(359.819580078125, 192.88858032226562, 359.97015380859375)","(-1.1114734411239624, -0.004358509089797735, 8.974964141845703)","(359.8173828125, 180.35813903808594, 0.010015380568802357)",0.971733,0.007507,"(-0.037643, -0.000271, -4.147950)",LeftFalse_RightFalse,False,"(19.838973999023438, -0.004745821468532085, -1.3713059425354004)","(359.90374755859375, 73.80982208251953, 359.63323974609375)",0.588309,0.378032,"(6.917895, 0.000123, 1.672816)",LeftFalse_RightFalse
12.192139,0.062153,"(-0.6913986206054688, 1.1852000951766968, 8.587451934814453)","(1.2159096002578735, 181.97122192382812, 357.3213195800781)","(1.1590991020202637, 0.6852935552597046, 8.417317390441895)","(359.8177795410156, 192.92984008789062, 359.96954345703125)","(-1.113924264907837, -0.004375875927507877, 8.707444190979004)","(359.8155212402344, 180.39939880371094, 0.009803271852433681)",0.973777,0.003693,"(-0.039697, -0.000279, -4.281958)",LeftFalse_RightFalse,False,"(20.27806854248047, -0.004740453325212002, -1.2790194749832153)","(359.9118347167969, 74.9757308959961, 359.9196472167969)",0.686479,0.513234,"(6.938471, 0.000237, 1.358349)",LeftFalse_RightFalse
12.254028,0.062119,"(-0.6939238905906677, 1.1858465671539307, 8.316629409790039)","(1.1351927518844604, 181.9837188720703, 357.3071594238281)","(1.1564942598342896, 0.685347318649292, 8.145465850830078)","(359.8163757324219, 192.96116638183594, 359.9676208496094)","(-1.1163514852523804, -0.004393318668007851, 8.436813354492188)","(359.813720703125, 180.43072509765625, 0.008225144818425179)",0.976398,0.000671,"(-0.039409, -0.000286, -4.415906)",LeftFalse_RightFalse,False,"(20.708581924438477, -0.004722162149846554, -1.211006999015808)","(359.922607421875, 77.0887222290039, 0.22229349613189697)",0.784043,0.634421,"(6.941733, 0.000263, 0.986470)",LeftFalse_RightFalse
12.319458,0.062766,"(-0.6963649392127991, 1.186108112335205, 8.022468566894531)","(1.055350422859192, 182.044189453125, 357.2821350097656)","(1.1538679599761963, 0.6854397654533386, 7.850008964538574)","(359.81512451171875, 192.98069763183594, 359.9646911621094)","(-1.1188476085662842, -0.004412466660141945, 8.142108917236328)","(359.8118896484375, 180.45025634765625, 0.005636430811136961)",0.978756,0.000275,"(-0.038331, -0.000298, -4.594393)",LeftFalse_RightFalse,False,"(21.161725997924805, -0.004695110488682985, -1.1674227714538574)","(359.93365478515625, 80.17061614990234, 0.5399941205978394)",0.914072,0.733952,"(6.921383, 0.000147, 0.420960)",LeftFalse_RightFalse
12.381714,0.062683,"(-0.6987643837928772, 1.1861923933029175, 7.732612609863281)","(1.0595563650131226, 182.10964965820312, 357.4051513671875)","(1.1514053344726562, 0.6855049729347229, 7.559597492218018)","(359.8138732910156, 192.9907989501953, 359.96246337890625)","(-1.1212360858917236, -0.004431148990988731, 7.852077007293701)","(359.8101806640625, 180.46035766601562, 0.003729570657014847)",0.980879,0.001251,"(-0.038857, -0.000304, -4.728095)",LeftFalse_RightFalse,False,"(21.592330932617188, -0.004669096786528826, -1.1552618741989136)","(359.9411315917969, 83.71021270751953, 0.8264704346656799)",0.934824,0.795468,"(6.886953, -0.000010, -0.046217)",LeftFalse_RightFalse
12.442017,0.062197,"(-0.701169490814209, 1.1862146854400635, 7.4441986083984375)","(1.0997377634048462, 182.1012420654297, 357.581298828125)","(1.1489689350128174, 0.6855292320251465, 7.2708740234375)","(359.8125, 192.99752807617188, 359.96124267578125)","(-1.123626947402954, -0.004449665546417236, 7.563601016998291)","(359.8085632324219, 180.46710205078125, 0.0028463127091526985)",0.98279,0.002716,"(-0.040854, -0.000315, -4.861662)",LeftFalse_RightFalse,False,"(22.005348205566406, -0.0046481420285999775, -1.1727490425109863)","(359.94598388671875, 87.53083801269531, 1.0781038999557495)",0.982479,0.820554,"(6.820197, -0.000150, -0.538396)",LeftFalse_RightFalse
12.505249,0.062401,"(-0.7032299041748047, 1.1862101554870605, 7.132685661315918)","(1.2184101343154907, 181.96060180664062, 357.737060546875)","(1.1462405920028687, 0.6855103373527527, 6.959170341491699)","(359.81085205078125, 193.00650024414062, 359.9610595703125)","(-1.1263118982315063, -0.004469661973416805, 7.252233028411865)","(359.806884765625, 180.47607421875, 0.003018477465957403)",0.984509,0.003845,"(-0.044073, -0.000321, -4.995047)",LeftFalse_RightFalse,False,"(22.433143615722656, -0.004631166812032461, -1.2234195470809937)","(359.95037841796875, 91.84486389160156, 1.3094033002853394)",1.0,0.806544,"(6.722700, -0.000240, -1.045721)",LeftFalse_RightFalse
12.566772,0.062234,"(-0.7060067653656006, 1.18625009059906, 6.820168495178223)","(1.3479740619659424, 181.84307861328125, 357.7526550292969)","(1.1433374881744385, 0.6855179667472839, 6.646901607513428)","(359.80902099609375, 193.02001953125, 359.96160888671875)","(-1.1291568279266357, -0.004433078225702047, 6.9404802322387695)","(359.80523681640625, 180.48956298828125, 0.003948826342821121)",0.986057,0.004089,"(-0.047943, 0.001156, -5.128439)",LeftFalse_RightFalse,False,"(22.842504501342773, -0.004619297105818987, -1.3051810264587402)","(359.9535217285156, 96.26472473144531, 1.5009714365005493)",1.0,0.749634,"(6.599101, -0.000299, -1.559974)",LeftFalse_RightFalse
12.627686,0.061975,"(-0.7090381383895874, 1.1862844228744507, 6.502946376800537)","(1.4699549674987793, 181.82777404785156, 357.6756286621094)","(1.1402136087417603, 0.6855195760726929, 6.329357147216797)","(359.8072814941406, 193.03782653808594, 359.9623107910156)","(-1.1322022676467896, -0.004396776203066111, 6.623623847961426)","(359.8036804199219, 180.50738525390625, 0.005009547807276249)",0.98745,0.004089,"(-0.051476, 0.000188, -5.261458)",LeftFalse_RightFalse,False,"(23.239463806152344, -0.004612703807651997, -1.4178487062454224)","(359.9538879394531, 100.78562927246094, 1.6581206321716309)",1.0,0.649665,"(6.461448, -0.000349, -2.074283)",LeftFalse_RightFalse
12.69165,0.062353,"(-0.7124674916267395, 1.1855956315994263, 6.161837577819824)","(1.5869330167770386, 181.89012145996094, 357.6336669921875)","(1.136699914932251, 0.6854844689369202, 5.987650394439697)","(359.80560302734375, 193.05938720703125, 359.96282958984375)","(-1.1356163024902344, -0.004404510837048292, 6.282753944396973)","(359.8021545410156, 180.5289306640625, 0.0058816056698560715)",0.988703,0.004089,"(-0.054781, -0.000312, -5.394158)",LeftFalse_RightFalse,False,"(23.647132873535156, -0.004615580663084984, -1.567994236946106)","(359.94818115234375, 105.5374526977539, 1.7758710384368896)",0.90517,0.496785,"(6.344957, -0.000414, -2.545367)",LeftFalse_RightFalse
12.752563,0.06208,"(-0.7161140441894531, 1.1853340864181519, 5.827101230621338)","(1.692037582397461, 182.02670288085938, 357.60113525390625)","(1.1331231594085693, 0.6854379177093506, 5.652857303619385)","(359.8040771484375, 193.0815887451172, 359.963134765625)","(-1.1390860080718994, -0.004432798363268375, 5.948824882507324)","(359.8007507324219, 180.5511474609375, 0.006510179955512285)",0.989831,0.004089,"(-0.058121, -0.000534, -5.526499)",LeftFalse_RightFalse,False,"(24.032554626464844, -0.00463871518149972, -1.7356454133987427)","(359.93267822265625, 109.74491882324219, 1.7917996644973755)",0.709448,0.316243,"(6.309569, -0.000434, -2.889283)",LeftFalse_RightFalse
12.812256,0.061589,"(-0.7198030352592468, 1.1852096319198608, 5.492282867431641)","(1.6857540607452393, 182.09385681152344, 357.64923095703125)","(1.1294152736663818, 0.6853891015052795, 5.317549705505371)","(359.8026428222656, 193.10433959960938, 359.96331787109375)","(-1.1426827907562256, -0.004467909224331379, 5.614402770996094)","(359.7994079589844, 180.57388305664062, 0.007019892800599337)",0.990847,0.004089,"(-0.061584, -0.000610, -5.658442)",LeftFalse_RightFalse,False,"(24.40976905822754, -0.00467936135828495, -1.913593053817749)","(359.9142761230469, 113.13815307617188, 1.685786247253418)",0.583,0.109109,"(6.325768, -0.000288, -3.079190)",LeftFalse_RightFalse
12.874634,0.061763,"(-0.7238603830337524, 1.1851332187652588, 5.133406639099121)","(1.5728005170822144, 182.0740966796875, 357.6651306152344)","(1.1253015995025635, 0.6853380799293518, 4.957974433898926)","(359.8011779785156, 193.1289825439453, 359.9635009765625)","(-1.146674633026123, -0.004506388213485479, 5.255788326263428)","(359.7980041503906, 180.59854125976562, 0.00750310393050313)",0.99176,0.004089,"(-0.065197, -0.000615, -5.789946)",LeftFalse_RightFalse,False,"(24.807600021362305, -0.004723686724901199, -2.1050221920013428)","(359.9012756347656, 115.58104705810547, 1.4525936841964722)",0.581019,-0.143464,"(6.372909, 0.000034, -3.113184)",LeftFalse_RightFalse
12.9375,0.061971,"(-0.7280303239822388, 1.185078740119934, 4.764541149139404)","(1.4617801904678345, 182.0330047607422, 357.6968688964844)","(1.1209144592285156, 0.6852887272834778, 4.587701797485352)","(359.79974365234375, 193.15447998046875, 359.9636535644531)","(-1.1509344577789307, -0.004543863702565432, 4.886510848999023)","(359.796630859375, 180.62403869628906, 0.007968426682054996)",0.992583,0.004089,"(-0.070261, -0.000572, -5.964520)",LeftFalse_RightFalse,False,"(25.21216583251953, -0.004752316512167454, -2.291424512863159)","(359.8999328613281, 116.59578704833984, 1.1019926071166992)",0.655068,-0.415642,"(6.465554, 0.000491, -2.933891)",LeftFalse_RightFalse
12.998657,0.061807,"(-0.7324190139770508, 1.1850382089614868, 4.3967742919921875)","(1.434719204902649, 182.05284118652344, 357.73602294921875)","(1.1163944005966187, 0.6852431893348694, 4.218894958496094)","(359.79840087890625, 193.17996215820312, 359.96380615234375)","(-1.1553272008895874, -0.00457786675542593, 4.518698215484619)","(359.79534912109375, 180.64950561523438, 0.008412634953856468)",0.993323,0.004089,"(-0.074246, -0.000534, -6.094827)",LeftFalse_RightFalse,False,"(25.610008239746094, -0.00475416099652648, -2.4622912406921387)","(359.90625, 116.34590911865234, 0.7277438044548035)",0.788523,-0.652406,"(6.530157, 0.000678, -2.649695)",LeftFalse_RightFalse
13.061157,0.061945,"(-0.7371971607208252, 1.1850029230117798, 4.012398719787598)","(1.4525368213653564, 182.09422302246094, 357.7657775878906)","(1.1115093231201172, 0.6851990222930908, 3.833566665649414)","(359.79705810546875, 193.20660400390625, 359.9639892578125)","(-1.1600775718688965, -0.004610216710716486, 4.134410858154297)","(359.7940673828125, 180.6761474609375, 0.008863830007612705)",0.993989,0.004089,"(-0.078391, -0.000500, -6.224597)",LeftFalse_RightFalse,False,"(26.020355224609375, -0.004733478184789419, -2.617156505584717)","(359.9192810058594, 114.85982513427734, 0.31845027208328247)",0.934104,-0.880355,"(6.573997, 0.000699, -2.315598)",LeftFalse_RightFalse
13.123535,0.062028,"(-0.7422512173652649, 1.1849706172943115, 3.6204164028167725)","(1.4675633907318115, 182.1269989013672, 357.78594970703125)","(1.1063591241836548, 0.6851567029953003, 3.4406661987304688)","(359.7957763671875, 193.2337646484375, 359.9641418457031)","(-1.1650906801223755, -0.004640641156584024, 3.7425732612609863)","(359.7928466796875, 180.7033233642578, 0.009310316294431686)",0.994589,0.004089,"(-0.082696, -0.000473, -6.353802)",LeftFalse_RightFalse,False,"(26.43222427368164, -0.004698559641838074, -2.7491564750671387)","(359.9330749511719, 112.40837860107422, 359.9323425292969)",1.0,-1.0,"(6.606900, 0.000564, -1.945331)",LeftFalse_RightFalse
13.187866,0.062489,"(-0.7477681636810303, 1.1849397420883179, 3.207275390625)","(1.4267618656158447, 182.12599182128906, 357.819580078125)","(1.1007453203201294, 0.6851147413253784, 3.026578664779663)","(359.79449462890625, 193.26242065429688, 359.9643249511719)","(-1.170559287071228, -0.004670267924666405, 3.329606533050537)","(359.7916259765625, 180.73196411132812, 0.009769032709300518)",0.995128,0.004089,"(-0.087163, -0.000451, -6.482414)",LeftFalse_RightFalse,False,"(26.85869598388672, -0.00465924758464098, -2.858700752258301)","(359.9456787109375, 109.15320587158203, 359.5696105957031)",1.0,-1.0,"(6.628451, 0.000366, -1.526544)",LeftFalse_RightFalse
13.251953,0.06282,"(-0.753583550453186, 1.1849102973937988, 2.7865772247314453)","(1.3552075624465942, 182.11639404296875, 357.8130187988281)","(1.0948320627212524, 0.6850737929344177, 2.6049251556396484)","(359.7932434082031, 193.2915802001953, 359.96453857421875)","(-1.1763230562210083, -0.004698659293353558, 2.909095048904419)","(359.79046630859375, 180.76112365722656, 0.010226734913885593)",0.995614,0.004089,"(-0.091791, -0.000438, -6.610408)",LeftFalse_RightFalse,False,"(27.28449249267578, -0.004622910637408495, -2.937852144241333)","(359.95623779296875, 105.3989486694336, 359.24658203125)",1.0,-1.0,"(6.635375, 0.000170, -1.066225)",LeftFalse_RightFalse
13.316528,0.063176,"(-0.7597706317901611, 1.1848810911178589, 2.3540101051330566)","(1.3227996826171875, 182.13243103027344, 357.8182373046875)","(1.0885456800460815, 0.6850329041481018, 2.171379566192627)","(359.7920227050781, 193.32154846191406, 359.9647216796875)","(-1.182456135749817, -0.00472664088010788, 2.4767239093780518)","(359.7893371582031, 180.7910919189453, 0.010687803849577904)",0.996051,0.004089,"(-0.098216, -0.000432, -6.780047)",LeftFalse_RightFalse,False,"(27.712589263916016, -0.00459197536110878, -2.9845728874206543)","(359.9650573730469, 101.25359344482422, 358.963623046875)",1.0,-1.0,"(6.609138, -0.000033, -0.409760)",LeftFalse_RightFalse
13.377319,0.062697,"(-0.7659059762954712, 1.1848539113998413, 1.9389187097549438)","(1.3403855562210083, 182.18690490722656, 357.7828674316406)","(1.0823137760162354, 0.6849945187568665, 1.755350947380066)","(359.7909240722656, 193.35032653808594, 359.9649353027344)","(-1.1885392665863037, -0.004752728156745434, 2.0618228912353516)","(359.7882995605469, 180.81985473632812, 0.011121816001832485)",0.996444,0.004089,"(-0.103227, -0.000428, -6.906480)",LeftFalse_RightFalse,False,"(28.11287498474121, -0.004568508826196194, -2.996737241744995)","(359.9727783203125, 97.11022186279297, 358.738037109375)",1.0,-1.0,"(6.552992, -0.000108, 0.101669)",LeftFalse_RightFalse
13.440796,0.062854,"(-0.7726505994796753, 1.1848253011703491, 1.4970287084579468)","(1.317933440208435, 182.257568359375, 357.77899169921875)","(1.0754674673080444, 0.6849541664123535, 1.3124642372131348)","(359.789794921875, 193.38092041015625, 359.96514892578125)","(-1.1952282190322876, -0.004780012182891369, 1.6201369762420654)","(359.7872619628906, 180.8504638671875, 0.011578015051782131)",0.996798,0.004089,"(-0.108404, -0.000429, -7.032220)",LeftFalse_RightFalse,False,"(28.526077270507812, -0.004547616001218557, -2.9757401943206787)","(359.981201171875, 92.59294891357422, 358.5428771972656)",1.0,-1.0,"(6.460145, -0.000118, 0.620627)",LeftFalse_RightFalse
13.502319,0.062591,"(-0.7795251607894897, 1.1847976446151733, 1.0606616735458374)","(1.2502374649047852, 182.28921508789062, 357.76556396484375)","(1.068490982055664, 0.6849147081375122, 0.8751140236854553)","(359.78875732421875, 193.4111328125, 359.9653625488281)","(-1.202047348022461, -0.004806419834494591, 1.1839724779129028)","(359.7862548828125, 180.88067626953125, 0.012024489231407642)",0.997117,0.004089,"(-0.113749, -0.000430, -7.157254)",LeftFalse_RightFalse,False,"(28.919422149658203, -0.004528814926743507, -2.922459602355957)","(359.99005126953125, 88.0687255859375, 358.3889465332031)",1.0,-1.0,"(6.327639, -0.000079, 1.140498)",LeftFalse_RightFalse
13.568481,0.063285,"(-0.7872860431671143, 1.185431718826294, 0.5835071206092834)","(1.1999092102050781, 182.30470275878906, 357.7542419433594)","(1.060618281364441, 0.6848718523979187, 0.3968827426433563)","(359.78765869140625, 193.4441680908203, 359.9656066894531)","(-1.2097476720809937, -0.004834926221519709, 0.7070379257202148)","(359.7852478027344, 180.91371154785156, 0.01250788476318121)",0.997404,0.004089,"(-0.119263, -0.000433, -7.281560)",LeftFalse_RightFalse,False,"(29.330810546875, -0.004508239217102528, -2.829244375228882)","(0.00046007728087715805, 83.08116912841797, 358.2568664550781)",1.0,-1.0,"(6.153929, -0.000013, 1.655319)",LeftFalse_RightFalse
13.634521,0.063841,"(-0.7954540252685547, 1.185626745223999, 0.09734860807657242)","(1.2037577629089355, 182.35243225097656, 357.76409912109375)","(1.0523359775543213, 0.6848284602165222, -0.0903702825307846)","(359.78656005859375, 193.47781372070312, 359.96588134765625)","(-1.2178535461425781, -0.004863758105784655, 0.22110615670681)","(359.78424072265625, 180.94735717773438, 0.012995287775993347)",0.997662,0.004089,"(-0.124949, -0.000438, -7.405121)",LeftFalse_RightFalse,False,"(29.727962493896484, -0.004486260004341602, -2.699551820755005)","(0.011428934521973133, 77.97823333740234, 358.1529846191406)",1.0,-1.0,"(5.938399, 0.000061, 2.159709)",LeftFalse_RightFalse
13.702637,0.064697,"(-0.804327130317688, 1.1856738328933716, -0.4134811758995056)","(1.1829744577407837, 182.42156982421875, 357.7603759765625)","(1.043342113494873, 0.6847830414772034, -0.6023485660552979)","(359.7854919433594, 193.51315307617188, 359.9661560058594)","(-1.226661205291748, -0.004893678240478039, -0.28948378562927246)","(359.78326416015625, 180.98269653320312, 0.01350420992821455)",0.997894,0.004089,"(-0.132797, -0.000443, -7.568674)",LeftFalse_RightFalse,False,"(30.118545532226562, -0.004461965057998896, -2.5277960300445557)","(0.023048900067806244, 72.60903930664062, 358.070068359375)",1.0,-1.0,"(5.586388, 0.000147, 2.807396)",LeftFalse_RightFalse
13.765015,0.064225,"(-0.8128502368927002, 1.1856672763824463, -0.889129638671875)","(1.1590042114257812, 182.50230407714844, 357.7231750488281)","(1.0347063541412354, 0.6847409009933472, -1.0790653228759766)","(359.7845458984375, 193.54603576660156, 359.9664306640625)","(-1.2351231575012207, -0.004921386018395424, -0.764907956123352)","(359.7823791503906, 181.0155792236328, 0.013973761349916458)",0.998103,0.004089,"(-0.138887, -0.000446, -7.690419)",LeftFalse_RightFalse,False,"(30.456531524658203, -0.0044387876987457275, -2.339019298553467)","(0.033318307250738144, 67.61260986328125, 358.0107116699219)",1.0,-0.963295,"(5.275132, 0.000195, 3.268521)",LeftFalse_RightFalse
13.82605,0.063606,"(-0.8215981721878052, 1.1856467723846436, -1.3632261753082275)","(1.1306469440460205, 182.5691375732422, 357.7182312011719)","(1.0258448123931885, 0.6846989989280701, -1.5542259216308594)","(359.78363037109375, 193.5788116455078, 359.9667053222656)","(-1.2438099384307861, -0.004948807414621115, -1.2387802600860596)","(359.78155517578125, 181.04833984375, 0.014438961632549763)",0.998291,0.004089,"(-0.145150, -0.000451, -7.811371)",LeftFalse_RightFalse,False,"(30.767433166503906, -0.004416223615407944, -2.1256675720214844)","(0.04203160107135773, 62.639427185058594, 357.9634094238281)",1.0,-0.76708,"(4.931916, 0.000202, 3.710669)",LeftFalse_RightFalse
13.891113,0.063899,"(-0.8311817049980164, 1.1856162548065186, -1.875414252281189)","(1.1050240993499756, 182.6185302734375, 357.71722412109375)","(1.0159753561019897, 0.6846536993980408, -2.068235397338867)","(359.7826843261719, 193.6142578125, 359.9670104980469)","(-1.25348961353302, -0.0049782805144786835, -1.7513961791992188)","(359.78070068359375, 181.0837860107422, 0.014939793385565281)",0.998461,0.004089,"(-0.151590, -0.000455, -7.931517)",LeftFalse_RightFalse,False,"(31.07813262939453, -0.004401897080242634, -1.8697720766067505)","(0.039937667548656464, 57.40231704711914, 357.939453125)",1.0,-0.550028,"(4.670894, 0.000070, 4.122091)",LeftFalse_RightFalse
13.954956,0.063887,"(-0.841135561466217, 1.185585379600525, -2.386528491973877)","(1.0232716798782349, 182.6361541748047, 357.66436767578125)","(1.0058422088623047, 0.6846088767051697, -2.5807251930236816)","(359.7817687988281, 193.64956665039062, 359.9673156738281)","(-1.2634334564208984, -0.0050074439495801926, -2.2624969482421875)","(359.7798767089844, 181.11911010742188, 0.01543467864394188)",0.998613,0.004089,"(-0.158208, -0.000459, -8.050844)",LeftFalse_RightFalse,False,"(31.373611450195312, -0.0044226567260921, -1.5955626964569092)","(0.013969284482300282, 52.748023986816406, 358.0168762207031)",1.0,-0.349316,"(4.594602, -0.000151, 4.429850)",LeftFalse_RightFalse
14.015869,0.063282,"(-0.8510899543762207, 1.185555100440979, -2.8815383911132812)","(0.9375913739204407, 182.6829071044922, 357.63525390625)","(0.9957480430603027, 0.6845654249191284, -3.076922655105591)","(359.7809143066406, 193.68374633789062, 359.9676208496094)","(-1.2733433246612549, -0.005035586655139923, -2.757349729537964)","(359.77911376953125, 181.15328979492188, 0.015911845490336418)",0.99875,0.002686,"(-0.167308, -0.000463, -8.208647)",LeftFalse_RightFalse,False,"(31.656156539916992, -0.004476393107324839, -1.3192992210388184)","(359.9746398925781, 49.182373046875, 358.2091369628906)",1.0,-0.123926,"(4.617634, -0.000349, 4.720024)",LeftFalse_RightFalse
14.085693,0.064604,"(-0.8630151152610779, 1.1855247020721436, -3.4590814113616943)","(0.9335848689079285, 182.77427673339844, 357.5523986816406)","(0.9836864471435547, 0.6845372319221497, -3.655712366104126)","(359.78009033203125, 193.72108459472656, 359.9674072265625)","(-1.285196304321289, -0.005068098660558462, -3.3346710205078125)","(359.77825927734375, 181.19061279296875, 0.015902366489171982)",0.998874,-0.000153,"(-0.172636, -0.000469, -8.326051)",LeftFalse_RightFalse,False,"(31.98438262939453, -0.0045525990426540375, -0.9887027740478516)","(359.9302062988281, 46.23050308227539, 358.5035400390625)",0.997814,0.408479,"(4.739123, -0.000358, 4.811260)",LeftFalse_RightFalse
14.153931,0.065322,"(-0.8749563097953796, 1.1855071783065796, -4.031538486480713)","(0.8797904253005981, 182.8848876953125, 357.5030212402344)","(0.9716693162918091, 0.6845785975456238, -4.229020118713379)","(359.7796936035156, 193.74693298339844, 359.9655456542969)","(-1.2970479726791382, -0.005100188311189413, -3.9069652557373047)","(359.7774658203125, 181.2164764404297, 0.014149802736938)",0.998985,-0.00235,"(-0.175170, -0.000472, -8.442668)",LeftFalse_RightFalse,False,"(32.31623458862305, -0.004624873399734497, -0.667616069316864)","(359.9041748046875, 44.949729919433594, 358.9112548828125)",1.0,1.0,"(4.917730, -0.000101, 4.668320)",LeftFalse_RightFalse
14.223145,0.066099,"(-0.8879169821739197, 1.185500979423523, -4.6215643882751465)","(0.8056621551513672, 182.94570922851562, 357.4870910644531)","(0.9594323635101318, 0.684686541557312, -4.819494247436523)","(359.7796630859375, 193.75502014160156, 359.9620056152344)","(-1.3091979026794434, -0.005133040249347687, -4.497129917144775)","(359.77667236328125, 181.2245635986328, 0.01069940347224474)",0.999085,-0.002747,"(-0.176873, -0.000477, -8.596845)",LeftFalse_RightFalse,False,"(32.66460037231445, -0.004654496908187866, -0.35946911573410034)","(359.909912109375, 45.39539337158203, 359.37860107421875)",1.0,1.0,"(5.062925, 0.000432, 4.309978)",LeftFalse_RightFalse
14.288086,0.065876,"(-0.8997078537940979, 1.1854958534240723, -5.183878421783447)","(0.774040162563324, 182.9647979736328, 357.490478515625)","(0.9478981494903564, 0.6847897171974182, -5.381687164306641)","(359.7796936035156, 193.7494659423828, 359.9586181640625)","(-1.3207240104675293, -0.005163945723325014, -5.059553146362305)","(359.7759704589844, 181.218994140625, 0.007406491320580244)",0.998394,-0.002747,"(-0.178504, -0.000477, -8.711460)",LeftFalse_RightFalse,False,"(32.9990119934082, -0.0046369582414627075, -0.09139886498451233)","(359.9306640625, 47.03512191772461, 359.791259765625)",1.0,1.0,"(5.178116, 0.000636, 3.998523)",LeftFalse_RightFalse
14.350098,0.065104,"(-0.9109165668487549, 1.1854884624481201, -5.728000640869141)","(0.8199032545089722, 182.95326232910156, 357.4964294433594)","(0.9368298053741455, 0.6848768591880798, -5.925402641296387)","(359.7796936035156, 193.7361297607422, 359.9556884765625)","(-1.3318326473236084, -0.005193636287003756, -5.6038055419921875)","(359.77532958984375, 181.20565795898438, 0.004543335642665625)",0.997771,-0.002747,"(-0.180060, -0.000480, -8.825061)",LeftFalse_RightFalse,False,"(33.32623291015625, -0.004599058069288731, 0.14287416636943817)","(359.9498596191406, 49.480003356933594, 0.15085001289844513)",1.0,1.0,"(5.315091, 0.000605, 3.649856)",LeftFalse_RightFalse
14.413086,0.064674,"(-0.9223202466964722, 1.185478925704956, -6.28767204284668)","(0.831302285194397, 182.88084411621094, 357.4635925292969)","(0.9255402088165283, 0.6849546432495117, -6.484488487243652)","(359.7796630859375, 193.71759033203125, 359.9529724121094)","(-1.3431949615478516, -0.005224027670919895, -6.163633823394775)","(359.77471923828125, 181.18711853027344, 0.0018916311673820019)",0.996821,-0.002747,"(-0.181147, -0.000484, -8.937630)",LeftFalse_RightFalse,False,"(33.667667388916016, -0.004555950406938791, 0.3561595380306244)","(359.96478271484375, 52.63506317138672, 0.4840889573097229)",1.0,1.0,"(5.466553, 0.000430, 3.255205)",LeftFalse_RightFalse
14.477295,0.064589,"(-0.9338263273239136, 1.1854649782180786, -6.865885257720947)","(0.7562076449394226, 182.82327270507812, 357.42767333984375)","(0.9139881134033203, 0.6850266456604004, -7.062627792358398)","(359.7796630859375, 193.69532775878906, 359.95037841796875)","(-1.354841709136963, -0.005255263764411211, -6.74266242980957)","(359.7741394042969, 181.1648712158203, -0.0006415075622498989)",0.995184,-0.002747,"(-0.181688, -0.000485, -9.086055)",LeftFalse_RightFalse,False,"(34.026248931884766, -0.00451688515022397, 0.5451016426086426)","(359.9757385253906, 56.3840446472168, 0.7889828681945801)",1.0,1.0,"(5.666470, 0.000148, 2.668167)",LeftFalse_RightFalse
14.540283,0.064255,"(-0.9451852440834045, 1.1860954761505127, -7.4399189949035645)","(0.6533174514770508, 182.81036376953125, 357.4438171386719)","(0.9026801586151123, 0.6850913166999817, -7.6361212730407715)","(359.7796936035156, 193.6714324951172, 359.947998046875)","(-1.3662543296813965, -0.005285761319100857, -7.317109107971191)","(359.7736511230469, 181.14096069335938, -0.002976267831400037)",0.991367,-0.002747,"(-0.181438, -0.000487, -9.195997)",LeftFalse_RightFalse,False,"(34.38664245605469, -0.00448637455701828, 0.699560284614563)","(359.9837951660156, 60.4437255859375, 1.049088478088379)",1.0,1.0,"(5.798380, -0.000013, 2.191790)",LeftFalse_RightFalse
14.608154,0.064984,"(-0.9574373960494995, 1.186337947845459, -8.067628860473633)","(0.6023417711257935, 182.8013153076172, 357.457763671875)","(0.8905212879180908, 0.6851531267166138, -8.263043403625488)","(359.77978515625, 193.64410400390625, 359.94561767578125)","(-1.3785367012023926, -0.005318637937307358, -7.945119857788086)","(359.7732238769531, 181.1136474609375, -0.005313129164278507)",0.982073,-0.002747,"(-0.180683, -0.000484, -9.304270)",LeftFalse_RightFalse,False,"(34.78408432006836, -0.004461290314793587, 0.8304046392440796)","(359.991455078125, 65.15397644042969, 1.2861136198043823)",1.0,1.0,"(5.904274, -0.000107, 1.691586)",LeftFalse_RightFalse
14.674438,0.065229,"(-0.9693185091018677, 1.1864017248153687, -8.687543869018555)","(0.5735631585121155, 182.74417114257812, 357.438720703125)","(0.8787469863891602, 0.685203492641449, -8.882096290588379)","(359.7801208496094, 193.61642456054688, 359.9435729980469)","(-1.3904404640197754, -0.005350845865905285, -8.56527042388916)","(359.7731018066406, 181.08596801757812, 359.99261474609375)",0.963942,-0.002777,"(-0.179475, -0.000484, -9.409767)",LeftFalse_RightFalse,False,"(35.17774963378906, -0.004441841505467892, 0.9207979440689087)","(-0.0009331212495453656, 70.00577545166016, 1.4760444164276123)",1.0,1.0,"(5.977478, -0.000136, 1.173373)",LeftFalse_RightFalse
14.740112,0.065326,"(-0.9809998869895935, 1.1864100694656372, -9.310389518737793)","(0.515080988407135, 182.70274353027344, 357.4183654785156)","(0.8671748638153076, 0.6852424740791321, -9.504034996032715)","(359.7809753417969, 193.58815002441406, 359.94189453125)","(-1.4021461009979248, -0.005382065661251545, -9.188323974609375)","(359.7735900878906, 181.05767822265625, 359.99078369140625)",0.937468,-0.002777,"(-0.177181, -0.000466, -9.543777)",LeftFalse_RightFalse,False,"(35.571781158447266, -0.004424628335982561, 0.9720897674560547)","(0.007725050672888756, 75.03215789794922, 1.6279691457748413)",-1.0,1.0,"(6.016248, -0.000096, 0.463566)",LeftFalse_RightFalse
14.806152,0.065462,"(-0.992590606212616, 1.1863986253738403, -9.943056106567383)","(0.45299699902534485, 182.67108154296875, 357.4331970214844)","(0.8556956052780151, 0.6852700114250183, -10.135757446289062)","(359.7825622558594, 193.5591278076172, 359.94061279296875)","(-1.413765549659729, -0.005412114784121513, -9.821182250976562)","(359.77484130859375, 181.02865600585938, 359.98919677734375)",0.904657,-0.002777,"(-0.175037, -0.000444, -9.637766)",LeftFalse_RightFalse,False,"(35.95140075683594, -0.004397989716380835, 0.9908167123794556)","(0.06235414370894432, 79.92021942138672, 1.6581623554229736)",-1.0,1.0,"(5.438311, 0.001104, 0.114912)",LeftFalse_RightFalse
14.874023,0.065952,"(-1.0043383836746216, 1.1863781213760376, -10.60078239440918)","(0.4447401165962219, 182.60044860839844, 357.47857666015625)","(0.8440616130828857, 0.6852847337722778, -10.792484283447266)","(359.7853088378906, 193.52877807617188, 359.9397888183594)","(-1.4255478382110596, -0.005441207438707352, -10.479080200195312)","(359.7773742675781, 180.99832153320312, 359.98779296875)",0.858633,-0.002777,"(-0.172529, -0.000412, -9.723640)",LeftFalse_RightFalse,False,"(36.2932014465332, -0.0043097264133393764, 0.9875708818435669)","(0.19140872359275818, 84.18347930908203, 1.546065092086792)",-1.0,1.0,"(4.772470, 0.000842, -0.172972)",LeftFalse_RightFalse
14.942749,0.066521,"(-1.0160157680511475, 1.186353087425232, -11.27334976196289)","(0.5398147106170654, 182.4990997314453, 357.49951171875)","(0.8324997425079346, 0.6852850317955017, -11.464011192321777)","(359.7898254394531, 193.49769592285156, 359.9395446777344)","(-1.4372649192810059, -0.005467572715133429, -11.151786804199219)","(359.7817077636719, 180.9672393798828, 359.9866027832031)",0.796181,-0.002777,"(-0.168635, -0.000351, -9.822862)",LeftFalse_RightFalse,False,"(36.587547302246094, -0.00416223332285881, 0.9646034240722656)","(0.329357385635376, 87.6982192993164, 1.386685848236084)",-1.0,1.0,"(3.916857, 0.003359, -0.484251)",LeftFalse_RightFalse
15.007568,0.066163,"(-1.0261398553848267, 1.1863285303115845, -11.911197662353516)","(0.5811631083488464, 182.41563415527344, 357.551025390625)","(0.8218449354171753, 0.6852743029594421, -12.10070514678955)","(359.7955627441406, 193.4682159423828, 359.9398498535156)","(-1.448067307472229, -0.00548869464546442, -11.789581298828125)","(359.7873840332031, 180.937744140625, 359.98565673828125)",0.71934,-0.002563,"(-0.165304, -0.000293, -9.883155)",LeftFalse_RightFalse,False,"(36.81949234008789, -0.003942139446735382, 0.928795337677002)","(0.43856942653656006, 90.34947967529297, 1.2240725755691528)",-1.0,1.0,"(3.281463, 0.003886, -0.645608)",LeftFalse_RightFalse
15.074463,0.066303,"(-1.0367741584777832, 1.18630051612854, -12.573701858520508)","(0.6253429055213928, 182.3648681640625, 357.6059265136719)","(0.8110847473144531, 0.6852455735206604, -12.762110710144043)","(359.8038635253906, 193.4381103515625, 359.94097900390625)","(-1.4589803218841553, -0.005505418870598078, -12.452078819274902)","(359.79571533203125, 180.9076385498047, 359.9849548339844)",0.647406,-0.00174,"(-0.161833, -0.000213, -9.925559)",LeftFalse_RightFalse,False,"(37.01321792602539, -0.003702714340761304, 0.8829737305641174)","(0.5253778100013733, 92.6463851928711, 1.0442794561386108)",-1.0,1.0,"(2.646433, 0.003752, -0.737525)",LeftFalse_RightFalse
15.138306,0.065824,"(-1.0468659400939941, 1.1862703561782837, -13.209188461303711)","(0.6572266817092896, 182.3468780517578, 357.6920166015625)","(0.8010070323944092, 0.6851873993873596, -13.396646499633789)","(359.8142395019531, 193.4120330810547, 359.9432373046875)","(-1.4691963195800781, -0.005514925345778465, -13.087518692016602)","(359.80633544921875, 180.881591796875, 359.9848937988281)",0.582665,-0.001129,"(-0.157853, -0.000082, -9.957832)",LeftFalse_RightFalse,False,"(37.15451431274414, -0.0034982673823833466, 0.8356700539588928)","(0.5834318399429321, 94.54820251464844, 0.8672557473182678)",-1.0,1.0,"(1.840960, 0.003038, -0.748167)",LeftFalse_RightFalse
15.20459,0.065914,"(-1.057167410850525, 1.18623948097229, -13.869441032409668)","(0.6234983205795288, 182.2919921875, 357.7125244140625)","(0.7907513380050659, 0.6851093173027039, -14.056039810180664)","(359.82623291015625, 193.3889617919922, 359.9463195800781)","(-1.4795786142349243, -0.005518126301467419, -13.747676849365234)","(359.8187255859375, 180.85853576660156, 359.98529052734375)",0.524399,-0.00058,"(-0.155050, 0.000007, -9.967024)",LeftFalse_RightFalse,False,"(37.26045227050781, -0.003332950174808502, 0.7900223731994629)","(0.6151754260063171, 96.14092254638672, 0.6669465899467468)",-1.0,1.0,"(1.308995, 0.002285, -0.648012)",LeftFalse_RightFalse
15.268188,0.065443,"(-1.0668845176696777, 1.186850905418396, -14.502893447875977)","(0.6211658120155334, 182.24008178710938, 357.64617919921875)","(0.7810765504837036, 0.6850179433822632, -14.688819885253906)","(359.83868408203125, 193.37159729003906, 359.9499206542969)","(-1.4893544912338257, -0.005515162833034992, -14.380988121032715)","(359.8316345214844, 180.8411865234375, 359.9861145019531)",0.471959,-0.000549,"(-0.152476, 0.000092, -9.962238)",LeftFalse_RightFalse,False,"(37.32747268676758, -0.003225181717425585, 0.7554412484169006)","(0.6220380663871765, 97.22492980957031, 0.46182313561439514)",-0.713137,1.0,"(0.821994, 0.001509, -0.479941)",LeftFalse_RightFalse
15.333008,0.065332,"(-1.0766268968582153, 1.1870626211166382, -15.148807525634766)","(0.6480315327644348, 182.35252380371094, 357.54193115234375)","(0.7713682651519775, 0.6849212646484375, -15.334177017211914)","(359.8518981933594, 193.3580780029297, 359.953857421875)","(-1.499145269393921, -0.005506578832864761, -15.026714324951172)","(359.8454284667969, 180.82766723632812, 359.9870910644531)",0.424763,-0.000549,"(-0.149621, 0.000168, -9.945028)",LeftFalse_RightFalse,False,"(37.367469787597656, -0.0031687559094280005, 0.7314555644989014)","(0.6000911593437195, 97.94147491455078, 0.26761093735694885)",-0.401386,1.0,"(0.470950, 0.000638, -0.317882)",LeftFalse_RightFalse
15.396729,0.065016,"(-1.086008071899414, 1.187123417854309, -15.781792640686035)","(0.6125370264053345, 182.3968505859375, 357.4878234863281)","(0.7620124816894531, 0.6848304867744446, -15.966703414916992)","(359.8650207519531, 193.34754943847656, 359.957763671875)","(-1.50856614112854, -0.005493289791047573, -15.659493446350098)","(359.85906982421875, 180.81712341308594, 359.9880676269531)",0.382287,-0.000549,"(-0.145799, 0.000251, -9.906858)",LeftFalse_RightFalse,False,"(37.3885498046875, -0.0031746840104460716, 0.7171961069107056)","(0.5440238118171692, 98.3879623413086, 0.11839515715837479)",-0.072894,1.0,"(0.098916, -0.000611, -0.142259)",LeftFalse_RightFalse
15.460571,0.064759,"(-1.0951993465423584, 1.1871366500854492, -16.412353515625)","(0.5502566695213318, 182.30824279785156, 357.40283203125)","(0.7528423070907593, 0.6847470998764038, -16.59686851501465)","(359.8773193359375, 193.33876037597656, 359.9615173339844)","(-1.51779305934906, -0.005476529244333506, -16.289852142333984)","(359.8719177246094, 180.80836486816406, 359.9890441894531)",0.344058,-0.000549,"(-0.143077, 0.000294, -9.868944)",LeftFalse_RightFalse,False,"(37.39338684082031, -0.0032307086512446404, 0.7104853391647339)","(0.4764471650123596, 98.72872924804688, 0.01435544528067112)",-0.126101,1.0,"(-0.009597, -0.001238, -0.069400)",LeftFalse_RightFalse
15.526855,0.065087,"(-1.1045869588851929, 1.1871354579925537, -17.06629180908203)","(0.5504347085952759, 182.2416534423828, 357.3163757324219)","(0.7434723377227783, 0.6846669316291809, -17.25044059753418)","(359.889404296875, 193.33082580566406, 359.9652404785156)","(-1.5272150039672852, -0.00545602198690176, -16.943586349487305)","(359.8844909667969, 180.80043029785156, 359.99005126953125)",0.309652,-0.000549,"(-0.140489, 0.000327, -9.822387)",LeftFalse_RightFalse,False,"(37.39365005493164, -0.0033313967287540436, 0.7096238136291504)","(0.3820391595363617, 98.73191833496094, 359.93865966796875)",-0.189854,1.0,"(-0.004019, -0.001730, -0.000892)",LeftFalse_RightFalse
15.589111,0.06451,"(-1.1136800050735474, 1.1871287822723389, -17.67477035522461)","(0.5295248627662659, 182.26406860351562, 357.22039794921875)","(0.7348587512969971, 0.6845977902412415, -17.85941505432129)","(359.9000549316406, 193.32412719726562, 359.9685363769531)","(-1.535874366760254, -0.005434914026409388, -17.552692413330078)","(359.8956298828125, 180.79371643066406, 359.990966796875)",0.231064,-0.000549,"(-0.138026, 0.000354, -9.768215)",LeftFalse_RightFalse,False,"(37.39399719238281, -0.0034541436471045017, 0.7096298933029175)","(0.28883951902389526, 98.73172760009766, 359.9249267578125)",-0.368708,1.0,"(-0.003476, -0.002031, 0.000775)",LeftFalse_RightFalse
15.651367,0.064065,"(-1.1223385334014893, 1.187123417854309, -18.280508041381836)","(0.4442519247531891, 182.30502319335938, 357.2051086425781)","(0.7263892889022827, 0.684531569480896, -18.465158462524414)","(359.91094970703125, 193.31787109375, 359.97186279296875)","(-1.5443857908248901, -0.005411531310528517, -18.158546447753906)","(359.906982421875, 180.78749084472656, 359.9918518066406)",0.179392,-0.000519,"(-0.135542, 0.000397, -9.697752)",LeftFalse_RightFalse,False,"(37.394283294677734, -0.0035822871141135693, 0.7095704674720764)","(0.2077425867319107, 98.73186492919922, 359.93316650390625)",-0.369112,1.0,"(-0.002833, -0.001982, 0.001156)",LeftFalse_RightFalse
15.71814,0.064598,"(-1.131996512413025, 1.1871188879013062, -18.92384147644043)","(0.42469605803489685, 182.40509033203125, 357.1876220703125)","(0.7174910306930542, 0.6844615936279297, -19.108457565307617)","(359.9236755371094, 193.31161499023438, 359.9756164550781)","(-1.5533264875411987, -0.0053826794028282166, -18.80193328857422)","(359.9201965332031, 180.78123474121094, 359.99273681640625)",0.138441,-0.000519,"(-0.132265, 0.000476, -9.584326)",LeftFalse_RightFalse,False,"(37.39452362060547, -0.0037049674428999424, 0.7094920873641968)","(0.1395246833562851, 98.73206329345703, 359.947998046875)",-0.3674,1.0,"(-0.001992, -0.001601, 0.001006)",LeftFalse_RightFalse
15.782959,0.064645,"(-1.1407229900360107, 1.1871193647384644, -19.54265022277832)","(0.5538402795791626, 182.44342041015625, 357.2082214355469)","(0.7090182304382324, 0.684400737285614, -19.72705841064453)","(359.9362487792969, 193.30589294433594, 359.97918701171875)","(-1.5618367195129395, -0.005350158549845219, -19.420604705810547)","(359.9332275390625, 180.7755126953125, 359.9935302734375)",0.099998,-0.000519,"(-0.129816, 0.000533, -9.489302)",LeftFalse_RightFalse,False,"(37.394691467285156, -0.0037990910932421684, 0.7094243764877319)","(0.09118615835905075, 98.73221588134766, 359.96160888671875)",-0.36682,1.0,"(-0.001454, -0.001224, 0.000783)",LeftFalse_RightFalse
15.844238,0.063966,"(-1.1486647129058838, 1.1871240139007568, -20.121002197265625)","(0.62568598985672, 182.39662170410156, 357.1749572753906)","(0.7011692523956299, 0.6843510866165161, -20.305166244506836)","(359.94793701171875, 193.30068969726562, 359.9824523925781)","(-1.5697193145751953, -0.005316125229001045, -19.99877166748047)","(359.94537353515625, 180.7703094482422, 359.9941711425781)",0.06778,-0.000519,"(-0.127359, 0.000582, -9.386159)",LeftFalse_RightFalse,False,"(37.394798278808594, -0.0038636159151792526, 0.7093735933303833)","(0.058926716446876526, 98.73231506347656, 359.9720153808594)",-0.366155,1.0,"(-0.001020, -0.000861, 0.000578)",LeftFalse_RightFalse
15.908569,0.064035,"(-1.1567890644073486, 1.187133550643921, -20.721176147460938)","(0.5839297771453857, 182.33311462402344, 357.1056823730469)","(0.6930910348892212, 0.6843081712722778, -20.90507698059082)","(359.9596252441406, 193.29542541503906, 359.9856262207031)","(-1.5778309106826782, -0.005277735181152821, -20.598745346069336)","(359.9574890136719, 180.76504516601562, -0.0052646794356405735)",0.021709,-0.000519,"(-0.124910, 0.000613, -9.277082)",LeftFalse_RightFalse,False,"(37.394874572753906, -0.003908513113856316, 0.7093340158462524)","(0.03591594472527504, 98.73239135742188, 359.98028564453125)",-0.36584,1.0,"(-0.000691, -0.000554, 0.000413)",LeftFalse_RightFalse
15.96875,0.063275,"(-1.1642258167266846, 1.1871461868286133, -21.276216506958008)","(0.5727386474609375, 182.3548583984375, 357.084228515625)","(0.6856775283813477, 0.6842764019966125, -21.459871292114258)","(359.9699401855469, 193.29061889648438, 359.9884033203125)","(-1.5852737426757812, -0.005239897407591343, -21.153602600097656)","(359.9681396484375, 180.76023864746094, -0.00480413855984807)",-0.014583,-0.000519,"(-0.122446, 0.000638, -9.161361)",LeftFalse_RightFalse,False,"(37.39492416381836, -0.003933621570467949, 0.7093075513839722)","(0.021791864186525345, 98.7324447631836, 359.9859313964844)",-0.365565,1.0,"(-0.000451, -0.000315, 0.000290)",LeftFalse_RightFalse
16.031372,0.063142,"(-1.1717915534973145, 1.187162160873413, -21.845443725585938)","(0.5744248032569885, 182.39749145507812, 357.1357421875)","(0.6781290769577026, 0.6842495203018188, -22.02884864807129)","(359.98028564453125, 193.2857208251953, 359.9911193847656)","(-1.5928508043289185, -0.0051991017535328865, -21.722644805908203)","(359.9788513183594, 180.75534057617188, -0.004399078898131847)",-0.04923,-0.000519,"(-0.119928, 0.000664, -9.036776)",LeftFalse_RightFalse,False,"(37.39495086669922, -0.003946961835026741, 0.7092880606651306)","(0.012426285073161125, 98.73247528076172, 359.9901428222656)",-0.365489,1.0,"(-0.000284, -0.000145, 0.000200)",LeftFalse_RightFalse
16.095825,0.063417,"(-1.179408311843872, 1.1871798038482666, -22.42292022705078)","(0.5753997564315796, 182.39402770996094, 357.2382507324219)","(0.670528769493103, 0.684223473072052, -22.606063842773438)","(359.9916076660156, 193.28079223632812, 359.9939880371094)","(-1.6004806756973267, -0.005154887679964304, -22.299915313720703)","(359.9905090332031, 180.7504119873047, -0.004047084134072065)",-0.06256,-0.000519,"(-0.116391, 0.000717, -8.850682)",LeftFalse_RightFalse,False,"(37.39497375488281, -0.00395158538594842, 0.7092739343643188)","(0.006606000941246748, 98.73249053955078, 359.99322509765625)",-0.365333,1.0,"(-0.000150, -0.000009, 0.000105)",LeftFalse_RightFalse
16.161621,0.063888,"(-1.1869815587997437, 1.1872011423110962, -23.00139617919922)","(0.5385921001434326, 182.33364868164062, 357.2832336425781)","(0.6629705429077148, 0.6842019557952881, -23.184276580810547)","(0.0032064917031675577, 193.27586364746094, -0.0031261544208973646)","(-1.6080667972564697, -0.0051068891771137714, -22.8781795501709)","(0.0024518752470612526, 180.74549865722656, -0.0037473642732948065)",-0.074557,-0.000519,"(-0.113724, 0.000748, -8.705776)",LeftFalse_RightFalse,False,"(37.39498519897461, -0.003950575366616249, 0.709263801574707)","(0.00327297137118876, 98.73249053955078, -0.00464460626244545)",-0.365498,1.0,"(-0.000086, 0.000044, 0.000071)",LeftFalse_RightFalse
16.227539,0.06429,"(-1.1943769454956055, 1.1872262954711914, -23.570383071899414)","(0.5331059098243713, 182.27584838867188, 357.3054504394531)","(0.6555898189544678, 0.6841879487037659, -23.753009796142578)","(0.014113360084593296, 193.27102661132812, -0.00044507335405796766)","(-1.6154744625091553, -0.005056731402873993, -23.44696807861328)","(0.013680633157491684, 180.74066162109375, -0.0034964662045240402)",-0.101223,-0.000519,"(-0.111046, 0.000769, -8.556732)",LeftFalse_RightFalse,False,"(37.39499282836914, -0.003946708980947733, 0.7092571258544922)","(0.0015018043341115117, 98.73249053955078, -0.003168233437463641)",-0.365542,1.0,"(-0.000046, 0.000069, 0.000047)",LeftFalse_RightFalse
16.292358,0.064389,"(-1.2014572620391846, 1.1872528791427612, -24.11894416809082)","(0.5798232555389404, 182.3120880126953, 357.25067138671875)","(0.6485236883163452, 0.6841779351234436, -24.30132484436035)","(0.024566883221268654, 193.26637268066406, 0.0020945731084793806)","(-1.6225663423538208, -0.005006411112844944, -23.995338439941406)","(0.024436164647340775, 180.7360076904297, -0.0032852785661816597)",-0.130792,-0.000519,"(-0.108277, 0.000787, -8.397314)",LeftFalse_RightFalse,False,"(37.394996643066406, -0.003941957373172045, 0.7092527747154236)","(0.000661918253172189, 98.73249053955078, -0.0021716728806495667)",-0.36556,1.0,"(-0.000022, 0.000075, 0.000031)",LeftFalse_RightFalse
16.35791,0.064623,"(-1.2084195613861084, 1.1872806549072266, -24.662137985229492)","(0.6131016612052917, 182.36463928222656, 357.191162109375)","(0.6415756940841675, 0.6841674447059631, -24.844268798828125)","(0.03586415573954582, 193.2617645263672, 0.004795393440872431)","(-1.6295393705368042, -0.004953437484800816, -24.538326263427734)","(0.036050304770469666, 180.73138427734375, -0.003099811729043722)",-0.143504,-0.000519,"(-0.104433, 0.000833, -8.168075)",LeftFalse_RightFalse,False,"(37.394996643066406, -0.003937178291380405, 0.7092499732971191)","(0.0003219809150323272, 98.73249053955078, -0.0014783561928197742)",-0.365552,1.0,"(-0.000004, 0.000069, 0.000019)",LeftFalse_RightFalse
16.419678,0.06406,"(-1.2146492004394531, 1.1873096227645874, -25.162199020385742)","(0.5940913558006287, 182.3789520263672, 357.2130126953125)","(0.6352142095565796, 0.6841610074043274, -25.344711303710938)","(0.046404942870140076, 193.25750732421875, 0.007296313066035509)","(-1.6359235048294067, -0.00490132812410593, -25.038806915283203)","(0.046882614493370056, 180.72714233398438, -0.002945361891761422)",-0.147408,-0.000519,"(-0.101543, 0.000853, -7.991893)",LeftFalse_RightFalse,False,"(37.394996643066406, -0.0039331973530352116, 0.7092482447624207)","(0.00024359907547477633, 98.73249053955078, -0.0010294830426573753)",-0.365534,1.0,"(0.000001, 0.000059, 0.000013)",LeftFalse_RightFalse
16.481323,0.063582,"(-1.2207720279693604, 1.1880086660385132, -25.650314331054688)","(0.5441892743110657, 182.3005828857422, 357.28582763671875)","(0.6290493011474609, 0.6841604113578796, -25.832839965820312)","(0.05602223426103592, 193.2533721923828, 0.009576402604579926)","(-1.6421105861663818, -0.004848587326705456, -25.526981353759766)","(0.05676550790667534, 180.7229766845703, -0.0028061221819370985)",-0.154492,-0.000519,"(-0.098690, 0.000855, -7.815585)",LeftFalse_RightFalse,False,"(37.394996643066406, -0.0039298958145082, 0.7092470526695251)","(0.00027569138910621405, 98.73249053955078, -0.0007116044871509075)",-0.365527,1.0,"(0.000003, 0.000047, 0.000009)",LeftFalse_RightFalse
16.543701,0.063334,"(-1.226812720298767, 1.1883015632629395, -26.132476806640625)","(0.5508112907409668, 182.23605346679688, 357.2857360839844)","(0.6230001449584961, 0.6841667294502258, -26.31488609313965)","(0.06436676532030106, 193.24928283691406, 0.01156389620155096)","(-1.6481821537017822, -0.004795682150870562, -26.00908660888672)","(0.0653425008058548, 180.71888732910156, -0.0026763773057609797)",-0.160867,-0.000519,"(-0.095862, 0.000836, -7.638241)",LeftFalse_RightFalse,False,"(37.394996643066406, -0.003927326295524836, 0.7092462182044983)","(0.00035110421595163643, 98.73249053955078, -0.0004922719672322273)",-0.365507,1.0,"(0.000004, 0.000034, 0.000006)",LeftFalse_RightFalse
16.608398,0.063608,"(-1.2329044342041016, 1.1884397268295288, -26.620820999145508)","(0.5606428384780884, 182.22854614257812, 357.29071044921875)","(0.6169133186340332, 0.6841787695884705, -26.80306625366211)","(0.07167856395244598, 193.2451171875, 0.013319592922925949)","(-1.6542918682098389, -0.00474218325689435, -26.497339248657227)","(0.07286105304956436, 180.71475219726562, -0.0025488503742963076)",-0.162638,-0.000519,"(-0.093063, 0.000812, -7.460014)",LeftFalse_RightFalse,False,"(37.39499282836914, -0.003925385884940624, 0.7092456817626953)","(0.00043727524462156, 98.73249053955078, -0.0003355850640218705)",-0.365503,1.0,"(0.000003, 0.000027, 0.000004)",LeftFalse_RightFalse
16.668579,0.06291,"(-1.238396167755127, 1.1885082721710205, -27.06346321105957)","(0.6032678484916687, 182.26730346679688, 357.27392578125)","(0.611430287361145, 0.6841946840286255, -27.245548248291016)","(0.07725144922733307, 193.24136352539062, 0.014673604629933834)","(-1.6597954034805298, -0.004694073926657438, -26.93990135192871)","(0.07859496027231216, 180.7109832763672, -0.0024361680261790752)",-0.167802,-0.000519,"(-0.090317, 0.000786, -7.283000)",LeftFalse_RightFalse,False,"(37.39499282836914, -0.003924071788787842, 0.7092452645301819)","(0.000508736411575228, 98.73249053955078, -0.00023547357704956084)",-0.365496,1.0,"(0.000003, 0.000018, 0.000003)",LeftFalse_RightFalse
16.7323,0.06309,"(-1.2440481185913086, 1.188560128211975, -27.521636962890625)","(0.584748387336731, 182.28953552246094, 357.2283935546875)","(0.6057891845703125, 0.6842149496078491, -27.70355796813965)","(0.0820562019944191, 193.23748779296875, 0.015860263258218765)","(-1.6654579639434814, -0.004645244218409061, -27.398006439208984)","(0.08354268968105316, 180.70709228515625, -0.002320196945220232)",-0.180384,-0.000519,"(-0.087609, 0.000751, -7.105913)",LeftFalse_RightFalse,False,"(37.39499282836914, -0.0039230710826814175, 0.7092450857162476)","(0.0005696902517229319, 98.73249053955078, -0.00016205114661715925)",-0.365495,1.0,"(0.000002, 0.000015, 0.000002)",LeftFalse_RightFalse
16.794556,0.062924,"(-1.2493863105773926, 1.188601016998291, -27.956972122192383)","(0.538295567035675, 182.2950897216797, 357.23175048828125)","(0.6004619598388672, 0.6842349767684937, -28.138736724853516)","(0.08633998036384583, 193.23379516601562, 0.016923915594816208)","(-1.6708056926727295, -0.004599428735673428, -27.83327865600586)","(0.08795524388551712, 180.70339965820312, -0.002211284125223756)",-0.196469,-0.000519,"(-0.084895, 0.000727, -6.925255)",LeftFalse_RightFalse,False,"(37.39499282836914, -0.003922379110008478, 0.7092449069023132)","(0.0006134940776973963, 98.73249053955078, -0.0001131817843997851)",-0.365491,1.0,"(0.000002, 0.000010, 0.000001)",LeftFalse_RightFalse
16.859619,0.063343,"(-1.2547714710235596, 1.1886385679244995, -28.39876365661621)","(0.48306193947792053, 182.31092834472656, 357.2199401855469)","(0.5950883626937866, 0.6842532157897949, -28.580364227294922)","(0.09119706600904465, 193.2300567626953, 0.01811717264354229)","(-1.676200032234192, -0.004552588798105717, -28.274993896484375)","(0.09295552968978882, 180.6996612548828, -0.0021002297289669514)",-0.231972,-0.000519,"(-0.081248, 0.000718, -6.677366)",LeftFalse_RightFalse,False,"(37.39499282836914, -0.003921966068446636, 0.7092447280883789)","(0.000646181229967624, 98.73249053955078, -7.830697722965851e-05)",-0.365486,1.0,"(0.000001, 0.000005, 0.000001)",LeftFalse_RightFalse
16.921997,0.063143,"(-1.2597519159317017, 1.1886717081069946, -28.809778213500977)","(0.499625563621521, 182.3384552001953, 357.22088623046875)","(0.5901181697845459, 0.6842659115791321, -28.991214752197266)","(0.09689054638147354, 193.22657775878906, 0.01949048787355423)","(-1.6811888217926025, -0.004507360048592091, -28.6859130859375)","(0.09881135076284409, 180.69618225097656, -0.001994870603084564)",-0.259164,-0.000519,"(-0.078390, 0.000737, -6.477684)",LeftFalse_RightFalse,False,"(37.39499282836914, -0.003921756520867348, 0.7092446088790894)","(0.0006667929701507092, 98.73249053955078, -5.4439038649434224e-05)",-0.365485,1.0,"(0.000001, 0.000002, 0.000000)",LeftFalse_RightFalse
16.982666,0.062645,"(-1.2642786502838135, 1.188701868057251, -29.19638442993164)","(0.48839861154556274, 182.35592651367188, 357.2303161621094)","(0.5854620933532715, 0.6842700242996216, -29.37824058532715)","(0.10441651195287704, 193.2233123779297, 0.021268539130687714)","(-1.6858623027801514, -0.0044616698287427425, -29.072975158691406)","(0.10654379427433014, 180.69290161132812, -0.0018919860012829304)",-0.305869,-0.000519,"(-0.075434, 0.000777, -6.266666)",LeftFalse_RightFalse,False,"(37.39499282836914, -0.003921646624803543, 0.7092444896697998)","(0.000680235680192709, 98.73249053955078, -3.876819755532779e-05)",-0.365487,1.0,"(0.000000, 0.000001, 0.000000)",LeftFalse_RightFalse
17.046143,0.062826,"(-1.2689108848571777, 1.1887303590774536, -29.587411880493164)","(0.4717874228954315, 182.3533477783203, 357.2344970703125)","(0.5807827711105347, 0.6842644214630127, -29.769311904907227)","(0.11497510969638824, 193.22000122070312, 0.023724425584077835)","(-1.6905587911605835, -0.004410450346767902, -29.464046478271484)","(0.1173836961388588, 180.68959045410156, -0.0017853641184046865)",-0.336384,-0.000519,"(-0.072280, 0.000841, -6.035933)",LeftFalse_RightFalse,False,"(37.39499282836914, -0.003921598196029663, 0.7092444896697998)","(0.0006887788767926395, 98.73249053955078, -2.682737795112189e-05)",-0.365486,1.0,"(0.000000, 0.000001, 0.000000)",LeftFalse_RightFalse
17.111816,0.063392,"(-1.2735085487365723, 1.1887588500976562, -29.974868774414062)","(0.4755139946937561, 182.3407440185547, 357.24481201171875)","(0.576174259185791, 0.684249758720398, -30.15662956237793)","(0.12868456542491913, 193.2167205810547, 0.026886148378252983)","(-1.6951839923858643, -0.004352422896772623, -29.85132598876953)","(0.13145259022712708, 180.6863250732422, -0.0016733334632590413)",-0.354738,-0.000519,"(-0.069011, 0.000910, -5.792285)",LeftFalse_RightFalse,False,"(37.39499282836914, -0.003921568393707275, 0.709244430065155)","(0.0006943575572222471, 98.73249053955078, -1.9155244444846176e-05)",-0.365488,1.0,"(0.000000, 0.000000, 0.000000)",LeftFalse_RightFalse
17.175171,0.063375,"(-1.2771146297454834, 1.1887873411178589, -30.331876754760742)","(0.4539356529712677, 182.3346405029297, 357.2835388183594)","(0.5719528198242188, 0.6842343211174011, -30.51329803466797)","(0.1429600566625595, 193.21371459960938, 0.030169129371643066)","(-1.6994202136993408, -0.0042924825102090836, -30.207937240600586)","(0.14610029757022858, 180.6833038330078, -0.0015657301992177963)",-0.396634,-0.000519,"(-0.065705, 0.000960, -5.542149)",LeftFalse_RightFalse,False,"(37.39499282836914, -0.003921568393707275, 0.7092443704605103)","(0.0006973406998440623, 98.73249053955078, -1.4392187949852087e-05)",-0.365487,1.0,"(0.000000, 0.000000, 0.000000)",LeftFalse_RightFalse
17.239502,0.063578,"(-1.2809484004974365, 1.188817024230957, -30.67679214477539)","(0.44197893142700195, 182.3394775390625, 357.2773742675781)","(0.5678958892822266, 0.6842160224914551, -30.857934951782227)","(0.15854483842849731, 193.2108154296875, 0.03374684974551201)","(-1.7034921646118164, -0.00422870647162199, -30.55249786376953)","(0.16209007799625397, 180.68038940429688, -0.0014544775476679206)",-0.426406,-0.000519,"(-0.061099, 0.001008, -5.186497)",LeftFalse_RightFalse,False,"(37.39499282836914, -0.003921568393707275, 0.7092443704605103)","(0.000698602816555649, 98.73249053955078, -9.703832802188117e-06)",-0.365488,1.0,"(0.000000, 0.000000, 0.000000)",LeftFalse_RightFalse
17.304443,0.063837,"(-1.2847201824188232, 1.188848614692688, -31.00539207458496)","(0.46879899501800537, 182.34640502929688, 357.26806640625)","(0.5640496015548706, 0.6841987371444702, -31.1862850189209)","(0.1743951439857483, 193.20803833007812, 0.0373871810734272)","(-1.7073520421981812, -0.004162289667874575, -30.88076400756836)","(0.17835265398025513, 180.67759704589844, -0.0013397306902334094)",-0.471862,-0.000519,"(-0.057564, 0.001026, -4.908820)",LeftFalse_RightFalse,False,"(37.394989013671875, -0.003921568393707275, 0.7092443108558655)","(0.0006989839021116495, 98.73249053955078, -5.6690173551032785e-06)",-0.365488,1.0,"(0.000000, -0.000001, 0.000000)",LeftFalse_RightFalse
17.368164,0.063829,"(-1.2880847454071045, 1.1887977123260498, -31.308366775512695)","(0.4643465280532837, 182.3621368408203, 357.2693786621094)","(0.5605127811431885, 0.6840948462486267, -31.489675521850586)","(0.1908850073814392, 193.2054901123047, 0.04117366671562195)","(-1.710902214050293, -0.0041792006231844425, -31.184051513671875)","(0.19527120888233185, 180.675048828125, -0.001221059588715434)",-0.512743,-0.000519,"(-0.053874, -0.000059, -4.612536)",LeftFalse_RightFalse,False,"(37.39499282836914, -0.003921598196029663, 0.7092443108558655)","(0.0006991119007579982, 98.73249053955078, -4.17626824855688e-06)",-0.365489,1.0,"(0.000000, 0.000000, 0.000000)",LeftFalse_RightFalse
17.431152,0.06365,"(-1.2912683486938477, 1.1887873411178589, -31.58743667602539)","(0.4675646126270294, 182.36631774902344, 357.2480163574219)","(0.55727219581604, 0.6840296387672424, -31.768741607666016)","(0.20848184823989868, 193.20315551757812, 0.04520820453763008)","(-1.71415376663208, -0.004151770379394293, -31.462993621826172)","(0.21332427859306335, 180.67269897460938, -0.001100435620173812)",-0.588421,-0.000519,"(-0.050017, 0.000735, -4.299504)",LeftFalse_RightFalse,False,"(37.39499282836914, -0.003921598196029663, 0.7092443108558655)","(0.0006989237735979259, 98.73249053955078, -3.4171789593528956e-06)",-0.365487,1.0,"(0.000000, -0.000001, 0.000000)",LeftFalse_RightFalse
17.493408,0.063375,"(-1.2941961288452148, 1.1888070106506348, -31.842201232910156)","(0.4766978621482849, 182.3871307373047, 357.2257385253906)","(0.5543291568756104, 0.6839868426322937, -32.023338317871094)","(0.22888575494289398, 193.20103454589844, 0.04986318200826645)","(-1.7171075344085693, -0.004087942652404308, -31.717422485351562)","(0.23425212502479553, 180.67054748535156, -0.000983165460638702)",-0.62489,-0.000519,"(-0.045817, 0.001169, -3.953623)",LeftFalse_RightFalse,False,"(37.39499282836914, -0.003921598196029663, 0.7092443108558655)","(0.0006988873356021941, 98.73249053955078, -2.460305267959484e-06)",-0.365488,1.0,"(0.000000, -0.000001, 0.000000)",LeftFalse_RightFalse
17.556274,0.063268,"(-1.2974977493286133, 1.1888415813446045, -32.07584762573242)","(0.5336558818817139, 182.4459686279297, 357.2111511230469)","(0.5516389608383179, 0.6839516162872314, -32.25688934326172)","(0.25172221660614014, 193.1990966796875, 0.055059242993593216)","(-1.7198058366775513, -0.004004239570349455, -31.95077133178711)","(0.257671982049942, 180.66859436035156, -0.0008654972189106047)",-0.649509,-0.000519,"(-0.040054, 0.001410, -3.473219)",LeftFalse_RightFalse,False,"(37.39499282836914, -0.003921627998352051, 0.7092443108558655)","(0.0006991440313868225, 98.73249053955078, -8.777703897067113e-07)",-0.365487,1.0,"(0.000000, 0.000000, 0.000000)",LeftFalse_RightFalse
17.621948,0.063754,"(-1.3002455234527588, 1.18888521194458, -32.294464111328125)","(0.6128045916557312, 182.46778869628906, 357.1436767578125)","(0.54913330078125, 0.6839253306388855, -32.47530746459961)","(0.2747642993927002, 193.19728088378906, 0.06030568853020668)","(-1.7223196029663086, -0.0039103212766349316, -32.16897964477539)","(0.2813034653663635, 180.66676330566406, -0.0007432718994095922)",-0.654478,-0.000519,"(-0.035696, 0.001419, -3.105847)",LeftFalse_RightFalse,False,"(37.39499282836914, -0.003921627998352051, 0.7092443108558655)","(0.0006992457201704383, 98.73249053955078, -9.51271829308098e-07)",-0.365488,1.0,"(0.000000, 0.000000, 0.000000)",LeftFalse_RightFalse
17.68396,0.063394,"(-1.3024078607559204, 1.1889288425445557, -32.476627349853516)","(0.6508132815361023, 182.46556091308594, 357.12591552734375)","(0.5470526218414307, 0.6839099526405334, -32.65726852416992)","(0.29415372014045715, 193.19580078125, 0.06473075598478317)","(-1.7244067192077637, -0.00382402166724205, -32.35076141357422)","(0.3011910915374756, 180.66525268554688, -0.0006303763948380947)",-0.647622,-0.000519,"(-0.031396, 0.001330, -2.740222)",LeftFalse_RightFalse,False,"(37.394996643066406, -0.003921627998352051, 0.7092443108558655)","(0.0006992409471422434, 98.73249053955078, -8.112778004942811e-07)",-0.365487,1.0,"(0.000000, 0.000000, 0.000000)",LeftFalse_RightFalse
17.746094,0.063161,"(-1.3041136264801025, 1.1889766454696655, -32.63565444946289)","(0.5831194519996643, 182.4361114501953, 357.1469421386719)","(0.5452351570129395, 0.6839061975479126, -32.816741943359375)","(0.3097134530544281, 193.19448852539062, 0.06830257922410965)","(-1.7262303829193115, -0.003745253197848797, -32.51009750366211)","(0.31715506315231323, 180.66392517089844, -0.0005195161211304367)",-0.648484,-0.000519,"(-0.027221, 0.001179, -2.382460)",LeftFalse_RightFalse,False,"(37.39499282836914, -0.003921627998352051, 0.7092443108558655)","(0.0006989456596784294, 98.73249053955078, -1.0156019243368064e-06)",-0.365488,1.0,"(0.000000, 0.000000, 0.000000)",LeftFalse_RightFalse
17.812256,0.063756,"(-1.3050445318222046, 1.1890218257904053, -32.78018569946289)","(0.5440707206726074, 182.36045837402344, 357.2007141113281)","(0.5435934066772461, 0.6839128732681274, -32.961219787597656)","(0.3217654824256897, 193.1933135986328, 0.07109716534614563)","(-1.7278785705566406, -0.0036736249458044767, -32.65447235107422)","(0.3295263350009918, 180.6627197265625, -0.00040634916513226926)",-0.649259,-0.000397,"(-0.023127, 0.001000, -2.028972)",LeftFalse_RightFalse,False,"(37.39499282836914, -0.003921627998352051, 0.7092443108558655)","(0.0006988660315982997, 98.73249053955078, -1.1147416216772399e-06)",-0.365487,1.0,"(0.000000, 0.000000, 0.000000)",LeftFalse_RightFalse
17.877319,0.06401,"(-1.306138277053833, 1.1890610456466675, -32.897239685058594)","(0.5887044668197632, 182.30963134765625, 357.247314453125)","(0.5422642230987549, 0.6839243173599243, -33.078208923339844)","(0.32993465662002563, 193.1924591064453, 0.07304272800683975)","(-1.729212760925293, -0.003615988651290536, -32.771392822265625)","(0.3379231095314026, 180.66188049316406, -0.0002795665059238672)",-0.657769,9.2e-05,"(-0.017837, 0.000767, -1.564130)",LeftFalse_RightFalse,False,"(37.394996643066406, -0.003921627998352051, 0.7092443108558655)","(0.0006990028778091073, 98.73249053955078, -8.055456532929384e-07)",-0.365487,1.0,"(0.000000, 0.000000, 0.000000)",LeftFalse_RightFalse
17.940063,0.063758,"(-1.307081699371338, 1.1890926361083984, -32.98680114746094)","(0.6695171594619751, 182.2998809814453, 357.3066101074219)","(0.5412399768829346, 0.6839348077774048, -33.16771697998047)","(0.3354756236076355, 193.19215393066406, 0.07443492114543915)","(-1.7302391529083252, -0.0035713305696845055, -32.86084747314453)","(0.3436340391635895, 180.6615447998047, -0.00012271071318536997)",-0.646678,0.000275,"(-0.014024, 0.000621, -1.216495)",LeftFalse_RightFalse,False,"(37.39499282836914, -0.003921627998352051, 0.7092442512512207)","(0.0006990310503169894, 98.73249053955078, -4.923111873722519e-07)",-0.365488,1.0,"(0.000000, 0.000000, 0.000000)",LeftFalse_RightFalse
18.007324,0.064468,"(-1.3078700304031372, 1.1891207695007324, -33.05785369873047)","(0.7164069414138794, 182.30723571777344, 357.3280944824219)","(0.5404188632965088, 0.6839476227760315, -33.23874282836914)","(0.3393208086490631, 193.19227600097656, 0.07542777806520462)","(-1.7310612201690674, -0.003533711191266775, -32.931819915771484)","(0.3476031720638275, 180.6616668701172, 1.2210061868245248e-05)",-0.643337,0.000275,"(-0.010204, 0.000489, -0.878631)",LeftFalse_RightFalse,False,"(37.39499282836914, -0.003921627998352051, 0.7092443108558655)","(0.0006988936802372336, 98.73249053955078, -8.81261769336561e-07)",-0.365488,1.0,"(0.000000, 0.000000, 0.000000)",LeftFalse_RightFalse
18.074341,0.064973,"(-1.3083932399749756, 1.1891452074050903, -33.10373306274414)","(0.6457255482673645, 182.2925262451172, 357.27001953125)","(0.539884090423584, 0.6839656829833984, -33.28461456298828)","(0.34101614356040955, 193.19244384765625, 0.07584820687770844)","(-1.7315948009490967, -0.003505339380353689, -32.977664947509766)","(0.3493492305278778, 180.66184997558594, 5.480219624587335e-05)",-0.636033,0.000275,"(-0.006364, 0.000373, -0.546802)",LeftFalse_RightFalse,False,"(37.39499282836914, -0.003921627998352051, 0.7092443108558655)","(0.0006990027031861246, 98.73249053955078, -3.0914381454749673e-07)",-0.365488,1.0,"(0.000000, 0.000000, 0.000000)",LeftFalse_RightFalse
18.137939,0.064692,"(-1.3087882995605469, 1.1891621351242065, -33.125240325927734)","(0.6118190288543701, 182.31637573242188, 357.1881103515625)","(0.5396410226821899, 0.6839897632598877, -33.30546951293945)","(0.3400513529777527, 193.19253540039062, 0.07562444359064102)","(-1.7318376302719116, -0.00348648801445961, -32.99852752685547)","(0.34835880994796753, 180.66192626953125, 4.570795499603264e-05)",-0.640397,0.000275,"(-0.002225, 0.000192, -0.190931)",LeftFalse_RightFalse,False,"(37.39499282836914, -0.003921627998352051, 0.7092443108558655)","(0.0006989150424487889, 98.73249053955078, -8.098447779048001e-07)",-0.365487,1.0,"(0.000000, 0.000000, 0.000000)",LeftFalse_RightFalse
18.20105,0.064372,"(-1.3088743686676025, 1.1891850233078003, -33.1286735534668)","(0.6217800378799438, 182.35955810546875, 357.1508483886719)","(0.539605975151062, 0.684030294418335, -33.308746337890625)","(0.3302740454673767, 193.19241333007812, 0.07380744069814682)","(-1.731878638267517, -0.0034808286000043154, -33.001930236816406)","(0.33842021226882935, 180.6618194580078, 0.0003933145781047642)",-0.62909,0.000275,"(0.000021, -0.000049, 0.001448)",LeftFalse_RightFalse,False,"(37.39499282836914, -0.003921627998352051, 0.7092442512512207)","(0.0006989507819525898, 98.73249053955078, -8.880882091943931e-07)",-0.365488,1.0,"(0.000000, 0.000000, 0.000000)",LeftFalse_RightFalse
18.263184,0.063932,"(-1.3095204830169678, 1.1892651319503784, -33.12776565551758)","(0.6154112815856934, 182.3950958251953, 357.1570739746094)","(0.53961181640625, 0.6842458844184875, -33.3083381652832)","(0.2819845676422119, 193.19235229492188, 0.06312603503465652)","(-1.7318809032440186, -0.0035052564926445484, -33.002113342285156)","(0.28896364569664, 180.6618194580078, 0.0004433745634742081)",-0.625554,0.000275,"(0.000026, -0.000731, 0.002367)",LeftFalse_RightFalse,False,"(37.39499282836914, -0.003921627998352051, 0.7092443108558655)","(0.00069891766179353, 98.73249053955078, -6.005180352985917e-07)",-0.365488,1.0,"(0.000000, 0.000000, 0.000000)",LeftFalse_RightFalse
18.325806,0.063673,"(-1.3097598552703857, 1.1893351078033447, -33.12666702270508)","(0.5538546442985535, 182.38221740722656, 357.1729736328125)","(0.539616584777832, 0.684492290019989, -33.30781555175781)","(0.22078432142734528, 193.19229125976562, 0.04945775121450424)","(-1.7318835258483887, -0.0035674027167260647, -33.002342224121094)","(0.22625569999217987, 180.6618194580078, 0.0003787434543482959)",-0.606357,0.000275,"(0.000025, -0.001170, 0.002467)",LeftFalse_RightFalse,False,"(37.39499282836914, -0.003921627998352051, 0.7092443108558655)","(0.0006989154499024153, 98.73249053955078, -8.589065032538201e-07)",-0.365488,1.0,"(0.000000, 0.000000, 0.000000)",LeftFalse_RightFalse
18.39209,0.064184,"(-1.3098480701446533, 1.1893799304962158, -33.12558364868164)","(0.41249242424964905, 182.44395446777344, 357.18402099609375)","(0.5396215915679932, 0.6847144365310669, -33.30729293823242)","(0.1598852276802063, 193.1922607421875, 0.03582692891359329)","(-1.7318859100341797, -0.0036526075564324856, -33.00257110595703)","(0.1638498306274414, 180.6618194580078, 0.0002852393372450024)",-0.579313,0.000275,"(0.000022, -0.001312, 0.002187)",LeftFalse_RightFalse,False,"(37.39499282836914, -0.003921627998352051, 0.7092443108558655)","(0.0006989208050072193, 98.73249053955078, -6.59454713058949e-07)",-0.365487,1.0,"(0.000000, 0.000000, 0.000000)",LeftFalse_RightFalse
18.456421,0.064219,"(-1.3098719120025635, 1.18940007686615, -33.124725341796875)","(0.35681426525115967, 182.55300903320312, 357.23638916015625)","(0.539625883102417, 0.6848767995834351, -33.3068733215332)","(0.11130869388580322, 193.19223022460938, 0.02494814433157444)","(-1.7318875789642334, -0.0037351897917687893, -33.002750396728516)","(0.11407012492418289, 180.66183471679688, 0.00020466709975153208)",-0.548334,0.000275,"(0.000017, -0.001178, 0.001628)",LeftFalse_RightFalse,False,"(37.39499282836914, -0.003921627998352051, 0.7092443704605103)","(0.0006990752299316227, 98.73249053955078, -7.897562568359717e-07)",-0.365488,1.0,"(0.000000, 0.000000, 0.000000)",LeftFalse_RightFalse
18.521362,0.064367,"(-1.3100303411483765, 1.1900568008422852, -33.12472152709961)","(0.2989960312843323, 182.6954803466797, 357.2391357421875)","(0.5396292209625244, 0.6849917769432068, -33.30655288696289)","(0.0742395669221878, 193.1922149658203, 0.01664716750383377)","(-1.731888771057129, -0.0038066543638706207, -33.00288391113281)","(0.0760829821228981, 180.66183471679688, 0.00014384010864887387)",-0.521233,-0.000977,"(0.000012, -0.000956, 0.001221)",LeftFalse_RightFalse,False,"(37.39499282836914, -0.003921627998352051, 0.7092443108558655)","(0.0006989750545471907, 98.73249053955078, -6.363177362800343e-07)",-0.365488,1.0,"(0.000000, 0.000000, 0.000000)",LeftFalse_RightFalse
18.584351,0.064097,"(-1.310346245765686, 1.19027841091156, -33.125614166259766)","(0.12254229187965393, 182.86134338378906, 357.1507568359375)","(0.5396316051483154, 0.6850688457489014, -33.30632781982422)","(0.048333559185266495, 193.1922149658203, 0.010845480486750603)","(-1.7318897247314453, -0.0038597839884459972, -33.00297927856445)","(0.04953530803322792, 180.66183471679688, 0.00010084341920446604)",-0.498015,-0.001404,"(0.000009, -0.000707, 0.000877)",LeftFalse_RightFalse,False,"(37.394989013671875, -0.003921627998352051, 0.7092443108558655)","(0.0006990478723309934, 98.73249053955078, -7.914758839433489e-07)",-0.365488,1.0,"(0.000000, 0.000000, 0.000000)",LeftFalse_RightFalse
18.648438,0.064089,"(-1.3108187913894653, 1.1903611421585083, -33.127315521240234)","(0.33608484268188477, 183.1537628173828, 357.17413330078125)","(0.53963303565979, 0.6851223111152649, -33.30616760253906)","(0.030154839158058167, 193.1922149658203, 0.006773459259420633)","(-1.7318904399871826, -0.0038975307252258062, -33.00304412841797)","(0.030906129628419876, 180.66183471679688, 6.98155999998562e-05)",-0.498212,-0.001404,"(0.000006, -0.000483, 0.000606)",LeftFalse_RightFalse,False,"(37.39499282836914, -0.003921627998352051, 0.7092443108558655)","(0.0006991207483224571, 98.73249053955078, -7.698501462982676e-07)",-0.365487,1.0,"(0.000000, 0.000000, 0.000000)",LeftFalse_RightFalse
18.713745,0.064331,"(-1.3109911680221558, 1.1903934478759766, -33.12784194946289)","(0.4303065240383148, 183.4281768798828, 357.1756591796875)","(0.5396339893341064, 0.6851595044136047, -33.306068420410156)","(0.017935436218976974, 193.19219970703125, 0.004034664016216993)","(-1.7318909168243408, -0.003921728115528822, -33.00309371948242)","(0.018383584916591644, 180.66183471679688, 4.734159665531479e-05)",-0.486472,-0.001404,"(0.000004, -0.000297, 0.000405)",LeftFalse_RightFalse,False,"(37.39499282836914, -0.003921627998352051, 0.7092443108558655)","(0.0006989656249061227, 98.73249053955078, -1.7008771635573794e-07)",-0.365488,1.0,"(0.000000, 0.000000, 0.000000)",LeftFalse_RightFalse
18.776123,0.063954,"(-1.311798334121704, 1.1904069185256958, -33.12778091430664)","(0.5952073335647583, 183.81094360351562, 357.30181884765625)","(0.5396348237991333, 0.6851840615272522, -33.30600357055664)","(0.010531160980463028, 193.19219970703125, 0.00237417034804821)","(-1.7318910360336304, -0.003934414125978947, -33.00312042236328)","(0.010795412585139275, 180.66183471679688, 3.2809908589115366e-05)",-0.474729,-0.001404,"(0.000002, -0.000122, 0.000224)",LeftFalse_RightFalse,False,"(37.39499282836914, -0.003921627998352051, 0.7092443108558655)","(0.0006989376270212233, 98.73249053955078, -1.443192161332263e-07)",-0.365488,1.0,"(0.000000, 0.000000, 0.000000)",LeftFalse_RightFalse
18.842529,0.064433,"(-1.3121201992034912, 1.190415620803833, -33.127723693847656)","(0.5371264815330505, 184.0572967529297, 357.26141357421875)","(0.5396350622177124, 0.6852024793624878, -33.30595779418945)","(0.005756652448326349, 193.19219970703125, 0.0013016877928748727)","(-1.7318912744522095, -0.003940131980925798, -33.003135681152344)","(0.005901945289224386, 180.66183471679688, 2.173620850953739e-05)",-0.403447,-0.001404,"(0.000001, -0.000040, 0.000138)",LeftFalse_RightFalse,False,"(37.394989013671875, -0.003921627998352051, 0.7092442512512207)","(0.0006988355307839811, 98.73249053955078, -3.676635742522194e-07)",-0.365488,1.0,"(0.000000, 0.000000, 0.000000)",LeftFalse_RightFalse
18.906128,0.064266,"(-1.3127471208572388, 1.1904217004776, -33.12687683105469)","(0.5729201436042786, 184.1706085205078, 357.2421875)","(0.5396350622177124, 0.6852149963378906, -33.305931091308594)","(0.003095208201557398, 193.19219970703125, 0.0007029590778984129)","(-1.7318915128707886, -0.003941004630178213, -33.00313949584961)","(0.003173995530232787, 180.66183471679688, 1.468786194891436e-05)",-0.205166,-0.001404,"(0.000001, 0.000010, 0.000081)",LeftFalse_RightFalse,False,"(37.39499282836914, -0.003921627998352051, 0.7092443108558655)","(0.0006988825625739992, 98.73249053955078, -3.0810161888439325e-07)",-0.365488,1.0,"(0.000000, 0.000000, 0.000000)",LeftFalse_RightFalse
18.969849,0.064147,"(-1.3137953281402588, 1.1895813941955566, -33.125572204589844)","(0.8194751143455505, 184.6798095703125, 356.5751953125)","(0.539635181427002, 0.6852241158485413, -33.30592346191406)","(0.0016158915823325515, 193.19219970703125, 0.0003697729844134301)","(-1.7318916320800781, -0.003939374815672636, -33.003150939941406)","(0.0016576277557760477, 180.66183471679688, 1.0386214853497222e-05)",0.001047,-0.001404,"(0.000000, 0.000036, 0.000045)",LeftFalse_RightFalse,False,"(37.39499282836914, -0.003921627998352051, 0.7092443108558655)","(0.0006988003733567894, 98.73249053955078, -6.12998462656833e-07)",-0.365488,1.0,"(0.000000, 0.000000, 0.000000)",LeftFalse_RightFalse
19.033691,0.064106,"(-1.3139952421188354, 1.1902812719345093, -33.12431335449219)","(1.1961301565170288, 185.22389221191406, 356.37310791015625)","(0.5396342277526855, 0.6852309107780457, -33.305931091308594)","(0.0008460930548608303, 193.19239807128906, 0.00019638398953247815)","(-1.7318916320800781, -0.00393651332706213, -33.00315856933594)","(0.000868546892888844, 180.66201782226562, 8.140448699123226e-06)",0.000942,-0.001404,"(-0.000005, 0.000050, -0.000213)",LeftFalse_RightFalse,False,"(37.39499282836914, -0.003921627998352051, 0.7092443108558655)","(0.0006989927496761084, 98.73249053955078, -2.9981609372953244e-07)",-0.365487,1.0,"(0.000000, 0.000000, 0.000000)",LeftFalse_RightFalse
19.096558,0.06384,"(-1.314333438873291, 1.1924136877059937, -33.125)","(0.36945080757141113, 185.2898712158203, 356.6134338378906)","(0.5396466255187988, 0.6852355599403381, -33.305824279785156)","(0.000551566481590271, 193.19012451171875, 0.00012773006164934486)","(-1.7318916320800781, -0.003933426458388567, -33.00314712524414)","(0.0005661408067680895, 180.6597442626953, 5.02141438118997e-06)",0.000848,-0.001404,"(0.000002, 0.000048, -0.000001)",LeftFalse_RightFalse,False,"(37.394996643066406, -0.003921627998352051, 0.7092443108558655)","(0.0006989716202951968, 98.73249053955078, -4.774597641699074e-07)",-0.365488,1.0,"(0.000000, 0.000000, 0.000000)",LeftFalse_RightFalse
19.159668,0.063697,"(-1.3162219524383545, 1.1923933029174805, -33.1263542175293)","(0.2754325866699219, 185.20022583007812, 356.4867248535156)","(0.5396528244018555, 0.6852394938468933, -33.30579376220703)","(0.0003562926431186497, 193.1888885498047, 8.117218385450542e-05)","(-1.7318918704986572, -0.003930558916181326, -33.00316619873047)","(0.0003654170723166317, 180.6585235595703, 1.9385136056371266e-06)",0.000763,-0.001404,"(0.000009, 0.000040, 0.000659)",LeftFalse_RightFalse,False,"(37.39499282836914, -0.003921627998352051, 0.7092443704605103)","(0.0006989341345615685, 98.73249053955078, -6.628158075727697e-07)",-0.365487,1.0,"(0.000000, 0.000000, 0.000000)",LeftFalse_RightFalse
19.2229,0.063602,"(-1.3187185525894165, 1.190975308418274, -33.12713623046875)","(1.1134620904922485, 185.2632293701172, 356.1302490234375)","(0.5396568775177002, 0.6852424144744873, -33.30581283569336)","(0.0002366419939789921, 193.18809509277344, 5.265116487862542e-05)","(-1.7318921089172363, -0.0039282795041799545, -33.00321960449219)","(0.00024242849030997604, 180.65771484375, 5.590844764924441e-08)",0.000687,-0.001404,"(0.000003, 0.000033, 0.000239)",LeftFalse_RightFalse,False,"(37.39499282836914, -0.003921627998352051, 0.7092443108558655)","(0.0006988758686929941, 98.73249053955078, -8.602613661423675e-07)",-0.365488,1.0,"(0.000000, 0.000000, 0.000000)",LeftFalse_RightFalse
19.285889,0.063485,"(-1.322131872177124, 1.188894510269165, -33.1286506652832)","(2.435393810272217, 185.6865692138672, 355.353271484375)","(0.5396606922149658, 0.6852450966835022, -33.30585479736328)","(8.998793055070564e-05, 193.1871337890625, 1.9366672859177925e-05)","(-1.7318930625915527, -0.00392637774348259, -33.00330352783203)","(9.204624802805483e-05, 180.65676879882812, -6.181418257256155e-07)",0.000618,-0.001404,"(-0.000007, 0.000025, -0.000537)",LeftFalse_RightFalse,False,"(37.39499282836914, -0.003921627998352051, 0.7092443108558655)","(0.0006989663233980536, 98.73249053955078, -6.533056762236811e-07)",-0.365487,1.0,"(0.000000, 0.000000, 0.000000)",LeftFalse_RightFalse
19.3479,0.06318,"(-1.3269859552383423, 1.186758041381836, -33.130313873291016)","(3.4472334384918213, 186.1824951171875, 354.4900817871094)","(0.5396555662155151, 0.6852454543113708, -33.305938720703125)","(0.00029011789592914283, 193.18800354003906, 6.389340705936775e-05)","(-1.7318934202194214, -0.003925000317394733, -33.00334930419922)","(0.00029706975328736007, 180.65762329101562, -5.716163968827459e-07)",0.000557,-0.001404,"(0.000001, 0.000019, 0.000042)",LeftFalse_RightFalse,False,"(37.39499282836914, -0.003921627998352051, 0.7092443108558655)","(0.0006990511901676655, 98.73249053955078, -3.9674108620602055e-07)",-0.365487,1.0,"(0.000000, 0.000000, 0.000000)",LeftFalse_RightFalse
19.412476,0.063477,"(-1.3314563035964966, 1.1859102249145508, -33.13276290893555)","(3.8657615184783936, 186.62252807617188, 353.7527770996094)","(0.5396533012390137, 0.6852458715438843, -33.30600357055664)","(0.00044976812205277383, 193.1884002685547, 9.911509550875053e-05)","(-1.73189377784729, -0.0039238715544342995, -33.003395080566406)","(0.00046055877464823425, 180.65802001953125, -8.260920481006906e-07)",0.000501,-0.001404,"(-0.000007, 0.000016, -0.000690)",LeftFalse_RightFalse,False,"(37.39499282836914, -0.003921627998352051, 0.7092443108558655)","(0.0006989361718297005, 98.73249053955078, -5.780846095149172e-07)",-0.365488,1.0,"(0.000000, 0.000000, 0.000000)",LeftFalse_RightFalse
19.476074,0.063505,"(-1.3370882272720337, 1.1829652786254883, -33.1372184753418)","(4.345073699951172, 187.4612274169922, 352.4289245605469)","(0.5396684408187866, 0.6852465271949768, -33.30594253540039)","(0.0005043477867729962, 193.18533325195312, 0.00011127506877528504)","(-1.7318943738937378, -0.003922959323972464, -33.003456115722656)","(0.0005164765752851963, 180.65496826171875, -7.972023468028056e-07)",0.000451,-0.001404,"(-0.000015, 0.000011, -0.001656)",LeftFalse_RightFalse,False,"(37.39499282836914, -0.003921627998352051, 0.7092443108558655)","(0.0006989949615672231, 98.73249053955078, -3.422598524593923e-07)",-0.365487,1.0,"(0.000000, 0.000000, 0.000000)",LeftFalse_RightFalse
19.537964,0.063179,"(-1.3415486812591553, 1.177353024482727, -33.14203643798828)","(6.211297988891602, 188.25242614746094, 351.1358642578125)","(0.5396668910980225, 0.6852461695671082, -33.30598449707031)","(0.0006564359064213932, 193.18576049804688, 0.00014550090418197215)","(-1.7318944931030273, -0.003922518342733383, -33.00347900390625)","(0.0006723678670823574, 180.65538024902344, -3.832066113318433e-07)",0.000406,-0.001404,"(-0.000001, 0.000009, 0.000101)",LeftFalse_RightFalse,False,"(37.394989013671875, -0.003921627998352051, 0.7092443108558655)","(0.0006990103283897042, 98.73249053955078, -2.2264086396717175e-07)",-0.365487,1.0,"(0.000000, 0.000000, 0.000000)",LeftFalse_RightFalse
19.599976,0.062945,"(-1.344467282295227, 1.1710050106048584, -33.145896911621094)","(8.90162467956543, 188.44598388671875, 350.65570068359375)","(0.5396561622619629, 0.6852458119392395, -33.30607223510742)","(0.000791870232205838, 193.1876983642578, 0.00017757911700755358)","(-1.7318947315216064, -0.003922075964510441, -33.00348663330078)","(0.0008115359232760966, 180.65733337402344, 1.5474987549168873e-06)",0.000365,-0.001404,"(0.000005, 0.000006, 0.000508)",LeftFalse_RightFalse,False,"(37.39499282836914, -0.003921627998352051, 0.7092443108558655)","(0.0006989958346821368, 98.73249053955078, -2.0085879270936857e-07)",-0.365487,1.0,"(0.000000, 0.000000, 0.000000)",LeftFalse_RightFalse
19.66272,0.062909,"(-1.3458160161972046, 1.164641261100769, -33.14841079711914)","(12.010261535644531, 188.3118438720703, 350.616943359375)","(0.5396530628204346, 0.6852470636367798, -33.30615997314453)","(0.0006091063260100782, 193.18812561035156, 0.00013574186596088111)","(-1.7318956851959229, -0.003921814262866974, -33.003562927246094)","(0.0006240483489818871, 180.6577606201172, 3.5870016290573403e-07)",0.000329,-0.001404,"(-0.000008, 0.000001, -0.000699)",LeftFalse_RightFalse,False,"(37.39499282836914, -0.003921627998352051, 0.7092443108558655)","(0.0006989503162913024, 98.73249053955078, -2.9556909453276603e-07)",-0.365487,1.0,"(0.000000, 0.000000, 0.000000)",LeftFalse_RightFalse
19.727539,0.063271,"(-1.3462342023849487, 1.1545078754425049, -33.15275192260742)","(15.463715553283691, 188.2416534423828, 350.6141357421875)","(0.5396459102630615, 0.6852473020553589, -33.30625915527344)","(0.0005959160043857992, 193.1892852783203, 0.00013238748942967504)","(-1.7318964004516602, -0.0039216624572873116, -33.00361633300781)","(0.0006104442873038352, 180.65890502929688, -5.403380853863382e-08)",0.000296,-0.001404,"(-0.000010, 0.000001, -0.000999)",LeftFalse_RightFalse,False,"(37.39499282836914, -0.003921627998352051, 0.7092443108558655)","(0.0006989820976741612, 98.73249053955078, -2.3736200205348723e-07)",-0.365487,1.0,"(0.000000, 0.000000, 0.000000)",LeftFalse_RightFalse
19.79248,0.063622,"(-1.3458551168441772, 1.1502171754837036, -33.15546798706055)","(17.73358726501465, 188.3032989501953, 350.7914123535156)","(0.539639949798584, 0.685247540473938, -33.306365966796875)","(0.0005534199881367385, 193.1902618408203, 0.0001239828998222947)","(-1.7318971157073975, -0.00392157630994916, -33.003684997558594)","(0.0005671372055076063, 180.65988159179688, 9.61352725425968e-07)",0.000266,-0.001404,"(-0.000007, -0.000002, -0.000429)",LeftFalse_RightFalse,False,"(37.39499282836914, -0.003921627998352051, 0.7092443108558655)","(0.000698923715390265, 98.73249053955078, -4.5184762598182715e-07)",-0.365488,1.0,"(0.000000, 0.000000, 0.000000)",LeftFalse_RightFalse
19.854858,0.063372,"(-1.3451820611953735, 1.146013855934143, -33.160709381103516)","(19.67658042907715, 188.31663513183594, 351.5220947265625)","(0.5396367311477661, 0.685247004032135, -33.30643081665039)","(0.000633269373793155, 193.19081115722656, 0.0001405963848810643)","(-1.7318977117538452, -0.003921774215996265, -33.003726959228516)","(0.0006486891070380807, 180.6604461669922, -1.4476621856829297e-07)",0.00024,-0.001404,"(0.000001, -0.000001, 0.000071)",LeftFalse_RightFalse,False,"(37.39499282836914, -0.003921627998352051, 0.7092443108558655)","(0.0006990181864239275, 98.73249053955078, -3.0057168487473973e-07)",-0.365487,1.0,"(0.000000, 0.000000, 0.000000)",LeftFalse_RightFalse
19.919556,0.063642,"(-1.3438011407852173, 1.1463956832885742, -33.16800308227539)","(19.024574279785156, 188.58102416992188, 352.08349609375)","(0.5396337509155273, 0.6852473616600037, -33.3065299987793)","(0.0005770721472799778, 193.19125366210938, 0.00012841576244682074)","(-1.731898546218872, -0.003921707160770893, -33.003807067871094)","(0.0005911877378821373, 180.66087341308594, 1.571281416090642e-07)",0.000216,-0.001404,"(-0.000009, 0.000001, -0.000861)",LeftFalse_RightFalse,False,"(37.39499282836914, -0.003921627998352051, 0.7092443108558655)","(0.0006990823894739151, 98.73249053955078, -2.2962363743772585e-07)",-0.365487,1.0,"(0.000000, 0.000000, 0.000000)",LeftFalse_RightFalse
19.984131,0.063827,"(-1.3440114259719849, 1.1488049030303955, -33.173553466796875)","(17.396387100219727, 189.3058319091797, 352.4859313964844)","(0.5396323204040527, 0.6852467060089111, -33.30657196044922)","(0.0006975466385483742, 193.1913604736328, 0.00015623941726516932)","(-1.7318990230560303, -0.003921664319932461, -33.00384521484375)","(0.0007148290751501918, 180.66099548339844, 1.1802657127191196e-06)",0.000194,-0.001404,"(-0.000015, 0.000002, -0.001490)",LeftFalse_RightFalse,False,"(37.39499282836914, -0.003921627998352051, 0.7092443704605103)","(0.000699097930919379, 98.73249053955078, -2.530992730953585e-07)",-0.365487,1.0,"(0.000000, 0.000000, 0.000000)",LeftFalse_RightFalse
20.051636,0.064561,"(-1.3433510065078735, 1.1568362712860107, -33.179866790771484)","(13.845248222351074, 189.48178100585938, 352.3575134277344)","(0.5396381616592407, 0.6852472424507141, -33.30659866333008)","(0.000629058456979692, 193.19020080566406, 0.00013884315558243543)","(-1.7318998575210571, -0.003921608906239271, -33.0039176940918)","(0.0006441980949603021, 180.65982055664062, -9.426263432033011e-07)",0.000175,-0.001404,"(-0.000023, 0.000001, -0.002245)",LeftFalse_RightFalse,False,"(37.39499282836914, -0.003921627998352051, 0.7092443108558655)","(0.0006990613765083253, 98.73249053955078, -3.7006063280387025e-07)",-0.365487,1.0,"(0.000000, 0.000000, 0.000000)",LeftFalse_RightFalse
20.117065,0.064716,"(-1.344122290611267, 1.1738399267196655, -33.18605041503906)","(8.268816947937012, 189.65774536132812, 352.8978271484375)","(0.5396311283111572, 0.6852468848228455, -33.306697845458984)","(0.0006848464254289865, 193.19143676757812, 0.0001520868536317721)","(-1.7319002151489258, -0.003921627998352051, -33.00396728515625)","(0.0007015305454842746, 180.66107177734375, -1.1799337329421178e-07)",0.000157,-0.001404,"(-0.000037, 0.000000, -0.003371)",LeftFalse_RightFalse,False,"(37.39499282836914, -0.003921627998352051, 0.7092443108558655)","(0.0006989882094785571, 98.73249053955078, -5.282411734697234e-07)",-0.365487,1.0,"(0.000000, 0.000000, 0.000000)",LeftFalse_RightFalse
20.183472,0.065073,"(-1.343658208847046, 1.1912480592727661, -33.18922424316406)","(2.458730936050415, 190.23252868652344, 353.8408203125)","(0.5396301746368408, 0.6852479577064514, -33.30681610107422)","(0.0004742360324598849, 193.19125366210938, 0.00010389501403551549)","(-1.7319016456604004, -0.003921682480722666, -33.00409698486328)","(0.00048548096674494445, 180.66087341308594, -1.468528125769808e-06)",0.000142,-0.001404,"(-0.000028, 0.000000, -0.002701)",LeftFalse_RightFalse,False,"(37.39499282836914, -0.003921627998352051, 0.7092442512512207)","(0.0006988980458118021, 98.73249053955078, -6.59845511563617e-07)",-0.365487,1.0,"(0.000000, 0.000000, 0.000000)",LeftFalse_RightFalse
20.247681,0.064892,"(-1.3425579071044922, 1.2176878452301025, -33.18962097167969)","(355.9578857421875, 190.20974731445312, 354.06280517578125)","(0.5396267175674438, 0.6852474212646484, -33.306922912597656)","(0.0005323397926986217, 193.19180297851562, 0.00011867474677274004)","(-1.7319024801254272, -0.003921836614608765, -33.004180908203125)","(0.000545407528989017, 180.6614227294922, 3.5310773682795116e-07)",0.000127,-0.001404,"(-0.000021, 0.000000, -0.001740)",LeftFalse_RightFalse,False,"(37.39499282836914, -0.003921627998352051, 0.7092443108558655)","(0.0006988312234170735, 98.73249053955078, -6.861611723252281e-07)",-0.365487,1.0,"(0.000000, 0.000000, 0.000000)",LeftFalse_RightFalse
20.311646,0.0647,"(-1.3393851518630981, 1.2402361631393433, -33.1868896484375)","(349.5721740722656, 189.56773376464844, 353.8777770996094)","(0.5396203994750977, 0.6852477788925171, -33.30706787109375)","(0.0004877175379078835, 193.1927490234375, 0.00010728223423939198)","(-1.7319037914276123, -0.003921787720173597, -33.00428771972656)","(0.0004993762704543769, 180.66236877441406, -1.0868897106774966e-06)",0.000115,-0.001404,"(-0.000015, 0.000000, -0.001356)",LeftFalse_RightFalse,False,"(37.39499282836914, -0.003921627998352051, 0.7092442512512207)","(0.0006988037494011223, 98.73249053955078, -6.183136633808317e-07)",-0.365488,1.0,"(0.000000, 0.000000, 0.000000)",LeftFalse_RightFalse
20.376221,0.064674,"(-1.3386876583099365, 1.2631598711013794, -33.18709182739258)","(342.0027770996094, 186.94210815429688, 352.341552734375)","(0.5396134853363037, 0.6852478384971619, -33.307228088378906)","(0.0004747497441712767, 193.19369506835938, 0.0001045497483573854)","(-1.731905221939087, -0.0039217788726091385, -33.00440979003906)","(0.00048612456885166466, 180.66331481933594, -9.408543064637342e-07)",0.000103,-0.001404,"(-0.000003, 0.000000, -0.000310)",LeftFalse_RightFalse,False,"(37.394996643066406, -0.003921627998352051, 0.7092443704605103)","(0.0006988213863223791, 98.73249053955078, -4.660997490191221e-07)",-0.365488,1.0,"(0.000000, 0.000000, 0.000000)",LeftFalse_RightFalse
20.438721,0.064245,"(-1.337332844734192, 1.2877466678619385, -33.188880920410156)","(337.0183410644531, 183.79147338867188, 354.3802185058594)","(0.5396051406860352, 0.6852466464042664, -33.30733108520508)","(0.0006976422155275941, 193.1951904296875, 0.00015555084974039346)","(-1.7319056987762451, -0.003921826370060444, -33.004451751708984)","(0.000714773079380393, 180.66482543945312, 4.873485295320279e-07)",9.3e-05,-0.001404,"(-0.000007, 0.000002, -0.000329)",LeftFalse_RightFalse,False,"(37.39499282836914, -0.003921627998352051, 0.7092443108558655)","(0.0006988720269873738, 98.73249053955078, -3.013794014350424e-07)",-0.365488,1.0,"(0.000000, 0.000000, 0.000000)",LeftFalse_RightFalse
20.503296,0.064315,"(-1.3548815250396729, 1.307633876800537, -33.19973373413086)","(342.01580810546875, 180.41868591308594, 349.72760009765625)","(0.5395994186401367, 0.6852462291717529, -33.30742645263672)","(0.0007780574960634112, 193.19625854492188, 0.00017505951109342277)","(-1.7319064140319824, -0.003921717405319214, -33.0045051574707)","(0.0007975055486895144, 180.66587829589844, 2.084705329252756e-06)",8.4e-05,-0.001404,"(-0.000030, 0.000002, -0.002547)",LeftFalse_RightFalse,False,"(37.39499282836914, -0.003921627998352051, 0.7092443108558655)","(0.0006989277899265289, 98.73249053955078, -2.011975084315054e-07)",-0.365488,1.0,"(0.000000, 0.000000, 0.000000)",LeftFalse_RightFalse
20.564697,0.063725,"(-1.3463490009307861, 1.3054771423339844, -33.20949935913086)","(338.1793518066406, 177.8983612060547, 347.2254333496094)","(0.5395960807800293, 0.685247004032135, -33.30753707885742)","(0.0006722579710185528, 193.19659423828125, 0.00014937638479750603)","(-1.731907606124878, -0.003921592142432928, -33.004600524902344)","(0.0006886538467369974, 180.6662139892578, -3.2746378053616354e-08)",7.5e-05,-0.001404,"(0.000010, -0.000001, 0.000951)",LeftFalse_RightFalse,False,"(37.39499282836914, -0.003921627998352051, 0.7092443704605103)","(0.0006989683024585247, 98.73249053955078, -2.0468890227220982e-07)",-0.365488,1.0,"(0.000000, 0.000000, 0.000000)",LeftFalse_RightFalse
20.626587,0.063366,"(-1.3457145690917969, 1.3086180686950684, -33.2281379699707)","(341.3564758300781, 174.52821350097656, 345.04290771484375)","(0.539596676826477, 0.6852468252182007, -33.30759048461914)","(0.0006826311582699418, 193.1964569091797, 0.00015178225294221193)","(-1.7319082021713257, -0.003921687602996826, -33.004661560058594)","(0.0006993019487708807, 180.6660919189453, 6.527210416606977e-08)",6.8e-05,-0.001404,"(0.000002, 0.000000, 0.000212)",LeftFalse_RightFalse,False,"(37.39499282836914, -0.003921627998352051, 0.7092443108558655)","(0.0006989933317527175, 98.73249053955078, -3.052355452837219e-07)",-0.365488,1.0,"(0.000000, 0.000000, 0.000000)",LeftFalse_RightFalse
20.689331,0.063236,"(-1.346675157546997, 1.3094359636306763, -33.24345397949219)","(345.4925537109375, 172.62759399414062, 341.9434509277344)","(0.5395957231521606, 0.685247540473938, -33.30768966674805)","(0.0005556136602535844, 193.19642639160156, 0.00012267324200365692)","(-1.7319093942642212, -0.003921708557754755, -33.004764556884766)","(0.0005689944373443723, 180.66604614257812, -7.93040328517236e-07)",6.1e-05,-0.001404,"(-0.000030, -0.000003, -0.002826)",LeftFalse_RightFalse,False,"(37.39499282836914, -0.003921627998352051, 0.7092443108558655)","(0.000698997697327286, 98.73249053955078, -4.6701168798790604e-07)",-0.365488,1.0,"(0.000000, 0.000000, 0.000000)",LeftFalse_RightFalse
20.751343,0.062984,"(-1.347984790802002, 1.3086392879486084, -33.26567077636719)","(352.1805725097656, 171.88694763183594, 337.34869384765625)","(0.5395954847335815, 0.6852463483810425, -33.3077278137207)","(0.0007772690732963383, 193.19639587402344, 0.00017348559049423784)","(-1.7319096326828003, -0.0039217290468513966, -33.004798889160156)","(0.0007963944808579981, 180.666015625, 7.193161764007527e-07)",5.5e-05,-0.001404,"(-0.000014, 0.000001, -0.001187)",LeftFalse_RightFalse,False,"(37.39499282836914, -0.003921627998352051, 0.7092443108558655)","(0.0006989804096519947, 98.73249053955078, -6.33269280569948e-07)",-0.365488,1.0,"(0.000000, 0.000000, 0.000000)",LeftFalse_RightFalse
20.813965,0.062926,"(-1.3487637042999268, 1.3062379360198975, -33.29066848754883)","(359.6056213378906, 170.96437072753906, 334.0485534667969)","(0.5395951271057129, 0.6852467060089111, -33.30778884887695)","(0.0007266524480655789, 193.1963348388672, 0.00016196147771552205)","(-1.7319104671478271, -0.0039216298609972, -33.00486373901367)","(0.0007444832008332014, 180.66595458984375, 4.5131383785701473e-07)",4.9e-05,-0.001404,"(-0.000018, 0.000001, -0.001638)",LeftFalse_RightFalse,False,"(37.39499282836914, -0.003921627998352051, 0.7092443108558655)","(0.0006989530520513654, 98.73249053955078, -7.511947046623391e-07)",-0.365488,1.0,"(0.000000, 0.000000, 0.000000)",LeftFalse_RightFalse
20.878296,0.063192,"(-1.3464654684066772, 1.299949049949646, -33.32428741455078)","(8.978156089782715, 169.29722595214844, 331.1247253417969)","(0.539600133895874, 0.6852467656135559, -33.30780029296875)","(0.0007404176867567003, 193.19529724121094, 0.00016272036009468138)","(-1.7319107055664062, -0.003921545576304197, -33.00491714477539)","(0.0007580852252431214, 180.66493225097656, -1.7943476677828585e-06)",4.5e-05,-0.001404,"(-0.000010, 0.000001, -0.000870)",LeftFalse_RightFalse,False,"(37.39499282836914, -0.003921627998352051, 0.7092442512512207)","(0.0006989341345615685, 98.73249053955078, -7.767547458570334e-07)",-0.365488,1.0,"(0.000000, 0.000000, 0.000000)",LeftFalse_RightFalse
20.938843,0.062669,"(-1.3420088291168213, 1.2883962392807007, -33.36081314086914)","(18.859037399291992, 167.7578887939453, 329.2856750488281)","(0.5395958423614502, 0.6852462291717529, -33.307861328125)","(0.0008338543120771646, 193.1958770751953, 0.00018522990285418928)","(-1.7319111824035645, -0.0039215413853526115, -33.00495147705078)","(0.0008541796705685556, 180.66551208496094, -9.26812617763062e-08)",4e-05,-0.001404,"(-0.000007, -0.000001, -0.000719)",LeftFalse_RightFalse,False,"(37.39499282836914, -0.003921627998352051, 0.7092443108558655)","(0.0006989313988015056, 98.73249053955078, -7.01976603068033e-07)",-0.365488,1.0,"(0.000000, -0.000001, 0.000000)",LeftFalse_RightFalse
20.998657,0.062112,"(-1.3346470594406128, 1.2704923152923584, -33.39934539794922)","(30.968290328979492, 166.30201721191406, 328.0021667480469)","(0.5395913124084473, 0.6852467060089111, -33.307945251464844)","(0.0007711228099651635, 193.1967315673828, 0.00017154807574115694)","(-1.7319116592407227, -0.00392138073220849, -33.0050048828125)","(0.0007899742922745645, 180.66636657714844, 1.6136208103034733e-07)",3.6e-05,-0.001404,"(-0.000006, -0.000002, -0.000581)",LeftFalse_RightFalse,False,"(37.39499282836914, -0.003921627998352051, 0.7092443108558655)","(0.0006989362300373614, 98.73249053955078, -5.479128049046267e-07)",-0.365488,1.0,"(0.000000, -0.000001, 0.000000)",LeftFalse_RightFalse
21.062378,0.062433,"(-1.3283028602600098, 1.257079839706421, -33.42646789550781)","(40.039390563964844, 165.54605102539062, 326.15533447265625)","(0.5395967960357666, 0.6852468252182007, -33.307960510253906)","(0.0007091138395480812, 193.19554138183594, 0.00015722298121545464)","(-1.73191237449646, -0.003921551629900932, -33.00506591796875)","(0.0007263343431986868, 180.66517639160156, -3.6921949231327744e-07)",3.2e-05,-0.001404,"(-0.000006, -0.000003, -0.000465)",LeftFalse_RightFalse,False,"(37.39499282836914, -0.003921627998352051, 0.7092443108558655)","(0.0006989364046603441, 98.73249053955078, -3.768089129607688e-07)",-0.365488,1.0,"(0.000000, -0.000001, 0.000000)",LeftFalse_RightFalse
21.12439,0.062341,"(-1.3171696662902832, 1.2330602407455444, -33.463233947753906)","(53.963600158691406, 169.79696655273438, 325.15570068359375)","(0.5396006107330322, 0.685247004032135, -33.3079719543457)","(0.0006743138073943555, 193.1946258544922, 0.00014853633183520287)","(-1.7319130897521973, -0.003921611700206995, -33.0051155090332)","(0.0006904784240759909, 180.66424560546875, -1.2988343769393396e-06)",2.9e-05,-0.001404,"(-0.000017, 0.000000, -0.001517)",LeftFalse_RightFalse,False,"(37.39499282836914, -0.003921627998352051, 0.7092443108558655)","(0.0006989229586906731, 98.73249053955078, -2.7068648478234536e-07)",-0.365488,1.0,"(0.000000, -0.000001, 0.000000)",LeftFalse_RightFalse
21.186768,0.062339,"(-1.3068251609802246, 1.2080657482147217, -33.500526428222656)","(67.92021942138672, 180.9547576904297, 330.54779052734375)","(0.5396065711975098, 0.6852479577064514, -33.30803298950195)","(0.00046340038534253836, 193.1934356689453, 0.00010190562170464545)","(-1.7319142818450928, -0.0039217472076416016, -33.005226135253906)","(0.00047447194810956717, 180.66307067871094, -1.0596744459689944e-06)",2.6e-05,-0.001404,"(-0.000020, -0.000001, -0.001820)",LeftFalse_RightFalse,False,"(37.39499282836914, -0.003921627998352051, 0.7092443108558655)","(0.0006988999084569514, 98.73249053955078, -2.3960274120327085e-07)",-0.365488,1.0,"(0.000000, -0.000001, 0.000000)",LeftFalse_RightFalse
21.248901,0.062309,"(-1.2962450981140137, 1.1848124265670776, -33.53213882446289)","(77.87835693359375, 204.51028442382812, 348.86895751953125)","(0.5396101474761963, 0.6852477192878723, -33.30809783935547)","(0.0004701143770944327, 193.19261169433594, 0.00010320275032427162)","(-1.7319152355194092, -0.003921946510672569, -33.00532150268555)","(0.00048130739014595747, 180.66224670410156, -1.25008898521628e-06)",2.4e-05,-0.001404,"(-0.000010, -0.000002, -0.001108)",LeftFalse_RightFalse,False,"(37.39499282836914, -0.003921627998352051, 0.7092443108558655)","(0.0006988753448240459, 98.73249053955078, -2.84313301790462e-07)",-0.365488,1.0,"(0.000000, -0.000001, 0.000000)",LeftFalse_RightFalse
21.313721,0.06281,"(-1.2886608839035034, 1.1610651016235352, -33.570491790771484)","(79.89360809326172, 288.97161865234375, 67.00189971923828)","(0.5396072864532471, 0.6852465867996216, -33.30815124511719)","(0.0007078981143422425, 193.1930694580078, 0.00015664560487493873)","(-1.7319154739379883, -0.0039217835292220116, -33.00535583496094)","(0.0007250222843140364, 180.66268920898438, -6.690860345770488e-07)",2.1e-05,-0.001404,"(-0.000013, 0.000003, -0.001177)",LeftFalse_RightFalse,False,"(37.394996643066406, -0.003921627998352051, 0.7092443108558655)","(0.0006988617824390531, 98.73249053955078, -3.8108194644337345e-07)",-0.365488,1.0,"(0.000000, -0.000001, 0.000000)",LeftFalse_RightFalse
21.376343,0.062764,"(-1.2813830375671387, 1.1370785236358643, -33.60368728637695)","(69.96311950683594, 311.0072021484375, 85.85736846923828)","(0.5396044254302979, 0.6852467060089111, -33.3082389831543)","(0.0007063377415761352, 193.19349670410156, 0.00015612714923918247)","(-1.7319161891937256, -0.00392174394801259, -33.00542449951172)","(0.000723386590834707, 180.6631317138672, -8.366354222744121e-07)",1.9e-05,-0.001404,"(-0.000002, 0.000001, 0.000042)",LeftFalse_RightFalse,False,"(37.39499282836914, -0.003921627998352051, 0.7092443108558655)","(0.0006988690583966672, 98.73249053955078, -4.850678578804946e-07)",-0.365488,1.0,"(0.000000, -0.000001, 0.000000)",LeftFalse_RightFalse
21.44104,0.063157,"(-1.2798736095428467, 1.1075618267059326, -33.649044036865234)","(61.07460403442383, 318.5282897949219, 88.4168701171875)","(0.5395989418029785, 0.6852458119392395, -33.30828857421875)","(0.0009032913949340582, 193.19439697265625, 0.0002029179158853367)","(-1.7319164276123047, -0.003921568393707275, -33.005435943603516)","(0.0009258005884476006, 180.6640167236328, 2.109120487148175e-06)",1.7e-05,-0.001404,"(-0.000002, 0.000002, 0.000076)",LeftFalse_RightFalse,False,"(37.39499282836914, -0.003921627998352051, 0.7092443108558655)","(0.0006988942041061819, 98.73249053955078, -5.797260769213608e-07)",-0.365488,1.0,"(0.000000, -0.000001, 0.000000)",LeftFalse_RightFalse
21.503418,0.062991,"(-1.284837007522583, 1.0834426879882812, -33.683258056640625)","(55.71604537963867, 319.5731506347656, 83.3394546508789)","(0.5396003723144531, 0.6852461695671082, -33.30830001831055)","(0.0008655525161884725, 193.19400024414062, 0.00019294093362987041)","(-1.7319166660308838, -0.003921443596482277, -33.00546646118164)","(0.0008867958677001297, 180.66363525390625, 5.575205932473182e-07)",1.6e-05,-0.001404,"(-0.000007, 0.000000, -0.000831)",LeftFalse_RightFalse,False,"(37.39499282836914, -0.003921627998352051, 0.7092443108558655)","(0.0006989341927692294, 98.73249053955078, -6.11278778706037e-07)",-0.365488,1.0,"(0.000000, -0.000001, 0.000000)",LeftFalse_RightFalse
21.564819,0.062686,"(-1.3040556907653809, 1.0470554828643799, -33.72868728637695)","(46.03097152709961, 313.8898010253906, 67.11864471435547)","(0.5395886898040771, 0.6852465271949768, -33.30841827392578)","(0.0008139620767906308, 193.19618225097656, 0.0001801290491130203)","(-1.731917142868042, -0.00392144825309515, -33.005496978759766)","(0.0008336545433849096, 180.66580200195312, -7.562648534076288e-07)",1.4e-05,-0.001404,"(-0.000019, 0.000000, -0.001748)",LeftFalse_RightFalse,False,"(37.394989013671875, -0.003921627998352051, 0.7092442512512207)","(0.0006989685934968293, 98.73249053955078, -5.960105227131862e-07)",-0.365488,1.0,"(0.000000, -0.000001, 0.000000)",LeftFalse_RightFalse
21.628906,0.062962,"(-1.3227691650390625, 1.015259027481079, -33.766868591308594)","(38.23295211791992, 308.7401123046875, 55.38490676879883)","(0.5395773649215698, 0.6852467656135559, -33.308555603027344)","(0.0007321829907596111, 193.19825744628906, 0.00016302522271871567)","(-1.7319177389144897, -0.003921519964933395, -33.00555419921875)","(0.0007501128129661083, 180.6678924560547, 2.898072466450685e-07)",1.3e-05,-0.001404,"(-0.000001, -0.000002, 0.000061)",LeftFalse_RightFalse,False,"(37.39499282836914, -0.003921627998352051, 0.7092443108558655)","(0.0006989921093918383, 98.73249053955078, -5.585953886111383e-07)",-0.365488,1.0,"(0.000000, -0.000001, 0.000000)",LeftFalse_RightFalse
21.69397,0.063395,"(-1.3373185396194458, 0.9881065487861633, -33.79872512817383)","(32.353538513183594, 302.94775390625, 45.85422897338867)","(0.539570689201355, 0.6852468252182007, -33.30864715576172)","(0.0006809745682403445, 193.199462890625, 0.00015265711408574134)","(-1.731918215751648, -0.00392162473872304, -33.00559616088867)","(0.0006978746969252825, 180.66909790039062, 1.2787111245415872e-06)",1.1e-05,-0.001404,"(-0.000015, 0.000000, -0.001179)",LeftFalse_RightFalse,False,"(37.39499282836914, -0.003921627998352051, 0.7092443108558655)","(0.0006989953690208495, 98.73249053955078, -5.069020403425384e-07)",-0.365488,1.0,"(0.000000, -0.000001, 0.000000)",LeftFalse_RightFalse
21.758057,0.063534,"(-1.3500373363494873, 0.9592658281326294, -33.82954788208008)","(27.659957885742188, 296.3226318359375, 34.50957489013672)","(0.5395717620849609, 0.685247540473938, -33.30872344970703)","(0.0005553344381041825, 193.19903564453125, 0.0001227253960678354)","(-1.731919288635254, -0.00392159866169095, -33.00569152832031)","(0.0005687332595698535, 180.66867065429688, -6.815743631705118e-07)",1e-05,-0.001404,"(-0.000025, -0.000002, -0.002183)",LeftFalse_RightFalse,False,"(37.39499282836914, -0.003921627998352051, 0.7092443108558655)","(0.0006989770336076617, 98.73249053955078, -4.6182671553651744e-07)",-0.365488,1.0,"(0.000000, -0.000001, 0.000000)",LeftFalse_RightFalse
21.822021,0.063604,"(-1.358459234237671, 0.9270434975624084, -33.8599967956543)","(21.09246063232422, 290.9733581542969, 27.630054473876953)","(0.5395653247833252, 0.6852476596832275, -33.3088493347168)","(0.0005145857576280832, 193.2000732421875, 0.00011408751015551388)","(-1.7319202423095703, -0.003921709023416042, -33.00577926635742)","(0.0005270810215733945, 180.66969299316406, -2.7296871962789737e-07)",9e-06,-0.001404,"(-0.000031, 0.000000, -0.002816)",LeftFalse_RightFalse,False,"(37.394989013671875, -0.003921627998352051, 0.7092443108558655)","(0.0006989424582570791, 98.73249053955078, -4.332442813392845e-07)",-0.365488,1.0,"(0.000000, -0.000001, 0.000000)",LeftFalse_RightFalse
21.888062,0.064088,"(-1.36307692527771, 0.9011586904525757, -33.881839752197266)","(12.378859519958496, 286.0114440917969, 24.351253509521484)","(0.5395615100860596, 0.6852474212646484, -33.30896759033203)","(0.0005153517122380435, 193.2006378173828, 0.00011416063352953643)","(-1.7319211959838867, -0.00392189621925354, -33.00587463378906)","(0.0005278447060845792, 180.67027282714844, -3.6778178014174046e-07)",8e-06,-0.001404,"(-0.000015, 0.000000, -0.001457)",LeftFalse_RightFalse,False,"(37.39499282836914, -0.003921627998352051, 0.7092443108558655)","(0.0006989054381847382, 98.73249053955078, -4.277727043699997e-07)",-0.365488,1.0,"(0.000000, -0.000001, 0.000000)",LeftFalse_RightFalse
21.950195,0.063696,"(-1.36750328540802, 0.8836267590522766, -33.89820861816406)","(2.864010810852051, 283.93963623046875, 17.18490982055664)","(0.5395592451095581, 0.6852458119392395, -33.30898666381836)","(0.0008462359546683729, 193.20108032226562, 0.00018924509640783072)","(-1.7319213151931763, -0.003921866416931152, -33.0058708190918)","(0.0008671377436257899, 180.6707000732422, 1.140610493166605e-06)",7e-06,-0.001404,"(0.000003, 0.000002, 0.000410)",LeftFalse_RightFalse,False,"(37.39499282836914, -0.003921627998352051, 0.7092443108558655)","(0.0006988825625739992, 98.73249053955078, -4.251672010013863e-07)",-0.365488,1.0,"(0.000000, -0.000001, 0.000000)",LeftFalse_RightFalse
22.012695,0.063472,"(-1.367906928062439, 0.8713427782058716, -33.909908294677734)","(356.77764892578125, 282.94927978515625, 10.211662292480469)","(0.5395538806915283, 0.6852472424507141, -33.309104919433594)","(0.000625913729891181, 193.20187377929688, 0.00013932657020632178)","(-1.7319223880767822, -0.003921579569578171, -33.00596237182617)","(0.0006412331713363528, 180.67149353027344, 2.1152101226107334e-07)",7e-06,-0.001404,"(-0.000027, 0.000002, -0.002437)",LeftFalse_RightFalse,False,"(37.39499282836914, -0.003921627998352051, 0.7092443108558655)","(0.0006988742970861495, 98.73249053955078, -4.2402075450809207e-07)",-0.365488,1.0,"(0.000000, -0.000001, 0.000000)",LeftFalse_RightFalse
22.078857,0.063993,"(-1.3634884357452393, 0.8511420488357544, -33.919532775878906)","(353.43377685546875, 279.16693115234375, 7.629063606262207)","(0.5395655632019043, 0.6852464079856873, -33.309043884277344)","(0.0007613382767885923, 193.1996307373047, 0.00017027037392836064)","(-1.7319226264953613, -0.003921676892787218, -33.00598907470703)","(0.0007801455212756991, 180.66925048828125, 1.036959247358027e-06)",6e-06,-0.001404,"(-0.000005, 0.000002, -0.000440)",LeftFalse_RightFalse,False,"(37.39499282836914, -0.003921627998352051, 0.7092443108558655)","(0.0006988858804106712, 98.73249053955078, -4.249587561844237e-07)",-0.365488,1.0,"(0.000000, -0.000001, 0.000000)",LeftFalse_RightFalse
22.147217,0.064879,"(-1.3585660457611084, 0.8352634310722351, -33.92376708984375)","(351.7294921875, 276.4630432128906, 6.046084403991699)","(0.539566159248352, 0.6852467656135559, -33.30910110473633)","(0.0006963122868910432, 193.19931030273438, 0.00015407470345962793)","(-1.7319234609603882, -0.003921693656593561, -33.00605773925781)","(0.000713154673576355, 180.66893005371094, -6.650959107901144e-07)",5e-06,-0.001404,"(-0.000013, -0.000001, -0.001178)",LeftFalse_RightFalse,False,"(37.39499282836914, -0.003921627998352051, 0.7092443108558655)","(0.0006989134708419442, 98.73249053955078, -4.3102957647533913e-07)",-0.365488,1.0,"(0.000000, -0.000001, 0.000000)",LeftFalse_RightFalse
22.229126,0.068275,"(-1.35287606716156, 0.8226988315582275, -33.926422119140625)","(349.3611145019531, 275.4080505371094, 3.748802661895752)","(0.5395606756210327, 0.6852474212646484, -33.30923843383789)","(0.0005642555770464242, 193.2001190185547, 0.00012446193431969732)","(-1.7319246530532837, -0.003921737894415855, -33.00616455078125)","(0.0005778186023235321, 180.6697540283203, -9.218817922374001e-07)",5e-06,-0.001404,"(-0.000009, -0.000001, -0.000720)",LeftFalse_RightFalse,False,"(37.39499282836914, -0.003921627998352051, 0.7092443108558655)","(0.0006989465327933431, 98.73249053955078, -4.5682415361625317e-07)",-0.365488,1.0,"(0.000000, -0.000001, 0.000000)",LeftFalse_RightFalse
22.290649,0.066935,"(-1.3499557971954346, 0.8167245388031006, -33.92667770385742)","(347.85931396484375, 275.17767333984375, 3.1797549724578857)","(0.53955078125, 0.6852473020553589, -33.30936813354492)","(0.0006047798087820411, 193.2019500732422, 0.0001333212130703032)","(-1.7319252490997314, -0.003921717405319214, -33.006221771240234)","(0.0006192996515892446, 180.6715850830078, -1.065635728991765e-06)",4e-06,-0.001404,"(-0.000001, 0.000001, -0.000084)",LeftFalse_RightFalse,False,"(37.39499282836914, -0.003921627998352051, 0.7092442512512207)","(0.0006989635876379907, 98.73249053955078, -4.846770593758265e-07)",-0.365488,1.0,"(0.000000, -0.000001, 0.000000)",LeftFalse_RightFalse
22.351807,0.065768,"(-1.347633957862854, 0.809939444065094, -33.92708969116211)","(347.2164001464844, 274.48236083984375, 3.129206657409668)","(0.5395469665527344, 0.6852471828460693, -33.309444427490234)","(0.0006439209100790322, 193.20240783691406, 0.0001419987966073677)","(-1.7319259643554688, -0.0039216382429003716, -33.00627899169922)","(0.0006593912257812917, 180.67202758789062, -1.086693146135076e-06)",4e-06,-0.001404,"(-0.000015, 0.000000, -0.001578)",LeftFalse_RightFalse,False,"(37.39499282836914, -0.003921627998352051, 0.7092443108558655)","(0.0006989693501964211, 98.73249053955078, -5.149530579728889e-07)",-0.365488,1.0,"(0.000000, -0.000001, 0.000000)",LeftFalse_RightFalse
22.414307,0.065112,"(-1.344765305519104, 0.802449643611908, -33.92624282836914)","(350.61895751953125, 274.20574951171875, 2.3634533882141113)","(0.5395373106002808, 0.6852471828460693, -33.30957794189453)","(0.0006135225994512439, 193.2041473388672, 0.00013566923735197634)","(-1.7319265604019165, -0.003921716008335352, -33.006343841552734)","(0.0006283436669036746, 180.67376708984375, -6.703618851133797e-07)",4e-06,-0.001404,"(-0.000014, 0.000000, -0.001389)",LeftFalse_RightFalse,False,"(37.39499282836914, -0.003921627998352051, 0.7092442512512207)","(0.0006989612011238933, 98.73249053955078, -5.420764637165121e-07)",-0.365488,1.0,"(0.000000, -0.000001, 0.000000)",LeftFalse_RightFalse
22.475708,0.064392,"(-1.3460050821304321, 0.789204478263855, -33.92473220825195)","(351.37957763671875, 273.63775634765625, 2.2850403785705566)","(0.5395392179489136, 0.6852468848228455, -33.30962371826172)","(0.0006818112451583147, 193.20361328125, 0.0001517280179541558)","(-1.7319272756576538, -0.003921628929674625, -33.00640869140625)","(0.0006984896608628333, 180.67323303222656, 1.9022178321392857e-07)",3e-06,-0.001404,"(-0.000016, 0.000001, -0.001646)",LeftFalse_RightFalse,False,"(37.39499282836914, -0.003921627998352051, 0.7092443108558655)","(0.0006989410612732172, 98.73249053955078, -5.602628903034201e-07)",-0.365488,1.0,"(0.000000, -0.000001, 0.000000)",LeftFalse_RightFalse
22.538452,0.064049,"(-1.3464895486831665, 0.7840116024017334, -33.92420959472656)","(351.3986511230469, 273.41925048828125, 2.6309797763824463)","(0.5395400524139404, 0.6852474212646484, -33.3097038269043)","(0.0005668054800480604, 193.2032470703125, 0.00012578700261656195)","(-1.7319283485412598, -0.003921682946383953, -33.006507873535156)","(0.0005805951077491045, 180.67288208007812, -1.8157375336613768e-07)",3e-06,-0.001404,"(0.000002, -0.000001, 0.000355)",LeftFalse_RightFalse,False,"(37.39499282836914, -0.003921627998352051, 0.7092443704605103)","(0.0006989220273680985, 98.73249053955078, -5.506746560968168e-07)",-0.365488,1.0,"(0.000000, -0.000001, 0.000000)",LeftFalse_RightFalse
22.602905,0.064141,"(-1.3435213565826416, 0.8021425008773804, -33.922325134277344)","(355.34149169921875, 273.2906494140625, 1.3679146766662598)","(0.5395407676696777, 0.6852466464042664, -33.309730529785156)","(0.0007224948494695127, 193.20298767089844, 0.00016077031614258885)","(-1.731928825378418, -0.0039216759614646435, -33.00654220581055)","(0.0007401660550385714, 180.67262268066406, 1.9053568678373267e-07)",3e-06,-0.001404,"(-0.000030, 0.000002, -0.002617)",LeftFalse_RightFalse,False,"(37.39499282836914, -0.003921627998352051, 0.7092443108558655)","(0.0006989039829932153, 98.73249053955078, -5.154741984370048e-07)",-0.365488,1.0,"(0.000000, -0.000001, 0.000000)",LeftFalse_RightFalse
22.669556,0.064628,"(-1.3435207605361938, 0.7944856286048889, -33.92364501953125)","(353.0163269042969, 274.64410400390625, 0.7809062004089355)","(0.5395441055297852, 0.685247004032135, -33.30978775024414)","(0.0006687329732812941, 193.20217895507812, 0.00014820773503743112)","(-1.7319297790527344, -0.003921614959836006, -33.006629943847656)","(0.000684959115460515, 180.6717987060547, -4.0877242213355203e-07)",2e-06,-0.001404,"(-0.000019, 0.000002, -0.001713)",LeftFalse_RightFalse,False,"(37.39499282836914, -0.003921627998352051, 0.7092443108558655)","(0.0006988868117332458, 98.73249053955078, -4.798568511432677e-07)",-0.365488,1.0,"(0.000000, -0.000001, 0.000000)",LeftFalse_RightFalse
22.734497,0.064699,"(-1.3425194025039673, 0.7941814064979553, -33.92433547973633)","(352.0821838378906, 274.5968322753906, 0.7510172128677368)","(0.5395374298095703, 0.6852463483810425, -33.309871673583984)","(0.0007862125639803708, 193.20339965820312, 0.00017522649432066828)","(-1.7319300174713135, -0.003921685740351677, -33.00666427612305)","(0.0008055026410147548, 180.6730194091797, 4.783765916727134e-07)",2e-06,-0.001404,"(-0.000008, 0.000002, -0.000770)",LeftFalse_RightFalse,False,"(37.394989013671875, -0.003921627998352051, 0.7092443108558655)","(0.0006988778477534652, 98.73249053955078, -4.6091480498944293e-07)",-0.365488,1.0,"(0.000000, -0.000001, 0.000000)",LeftFalse_RightFalse
22.798828,0.064636,"(-1.3421542644500732, 0.7940787076950073, -33.924625396728516)","(351.782958984375, 274.65753173828125, 0.7623317241668701)","(0.5395406484603882, 0.6852471828460693, -33.309913635253906)","(0.000659637211356312, 193.2026824951172, 0.00014573641237802804)","(-1.7319308519363403, -0.003921525087207556, -33.006736755371094)","(0.0006755440263077617, 180.67230224609375, -8.478822337565362e-07)",2e-06,-0.001404,"(-0.000017, 0.000002, -0.001911)",LeftFalse_RightFalse,False,"(37.39499282836914, -0.003921627998352051, 0.7092443704605103)","(0.0006988812820054591, 98.73249053955078, -4.4892945538776985e-07)",-0.365488,1.0,"(0.000000, -0.000001, 0.000000)",LeftFalse_RightFalse
22.862915,0.064522,"(-1.342031717300415, 0.7940415740013123, -33.92477035522461)","(351.6629333496094, 274.6377868652344, 0.7414171099662781)","(0.5395386219024658, 0.6852470636367798, -33.30998229980469)","(0.0006507846992462873, 193.20281982421875, 0.00014352788275573403)","(-1.7319316864013672, -0.003921664319932461, -33.00680160522461)","(0.0006664230604656041, 180.6724395751953, -1.0831497547769686e-06)",2e-06,-0.001404,"(0.000002, 0.000000, 0.000169)",LeftFalse_RightFalse,False,"(37.394996643066406, -0.003921627998352051, 0.7092443704605103)","(0.0006988983368501067, 98.73249053955078, -4.39393289752843e-07)",-0.365488,1.0,"(0.000000, -0.000001, 0.000000)",LeftFalse_RightFalse
22.925171,0.064069,"(-1.3419852256774902, 0.7940265536308289, -33.92481231689453)","(351.6334533691406, 274.6522521972656, 0.7435201406478882)","(0.5395398139953613, 0.685246467590332, -33.309993743896484)","(0.0007809928501956165, 193.20265197753906, 0.00017350283451378345)","(-1.7319316864013672, -0.003921568393707275, -33.00681686401367)","(0.0008000332163646817, 180.6722869873047, -7.176186045398936e-08)",2e-06,-0.001404,"(-0.000013, 0.000001, -0.001233)",LeftFalse_RightFalse,False,"(37.39499282836914, -0.003921627998352051, 0.7092443108558655)","(0.0006989209796302021, 98.73249053955078, -4.488773299726745e-07)",-0.365488,1.0,"(0.000000, -0.000001, 0.000000)",LeftFalse_RightFalse
22.989746,0.064151,"(-1.3418278694152832, 0.7940195798873901, -33.92420196533203)","(351.629150390625, 274.642578125, 0.7342536449432373)","(0.5395371913909912, 0.6852458715438843, -33.31001663208008)","(0.0008967783069238067, 193.203125, 0.00019883920322172344)","(-1.7319316864013672, -0.003921619616448879, -33.00682067871094)","(0.000918557692784816, 180.67276000976562, -4.593653386564256e-07)",1e-06,-0.001404,"(0.000014, 0.000000, 0.001446)",LeftFalse_RightFalse,False,"(37.39499282836914, -0.003921627998352051, 0.7092443108558655)","(0.0006989439716562629, 98.73249053955078, -4.709981169526145e-07)",-0.365488,1.0,"(0.000000, -0.000001, 0.000000)",LeftFalse_RightFalse
23.052612,0.063906,"(-1.3417840003967285, 0.7940200567245483, -33.924041748046875)","(351.6315612792969, 274.6468505859375, 0.730855405330658)","(0.5395326614379883, 0.6852465271949768, -33.31010055541992)","(0.0007587293512187898, 193.2039337158203, 0.0001700038556009531)","(-1.7319324016571045, -0.003921572118997574, -33.006874084472656)","(0.000777541019488126, 180.67355346679688, 1.3428023066808237e-06)",1e-06,-0.001404,"(-0.000005, 0.000001, -0.000297)",LeftFalse_RightFalse,False,"(37.39499282836914, -0.003921627998352051, 0.7092442512512207)","(0.0006989596295170486, 98.73249053955078, -4.901746706309495e-07)",-0.365488,1.0,"(0.000000, -0.000001, 0.000000)",LeftFalse_RightFalse
23.118042,0.064218,"(-1.3417479991912842, 0.7947017550468445, -33.924015045166016)","(351.61846923828125, 274.6575927734375, 0.7295274138450623)","(0.5395363569259644, 0.6852469444274902, -33.310123443603516)","(0.0006879643187858164, 193.20301818847656, 0.00015272796736098826)","(-1.7319329977035522, -0.003921576775610447, -33.006935119628906)","(0.000704713340383023, 180.6726531982422, -1.6862782103999052e-07)",1e-06,-0.001404,"(-0.000002, -0.000002, -0.000040)",LeftFalse_RightFalse,False,"(37.39499282836914, -0.003921627998352051, 0.7092443108558655)","(0.0006989643443375826, 98.73249053955078, -5.11956727677898e-07)",-0.365488,1.0,"(0.000000, -0.000001, 0.000000)",LeftFalse_RightFalse
23.182129,0.06418,"(-1.341768503189087, 0.7949295043945312, -33.924007415771484)","(351.61175537109375, 274.6402282714844, 0.7224127650260925)","(0.539527416229248, 0.6852462291717529, -33.310203552246094)","(0.0008162606391124427, 193.2047576904297, 0.00018253539747092873)","(-1.7319331169128418, -0.003921598196029663, -33.00694274902344)","(0.0008364206878468394, 180.67437744140625, 1.0940273114101728e-06)",1e-06,-0.001404,"(-0.000002, 0.000001, -0.000113)",LeftFalse_RightFalse,False,"(37.39499282836914, -0.003921627998352051, 0.7092443108558655)","(0.0006989627727307379, 98.73249053955078, -5.235773414824507e-07)",-0.365488,1.0,"(0.000000, -0.000001, 0.000000)",LeftFalse_RightFalse
23.244751,0.063884,"(-1.3417770862579346, 0.7950131297111511, -33.92405700683594)","(351.6114501953125, 274.6419677734375, 0.7282136082649231)","(0.5395233631134033, 0.6852471828460693, -33.31028366088867)","(0.000652878254186362, 193.20542907714844, 0.00014520577678922564)","(-1.731933832168579, -0.003921510186046362, -33.00699996948242)","(0.0006688309949822724, 180.67506408691406, 1.0052953314243496e-07)",1e-06,-0.001404,"(-0.000021, 0.000000, -0.001818)",LeftFalse_RightFalse,False,"(37.39499282836914, -0.003921627998352051, 0.7092443108558655)","(0.000698956660926342, 98.73249053955078, -5.226132770985714e-07)",-0.365488,1.0,"(0.000000, -0.000001, 0.000000)",LeftFalse_RightFalse
23.307251,0.063591,"(-1.3417930603027344, 0.7950438857078552, -33.92411804199219)","(351.6174011230469, 274.6529846191406, 0.723564088344574)","(0.5395174026489258, 0.6852473020553589, -33.31038284301758)","(0.00060123490402475, 193.20643615722656, 0.00013354817929212004)","(-1.7319345474243164, -0.0039216456934809685, -33.007057189941406)","(0.0006158884498290718, 180.6760711669922, -7.499431831092807e-08)",1e-06,-0.001404,"(-0.000013, -0.000001, -0.001040)",LeftFalse_RightFalse,False,"(37.39499282836914, -0.003921627998352051, 0.7092443108558655)","(0.0006989461253397167, 98.73249053955078, -5.095857318337949e-07)",-0.365488,1.0,"(0.000000, -0.000001, 0.000000)",LeftFalse_RightFalse
23.368042,0.063037,"(-1.3418128490447998, 0.7950569987297058, -33.924198150634766)","(351.6201477050781, 274.6449279785156, 0.7217413187026978)","(0.5395103693008423, 0.6852478384971619, -33.31050491333008)","(0.0004661520360969007, 193.2076416015625, 0.00010334677062928677)","(-1.7319353818893433, -0.0039217364974319935, -33.00713348388672)","(0.0004774706903845072, 180.67726135253906, -2.4983768298625364e-07)",1e-06,-0.001404,"(-0.000020, -0.000002, -0.001833)",LeftFalse_RightFalse,False,"(37.39499282836914, -0.003921627998352051, 0.7092443108558655)","(0.0006989290122874081, 98.73249053955078, -4.910866095997335e-07)",-0.365488,1.0,"(0.000000, -0.000001, 0.000000)",LeftFalse_RightFalse
23.429565,0.062739,"(-1.3418049812316895, 0.7950600981712341, -33.92425537109375)","(351.61688232421875, 274.65557861328125, 0.7211553454399109)","(0.5395121574401855, 0.685247540473938, -33.310546875)","(0.0005430474411696196, 193.20712280273438, 0.0001198837926494889)","(-1.731935977935791, -0.003921734169125557, -33.00719451904297)","(0.0005561221623793244, 180.67674255371094, -7.896999818512995e-07)",1e-06,-0.001404,"(-0.000023, -0.000001, -0.002109)",LeftFalse_RightFalse,False,"(37.39499282836914, -0.003921627998352051, 0.7092443108558655)","(0.0006989092798903584, 98.73249053955078, -4.717537080978218e-07)",-0.365488,1.0,"(0.000000, -0.000001, 0.000000)",LeftFalse_RightFalse
23.492188,0.062718,"(-1.3417891263961792, 0.7950599193572998, -33.924285888671875)","(351.6156005859375, 274.6490173339844, 0.7133421301841736)","(0.5395171642303467, 0.6852469444274902, -33.310543060302734)","(0.0006664477405138314, 193.20611572265625, 0.00014735558943357319)","(-1.7319362163543701, -0.003921700641512871, -33.00722885131836)","(0.0006825434975326061, 180.67575073242188, -7.448257406394987e-07)",1e-06,-0.001404,"(-0.000014, 0.000001, -0.001275)",LeftFalse_RightFalse,False,"(37.39499282836914, -0.003921627998352051, 0.7092443108558655)","(0.000698895426467061, 98.73249053955078, -4.6503149064847094e-07)",-0.365488,1.0,"(0.000000, -0.000001, 0.000000)",LeftFalse_RightFalse
23.558472,0.06342,"(-1.341799259185791, 0.7950599193572998, -33.92434310913086)","(351.6150817871094, 274.6540832519531, 0.710243821144104)","(0.5395137071609497, 0.6852467656135559, -33.31061935424805)","(0.0007027621031738818, 193.20672607421875, 0.0001550991873955354)","(-1.7319368124008179, -0.003921722061932087, -33.00728225708008)","(0.0007196731166914105, 180.6763458251953, -1.0643456107573002e-06)",1e-06,-0.001404,"(-0.000013, 0.000001, -0.001219)",LeftFalse_RightFalse,False,"(37.394996643066406, -0.003921627998352051, 0.7092443704605103)","(0.0006988892564550042, 98.73249053955078, -4.7475006681452214e-07)",-0.365488,1.0,"(0.000000, -0.000001, 0.000000)",LeftFalse_RightFalse
23.622559,0.063557,"(-1.3418471813201904, 0.7950589060783386, -33.92439270019531)","(351.61492919921875, 274.6514587402344, 0.709308922290802)","(0.5394978523254395, 0.6852463483810425, -33.31076431274414)","(0.0007895780727267265, 193.20970153808594, 0.0001763206091709435)","(-1.7319369316101074, -0.003921587020158768, -33.00730895996094)","(0.0008090254268608987, 180.6793212890625, 8.162427889146784e-07)",1e-06,-0.001404,"(-0.000003, 0.000002, -0.000135)",LeftFalse_RightFalse,False,"(37.39499282836914, -0.003921627998352051, 0.7092443704605103)","(0.0006988915847614408, 98.73249053955078, -5.001277258998016e-07)",-0.365488,1.0,"(0.000000, -0.000001, 0.000000)",LeftFalse_RightFalse
23.690308,0.064392,"(-1.3418300151824951, 0.7950577735900879, -33.924400329589844)","(351.6148376464844, 274.64599609375, 0.709001898765564)","(0.5395033359527588, 0.6852460503578186, -33.31073760986328)","(0.0008675046847201884, 193.20863342285156, 0.0001936793705681339)","(-1.7319369316101074, -0.003921523690223694, -33.00732421875)","(0.0008888618322089314, 180.67825317382812, 8.548178129785811e-07)",1e-06,-0.001404,"(0.000000, 0.000000, -0.000049)",LeftFalse_RightFalse,False,"(37.39499282836914, -0.003921627998352051, 0.7092443108558655)","(0.0006989069515839219, 98.73249053955078, -5.296481617733662e-07)",-0.365488,1.0,"(0.000000, -0.000001, 0.000000)",LeftFalse_RightFalse
23.756958,0.064858,"(-1.3418159484863281, 0.7950590252876282, -33.92442321777344)","(351.6148376464844, 274.65325927734375, 0.7088004350662231)","(0.5395078659057617, 0.685246467590332, -33.310733795166016)","(0.0007935584872029722, 193.2077178955078, 0.00017650525842327625)","(-1.7319374084472656, -0.003921535797417164, -33.007354736328125)","(0.000812950951512903, 180.67733764648438, 1.3296650536176458e-07)",0.0,-0.001404,"(-0.000011, 0.000001, -0.001124)",LeftFalse_RightFalse,False,"(37.394996643066406, -0.003921627998352051, 0.7092443108558655)","(0.0006989281973801553, 98.73249053955078, -5.362140313991404e-07)",-0.365488,1.0,"(0.000000, -0.000001, 0.000000)",LeftFalse_RightFalse
23.81665,0.063814,"(-1.3418357372283936, 0.7950604557991028, -33.924476623535156)","(351.6148376464844, 274.6505126953125, 0.6994442939758301)","(0.5395011901855469, 0.6852468848228455, -33.31082534790039)","(0.0007010507397353649, 193.20895385742188, 0.0001557318464620039)","(-1.7319376468658447, -0.003921568393707275, -33.00740051269531)","(0.0007181397522799671, 180.67857360839844, -7.547837554966463e-08)",0.0,-0.001404,"(-0.000005, -0.000001, -0.000237)",LeftFalse_RightFalse,False,"(37.394989013671875, -0.003921627998352051, 0.7092443108558655)","(0.0006989444373175502, 98.73249053955078, -5.256356985228194e-07)",-0.365488,1.0,"(0.000000, -0.000001, 0.000000)",LeftFalse_RightFalse
23.880737,0.063858,"(-1.341852068901062, 0.7950617074966431, -33.924530029296875)","(351.6148376464844, 274.6575927734375, 0.7029573917388916)","(0.5394954681396484, 0.6852472424507141, -33.3109130859375)","(0.0006257389904931188, 193.2099151611328, 0.0001397511368850246)","(-1.731938362121582, -0.003921568393707275, -33.007450103759766)","(0.0006411546492017806, 180.67953491210938, 6.638957756877062e-07)",0.0,-0.001404,"(-0.000031, -0.000001, -0.002744)",LeftFalse_RightFalse,False,"(37.39499282836914, -0.003921627998352051, 0.7092443108558655)","(0.0006989565445110202, 98.73249053955078, -5.040359951635764e-07)",-0.365488,1.0,"(0.000000, -0.000001, 0.000000)",LeftFalse_RightFalse
23.944092,0.063775,"(-1.341846227645874, 0.7950663566589355, -33.924659729003906)","(351.6148681640625, 274.6619873046875, 0.6970774531364441)","(0.5394961833953857, 0.685248613357544, -33.3110237121582)","(0.00032792030833661556, 193.20947265625, 7.175845530582592e-05)","(-1.7319397926330566, -0.003921727649867535, -33.00758361816406)","(0.00033567819627933204, 180.67909240722656, -1.095410425477894e-06)",0.0,-0.001404,"(-0.000019, -0.000004, -0.001707)",LeftFalse_RightFalse,False,"(37.39499282836914, -0.003921627998352051, 0.7092443108558655)","(0.0006989595131017268, 98.73249053955078, -4.802216153620975e-07)",-0.365488,1.0,"(0.000000, -0.000001, 0.000000)",LeftFalse_RightFalse
24.008789,0.063943,"(-1.3418430089950562, 0.795062780380249, -33.924713134765625)","(351.6148376464844, 274.6560974121094, 0.6952092051506042)","(0.5394971370697021, 0.6852473020553589, -33.31106948852539)","(0.0005282232305034995, 193.209228515625, 0.00011661433381959796)","(-1.731940507888794, -0.003922025673091412, -33.00763702392578)","(0.0005409418954513967, 180.67884826660156, -7.650669431313872e-07)",0.0,-0.001404,"(0.000013, -0.000003, 0.001260)",LeftFalse_RightFalse,False,"(37.39499282836914, -0.003921627998352051, 0.7092443108558655)","(0.0006989520625211298, 98.73249053955078, -4.5739736265204556e-07)",-0.365488,1.0,"(0.000000, -0.000001, 0.000000)",LeftFalse_RightFalse
24.07019,0.063449,"(-1.3418384790420532, 0.7950623035430908, -33.92476272583008)","(351.6148376464844, 274.65240478515625, 0.6959579586982727)","(0.5394973754882812, 0.6852473616600037, -33.31111145019531)","(0.0005767189431935549, 193.20887756347656, 0.0001263800513697788)","(-1.7319412231445312, -0.003921724855899811, -33.0076904296875)","(0.0005904011195525527, 180.6785125732422, -1.7534653125039767e-06)",0.0,-0.001404,"(-0.000025, 0.000002, -0.002377)",LeftFalse_RightFalse,False,"(37.39499282836914, -0.003921627998352051, 0.7092443108558655)","(0.0006989386165514588, 98.73249053955078, -4.4752246708412713e-07)",-0.365488,1.0,"(0.000000, -0.000001, 0.000000)",LeftFalse_RightFalse
24.13623,0.063961,"(-1.3418347835540771, 0.7950590252876282, -33.92478942871094)","(351.6148376464844, 274.6507263183594, 0.6875301599502563)","(0.539499044418335, 0.6852463483810425, -33.311126708984375)","(0.0007766358903609216, 193.20864868164062, 0.00017295776342507452)","(-1.7319412231445312, -0.003921775612980127, -33.007713317871094)","(0.0007956618792377412, 180.67828369140625, 3.4139347349082527e-07)",0.0,-0.001404,"(0.000008, 0.000004, 0.000622)",LeftFalse_RightFalse,False,"(37.39499282836914, -0.003921627998352051, 0.7092443108558655)","(0.0006989202229306102, 98.73249053955078, -4.5156102146393096e-07)",-0.365488,1.0,"(0.000000, -0.000001, 0.000000)",LeftFalse_RightFalse
24.200439,0.064007,"(-1.341837763786316, 0.795059323310852, -33.92481231689453)","(351.6148376464844, 274.65045166015625, 0.6846701502799988)","(0.539497971534729, 0.6852465271949768, -33.3111572265625)","(0.0007701987051405013, 193.20883178710938, 0.00017109456530306488)","(-1.7319415807724, -0.003921568393707275, -33.00773620605469)","(0.0007889737607911229, 180.67845153808594, -8.081925528813372e-08)",0.0,-0.001404,"(0.000003, 0.000002, 0.000151)",LeftFalse_RightFalse,False,"(37.39499282836914, -0.003921627998352051, 0.7092443704605103)","(0.0006989066605456173, 98.73249053955078, -4.711804990620294e-07)",-0.365488,1.0,"(0.000000, -0.000001, 0.000000)",LeftFalse_RightFalse
24.262695,0.063656,"(-1.3418455123901367, 0.7950611114501953, -33.924861907958984)","(351.6148376464844, 274.6507568359375, 0.6835704445838928)","(0.5394951105117798, 0.6852471232414246, -33.311222076416016)","(0.0006649301503784955, 193.2092742919922, 0.00014726098743267357)","(-1.731942057609558, -0.003921519964933395, -33.00778579711914)","(0.0006810416816733778, 180.6789093017578, -5.079332368040923e-07)",0.0,-0.001404,"(-0.000010, -0.000003, -0.000914)",LeftFalse_RightFalse,False,"(37.39499282836914, -0.003921627998352051, 0.7092443108558655)","(0.0006989007815718651, 98.73249053955078, -5.050521281191322e-07)",-0.365488,1.0,"(0.000000, -0.000001, 0.000000)",LeftFalse_RightFalse
24.323242,0.063039,"(-1.3418359756469727, 0.7950640320777893, -33.92494583129883)","(351.6148681640625, 274.6500549316406, 0.6830237507820129)","(0.5394971370697021, 0.685248076915741, -33.311283111572266)","(0.0004888988332822919, 193.2086181640625, 0.00010754351387731731)","(-1.731942892074585, -0.003921449184417725, -33.00787353515625)","(0.0005005860584788024, 180.67823791503906, -1.088122871806263e-06)",0.0,-0.001404,"(-0.000008, -0.000005, -0.000896)",LeftFalse_RightFalse,False,"(37.394989013671875, -0.0039216578006744385, 0.7092442512512207)","(0.0006987441447563469, 98.73249053955078, -5.349112939256884e-07)",-0.365488,1.0,"(0.000000, 0.000000, 0.000000)",LeftFalse_RightFalse
24.387207,0.063217,"(-1.3424776792526245, 0.7950596809387207, -33.924808502197266)","(351.62127685546875, 274.65045166015625, 0.6831331849098206)","(0.5394947528839111, 0.6852465867996216, -33.311309814453125)","(0.0007411528495140374, 193.20907592773438, 0.00016546959523111582)","(-1.731943130493164, -0.0039216638542711735, -33.00788116455078)","(0.000759399204980582, 180.67869567871094, 7.299162234630785e-07)",0.0,-0.001404,"(-0.000003, 0.000001, -0.000208)",LeftFalse_RightFalse,False,"(37.39499282836914, -0.0039216578006744385, 0.7092443108558655)","(0.0006981618353165686, 98.73249053955078, -1.394938180965255e-06)",-0.365487,1.0,"(0.000000, -0.000001, 0.000000)",LeftFalse_RightFalse
24.448975,0.062945,"(-1.3425246477127075, 0.7950574159622192, -33.924068450927734)","(351.62353515625, 274.6494140625, 0.6832250356674194)","(0.5394998788833618, 0.6852458715438843, -33.3112678527832)","(0.0008816311601549387, 193.2080841064453, 0.00019526720279827714)","(-1.7319430112838745, -0.003921682946383953, -33.00787353515625)","(0.0009029964567162097, 180.67771911621094, -6.599961466235982e-07)",0.0,-0.001404,"(0.000013, 0.000001, 0.000992)",LeftFalse_RightFalse,False,"(37.39499282836914, -0.0039216578006744385, 0.7092443108558655)","(0.0006981146871112287, 98.73249053955078, -1.5711749483671156e-06)",-0.365487,1.0,"(0.000000, 0.000000, 0.000000)",LeftFalse_RightFalse
24.512207,0.062981,"(-1.3425707817077637, 0.7950577139854431, -33.92380142211914)","(351.6244201660156, 274.6507568359375, 0.6763722896575928)","(0.5394926071166992, 0.6852459907531738, -33.31132888793945)","(0.0008714016294106841, 193.2094268798828, 0.00019490082922857255)","(-1.7319433689117432, -0.003921559080481529, -33.00788116455078)","(0.0008929309551604092, 180.67904663085938, 1.201739110001654e-06)",0.0,-0.001404,"(0.000000, 0.000002, 0.000279)",LeftFalse_RightFalse,False,"(37.39499282836914, -0.0039216578006744385, 0.7092443108558655)","(0.0006981916376389563, 98.73249053955078, -1.4439477808991796e-06)",-0.365487,1.0,"(0.000000, 0.000000, 0.000000)",LeftFalse_RightFalse
24.577881,0.063518,"(-1.3425781726837158, 0.7950584888458252, -33.92371368408203)","(351.624755859375, 274.650634765625, 0.6736997365951538)","(0.5394935607910156, 0.6852462887763977, -33.31134033203125)","(0.0008240803144872189, 193.20928955078125, 0.0001834966242313385)","(-1.7319436073303223, -0.0039215488359332085, -33.00790023803711)","(0.0008442627149634063, 180.6789093017578, 3.358384503826528e-07)",0.0,-0.001404,"(-0.000022, 0.000001, -0.002046)",LeftFalse_RightFalse,False,"(37.39499282836914, -0.0039216578006744385, 0.7092442512512207)","(0.0006981833139434457, 98.73249053955078, -1.4794609342061449e-06)",-0.365487,1.0,"(0.000000, 0.000000, 0.000000)",LeftFalse_RightFalse
24.641357,0.063516,"(-1.3425872325897217, 0.7950601577758789, -33.9237174987793)","(351.6248779296875, 274.6510314941406, 0.6727251410484314)","(0.5394909381866455, 0.6852468252182007, -33.31139373779297)","(0.0007258124533109367, 193.2096405029297, 0.00016113599122036248)","(-1.7319440841674805, -0.003921497613191605, -33.00794219970703)","(0.0007434841827489436, 180.6792755126953, -1.7227836224265047e-07)",0.0,-0.001404,"(-0.000002, 0.000000, -0.000347)",LeftFalse_RightFalse,False,"(37.394996643066406, -0.0039216578006744385, 0.7092443108558655)","(0.0006980783073231578, 98.73249053955078, -1.6992618157019024e-06)",-0.365488,1.0,"(0.000000, 0.000000, 0.000000)",LeftFalse_RightFalse
24.7052,0.063581,"(-1.342603325843811, 0.795714259147644, -33.923770904541016)","(351.62493896484375, 274.65191650390625, 0.6722457408905029)","(0.539484977722168, 0.685247540473938, -33.31148910522461)","(0.0005697683081962168, 193.2105255126953, 0.00012736809730995446)","(-1.7319447994232178, -0.003921598196029663, -33.00800323486328)","(0.0005838305805809796, 180.68016052246094, 7.190112683019834e-07)",0.0,-0.001404,"(-0.000027, -0.000002, -0.002477)",LeftFalse_RightFalse,False,"(37.39499282836914, -0.0039216578006744385, 0.7092443108558655)","(0.0006980894831940532, 98.73249053955078, -1.6232851294262218e-06)",-0.365488,1.0,"(0.000000, 0.000001, 0.000000)",LeftFalse_RightFalse
24.766357,0.063105,"(-1.342585802078247, 0.7959407567977905, -33.9238166809082)","(351.6249694824219, 274.6507568359375, 0.6720747351646423)","(0.5394909381866455, 0.685247540473938, -33.31150436401367)","(0.0005122548900544643, 193.20936584472656, 0.00011372377048246562)","(-1.731945514678955, -0.003921866416931152, -33.00806427001953)","(0.0005247267545200884, 180.6790008544922, -1.2235068425070494e-07)",0.0,-0.001404,"(-0.000017, -0.000001, -0.001537)",LeftFalse_RightFalse,False,"(37.39499282836914, -0.003921627998352051, 0.7092443108558655)","(0.0006984265637584031, 98.73249053955078, -1.2979089660802856e-06)",-0.365488,1.0,"(0.000000, 0.000000, 0.000000)",LeftFalse_RightFalse
24.825928,0.062383,"(-1.3425976037979126, 0.7960253357887268, -33.923858642578125)","(351.6249694824219, 274.6514587402344, 0.6713169813156128)","(0.5394871234893799, 0.6852473020553589, -33.31156921386719)","(0.0005493393982760608, 193.21005249023438, 0.00012141562910983339)","(-1.7319459915161133, -0.003921850584447384, -33.00810241699219)","(0.0005625968333333731, 180.6796875, -6.594519277314248e-07)",0.0,-0.001404,"(-0.000007, -0.000002, -0.000583)",LeftFalse_RightFalse,False,"(37.39499282836914, -0.003921627998352051, 0.7092443108558655)","(0.000698812713380903, 98.73249053955078, -8.422051678280695e-07)",-0.365487,1.0,"(0.000000, 0.000000, 0.000000)",LeftFalse_RightFalse
24.890137,0.062758,"(-1.3432519435882568, 0.7960612177848816, -33.92375946044922)","(351.62493896484375, 274.6528625488281, 0.6710589528083801)","(0.5394790172576904, 0.6852469444274902, -33.31166458129883)","(0.0006353521021082997, 193.21148681640625, 0.000140869859023951)","(-1.7319462299346924, -0.003921814262866974, -33.008140563964844)","(0.0006507814978249371, 180.6811065673828, -3.296662214324897e-07)",0.0,-0.001404,"(0.000003, 0.000000, 0.000332)",LeftFalse_RightFalse,False,"(37.39499282836914, -0.003921627998352051, 0.7092443108558655)","(0.0006988955428823829, 98.73249053955078, -6.867343813610205e-07)",-0.365488,1.0,"(0.000000, 0.000000, 0.000000)",LeftFalse_RightFalse
24.954956,0.063185,"(-1.3434858322143555, 0.7960702180862427, -33.923675537109375)","(351.62493896484375, 274.6532287597656, 0.6712238788604736)","(0.5394768714904785, 0.6852456331253052, -33.3116455078125)","(0.0009174033184535801, 193.21189880371094, 0.0002047804300673306)","(-1.7319457530975342, -0.003921658731997013, -33.00810241699219)","(0.0009399804985150695, 180.6815185546875, 8.656094792058866e-07)",0.0,-0.001404,"(0.000016, 0.000003, 0.001444)",LeftFalse_RightFalse,False,"(37.39499282836914, -0.003921627998352051, 0.7092443108558655)","(0.0006988635868765414, 98.73249053955078, -7.633364020875888e-07)",-0.365488,1.0,"(0.000000, 0.000000, 0.000000)",LeftFalse_RightFalse
25.020142,0.063579,"(-1.3434193134307861, 0.796079695224762, -33.923099517822266)","(351.62493896484375, 274.65338134765625, 0.6708906292915344)","(0.5394749641418457, 0.6852471828460693, -33.31173324584961)","(0.0006382424617186189, 193.21200561523438, 0.00014195275434758514)","(-1.7319467067718506, -0.003921567928045988, -33.00818634033203)","(0.0006538378656841815, 180.681640625, 1.0034797526259354e-07)",0.0,-0.001404,"(-0.000012, -0.000001, -0.000959)",LeftFalse_RightFalse,False,"(37.39499282836914, -0.003921627998352051, 0.7092443108558655)","(0.0006988664390519261, 98.73249053955078, -7.694593477935996e-07)",-0.365487,1.0,"(0.000000, 0.000000, 0.000000)",LeftFalse_RightFalse
25.082764,0.063386,"(-1.3434137105941772, 0.7960793375968933, -33.92289352416992)","(351.62493896484375, 274.65447998046875, 0.6709989905357361)","(0.5394692420959473, 0.6852466464042664, -33.31178665161133)","(0.0007567324792034924, 193.21311950683594, 0.00016799310105852783)","(-1.7319467067718506, -0.003921519964933395, -33.00819396972656)","(0.0007751552038826048, 180.6827392578125, -1.868061474397109e-07)",0.0,-0.001404,"(0.000006, -0.000002, 0.000537)",LeftFalse_RightFalse,False,"(37.39499282836914, -0.003921627998352051, 0.7092443108558655)","(0.0006989386747591197, 98.73249053955078, -5.295700020724325e-07)",-0.365488,1.0,"(0.000000, 0.000000, 0.000000)",LeftFalse_RightFalse
25.144897,0.063123,"(-1.3433849811553955, 0.7960798740386963, -33.922828674316406)","(351.62493896484375, 274.6531982421875, 0.6709886789321899)","(0.5394759178161621, 0.6852465867996216, -33.3117561340332)","(0.0007530016591772437, 193.21185302734375, 0.0001671489590080455)","(-1.7319469451904297, -0.003921627067029476, -33.008216857910156)","(0.0007713302620686591, 180.6814727783203, -2.0143117751558748e-07)",0.0,-0.001404,"(0.000009, -0.000001, 0.000835)",LeftFalse_RightFalse,False,"(37.39499282836914, -0.003921627998352051, 0.7092443108558655)","(0.0006988465902395546, 98.73249053955078, -6.83529606249067e-07)",-0.365488,1.0,"(0.000000, 0.000000, 0.000000)",LeftFalse_RightFalse
25.206421,0.062801,"(-1.343379259109497, 0.7960797548294067, -33.92280578613281)","(351.62493896484375, 274.6453857421875, 0.6784969568252563)","(0.5394766330718994, 0.685246467590332, -33.31175994873047)","(0.0007769145886413753, 193.21170043945312, 0.00017270482203457505)","(-1.7319469451904297, -0.003921644762158394, -33.00822448730469)","(0.0007958788773976266, 180.68133544921875, 3.403651405164965e-08)",0.0,-0.001404,"(-0.000014, 0.000001, -0.001213)",LeftFalse_RightFalse,False,"(37.39499282836914, -0.003921627998352051, 0.7092443108558655)","(0.0006988607347011566, 98.73249053955078, -5.926754624852038e-07)",-0.365487,1.0,"(0.000000, 0.000000, 0.000000)",LeftFalse_RightFalse
25.269775,0.06293,"(-1.3433897495269775, 0.7960776090621948, -33.92277145385742)","(351.62493896484375, 274.64306640625, 0.6816091537475586)","(0.539473295211792, 0.6852457523345947, -33.311763763427734)","(0.0009150777477771044, 193.2124481201172, 0.00020432579913176596)","(-1.7319467067718506, -0.00392157630994916, -33.00819778442383)","(0.0009376117959618568, 180.68206787109375, 9.263223432753875e-07)",0.0,-0.001404,"(0.000012, 0.000001, 0.001101)",LeftFalse_RightFalse,False,"(37.39499282836914, -0.003921627998352051, 0.7092443704605103)","(0.000698798627126962, 98.73249053955078, -6.546345048263902e-07)",-0.365488,1.0,"(0.000000, 0.000000, 0.000000)",LeftFalse_RightFalse
25.330322,0.062438,"(-1.3433823585510254, 0.7960798740386963, -33.92277908325195)","(351.6188659667969, 274.6416015625, 0.6825160384178162)","(0.5394749641418457, 0.6852467060089111, -33.31175994873047)","(0.0007912380388006568, 193.21200561523438, 0.00017494311032351106)","(-1.7319467067718506, -0.0039213597774505615, -33.00821304321289)","(0.0008103467989712954, 180.68162536621094, -8.885409101822006e-07)",0.0,-0.001404,"(-0.000007, 0.000000, -0.000848)",LeftFalse_RightFalse,False,"(37.39499282836914, -0.003921627998352051, 0.7092442512512207)","(0.0006989576504565775, 98.73249053955078, -2.312651048441694e-07)",-0.365487,1.0,"(0.000000, 0.000000, 0.000000)",LeftFalse_RightFalse
25.393799,0.062654,"(-1.343369960784912, 0.7960822582244873, -33.92280960083008)","(351.6163635253906, 274.6404113769531, 0.6760596036911011)","(0.5394792556762695, 0.6852473020553589, -33.311767578125)","(0.0006314613856375217, 193.21121215820312, 0.0001379653695039451)","(-1.7319471836090088, -0.0039216261357069016, -33.00825500488281)","(0.0006463532918132842, 180.68084716796875, -2.3208517632156145e-06)",0.0,-0.001404,"(-0.000008, -0.000002, -0.000908)",LeftFalse_RightFalse,False,"(37.39499282836914, -0.003921627998352051, 0.7092443108558655)","(0.0006988653331063688, 98.73249053955078, -4.49997713758421e-07)",-0.365487,1.0,"(0.000000, 0.000000, 0.000000)",LeftFalse_RightFalse
25.454834,0.062339,"(-1.3433723449707031, 0.7960832118988037, -33.9228515625)","(351.6155090332031, 274.640380859375, 0.6737830638885498)","(0.539478063583374, 0.6852473616600037, -33.31181335449219)","(0.000563942245207727, 193.21133422851562, 0.0001252891233889386)","(-1.731947898864746, -0.003921746741980314, -33.008296966552734)","(0.000577692233491689, 180.6809539794922, -4.641553275064325e-08)",0.0,-0.001404,"(0.000000, -0.000002, 0.000125)",LeftFalse_RightFalse,False,"(37.39499282836914, -0.003921627998352051, 0.7092443108558655)","(0.0006988871609792113, 98.73249053955078, -4.1229597513847693e-07)",-0.365487,1.0,"(0.000000, 0.000000, 0.000000)",LeftFalse_RightFalse
25.515869,0.062072,"(-1.3433674573898315, 0.7960807681083679, -33.92285919189453)","(351.6151123046875, 274.63995361328125, 0.673078715801239)","(0.5394790172576904, 0.6852466464042664, -33.31180953979492)","(0.0007129554869607091, 193.21099853515625, 0.00015820356202311814)","(-1.7319481372833252, -0.003921748138964176, -33.008304595947266)","(0.0007302970043383539, 180.6806182861328, -2.4543908239138545e-07)",0.0,-0.001404,"(-0.000007, 0.000001, -0.000792)",LeftFalse_RightFalse,False,"(37.39499282836914, -0.003921627998352051, 0.7092443108558655)","(0.0006988910608924925, 98.73249053955078, -4.4634998630499467e-07)",-0.365488,1.0,"(0.000000, 0.000000, 0.000000)",LeftFalse_RightFalse
25.579346,0.062341,"(-1.3433518409729004, 0.7960838675498962, -33.92292785644531)","(351.6150207519531, 274.6389465332031, 0.6725299954414368)","(0.5394835472106934, 0.6852476000785828, -33.31184387207031)","(0.0005192772368900478, 193.20997619628906, 0.00011352002911735326)","(-1.7319488525390625, -0.003921783063560724, -33.00838088989258)","(0.0005315376911312342, 180.6796112060547, -1.8447868797011324e-06)",0.0,-0.001404,"(-0.000002, -0.000002, -0.000030)",LeftFalse_RightFalse,False,"(37.39499282836914, -0.003921627998352051, 0.7092442512512207)","(0.0006988958339206874, 98.73249053955078, -5.031761816098879e-07)",-0.365488,1.0,"(0.000000, 0.000000, 0.000000)",LeftFalse_RightFalse
25.642456,0.062509,"(-1.3433541059494019, 0.7960857152938843, -33.923004150390625)","(351.6149597167969, 274.6390686035156, 0.6722849607467651)","(0.5394823551177979, 0.6852481365203857, -33.311927795410156)","(0.0004048438568133861, 193.2100830078125, 8.757856994634494e-05)","(-1.7319495677947998, -0.003921858500689268, -33.008460998535156)","(0.00041420169873163104, 180.67970275878906, -2.341204435651889e-06)",0.0,-0.001404,"(-0.000018, -0.000002, -0.001512)",LeftFalse_RightFalse,False,"(37.39499282836914, -0.003921627998352051, 0.7092443108558655)","(0.0006989473477005959, 98.73249053955078, -4.90617594550713e-07)",-0.365488,1.0,"(0.000000, 0.000000, 0.000000)",LeftFalse_RightFalse
25.706909,0.062901,"(-1.3433663845062256, 0.796082079410553, -33.923030853271484)","(351.6149597167969, 274.6397705078125, 0.6724653244018555)","(0.5394785404205322, 0.6852469444274902, -33.311973571777344)","(0.0006247804267331958, 193.21083068847656, 0.00013802434841636568)","(-1.731949806213379, -0.003921943716704845, -33.00847625732422)","(0.0006398442783392966, 180.6804656982422, -8.137936333696416e-07)",0.0,-0.001404,"(0.000002, 0.000002, 0.000143)",LeftFalse_RightFalse,False,"(37.39499282836914, -0.003921627998352051, 0.7092443108558655)","(0.0006988727254793048, 98.73249053955078, -6.996056072239298e-07)",-0.365487,1.0,"(0.000000, 0.000000, 0.000000)",LeftFalse_RightFalse
25.768555,0.062644,"(-1.3433880805969238, 0.7960813045501709, -33.92306900024414)","(351.61492919921875, 274.6410827636719, 0.6725088953971863)","(0.5394706726074219, 0.6852468252182007, -33.31205749511719)","(0.0006801170529797673, 193.212158203125, 0.00015203413204289973)","(-1.731950283050537, -0.003921717405319214, -33.008506774902344)","(0.0006969023961573839, 180.68179321289062, 8.565888265366084e-07)",0.0,-0.001404,"(0.000005, 0.000002, 0.000541)",LeftFalse_RightFalse,False,"(37.39499282836914, -0.003921627998352051, 0.7092443108558655)","(0.0006990136462263763, 98.73249053955078, -3.953601606099255e-07)",-0.365488,1.0,"(0.000000, 0.000000, 0.000000)",LeftFalse_RightFalse
25.830688,0.062533,"(-1.3433568477630615, 0.7960793375968933, -33.92305374145508)","(351.6148986816406, 274.6391296386719, 0.6726345419883728)","(0.5394811630249023, 0.6852462887763977, -33.311981201171875)","(0.0008090277551673353, 193.21022033691406, 0.00017980461416300386)","(-1.731950044631958, -0.003921651281416416, -33.00850296020508)","(0.0008287676610052586, 180.67984008789062, -2.4902979678387283e-09)",0.0,-0.001404,"(0.000009, 0.000001, 0.000714)",LeftFalse_RightFalse,False,"(37.39499282836914, -0.003921627998352051, 0.7092443108558655)","(0.0006989471148699522, 98.73249053955078, -5.591425633610925e-07)",-0.365487,1.0,"(0.000000, 0.000000, 0.000000)",LeftFalse_RightFalse
25.894775,0.062862,"(-1.3433468341827393, 0.7960801720619202, -33.923072814941406)","(351.61492919921875, 274.63848876953125, 0.6725766062736511)","(0.5394850969314575, 0.6852465271949768, -33.31197738647461)","(0.0007554626790806651, 193.2095947265625, 0.00016605922428425401)","(-1.7319501638412476, -0.003921684809029102, -33.00852584838867)","(0.000773496285546571, 180.67921447753906, -1.7991397953665e-06)",0.0,-0.001404,"(-0.000003, 0.000001, -0.000462)",LeftFalse_RightFalse,False,"(37.39499282836914, -0.003921627998352051, 0.7092443108558655)","(0.0006989549146965146, 98.73249053955078, -5.042704742663773e-07)",-0.365488,1.0,"(0.000000, 0.000000, 0.000000)",LeftFalse_RightFalse
25.959473,0.06322,"(-1.3433642387390137, 0.7960771918296814, -33.92304229736328)","(351.6148986816406, 274.63958740234375, 0.6727738976478577)","(0.53947913646698, 0.6852456331253052, -33.311981201171875)","(0.0009470879449509084, 193.21070861816406, 0.00021152241970412433)","(-1.7319496870040894, -0.003921519033610821, -33.00848388671875)","(0.0009704207768663764, 180.68032836914062, 1.0067227549370728e-06)",0.0,-0.001404,"(0.000013, 0.000004, 0.001253)",LeftFalse_RightFalse,False,"(37.394989013671875, -0.003921627998352051, 0.7092443108558655)","(0.0006988010136410594, 98.73249053955078, -8.299592764160479e-07)",-0.365488,1.0,"(0.000000, 0.000000, 0.000000)",LeftFalse_RightFalse
26.025879,0.063849,"(-1.3433959484100342, 0.7960792779922485, -33.92305374145508)","(351.6148986816406, 274.6415710449219, 0.6726518273353577)","(0.53946852684021, 0.6852463483810425, -33.31205749511719)","(0.000829411088488996, 193.21267700195312, 0.0001855130831245333)","(-1.731949806213379, -0.003921401686966419, -33.00848388671875)","(0.0008499037940055132, 180.68231201171875, 1.1477321777420002e-06)",0.0,-0.001404,"(-0.000016, 0.000001, -0.001236)",LeftFalse_RightFalse,False,"(37.39499282836914, -0.003921627998352051, 0.7092443108558655)","(0.0006988199893385172, 98.73249053955078, -7.135190571716521e-07)",-0.365488,1.0,"(0.000000, 0.000000, 0.000000)",LeftFalse_RightFalse
26.089722,0.063862,"(-1.3434062004089355, 0.7960801124572754, -33.923065185546875)","(351.61492919921875, 274.6422119140625, 0.6725925803184509)","(0.5394653081893921, 0.6852465867996216, -33.31209182739258)","(0.0007722820155322552, 193.2133026123047, 0.00017285291687585413)","(-1.7319501638412476, -0.0039214626885950565, -33.00849151611328)","(0.0007913889712654054, 180.6829376220703, 1.1836373232654296e-06)",0.0,-0.001404,"(-0.000004, -0.000003, -0.000392)",LeftFalse_RightFalse,False,"(37.39499282836914, -0.003921627998352051, 0.7092443108558655)","(0.0006990066030994058, 98.73249053955078, -2.2918069930710772e-07)",-0.365488,1.0,"(0.000000, 0.000000, 0.000000)",LeftFalse_RightFalse
26.153442,0.063835,"(-1.344043493270874, 0.7960807681083679, -33.92293167114258)","(351.61492919921875, 274.6429138183594, 0.6725512742996216)","(0.5394612550735474, 0.6852467656135559, -33.312129974365234)","(0.000732558430172503, 193.2139892578125, 0.00016370866796933115)","(-1.7319504022598267, -0.003921473864465952, -33.00850296020508)","(0.0007506274268962443, 180.68362426757812, 8.755361022849684e-07)",0.0,-0.001404,"(0.000013, -0.000002, 0.001264)",LeftFalse_RightFalse,False,"(37.394989013671875, -0.003921627998352051, 0.7092443108558655)","(0.000698974821716547, 98.73249053955078, -2.780600709684222e-07)",-0.365487,1.0,"(0.000000, 0.000000, 0.000000)",LeftFalse_RightFalse
26.214966,0.063351,"(-1.344272494316101, 0.7960832118988037, -33.922950744628906)","(351.61492919921875, 274.6435241699219, 0.6723845601081848)","(0.5394575595855713, 0.6852474808692932, -33.312217712402344)","(0.0005718719330616295, 193.214599609375, 0.00012724784028250724)","(-1.7319512367248535, -0.0039216564036905766, -33.00857162475586)","(0.0005858579534105957, 180.68421936035156, 1.452447833116821e-07)",0.0,-0.001404,"(0.000002, -0.000003, 0.000301)",LeftFalse_RightFalse,False,"(37.39499282836914, -0.003921627998352051, 0.7092443108558655)","(0.0006989366374909878, 98.73249053955078, -4.210765496281965e-07)",-0.365488,1.0,"(0.000000, -0.000001, 0.000000)",LeftFalse_RightFalse
26.276123,0.062933,"(-1.344374418258667, 0.7960829734802246, -33.9229621887207)","(351.61492919921875, 274.64459228515625, 0.6723988652229309)","(0.5394511222839355, 0.6852473616600037, -33.312286376953125)","(0.0005850374000146985, 193.21566772460938, 0.00013076496543362737)","(-1.7319514751434326, -0.003921627998352051, -33.00859451293945)","(0.0005994728417135775, 180.685302734375, 7.222676572382625e-07)",0.0,-0.001404,"(-0.000010, -0.000002, -0.000671)",LeftFalse_RightFalse,False,"(37.39499282836914, -0.003921627998352051, 0.7092442512512207)","(0.0006990093388594687, 98.73249053955078, -2.951522333205503e-07)",-0.365488,1.0,"(0.000000, 0.000000, 0.000000)",LeftFalse_RightFalse
26.342529,0.06363,"(-1.3444006443023682, 0.7960823774337769, -33.9229850769043)","(351.61492919921875, 274.6440124511719, 0.672427773475647)","(0.5394539833068848, 0.6852470636367798, -33.312294006347656)","(0.000613548094406724, 193.21507263183594, 0.00013611046597361565)","(-1.7319519519805908, -0.003921803552657366, -33.008628845214844)","(0.0006284640985541046, 180.68470764160156, -2.451598106745223e-07)",0.0,-0.001404,"(0.000013, -0.000002, 0.001182)",LeftFalse_RightFalse,False,"(37.39499282836914, -0.003921627998352051, 0.7092443108558655)","(0.0006989386747591197, 98.73249053955078, -4.994242317479802e-07)",-0.365488,1.0,"(0.000000, 0.000000, 0.000000)",LeftFalse_RightFalse
26.404297,0.063251,"(-1.344398021697998, 0.79608154296875, -33.92298889160156)","(351.61492919921875, 274.64312744140625, 0.6724873781204224)","(0.5394585132598877, 0.6852468848228455, -33.31227493286133)","(0.0006710807210765779, 193.21420288085938, 0.00014877019566483796)","(-1.73195219039917, -0.003921687602996826, -33.00864028930664)","(0.0006873732781969011, 180.683837890625, -3.691124277338531e-07)",0.0,-0.001404,"(0.000011, -0.000001, 0.000895)",LeftFalse_RightFalse,False,"(37.39499282836914, -0.003921627998352051, 0.7092443108558655)","(0.0006988197565078735, 98.73249053955078, -8.116685989989492e-07)",-0.365488,1.0,"(0.000000, 0.000000, 0.000000)",LeftFalse_RightFalse
26.470581,0.063858,"(-1.3443782329559326, 0.7960813045501709, -33.922977447509766)","(351.61492919921875, 274.6416015625, 0.6725050210952759)","(0.539466381072998, 0.6852469444274902, -33.31221389770508)","(0.0006876145489513874, 193.2126922607422, 0.0001512724265921861)","(-1.7319519519805908, -0.003921598196029663, -33.00864028930664)","(0.0007040560594759881, 180.6823272705078, -1.5136073443500209e-06)",0.0,-0.001404,"(-0.000005, 0.000001, -0.000635)",LeftFalse_RightFalse,False,"(37.39499282836914, -0.003921627998352051, 0.7092442512512207)","(0.0006989478133618832, 98.73249053955078, -5.326966174834524e-07)",-0.365488,1.0,"(0.000000, -0.000001, 0.000000)",LeftFalse_RightFalse
26.533325,0.063634,"(-1.3443602323532104, 0.7960824966430664, -33.92300033569336)","(351.61492919921875, 274.640380859375, 0.6724308133125305)","(0.5394726991653442, 0.6852473616600037, -33.312198638916016)","(0.0006165142985992134, 193.2114715576172, 0.0001346859644399956)","(-1.7319520711898804, -0.003921600989997387, -33.00867462158203)","(0.0006310506723821163, 180.68109130859375, -2.2792687559558544e-06)",0.0,-0.001404,"(-0.000014, 0.000001, -0.001446)",LeftFalse_RightFalse,False,"(37.39499282836914, -0.003921627998352051, 0.7092443108558655)","(0.00069896673085168, 98.73249053955078, -5.116440888741636e-07)",-0.365488,1.0,"(0.000000, -0.000001, 0.000000)",LeftFalse_RightFalse
26.596802,0.063607,"(-1.344374418258667, 0.796081006526947, -33.923004150390625)","(351.61492919921875, 274.6412353515625, 0.6725249886512756)","(0.5394681692123413, 0.6852468252182007, -33.31222915649414)","(0.0007068103877827525, 193.2123260498047, 0.00015556855942122638)","(-1.7319520711898804, -0.003921630326658487, -33.008670806884766)","(0.0007237266399897635, 180.68194580078125, -1.4844769111732603e-06)",0.0,-0.001404,"(-0.000002, 0.000000, -0.000212)",LeftFalse_RightFalse,False,"(37.39499282836914, -0.003921627998352051, 0.7092443108558655)","(0.0006989549729041755, 98.73249053955078, -5.486944587573817e-07)",-0.365488,1.0,"(0.000000, 0.000000, 0.000000)",LeftFalse_RightFalse
26.657593,0.063031,"(-1.3443485498428345, 0.7960793972015381, -33.9229850769043)","(351.6148986816406, 274.63958740234375, 0.6726210713386536)","(0.5394771099090576, 0.6852462291717529, -33.31216049194336)","(0.0008003796683624387, 193.210693359375, 0.00017778818437363952)","(-1.7319519519805908, -0.003921739757061005, -33.008663177490234)","(0.0008198880823329091, 180.68031311035156, -9.46105487287241e-08)",0.0,-0.001404,"(0.000012, 0.000002, 0.001091)",LeftFalse_RightFalse,False,"(37.394989013671875, -0.003921627998352051, 0.7092443108558655)","(0.0006990727852098644, 98.73249053955078, -2.3741411325772788e-07)",-0.365487,1.0,"(0.000000, -0.000001, 0.000000)",LeftFalse_RightFalse
26.716919,0.062288,"(-1.3443483114242554, 0.79608154296875, -33.92301940917969)","(351.61492919921875, 274.6395568847656, 0.672486424446106)","(0.5394768714904785, 0.6852469444274902, -33.312191009521484)","(0.0006701152306050062, 193.2106475830078, 0.0001480889623053372)","(-1.731952428817749, -0.0039216578006744385, -33.008697509765625)","(0.0006862828740850091, 180.68026733398438, -8.246353786489635e-07)",0.0,-0.001404,"(0.000000, -0.000001, 0.000034)",LeftFalse_RightFalse,False,"(37.39499282836914, -0.003921627998352051, 0.7092443108558655)","(0.0006990220863372087, 98.73249053955078, -3.526037346546218e-07)",-0.365488,1.0,"(0.000000, 0.000000, 0.000000)",LeftFalse_RightFalse
26.778198,0.062086,"(-1.344343900680542, 0.79608154296875, -33.92303466796875)","(351.61492919921875, 274.6392822265625, 0.6724866628646851)","(0.5394788980484009, 0.6852468848228455, -33.312198638916016)","(0.0006697329226881266, 193.21035766601562, 0.00014842649397905916)","(-1.7319525480270386, -0.003921678755432367, -33.00871658325195)","(0.000685982930008322, 180.67999267578125, -4.121823451441742e-07)",0.0,-0.001404,"(-0.000004, -0.000001, -0.000399)",LeftFalse_RightFalse,False,"(37.394996643066406, -0.003921627998352051, 0.7092443108558655)","(0.0006989210960455239, 98.73249053955078, -5.808203695778502e-07)",-0.365488,1.0,"(0.000000, -0.000001, 0.000000)",LeftFalse_RightFalse
26.84314,0.062661,"(-1.344315528869629, 0.7960816025733948, -33.923038482666016)","(351.61492919921875, 274.6374816894531, 0.6724933981895447)","(0.5394874811172485, 0.685247004032135, -33.31214141845703)","(0.0006761272670701146, 193.2085723876953, 0.00015034287935122848)","(-1.7319527864456177, -0.003921586088836193, -33.008731842041016)","(0.0006926404894329607, 180.67819213867188, 7.126641321519855e-08)",0.0,-0.001404,"(-0.000018, -0.000001, -0.001641)",LeftFalse_RightFalse,False,"(37.39499282836914, -0.003921627998352051, 0.7092443108558655)","(0.0006989794783294201, 98.73249053955078, -3.809516897490539e-07)",-0.365488,1.0,"(0.000000, -0.000001, 0.000000)",LeftFalse_RightFalse
26.90564,0.062619,"(-1.3442950248718262, 0.7960830926895142, -33.92308044433594)","(351.61492919921875, 274.6361999511719, 0.6787441372871399)","(0.5394942760467529, 0.6852474212646484, -33.312137603759766)","(0.0005718425964005291, 193.207275390625, 0.00012602150673046708)","(-1.7319531440734863, -0.0039217472076416016, -33.00878143310547)","(0.0005855632480233908, 180.67689514160156, -1.0455253232066752e-06)",0.0,-0.001404,"(-0.000007, -0.000001, -0.000718)",LeftFalse_RightFalse,False,"(37.39499282836914, -0.003921627998352051, 0.7092443108558655)","(0.0006990150432102382, 98.73249053955078, -2.5145780568891496e-07)",-0.365488,1.0,"(0.000000, -0.000001, 0.000000)",LeftFalse_RightFalse
26.966553,0.062287,"(-1.344265103340149, 0.7960827350616455, -33.923099517822266)","(351.61492919921875, 274.63427734375, 0.6811002492904663)","(0.5395035743713379, 0.6852474212646484, -33.312095642089844)","(0.0005970660131424665, 193.20535278320312, 0.00013065370148979127)","(-1.7319536209106445, -0.0039216578006744385, -33.00881576538086)","(0.0006111908587627113, 180.6749725341797, -1.996050286834361e-06)",0.0,-0.001404,"(0.000007, -0.000001, 0.000421)",LeftFalse_RightFalse,False,"(37.39499282836914, -0.003921627998352051, 0.7092443108558655)","(0.0006990209221839905, 98.73249053955078, -2.1623131374326476e-07)",-0.365488,1.0,"(0.000000, -0.000001, 0.000000)",LeftFalse_RightFalse
27.030273,0.062581,"(-1.3442509174346924, 0.7960807681083679, -33.9231071472168)","(351.61492919921875, 274.6268615722656, 0.682166576385498)","(0.5395087003707886, 0.6852465867996216, -33.312076568603516)","(0.0007087490521371365, 193.20448303222656, 0.00015582010382786393)","(-1.731953501701355, -0.003921888768672943, -33.008827209472656)","(0.0007256739190779626, 180.67410278320312, -1.6595336091995705e-06)",0.0,-0.001404,"(0.000013, -0.000001, 0.001143)",LeftFalse_RightFalse,False,"(37.39499282836914, -0.003921627998352051, 0.7092442512512207)","(0.0006989949615672231, 98.73249053955078, -2.786593427117623e-07)",-0.365488,1.0,"(0.000000, -0.000001, 0.000000)",LeftFalse_RightFalse
27.092163,0.062431,"(-1.3442760705947876, 0.7960795760154724, -33.92310333251953)","(351.6148986816406, 274.62615966796875, 0.6825912594795227)","(0.5395004749298096, 0.6852463483810425, -33.3121223449707)","(0.0007968471036292613, 193.2060546875, 0.00017718164599500597)","(-1.7319533824920654, -0.003921646159142256, -33.008811950683594)","(0.0008163079037331045, 180.67568969726562, 7.974245619379872e-08)",0.0,-0.001404,"(0.000004, 0.000003, 0.000464)",LeftFalse_RightFalse,False,"(37.39499282836914, -0.003921627998352051, 0.7092443108558655)","(0.000698947231285274, 98.73249053955078, -4.154225905494968e-07)",-0.365488,1.0,"(0.000000, -0.000001, 0.000000)",LeftFalse_RightFalse
27.155396,0.062607,"(-1.3442680835723877, 0.7960829138755798, -33.92314910888672)","(351.60699462890625, 274.6247253417969, 0.6825180649757385)","(0.5395025014877319, 0.6852474808692932, -33.31215286254883)","(0.0005978478002361953, 193.2055206298828, 0.00013083014346193522)","(-1.7319539785385132, -0.003921509720385075, -33.00886535644531)","(0.000611992203630507, 180.67514038085938, -1.9934136616939213e-06)",0.0,-0.001404,"(-0.000004, -0.000002, -0.000522)",LeftFalse_RightFalse,False,"(37.39499282836914, -0.003921627998352051, 0.7092443108558655)","(0.0006988951354287565, 98.73249053955078, -5.722221771975455e-07)",-0.365488,1.0,"(0.000000, -0.000001, 0.000000)",LeftFalse_RightFalse
27.21936,0.062868,"(-1.344276785850525, 0.7960835695266724, -33.92319869995117)","(351.6040954589844, 274.62493896484375, 0.682512640953064)","(0.5394992828369141, 0.6852476000785828, -33.312217712402344)","(0.0005467718583531678, 193.20602416992188, 0.00012058641004841775)","(-1.731954574584961, -0.003921711351722479, -33.0089111328125)","(0.0005599105497822165, 180.67564392089844, -9.118815000874747e-07)",0.0,-0.001404,"(0.000000, -0.000003, 0.000150)",LeftFalse_RightFalse,False,"(37.39499282836914, -0.003921627998352051, 0.7092443108558655)","(0.0006988607929088175, 98.73249053955078, -6.575265842911904e-07)",-0.365488,1.0,"(0.000000, -0.000001, 0.000000)",LeftFalse_RightFalse
27.282349,0.0629,"(-1.3441519737243652, 0.796084463596344, -33.922645568847656)","(351.60302734375, 274.6260070800781, 0.6824740767478943)","(0.5394926071166992, 0.6852477788925171, -33.312320709228516)","(0.0004922027001157403, 193.2072296142578, 0.00010999593359883875)","(-1.7319550514221191, -0.003921709023416042, -33.00896453857422)","(0.0005043434211984277, 180.67684936523438, 5.890647116757464e-07)",0.0,-0.001404,"(-0.000014, 0.000000, -0.001281)",LeftFalse_RightFalse,False,"(37.39499282836914, -0.003921627998352051, 0.7092442512512207)","(0.0006988533423282206, 98.73249053955078, -6.501269353975658e-07)",-0.365488,1.0,"(0.000000, -0.000001, 0.000000)",LeftFalse_RightFalse
27.345825,0.063017,"(-1.3440933227539062, 0.7960808277130127, -33.92241287231445)","(351.6026611328125, 274.6256103515625, 0.6827033758163452)","(0.539494514465332, 0.6852465867996216, -33.31230545043945)","(0.0007087335688993335, 193.2069091796875, 0.00015710506704635918)","(-1.7319550514221191, -0.003921777009963989, -33.00896072387695)","(0.0007259375415742397, 180.67654418945312, -4.018140202788345e-07)",0.0,-0.001404,"(0.000013, 0.000002, 0.001006)",LeftFalse_RightFalse,False,"(37.39499282836914, -0.0039216578006744385, 0.7092443108558655)","(0.0006986644002608955, 98.73249053955078, -5.5580750313311e-07)",-0.365488,1.0,"(0.000000, 0.000000, 0.000000)",LeftFalse_RightFalse
27.406738,0.062578,"(-1.3440910577774048, 0.7960821390151978, -33.92238998413086)","(351.6025085449219, 274.62664794921875, 0.6826251149177551)","(0.5394890308380127, 0.6852471232414246, -33.31239318847656)","(0.0006311650504358113, 193.20794677734375, 0.0001393570564687252)","(-1.7319552898406982, -0.0039217425510287285, -33.009010314941406)","(0.0006463660392910242, 180.6775665283203, -8.980468919617124e-07)",0.0,-0.001404,"(-0.000008, 0.000003, -0.000671)",LeftFalse_RightFalse,False,"(37.39499282836914, -0.0039216578006744385, 0.7092443108558655)","(0.0006981532787904143, 98.73249053955078, -1.2870440286860685e-06)",-0.365487,1.0,"(0.000000, -0.000001, 0.000000)",LeftFalse_RightFalse
27.470947,0.062916,"(-1.3441051244735718, 0.7960842251777649, -33.92243576049805)","(351.6024475097656, 274.62799072265625, 0.6824983358383179)","(0.5394809246063232, 0.6852477192878723, -33.31251907348633)","(0.0005067259771749377, 193.20924377441406, 0.00011195462866453454)","(-1.7319560050964355, -0.003921664319932461, -33.00908279418945)","(0.0005189455696381629, 180.6788787841797, -6.497988351839012e-07)",0.0,-0.001404,"(-0.000014, -0.000002, -0.001093)",LeftFalse_RightFalse,False,"(37.39499282836914, -0.0039216578006744385, 0.7092443108558655)","(0.000698142743203789, 98.73249053955078, -1.3693780829271418e-06)",-0.365487,1.0,"(0.000000, 0.000000, 0.000000)",LeftFalse_RightFalse
27.532837,0.062706,"(-1.3440954685211182, 0.7960824370384216, -33.92245864868164)","(351.6024475097656, 274.62750244140625, 0.6757420301437378)","(0.5394830703735352, 0.6852471232414246, -33.312538146972656)","(0.0006080350722186267, 193.20880126953125, 0.00013511456199921668)","(-1.7319564819335938, -0.003921796102076769, -33.00912094116211)","(0.0006228664424270391, 180.67843627929688, -2.1243863557174336e-08)",0.0,-0.001404,"(0.000011, -0.000002, 0.000879)",LeftFalse_RightFalse,False,"(37.39499282836914, -0.0039216578006744385, 0.7092443108558655)","(0.0006980817415751517, 98.73249053955078, -1.6049162923081894e-06)",-0.365488,1.0,"(0.000000, 0.000000, 0.000000)",LeftFalse_RightFalse
27.595947,0.062779,"(-1.3440686464309692, 0.7960801720619202, -33.92244338989258)","(351.6024169921875, 274.6258544921875, 0.6732378005981445)","(0.5394916534423828, 0.6852465867996216, -33.31247329711914)","(0.0007644974975846708, 193.20718383789062, 0.00016932592552620918)","(-1.7319562435150146, -0.0039215972647070885, -33.009117126464844)","(0.0007830244721844792, 180.6768035888672, -5.704035856979317e-07)",0.0,-0.001404,"(-0.000018, 0.000003, -0.001847)",LeftFalse_RightFalse,False,"(37.39499282836914, -0.0039216578006744385, 0.7092443108558655)","(0.0006980965845286846, 98.73249053955078, -1.6739622878958471e-06)",-0.365487,1.0,"(0.000000, 0.000000, 0.000000)",LeftFalse_RightFalse
27.659424,0.062926,"(-1.3440806865692139, 0.7960798144340515, -33.92247772216797)","(351.6024169921875, 274.6266174316406, 0.6722643375396729)","(0.5394872426986694, 0.685246467590332, -33.31253433227539)","(0.0007831459515728056, 193.20794677734375, 0.00017193012172356248)","(-1.7319563627243042, -0.003921602852642536, -33.00914764404297)","(0.0008017938234843314, 180.67758178710938, -2.074177700706059e-06)",0.0,-0.001404,"(0.000008, 0.000001, 0.000594)",LeftFalse_RightFalse,False,"(37.39499282836914, -0.0039216578006744385, 0.7092443108558655)","(0.000698230869602412, 98.73249053955078, -1.433525767424726e-06)",-0.365487,1.0,"(0.000000, 0.000000, 0.000000)",LeftFalse_RightFalse
27.721436,0.062753,"(-1.3440912961959839, 0.7960801720619202, -33.9224967956543)","(351.6024169921875, 274.6272888183594, 0.6718893647193909)","(0.5394837856292725, 0.6852465867996216, -33.31257629394531)","(0.0007619448588229716, 193.2086181640625, 0.00016980183136183769)","(-1.7319567203521729, -0.003921579569578171, -33.00916290283203)","(0.0007806360372342169, 180.67823791503906, 4.47950696980115e-07)",0.0,-0.001404,"(-0.000010, 0.000001, -0.001055)",LeftFalse_RightFalse,False,"(37.394989013671875, -0.0039216578006744385, 0.7092443108558655)","(0.0006982713821344078, 98.73249053955078, -1.3720617744183983e-06)",-0.365489,1.0,"(0.000000, 0.000001, 0.000000)",LeftFalse_RightFalse
27.783936,0.062685,"(-1.3440699577331543, 0.7960819005966187, -33.92253112792969)","(351.6024169921875, 274.6259460449219, 0.6782472133636475)","(0.5394903421401978, 0.6852470636367798, -33.312564849853516)","(0.0006518822046928108, 193.20726013183594, 0.00014440409722737968)","(-1.7319570779800415, -0.003921598196029663, -33.00920867919922)","(0.0006676847697235644, 180.6768798828125, -4.6596088054684515e-07)",0.0,-0.001404,"(0.000007, -0.000001, 0.000668)",LeftFalse_RightFalse,False,"(37.39499282836914, -0.0039216578006744385, 0.7092443704605103)","(0.0006983867497183383, 98.73249053955078, -1.1307914746794268e-06)",-0.365488,1.0,"(0.000000, 0.000001, 0.000000)",LeftFalse_RightFalse
27.850586,0.063483,"(-1.3440732955932617, 0.7960844039916992, -33.92259216308594)","(351.6024169921875, 274.6261291503906, 0.6806919574737549)","(0.5394884347915649, 0.6852478384971619, -33.3126335144043)","(0.0005033959168940783, 193.20742797851562, 0.00011136539251310751)","(-1.7319577932357788, -0.003921561408787966, -33.00926971435547)","(0.0005155670223757625, 180.67706298828125, -5.0253089511898e-07)",0.0,-0.001404,"(-0.000024, -0.000002, -0.002243)",LeftFalse_RightFalse,False,"(37.39499282836914, -0.003921627998352051, 0.7092443108558655)","(0.0006987304659560323, 98.73249053955078, -3.8129039126033604e-07)",-0.365488,1.0,"(0.000000, 0.000001, 0.000000)",LeftFalse_RightFalse
27.916748,0.064028,"(-1.3440784215927124, 0.7960839867591858, -33.92264938354492)","(351.6024169921875, 274.62640380859375, 0.6815691590309143)","(0.5394864082336426, 0.6852476000785828, -33.31270217895508)","(0.0005188575596548617, 193.20770263671875, 0.00011507960880408064)","(-1.7319583892822266, -0.00392171973362565, -33.00932693481445)","(0.0005314663867466152, 180.67733764648438, -2.3131396176268026e-07)",0.0,-0.001404,"(0.000003, -0.000002, 0.000398)",LeftFalse_RightFalse,False,"(37.394996643066406, -0.003921627998352051, 0.7092443108558655)","(0.0006988378590904176, 98.73249053955078, -3.7600119640046614e-07)",-0.365487,1.0,"(0.000000, 0.000000, 0.000000)",LeftFalse_RightFalse
27.978882,0.063639,"(-1.3440901041030884, 0.7960801720619202, -33.92265319824219)","(351.6024169921875, 274.6271057128906, 0.6820753812789917)","(0.5394830703735352, 0.6852463483810425, -33.31272506713867)","(0.0007455099257640541, 193.20846557617188, 0.00016612239414826035)","(-1.7319581508636475, -0.00392185291275382, -33.00931930541992)","(0.0007637941744178534, 180.67808532714844, 4.218695437430142e-07)",0.0,-0.001404,"(-0.000009, 0.000001, -0.000632)",LeftFalse_RightFalse,False,"(37.39499282836914, -0.003921627998352051, 0.7092443108558655)","(0.000698860443662852, 98.73249053955078, -6.094809918977262e-07)",-0.365487,1.0,"(0.000000, 0.000000, 0.000000)",LeftFalse_RightFalse
28.042725,0.063691,"(-1.3440901041030884, 0.7960819602012634, -33.922691345214844)","(351.6024169921875, 274.6270751953125, 0.6748488545417786)","(0.539482593536377, 0.6852470636367798, -33.31276321411133)","(0.0006495380075648427, 193.2084197998047, 0.00014444910630118102)","(-1.7319588661193848, -0.003921620547771454, -33.009361267089844)","(0.0006654061144217849, 180.67803955078125, 8.658273031869612e-08)",0.0,-0.001404,"(-0.000004, 0.000000, -0.000382)",LeftFalse_RightFalse,False,"(37.39499282836914, -0.003921627998352051, 0.7092443108558655)","(0.0006988985696807504, 98.73249053955078, -7.610435659444192e-07)",-0.365488,1.0,"(0.000000, 0.000000, 0.000000)",LeftFalse_RightFalse
28.104858,0.063384,"(-1.344059705734253, 0.7960809469223022, -33.92269515991211)","(351.6024169921875, 274.6251525878906, 0.6806919574737549)","(0.5394923686981201, 0.6852467060089111, -33.312705993652344)","(0.0007100055227056146, 193.2064971923828, 0.00015714892651885748)","(-1.7319588661193848, -0.003921688534319401, -33.009376525878906)","(0.000727188540622592, 180.67613220214844, -6.349466161736927e-07)",0.0,-0.001404,"(0.000015, 0.000001, 0.001133)",LeftFalse_RightFalse,False,"(37.39499282836914, -0.003921627998352051, 0.7092442512512207)","(0.0006989626563154161, 98.73249053955078, -8.022105930649559e-07)",-0.365488,1.0,"(0.000000, 0.000000, 0.000000)",LeftFalse_RightFalse
28.168579,0.06344,"(-1.3440687656402588, 0.7960765957832336, -33.92265701293945)","(351.6023864746094, 274.625732421875, 0.6832173466682434)","(0.53948974609375, 0.6852453947067261, -33.312686920166016)","(0.0009843052830547094, 193.20709228515625, 0.00021994001872371882)","(-1.7319583892822266, -0.00392158841714263, -33.00933074951172)","(0.0010085778776556253, 180.67672729492188, 1.1492604699014919e-06)",0.0,-0.001404,"(0.000014, 0.000004, 0.001424)",LeftFalse_RightFalse,False,"(37.39499282836914, -0.003921627998352051, 0.7092443108558655)","(0.0006989796529524028, 98.73249053955078, -8.643259548080096e-07)",-0.365488,1.0,"(0.000000, 0.000000, 0.000000)",LeftFalse_RightFalse
28.233765,0.063795,"(-1.3441119194030762, 0.7960804104804993, -33.92270278930664)","(351.6023864746094, 274.6284484863281, 0.677078127861023)","(0.539474606513977, 0.6852467060089111, -33.31282043457031)","(0.0007572544272989035, 193.20977783203125, 0.00016895333828870207)","(-1.7319587469100952, -0.00392145337536931, -33.009361267089844)","(0.0007758729625493288, 180.67941284179688, 6.373514338520181e-07)",0.0,-0.001404,"(-0.000017, -0.000001, -0.001472)",LeftFalse_RightFalse,False,"(37.39499282836914, -0.003921627998352051, 0.7092443108558655)","(0.0006988639943301678, 98.73249053955078, -1.0943925872197724e-06)",-0.365488,1.0,"(0.000000, 0.000000, 0.000000)",LeftFalse_RightFalse
28.296631,0.063601,"(-1.3441200256347656, 0.7960827946662903, -33.92274475097656)","(351.6024169921875, 274.62896728515625, 0.6749385595321655)","(0.5394726991653442, 0.6852473616600037, -33.31288146972656)","(0.0006012514350004494, 193.2102813720703, 0.0001334667031187564)","(-1.7319592237472534, -0.0039215427823364735, -33.009403228759766)","(0.0006158868782222271, 180.67990112304688, -1.5810887532552442e-07)",0.0,-0.001404,"(0.000008, -0.000002, 0.000733)",LeftFalse_RightFalse,False,"(37.39499282836914, -0.003921627998352051, 0.7092443704605103)","(0.0006990413530729711, 98.73249053955078, -5.119046591062215e-07)",-0.365488,1.0,"(0.000000, 0.000000, 0.000000)",LeftFalse_RightFalse
28.358643,0.063301,"(-1.3441214561462402, 0.7960833311080933, -33.92277908325195)","(351.6024169921875, 274.6290283203125, 0.6741747260093689)","(0.5394719839096069, 0.6852474808692932, -33.31291580200195)","(0.0005649945815093815, 193.2103271484375, 0.00012505438644438982)","(-1.7319597005844116, -0.003921627998352051, -33.009437561035156)","(0.0005786684341728687, 180.67996215820312, -5.038519361733051e-07)",0.0,-0.001404,"(-0.000001, -0.000001, -0.000108)",LeftFalse_RightFalse,False,"(37.39499282836914, -0.003921627998352051, 0.7092443108558655)","(0.000698886695317924, 98.73249053955078, -6.912940193615214e-07)",-0.365488,1.0,"(0.000000, 0.000000, 0.000000)",LeftFalse_RightFalse
28.425293,0.063955,"(-1.3441057205200195, 0.7960831522941589, -33.92280197143555)","(351.6024169921875, 274.6280212402344, 0.6738894581794739)","(0.5394766330718994, 0.6852474808692932, -33.31290817260742)","(0.0005753797595389187, 193.20933532714844, 0.00012695483746938407)","(-1.7319598197937012, -0.003921627998352051, -33.00946807861328)","(0.0005892186309210956, 180.678955078125, -9.018436912811012e-07)",0.0,-0.001404,"(0.000010, -0.000001, 0.000818)",LeftFalse_RightFalse,False,"(37.39499282836914, -0.003921627998352051, 0.7092443108558655)","(0.0006988879758864641, 98.73249053955078, -4.7662601332376653e-07)",-0.365488,1.0,"(0.000000, 0.000000, 0.000000)",LeftFalse_RightFalse
28.488647,0.063834,"(-1.3440889120101929, 0.7960818409919739, -33.92280578613281)","(351.6024169921875, 274.626953125, 0.6811092495918274)","(0.5394823551177979, 0.6852470636367798, -33.31287384033203)","(0.0006543630152009428, 193.20828247070312, 0.0001445495436200872)","(-1.7319598197937012, -0.003921687602996826, -33.00947570800781)","(0.0006701379315927625, 180.6779022216797, -8.621930192020955e-07)",0.0,-0.001404,"(0.000001, 0.000000, 0.000214)",LeftFalse_RightFalse,False,"(37.39499282836914, -0.003921627998352051, 0.7092443108558655)","(0.0006988385575823486, 98.73249053955078, -4.225877319186111e-07)",-0.365488,1.0,"(0.000000, 0.000000, 0.000000)",LeftFalse_RightFalse
28.549438,0.063222,"(-1.344075083732605, 0.7960798144340515, -33.922794342041016)","(351.6024169921875, 274.6260681152344, 0.6837472915649414)","(0.5394871234893799, 0.6852464079856873, -33.31283187866211)","(0.0007782469037920237, 193.20742797851562, 0.0001720843429211527)","(-1.731959581375122, -0.003921678755432367, -33.00946807861328)","(0.0007970447768457234, 180.67706298828125, -8.60697696225543e-07)",0.0,-0.001404,"(0.000009, 0.000002, 0.000748)",LeftFalse_RightFalse,False,"(37.39499282836914, -0.003921627998352051, 0.7092443108558655)","(0.0006988238310441375, 98.73249053955078, -3.5528739772416884e-07)",-0.365488,1.0,"(0.000000, 0.000000, 0.000000)",LeftFalse_RightFalse
28.611572,0.063012,"(-1.3440767526626587, 0.7960811853408813, -33.92280197143555)","(351.6024169921875, 274.6261901855469, 0.6846784949302673)","(0.5394861698150635, 0.685247004032135, -33.312843322753906)","(0.0007049376145005226, 193.20753479003906, 0.00015512420213781297)","(-1.731959581375122, -0.003921514376997948, -33.00947570800781)","(0.0007218019454739988, 180.67715454101562, -1.5119044292077888e-06)",0.0,-0.001404,"(-0.000009, 0.000001, -0.000845)",LeftFalse_RightFalse,False,"(37.39499282836914, -0.003921627998352051, 0.7092443704605103)","(0.00069877301575616, 98.73249053955078, -4.4590706238523126e-07)",-0.365488,1.0,"(0.000000, 0.000000, 0.000000)",LeftFalse_RightFalse
28.672363,0.062572,"(-1.3440849781036377, 0.7960794568061829, -33.922786712646484)","(351.6024169921875, 274.626708984375, 0.6789848804473877)","(0.5394842624664307, 0.6852462887763977, -33.31284713745117)","(0.0008004610426723957, 193.20806884765625, 0.00017777681932784617)","(-1.731959342956543, -0.003921713214367628, -33.009456634521484)","(0.0008199650328606367, 180.67770385742188, -1.233432271874335e-07)",0.0,-0.001404,"(0.000016, -0.000001, 0.001506)",LeftFalse_RightFalse,False,"(37.39499282836914, -0.003921627998352051, 0.7092443108558655)","(0.000698785821441561, 98.73249053955078, -4.10732667432967e-07)",-0.365488,1.0,"(0.000000, 0.000000, 0.000000)",LeftFalse_RightFalse
28.736206,0.062813,"(-1.3441035747528076, 0.7960792779922485, -33.92277526855469)","(351.6023864746094, 274.62786865234375, 0.6766288876533508)","(0.5394775867462158, 0.6852463483810425, -33.31287384033203)","(0.0008252068073488772, 193.209228515625, 0.00018459741841070354)","(-1.731959342956543, -0.00392147758975625, -33.009437561035156)","(0.0008456011419184506, 180.67886352539062, 1.1660094969556667e-06)",0.0,-0.001404,"(-0.000026, 0.000001, -0.002374)",LeftFalse_RightFalse,False,"(37.39499282836914, -0.003921627998352051, 0.7092443108558655)","(0.0006988719687797129, 98.73249053955078, -2.5487102561783104e-07)",-0.365487,1.0,"(0.000000, 0.000000, 0.000000)",LeftFalse_RightFalse
28.799072,0.062828,"(-1.3441146612167358, 0.7960827946662903, -33.9228401184082)","(351.6024169921875, 274.62860107421875, 0.6755423545837402)","(0.5394738912582397, 0.6852473020553589, -33.31296157836914)","(0.0005972464568912983, 193.20989990234375, 0.00013279767881613225)","(-1.7319599390029907, -0.0039216093719005585, -33.009498596191406)","(0.0006118321907706559, 180.6795196533203, 5.771245525920676e-08)",0.0,-0.001404,"(0.000005, -0.000002, 0.000567)",LeftFalse_RightFalse,False,"(37.394989013671875, -0.003921627998352051, 0.7092442512512207)","(0.000698776391800493, 98.73249053955078, -6.202938607202668e-07)",-0.365488,1.0,"(0.000000, 0.000000, 0.000000)",LeftFalse_RightFalse
28.858521,0.062168,"(-1.3441214561462402, 0.7960827946662903, -33.92285919189453)","(351.6024169921875, 274.6289978027344, 0.6752402186393738)","(0.5394717454910278, 0.6852472424507141, -33.31299591064453)","(0.0005927350139245391, 193.21029663085938, 0.00013255841622594744)","(-1.7319601774215698, -0.003921662922948599, -33.009517669677734)","(0.0006073762779124081, 180.679931640625, 8.029351761251746e-07)",0.0,-0.001404,"(-0.000008, -0.000002, -0.000671)",LeftFalse_RightFalse,False,"(37.39499282836914, -0.003921627998352051, 0.7092442512512207)","(0.0006988074746914208, 98.73249053955078, -6.919193538124091e-07)",-0.365487,1.0,"(0.000000, 0.000000, 0.000000)",LeftFalse_RightFalse
28.922485,0.062524,"(-1.3441166877746582, 0.7960850596427917, -33.92292022705078)","(351.6024169921875, 274.628662109375, 0.6749663352966309)","(0.5394725799560547, 0.6852480173110962, -33.313045501708984)","(0.0004538808425422758, 193.20994567871094, 0.00010010389814851806)","(-1.7319610118865967, -0.0039216987788677216, -33.00958251953125)","(0.0004647882014978677, 180.67958068847656, -7.531456844844797e-07)",0.0,-0.001404,"(-0.000019, -0.000003, -0.001819)",LeftFalse_RightFalse,False,"(37.39499282836914, -0.003921627998352051, 0.7092443108558655)","(0.00069884565891698, 98.73249053955078, -7.730028528385446e-07)",-0.365487,1.0,"(0.000000, 0.000000, 0.000000)",LeftFalse_RightFalse
28.98645,0.062806,"(-1.344114065170288, 0.7960779070854187, -33.92285919189453)","(351.6023864746094, 274.62847900390625, 0.675371527671814)","(0.5394738912582397, 0.6852457523345947, -33.3129768371582)","(0.0008901486871764064, 193.2098388671875, 0.00019840443565044552)","(-1.7319601774215698, -0.003921743482351303, -33.00951385498047)","(0.0009119916940107942, 180.67945861816406, 5.545608701140736e-07)",0.0,-0.001404,"(0.000018, 0.000003, 0.001616)",LeftFalse_RightFalse,False,"(37.39499282836914, -0.003921627998352051, 0.7092443108558655)","(0.0006990564870648086, 98.73249053955078, -4.362406116342754e-07)",-0.365487,1.0,"(0.000000, 0.000000, 0.000000)",LeftFalse_RightFalse
29.047363,0.062438,"(-1.344098448753357, 0.7960774302482605, -33.92281723022461)","(351.6023864746094, 274.62750244140625, 0.6754003167152405)","(0.5394793748855591, 0.6852457523345947, -33.312904357910156)","(0.0009334194473922253, 193.20887756347656, 0.00020757585298269987)","(-1.7319597005844116, -0.003921580035239458, -33.00947952270508)","(0.000956221716478467, 180.67849731445312, 1.1962995927206066e-07)",0.0,-0.001404,"(0.000009, 0.000003, 0.000715)",LeftFalse_RightFalse,False,"(37.39499282836914, -0.003921627998352051, 0.7092443108558655)","(0.0006990149850025773, 98.73249053955078, -6.235767955331539e-07)",-0.365488,1.0,"(0.000000, 0.000000, 0.000000)",LeftFalse_RightFalse
29.109375,0.062337,"(-1.3440895080566406, 0.796078622341156, -33.92280578613281)","(351.6023864746094, 274.626953125, 0.6753252744674683)","(0.5394822359085083, 0.6852461099624634, -33.31287384033203)","(0.0008673478150740266, 193.2083282470703, 0.0001935692853294313)","(-1.7319597005844116, -0.003921449184417725, -33.00947189331055)","(0.0008886848809197545, 180.67796325683594, 7.813998195160821e-07)",0.0,-0.001404,"(0.000013, 0.000000, 0.001397)",LeftFalse_RightFalse,False,"(37.39499282836914, -0.003921627998352051, 0.7092443704605103)","(0.0006990184192545712, 98.73249053955078, -6.646135943810805e-07)",-0.365487,1.0,"(0.000000, 0.000000, 0.000000)",LeftFalse_RightFalse
29.174805,0.06297,"(-1.344096302986145, 0.7960813045501709, -33.922821044921875)","(351.6024169921875, 274.62744140625, 0.6751521229743958)","(0.5394799709320068, 0.6852469444274902, -33.312904357910156)","(0.0007026312523521483, 193.208740234375, 0.00015541334869340062)","(-1.7319598197937012, -0.003921478986740112, -33.00948715209961)","(0.0007196135120466352, 180.67835998535156, -7.292883879017609e-07)",0.0,-0.001404,"(0.000000, 0.000000, -0.000111)",LeftFalse_RightFalse,False,"(37.39499282836914, -0.003921627998352051, 0.7092443108558655)","(0.0006990591646172106, 98.73249053955078, -5.05026093833294e-07)",-0.365487,1.0,"(0.000000, 0.000000, 0.000000)",LeftFalse_RightFalse
29.240234,0.063444,"(-1.3440732955932617, 0.7960808873176575, -33.922794342041016)","(351.6024169921875, 274.6259765625, 0.6751669049263)","(0.5394877195358276, 0.6852468252182007, -33.31283187866211)","(0.0007178706000559032, 193.20730590820312, 0.00015742018877062947)","(-1.7319594621658325, -0.003921590745449066, -33.00947189331055)","(0.0007349253282882273, 180.67694091796875, -2.076558985208976e-06)",0.0,-0.001404,"(0.000005, -0.000001, 0.000355)",LeftFalse_RightFalse,False,"(37.39499282836914, -0.003921627998352051, 0.7092443704605103)","(0.0006989088142290711, 98.73249053955078, -6.888969323881611e-07)",-0.365488,1.0,"(0.000000, 0.000000, 0.000000)",LeftFalse_RightFalse
29.301392,0.062996,"(-1.3440768718719482, 0.7960811257362366, -33.922794342041016)","(351.6024169921875, 274.626220703125, 0.6751478314399719)","(0.5394866466522217, 0.6852469444274902, -33.31283950805664)","(0.0007008261745795608, 193.20755004882812, 0.00015292353054974228)","(-1.731959342956543, -0.003921621013432741, -33.00946807861328)","(0.0007173112244345248, 180.67718505859375, -2.7681724077410763e-06)",0.0,-0.001404,"(-0.000012, -0.000001, -0.001214)",LeftFalse_RightFalse,False,"(37.394996643066406, -0.003921627998352051, 0.7092443704605103)","(0.0006989272078499198, 98.73249053955078, -4.596120390942815e-07)",-0.365487,1.0,"(0.000000, 0.000000, 0.000000)",LeftFalse_RightFalse
29.364868,0.063081,"(-1.3440892696380615, 0.7960827350616455, -33.922821044921875)","(351.6024169921875, 274.6269836425781, 0.6750456690788269)","(0.5394821166992188, 0.6852473616600037, -33.312889099121094)","(0.0006006112089380622, 193.2082977294922, 0.00013191573088988662)","(-1.7319598197937012, -0.003921653144061565, -33.009490966796875)","(0.0006149253458715975, 180.6779327392578, -1.5332412885982194e-06)",0.0,-0.001404,"(0.000002, 0.000000, 0.000302)",LeftFalse_RightFalse,False,"(37.394996643066406, -0.003921627998352051, 0.7092443108558655)","(0.0006989216199144721, 98.73249053955078, -3.0025901764929586e-07)",-0.365487,1.0,"(0.000000, 0.000000, 0.000000)",LeftFalse_RightFalse
29.429565,0.063413,"(-1.3441088199615479, 0.7960797548294067, -33.92280578613281)","(351.6023864746094, 274.62823486328125, 0.6752281785011292)","(0.5394761562347412, 0.6852462291717529, -33.31291580200195)","(0.0007775211706757545, 193.20956420898438, 0.00017371798458043486)","(-1.731959342956543, -0.003921721130609512, -33.009464263916016)","(0.0007966909324750304, 180.67918395996094, 8.91438219241536e-07)",0.0,-0.001404,"(0.000021, 0.000000, 0.002000)",LeftFalse_RightFalse,False,"(37.39499282836914, -0.003921627998352051, 0.7092443108558655)","(0.0006988992099650204, 98.73249053955078, -2.351212629037036e-07)",-0.365488,1.0,"(0.000000, 0.000000, 0.000000)",LeftFalse_RightFalse
29.489502,0.062722,"(-1.3441015481948853, 0.7960781455039978, -33.92274856567383)","(351.6023864746094, 274.6277770996094, 0.6824825406074524)","(0.5394785404205322, 0.6852458715438843, -33.31284713745117)","(0.0008867773576639593, 193.20912170410156, 0.00019849263480864465)","(-1.7319588661193848, -0.0039215427823364735, -33.0094108581543)","(0.0009087196085602045, 180.6787567138672, 1.3721196410187986e-06)",0.0,-0.001404,"(-0.000013, 0.000005, -0.001263)",LeftFalse_RightFalse,False,"(37.39499282836914, -0.003921627998352051, 0.7092443108558655)","(0.000698855088558048, 98.73249053955078, -2.959859841666912e-07)",-0.365487,1.0,"(0.000000, 0.000000, 0.000000)",LeftFalse_RightFalse
29.550659,0.062411,"(-1.3440892696380615, 0.7960802316665649, -33.9227409362793)","(351.6024169921875, 274.62701416015625, 0.6790850162506104)","(0.539482831954956, 0.6852465271949768, -33.31281280517578)","(0.0007600779645144939, 193.20835876464844, 0.00016998624778352678)","(-1.7319588661193848, -0.0039215548895299435, -33.0094108581543)","(0.0007788536604493856, 180.677978515625, 1.0330073791919858e-06)",0.0,-0.001404,"(-0.000002, 0.000000, -0.000115)",LeftFalse_RightFalse,False,"(37.39499282836914, -0.003921627998352051, 0.7092443108558655)","(0.0006989759276621044, 98.73249053955078, 7.1390986455810435e-09)",-0.365488,1.0,"(0.000000, 0.000000, 0.000000)",LeftFalse_RightFalse
29.610962,0.061986,"(-1.3440613746643066, 0.7960817217826843, -33.922725677490234)","(351.6024169921875, 274.6252746582031, 0.6777350902557373)","(0.5394916534423828, 0.685247004032135, -33.31273651123047)","(0.0006640086066909134, 193.2065887451172, 0.00014822176308371127)","(-1.7319591045379639, -0.0039216093719005585, -33.00940704345703)","(0.0006803502910770476, 180.67620849609375, 6.299234769358009e-07)",0.0,-0.001404,"(-0.000004, -0.000001, -0.000197)",LeftFalse_RightFalse,False,"(37.39499282836914, -0.003921627998352051, 0.7092443108558655)","(0.0006989005487412214, 98.73249053955078, -2.5296901640103897e-07)",-0.365487,1.0,"(0.000000, 0.000000, 0.000000)",LeftFalse_RightFalse
29.673096,0.062001,"(-1.3440536260604858, 0.7960837483406067, -33.92275619506836)","(351.6024169921875, 274.624755859375, 0.6770855188369751)","(0.5394940376281738, 0.685247540473938, -33.3127555847168)","(0.0005302131758071482, 193.20608520507812, 0.0001156150465249084)","(-1.731959581375122, -0.003921814262866974, -33.00944519042969)","(0.0005426676361821592, 180.6757049560547, -2.1723133158957353e-06)",0.0,-0.001404,"(0.000014, -0.000003, 0.001203)",LeftFalse_RightFalse,False,"(37.39499282836914, -0.003921627998352051, 0.7092443108558655)","(0.0006989932735450566, 98.73249053955078, -1.5005134912371432e-07)",-0.365487,1.0,"(0.000000, 0.000000, 0.000000)",LeftFalse_RightFalse
29.737061,0.06241,"(-1.3440625667572021, 0.7960780262947083, -33.92270278930664)","(351.6023864746094, 274.6188659667969, 0.6772468686103821)","(0.5394915342330933, 0.6852457523345947, -33.31271743774414)","(0.0008789724670350552, 193.20669555664062, 0.00019575635087676346)","(-1.7319587469100952, -0.003921831026673317, -33.00938034057617)","(0.0009005070314742625, 180.6763153076172, 3.943472677292448e-07)",0.0,-0.001404,"(-0.000007, 0.000004, -0.000609)",LeftFalse_RightFalse,False,"(37.394989013671875, -0.003921627998352051, 0.7092443108558655)","(0.0006990694673731923, 98.73249053955078, -1.68524408650228e-07)",-0.365487,1.0,"(0.000000, 0.000000, 0.000000)",LeftFalse_RightFalse
29.801514,0.062826,"(-1.344045639038086, 0.7960824370384216, -33.922733306884766)","(351.6024169921875, 274.6154479980469, 0.6769054532051086)","(0.539496660232544, 0.6852472424507141, -33.312713623046875)","(0.0006186671671457589, 193.20559692382812, 0.00013710059283766896)","(-1.731959342956543, -0.003921617288142443, -33.009422302246094)","(0.0006336762453429401, 180.67523193359375, -3.892624533818889e-07)",0.0,-0.001404,"(-0.000012, -0.000001, -0.001319)",LeftFalse_RightFalse,False,"(37.39499282836914, -0.003921627998352051, 0.7092443108558655)","(0.000699108699336648, 98.73249053955078, -3.081537158777792e-07)",-0.365488,1.0,"(0.000000, 0.000000, 0.000000)",LeftFalse_RightFalse
29.865601,0.063063,"(-1.3440386056900024, 0.7960823178291321, -33.9227409362793)","(351.6142578125, 274.61419677734375, 0.6768857836723328)","(0.5394988059997559, 0.6852471828460693, -33.312705993652344)","(0.000625350046902895, 193.20513916015625, 0.00013723355368711054)","(-1.731959342956543, -0.003921668976545334, -33.00943374633789)","(0.0006402286235243082, 180.67477416992188, -1.7093434507842176e-06)",0.0,-0.001404,"(-0.000002, 0.000001, -0.000130)",LeftFalse_RightFalse,False,"(37.39499282836914, -0.003921627998352051, 0.7092443108558655)","(0.0006990903639234602, 98.73249053955078, -5.100807811686536e-07)",-0.365488,1.0,"(0.000000, 0.000000, 0.000000)",LeftFalse_RightFalse
29.928711,0.063068,"(-1.3440513610839844, 0.7960813045501709, -33.92273712158203)","(351.6038513183594, 274.6227111816406, 0.6769397258758545)","(0.5394949913024902, 0.6852468848228455, -33.31272888183594)","(0.0006857073167338967, 193.20596313476562, 0.00015106849605217576)","(-1.731959342956543, -0.003921668045222759, -33.009422302246094)","(0.0007021499332040548, 180.6755828857422, -1.2988720072826254e-06)",0.0,-0.001404,"(0.000004, 0.000000, 0.000373)",LeftFalse_RightFalse,False,"(37.39499282836914, -0.003921627998352051, 0.7092443108558655)","(0.0006990218535065651, 98.73249053955078, -7.053898229969491e-07)",-0.365488,1.0,"(0.000000, 0.000000, 0.000000)",LeftFalse_RightFalse
29.989746,0.062659,"(-1.344070315361023, 0.7960837483406067, -33.92277145385742)","(351.607177734375, 274.6236267089844, 0.6840629577636719)","(0.5394885540008545, 0.6852476000785828, -33.31280517578125)","(0.0005376407643780112, 193.20713806152344, 0.00011902554251719266)","(-1.731959581375122, -0.003921636380255222, -33.00945281982422)","(0.0005506581510417163, 180.6767578125, -4.5451108121596917e-07)",0.0,-0.001404,"(-0.000011, -0.000002, -0.001052)",LeftFalse_RightFalse,False,"(37.39499282836914, -0.003921627998352051, 0.7092442512512207)","(0.0006989406538195908, 98.73249053955078, -8.20683681013179e-07)",-0.365487,1.0,"(0.000000, 0.000000, 0.000000)",LeftFalse_RightFalse
30.055786,0.063346,"(-1.344065546989441, 0.7960839867591858, -33.92279815673828)","(351.61663818359375, 274.6231994628906, 0.6803037524223328)","(0.5394902229309082, 0.6852476596832275, -33.31281661987305)","(0.0005184999899938703, 193.20681762695312, 0.00011439532681833953)","(-1.7319598197937012, -0.003921750001609325, -33.00947952270508)","(0.0005309687694534659, 180.6764373779297, -8.217182312364457e-07)",0.0,-0.001404,"(-0.000003, 0.000000, -0.000264)",LeftFalse_RightFalse,False,"(37.39499282836914, -0.003921627998352051, 0.7092443108558655)","(0.0006988674867898226, 98.73249053955078, -8.173746550710348e-07)",-0.365487,1.0,"(0.000000, 0.000000, 0.000000)",LeftFalse_RightFalse
30.118774,0.063263,"(-1.3440860509872437, 0.7960836887359619, -33.92283248901367)","(351.6088562011719, 274.62445068359375, 0.6791110634803772)","(0.5394835472106934, 0.6852474808692932, -33.312896728515625)","(0.0005326232057996094, 193.2080841064453, 0.00011838332284241915)","(-1.7319600582122803, -0.003921799827367067, -33.00950622558594)","(0.000545620801858604, 180.67771911621094, 7.177162864024922e-09)",0.0,-0.001404,"(0.000005, -0.000001, 0.000416)",LeftFalse_RightFalse,False,"(37.39499282836914, -0.003921627998352051, 0.7092443108558655)","(0.0006988311070017517, 98.73249053955078, -6.851710736555106e-07)",-0.365487,1.0,"(0.000000, 0.000000, 0.000000)",LeftFalse_RightFalse
30.182007,0.06327,"(-1.3440755605697632, 0.7960845232009888, -33.92286682128906)","(351.6078796386719, 274.61895751953125, 0.6786174774169922)","(0.5394859313964844, 0.6852478384971619, -33.312904357910156)","(0.00048891018377617, 193.2073974609375, 0.00010774700785987079)","(-1.7319605350494385, -0.003921708092093468, -33.009544372558594)","(0.0005006412975490093, 180.67701721191406, -8.91934803348704e-07)",0.0,-0.001404,"(-0.000006, -0.000002, -0.000548)",LeftFalse_RightFalse,False,"(37.39499282836914, -0.003921627998352051, 0.7092443108558655)","(0.0006988308159634471, 98.73249053955078, -4.582832389132818e-07)",-0.365488,1.0,"(0.000000, 0.000000, 0.000000)",LeftFalse_RightFalse
30.245605,0.063336,"(-1.3440725803375244, 0.7960828542709351, -33.922882080078125)","(351.5971984863281, 274.6238708496094, 0.6785502433776855)","(0.5394872426986694, 0.6852473020553589, -33.31291580200195)","(0.000585382163990289, 193.2071990966797, 0.00012923228496219963)","(-1.731960654258728, -0.003921774215996265, -33.009559631347656)","(0.0005994769744575024, 180.67681884765625, -8.487115223942965e-07)",0.0,-0.001404,"(0.000003, 0.000002, 0.000030)",LeftFalse_RightFalse,False,"(37.39499282836914, -0.003921627998352051, 0.7092443108558655)","(0.0006988562527112663, 98.73249053955078, -2.2584563907912525e-07)",-0.365487,1.0,"(0.000000, 0.000000, 0.000000)",LeftFalse_RightFalse
30.307617,0.063059,"(-1.344067096710205, 0.7960813641548157, -33.922882080078125)","(351.6073913574219, 274.6175231933594, 0.6785942316055298)","(0.5394887924194336, 0.6852468848228455, -33.312904357910156)","(0.0006847274489700794, 193.20684814453125, 0.00015154668653849512)","(-1.7319607734680176, -0.003921653609722853, -33.00956344604492)","(0.0007012973073869944, 180.6764678955078, -6.195122068675118e-07)",0.0,-0.001404,"(0.000011, 0.000000, 0.000894)",LeftFalse_RightFalse,False,"(37.39499282836914, -0.003921627998352051, 0.7092443108558655)","(0.000698880641721189, 98.73249053955078, -7.076566532759898e-08)",-0.365487,1.0,"(0.000000, 0.000000, 0.000000)",LeftFalse_RightFalse
30.369141,0.06276,"(-1.3440662622451782, 0.7960845828056335, -33.92294692993164)","(351.61114501953125, 274.615234375, 0.6783691644668579)","(0.5394890308380127, 0.6852479577064514, -33.312965393066406)","(0.00048760449863038957, 193.20677185058594, 0.0001067092307494022)","(-1.7319612503051758, -0.003921648487448692, -33.00962829589844)","(0.0004991416935808957, 180.67640686035156, -1.621736032575427e-06)",0.0,-0.001404,"(-0.000013, -0.000001, -0.001268)",LeftFalse_RightFalse,False,"(37.39499282836914, -0.003921627998352051, 0.7092443108558655)","(0.0006988898967392743, 98.73249053955078, -2.5351615917657e-08)",-0.365487,1.0,"(0.000000, 0.000000, 0.000000)",LeftFalse_RightFalse
30.434326,0.063237,"(-1.34408438205719, 0.7960816621780396, -33.92295837402344)","(351.6134338378906, 274.6222839355469, 0.6785370111465454)","(0.5394830703735352, 0.6852468252182007, -33.31301498413086)","(0.0006584659568034112, 193.2078857421875, 0.00014639638538938016)","(-1.7319614887237549, -0.003921804018318653, -33.0096321105957)","(0.0006745439022779465, 180.67752075195312, 5.051636264852277e-08)",0.0,-0.001404,"(0.000018, -0.000002, 0.001742)",LeftFalse_RightFalse,False,"(37.39499282836914, -0.003921627998352051, 0.7092443108558655)","(0.0006988807581365108, 98.73249053955078, -1.1089052520674159e-07)",-0.365488,1.0,"(0.000000, 0.000000, 0.000000)",LeftFalse_RightFalse
30.49646,0.063021,"(-1.3440824747085571, 0.7960770726203918, -33.92290496826172)","(351.60430908203125, 274.6241455078125, 0.6788326501846313)","(0.539483904838562, 0.6852455139160156, -33.312957763671875)","(0.0009489011717960238, 193.2078094482422, 0.0002128532069036737)","(-1.7319608926773071, -0.003921652212738991, -33.00957489013672)","(0.0009724796400405467, 180.6774444580078, 1.9124004211334977e-06)",0.0,-0.001404,"(0.000003, 0.000004, 0.000359)",LeftFalse_RightFalse,False,"(37.39499282836914, -0.003921627998352051, 0.7092443108558655)","(0.0006988640525378287, 98.73249053955078, -2.8272393137740437e-07)",-0.365488,1.0,"(0.000000, 0.000000, 0.000000)",LeftFalse_RightFalse
30.562012,0.063541,"(-1.3440957069396973, 0.7960770130157471, -33.92286682128906)","(351.5985107421875, 274.62493896484375, 0.6788504123687744)","(0.5394797325134277, 0.6852456331253052, -33.31294631958008)","(0.0009661767398938537, 193.2086639404297, 0.00021710201690439135)","(-1.7319605350494385, -0.003921419382095337, -33.00952911376953)","(0.000990265398286283, 180.67828369140625, 2.311966454726644e-06)",0.0,-0.001404,"(0.000018, 0.000002, 0.001754)",LeftFalse_RightFalse,False,"(37.39499282836914, -0.003921627998352051, 0.7092443704605103)","(0.0006988625391386449, 98.73249053955078, -5.030719307796971e-07)",-0.365488,1.0,"(0.000000, 0.000000, 0.000000)",LeftFalse_RightFalse
30.625122,0.063457,"(-1.3441135883331299, 0.7960785031318665, -33.922847747802734)","(351.6064758300781, 274.6261291503906, 0.678759753704071)","(0.5394742488861084, 0.6852462291717529, -33.31296920776367)","(0.0008788580307736993, 193.20980834960938, 0.0001960678055183962)","(-1.7319600582122803, -0.003921329975128174, -33.00950622558594)","(0.0009004631428979337, 180.67942810058594, 7.231801077978162e-07)",0.0,-0.001404,"(-0.000014, 0.000001, -0.001051)",LeftFalse_RightFalse,False,"(37.39499282836914, -0.003921627998352051, 0.7092443108558655)","(0.0006988837849348783, 98.73249053955078, -6.750616989847913e-07)",-0.365488,1.0,"(0.000000, 0.000000, 0.000000)",LeftFalse_RightFalse
30.688721,0.063469,"(-1.3441129922866821, 0.7960813045501709, -33.92285919189453)","(351.60791015625, 274.6260986328125, 0.6785789728164673)","(0.539474368095398, 0.6852470636367798, -33.3129768371582)","(0.0007044452941045165, 193.2097625732422, 0.00015721231466159225)","(-1.7319601774215698, -0.00392139982432127, -33.009517669677734)","(0.0007217746460810304, 180.6793975830078, 6.33261549864983e-07)",0.0,-0.001404,"(0.000000, -0.000002, 0.000083)",LeftFalse_RightFalse,False,"(37.39499282836914, -0.003921627998352051, 0.7092443108558655)","(0.0006989262765273452, 98.73249053955078, -7.412156151076488e-07)",-0.365488,1.0,"(0.000000, 0.000000, 0.000000)",LeftFalse_RightFalse
30.750854,0.063213,"(-1.3441050052642822, 0.7960804104804993, -33.92284393310547)","(351.6084289550781, 274.6256103515625, 0.678623378276825)","(0.5394766330718994, 0.6852466464042664, -33.31294631958008)","(0.0007478433544747531, 193.2092742919922, 0.00016599585069343448)","(-1.7319600582122803, -0.003921555355191231, -33.00950622558594)","(0.0007660446572117507, 180.67889404296875, -2.0794048793959519e-07)",0.0,-0.001404,"(0.000023, -0.000002, 0.002016)",LeftFalse_RightFalse,False,"(37.39499282836914, -0.003921627998352051, 0.7092443704605103)","(0.0006989811081439257, 98.73249053955078, -6.962445127101091e-07)",-0.365488,1.0,"(0.000000, 0.000000, 0.000000)",LeftFalse_RightFalse
30.813721,0.063149,"(-1.3440988063812256, 0.7960832118988037, -33.92287826538086)","(351.6086120605469, 274.6252136230469, 0.6784382462501526)","(0.5394787788391113, 0.6852474808692932, -33.312965393066406)","(0.0005682909395545721, 193.2088623046875, 0.00012428790796548128)","(-1.7319605350494385, -0.003921679221093655, -33.009544372558594)","(0.00058172014541924, 180.67849731445312, -1.967262278412818e-06)",0.0,-0.001404,"(0.000009, -0.000003, 0.000712)",LeftFalse_RightFalse,False,"(37.394989013671875, -0.003921627998352051, 0.7092443108558655)","(0.0006990283145569265, 98.73249053955078, -5.940563596595894e-07)",-0.365488,1.0,"(0.000000, -0.000001, 0.000000)",LeftFalse_RightFalse
30.880249,0.063818,"(-1.3441184759140015, 0.7960819602012634, -33.92289352416992)","(351.6087341308594, 274.6264343261719, 0.6785144805908203)","(0.5394723415374756, 0.685247004032135, -33.31302261352539)","(0.000641977007035166, 193.21009826660156, 0.00014237668074201792)","(-1.7319605350494385, -0.003921762574464083, -33.009552001953125)","(0.0006575755542144179, 180.67971801757812, -2.9605436679958075e-07)",0.0,-0.001404,"(-0.000004, 0.000000, -0.000406)",LeftFalse_RightFalse,False,"(37.39499282836914, -0.003921627998352051, 0.7092443108558655)","(0.0006990450201556087, 98.73249053955078, -4.740205099551531e-07)",-0.365488,1.0,"(0.000000, 0.000000, 0.000000)",LeftFalse_RightFalse
30.944336,0.06386,"(-1.3441500663757324, 0.7960818409919739, -33.92291259765625)","(351.6087341308594, 274.62841796875, 0.6785218715667725)","(0.5394613742828369, 0.6852469444274902, -33.31310272216797)","(0.000647751847282052, 193.2120819091797, 0.00014466843276750296)","(-1.7319605350494385, -0.0039217472076416016, -33.00955581665039)","(0.0006637100595980883, 180.68170166015625, 6.881931540192454e-07)",0.0,-0.001404,"(-0.000021, 0.000001, -0.001706)",LeftFalse_RightFalse,False,"(37.39499282836914, -0.003921627998352051, 0.7092443108558655)","(0.0006990210385993123, 98.73249053955078, -3.8126432855278836e-07)",-0.365488,1.0,"(0.000000, 0.000000, 0.000000)",LeftFalse_RightFalse
31.006226,0.063474,"(-1.3441498279571533, 0.796084463596344, -33.92295837402344)","(351.6087646484375, 274.6283874511719, 0.6846707463264465)","(0.5394610166549683, 0.6852477192878723, -33.313148498535156)","(0.0004885026137344539, 193.21202087402344, 0.00010840714821824804)","(-1.7319611310958862, -0.003921750467270613, -33.009605407714844)","(0.0005003868136554956, 180.681640625, -1.5912034712073364e-07)",0.0,-0.001404,"(-0.000003, -0.000002, -0.000394)",LeftFalse_RightFalse,False,"(37.39499282836914, -0.003921627998352051, 0.7092443108558655)","(0.0006989695248194039, 98.73249053955078, -3.480701309399592e-07)",-0.365488,1.0,"(0.000000, 0.000000, 0.000000)",LeftFalse_RightFalse
31.068115,0.063169,"(-1.3441511392593384, 0.7960839867591858, -33.92298889160156)","(351.6087646484375, 274.6284484863281, 0.6870973110198975)","(0.5394605398178101, 0.685247540473938, -33.31318283081055)","(0.0005086733726784587, 193.21209716796875, 0.00011293803981970996)","(-1.7319613695144653, -0.0039218454621732235, -33.00963592529297)","(0.0005210601375438273, 180.6817169189453, -1.1232944530092936e-07)",0.0,-0.001404,"(0.000016, -0.000001, 0.001413)",LeftFalse_RightFalse,False,"(37.39499282836914, -0.003921627998352051, 0.7092443108558655)","(0.0006989023531787097, 98.73249053955078, -3.751153485609393e-07)",-0.365488,1.0,"(0.000000, 0.000000, 0.000000)",LeftFalse_RightFalse
31.130493,0.062993,"(-1.344137191772461, 0.7960827350616455, -33.92300796508789)","(351.6087646484375, 274.6275634765625, 0.6880963444709778)","(0.539465069770813, 0.6852471232414246, -33.31317138671875)","(0.0005855417111888528, 193.21119689941406, 0.0001295828988077119)","(-1.7319616079330444, -0.003921882249414921, -33.00965881347656)","(0.0005997088155709207, 180.6808319091797, -5.410659582594235e-07)",0.0,-0.001404,"(0.000003, 0.000000, 0.000153)",LeftFalse_RightFalse,False,"(37.39499282836914, -0.003921627998352051, 0.7092443108558655)","(0.0006988430395722389, 98.73249053955078, -4.2206661987620464e-07)",-0.365488,1.0,"(0.000000, 0.000000, 0.000000)",LeftFalse_RightFalse
31.192871,0.062868,"(-1.3441330194473267, 0.7960801124572754, -33.92299270629883)","(351.6087341308594, 274.6209411621094, 0.6886206269264221)","(0.5394660234451294, 0.6852464079856873, -33.313148498535156)","(0.0007562927203252912, 193.2109375, 0.00016782910097390413)","(-1.7319613695144653, -0.0039217243902385235, -33.0096435546875)","(0.0007746903575025499, 180.68057250976562, -2.51467582756959e-07)",0.0,-0.001404,"(0.000008, 0.000000, 0.000746)",LeftFalse_RightFalse,False,"(37.39499282836914, -0.003921627998352051, 0.7092443108558655)","(0.0006988136447034776, 98.73249053955078, -4.629731336081022e-07)",-0.365488,1.0,"(0.000000, 0.000000, 0.000000)",LeftFalse_RightFalse
31.252441,0.062213,"(-1.344141960144043, 0.7960810661315918, -33.92300796508789)","(351.6087341308594, 274.6259460449219, 0.6824652552604675)","(0.5394635200500488, 0.6852467060089111, -33.31318283081055)","(0.0006959313177503645, 193.2115020751953, 0.00015410553896799684)","(-1.7319614887237549, -0.0039217472076416016, -33.0096549987793)","(0.0007127893622964621, 180.68112182617188, -5.523543222807348e-07)",0.0,-0.001404,"(-0.000001, 0.000004, -0.000227)",LeftFalse_RightFalse,False,"(37.39499282836914, -0.003921627998352051, 0.7092442512512207)","(0.0006988249369896948, 98.73249053955078, -4.778245852321561e-07)",-0.365488,1.0,"(0.000000, 0.000000, 0.000000)",LeftFalse_RightFalse
31.314941,0.062277,"(-1.3441365957260132, 0.796079695224762, -33.92300033569336)","(351.6087341308594, 274.62744140625, 0.6799721717834473)","(0.5394651889801025, 0.6852463483810425, -33.31316375732422)","(0.0007833299459889531, 193.21116638183594, 0.00017412366287317127)","(-1.7319614887237549, -0.0039216880686581135, -33.00965118408203)","(0.0008024492999538779, 180.68080139160156, 2.7223101994877652e-08)",0.0,-0.001404,"(0.000009, 0.000000, 0.000779)",LeftFalse_RightFalse,False,"(37.39499282836914, -0.003921627998352051, 0.7092443108558655)","(0.0006988740060478449, 98.73249053955078, -4.73551523327842e-07)",-0.365488,1.0,"(0.000000, 0.000000, 0.000000)",LeftFalse_RightFalse
31.375854,0.061998,"(-1.344140887260437, 0.7960811853408813, -33.92301940917969)","(351.6087341308594, 274.6283874511719, 0.6789438128471375)","(0.5394637584686279, 0.6852468252182007, -33.31319046020508)","(0.0006992609705775976, 193.21142578125, 0.0001549110747873783)","(-1.731961727142334, -0.003921598196029663, -33.009666442871094)","(0.000716214592102915, 180.68106079101562, -4.884041118202731e-07)",0.0,-0.001404,"(-0.000012, 0.000000, -0.001074)",LeftFalse_RightFalse,False,"(37.394989013671875, -0.003921627998352051, 0.7092443108558655)","(0.0006989352405071259, 98.73249053955078, -4.7508876832580427e-07)",-0.365488,1.0,"(0.000000, 0.000000, 0.000000)",LeftFalse_RightFalse
31.439697,0.062364,"(-1.34413480758667, 0.796083390712738, -33.923057556152344)","(351.6014099121094, 274.6282653808594, 0.6784185767173767)","(0.5394649505615234, 0.6852476000785828, -33.31321716308594)","(0.0005654603010043502, 193.21099853515625, 0.0001247250911546871)","(-1.7319622039794922, -0.003921541851013899, -33.00971221923828)","(0.0005790516152046621, 180.68063354492188, -9.263582683161076e-07)",0.0,-0.001404,"(-0.000011, 0.000000, -0.000999)",LeftFalse_RightFalse,False,"(37.39499282836914, -0.003921627998352051, 0.7092443108558655)","(0.0006989932153373957, 98.73249053955078, -4.792576078216371e-07)",-0.365488,1.0,"(0.000000, 0.000000, 0.000000)",LeftFalse_RightFalse
31.503052,0.062569,"(-1.3441338539123535, 0.7960817217826843, -33.923072814941406)","(351.5987548828125, 274.6282653808594, 0.6783770322799683)","(0.5394654273986816, 0.6852469444274902, -33.313228607177734)","(0.000658915494568646, 193.2109375, 0.00014610993093810976)","(-1.7319624423980713, -0.003921705763787031, -33.00972366333008)","(0.0006749203894287348, 180.68055725097656, -3.2664181048858154e-07)",0.0,-0.001404,"(0.000006, 0.000000, 0.000493)",LeftFalse_RightFalse,False,"(37.394996643066406, -0.003921627998352051, 0.7092443704605103)","(0.0006990274996496737, 98.73249053955078, -4.896274958809954e-07)",-0.365488,1.0,"(0.000000, 0.000000, 0.000000)",LeftFalse_RightFalse
31.565308,0.062513,"(-1.3441230058670044, 0.7960778474807739, -33.92301940917969)","(351.5977783203125, 274.62762451171875, 0.6785216331481934)","(0.5394701957702637, 0.6852458715438843, -33.31315612792969)","(0.0009017698466777802, 193.21029663085938, 0.00019919090846087784)","(-1.731961727142334, -0.00392161263152957, -33.009674072265625)","(0.0009235067991539836, 180.679931640625, -1.198992663375975e-06)",0.0,-0.001404,"(0.000014, 0.000001, 0.000992)",LeftFalse_RightFalse,False,"(37.39499282836914, -0.003921627998352051, 0.7092443108558655)","(0.0006990289548411965, 98.73249053955078, -5.003882961318595e-07)",-0.365488,1.0,"(0.000000, 0.000000, 0.000000)",LeftFalse_RightFalse
31.625977,0.06213,"(-1.3441252708435059, 0.7960803508758545, -33.923030853271484)","(351.59747314453125, 274.6205749511719, 0.6783365607261658)","(0.5394682884216309, 0.6852467060089111, -33.31317138671875)","(0.0007582258549518883, 193.21041870117188, 0.00016781853628344834)","(-1.731961965560913, -0.0039214445278048515, -33.00968551635742)","(0.000776575121562928, 180.6800537109375, -6.812029482716753e-07)",0.0,-0.001404,"(0.000010, -0.000001, 0.000906)",LeftFalse_RightFalse,False,"(37.39499282836914, -0.003921627998352051, 0.7092443108558655)","(0.0006990041583776474, 98.73249053955078, -5.15109434218175e-07)",-0.365488,1.0,"(0.000000, 0.000000, 0.000000)",LeftFalse_RightFalse
31.690063,0.062524,"(-1.3441165685653687, 0.7960823178291321, -33.92305374145508)","(351.5972900390625, 274.6170349121094, 0.6860961318016052)","(0.539470911026001, 0.6852473020553589, -33.31317138671875)","(0.0006366036250256002, 193.20986938476562, 0.000140677802846767)","(-1.7319622039794922, -0.0039215232245624065, -33.00971221923828)","(0.000651961425319314, 180.6794891357422, -7.886672506174364e-07)",0.0,-0.001404,"(0.000004, -0.000002, 0.000266)",LeftFalse_RightFalse,False,"(37.39499282836914, -0.003921627998352051, 0.7092443704605103)","(0.0006989589310251176, 98.73249053955078, -5.274334853311302e-07)",-0.365488,1.0,"(0.000000, 0.000000, 0.000000)",LeftFalse_RightFalse
31.752686,0.062557,"(-1.3441357612609863, 0.7960807681083679, -33.923057556152344)","(351.59722900390625, 274.6171569824219, 0.6890004873275757)","(0.5394645929336548, 0.6852467060089111, -33.31321716308594)","(0.0007232058560475707, 193.21107482910156, 0.00016124041576404124)","(-1.7319620847702026, -0.003921635448932648, -33.009708404541016)","(0.000740962044801563, 180.6807098388672, 4.951935466124269e-07)",0.0,-0.001404,"(0.000014, -0.000002, 0.001230)",LeftFalse_RightFalse,False,"(37.39499282836914, -0.003921627998352051, 0.7092443108558655)","(0.0006989079411141574, 98.73249053955078, -5.281890480546281e-07)",-0.365488,1.0,"(0.000000, 0.000000, 0.000000)",LeftFalse_RightFalse
31.816895,0.062867,"(-1.344146728515625, 0.7960817813873291, -33.92308044433594)","(351.5972595214844, 274.617431640625, 0.6900043487548828)","(0.5394611358642578, 0.6852469444274902, -33.313262939453125)","(0.0006542119081132114, 193.2117462158203, 0.00014476999058388174)","(-1.7319622039794922, -0.003921774681657553, -33.009727478027344)","(0.000670038047246635, 180.68138122558594, -6.141806352388812e-07)",0.0,-0.001404,"(0.000020, 0.000000, 0.001683)",LeftFalse_RightFalse,False,"(37.39499282836914, -0.003921627998352051, 0.7092442512512207)","(0.0006988625391386449, 98.73249053955078, -5.182620839150331e-07)",-0.365488,1.0,"(0.000000, -0.000001, 0.000000)",LeftFalse_RightFalse
31.881714,0.06328,"(-1.344135046005249, 0.7960787415504456, -33.92302322387695)","(351.5971984863281, 274.6165771484375, 0.6905930042266846)","(0.5394656658172607, 0.6852461099624634, -33.31318283081055)","(0.0008471633773297071, 193.21107482910156, 0.00018850700871553272)","(-1.7319614887237549, -0.003921608440577984, -33.00967025756836)","(0.0008678830345161259, 180.68069458007812, 2.1882864587041695e-07)",0.0,-0.001404,"(-0.000011, 0.000001, -0.001197)",LeftFalse_RightFalse,False,"(37.39499282836914, -0.003921627998352051, 0.7092443108558655)","(0.0006988474633544683, 98.73249053955078, -4.849636638937227e-07)",-0.365488,1.0,"(0.000000, -0.000001, 0.000000)",LeftFalse_RightFalse
31.942993,0.062869,"(-1.3441544771194458, 0.7960789799690247, -33.923011779785156)","(351.5971984863281, 274.61773681640625, 0.6907178163528442)","(0.5394589900970459, 0.6852462291717529, -33.313209533691406)","(0.0008416164200752974, 193.2122802734375, 0.00018743128748610616)","(-1.7319614887237549, -0.0039215087890625, -33.00965118408203)","(0.0008622347377240658, 180.68190002441406, 3.7217029102976085e-07)",0.0,-0.001404,"(0.000015, 0.000000, 0.001563)",LeftFalse_RightFalse,False,"(37.39499282836914, -0.003921627998352051, 0.7092443108558655)","(0.0006988609675318003, 98.73249053955078, -4.4645420871347596e-07)",-0.365488,1.0,"(0.000000, -0.000001, 0.000000)",LeftFalse_RightFalse
32.003296,0.062361,"(-1.3441637754440308, 0.7960798144340515, -33.92298889160156)","(351.5971984863281, 274.61834716796875, 0.690709114074707)","(0.5394562482833862, 0.685246467590332, -33.313209533691406)","(0.0007860681507736444, 193.212890625, 0.00017477007349953055)","(-1.7319611310958862, -0.0039215609431266785, -33.00962829589844)","(0.0008052626508288085, 180.68252563476562, 6.414236963792064e-08)",0.0,-0.001404,"(-0.000006, 0.000001, -0.000452)",LeftFalse_RightFalse,False,"(37.39499282836914, -0.003921627998352051, 0.7092443704605103)","(0.0006988906534388661, 98.73249053955078, -4.0963834635476815e-07)",-0.365488,1.0,"(0.000000, -0.000001, 0.000000)",LeftFalse_RightFalse
32.06665,0.062562,"(-1.3441734313964844, 0.796083390712738, -33.923030853271484)","(351.59722900390625, 274.61895751953125, 0.6904971599578857)","(0.5394530296325684, 0.6852474808692932, -33.313270568847656)","(0.0005611451924778521, 193.2134552001953, 0.0001250682835234329)","(-1.731961727142334, -0.003921614959836006, -33.009666442871094)","(0.0005749139236286283, 180.68309020996094, 3.448363941060961e-07)",0.0,-0.001404,"(-0.000015, -0.000001, -0.001489)",LeftFalse_RightFalse,False,"(37.39499282836914, -0.003921627998352051, 0.7092443108558655)","(0.0006989316316321492, 98.73249053955078, -3.847036111892521e-07)",-0.365488,1.0,"(0.000000, -0.000001, 0.000000)",LeftFalse_RightFalse
32.131592,0.063024,"(-1.3441715240478516, 0.7960825562477112, -33.92302322387695)","(351.59722900390625, 274.6188049316406, 0.6905638575553894)","(0.5394531488418579, 0.6852473616600037, -33.313255310058594)","(0.0006176482420414686, 193.21334838867188, 0.00013648394087795168)","(-1.7319616079330444, -0.003921592608094215, -33.00965881347656)","(0.000632547598797828, 180.68296813964844, -7.701119102421217e-07)",0.0,-0.001404,"(0.000006, 0.000001, 0.000576)",LeftFalse_RightFalse,False,"(37.39499282836914, -0.003921627998352051, 0.7092443108558655)","(0.0006989616085775197, 98.73249053955078, -4.132339483930991e-07)",-0.365488,1.0,"(0.000000, -0.000001, 0.000000)",LeftFalse_RightFalse
32.194214,0.062937,"(-1.3441829681396484, 0.7960801720619202, -33.922996520996094)","(351.5971984863281, 274.6195373535156, 0.6907044053077698)","(0.53944993019104, 0.685246467590332, -33.313255310058594)","(0.0007515260367654264, 193.21408081054688, 0.0001676708779996261)","(-1.7319612503051758, -0.003921773750334978, -33.00962448120117)","(0.0007700030691921711, 180.6837158203125, 6.281982791733753e-07)",0.0,-0.001404,"(0.000007, 0.000001, 0.000573)",LeftFalse_RightFalse,False,"(37.39499282836914, -0.003921627998352051, 0.7092443108558655)","(0.0006989780813455582, 98.73249053955078, -4.7454162199755956e-07)",-0.365488,1.0,"(0.000000, -0.000001, 0.000000)",LeftFalse_RightFalse
32.256226,0.062763,"(-1.3441969156265259, 0.7960797548294067, -33.9229736328125)","(351.5971984863281, 274.62042236328125, 0.690740704536438)","(0.5394458770751953, 0.6852464079856873, -33.313262939453125)","(0.0007858849712647498, 193.21498107910156, 0.00017481327813584358)","(-1.7319610118865967, -0.003921620547771454, -33.00959777832031)","(0.0008050932083278894, 180.6846160888672, 1.4609014442612533e-07)",0.0,-0.001404,"(-0.000018, 0.000001, -0.001697)",LeftFalse_RightFalse,False,"(37.39499282836914, -0.003921627998352051, 0.7092443704605103)","(0.0006989780813455582, 98.73249053955078, -5.390540422922641e-07)",-0.365488,1.0,"(0.000000, 0.000000, 0.000000)",LeftFalse_RightFalse
32.317993,0.062568,"(-1.3441897630691528, 0.7960819602012634, -33.92298889160156)","(351.59722900390625, 274.6199951171875, 0.6906008124351501)","(0.539447546005249, 0.6852470636367798, -33.313262939453125)","(0.0006503420299850404, 193.2145233154297, 0.00014381877554114908)","(-1.7319610118865967, -0.003921636380255222, -33.00961685180664)","(0.0006660540238954127, 180.68414306640625, -7.031421773717739e-07)",0.0,-0.001404,"(0.000010, -0.000001, 0.000842)",LeftFalse_RightFalse,False,"(37.39499282836914, -0.003921627998352051, 0.7092443108558655)","(0.0006989634712226689, 98.73249053955078, -5.917895578022581e-07)",-0.365488,1.0,"(0.000000, 0.000000, 0.000000)",LeftFalse_RightFalse
32.379517,0.062355,"(-1.3441888093948364, 0.7960814237594604, -33.9229850769043)","(351.59722900390625, 274.61993408203125, 0.6906301379203796)","(0.5394483804702759, 0.6852468848228455, -33.31325912475586)","(0.0006786106387153268, 193.2144775390625, 0.0001508647110313177)","(-1.7319608926773071, -0.003921687602996826, -33.009613037109375)","(0.0006951782270334661, 180.68409729003906, 4.1844085529874064e-08)",0.0,-0.001404,"(0.000017, 0.000001, 0.001456)",LeftFalse_RightFalse,False,"(37.39499282836914, -0.003921627998352051, 0.7092443108558655)","(0.0006989400717429817, 98.73249053955078, -6.119562385720201e-07)",-0.365488,1.0,"(0.000000, 0.000000, 0.000000)",LeftFalse_RightFalse
32.44104,0.06218,"(-1.3441777229309082, 0.7960812449455261, -33.922969818115234)","(351.59722900390625, 274.626220703125, 0.6906465888023376)","(0.539452075958252, 0.6852468252182007, -33.3132209777832)","(0.0006948435911908746, 193.21380615234375, 0.00015438660921063274)","(-1.7319605350494385, -0.003921631723642349, -33.00960159301758)","(0.0007117884233593941, 180.68344116210938, -4.196866498773488e-08)",0.0,-0.001404,"(0.000011, 0.000000, 0.000784)",LeftFalse_RightFalse,False,"(37.39499282836914, -0.003921627998352051, 0.7092443108558655)","(0.000698912946972996, 98.73249053955078, -5.86813030167832e-07)",-0.365488,1.0,"(0.000000, -0.000001, 0.000000)",LeftFalse_RightFalse
32.505127,0.062575,"(-1.3441684246063232, 0.7960820198059082, -33.9229736328125)","(351.59722900390625, 274.6284484863281, 0.6883748769760132)","(0.5394546985626221, 0.6852471232414246, -33.31320571899414)","(0.0006441049627028406, 193.21319580078125, 0.00014278144226409495)","(-1.7319607734680176, -0.003921613097190857, -33.009613037109375)","(0.0006597404717467725, 180.6828155517578, -3.626048226124112e-07)",0.0,-0.001404,"(0.000013, -0.000001, 0.001212)",LeftFalse_RightFalse,False,"(37.39499282836914, -0.003921627998352051, 0.7092443108558655)","(0.0006988923996686935, 98.73249053955078, -5.203725663704972e-07)",-0.365488,1.0,"(0.000000, -0.000001, 0.000000)",LeftFalse_RightFalse
32.568359,0.062692,"(-1.3441333770751953, 0.7960836291313171, -33.92298126220703)","(351.59722900390625, 274.6206359863281, 0.687494158744812)","(0.539466381072998, 0.6852476596832275, -33.313140869140625)","(0.0005483063869178295, 193.21099853515625, 0.00012096827413188294)","(-1.7319607734680176, -0.003921627998352051, -33.00963592529297)","(0.0005614912370219827, 180.68063354492188, -8.720215873836423e-07)",0.0,-0.001404,"(-0.000012, -0.000001, -0.001266)",LeftFalse_RightFalse,False,"(37.39499282836914, -0.003921627998352051, 0.7092443108558655)","(0.0006988830864429474, 98.73249053955078, -4.466105281153432e-07)",-0.365488,1.0,"(0.000000, -0.000001, 0.000000)",LeftFalse_RightFalse
32.632324,0.062946,"(-1.3441259860992432, 0.796081006526947, -33.92295837402344)","(351.5971984863281, 274.6180725097656, 0.6873602867126465)","(0.5394690036773682, 0.6852467060089111, -33.31310272216797)","(0.0007003007340244949, 193.21055603027344, 0.00015569193055853248)","(-1.7319605350494385, -0.0039217472076416016, -33.009613037109375)","(0.0007173988269641995, 180.68019104003906, 4.828132205147995e-08)",0.0,-0.001404,"(-0.000003, 0.000002, -0.000054)",LeftFalse_RightFalse,False,"(37.39499282836914, -0.003921627998352051, 0.7092443108558655)","(0.0006988881505094469, 98.73249053955078, -3.755843351882504e-07)",-0.365488,1.0,"(0.000000, -0.000001, 0.000000)",LeftFalse_RightFalse
32.69812,0.063535,"(-1.3441156148910522, 0.7960812449455261, -33.922950744628906)","(351.59722900390625, 274.61663818359375, 0.6872432827949524)","(0.539473295211792, 0.6852468848228455, -33.313072204589844)","(0.000692030880600214, 193.20989990234375, 0.00015323009574785829)","(-1.7319605350494385, -0.003921623341739178, -33.00960922241211)","(0.0007087918929755688, 180.67953491210938, -5.607107027572056e-07)",0.0,-0.001404,"(0.000023, 0.000000, 0.001922)",LeftFalse_RightFalse,False,"(37.39499282836914, -0.003921627998352051, 0.7092443108558655)","(0.0006989110261201859, 98.73249053955078, -3.3188990755661507e-07)",-0.365488,1.0,"(0.000000, -0.000001, 0.000000)",LeftFalse_RightFalse
32.762207,0.063637,"(-1.3441040515899658, 0.7960790991783142, -33.92289733886719)","(351.5971984863281, 274.6156921386719, 0.687350869178772)","(0.5394773483276367, 0.6852462887763977, -33.3129997253418)","(0.0008306316449306905, 193.20924377441406, 0.0001824371429393068)","(-1.731959581375122, -0.003921586088836193, -33.009559631347656)","(0.000850427895784378, 180.67886352539062, -2.1197349724388914e-06)",0.0,-0.001404,"(0.000007, 0.000001, 0.000417)",LeftFalse_RightFalse,False,"(37.39499282836914, -0.003921627998352051, 0.7092443108558655)","(0.0006989356479607522, 98.73249053955078, -3.482525130493741e-07)",-0.365488,1.0,"(0.000000, -0.000001, 0.000000)",LeftFalse_RightFalse
32.824219,0.06332,"(-1.3441215753555298, 0.7960823178291321, -33.92292785644531)","(351.59722900390625, 274.61669921875, 0.6871280670166016)","(0.539470911026001, 0.6852472424507141, -33.31306457519531)","(0.0006280456436797976, 193.2103271484375, 0.00013757460692431778)","(-1.7319598197937012, -0.003921611700206995, -33.009586334228516)","(0.0006429340573959053, 180.67994689941406, -1.96122800844023e-06)",0.0,-0.001404,"(-0.000015, -0.000002, -0.001383)",LeftFalse_RightFalse,False,"(37.394989013671875, -0.003921627998352051, 0.7092442512512207)","(0.0006989461253397167, 98.73249053955078, -4.2652206388993363e-07)",-0.365488,1.0,"(0.000000, -0.000001, 0.000000)",LeftFalse_RightFalse
32.889282,0.063663,"(-1.3441396951675415, 0.7960832715034485, -33.92295837402344)","(351.59722900390625, 274.6177978515625, 0.6870604157447815)","(0.5394647121429443, 0.6852474212646484, -33.31312942504883)","(0.000566605944186449, 193.21144104003906, 0.0001253013761015609)","(-1.7319602966308594, -0.003921696450561285, -33.00960922241211)","(0.0005802950472570956, 180.68106079101562, -6.123441949057451e-07)",0.0,-0.001404,"(0.000004, -0.000001, 0.000430)",LeftFalse_RightFalse,False,"(37.39499282836914, -0.003921627998352051, 0.7092443108558655)","(0.0006989511894062161, 98.73249053955078, -5.321494427334983e-07)",-0.365488,1.0,"(0.000000, -0.000001, 0.000000)",LeftFalse_RightFalse
32.952759,0.063627,"(-1.344144344329834, 0.79608154296875, -33.92295455932617)","(351.59722900390625, 274.6180419921875, 0.687164843082428)","(0.5394632816314697, 0.6852468252182007, -33.31313705444336)","(0.0006688573048450053, 193.21173095703125, 0.00014987168833613396)","(-1.7319602966308594, -0.003921717405319214, -33.00960159301758)","(0.0006854416569694877, 180.6813507080078, 1.1885186950166826e-06)",0.0,-0.001404,"(0.000008, 0.000000, 0.000720)",LeftFalse_RightFalse,False,"(37.39499282836914, -0.003921627998352051, 0.7092443108558655)","(0.0006989464745856822, 98.73249053955078, -6.204241458362958e-07)",-0.365488,1.0,"(0.000000, -0.000001, 0.000000)",LeftFalse_RightFalse
33.018433,0.064027,"(-1.3441439867019653, 0.7960795760154724, -33.92292404174805)","(351.5971984863281, 274.6180114746094, 0.6872873902320862)","(0.5394634008407593, 0.6852462291717529, -33.313106536865234)","(0.0007879387703724205, 193.2117156982422, 0.00017634227697271854)","(-1.7319601774215698, -0.003921754192560911, -33.00957107543945)","(0.000807429663836956, 180.68133544921875, 1.1930823120565037e-06)",0.0,-0.001404,"(-0.000012, 0.000004, -0.000990)",LeftFalse_RightFalse,False,"(37.39499282836914, -0.003921627998352051, 0.7092443108558655)","(0.0006989386747591197, 98.73249053955078, -6.456454570979986e-07)",-0.365488,1.0,"(0.000000, -0.000001, 0.000000)",LeftFalse_RightFalse
33.082764,0.064091,"(-1.344136357307434, 0.7960801124572754, -33.92291259765625)","(351.5971984863281, 274.6175537109375, 0.6872667074203491)","(0.5394660234451294, 0.6852465271949768, -33.31307601928711)","(0.0007685123127885163, 193.21124267578125, 0.00017121777636930346)","(-1.7319599390029907, -0.003921557683497667, -33.009559631347656)","(0.0007873540162108839, 180.6808624267578, 4.0535229572924436e-07)",0.0,-0.001404,"(0.000003, 0.000000, 0.000260)",LeftFalse_RightFalse,False,"(37.39499282836914, -0.0039216578006744385, 0.7092443108558655)","(0.0006984710926190019, 98.73249053955078, -7.601316269756353e-07)",-0.365487,1.0,"(0.000000, 0.000000, 0.000000)",LeftFalse_RightFalse
33.14502,0.063735,"(-1.344168782234192, 0.7960817813873291, -33.92292404174805)","(351.59722900390625, 274.6195983886719, 0.6871675252914429)","(0.5394551753997803, 0.6852471232414246, -33.31315612792969)","(0.0006727890577167273, 193.21327209472656, 0.00014974921941757202)","(-1.7319600582122803, -0.003921448718756437, -33.009559631347656)","(0.0006892530946061015, 180.68289184570312, 2.159931540290927e-07)",0.0,-0.001404,"(-0.000003, -0.000002, -0.000206)",LeftFalse_RightFalse,False,"(37.39499282836914, -0.0039216578006744385, 0.7092443108558655)","(0.0006981162005104125, 98.73249053955078, -1.5348019815064617e-06)",-0.365488,1.0,"(0.000000, 0.000000, 0.000000)",LeftFalse_RightFalse
33.209473,0.063882,"(-1.3441691398620605, 0.7960827350616455, -33.92293930053711)","(351.59722900390625, 274.6195983886719, 0.6870952844619751)","(0.5394546985626221, 0.6852474212646484, -33.313175201416016)","(0.0006033247336745262, 193.21328735351562, 0.00013219579705037177)","(-1.7319602966308594, -0.003921598196029663, -33.009578704833984)","(0.0006176349124871194, 180.6829071044922, -1.8485518467059592e-06)",0.0,-0.001404,"(0.000003, -0.000002, 0.000318)",LeftFalse_RightFalse,False,"(37.39499282836914, -0.0039216578006744385, 0.7092442512512207)","(0.0006982057821005583, 98.73249053955078, -1.2718016932922183e-06)",-0.365487,1.0,"(0.000000, 0.000000, 0.000000)",LeftFalse_RightFalse
33.276489,0.064499,"(-1.344164490699768, 0.7960826754570007, -33.922950744628906)","(351.59722900390625, 274.61932373046875, 0.687096118927002)","(0.5394567251205444, 0.6852473616600037, -33.313175201416016)","(0.0006038755527697504, 193.21299743652344, 0.0001329957158304751)","(-1.7319601774215698, -0.003921611700206995, -33.00959014892578)","(0.0006183463847264647, 180.68263244628906, -1.187229258903244e-06)",0.0,-0.001404,"(0.000002, -0.000001, 0.000060)",LeftFalse_RightFalse,False,"(37.39499282836914, -0.0039216578006744385, 0.7092443108558655)","(0.0006981344777159393, 98.73249053955078, -1.3969444125905284e-06)",-0.365487,1.0,"(0.000000, 0.000000, 0.000000)",LeftFalse_RightFalse
33.340088,0.064313,"(-1.3441474437713623, 0.7960813641548157, -33.922935485839844)","(351.59722900390625, 274.6182556152344, 0.6871747374534607)","(0.5394625663757324, 0.6852469444274902, -33.31312561035156)","(0.0006800873670727015, 193.2119598388672, 0.00014871041639707983)","(-1.7319598197937012, -0.003921769559383392, -33.00958251953125)","(0.000696152332238853, 180.68157958984375, -2.38149505094043e-06)",0.0,-0.001404,"(-0.000009, 0.000002, -0.000847)",LeftFalse_RightFalse,False,"(37.39499282836914, -0.0039216578006744385, 0.7092443108558655)","(0.0006981574697420001, 98.73249053955078, -1.3477263109962223e-06)",-0.365488,1.0,"(0.000000, 0.000000, 0.000000)",LeftFalse_RightFalse
33.404053,0.064257,"(-1.3441606760025024, 0.7960786819458008, -33.92289733886719)","(351.5971984863281, 274.6191101074219, 0.6873572468757629)","(0.5394586324691772, 0.6852461099624634, -33.313114166259766)","(0.0008562087896279991, 193.2128143310547, 0.0001902260846691206)","(-1.7319592237472534, -0.003921574912965298, -33.0095329284668)","(0.0008770858985371888, 180.68243408203125, -6.550455822207368e-08)",0.0,-0.001404,"(0.000002, 0.000004, 0.000081)",LeftFalse_RightFalse,False,"(37.39499282836914, -0.0039216578006744385, 0.7092443108558655)","(0.0006981008918955922, 98.73249053955078, -1.5392313343909336e-06)",-0.365488,1.0,"(0.000000, 0.000000, 0.000000)",LeftFalse_RightFalse
33.46582,0.063747,"(-1.3441729545593262, 0.7960796356201172, -33.922889709472656)","(351.5971984863281, 274.619873046875, 0.6873029470443726)","(0.5394543409347534, 0.685246467590332, -33.313133239746094)","(0.0008039539097808301, 193.2135772705078, 0.00017879309598356485)","(-1.7319592237472534, -0.003921477124094963, -33.009521484375)","(0.0008235949790105224, 180.68319702148438, 1.1092594576211923e-07)",0.0,-0.001404,"(0.000013, 0.000000, 0.001265)",LeftFalse_RightFalse,False,"(37.39499282836914, -0.0039216578006744385, 0.7092443108558655)","(0.0006981517653912306, 98.73249053955078, -1.4781842310185311e-06)",-0.365488,1.0,"(0.000000, 0.000001, 0.000000)",LeftFalse_RightFalse
33.528931,0.063624,"(-1.3441698551177979, 0.7960783839225769, -33.92283630371094)","(351.5971984863281, 274.6197204589844, 0.6873857975006104)","(0.5394556522369385, 0.6852461099624634, -33.313072204589844)","(0.0008841513190418482, 193.2134246826172, 0.0001975486084120348)","(-1.7319586277008057, -0.003921369090676308, -33.00946807861328)","(0.0009059513104148209, 180.6830596923828, 1.0203032161371084e-06)",0.0,-0.001404,"(0.000004, 0.000001, 0.000263)",LeftFalse_RightFalse,False,"(37.39499282836914, -0.003921627998352051, 0.7092443108558655)","(0.0006985759828239679, 98.73249053955078, -1.1792800478360732e-06)",-0.365488,1.0,"(0.000000, 0.000000, 0.000000)",LeftFalse_RightFalse
33.589844,0.063084,"(-1.3441636562347412, 0.7960789203643799, -33.922794342041016)","(351.5971984863281, 274.619384765625, 0.687353789806366)","(0.5394583940505981, 0.6852462887763977, -33.31302261352539)","(0.0008523996220901608, 193.21307373046875, 0.0001894263259600848)","(-1.731958031654358, -0.003921405412256718, -33.009429931640625)","(0.0008731939597055316, 180.68270874023438, -1.976930796843135e-08)",0.0,-0.001404,"(-0.000002, 0.000000, -0.000334)",LeftFalse_RightFalse,False,"(37.39499282836914, -0.003921627998352051, 0.7092443108558655)","(0.000698790536262095, 98.73249053955078, -1.1147676559630781e-06)",-0.365487,1.0,"(0.000000, 0.000001, 0.000000)",LeftFalse_RightFalse
33.652832,0.063069,"(-1.3441810607910156, 0.7960827350616455, -33.92281723022461)","(351.59722900390625, 274.6204833984375, 0.6871009469032288)","(0.5394524335861206, 0.6852474212646484, -33.313079833984375)","(0.0006084310007281601, 193.21414184570312, 0.00013474651495926082)","(-1.7319585084915161, -0.0039214929565787315, -33.00944900512695)","(0.0006231731385923922, 180.6837615966797, -4.6645959628222045e-07)",0.0,-0.001404,"(-0.000015, 0.000000, -0.001322)",LeftFalse_RightFalse,False,"(37.39499282836914, -0.003921627998352051, 0.7092443108558655)","(0.0006987895467318594, 98.73249053955078, -1.2262573818588862e-06)",-0.365488,1.0,"(0.000000, 0.000000, 0.000000)",LeftFalse_RightFalse
33.715332,0.062952,"(-1.344170331954956, 0.7960839867591858, -33.92283248901367)","(351.59722900390625, 274.61981201171875, 0.6870086193084717)","(0.5394555330276489, 0.6852477192878723, -33.313072204589844)","(0.0005198984872549772, 193.2134552001953, 0.00011384388199076056)","(-1.7319587469100952, -0.003921658266335726, -33.00947189331055)","(0.0005322143551893532, 180.68307495117188, -1.6634252233416191e-06)",0.0,-0.001404,"(-0.000019, -0.000002, -0.001669)",LeftFalse_RightFalse,False,"(37.39499282836914, -0.003921627998352051, 0.7092443108558655)","(0.0006987644592300057, 98.73249053955078, -1.3031200296609313e-06)",-0.365488,1.0,"(0.000000, 0.000001, 0.000000)",LeftFalse_RightFalse
33.778442,0.062987,"(-1.3441689014434814, 0.7960849404335022, -33.922874450683594)","(351.59722900390625, 274.61968994140625, 0.6869391202926636)","(0.5394561290740967, 0.6852478981018066, -33.3131103515625)","(0.0004513034946285188, 193.2133331298828, 9.9526958365459e-05)","(-1.7319591045379639, -0.003921861760318279, -33.00951385498047)","(0.00046214714529924095, 180.68296813964844, -7.571752576041035e-07)",0.0,-0.001404,"(0.000011, -0.000001, 0.000976)",LeftFalse_RightFalse,False,"(37.39499282836914, -0.003921627998352051, 0.7092443108558655)","(0.000699069001711905, 98.73249053955078, -4.829313411391922e-07)",-0.365488,1.0,"(0.000000, 0.000001, 0.000000)",LeftFalse_RightFalse
33.8396,0.062622,"(-1.3441747426986694, 0.7960785031318665, -33.92280197143555)","(351.5971984863281, 274.62005615234375, 0.687354326248169)","(0.5394545793533325, 0.6852458715438843, -33.313053131103516)","(0.0008532063802704215, 193.21376037597656, 0.0001909491838887334)","(-1.731958270072937, -0.003921763971447945, -33.00943374633789)","(0.000874311663210392, 180.68338012695312, 1.29180921248917e-06)",0.0,-0.001404,"(-0.000008, 0.000004, -0.000726)",LeftFalse_RightFalse,False,"(37.39499282836914, -0.003921627998352051, 0.7092443704605103)","(0.0006989800604060292, 98.73249053955078, -5.602368560175819e-07)",-0.365488,1.0,"(0.000000, 0.000001, 0.000000)",LeftFalse_RightFalse
33.898926,0.06195,"(-1.3441739082336426, 0.7960833311080933, -33.92284393310547)","(351.59722900390625, 274.6200256347656, 0.6870607137680054)","(0.5394543409347534, 0.685247540473938, -33.31309127807617)","(0.0005691916448995471, 193.21368408203125, 0.00012615871673915535)","(-1.7319587469100952, -0.003921590279787779, -33.00947952270508)","(0.0005830050795339048, 180.6833038330078, -3.364226870417042e-07)",0.0,-0.001404,"(-0.000001, -0.000001, -0.000092)",LeftFalse_RightFalse,False,"(37.39499282836914, -0.003921627998352051, 0.7092442512512207)","(0.000698898162227124, 98.73249053955078, -6.357966526593373e-07)",-0.365487,1.0,"(0.000000, 0.000001, 0.000000)",LeftFalse_RightFalse
33.960938,0.061958,"(-1.3442010879516602, 0.7960802912712097, -33.92283248901367)","(351.59722900390625, 274.6278991699219, 0.6872375011444092)","(0.5394458770751953, 0.685246467590332, -33.313133239746094)","(0.0007403560448437929, 193.21539306640625, 0.00016438488091807812)","(-1.7319583892822266, -0.003921781666576862, -33.00945281982422)","(0.0007583862170577049, 180.68502807617188, -1.561193272436867e-07)",0.0,-0.001404,"(0.000011, 0.000002, 0.000877)",LeftFalse_RightFalse,False,"(37.39499282836914, -0.003921627998352051, 0.7092443704605103)","(0.0006988478126004338, 98.73249053955078, -5.492937020790123e-07)",-0.365488,1.0,"(0.000000, 0.000000, 0.000000)",LeftFalse_RightFalse
34.025635,0.062525,"(-1.3441967964172363, 0.7960800528526306, -33.92280578613281)","(351.5971984863281, 274.630126953125, 0.6872636079788208)","(0.5394473075866699, 0.685246467590332, -33.31310272216797)","(0.0007662602583877742, 193.21514892578125, 0.00017023042892105877)","(-1.7319581508636475, -0.003921599593013525, -33.009429931640625)","(0.0007849416579119861, 180.6847686767578, -6.99237503454242e-08)",0.0,-0.001404,"(-0.000008, 0.000001, -0.000959)",LeftFalse_RightFalse,False,"(37.39499282836914, -0.003921627998352051, 0.7092443108558655)","(0.0006987242959439754, 98.73249053955078, -6.687824338769133e-07)",-0.365487,1.0,"(0.000000, 0.000000, 0.000000)",LeftFalse_RightFalse
34.086426,0.062172,"(-1.3442091941833496, 0.7960820198059082, -33.92282485961914)","(351.59722900390625, 274.6317138671875, 0.6871363520622253)","(0.5394437313079834, 0.6852470636367798, -33.31314468383789)","(0.0006431349320337176, 193.21592712402344, 0.00014249597734306008)","(-1.7319581508636475, -0.003921661525964737, -33.00944519042969)","(0.000658731791190803, 180.685546875, -4.308369625505293e-07)",0.0,-0.001404,"(0.000011, -0.000001, 0.001147)",LeftFalse_RightFalse,False,"(37.39499282836914, -0.003921627998352051, 0.7092443108558655)","(0.000698749499861151, 98.73249053955078, -4.574233969378838e-07)",-0.365488,1.0,"(0.000000, 0.000000, 0.000000)",LeftFalse_RightFalse
34.146118,0.061676,"(-1.3442189693450928, 0.7960832118988037, -33.922847747802734)","(351.59722900390625, 274.6326599121094, 0.6870724558830261)","(0.5394396781921387, 0.685247540473938, -33.31318664550781)","(0.0005813574534840882, 193.21652221679688, 0.00012902828166261315)","(-1.7319583892822266, -0.003921495284885168, -33.009464263916016)","(0.0005955037195235491, 180.6861572265625, -1.7467505131207872e-07)",0.0,-0.001404,"(0.000016, -0.000001, 0.001489)",LeftFalse_RightFalse,False,"(37.39499282836914, -0.003921627998352051, 0.7092443108558655)","(0.0006988452514633536, 98.73249053955078, -6.296997412391647e-07)",-0.365488,1.0,"(0.000000, 0.000000, 0.000000)",LeftFalse_RightFalse
34.209473,0.062007,"(-1.3442223072052002, 0.7960814237594604, -33.922828674316406)","(351.59722900390625, 274.63299560546875, 0.6871812343597412)","(0.5394387245178223, 0.6852469444274902, -33.313175201416016)","(0.0006854386883787811, 193.2167510986328, 0.00015247115516103804)","(-1.7319581508636475, -0.003921546973288059, -33.00944137573242)","(0.0007021919591352344, 180.68637084960938, 1.2864992982031254e-07)",0.0,-0.001404,"(0.000009, 0.000000, 0.000816)",LeftFalse_RightFalse,False,"(37.39499282836914, -0.003921627998352051, 0.7092443108558655)","(0.0006989783141762018, 98.73249053955078, -6.422062028832443e-07)",-0.365488,1.0,"(0.000000, 0.000000, 0.000000)",LeftFalse_RightFalse
34.271729,0.062048,"(-1.344221591949463, 0.7960792183876038, -33.92279815673828)","(351.5971984863281, 274.6330261230469, 0.6873201727867126)","(0.53943932056427, 0.6852462887763977, -33.31314468383789)","(0.0008205958874896169, 193.21673583984375, 0.00018253247253596783)","(-1.7319575548171997, -0.003921568393707275, -33.0094108581543)","(0.0008406519773416221, 180.68637084960938, 1.5062497027429345e-07)",0.0,-0.001404,"(0.000017, 0.000000, 0.001523)",LeftFalse_RightFalse,False,"(37.39499282836914, -0.003921627998352051, 0.7092443108558655)","(0.000698849034961313, 98.73249053955078, -8.26572147616389e-07)",-0.365488,1.0,"(0.000000, 0.000000, 0.000000)",LeftFalse_RightFalse
34.332764,0.06186,"(-1.3442034721374512, 0.7960841655731201, -33.922847747802734)","(351.59722900390625, 274.63189697265625, 0.6870077252388)","(0.5394448041915894, 0.6852478384971619, -33.31315612792969)","(0.0005192903918214142, 193.21556091308594, 0.00011404261749703437)","(-1.731958270072937, -0.003921564668416977, -33.00947189331055)","(0.0005316637689247727, 180.6851806640625, -1.3374909713093075e-06)",0.0,-0.001404,"(-0.000019, -0.000001, -0.001885)",LeftFalse_RightFalse,False,"(37.39499282836914, -0.003921627998352051, 0.7092443108558655)","(0.0006989289540797472, 98.73249053955078, -4.785541136698157e-07)",-0.365488,1.0,"(0.000000, 0.000000, 0.000000)",LeftFalse_RightFalse
34.394043,0.061747,"(-1.3441858291625977, 0.7960836887359619, -33.92285919189453)","(351.59722900390625, 274.63079833984375, 0.6870236396789551)","(0.5394506454467773, 0.6852476000785828, -33.313133239746094)","(0.0005345203098841012, 193.21444702148438, 0.00011790890857810155)","(-1.7319583892822266, -0.003921773750334978, -33.009490966796875)","(0.0005473698256537318, 180.68406677246094, -8.675341973685136e-07)",0.0,-0.001404,"(-0.000006, -0.000001, -0.000544)",LeftFalse_RightFalse,False,"(37.39499282836914, -0.003921627998352051, 0.7092443108558655)","(0.0006988982204347849, 98.73249053955078, -4.1995616584245e-07)",-0.365487,1.0,"(0.000000, 0.000000, 0.000000)",LeftFalse_RightFalse
34.455322,0.061641,"(-1.344207763671875, 0.796083390712738, -33.92287826538086)","(351.59722900390625, 274.63214111328125, 0.6870452761650085)","(0.5394432544708252, 0.6852474212646484, -33.313194274902344)","(0.0005537831457331777, 193.21580505371094, 0.00012301081733312458)","(-1.7319586277008057, -0.003921748138964176, -33.009498596191406)","(0.000567280687391758, 180.68544006347656, -6.636092564349383e-08)",0.0,-0.001404,"(-0.000014, 0.000000, -0.001067)",LeftFalse_RightFalse,False,"(37.39499282836914, -0.003921627998352051, 0.7092443108558655)","(0.0006990100955590606, 98.73249053955078, -6.41997743855427e-08)",-0.365488,1.0,"(0.000000, 0.000000, 0.000000)",LeftFalse_RightFalse
34.521973,0.062635,"(-1.344245433807373, 0.7960821986198425, -33.92289733886719)","(351.59765625, 274.6270751953125, 0.6871221661567688)","(0.5394313335418701, 0.6852470636367798, -33.31329345703125)","(0.0006290057790465653, 193.21817016601562, 0.00014049142191652209)","(-1.7319586277008057, -0.0039217667654156685, -33.00950241088867)","(0.0006445043254643679, 180.68780517578125, 6.778018359909765e-07)",0.0,-0.001404,"(-0.000008, 0.000002, -0.000735)",LeftFalse_RightFalse,False,"(37.39499282836914, -0.003921627998352051, 0.7092443108558655)","(0.0006987556698732078, 98.73249053955078, -5.797782023364562e-07)",-0.365488,1.0,"(0.000000, 0.000000, 0.000000)",LeftFalse_RightFalse
34.584229,0.062578,"(-1.344250202178955, 0.7960797548294067, -33.922874450683594)","(351.5927429199219, 274.6218566894531, 0.6872810125350952)","(0.5394301414489746, 0.6852463483810425, -33.31328201293945)","(0.0007829296519048512, 193.21849060058594, 0.00017412254237569869)","(-1.7319583892822266, -0.003921701107174158, -33.00947570800781)","(0.0008020583773031831, 180.68812561035156, 1.1299731283997971e-07)",0.0,-0.001404,"(-0.000007, 0.000002, -0.000797)",LeftFalse_RightFalse,False,"(37.39499282836914, -0.003921627998352051, 0.7092443108558655)","(0.0006988293607719243, 98.73249053955078, -3.702951403283805e-07)",-0.365488,1.0,"(0.000000, 0.000000, 0.000000)",LeftFalse_RightFalse
34.646362,0.062471,"(-1.3442740440368652, 0.7960803508758545, -33.92289352416992)","(351.6064453125, 274.6285400390625, 0.687244713306427)","(0.539421558380127, 0.6852465867996216, -33.31334686279297)","(0.0007481492357328534, 193.21998596191406, 0.00016675988445058465)","(-1.7319583892822266, -0.003921598196029663, -33.009483337402344)","(0.0007665090379305184, 180.68960571289062, 4.715236627816921e-07)",0.0,-0.001404,"(0.000026, 0.000000, 0.002399)",LeftFalse_RightFalse,False,"(37.39499282836914, -0.003921627998352051, 0.7092443108558655)","(0.0006988979293964803, 98.73249053955078, -2.75610887001676e-07)",-0.365487,1.0,"(0.000000, 0.000000, 0.000000)",LeftFalse_RightFalse
34.70874,0.062456,"(-1.344299554824829, 0.7960819602012634, -33.92292022705078)","(351.6116638183594, 274.632080078125, 0.687149167060852)","(0.5394124984741211, 0.6852471232414246, -33.31342697143555)","(0.0006543862982653081, 193.2215576171875, 0.00014552871289197356)","(-1.7319588661193848, -0.00392156932502985, -33.00950241088867)","(0.0006703732069581747, 180.69117736816406, 8.859264966076807e-08)",0.0,-0.001404,"(0.000002, -0.000001, 0.000255)",LeftFalse_RightFalse,False,"(37.39499282836914, -0.003921627998352051, 0.7092443108558655)","(0.0006989364046603441, 98.73249053955078, -2.622446118039079e-07)",-0.365488,1.0,"(0.000000, 0.000000, 0.000000)",LeftFalse_RightFalse
34.772461,0.062707,"(-1.3442890644073486, 0.7960807681083679, -33.922908782958984)","(351.6031799316406, 274.6321716308594, 0.687222421169281)","(0.5394163131713867, 0.6852468252182007, -33.31338882446289)","(0.0007256195531226695, 193.2209014892578, 0.000160304392920807)","(-1.7319586277008057, -0.003921555355191231, -33.009490966796875)","(0.0007431154372170568, 180.69053649902344, -9.422114999324549e-07)",0.0,-0.001404,"(0.000000, 0.000002, -0.000189)",LeftFalse_RightFalse,False,"(37.39499282836914, -0.003921627998352051, 0.7092443108558655)","(0.0006989756948314607, 98.73249053955078, -2.778776888590073e-07)",-0.365487,1.0,"(0.000000, 0.000000, 0.000000)",LeftFalse_RightFalse
34.832031,0.062092,"(-1.344308853149414, 0.796081006526947, -33.922916412353516)","(351.6002502441406, 274.6336669921875, 0.6872068643569946)","(0.5394096374511719, 0.6852467060089111, -33.313438415527344)","(0.0007096966728568077, 193.22213745117188, 0.00015863483713474125)","(-1.7319588661193848, -0.0039216093719005585, -33.009490966796875)","(0.0007272096117958426, 180.6917724609375, 8.8255018226846e-07)",0.0,-0.001404,"(0.000001, -0.000001, 0.000388)",LeftFalse_RightFalse,False,"(37.39499282836914, -0.003921627998352051, 0.7092443108558655)","(0.0006989914108999074, 98.73249053955078, -4.164387235050526e-07)",-0.365487,1.0,"(0.000000, 0.000000, 0.000000)",LeftFalse_RightFalse
34.894897,0.06224,"(-1.3443198204040527, 0.7960822582244873, -33.922935485839844)","(351.59906005859375, 274.6415710449219, 0.6871252655982971)","(0.5394061803817749, 0.6852471828460693, -33.313480377197266)","(0.0006306417635641992, 193.2228240966797, 0.0001390412071486935)","(-1.7319589853286743, -0.0039216578006744385, -33.00950622558594)","(0.0006457865820266306, 180.69244384765625, -1.0928160918410867e-06)",0.0,-0.001404,"(-0.000009, 0.000001, -0.001020)",LeftFalse_RightFalse,False,"(37.394996643066406, -0.003921627998352051, 0.7092443108558655)","(0.000698803982231766, 98.73249053955078, -1.0130224836757407e-06)",-0.365488,1.0,"(0.000000, 0.000000, 0.000000)",LeftFalse_RightFalse
34.954834,0.061776,"(-1.3443349599838257, 0.7960836291313171, -33.92296600341797)","(351.592529296875, 274.6377868652344, 0.6870355606079102)","(0.5394010543823242, 0.685247540473938, -33.313541412353516)","(0.0005444001290015876, 193.22373962402344, 0.00012091374082956463)","(-1.731959342956543, -0.0039216866716742516, -33.0095329284668)","(0.0005576663534156978, 180.693359375, -7.777712340839571e-08)",0.0,-0.001404,"(-0.000006, -0.000002, -0.000430)",LeftFalse_RightFalse,False,"(37.39499282836914, -0.003921627998352051, 0.7092443108558655)","(0.000699118769261986, 98.73249053955078, -3.1177538062365784e-07)",-0.365487,1.0,"(0.000000, 0.000000, 0.000000)",LeftFalse_RightFalse
35.015991,0.061668,"(-1.3443305492401123, 0.79608154296875, -33.922950744628906)","(351.59332275390625, 274.6355285644531, 0.6871675848960876)","(0.5394023656845093, 0.6852468848228455, -33.31351852416992)","(0.0006719928351230919, 193.2234649658203, 0.00014959662803448737)","(-1.7319592237472534, -0.003921715077012777, -33.009517669677734)","(0.000688442843966186, 180.69309997558594, 2.3976230068001314e-07)",0.0,-0.001404,"(-0.000017, 0.000001, -0.001677)",LeftFalse_RightFalse,False,"(37.39499282836914, -0.003921627998352051, 0.7092443108558655)","(0.0006990485126152635, 98.73249053955078, -4.885071689386677e-07)",-0.365487,1.0,"(0.000000, 0.000000, 0.000000)",LeftFalse_RightFalse
35.081543,0.06243,"(-1.344321370124817, 0.7960849404335022, -33.92300796508789)","(351.5936584472656, 274.6341552734375, 0.6869537234306335)","(0.5394046306610107, 0.6852480173110962, -33.31355667114258)","(0.0004640280094463378, 193.22283935546875, 0.00010207670857198536)","(-1.7319600582122803, -0.003921687602996826, -33.00958251953125)","(0.0004751216038130224, 180.6924591064453, -1.0288118801327073e-06)",0.0,-0.001404,"(0.000007, -0.000002, 0.000623)",LeftFalse_RightFalse,False,"(37.394996643066406, -0.003921627998352051, 0.7092443108558655)","(0.0006989632965996861, 98.73249053955078, -6.431441761378665e-07)",-0.365487,1.0,"(0.000000, 0.000000, 0.000000)",LeftFalse_RightFalse
35.145142,0.062665,"(-1.344315528869629, 0.7960801720619202, -33.9229736328125)","(351.59283447265625, 274.6335144042969, 0.6872484683990479)","(0.5394068956375122, 0.6852465271949768, -33.31351089477539)","(0.0007509429124183953, 193.2225341796875, 0.0001660029374761507)","(-1.7319592237472534, -0.003921732306480408, -33.00954818725586)","(0.0007690718048252165, 180.69215393066406, -8.734574521440663e-07)",0.0,-0.001404,"(0.000002, 0.000001, 0.000071)",LeftFalse_RightFalse,False,"(37.39499282836914, -0.003921627998352051, 0.7092443108558655)","(0.0006988438544794917, 98.73249053955078, -8.38088510590751e-07)",-0.365487,1.0,"(0.000000, 0.000000, 0.000000)",LeftFalse_RightFalse
35.209473,0.063,"(-1.3443125486373901, 0.7960824370384216, -33.923011779785156)","(351.59259033203125, 274.6309814453125, 0.6871101260185242)","(0.5394076108932495, 0.6852472424507141, -33.313541412353516)","(0.0006166594685055315, 193.22230529785156, 0.00013593173935078084)","(-1.7319597005844116, -0.00392166618257761, -33.009586334228516)","(0.0006314626662060618, 180.69192504882812, -1.0946653219434666e-06)",0.0,-0.001404,"(0.000001, 0.000001, -0.000052)",LeftFalse_RightFalse,False,"(37.39499282836914, -0.003921627998352051, 0.7092442512512207)","(0.0006989618414081633, 98.73249053955078, -4.4749640437657945e-07)",-0.365487,1.0,"(0.000000, 0.000000, 0.000000)",LeftFalse_RightFalse
35.274414,0.063386,"(-1.3442975282669067, 0.7960819005966187, -33.92301559448242)","(351.5924377441406, 274.6297302246094, 0.6871404647827148)","(0.5394124984741211, 0.6852470636367798, -33.313514709472656)","(0.0006452602101489902, 193.22137451171875, 0.00014176002878230065)","(-1.7319598197937012, -0.003921717405319214, -33.00959777832031)","(0.0006606468232348561, 180.6909942626953, -1.610365870874375e-06)",0.0,-0.001404,"(0.000007, -0.000001, 0.000361)",LeftFalse_RightFalse,False,"(37.39499282836914, -0.003921627998352051, 0.7092443108558655)","(0.0006989506655372679, 98.73249053955078, -3.812122315594024e-07)",-0.365488,1.0,"(0.000000, 0.000000, 0.000000)",LeftFalse_RightFalse
35.33606,0.063037,"(-1.3442951440811157, 0.7960768938064575, -33.92293167114258)","(351.5923767089844, 274.6295166015625, 0.687465488910675)","(0.5394138097763062, 0.6852455139160156, -33.31342697143555)","(0.0009612737921997905, 193.2212677001953, 0.00021392472262959927)","(-1.7319587469100952, -0.003921621944755316, -33.0095100402832)","(0.0009847898036241531, 180.69090270996094, 2.7408381697568984e-07)",0.0,-0.001404,"(0.000002, 0.000003, 0.000139)",LeftFalse_RightFalse,False,"(37.394996643066406, -0.003921627998352051, 0.7092443704605103)","(0.0006989467656239867, 98.73249053955078, -3.083100352796464e-07)",-0.365487,1.0,"(0.000000, 0.000000, 0.000000)",LeftFalse_RightFalse
35.402954,0.063812,"(-1.3442823886871338, 0.7960817217826843, -33.9229621887207)","(351.5924072265625, 274.6358947753906, 0.6871646642684937)","(0.5394178628921509, 0.6852471232414246, -33.31343460083008)","(0.0006703599938191473, 193.220458984375, 0.00014802470104768872)","(-1.7319592237472534, -0.0039215087890625, -33.009552001953125)","(0.0006865077302791178, 180.69007873535156, -9.404667480339413e-07)",0.0,-0.001404,"(0.000018, -0.000002, 0.001625)",LeftFalse_RightFalse,False,"(37.394989013671875, -0.003921627998352051, 0.7092442512512207)","(0.0006989302346482873, 98.73249053955078, -2.9736690976278624e-07)",-0.365487,1.0,"(0.000000, 0.000000, 0.000000)",LeftFalse_RightFalse
35.469849,0.064441,"(-1.3443002700805664, 0.7960794568061829, -33.92293930053711)","(351.5924072265625, 274.631103515625, 0.6873050332069397)","(0.5394128561019897, 0.6852462887763977, -33.313446044921875)","(0.0008042174740694463, 193.22161865234375, 0.00017926575674209744)","(-1.7319587469100952, -0.0039216517470777035, -33.009517669677734)","(0.0008239550516009331, 180.6912384033203, 5.151517257218075e-07)",0.0,-0.001404,"(0.000013, 0.000002, 0.001221)",LeftFalse_RightFalse,False,"(37.39499282836914, -0.003921627998352051, 0.7092443108558655)","(0.0006988996174186468, 98.73249053955078, -3.90774459901877e-07)",-0.365488,1.0,"(0.000000, 0.000000, 0.000000)",LeftFalse_RightFalse
35.535889,0.064751,"(-1.3443000316619873, 0.7960776090621948, -33.922874450683594)","(351.5923767089844, 274.62921142578125, 0.6874289512634277)","(0.539413332939148, 0.6852457523345947, -33.31338119506836)","(0.0009254423785023391, 193.2216339111328, 0.00020689131633844227)","(-1.731958031654358, -0.003921538591384888, -33.00944900512695)","(0.0009482860332354903, 180.69126892089844, 1.1820812915175338e-06)",0.0,-0.001404,"(-0.000004, 0.000002, -0.000262)",LeftFalse_RightFalse,False,"(37.39499282836914, -0.003921627998352051, 0.7092443108558655)","(0.0006990236579440534, 98.73249053955078, -1.4189609487402777e-07)",-0.365487,1.0,"(0.000000, 0.000000, 0.000000)",LeftFalse_RightFalse
35.602905,0.065198,"(-1.3443490266799927, 0.79608154296875, -33.922916412353516)","(351.5924072265625, 274.6316223144531, 0.6871768832206726)","(0.5393967628479004, 0.6852470636367798, -33.31352233886719)","(0.0006808842881582677, 193.22467041015625, 0.00015206819807644933)","(-1.7319586277008057, -0.00392150180414319, -33.00947570800781)","(0.0006976588047109544, 180.6942901611328, 7.233897463265748e-07)",0.0,-0.001404,"(-0.000003, -0.000002, -0.000241)",LeftFalse_RightFalse,False,"(37.39499282836914, -0.003921627998352051, 0.7092443108558655)","(0.0006989502580836415, 98.73249053955078, -4.62816814206235e-07)",-0.365487,1.0,"(0.000000, 0.000000, 0.000000)",LeftFalse_RightFalse
35.669312,0.065442,"(-1.3443776369094849, 0.7960829734802246, -33.922950744628906)","(351.5924072265625, 274.6331787109375, 0.6870797276496887)","(0.5393869876861572, 0.6852473616600037, -33.31361770629883)","(0.0005869532469660044, 193.22645568847656, 0.00013082246005069464)","(-1.7319588661193848, -0.003921622410416603, -33.009498596191406)","(0.0006013555102981627, 180.69607543945312, 3.627303613029653e-07)",0.0,-0.001404,"(0.000003, -0.000002, 0.000326)",LeftFalse_RightFalse,False,"(37.39499282836914, -0.003921627998352051, 0.7092443108558655)","(0.0006990238907746971, 98.73249053955078, -3.8400011703743075e-07)",-0.365487,1.0,"(0.000000, 0.000000, 0.000000)",LeftFalse_RightFalse
35.734741,0.06544,"(-1.3443647623062134, 0.7960823178291321, -33.922943115234375)","(351.5924072265625, 274.63232421875, 0.6871167421340942)","(0.5393913984298706, 0.6852471232414246, -33.31357955932617)","(0.0006222028750926256, 193.2256622314453, 0.00013767214841209352)","(-1.7319587469100952, -0.0039216591976583, -33.00949478149414)","(0.0006372517673298717, 180.69528198242188, -5.984095423627878e-07)",0.0,-0.001404,"(0.000012, -0.000001, 0.000965)",LeftFalse_RightFalse,False,"(37.39499282836914, -0.003921627998352051, 0.7092443108558655)","(0.0006990585243329406, 98.73249053955078, -3.6714246220981295e-07)",-0.365487,1.0,"(0.000000, 0.000000, 0.000000)",LeftFalse_RightFalse
35.798828,0.065178,"(-1.3443509340286255, 0.7960807085037231, -33.922889709472656)","(351.5924072265625, 274.63885498046875, 0.6872246861457825)","(0.5393965244293213, 0.6852467060089111, -33.31350326538086)","(0.0007271966314874589, 193.22482299804688, 0.00016142360982485116)","(-1.7319581508636475, -0.003921603783965111, -33.00944900512695)","(0.0007448975811712444, 180.69444274902344, -1.9181887012109655e-07)",0.0,-0.001404,"(-0.000001, 0.000001, -0.000117)",LeftFalse_RightFalse,False,"(37.39499282836914, -0.003921627998352051, 0.7092442512512207)","(0.0006990515976212919, 98.73249053955078, -4.0802294165587227e-07)",-0.365487,1.0,"(0.000000, 0.000000, 0.000000)",LeftFalse_RightFalse
35.865967,0.065564,"(-1.3443655967712402, 0.7960793375968933, -33.92285919189453)","(351.5924072265625, 274.6350402832031, 0.687315821647644)","(0.5393915176391602, 0.6852462291717529, -33.31350326538086)","(0.0008137365221045911, 193.22576904296875, 0.00018225738313049078)","(-1.7319576740264893, -0.003921554423868656, -33.0094108581543)","(0.0008338962798006833, 180.6953887939453, 1.3702986052521737e-06)",0.0,-0.001404,"(0.000022, -0.000001, 0.002188)",LeftFalse_RightFalse,False,"(37.39499282836914, -0.003921627998352051, 0.7092443108558655)","(0.000699004449415952, 98.73249053955078, -4.870741463491868e-07)",-0.365487,1.0,"(0.000000, 0.000000, 0.000000)",LeftFalse_RightFalse
35.929321,0.065113,"(-1.3443634510040283, 0.7960784435272217, -33.92279052734375)","(351.5924072265625, 274.63348388671875, 0.6873753666877747)","(0.5393929481506348, 0.6852460503578186, -33.31343078613281)","(0.000873346405569464, 193.22567749023438, 0.0001958474313141778)","(-1.731956958770752, -0.00392148457467556, -33.00933837890625)","(0.0008950348128564656, 180.6953125, 1.703827706478478e-06)",0.0,-0.001404,"(-0.000015, 0.000002, -0.001314)",LeftFalse_RightFalse,False,"(37.39499282836914, -0.003921627998352051, 0.7092443108558655)","(0.0006989379180595279, 98.73249053955078, -5.672717406923766e-07)",-0.365487,1.0,"(0.000000, 0.000000, 0.000000)",LeftFalse_RightFalse
35.996338,0.065497,"(-1.3443639278411865, 0.7960802316665649, -33.92277526855469)","(351.5924072265625, 274.6329650878906, 0.687267005443573)","(0.5393924713134766, 0.6852466464042664, -33.31341552734375)","(0.0007674647495150566, 193.22569274902344, 0.0001707654446363449)","(-1.731956958770752, -0.00392147758975625, -33.00932693481445)","(0.0007862333441153169, 180.6953125, 1.910612610345197e-07)",0.0,-0.001404,"(-0.000004, -0.000002, -0.000361)",LeftFalse_RightFalse,False,"(37.39499282836914, -0.003921627998352051, 0.7092443108558655)","(0.000698871270287782, 98.73249053955078, -6.089077828619338e-07)",-0.365488,1.0,"(0.000000, 0.000000, 0.000000)",LeftFalse_RightFalse
36.062866,0.065712,"(-1.3443505764007568, 0.7960817813873291, -33.92277145385742)","(351.5924072265625, 274.6319580078125, 0.6871574521064758)","(0.5393970012664795, 0.6852471232414246, -33.313385009765625)","(0.0006627328111790121, 193.22486877441406, 0.0001455099554732442)","(-1.731956958770752, -0.003921566065400839, -33.00933074951172)","(0.0006785165751352906, 180.6945037841797, -1.7405277503712568e-06)",0.0,-0.001404,"(0.000004, -0.000004, 0.000206)",LeftFalse_RightFalse,False,"(37.39499282836914, -0.003921627998352051, 0.7092443108558655)","(0.0006988334935158491, 98.73249053955078, -5.528372071239573e-07)",-0.365488,1.0,"(0.000000, 0.000000, 0.000000)",LeftFalse_RightFalse
36.124634,0.06493,"(-1.344369888305664, 0.7960844039916992, -33.92281723022461)","(351.5924072265625, 274.6330871582031, 0.6869817972183228)","(0.5393903255462646, 0.6852477788925171, -33.31346893310547)","(0.000492804916575551, 193.22605895996094, 0.00010842469055205584)","(-1.7319574356079102, -0.003921759780496359, -33.009368896484375)","(0.0005045905127190053, 180.6956787109375, -1.0754191634987365e-06)",0.0,-0.001404,"(0.000014, -0.000003, 0.001450)",LeftFalse_RightFalse,False,"(37.39499282836914, -0.003921627998352051, 0.7092443108558655)","(0.0006988334353081882, 98.73249053955078, -4.4017494360559795e-07)",-0.365488,1.0,"(0.000000, 0.000000, 0.000000)",LeftFalse_RightFalse
36.188477,0.064709,"(-1.344364881515503, 0.7960840463638306, -33.92281723022461)","(351.5924072265625, 274.63275146484375, 0.6870028972625732)","(0.5393922328948975, 0.6852477192878723, -33.31346130371094)","(0.0005123623413965106, 193.22573852539062, 0.00011234951671212912)","(-1.7319574356079102, -0.0039217472076416016, -33.00937271118164)","(0.0005245336215011775, 180.69537353515625, -1.487198119320965e-06)",0.0,-0.001404,"(-0.000010, 0.000001, -0.000979)",LeftFalse_RightFalse,False,"(37.39499282836914, -0.003921627998352051, 0.7092443108558655)","(0.0006988634704612195, 98.73249053955078, -3.2050382969828206e-07)",-0.365488,1.0,"(0.000000, 0.000000, 0.000000)",LeftFalse_RightFalse
36.252808,0.06463,"(-1.3443523645401, 0.7960838675498962, -33.92283248901367)","(351.5924072265625, 274.6319580078125, 0.6870166659355164)","(0.5393959283828735, 0.6852476000785828, -33.31344985961914)","(0.0005264965584501624, 193.2249298095703, 0.0001169345632661134)","(-1.7319577932357788, -0.003921694587916136, -33.00939178466797)","(0.0005393257015384734, 180.69454956054688, -7.784634448171346e-08)",0.0,-0.001404,"(0.000001, 0.000000, 0.000170)",LeftFalse_RightFalse,False,"(37.39499282836914, -0.003921627998352051, 0.7092443108558655)","(0.0006989005487412214, 98.73249053955078, -2.586490097655769e-07)",-0.365488,1.0,"(0.000000, 0.000000, 0.000000)",LeftFalse_RightFalse
36.31958,0.065069,"(-1.344377040863037, 0.7960829734802246, -33.9228515625)","(351.5924072265625, 274.63348388671875, 0.6870636940002441)","(0.5393878221511841, 0.6852472424507141, -33.31351852416992)","(0.0005724275833927095, 193.22645568847656, 0.00012771837646141648)","(-1.731958031654358, -0.00392185989767313, -33.0093994140625)","(0.0005865024868398905, 180.69610595703125, 4.840268275074777e-07)",0.0,-0.001404,"(0.000004, -0.000001, 0.000486)",LeftFalse_RightFalse,False,"(37.39499282836914, -0.003921627998352051, 0.7092443108558655)","(0.000698931107763201, 98.73249053955078, -2.817859581227822e-07)",-0.365488,1.0,"(0.000000, 0.000000, 0.000000)",LeftFalse_RightFalse
36.381836,0.064484,"(-1.3443559408187866, 0.7960831522941589, -33.92285919189453)","(351.5924072265625, 274.63214111328125, 0.6870566606521606)","(0.5393949747085571, 0.6852473020553589, -33.31348419189453)","(0.0005652956897392869, 193.22512817382812, 0.00012571406841743737)","(-1.731958270072937, -0.003921826835721731, -33.00941848754883)","(0.0005791056901216507, 180.69476318359375, 7.474150010011726e-08)",0.0,-0.001404,"(0.000009, -0.000001, 0.000786)",LeftFalse_RightFalse,False,"(37.39499282836914, -0.003921627998352051, 0.7092443108558655)","(0.0006989473477005959, 98.73249053955078, -3.791017775256478e-07)",-0.365488,1.0,"(0.000000, 0.000000, 0.000000)",LeftFalse_RightFalse
36.447021,0.064634,"(-1.3443410396575928, 0.7960799336433411, -33.92282485961914)","(351.5924072265625, 274.6311950683594, 0.6872634887695312)","(0.5393997430801392, 0.6852463483810425, -33.31341552734375)","(0.0007666723104193807, 193.22421264648438, 0.0001697613188298419)","(-1.7319577932357788, -0.0039217364974319935, -33.00938415527344)","(0.0007852418930269778, 180.69384765625, -6.172168696139124e-07)",0.0,-0.001404,"(0.000003, 0.000003, 0.000126)",LeftFalse_RightFalse,False,"(37.39499282836914, -0.003921627998352051, 0.7092443108558655)","(0.0006989517132751644, 98.73249053955078, -5.284756525725243e-07)",-0.365488,1.0,"(0.000000, 0.000000, 0.000000)",LeftFalse_RightFalse
36.512573,0.06483,"(-1.3443248271942139, 0.796080470085144, -33.92279815673828)","(351.5924072265625, 274.63018798828125, 0.6872402429580688)","(0.539405107498169, 0.6852466464042664, -33.3133544921875)","(0.0007423933711834252, 193.22320556640625, 0.00016416639846283942)","(-1.7319576740264893, -0.00392161263152957, -33.00936508178711)","(0.0007603276171721518, 180.69284057617188, -8.114022307381674e-07)",0.0,-0.001404,"(-0.000017, 0.000003, -0.001532)",LeftFalse_RightFalse,False,"(37.39499282836914, -0.003921627998352051, 0.7092443108558655)","(0.0006989464745856822, 98.73249053955078, -6.588554128938995e-07)",-0.365488,1.0,"(0.000000, -0.000001, 0.000000)",LeftFalse_RightFalse
36.580322,0.065406,"(-1.3443443775177002, 0.796083927154541, -33.92283630371094)","(351.5924072265625, 274.6314392089844, 0.6870287656784058)","(0.5393984317779541, 0.6852478384971619, -33.31343460083008)","(0.0005391606828197837, 193.2244110107422, 0.00011817005724878982)","(-1.7319581508636475, -0.003921450115740299, -33.0093994140625)","(0.0005519563565030694, 180.69403076171875, -1.6193880583159626e-06)",0.0,-0.001404,"(-0.000005, -0.000003, -0.000388)",LeftFalse_RightFalse,False,"(37.39499282836914, -0.003921627998352051, 0.7092443108558655)","(0.0006989441462792456, 98.73249053955078, -7.022371733000909e-07)",-0.365488,1.0,"(0.000000, -0.000001, 0.000000)",LeftFalse_RightFalse
36.645874,0.065443,"(-1.3443186283111572, 0.7960833311080933, -33.922847747802734)","(351.5924072265625, 274.6297912597656, 0.6870428919792175)","(0.5394070148468018, 0.6852474212646484, -33.313392639160156)","(0.0005523808649741113, 193.22279357910156, 0.00012112383410567418)","(-1.7319583892822266, -0.003921836614608765, -33.009422302246094)","(0.0005655025597661734, 180.69241333007812, -1.6041628896346083e-06)",0.0,-0.001404,"(-0.000005, -0.000001, -0.000679)",LeftFalse_RightFalse,False,"(37.39499282836914, -0.003921627998352051, 0.7092443108558655)","(0.0006989422254264355, 98.73249053955078, -6.567449304384354e-07)",-0.365488,1.0,"(0.000000, -0.000001, 0.000000)",LeftFalse_RightFalse
36.709106,0.064997,"(-1.3443042039871216, 0.7960832118988037, -33.92286682128906)","(351.5924072265625, 274.6288757324219, 0.6870515942573547)","(0.5394119024276733, 0.6852473020553589, -33.31338119506836)","(0.0005607865750789642, 193.2218780517578, 0.00012449920177459717)","(-1.7319585084915161, -0.003921824973076582, -33.00944519042969)","(0.0005744402878917754, 180.69149780273438, -1.3285863076362148e-07)",0.0,-0.001404,"(0.000000, 0.000000, 0.000108)",LeftFalse_RightFalse,False,"(37.39499282836914, -0.003921627998352051, 0.7092443108558655)","(0.0006989412358961999, 98.73249053955078, -5.470529913509381e-07)",-0.365488,1.0,"(0.000000, -0.000001, 0.000000)",LeftFalse_RightFalse
36.775635,0.065307,"(-1.344294548034668, 0.7960776090621948, -33.92277908325195)","(351.5923767089844, 274.6282958984375, 0.6874237060546875)","(0.5394155979156494, 0.6852457523345947, -33.31327438354492)","(0.0009204173111356795, 193.22132873535156, 0.00020552193745970726)","(-1.7319574356079102, -0.0039215958677232265, -33.00935745239258)","(0.0009430835489183664, 180.69094848632812, 9.35543823743501e-07)",0.0,-0.001404,"(0.000001, 0.000004, 0.000121)",LeftFalse_RightFalse,False,"(37.39499282836914, -0.003921627998352051, 0.7092443108558655)","(0.0006989343091845512, 98.73249053955078, -4.167513907304965e-07)",-0.365488,1.0,"(0.000000, -0.000001, 0.000000)",LeftFalse_RightFalse
36.839478,0.064995,"(-1.34427809715271, 0.7960777878761292, -33.92273712158203)","(351.5923767089844, 274.6272888183594, 0.6874176263809204)","(0.5394213199615479, 0.6852458119392395, -33.313201904296875)","(0.0009150944533757865, 193.2203369140625, 0.0002042474807240069)","(-1.731956958770752, -0.003921485040336847, -33.00932312011719)","(0.000937611039262265, 180.68995666503906, 8.462399705422285e-07)",0.0,-0.001404,"(0.000014, 0.000002, 0.001198)",LeftFalse_RightFalse,False,"(37.39499282836914, -0.003921627998352051, 0.7092442512512207)","(0.0006989162066020072, 98.73249053955078, -3.3767415175134374e-07)",-0.365488,1.0,"(0.000000, -0.000001, 0.000000)",LeftFalse_RightFalse
36.906372,0.065391,"(-1.3443142175674438, 0.7960805296897888, -33.92273712158203)","(351.5924072265625, 274.62957763671875, 0.6872515678405762)","(0.5394093990325928, 0.6852467656135559, -33.31327438354492)","(0.0007538970676250756, 193.22259521484375, 0.00016701470303814858)","(-1.731956958770752, -0.0039213839918375015, -33.009307861328125)","(0.0007721752626821399, 180.6922149658203, -5.267592655400222e-07)",0.0,-0.001404,"(0.000002, 0.000001, 0.000137)",LeftFalse_RightFalse,False,"(37.39499282836914, -0.003921627998352051, 0.7092443108558655)","(0.0006989018293097615, 98.73249053955078, -3.124528120679315e-07)",-0.365488,1.0,"(0.000000, -0.000001, 0.000000)",LeftFalse_RightFalse
36.971313,0.065297,"(-1.3443188667297363, 0.7960818409919739, -33.9227409362793)","(351.5924072265625, 274.6298828125, 0.6871548891067505)","(0.5394077301025391, 0.6852470636367798, -33.313289642333984)","(0.0006604159134440124, 193.22288513183594, 0.0001467982801841572)","(-1.731957197189331, -0.00392158655449748, -33.00931167602539)","(0.000676534662488848, 180.6925048828125, 1.9748139123976216e-08)",0.0,-0.001404,"(-0.000003, -0.000002, -0.000229)",LeftFalse_RightFalse,False,"(37.39499282836914, -0.003921627998352051, 0.7092443108558655)","(0.0006988982786424458, 98.73249053955078, -3.439534452809312e-07)",-0.365488,1.0,"(0.000000, -0.000001, 0.000000)",LeftFalse_RightFalse
37.039063,0.06578,"(-1.3443009853363037, 0.796082615852356, -33.9227409362793)","(351.5924072265625, 274.6287536621094, 0.6871059536933899)","(0.539413332939148, 0.6852473616600037, -33.31325149536133)","(0.0006130780093371868, 193.2217559814453, 0.00013480718189384788)","(-1.7319570779800415, -0.003921543247997761, -33.00931930541992)","(0.0006277224747464061, 180.69137573242188, -1.4154097698337864e-06)",0.0,-0.001404,"(-0.000003, 0.000000, -0.000502)",LeftFalse_RightFalse,False,"(37.39499282836914, -0.003921627998352051, 0.7092442512512207)","(0.0006989094545133412, 98.73249053955078, -4.147711933910614e-07)",-0.365488,1.0,"(0.000000, -0.000001, 0.000000)",LeftFalse_RightFalse
37.103882,0.065583,"(-1.3442847728729248, 0.7960780262947083, -33.922672271728516)","(351.5924072265625, 274.62774658203125, 0.6873918175697327)","(0.5394191741943359, 0.6852458119392395, -33.31315231323242)","(0.000889701652340591, 193.22079467773438, 0.0001970361772691831)","(-1.7319562435150146, -0.003921682946383953, -33.009254455566406)","(0.0009112583938986063, 180.69041442871094, -6.841210620223137e-07)",0.0,-0.001404,"(0.000024, 0.000002, 0.002182)",LeftFalse_RightFalse,False,"(37.39499282836914, -0.003921627998352051, 0.7092443108558655)","(0.0006989249377511442, 98.73249053955078, -5.008572543374612e-07)",-0.365488,1.0,"(0.000000, -0.000001, 0.000000)",LeftFalse_RightFalse
37.167114,0.065129,"(-1.3442927598953247, 0.7960783243179321, -33.92262649536133)","(351.5924072265625, 274.6282958984375, 0.6873874664306641)","(0.5394167900085449, 0.6852461099624634, -33.3131217956543)","(0.0008859637891873717, 193.2213134765625, 0.00019702056306414306)","(-1.7319557666778564, -0.003921466879546642, -33.00920486450195)","(0.0009076062124222517, 180.69093322753906, 1.1160011581523577e-07)",0.0,-0.001404,"(0.000002, 0.000000, 0.000161)",LeftFalse_RightFalse,False,"(37.39499282836914, -0.003921627998352051, 0.7092443108558655)","(0.0006989408284425735, 98.73249053955078, -5.801690008411242e-07)",-0.365488,1.0,"(0.000000, -0.000001, 0.000000)",LeftFalse_RightFalse
37.23291,0.065248,"(-1.3442747592926025, 0.7960813045501709, -33.92262268066406)","(351.5924072265625, 274.6271667480469, 0.6871840357780457)","(0.5394229888916016, 0.6852468848228455, -33.31308364868164)","(0.0006885238108225167, 193.22018432617188, 0.00015284282562788576)","(-1.7319560050964355, -0.003921601455658674, -33.009212493896484)","(0.0007052843575365841, 180.68980407714844, -1.7786433659239265e-07)",0.0,-0.001404,"(0.000005, 0.000000, 0.000436)",LeftFalse_RightFalse,False,"(37.39499282836914, -0.003921654541045427, 0.7092443108558655)","(0.0006989503744989634, 98.73249053955078, -6.268076617743645e-07)",-0.365488,1.0,"(0.000000, -0.000001, 0.000000)",LeftFalse_RightFalse
37.29895,0.06541,"(-1.3442602157592773, 0.7960808277130127, -33.9225959777832)","(351.5924072265625, 274.62628173828125, 0.6872143745422363)","(0.5394277572631836, 0.6852467656135559, -33.313026428222656)","(0.0007190009346231818, 193.2192840576172, 0.00015877254190854728)","(-1.7319555282592773, -0.003921637311577797, -33.00918960571289)","(0.0007363219046965241, 180.6889190673828, -1.0015899079007795e-06)",0.0,-0.001404,"(-0.000010, -0.000002, -0.000997)",LeftFalse_RightFalse,False,"(37.39499282836914, -0.0039216578006744385, 0.7092443108558655)","(0.0006981643382459879, 98.73249053955078, -1.3894405128667131e-06)",-0.365487,1.0,"(0.000000, 0.000000, 0.000000)",LeftFalse_RightFalse
37.362305,0.064995,"(-1.344299554824829, 0.7960839867591858, -33.92264938354492)","(351.5924072265625, 274.6287536621094, 0.6870080232620239)","(0.5394144058227539, 0.6852476596832275, -33.31315994262695)","(0.000518525077495724, 193.2217254638672, 0.00011399726645322517)","(-1.7319560050964355, -0.003921766299754381, -33.00923156738281)","(0.0005309070111252367, 180.6913604736328, -1.2157560149717028e-06)",0.0,-0.001404,"(-0.000013, -0.000001, -0.001200)",LeftFalse_RightFalse,False,"(37.394989013671875, -0.0039216578006744385, 0.7092442512512207)","(0.0006979564786888659, 98.73249053955078, -1.2438185876817442e-06)",-0.365487,1.0,"(0.000000, 0.000000, 0.000000)",LeftFalse_RightFalse
37.425415,0.064632,"(-1.3442797660827637, 0.7960847616195679, -33.922672271728516)","(351.5924072265625, 274.62750244140625, 0.6869553327560425)","(0.5394206047058105, 0.6852478384971619, -33.313140869140625)","(0.00046769657637923956, 193.220458984375, 0.00010197282244917005)","(-1.7319564819335938, -0.003921805880963802, -33.00926208496094)","(0.00047868030378594995, 180.69009399414062, -1.9261608485976467e-06)",0.0,-0.001404,"(-0.000006, 0.000000, -0.000538)",LeftFalse_RightFalse,False,"(37.39499282836914, -0.0039216578006744385, 0.7092443108558655)","(0.0006980564794503152, 98.73249053955078, -1.2828751323468168e-06)",-0.365487,1.0,"(0.000000, 0.000000, 0.000000)",LeftFalse_RightFalse
37.487305,0.064076,"(-1.3442788124084473, 0.7960840463638306, -33.92268753051758)","(351.5924072265625, 274.62744140625, 0.6869999170303345)","(0.5394208431243896, 0.6852476596832275, -33.31315231323242)","(0.0005106892785988748, 193.22039794921875, 0.00011182685557287186)","(-1.7319564819335938, -0.003921795170754194, -33.00927734375)","(0.0005227868095971644, 180.6900177001953, -1.6344062032658258e-06)",0.0,-0.001404,"(0.000011, 0.000000, 0.000814)",LeftFalse_RightFalse,False,"(37.39499282836914, -0.0039216578006744385, 0.7092443108558655)","(0.0006981610204093158, 98.73249053955078, -1.3965795915282797e-06)",-0.365488,1.0,"(0.000000, 0.000000, 0.000000)",LeftFalse_RightFalse
37.553223,0.064456,"(-1.3442564010620117, 0.7960813045501709, -33.922672271728516)","(351.5924072265625, 274.6259765625, 0.6871720552444458)","(0.5394282341003418, 0.6852467656135559, -33.31309127807617)","(0.0006775559741072357, 193.218994140625, 0.00014990626368671656)","(-1.7319564819335938, -0.003921809606254101, -33.00926971435547)","(0.000693940557539463, 180.68862915039062, -6.649303259109729e-07)",0.0,-0.001404,"(0.000012, 0.000001, 0.001034)",LeftFalse_RightFalse,False,"(37.39499282836914, -0.0039216578006744385, 0.7092443108558655)","(0.0006980841280892491, 98.73249053955078, -1.9556700863176957e-06)",-0.365488,1.0,"(0.000000, 0.000000, 0.000000)",LeftFalse_RightFalse
37.619629,0.064844,"(-1.3442730903625488, 0.7960803508758545, -33.92265319824219)","(351.5924072265625, 274.6270446777344, 0.6872405409812927)","(0.5394232273101807, 0.6852465271949768, -33.3131103515625)","(0.0007433905266225338, 193.22006225585938, 0.0001659126573940739)","(-1.7319562435150146, -0.0039216941222548485, -33.00924301147461)","(0.0007616797811351717, 180.68968200683594, 6.769249694116297e-07)",0.0,-0.001404,"(0.000014, 0.000002, 0.001407)",LeftFalse_RightFalse,False,"(37.39499282836914, -0.0039216578006744385, 0.7092443704605103)","(0.0006981403566896915, 98.73249053955078, -1.2854285387220443e-06)",-0.365488,1.0,"(0.000000, 0.000001, 0.000000)",LeftFalse_RightFalse
37.682495,0.064447,"(-1.3442909717559814, 0.796081006526947, -33.92265319824219)","(351.5924072265625, 274.628173828125, 0.6872074604034424)","(0.5394175052642822, 0.6852467656135559, -33.31314468383789)","(0.0007113956962712109, 193.22117614746094, 0.00015903683379292488)","(-1.7319562435150146, -0.003921576775610447, -33.00923538208008)","(0.0007289553759619594, 180.6907958984375, 9.063808192877332e-07)",0.0,-0.001404,"(-0.000018, 0.000002, -0.001619)",LeftFalse_RightFalse,False,"(37.39499282836914, -0.00392164709046483, 0.7092443108558655)","(0.0006983039202168584, 98.73249053955078, -1.3202381978771882e-06)",-0.365488,1.0,"(0.000000, 0.000001, 0.000000)",LeftFalse_RightFalse
37.742554,0.06357,"(-1.3442816734313965, 0.7960847020149231, -33.922698974609375)","(351.5924072265625, 274.6275939941406, 0.6869713068008423)","(0.5394198894500732, 0.6852479577064514, -33.31317138671875)","(0.0004825115029234439, 193.22056579589844, 0.00010759088036138564)","(-1.7319567203521729, -0.003921560477465391, -33.0092887878418)","(0.0004943611565977335, 180.690185546875, 3.4388443737043417e-07)",0.0,-0.001404,"(-0.000001, -0.000003, 0.000078)",LeftFalse_RightFalse,False,"(37.394989013671875, -0.003921627998352051, 0.7092442512512207)","(0.0006988574168644845, 98.73249053955078, -4.682883911755198e-07)",-0.365487,1.0,"(0.000000, 0.000000, 0.000000)",LeftFalse_RightFalse
37.808838,0.064099,"(-1.3442742824554443, 0.7960808277130127, -33.92266082763672)","(351.5924072265625, 274.6271057128906, 0.687218189239502)","(0.5394222736358643, 0.6852467656135559, -33.31311798095703)","(0.0007216462981887162, 193.22010803222656, 0.00016112634330056608)","(-1.7319564819335938, -0.003921567462384701, -33.00925064086914)","(0.000739414943382144, 180.68972778320312, 7.221937607937434e-07)",0.0,-0.001404,"(0.000011, 0.000001, 0.001060)",LeftFalse_RightFalse,False,"(37.39499282836914, -0.003921627998352051, 0.7092443108558655)","(0.0006989011890254915, 98.73249053955078, -9.128405622504943e-07)",-0.365488,1.0,"(0.000000, 0.000000, 0.000000)",LeftFalse_RightFalse
37.874878,0.064502,"(-1.344252586364746, 0.7960788607597351, -33.92261505126953)","(351.5924072265625, 274.6257629394531, 0.6873399019241333)","(0.5394302606582642, 0.6852461099624634, -33.31303024291992)","(0.0008400370716117322, 193.2187957763672, 0.00018694167374633253)","(-1.731955885887146, -0.003921599127352238, -33.009212493896484)","(0.0008605868788436055, 180.68841552734375, 2.3688687633693917e-07)",0.0,-0.001404,"(0.000011, 0.000001, 0.000926)",LeftFalse_RightFalse,False,"(37.39499282836914, -0.003921627998352051, 0.7092443108558655)","(0.0006989173125475645, 98.73249053955078, -1.3154440239304677e-06)",-0.365487,1.0,"(0.000000, 0.000000, 0.000000)",LeftFalse_RightFalse
37.936523,0.063916,"(-1.3442535400390625, 0.7960783839225769, -33.92257308959961)","(351.5924072265625, 274.6258544921875, 0.6873800158500671)","(0.5394301414489746, 0.6852460503578186, -33.312992095947266)","(0.0008783048251643777, 193.2188720703125, 0.000194819294847548)","(-1.7319555282592773, -0.003921503201127052, -33.00917053222656)","(0.0008996521355584264, 180.68850708007812, -3.755789919068775e-07)",0.0,-0.001404,"(-0.000006, 0.000001, -0.000555)",LeftFalse_RightFalse,False,"(37.39499282836914, -0.003921627998352051, 0.7092443108558655)","(0.0006988898967392743, 98.73249053955078, -6.625292030548735e-07)",-0.365488,1.0,"(0.000000, 0.000000, 0.000000)",LeftFalse_RightFalse
38.000366,0.063907,"(-1.3442754745483398, 0.7960816621780396, -33.9225959777832)","(351.5924072265625, 274.6272277832031, 0.6871728897094727)","(0.5394225120544434, 0.6852471232414246, -33.31305694580078)","(0.0006777322851121426, 193.22023010253906, 0.00015069440996740013)","(-1.7319557666778564, -0.003921442665159702, -33.009185791015625)","(0.0006942835752852261, 180.68984985351562, 6.620032166892997e-08)",0.0,-0.001404,"(-0.000005, -0.000001, -0.000304)",LeftFalse_RightFalse,False,"(37.39499282836914, -0.003921627998352051, 0.7092443704605103)","(0.0006988490931689739, 98.73249053955078, -8.451754638372222e-07)",-0.365488,1.0,"(0.000000, 0.000000, 0.000000)",LeftFalse_RightFalse
38.063843,0.063826,"(-1.34429132938385, 0.796085000038147, -33.922645568847656)","(351.5924377441406, 274.62823486328125, 0.6869493126869202)","(0.5394171476364136, 0.685248076915741, -33.313140869140625)","(0.00046203131205402315, 193.22120666503906, 0.0001011290805763565)","(-1.7319563627243042, -0.003921607043594122, -33.00923156738281)","(0.00047296698903664947, 180.69082641601562, -1.520686168987595e-06)",0.0,-0.001404,"(-0.000016, -0.000002, -0.001557)",LeftFalse_RightFalse,False,"(37.394989013671875, -0.003921627998352051, 0.7092442512512207)","(0.000698866555467248, 98.73249053955078, -8.825905979392701e-07)",-0.365488,1.0,"(0.000000, 0.000000, 0.000000)",LeftFalse_RightFalse
38.133423,0.064975,"(-1.344275951385498, 0.7960853576660156, -33.92267608642578)","(351.5924377441406, 274.62725830078125, 0.6869156360626221)","(0.5394221544265747, 0.685248076915741, -33.31313705444336)","(0.0004295868566259742, 193.22021484375, 9.253204189008102e-05)","(-1.7319566011428833, -0.003921806812286377, -33.00926971435547)","(0.0004394301795400679, 180.68983459472656, -2.8738952551066177e-06)",0.0,-0.001404,"(0.000000, -0.000002, -0.000121)",LeftFalse_RightFalse,False,"(37.39499282836914, -0.003921627998352051, 0.7092443108558655)","(0.0006988933309912682, 98.73249053955078, -8.020803079489269e-07)",-0.365488,1.0,"(0.000000, 0.000000, 0.000000)",LeftFalse_RightFalse
38.198364,0.064952,"(-1.3442614078521729, 0.7960827350616455, -33.922672271728516)","(351.5924072265625, 274.6263122558594, 0.6870770454406738)","(0.5394265651702881, 0.6852471828460693, -33.31310272216797)","(0.0005863502155989408, 193.21929931640625, 0.0001280399737879634)","(-1.7319564819335938, -0.003921850584447384, -33.00926971435547)","(0.0006001632427796721, 180.68893432617188, -2.22266316995956e-06)",0.0,-0.001404,"(0.000000, -0.000001, -0.000066)",LeftFalse_RightFalse,False,"(37.39499282836914, -0.003921627998352051, 0.7092443108558655)","(0.0006989536923356354, 98.73249053955078, -6.628158075727697e-07)",-0.365487,1.0,"(0.000000, 0.000000, 0.000000)",LeftFalse_RightFalse
38.26001,0.064302,"(-1.3442305326461792, 0.7960816025733948, -33.92266082763672)","(351.5924072265625, 274.6243896484375, 0.6871600151062012)","(0.5394375324249268, 0.6852469444274902, -33.31303024291992)","(0.0006653310265392065, 193.21737670898438, 0.00014628740609623492)","(-1.7319562435150146, -0.0039217472076416016, -33.00926971435547)","(0.0006812216597609222, 180.68701171875, -1.5452844763785833e-06)",0.0,-0.001404,"(-0.000014, 0.000002, -0.001402)",LeftFalse_RightFalse,False,"(37.39499282836914, -0.003921627998352051, 0.7092443108558655)","(0.0006989255780354142, 98.73249053955078, -6.39027462057129e-07)",-0.365488,1.0,"(0.000000, 0.000000, 0.000000)",LeftFalse_RightFalse
38.324585,0.064366,"(-1.3441884517669678, 0.7960812449455261, -33.92265319824219)","(351.5924072265625, 274.6217346191406, 0.6871819496154785)","(0.5394513607025146, 0.6852468252182007, -33.31293487548828)","(0.0006880878354422748, 193.21473693847656, 0.00015100091695785522)","(-1.7319562435150146, -0.003921721130609512, -33.009281158447266)","(0.0007044589729048312, 180.6843719482422, -1.8813022961694514e-06)",0.0,-0.001404,"(0.000005, 0.000002, 0.000238)",LeftFalse_RightFalse,False,"(37.39499282836914, -0.003921627998352051, 0.7092443108558655)","(0.0006988643435761333, 98.73249053955078, -6.42831537334132e-07)",-0.365488,1.0,"(0.000000, 0.000000, 0.000000)",LeftFalse_RightFalse
38.389648,0.064492,"(-1.344178318977356, 0.7960847616195679, -33.9227180480957)","(351.5924072265625, 274.62109375, 0.6869657039642334)","(0.5394543409347534, 0.6852479577064514, -33.3129768371582)","(0.00047815966536290944, 193.2140655517578, 0.00010447804379509762)","(-1.7319570779800415, -0.003921619616448879, -33.00935363769531)","(0.0004894376615993679, 180.68368530273438, -1.7506517906440422e-06)",0.0,-0.001404,"(-0.000011, 0.000000, -0.001061)",LeftFalse_RightFalse,False,"(37.39499282836914, -0.003921627998352051, 0.7092443108558655)","(0.0006988029927015305, 98.73249053955078, -6.475214604506618e-07)",-0.365488,1.0,"(0.000000, 0.000000, 0.000000)",LeftFalse_RightFalse
38.456177,0.064898,"(-1.3441636562347412, 0.7960824966430664, -33.922725677490234)","(351.5924072265625, 274.6201171875, 0.6871024966239929)","(0.5394591093063354, 0.6852471828460693, -33.31295394897461)","(0.0006103756022639573, 193.21311950683594, 0.00013459226465784013)","(-1.7319573163986206, -0.003921717405319214, -33.00936508178711)","(0.000625037937425077, 180.68275451660156, -1.0389182989456458e-06)",0.0,-0.001404,"(-0.000010, 0.000000, -0.001119)",LeftFalse_RightFalse,False,"(37.39499282836914, -0.003921627998352051, 0.7092443108558655)","(0.0006988849490880966, 98.73249053955078, -3.200869684860663e-07)",-0.365487,1.0,"(0.000000, 0.000000, 0.000000)",LeftFalse_RightFalse
38.519897,0.064675,"(-1.344192385673523, 0.7960817813873291, -33.92276382446289)","(351.5924072265625, 274.6219177246094, 0.6871504187583923)","(0.5394496917724609, 0.685247004032135, -33.31304931640625)","(0.0006566812517121434, 193.2149200439453, 0.00014568810001946986)","(-1.7319574356079102, -0.003921702969819307, -33.0093879699707)","(0.0006726480787619948, 180.68455505371094, -2.5369160994159756e-07)",0.0,-0.001404,"(0.000007, 0.000001, 0.000688)",LeftFalse_RightFalse,False,"(37.394989013671875, -0.003921627998352051, 0.7092442512512207)","(0.0006988146342337132, 98.73249053955078, -4.334527261562471e-07)",-0.365487,1.0,"(0.000000, 0.000000, 0.000000)",LeftFalse_RightFalse
38.587158,0.065179,"(-1.3441929817199707, 0.7960783839225769, -33.9227294921875)","(351.5924072265625, 274.6219482421875, 0.6873714327812195)","(0.5394494533538818, 0.6852459907531738, -33.31301498413086)","(0.0008701272308826447, 193.21498107910156, 0.00019302348664496094)","(-1.731956958770752, -0.003921627998352051, -33.00934982299805)","(0.0008912797784432769, 180.6846160888672, -3.544328706084343e-07)",0.0,-0.001404,"(0.000025, 0.000001, 0.002157)",LeftFalse_RightFalse,False,"(37.39499282836914, -0.003921627998352051, 0.7092443108558655)","(0.0006988193490542471, 98.73249053955078, -4.340780321854254e-07)",-0.365488,1.0,"(0.000000, 0.000000, 0.000000)",LeftFalse_RightFalse
38.653442,0.065405,"(-1.3441745042800903, 0.7960774898529053, -33.92269515991211)","(351.5923767089844, 274.6208190917969, 0.6874387264251709)","(0.539455771446228, 0.6852458119392395, -33.31294631958008)","(0.0009353596833534539, 193.21383666992188, 0.0002084339939756319)","(-1.7319566011428833, -0.0039214217104017735, -33.00932312011719)","(0.0009583018254488707, 180.6834716796875, 5.363544914871454e-07)",0.0,-0.001404,"(0.000025, 0.000002, 0.002189)",LeftFalse_RightFalse,False,"(37.394996643066406, -0.003921627998352051, 0.7092443108558655)","(0.0006989162648096681, 98.73249053955078, -2.444750464292156e-07)",-0.365488,1.0,"(0.000000, 0.000000, 0.000000)",LeftFalse_RightFalse
38.714233,0.064486,"(-1.344152808189392, 0.7960803508758545, -33.92269515991211)","(351.5924072265625, 274.61944580078125, 0.6872657537460327)","(0.5394628047943115, 0.6852468252182007, -33.31290054321289)","(0.0007677743560634553, 193.2124786376953, 0.00016983078967314214)","(-1.7319567203521729, -0.003921332769095898, -33.009334564208984)","(0.0007863329374231398, 180.68209838867188, -7.885170134613873e-07)",0.0,-0.001404,"(-0.000003, 0.000001, -0.000494)",LeftFalse_RightFalse,False,"(37.39499282836914, -0.003921627998352051, 0.7092443108558655)","(0.0006988620152696967, 98.73249053955078, -4.785280225405586e-07)",-0.365487,1.0,"(0.000000, 0.000000, 0.000000)",LeftFalse_RightFalse
38.780518,0.064836,"(-1.3441600799560547, 0.7960816025733948, -33.92271041870117)","(351.5924072265625, 274.61993408203125, 0.6871746182441711)","(0.5394604206085205, 0.6852471232414246, -33.312931060791016)","(0.0006800200790166855, 193.2129364013672, 0.00014955972437746823)","(-1.7319567203521729, -0.003921502735465765, -33.00934982299805)","(0.0006962707848288119, 180.68255615234375, -1.5378132047771942e-06)",0.0,-0.001404,"(0.000000, -0.000003, -0.000085)",LeftFalse_RightFalse,False,"(37.39499282836914, -0.003921627998352051, 0.7092443108558655)","(0.0006988132954575121, 98.73249053955078, -7.420493943754991e-07)",-0.365487,1.0,"(0.000000, 0.000000, 0.000000)",LeftFalse_RightFalse
38.843262,0.064431,"(-1.3441673517227173, 0.7960832715034485, -33.9227409362793)","(351.5924072265625, 274.620361328125, 0.6870627999305725)","(0.5394580364227295, 0.685247540473938, -33.3129768371582)","(0.0005709688412025571, 193.21336364746094, 0.0001265377359231934)","(-1.731957197189331, -0.003921580500900745, -33.009376525878906)","(0.0005848223227076232, 180.6829833984375, -3.5202924664190505e-07)",0.0,-0.001404,"(-0.000014, -0.000002, -0.001279)",LeftFalse_RightFalse,False,"(37.39499282836914, -0.003921627998352051, 0.7092443108558655)","(0.0006988999084569514, 98.73249053955078, -6.582040441571735e-07)",-0.365487,1.0,"(0.000000, 0.000000, 0.000000)",LeftFalse_RightFalse
38.909912,0.06487,"(-1.3441375494003296, 0.7960802316665649, -33.922706604003906)","(351.5924072265625, 274.6184997558594, 0.6872454285621643)","(0.5394676923751831, 0.685246467590332, -33.31288146972656)","(0.0007485389360226691, 193.2115020751953, 0.00016604024858679622)","(-1.7319568395614624, -0.003921765834093094, -33.00935363769531)","(0.0007667330792173743, 180.68113708496094, -3.154959529183543e-07)",0.0,-0.001404,"(0.000024, -0.000002, 0.002036)",LeftFalse_RightFalse,False,"(37.39499282836914, -0.003921627998352051, 0.7092443108558655)","(0.0006988992099650204, 98.73249053955078, -7.886358730502252e-07)",-0.365487,1.0,"(0.000000, 0.000000, 0.000000)",LeftFalse_RightFalse
38.972412,0.0644,"(-1.344132661819458, 0.7960813045501709, -33.922698974609375)","(351.5924072265625, 274.61822509765625, 0.687186598777771)","(0.539469838142395, 0.6852469444274902, -33.3128662109375)","(0.000691879540681839, 193.2112274169922, 0.0001522035017842427)","(-1.7319566011428833, -0.003921653609722853, -33.00934982299805)","(0.0007084214594215155, 180.68084716796875, -1.5300206541724037e-06)",0.0,-0.001404,"(0.000002, 0.000002, -0.000017)",LeftFalse_RightFalse,False,"(37.39499282836914, -0.003921627998352051, 0.7092443108558655)","(0.000698865158483386, 98.73249053955078, -9.077858749151346e-07)",-0.365487,1.0,"(0.000000, 0.000000, 0.000000)",LeftFalse_RightFalse
39.037964,0.064631,"(-1.3441640138626099, 0.7960818409919739, -33.92271041870117)","(351.5924072265625, 274.62017822265625, 0.6871569156646729)","(0.5394588708877563, 0.6852471232414246, -33.31294250488281)","(0.0006624158122576773, 193.21316528320312, 0.00014673422265332192)","(-1.7319568395614624, -0.0039215381257236, -33.00934982299805)","(0.0006784728029742837, 180.68280029296875, -4.7666998170825536e-07)",0.0,-0.001404,"(0.000017, -0.000001, 0.001504)",LeftFalse_RightFalse,False,"(37.39499282836914, -0.003921627998352051, 0.7092443108558655)","(0.0006988141103647649, 98.73249053955078, -9.901721114147222e-07)",-0.365487,1.0,"(0.000000, 0.000000, 0.000000)",LeftFalse_RightFalse
39.102051,0.064519,"(-1.3441314697265625, 0.7960813045501709, -33.92268371582031)","(351.5924072265625, 274.6181640625, 0.6871802806854248)","(0.5394703149795532, 0.6852468252182007, -33.31284713745117)","(0.0006858320557512343, 193.21115112304688, 0.0001520359655842185)","(-1.7319566011428833, -0.003921717405319214, -33.009334564208984)","(0.0007024816586636007, 180.68077087402344, -3.8151017633936135e-07)",0.0,-0.001404,"(0.000002, 0.000000, 0.000086)",LeftFalse_RightFalse,False,"(37.39499282836914, -0.003921627998352051, 0.7092443108558655)","(0.0006989854155108333, 98.73249053955078, -4.990855018149887e-07)",-0.365488,1.0,"(0.000000, 0.000000, 0.000000)",LeftFalse_RightFalse
39.164307,0.064072,"(-1.344146966934204, 0.7960813641548157, -33.92268753051758)","(351.5924072265625, 274.619140625, 0.6871809959411621)","(0.539465069770813, 0.6852468848228455, -33.31288146972656)","(0.0006864593015052378, 193.21212768554688, 0.0001522113016108051)","(-1.7319566011428833, -0.003921616822481155, -33.00933074951172)","(0.0007031320710666478, 180.68174743652344, -3.46453845168071e-07)",0.0,-0.001404,"(0.000014, 0.000000, 0.001170)",LeftFalse_RightFalse,False,"(37.39499282836914, -0.003921627998352051, 0.7092443108558655)","(0.0006989265093579888, 98.73249053955078, -5.131552711645782e-07)",-0.365487,1.0,"(0.000000, 0.000000, 0.000000)",LeftFalse_RightFalse
39.234253,0.065245,"(-1.3441749811172485, 0.7960797548294067, -33.92266845703125)","(351.5924072265625, 274.6208801269531, 0.6872811913490295)","(0.5394563674926758, 0.6852462887763977, -33.312923431396484)","(0.0007819918682798743, 193.2139129638672, 0.00017514436331111938)","(-1.7319562435150146, -0.003921684809029102, -33.009300231933594)","(0.0008013646584004164, 180.68353271484375, 1.3139301699993666e-06)",0.0,-0.001404,"(0.000016, 0.000000, 0.001622)",LeftFalse_RightFalse,False,"(37.39499282836914, -0.003921627998352051, 0.7092443108558655)","(0.000698911608196795, 98.73249053955078, -4.3967989427073917e-07)",-0.365487,1.0,"(0.000000, 0.000000, 0.000000)",LeftFalse_RightFalse
39.302368,0.065814,"(-1.3441678285598755, 0.7960790395736694, -33.922637939453125)","(351.5924072265625, 274.6204528808594, 0.6873325705528259)","(0.5394587516784668, 0.6852462291717529, -33.3128776550293)","(0.0008324453374370933, 193.21348571777344, 0.00018471837393008173)","(-1.7319557666778564, -0.003921598196029663, -33.00926971435547)","(0.000852693454362452, 180.68310546875, -2.8632643989112694e-07)",0.0,-0.001404,"(0.000025, 0.000001, 0.002267)",LeftFalse_RightFalse,False,"(37.39499282836914, -0.003921627998352051, 0.7092442512512207)","(0.0006989417015574872, 98.73249053955078, -2.7670520807987486e-07)",-0.365487,1.0,"(0.000000, 0.000000, 0.000000)",LeftFalse_RightFalse
39.370239,0.066219,"(-1.3441818952560425, 0.7960820198059082, -33.92264175415039)","(351.5924072265625, 274.621337890625, 0.6871548295021057)","(0.5394535064697266, 0.6852471828460693, -33.31290817260742)","(0.0006604539230465889, 193.21434020996094, 0.00014712914708070457)","(-1.7319560050964355, -0.003921419382095337, -33.00926971435547)","(0.0006766432779841125, 180.68397521972656, 3.345340928717633e-07)",0.0,-0.001404,"(-0.000015, 0.000001, -0.001184)",LeftFalse_RightFalse,False,"(37.39499282836914, -0.003921627998352051, 0.7092443704605103)","(0.0006989007815718651, 98.73249053955078, -3.47913811538092e-07)",-0.365488,1.0,"(0.000000, 0.000000, 0.000000)",LeftFalse_RightFalse
39.434204,0.065784,"(-1.344174861907959, 0.7960805296897888, -33.9225959777832)","(351.5924072265625, 274.62091064453125, 0.6872406601905823)","(0.5394563674926758, 0.6852467060089111, -33.31285095214844)","(0.0007439529290422797, 193.2139434814453, 0.0001656757085584104)","(-1.7319555282592773, -0.0039215087890625, -33.00922775268555)","(0.0007621772238053381, 180.68357849121094, 3.236267787087854e-07)",0.0,-0.001404,"(0.000019, -0.000001, 0.001643)",LeftFalse_RightFalse,False,"(37.39499282836914, -0.003921627998352051, 0.7092443108558655)","(0.0006989396060816944, 98.73249053955078, -2.708428041842126e-07)",-0.365488,1.0,"(0.000000, 0.000000, 0.000000)",LeftFalse_RightFalse
39.497803,0.065334,"(-1.3442068099975586, 0.7960779666900635, -33.92254638671875)","(351.5923767089844, 274.6229553222656, 0.6874046325683594)","(0.5394463539123535, 0.685245931148529, -33.312870025634766)","(0.0009019708959385753, 193.2159881591797, 0.00020074917119927704)","(-1.73195481300354, -0.0039215087890625, -33.00916290283203)","(0.0009240410290658474, 180.68560791015625, 2.7850421702169115e-07)",0.0,-0.001404,"(0.000003, 0.000001, 0.000218)",LeftFalse_RightFalse,False,"(37.39499282836914, -0.003921627998352051, 0.7092443108558655)","(0.0006989555549807847, 98.73249053955078, -3.0825793828626047e-07)",-0.365487,1.0,"(0.000000, 0.000000, 0.000000)",LeftFalse_RightFalse
39.560059,0.064725,"(-1.3442200422286987, 0.7960813641548157, -33.92253875732422)","(351.5924072265625, 274.6238098144531, 0.6871944665908813)","(0.5394423007965088, 0.6852469444274902, -33.312889099121094)","(0.0006987065426073968, 193.21681213378906, 0.00015619020268786699)","(-1.73195481300354, -0.003921442665159702, -33.009151458740234)","(0.0007159507949836552, 180.6864471435547, 8.805531024336233e-07)",0.0,-0.001404,"(-0.000011, -0.000001, -0.001071)",LeftFalse_RightFalse,False,"(37.39499282836914, -0.003921627998352051, 0.7092443108558655)","(0.000698746123816818, 98.73249053955078, -9.00125712632871e-07)",-0.365488,1.0,"(0.000000, 0.000000, 0.000000)",LeftFalse_RightFalse
39.626953,0.065147,"(-1.3442230224609375, 0.7960838079452515, -33.92255783081055)","(351.5924072265625, 274.6240234375, 0.6870273947715759)","(0.5394413471221924, 0.6852476596832275, -33.31291198730469)","(0.0005372310406528413, 193.21701049804688, 0.00011846500274259597)","(-1.73195481300354, -0.003921615891158581, -33.00917053222656)","(0.0005501366686075926, 180.68663024902344, -9.128152100856823e-07)",0.0,-0.001404,"(-0.000016, -0.000002, -0.001506)",LeftFalse_RightFalse,False,"(37.39499282836914, -0.003921627998352051, 0.7092443108558655)","(0.0006989348330534995, 98.73249053955078, -5.24254744505015e-07)",-0.365488,1.0,"(0.000000, 0.000000, 0.000000)",LeftFalse_RightFalse
39.687866,0.064304,"(-1.3442184925079346, 0.7960844039916992, -33.922576904296875)","(351.5924072265625, 274.62371826171875, 0.6869760751724243)","(0.5394425392150879, 0.6852477788925171, -33.312923431396484)","(0.00048809166764840484, 193.21670532226562, 0.00010791231034090742)","(-1.7319550514221191, -0.003921777009963989, -33.009193420410156)","(0.0004998782533220947, 180.6863250732422, -5.530044973056647e-07)",0.0,-0.001404,"(0.000008, -0.000002, 0.000834)",LeftFalse_RightFalse,False,"(37.39499282836914, -0.003921627998352051, 0.7092443108558655)","(0.0006989861140027642, 98.73249053955078, -4.6878344051037857e-07)",-0.365488,1.0,"(0.000000, 0.000000, 0.000000)",LeftFalse_RightFalse
39.75061,0.063991,"(-1.3442096710205078, 0.7960852980613708, -33.92261505126953)","(351.5924377441406, 274.6231689453125, 0.6869114637374878)","(0.5394454002380371, 0.6852479577064514, -33.31294250488281)","(0.0004256928223185241, 193.2161407470703, 9.348050662083551e-05)","(-1.7319555282592773, -0.003921928349882364, -33.00923538208008)","(0.0004358346341177821, 180.68576049804688, -1.1031939948225045e-06)",0.0,-0.001404,"(-0.000009, -0.000001, -0.000939)",LeftFalse_RightFalse,False,"(37.39499282836914, -0.003921627998352051, 0.7092443108558655)","(0.000699056894518435, 98.73249053955078, -3.374396442268335e-07)",-0.365488,1.0,"(0.000000, 0.000000, 0.000000)",LeftFalse_RightFalse
39.814087,0.063895,"(-1.344207763671875, 0.7960797548294067, -33.922569274902344)","(351.5924072265625, 274.6230163574219, 0.6872647404670715)","(0.5394463539123535, 0.6852461695671082, -33.31289291381836)","(0.0007672877400182188, 193.21603393554688, 0.00017044895503204316)","(-1.7319550514221191, -0.003921946045011282, -33.009185791015625)","(0.0007859919569455087, 180.6856689453125, -7.951162217523233e-08)",0.0,-0.001404,"(0.000016, 0.000000, 0.001422)",LeftFalse_RightFalse,False,"(37.39499282836914, -0.003921627998352051, 0.7092443108558655)","(0.0006989813991822302, 98.73249053955078, -5.508048843694269e-07)",-0.365488,1.0,"(0.000000, 0.000000, 0.000000)",LeftFalse_RightFalse
39.879639,0.064222,"(-1.344206690788269, 0.7960802316665649, -33.92255783081055)","(351.5924072265625, 274.6229553222656, 0.6872487664222717)","(0.5394465923309326, 0.6852465271949768, -33.3128776550293)","(0.00075144023867324, 193.21595764160156, 0.00016656598018016666)","(-1.7319550514221191, -0.003921701107174158, -33.00917434692383)","(0.000769679551012814, 180.6855926513672, -4.317590764912893e-07)",0.0,-0.001404,"(0.000000, 0.000002, -0.000090)",LeftFalse_RightFalse,False,"(37.39499282836914, -0.003921627998352051, 0.7092443108558655)","(0.0006990518304519355, 98.73249053955078, -3.434583959460724e-07)",-0.365487,1.0,"(0.000000, 0.000000, 0.000000)",LeftFalse_RightFalse
39.950806,0.065615,"(-1.3442054986953735, 0.7960847616195679, -33.92262268066406)","(351.5924377441406, 274.62286376953125, 0.6869605779647827)","(0.5394459962844849, 0.6852480173110962, -33.31293869018555)","(0.0004731283988803625, 193.21585083007812, 0.00010223142453469336)","(-1.731955647468567, -0.003921668045222759, -33.00924301147461)","(0.0004840388137381524, 180.68548583984375, -2.852181978596491e-06)",0.0,-0.001404,"(-0.000002, -0.000003, -0.000328)",LeftFalse_RightFalse,False,"(37.39499282836914, -0.003921627998352051, 0.7092443108558655)","(0.0006990822148509324, 98.73249053955078, -2.0862322003267764e-07)",-0.365488,1.0,"(0.000000, 0.000000, 0.000000)",LeftFalse_RightFalse
40.012329,0.064801,"(-1.3442037105560303, 0.7960826754570007, -33.9226188659668)","(351.5924072265625, 274.62274169921875, 0.6870909333229065)","(0.5394467115402222, 0.6852472424507141, -33.312931060791016)","(0.0005993537488393486, 193.2157440185547, 0.00013195154315326363)","(-1.731955647468567, -0.0039217472076416016, -33.009239196777344)","(0.0006137056043371558, 180.68536376953125, -1.2254814691914362e-06)",0.0,-0.001404,"(0.000007, 0.000000, 0.000433)",LeftFalse_RightFalse,False,"(37.39499282836914, -0.003921627998352051, 0.7092443108558655)","(0.0006990619003772736, 98.73249053955078, -1.9606466139521217e-07)",-0.365488,1.0,"(0.000000, 0.000000, 0.000000)",LeftFalse_RightFalse
40.077637,0.064905,"(-1.3442232608795166, 0.7960792779922485, -33.92258834838867)","(351.5924072265625, 274.62396240234375, 0.6873144507408142)","(0.5394406318664551, 0.6852461695671082, -33.31294250488281)","(0.0008146522450260818, 193.21701049804688, 0.0001820077159209177)","(-1.7319550514221191, -0.003921624273061752, -33.00919723510742)","(0.00083473592530936, 180.68663024902344, 9.279260666517075e-07)",0.0,-0.001404,"(0.000014, 0.000002, 0.001427)",LeftFalse_RightFalse,False,"(37.39499282836914, -0.003921627998352051, 0.7092443108558655)","(0.0006989968242123723, 98.73249053955078, -2.851470526366029e-07)",-0.365488,1.0,"(0.000000, 0.000000, 0.000000)",LeftFalse_RightFalse
40.144287,0.065236,"(-1.3442339897155762, 0.796078622341156, -33.92255401611328)","(351.5924072265625, 274.6246643066406, 0.6873584389686584)","(0.5394375324249268, 0.6852461099624634, -33.31293487548828)","(0.0008574554813094437, 193.2176971435547, 0.0001910690771182999)","(-1.73195481300354, -0.003921557683497667, -33.009159088134766)","(0.0008784857927821577, 180.6873321533203, 4.869295366916049e-07)",0.0,-0.001404,"(-0.000021, 0.000004, -0.001861)",LeftFalse_RightFalse,False,"(37.394996643066406, -0.003921627998352051, 0.7092443108558655)","(0.0006989056128077209, 98.73249053955078, -4.498153316490061e-07)",-0.365488,1.0,"(0.000000, 0.000000, 0.000000)",LeftFalse_RightFalse
40.210205,0.065383,"(-1.3442349433898926, 0.7960845828056335, -33.92262268066406)","(351.5924072265625, 274.6247253417969, 0.6869821548461914)","(0.5394368171691895, 0.6852478981018066, -33.3129997253418)","(0.000493175582960248, 193.21771240234375, 0.0001088732824428007)","(-1.7319555282592773, -0.0039215534925460815, -33.00923156738281)","(0.0005050495965406299, 180.6873321533203, -7.179203862506256e-07)",0.0,-0.001404,"(0.000000, -0.000003, -0.000134)",LeftFalse_RightFalse,False,"(37.39499282836914, -0.003921627998352051, 0.7092443108558655)","(0.000698828196618706, 98.73249053955078, -6.130766223577666e-07)",-0.365488,1.0,"(0.000000, 0.000000, 0.000000)",LeftFalse_RightFalse
40.277222,0.065707,"(-1.3442375659942627, 0.7960809469223022, -33.922603607177734)","(351.5924072265625, 274.6248779296875, 0.6872040033340454)","(0.5394362211227417, 0.6852467060089111, -33.31298828125)","(0.0007084209355525672, 193.2178955078125, 0.0001576743961777538)","(-1.7319551706314087, -0.003921687602996826, -33.00920867919922)","(0.0007257558754645288, 180.68751525878906, 2.217887526967388e-07)",0.0,-0.001404,"(-0.000010, 0.000001, -0.001013)",LeftFalse_RightFalse,False,"(37.39499282836914, -0.003921627998352051, 0.7092443108558655)","(0.0006987924571149051, 98.73249053955078, -6.916327492945129e-07)",-0.365488,1.0,"(0.000000, 0.000000, 0.000000)",LeftFalse_RightFalse
40.341797,0.06548,"(-1.3442678451538086, 0.7960789799690247, -33.92258071899414)","(351.5975341796875, 274.62677001953125, 0.687337338924408)","(0.5394258499145508, 0.6852462291717529, -33.313026428222656)","(0.0008369496208615601, 193.21981811523438, 0.0001863597281044349)","(-1.73195481300354, -0.003921588882803917, -33.00917053222656)","(0.0008574464591220021, 180.689453125, 3.386845435215946e-07)",0.0,-0.001404,"(0.000014, 0.000001, 0.001268)",LeftFalse_RightFalse,False,"(37.39499282836914, -0.003921627998352051, 0.7092443108558655)","(0.0006988001405261457, 98.73249053955078, -6.617214580728614e-07)",-0.365488,1.0,"(0.000000, -0.000001, 0.000000)",LeftFalse_RightFalse
40.410278,0.066091,"(-1.344130516052246, 0.7960788011550903, -33.921875)","(351.5994567871094, 274.6280517578125, 0.6873576045036316)","(0.5394196510314941, 0.6852461695671082, -33.31303405761719)","(0.0008554045343771577, 193.22109985351562, 0.00019125505059491843)","(-1.7319543361663818, -0.003921471070498228, -33.009124755859375)","(0.0008765240199863911, 180.6907196044922, 1.1134485475849942e-06)",0.0,-0.001404,"(-0.000001, 0.000001, -0.000021)",LeftFalse_RightFalse,False,"(37.39499282836914, -0.003921627998352051, 0.7092442512512207)","(0.0006988542736507952, 98.73249053955078, -5.292833975545364e-07)",-0.365488,1.0,"(0.000000, -0.000001, 0.000000)",LeftFalse_RightFalse
40.475708,0.065939,"(-1.3440757989883423, 0.796077311038971, -33.921607971191406)","(351.5876770019531, 274.62200927734375, 0.6874565482139587)","(0.5394226312637329, 0.6852457523345947, -33.31295394897461)","(0.0009520516614429653, 193.2206573486328, 0.00021255914180073887)","(-1.731953501701355, -0.003921388648450375, -33.00905990600586)","(0.0009754907805472612, 180.69029235839844, 9.41862310810393e-07)",0.0,-0.001404,"(0.000012, -0.000001, 0.001151)",LeftFalse_RightFalse,False,"(37.39499282836914, -0.003921627998352051, 0.7092443108558655)","(0.0006989326211623847, 98.73249053955078, -3.776687265144574e-07)",-0.365488,1.0,"(0.000000, -0.000001, 0.000000)",LeftFalse_RightFalse
40.539429,0.065505,"(-1.344064712524414, 0.7960802912712097, -33.92152786254883)","(351.58709716796875, 274.629150390625, 0.6872655153274536)","(0.5394210815429688, 0.6852466464042664, -33.312950134277344)","(0.0007661274285055697, 193.22097778320312, 0.00017115811351686716)","(-1.7319536209106445, -0.003921372350305319, -33.00904846191406)","(0.0007850132533349097, 180.6905975341797, 8.645033631182741e-07)",0.0,-0.001404,"(0.000014, -0.000001, 0.001282)",LeftFalse_RightFalse,False,"(37.39499282836914, -0.003921627998352051, 0.7092443108558655)","(0.0006989948451519012, 98.73249053955078, -2.862674364223494e-07)",-0.365488,1.0,"(0.000000, -0.000001, 0.000000)",LeftFalse_RightFalse
40.606567,0.065842,"(-1.3440494537353516, 0.7960814833641052, -33.92147445678711)","(351.5868835449219, 274.6311950683594, 0.6871809363365173)","(0.5394246578216553, 0.6852470636367798, -33.312904357910156)","(0.0006855885731056333, 193.2204132080078, 0.00015119918680284172)","(-1.7319531440734863, -0.003921483177691698, -33.00902557373047)","(0.0007020625052973628, 180.69004821777344, -1.1455357480372186e-06)",0.0,-0.001404,"(-0.000002, -0.000002, -0.000100)",LeftFalse_RightFalse,False,"(37.39499282836914, -0.003921627998352051, 0.7092443108558655)","(0.0006990327383391559, 98.73249053955078, -2.8207256264067837e-07)",-0.365488,1.0,"(0.000000, -0.000001, 0.000000)",LeftFalse_RightFalse
40.670288,0.065409,"(-1.3440606594085693, 0.7960807085037231, -33.92143630981445)","(351.5932922363281, 274.625732421875, 0.6872304677963257)","(0.5394203662872314, 0.6852467060089111, -33.31290054321289)","(0.0007312696543522179, 193.22125244140625, 0.00016261245764326304)","(-1.7319529056549072, -0.003921582829207182, -33.00898742675781)","(0.0007491317228414118, 180.69088745117188, 8.502267689891596e-08)",0.0,-0.001404,"(0.000004, 0.000000, 0.000423)",LeftFalse_RightFalse,False,"(37.39499282836914, -0.003921627998352051, 0.7092443108558655)","(0.0006990393740125, 98.73249053955078, -3.7081625237078697e-07)",-0.365488,1.0,"(0.000000, -0.000001, 0.000000)",LeftFalse_RightFalse
40.735107,0.065301,"(-1.3440418243408203, 0.7960802912712097, -33.921382904052734)","(351.5956726074219, 274.63006591796875, 0.6872507333755493)","(0.5394266843795776, 0.6852465867996216, -33.31281661987305)","(0.0007523136446252465, 193.22015380859375, 0.00016651437908876687)","(-1.7319523096084595, -0.0039216275326907635, -33.00894546508789)","(0.0007705210009589791, 180.6897735595703, -6.716198868161882e-07)",0.0,-0.001404,"(0.000004, -0.000001, 0.000231)",LeftFalse_RightFalse,False,"(37.39499282836914, -0.003921627998352051, 0.7092443108558655)","(0.0006990110268816352, 98.73249053955078, -5.093251616017369e-07)",-0.365488,1.0,"(0.000000, -0.000001, 0.000000)",LeftFalse_RightFalse
40.802246,0.065656,"(-1.3440314531326294, 0.7960823774337769, -33.92136001586914)","(351.5876770019531, 274.62109375, 0.6871130466461182)","(0.5394303798675537, 0.6852472424507141, -33.312774658203125)","(0.0006205203244462609, 193.2195281982422, 0.00013572644093073905)","(-1.73195219039917, -0.003921687602996826, -33.00893020629883)","(0.0006351871998049319, 180.68914794921875, -2.1327264221326914e-06)",0.0,-0.001404,"(0.000023, -0.000001, 0.001949)",LeftFalse_RightFalse,False,"(37.39499282836914, -0.003921627998352051, 0.7092443108558655)","(0.0006989554967731237, 98.73249053955078, -6.445251301556709e-07)",-0.365488,1.0,"(0.000000, -0.000001, 0.000000)",LeftFalse_RightFalse
40.868896,0.065849,"(-1.3440237045288086, 0.7960849404335022, -33.92137908935547)","(351.59417724609375, 274.6258544921875, 0.6869484186172485)","(0.5394325256347656, 0.6852479577064514, -33.31277847290039)","(0.00046039107837714255, 193.21902465820312, 0.00010116409976035357)","(-1.731952428817749, -0.00392175791785121, -33.00895690917969)","(0.000471373408799991, 180.68865966796875, -1.1306359510854236e-06)",0.0,-0.001404,"(0.000010, -0.000004, 0.000941)",LeftFalse_RightFalse,False,"(37.39499282836914, -0.003921627998352051, 0.7092443108558655)","(0.0006989052053540945, 98.73249053955078, -6.917109089954465e-07)",-0.365488,1.0,"(0.000000, -0.000001, 0.000000)",LeftFalse_RightFalse
40.934937,0.065902,"(-1.3440302610397339, 0.7960858941078186, -33.92140579223633)","(351.5890808105469, 274.6210632324219, 0.6868807077407837)","(0.5394303798675537, 0.6852481365203857, -33.31281661987305)","(0.00039425186696462333, 193.21942138671875, 8.638252620585263e-05)","(-1.7319526672363281, -0.003921895753592253, -33.00897979736328)","(0.00040360260754823685, 180.68905639648438, -1.2107518614357105e-06)",0.0,-0.001404,"(-0.000020, 0.000000, -0.001798)",LeftFalse_RightFalse,False,"(37.39499282836914, -0.003921657335013151, 0.7092443108558655)","(0.0006988754612393677, 98.73249053955078, -6.276674753280531e-07)",-0.365488,1.0,"(0.000000, -0.000001, 0.000000)",LeftFalse_RightFalse
41.000122,0.06576,"(-1.34403657913208, 0.7960851788520813, -33.92142868041992)","(351.5854797363281, 274.61553955078125, 0.6869309544563293)","(0.5394278764724731, 0.6852478981018066, -33.31285095214844)","(0.00044195904047228396, 193.21981811523438, 9.829525515669957e-05)","(-1.7319530248641968, -0.003921806812286377, -33.00899887084961)","(0.00045275792945176363, 180.68943786621094, 6.7821432025994e-08)",0.0,-0.001404,"(-0.000004, -0.000001, -0.000467)",LeftFalse_RightFalse,False,"(37.39499282836914, -0.0039216578006744385, 0.7092443108558655)","(0.0006981049082241952, 98.73249053955078, -1.362864281873044e-06)",-0.365487,1.0,"(0.000000, -0.000001, 0.000000)",LeftFalse_RightFalse
41.067261,0.066036,"(-1.3440495729446411, 0.7960819005966187, -33.92142868041992)","(351.5924072265625, 274.62298583984375, 0.6871270537376404)","(0.539423942565918, 0.6852468252182007, -33.3128776550293)","(0.0006317847291938961, 193.2206268310547, 0.00014046148862689734)","(-1.7319529056549072, -0.003921985626220703, -33.00899124145508)","(0.0006472105160355568, 180.69024658203125, 4.564487099401049e-08)",0.0,-0.001404,"(0.000012, 0.000002, 0.001355)",LeftFalse_RightFalse,False,"(37.39499282836914, -0.0039216578006744385, 0.7092443108558655)","(0.0006980556645430624, 98.73249053955078, -1.4279760307545075e-06)",-0.365487,1.0,"(0.000000, 0.000000, 0.000000)",LeftFalse_RightFalse
41.12854,0.065067,"(-1.3440390825271606, 0.7960812449455261, -33.92142105102539)","(351.594482421875, 274.617919921875, 0.6871834993362427)","(0.5394270420074463, 0.6852467656135559, -33.31285095214844)","(0.000687284511514008, 193.21995544433594, 0.00015346793225035071)","(-1.7319529056549072, -0.0039217472076416016, -33.00898742675781)","(0.0007042102515697479, 180.68959045410156, 7.011985303506663e-07)",0.0,-0.001404,"(0.000000, 0.000002, 0.000077)",LeftFalse_RightFalse,False,"(37.39499282836914, -0.0039216578006744385, 0.7092443108558655)","(0.0006981274345889688, 98.73249053955078, -1.2961893389729084e-06)",-0.365487,1.0,"(0.000000, 0.000000, 0.000000)",LeftFalse_RightFalse
41.192505,0.064862,"(-1.3440258502960205, 0.7960829138755798, -33.921443939208984)","(351.59759521484375, 274.6217346191406, 0.6870769262313843)","(0.5394312143325806, 0.6852473020553589, -33.312843322753906)","(0.000585626985412091, 193.2191162109375, 0.0001292466331506148)","(-1.7319532632827759, -0.0039217472076416016, -33.00901794433594)","(0.0005997190601192415, 180.68873596191406, -8.878243420440413e-07)",0.0,-0.001404,"(-0.000003, 0.000000, -0.000408)",LeftFalse_RightFalse,False,"(37.39499282836914, -0.0039216578006744385, 0.7092443108558655)","(0.0006981436163187027, 98.73249053955078, -1.3663296840604744e-06)",-0.365488,1.0,"(0.000000, 0.000000, 0.000000)",LeftFalse_RightFalse
41.255859,0.064546,"(-1.3440121412277222, 0.7960821986198425, -33.921443939208984)","(351.59161376953125, 274.629638671875, 0.6871286034584045)","(0.5394364595413208, 0.6852471828460693, -33.31281661987305)","(0.0006346350419335067, 193.21826171875, 0.00013903748185839504)","(-1.7319530248641968, -0.003921656869351864, -33.0090217590332)","(0.0006496839923784137, 180.68789672851562, -1.962829628610052e-06)",0.0,-0.001404,"(0.000011, 0.000002, 0.000898)",LeftFalse_RightFalse,False,"(37.39499282836914, -0.0039216578006744385, 0.7092442512512207)","(0.0006980791222304106, 98.73249053955078, -1.656922222537105e-06)",-0.365488,1.0,"(0.000000, 0.000000, 0.000000)",LeftFalse_RightFalse
41.319946,0.064464,"(-1.3440202474594116, 0.7960793375968933, -33.92140197753906)","(351.5893859863281, 274.6255187988281, 0.6873124241828918)","(0.539433479309082, 0.6852462887763977, -33.31279373168945)","(0.0008126431494019926, 193.21881103515625, 0.00018062826711684465)","(-1.731952428817749, -0.00392163684591651, -33.008975982666016)","(0.0008324754307977855, 180.6884307861328, 1.7208581226668684e-08)",0.0,-0.001404,"(-0.000006, 0.000002, -0.000544)",LeftFalse_RightFalse,False,"(37.39499282836914, -0.0039216578006744385, 0.7092442512512207)","(0.0006981075275689363, 98.73249053955078, -1.7180996110255364e-06)",-0.365488,1.0,"(0.000000, 0.000001, 0.000000)",LeftFalse_RightFalse
41.385254,0.064622,"(-1.344015121459961, 0.7960810661315918, -33.921417236328125)","(351.58868408203125, 274.6235046386719, 0.6872049570083618)","(0.5394349098205566, 0.6852468252182007, -33.31279754638672)","(0.0007089602877385914, 193.21847534179688, 0.00015732513566035777)","(-1.7319526672363281, -0.003921568393707275, -33.008995056152344)","(0.0007262065773829818, 180.68809509277344, -2.3616428279638058e-07)",0.0,-0.001404,"(0.000010, -0.000001, 0.001006)",LeftFalse_RightFalse,False,"(37.39499282836914, -0.003921627998352051, 0.7092443108558655)","(0.0006983461207710207, 98.73249053955078, -1.245772750735341e-06)",-0.365488,1.0,"(0.000000, 0.000001, 0.000000)",LeftFalse_RightFalse
41.447998,0.064259,"(-1.3439991474151611, 0.7960796356201172, -33.9213752746582)","(351.5884704589844, 274.6219482421875, 0.6873055100440979)","(0.5394411087036133, 0.685246467590332, -33.312721252441406)","(0.0008045060676522553, 193.21749877929688, 0.0001793367409845814)","(-1.73195219039917, -0.003921478986740112, -33.00895690917969)","(0.0008242519688792527, 180.68711853027344, 5.218201977186254e-07)",0.0,-0.001404,"(0.000000, 0.000001, -0.000054)",LeftFalse_RightFalse,False,"(37.39499282836914, -0.003921627998352051, 0.7092443108558655)","(0.0006989953690208495, 98.73249053955078, -7.550508485110186e-07)",-0.365487,1.0,"(0.000000, 0.000001, 0.000000)",LeftFalse_RightFalse
41.515747,0.064959,"(-1.3439993858337402, 0.7960803508758545, -33.92136001586914)","(351.58837890625, 274.62176513671875, 0.6872599124908447)","(0.5394411087036133, 0.6852467060089111, -33.312705993652344)","(0.0007613924681209028, 193.21751403808594, 0.00016907716053538024)","(-1.73195219039917, -0.003921478055417538, -33.008941650390625)","(0.0007799394661560655, 180.68714904785156, -1.3959957811948698e-07)",0.0,-0.001404,"(0.000005, -0.000001, 0.000242)",LeftFalse_RightFalse,False,"(37.39499282836914, -0.003921627998352051, 0.7092443108558655)","(0.0006990975234657526, 98.73249053955078, -5.882461096007319e-07)",-0.365488,1.0,"(0.000000, 0.000001, 0.000000)",LeftFalse_RightFalse
41.580933,0.064989,"(-1.343996286392212, 0.7960806488990784, -33.92134475708008)","(351.5948791503906, 274.62152099609375, 0.687241792678833)","(0.5394420623779297, 0.6852467656135559, -33.312686920166016)","(0.0007432788843289018, 193.2173309326172, 0.00016485652304254472)","(-1.7319519519805908, -0.003921470604836941, -33.00893020629883)","(0.0007613417692482471, 180.6869659423828, -3.29855168956783e-07)",0.0,-0.001404,"(-0.000005, 0.000000, -0.000323)",LeftFalse_RightFalse,False,"(37.394996643066406, -0.003921627998352051, 0.7092443704605103)","(0.0006990287220105529, 98.73249053955078, -7.012731089162116e-07)",-0.365488,1.0,"(0.000000, 0.000001, 0.000000)",LeftFalse_RightFalse
41.642578,0.064328,"(-1.3439747095108032, 0.796079158782959, -33.921295166015625)","(351.6084899902344, 274.6201477050781, 0.6784330010414124)","(0.5394495725631714, 0.6852463483810425, -33.31259536743164)","(0.0008257823064923286, 193.2160186767578, 0.00018284580437466502)","(-1.731951355934143, -0.003921538591384888, -33.008888244628906)","(0.0008457826916128397, 180.68563842773438, -6.687013751616178e-07)",0.0,-0.001373,"(0.000010, 0.000001, 0.000609)",LeftFalse_RightFalse,False,"(37.39499282836914, -0.003921627998352051, 0.7092443108558655)","(0.000698946591001004, 98.73249053955078, -7.587767640870879e-07)",-0.365488,1.0,"(0.000000, 0.000001, 0.000000)",LeftFalse_RightFalse
41.706787,0.064315,"(-1.3439662456512451, 0.7960821986198425, -33.92129898071289)","(351.5948791503906, 274.6274108886719, 0.6910218596458435)","(0.5394525527954102, 0.6852472424507141, -33.31258010864258)","(0.000637608696706593, 193.21548461914062, 0.00014042030670680106)","(-1.7319514751434326, -0.003921548370271921, -33.00889587402344)","(0.0006528868107125163, 180.6851043701172, -1.2581100463648909e-06)",0.0,-0.001373,"(-0.000017, -0.000001, -0.001798)",LeftFalse_RightFalse,False,"(37.39499282836914, -0.003921627998352051, 0.7092443108558655)","(0.0006988159730099142, 98.73249053955078, -8.783696898717608e-07)",-0.365488,1.0,"(0.000000, 0.000001, 0.000000)",LeftFalse_RightFalse
41.771729,0.064428,"(-1.3439816236495972, 0.7960799932479858, -33.92127227783203)","(351.59527587890625, 274.65185546875, 0.6951519846916199)","(0.539447546005249, 0.6852464079856873, -33.312583923339844)","(0.0007672131177969277, 193.21646118164062, 0.00017022005340550095)","(-1.7319512367248535, -0.003921707160770893, -33.00886154174805)","(0.0007858695462346077, 180.6860809326172, -2.8677263230747485e-07)",0.0,-0.001373,"(0.000014, -0.000001, 0.001518)",LeftFalse_RightFalse,False,"(37.39499282836914, -0.003921627998352051, 0.7092443108558655)","(0.000698818766977638, 98.73249053955078, -6.826437584095402e-07)",-0.365488,1.0,"(0.000000, 0.000000, 0.000000)",LeftFalse_RightFalse
41.838501,0.064893,"(-1.343979001045227, 0.7960842251777649, -33.92131042480469)","(351.57781982421875, 274.6317138671875, 0.6864789128303528)","(0.5394480228424072, 0.6852478384971619, -33.31261444091797)","(0.0005116748507134616, 193.2162628173828, 0.00011214937694603577)","(-1.7319517135620117, -0.003921632654964924, -33.00890350341797)","(0.0005238188896328211, 180.68589782714844, -1.533406020826078e-06)",0.0,-0.001373,"(-0.000008, -0.000002, -0.000774)",LeftFalse_RightFalse,False,"(37.39499282836914, -0.003921627998352051, 0.7092443108558655)","(0.0006987305823713541, 98.73249053955078, -7.318618031604274e-07)",-0.365488,1.0,"(0.000000, 0.000000, 0.000000)",LeftFalse_RightFalse
41.901245,0.064473,"(-1.3439702987670898, 0.7960832715034485, -33.92131423950195)","(351.5924072265625, 274.62274169921875, 0.6845059394836426)","(0.5394505262374878, 0.6852473616600037, -33.31260299682617)","(0.0005628732033073902, 193.21571350097656, 0.00012459872232284397)","(-1.7319518327713013, -0.00392172671854496, -33.0089111328125)","(0.0005764987436123192, 180.68533325195312, -4.884175837105431e-07)",0.0,-0.001373,"(-0.000011, -0.000001, -0.001029)",LeftFalse_RightFalse,False,"(37.39499282836914, -0.003921627998352051, 0.7092443108558655)","(0.0006988550303503871, 98.73249053955078, -2.6182775059169217e-07)",-0.365488,1.0,"(0.000000, 0.000000, 0.000000)",LeftFalse_RightFalse
41.963623,0.064055,"(-1.3439725637435913, 0.7960817217826843, -33.921295166015625)","(351.59857177734375, 274.6264343261719, 0.6838472485542297)","(0.5394504070281982, 0.6852468252182007, -33.312591552734375)","(0.0006518574082292616, 193.2158660888672, 0.00014417513739317656)","(-1.7319517135620117, -0.003921883646398783, -33.00889205932617)","(0.0006676108459942043, 180.68548583984375, -6.840701303190144e-07)",0.0,-0.001373,"(0.000006, 0.000001, 0.000339)",LeftFalse_RightFalse,False,"(37.39499282836914, -0.003921627998352051, 0.7092443108558655)","(0.0006987566011957824, 98.73249053955078, -4.4056577053197543e-07)",-0.365487,1.0,"(0.000000, 0.000000, 0.000000)",LeftFalse_RightFalse
42.0271,0.063928,"(-1.3439533710479736, 0.7960838079452515, -33.921321868896484)","(351.5991516113281, 274.6265869140625, 0.6834367513656616)","(0.5394558906555176, 0.6852476596832275, -33.31257247924805)","(0.0005317401373758912, 193.21461486816406, 0.00011710532999131829)","(-1.73195219039917, -0.003921711817383766, -33.00892639160156)","(0.0005444815615192056, 180.68423461914062, -1.0487955250937375e-06)",0.0,-0.001373,"(-0.000011, 0.000001, -0.001190)",LeftFalse_RightFalse,False,"(37.39499282836914, -0.003921627998352051, 0.7092443108558655)","(0.0006987826200202107, 98.73249053955078, -3.861366337787331e-07)",-0.365488,1.0,"(0.000000, 0.000000, 0.000000)",LeftFalse_RightFalse
42.092407,0.064207,"(-1.3439342975616455, 0.7960835695266724, -33.921329498291016)","(351.5942077636719, 274.6270751953125, 0.6833460927009583)","(0.5394620895385742, 0.685247540473938, -33.31254196166992)","(0.0005492338677868247, 193.2134246826172, 0.00012063540634699166)","(-1.73195219039917, -0.003921687602996826, -33.008941650390625)","(0.0005623243632726371, 180.6830596923828, -1.3981907613924704e-06)",0.0,-0.001373,"(-0.000005, 0.000000, -0.000466)",LeftFalse_RightFalse,False,"(37.39499282836914, -0.003921627998352051, 0.7092443108558655)","(0.0006987910019233823, 98.73249053955078, -4.365011534446239e-07)",-0.365488,1.0,"(0.000000, 0.000000, 0.000000)",LeftFalse_RightFalse
42.154907,0.063868,"(-1.3439369201660156, 0.7960799932479858, -33.921295166015625)","(351.5892333984375, 274.6253967285156, 0.6835362315177917)","(0.539461612701416, 0.685246467590332, -33.31251525878906)","(0.0007690177299082279, 193.213623046875, 0.00017046397260855883)","(-1.7319517135620117, -0.0039216578006744385, -33.00890350341797)","(0.0007876839372329414, 180.68324279785156, -4.4014765876454476e-07)",0.0,-0.001373,"(0.000013, 0.000001, 0.001057)",LeftFalse_RightFalse,False,"(37.39499282836914, -0.003921627998352051, 0.7092443108558655)","(0.0006989275570958853, 98.73249053955078, -1.5463704983176285e-07)",-0.365488,1.0,"(0.000000, 0.000000, 0.000000)",LeftFalse_RightFalse
42.216064,0.063333,"(-1.343955636024475, 0.7960811853408813, -33.92131042480469)","(351.5952453613281, 274.6258850097656, 0.6834501028060913)","(0.5394560098648071, 0.6852468252182007, -33.31256866455078)","(0.0006983825587667525, 193.2147979736328, 0.0001547427091281861)","(-1.7319518327713013, -0.003921655006706715, -33.0089111328125)","(0.0007153205224312842, 180.68441772460938, -4.6215765792112506e-07)",0.0,-0.001373,"(-0.000016, 0.000001, -0.001435)",LeftFalse_RightFalse,False,"(37.39499282836914, -0.003921627998352051, 0.7092443108558655)","(0.0006988781387917697, 98.73249053955078, -3.9236380189322517e-07)",-0.365487,1.0,"(0.000000, 0.000000, 0.000000)",LeftFalse_RightFalse
42.276367,0.062731,"(-1.3439624309539795, 0.7960823774337769, -33.92134094238281)","(351.5975646972656, 274.62603759765625, 0.6833676695823669)","(0.5394530296325684, 0.6852470636367798, -33.31261444091797)","(0.000623420113697648, 193.21517944335938, 0.00013964861864224076)","(-1.731952428817749, -0.0039216578006744385, -33.008941650390625)","(0.0006388687179423869, 180.684814453125, 1.0669201628843439e-06)",0.0,-0.001373,"(0.000009, 0.000000, 0.000874)",LeftFalse_RightFalse,False,"(37.39499282836914, -0.003921627998352051, 0.7092443108558655)","(0.0006988159148022532, 98.73249053955078, -7.068489367156872e-07)",-0.365488,1.0,"(0.000000, 0.000000, 0.000000)",LeftFalse_RightFalse
42.340942,0.06309,"(-1.3439308404922485, 0.7960793972015381, -33.921287536621094)","(351.5936279296875, 274.62396240234375, 0.6849952936172485)","(0.539463996887207, 0.6852462887763977, -33.312496185302734)","(0.0008078370592556894, 193.21324157714844, 0.00017952942289412022)","(-1.7319517135620117, -0.003921619616448879, -33.0088996887207)","(0.0008275456493720412, 180.68287658691406, -1.279549710631045e-08)",0.0,-0.001373,"(0.000028, 0.000001, 0.002435)",LeftFalse_RightFalse,False,"(37.39499282836914, -0.003921627998352051, 0.7092443704605103)","(0.0006990144611336291, 98.73249053955078, -4.1878368506331753e-07)",-0.365488,1.0,"(0.000000, 0.000000, 0.000000)",LeftFalse_RightFalse
42.402832,0.062857,"(-1.34393310546875, 0.7960778474807739, -33.921234130859375)","(351.59228515625, 274.62408447265625, 0.6855923533439636)","(0.5394637584686279, 0.6852458715438843, -33.31244659423828)","(0.00091192388208583, 193.2134246826172, 0.00020286855578888208)","(-1.7319509983062744, -0.003921527415513992, -33.00884246826172)","(0.000934216717723757, 180.6830596923828, 1.8809096502536704e-07)",0.0,-0.001373,"(0.000018, 0.000000, 0.001618)",LeftFalse_RightFalse,False,"(37.39499282836914, -0.003921627998352051, 0.7092443108558655)","(0.00069900177186355, 98.73249053955078, -6.072923497413285e-07)",-0.365487,1.0,"(0.000000, 0.000000, 0.000000)",LeftFalse_RightFalse
42.464722,0.062662,"(-1.343916416168213, 0.7960801720619202, -33.921226501464844)","(351.5917663574219, 274.623046875, 0.6856352090835571)","(0.5394694805145264, 0.6852466464042664, -33.31240463256836)","(0.0007729732315056026, 193.21237182617188, 0.00017115616356022656)","(-1.7319509983062744, -0.00392143614590168, -33.00884246826172)","(0.0007916955510154366, 180.6820068359375, -6.22654226845043e-07)",0.0,-0.001373,"(-0.000002, 0.000001, -0.000453)",LeftFalse_RightFalse,False,"(37.394989013671875, -0.003921627998352051, 0.7092442512512207)","(0.0006990256370045245, 98.73249053955078, -6.114611892371613e-07)",-0.365488,1.0,"(0.000000, 0.000000, 0.000000)",LeftFalse_RightFalse
42.528198,0.062817,"(-1.3439502716064453, 0.7960840463638306, -33.921287536621094)","(351.59161376953125, 274.6251525878906, 0.6854502558708191)","(0.5394573211669922, 0.6852477788925171, -33.312538146972656)","(0.0005249599344097078, 193.21446228027344, 0.00011521571286721155)","(-1.7319514751434326, -0.003921556286513805, -33.00889587402344)","(0.0005374528700485826, 180.68409729003906, -1.4223915059119463e-06)",0.0,-0.001373,"(0.000004, -0.000003, 0.000278)",LeftFalse_RightFalse,False,"(37.39499282836914, -0.003921627998352051, 0.7092443108558655)","(0.0006990368710830808, 98.73249053955078, -5.660731972056965e-07)",-0.365488,1.0,"(0.000000, 0.000000, 0.000000)",LeftFalse_RightFalse
42.59082,0.06278,"(-1.3439626693725586, 0.7960832118988037, -33.921295166015625)","(351.591552734375, 274.6259460449219, 0.6855228543281555)","(0.5394537448883057, 0.6852474212646484, -33.31256866455078)","(0.0005686716758646071, 193.21524047851562, 0.00012611110287252814)","(-1.7319514751434326, -0.003921717405319214, -33.00889587402344)","(0.0005824872059747577, 180.6848907470703, -2.700818981793418e-07)",0.0,-0.001373,"(-0.000009, 0.000000, -0.000915)",LeftFalse_RightFalse,False,"(37.39499282836914, -0.003921627998352051, 0.7092442512512207)","(0.0006990237743593752, 98.73249053955078, -5.047394893153978e-07)",-0.365488,1.0,"(0.000000, 0.000000, 0.000000)",LeftFalse_RightFalse
42.654297,0.062916,"(-1.3439533710479736, 0.7960798740386963, -33.9212646484375)","(351.59149169921875, 274.6253356933594, 0.6857430338859558)","(0.539456844329834, 0.6852462887763977, -33.31251907348633)","(0.0007717086118645966, 193.21470642089844, 0.00017259924788959324)","(-1.7319509983062744, -0.0039217486046254635, -33.00886535644531)","(0.0007907739491201937, 180.684326171875, 1.0604777571643353e-06)",0.0,-0.001373,"(0.000018, 0.000000, 0.001606)",LeftFalse_RightFalse,False,"(37.39499282836914, -0.003921627998352051, 0.7092443108558655)","(0.000698827498126775, 98.73249053955078, -8.602874572716246e-07)",-0.365488,1.0,"(0.000000, 0.000000, 0.000000)",LeftFalse_RightFalse
42.718018,0.063084,"(-1.3439569473266602, 0.7960786819458008, -33.92122268676758)","(351.5914611816406, 274.6255798339844, 0.6858293414115906)","(0.5394560098648071, 0.6852459907531738, -33.31248474121094)","(0.0008515340159647167, 193.21495056152344, 0.00019127799896523356)","(-1.7319506406784058, -0.003921619616448879, -33.008819580078125)","(0.0008727504755370319, 180.6845703125, 1.9756171241169795e-06)",0.0,-0.001373,"(-0.000002, 0.000002, -0.000121)",LeftFalse_RightFalse,False,"(37.39499282836914, -0.003921627998352051, 0.7092443108558655)","(0.0006989448447711766, 98.73249053955078, -4.392890673443617e-07)",-0.365487,1.0,"(0.000000, 0.000000, 0.000000)",LeftFalse_RightFalse
42.782471,0.063364,"(-1.343965768814087, 0.7960828542709351, -33.921260833740234)","(351.59149169921875, 274.6261291503906, 0.6855687499046326)","(0.5394525527954102, 0.6852473616600037, -33.31254196166992)","(0.000597634119912982, 193.21546936035156, 0.00013308243069332093)","(-1.7319509983062744, -0.003921582363545895, -33.00885772705078)","(0.0006122722406871617, 180.6851043701172, 2.51595423605977e-07)",0.0,-0.001373,"(0.000011, -0.000002, 0.001109)",LeftFalse_RightFalse,False,"(37.39499282836914, -0.003921627998352051, 0.7092443704605103)","(0.0006988636450842023, 98.73249053955078, -4.87230465751054e-07)",-0.365488,1.0,"(0.000000, 0.000000, 0.000000)",LeftFalse_RightFalse
42.846802,0.063552,"(-1.3439595699310303, 0.7960821986198425, -33.92124938964844)","(351.59149169921875, 274.6257629394531, 0.6856018900871277)","(0.5394551753997803, 0.6852471828460693, -33.31251907348633)","(0.0006303836707957089, 193.21510314941406, 0.00013866837252862751)","(-1.7319507598876953, -0.003921675495803356, -33.00885009765625)","(0.0006454536924138665, 180.6847381591797, -1.400776795890124e-06)",0.0,-0.001373,"(0.000016, -0.000002, 0.001377)",LeftFalse_RightFalse,False,"(37.39499282836914, -0.003921627998352051, 0.7092443108558655)","(0.0006988737732172012, 98.73249053955078, -3.785285684898554e-07)",-0.365487,1.0,"(0.000000, 0.000000, 0.000000)",LeftFalse_RightFalse
42.908203,0.063118,"(-1.343963861465454, 0.7960811853408813, -33.92124557495117)","(351.59149169921875, 274.62603759765625, 0.6856644749641418)","(0.5394537448883057, 0.6852468252182007, -33.312522888183594)","(0.0006907846545800567, 193.2153778076172, 0.00015341014659497887)","(-1.7319507598876953, -0.003921717405319214, -33.00884246826172)","(0.0007076142937876284, 180.6850128173828, -1.1455613702082701e-07)",0.0,-0.001373,"(-0.000002, 0.000001, -0.000319)",LeftFalse_RightFalse,False,"(37.39499282836914, -0.003921627998352051, 0.7092443108558655)","(0.0006988891982473433, 98.73249053955078, -3.21546053783095e-07)",-0.365487,1.0,"(0.000000, 0.000000, 0.000000)",LeftFalse_RightFalse
42.974243,0.063698,"(-1.3439593315124512, 0.7960802912712097, -33.92121887207031)","(351.59716796875, 274.62554931640625, 0.6857230067253113)","(0.5394552946090698, 0.6852465271949768, -33.31248474121094)","(0.0007476052269339561, 193.21511840820312, 0.0001666160096647218)","(-1.7319504022598267, -0.0039216591976583, -33.00881576538086)","(0.0007659465773031116, 180.68475341796875, 4.4911462282470893e-07)",0.0,-0.001373,"(0.000004, 0.000001, 0.000431)",LeftFalse_RightFalse,False,"(37.39499282836914, -0.003921627998352051, 0.7092443108558655)","(0.0006989880348555744, 98.73249053955078, -1.1852466741402168e-07)",-0.365488,1.0,"(0.000000, 0.000000, 0.000000)",LeftFalse_RightFalse
43.037354,0.063592,"(-1.3439874649047852, 0.7960812449455261, -33.92121887207031)","(351.5908203125, 274.6272277832031, 0.6856747269630432)","(0.5394458770751953, 0.6852469444274902, -33.31254577636719)","(0.0007000386831350625, 193.2168731689453, 0.00015602614439558238)","(-1.7319505214691162, -0.003921531606465578, -33.00880813598633)","(0.0007172154146246612, 180.68649291992188, 4.3141594119333604e-07)",0.0,-0.001373,"(0.000002, -0.000001, 0.000216)",LeftFalse_RightFalse,False,"(37.39499282836914, -0.003921627998352051, 0.7092443108558655)","(0.0006988808745518327, 98.73249053955078, -4.399925330744736e-07)",-0.365487,1.0,"(0.000000, 0.000000, 0.000000)",LeftFalse_RightFalse
43.103149,0.064035,"(-1.3439981937408447, 0.7960825562477112, -33.92123031616211)","(351.5967712402344, 274.6278991699219, 0.6855839490890503)","(0.5394425392150879, 0.6852473020553589, -33.31258010864258)","(0.0006126284715719521, 193.21754455566406, 0.00013448078243527561)","(-1.7319505214691162, -0.003921634051948786, -33.00881576538086)","(0.0006272129248827696, 180.68716430664062, -1.6365025885534124e-06)",0.0,-0.001373,"(0.000005, -0.000002, 0.000305)",LeftFalse_RightFalse,False,"(37.39499282836914, -0.003921627998352051, 0.7092443108558655)","(0.0006989770336076617, 98.73249053955078, -3.3871634741444723e-07)",-0.365487,1.0,"(0.000000, 0.000000, 0.000000)",LeftFalse_RightFalse
43.166382,0.063856,"(-1.343995213508606, 0.7960807085037231, -33.92121124267578)","(351.59161376953125, 274.627685546875, 0.6856940984725952)","(0.5394436120986938, 0.6852465867996216, -33.312557220458984)","(0.0007191098993644118, 193.21737670898438, 0.00015914956748019904)","(-1.7319501638412476, -0.00392174394801259, -33.00879669189453)","(0.0007365100900642574, 180.68699645996094, -6.57202065212914e-07)",0.0,-0.001373,"(0.000015, 0.000000, 0.001330)",LeftFalse_RightFalse,False,"(37.39499282836914, -0.003921627998352051, 0.7092443108558655)","(0.0006990281981416047, 98.73249053955078, -3.6771569966731477e-07)",-0.365487,1.0,"(0.000000, 0.000000, 0.000000)",LeftFalse_RightFalse
43.226929,0.063196,"(-1.3439757823944092, 0.7960824370384216, -33.92121124267578)","(351.5898132324219, 274.62005615234375, 0.6855928301811218)","(0.53944993019104, 0.6852472424507141, -33.31251525878906)","(0.0006219965871423483, 193.21615600585938, 0.00013660585682373494)","(-1.731950283050537, -0.003921640105545521, -33.00880432128906)","(0.0006368188769556582, 180.68577575683594, -1.594530090187618e-06)",0.0,-0.001373,"(-0.000010, 0.000002, -0.001101)",LeftFalse_RightFalse,False,"(37.39499282836914, -0.003921627998352051, 0.7092443108558655)","(0.0006990401889197528, 98.73249053955078, -4.510399094215245e-07)",-0.365487,1.0,"(0.000000, 0.000000, 0.000000)",LeftFalse_RightFalse
43.291138,0.063406,"(-1.3439586162567139, 0.7960789203643799, -33.921146392822266)","(351.58905029296875, 274.6163024902344, 0.6858139038085938)","(0.5394562482833862, 0.6852461099624634, -33.312416076660156)","(0.0008341312641277909, 193.21511840820312, 0.00018557086877990514)","(-1.7319494485855103, -0.003921687602996826, -33.00874328613281)","(0.0008545240852981806, 180.68475341796875, 1.80067615929147e-07)",0.0,-0.001373,"(0.000020, 0.000002, 0.001713)",LeftFalse_RightFalse,False,"(37.39499282836914, -0.003921627998352051, 0.7092443108558655)","(0.0006988300592638552, 98.73249053955078, -9.86211716735852e-07)",-0.365488,1.0,"(0.000000, 0.000000, 0.000000)",LeftFalse_RightFalse
43.355469,0.063587,"(-1.3439693450927734, 0.7960810661315918, -33.921146392822266)","(351.5969543457031, 274.62384033203125, 0.6856842041015625)","(0.5394526720046997, 0.6852468848228455, -33.312435150146484)","(0.0007105533732101321, 193.21578979492188, 0.00015692813030909747)","(-1.7319494485855103, -0.003921539057046175, -33.00873947143555)","(0.0007276754477061331, 180.68540954589844, -9.69331267697271e-07)",0.0,-0.001373,"(-0.000001, -0.000001, -0.000060)",LeftFalse_RightFalse,False,"(37.39499282836914, -0.003921627998352051, 0.7092443108558655)","(0.0006989958346821368, 98.73249053955078, -5.403307454798778e-07)",-0.365487,1.0,"(0.000000, 0.000000, 0.000000)",LeftFalse_RightFalse
43.419678,0.063719,"(-1.34394371509552, 0.7960831522941589, -33.9211540222168)","(351.58917236328125, 274.62249755859375, 0.6855460405349731)","(0.5394610166549683, 0.6852474808692932, -33.31239318847656)","(0.0005766782560385764, 193.2141876220703, 0.00012651371071115136)","(-1.7319496870040894, -0.003921605180948973, -33.00876235961914)","(0.0005903904093429446, 180.68380737304688, -1.6141468677233206e-06)",0.0,-0.001373,"(0.000014, -0.000002, 0.001220)",LeftFalse_RightFalse,False,"(37.39499282836914, -0.003921627998352051, 0.7092443108558655)","(0.0006989566027186811, 98.73249053955078, -5.597157723968849e-07)",-0.365488,1.0,"(0.000000, 0.000000, 0.000000)",LeftFalse_RightFalse
43.482178,0.063473,"(-1.3439323902130127, 0.7960799336433411, -33.92110824584961)","(351.5864562988281, 274.62188720703125, 0.6857516169548035)","(0.539465069770813, 0.6852465271949768, -33.31232452392578)","(0.000775741646066308, 193.2135009765625, 0.0001715394901111722)","(-1.731948971748352, -0.003921618685126305, -33.00871658325195)","(0.0007944810204207897, 180.68313598632812, -8.490479217471147e-07)",0.0,-0.001373,"(0.000000, 0.000002, 0.000031)",LeftFalse_RightFalse,False,"(37.39499282836914, -0.003921627998352051, 0.7092443108558655)","(0.0006989913526922464, 98.73249053955078, -3.6271310932534107e-07)",-0.365487,1.0,"(0.000000, 0.000000, 0.000000)",LeftFalse_RightFalse
43.545166,0.063365,"(-1.343941330909729, 0.7960789799690247, -33.92106628417969)","(351.5924987792969, 274.6225280761719, 0.6858184933662415)","(0.539462685585022, 0.6852462291717529, -33.31230163574219)","(0.0008394208271056414, 193.21409606933594, 0.0001867541141109541)","(-1.7319484949111938, -0.003921523690223694, -33.008670806884766)","(0.0008599444990977645, 180.68373107910156, 1.875104231885416e-07)",0.0,-0.001373,"(-0.000014, 0.000002, -0.001201)",LeftFalse_RightFalse,False,"(37.39499282836914, -0.003921627998352051, 0.7092442512512207)","(0.0006989482790231705, 98.73249053955078, -3.49294737134187e-07)",-0.365487,1.0,"(0.000000, 0.000000, 0.000000)",LeftFalse_RightFalse
43.610229,0.063719,"(-1.3439682722091675, 0.7960793375968933, -33.921051025390625)","(351.59503173828125, 274.6242370605469, 0.685797929763794)","(0.5394535064697266, 0.6852462887763977, -33.31234359741211)","(0.000819581386167556, 193.21578979492188, 0.000183434909558855)","(-1.7319483757019043, -0.0039215087890625, -33.008644104003906)","(0.0008398573263548315, 180.6854248046875, 1.2516969718490145e-06)",0.0,-0.001373,"(0.000017, -0.000002, 0.001672)",LeftFalse_RightFalse,False,"(37.39499282836914, -0.003921627998352051, 0.7092443108558655)","(0.0006990018300712109, 98.73249053955078, -1.0773785419360138e-07)",-0.365487,1.0,"(0.000000, 0.000000, 0.000000)",LeftFalse_RightFalse
43.672241,0.063366,"(-1.3439671993255615, 0.7960830330848694, -33.921085357666016)","(351.5959167480469, 274.61798095703125, 0.685560941696167)","(0.5394537448883057, 0.6852474212646484, -33.312374114990234)","(0.0005894072237424552, 193.2156982421875, 0.00013092521112412214)","(-1.7319488525390625, -0.00392155023291707, -33.00868225097656)","(0.0006037733401171863, 180.68531799316406, -6.937374763538173e-08)",0.0,-0.001373,"(-0.000003, -0.000002, -0.000219)",LeftFalse_RightFalse,False,"(37.39499282836914, -0.003921627998352051, 0.7092443108558655)","(0.0006988585810177028, 98.73249053955078, -4.4413530986275873e-07)",-0.365488,1.0,"(0.000000, 0.000000, 0.000000)",LeftFalse_RightFalse
43.737427,0.063732,"(-1.343949317932129, 0.7960834503173828, -33.92108917236328)","(351.59625244140625, 274.6143493652344, 0.6855236291885376)","(0.539459228515625, 0.6852474212646484, -33.312339782714844)","(0.0005529599147848785, 193.21456909179688, 0.00012267321289982647)","(-1.7319490909576416, -0.003921717405319214, -33.00869369506836)","(0.0005664038471877575, 180.68418884277344, -2.1731788990564382e-07)",0.0,-0.001373,"(-0.000012, -0.000001, -0.001008)",LeftFalse_RightFalse,False,"(37.394989013671875, -0.003921627998352051, 0.7092443108558655)","(0.0006989029352553189, 98.73249053955078, -3.5716337265512266e-07)",-0.365487,1.0,"(0.000000, 0.000000, 0.000000)",LeftFalse_RightFalse
43.801636,0.063833,"(-1.3439544439315796, 0.7960843443870544, -33.92111587524414)","(351.5964050292969, 274.61383056640625, 0.685461163520813)","(0.5394580364227295, 0.6852477192878723, -33.3123779296875)","(0.0004942402592860162, 193.21487426757812, 0.0001084423711290583)","(-1.7319493293762207, -0.003921786788851023, -33.00872039794922)","(0.0005059954128228128, 180.6844940185547, -1.3695470215679961e-06)",0.0,-0.001373,"(-0.000004, 0.000000, -0.000487)",LeftFalse_RightFalse,False,"(37.39499282836914, -0.003921627998352051, 0.7092443108558655)","(0.0006989517132751644, 98.73249053955078, -3.2251008974526485e-07)",-0.365488,1.0,"(0.000000, 0.000000, 0.000000)",LeftFalse_RightFalse
43.862793,0.06329,"(-1.3439656496047974, 0.7960870862007141, -33.92119598388672)","(351.596435546875, 274.61419677734375, 0.6852802038192749)","(0.5394535064697266, 0.6852485537528992, -33.312477111816406)","(0.00031807192135602236, 193.21551513671875, 6.989760004216805e-05)","(-1.731950283050537, -0.003921885043382645, -33.00879669189453)","(0.0003256605996284634, 180.68515014648438, -7.752556712148362e-07)",0.0,-0.001373,"(-0.000012, -0.000001, -0.001068)",LeftFalse_RightFalse,False,"(37.39499282836914, -0.003921627998352051, 0.7092442512512207)","(0.000698983611073345, 98.73249053955078, -3.5953439692093525e-07)",-0.365488,1.0,"(0.000000, 0.000000, 0.000000)",LeftFalse_RightFalse
43.928345,0.063749,"(-1.3439652919769287, 0.7960848808288574, -33.92123031616211)","(351.5964660644531, 274.614013671875, 0.6854230761528015)","(0.5394529104232788, 0.6852478384971619, -33.3125114440918)","(0.0004562470712698996, 193.21546936035156, 0.00010034428851213306)","(-1.7319506406784058, -0.003921876661479473, -33.00883102416992)","(0.0004671501519624144, 180.68508911132812, -1.031841406984313e-06)",0.0,-0.001373,"(-0.000002, 0.000000, -0.000276)",LeftFalse_RightFalse,False,"(37.39499282836914, -0.003921627998352051, 0.7092443108558655)","(0.0006989926914684474, 98.73249053955078, -4.558601176540833e-07)",-0.365488,1.0,"(0.000000, 0.000000, 0.000000)",LeftFalse_RightFalse
43.991211,0.063567,"(-1.3439326286315918, 0.7960798144340515, -33.92118453979492)","(351.596435546875, 274.6184387207031, 0.6857429146766663)","(0.5394647121429443, 0.6852462291717529, -33.31239700317383)","(0.0007667410536669195, 193.2134552001953, 0.00016980618238449097)","(-1.731950044631958, -0.00392185477539897, -33.008792877197266)","(0.0007853189017623663, 180.68307495117188, -5.883641165382869e-07)",0.0,-0.001373,"(0.000020, 0.000003, 0.001690)",LeftFalse_RightFalse,False,"(37.39499282836914, -0.003921627998352051, 0.7092443108558655)","(0.0006989794201217592, 98.73249053955078, -5.579700541602506e-07)",-0.365488,1.0,"(0.000000, 0.000000, 0.000000)",LeftFalse_RightFalse
44.057983,0.064206,"(-1.3439288139343262, 0.7960790395736694, -33.92116165161133)","(351.5888366699219, 274.62078857421875, 0.6858147382736206)","(0.5394655466079712, 0.6852462887763977, -33.31237030029297)","(0.0008365610847249627, 193.21324157714844, 0.00018521603487897664)","(-1.7319496870040894, -0.003921504598110914, -33.00877380371094)","(0.000856818980537355, 180.682861328125, -6.934655516488419e-07)",0.0,-0.001373,"(0.000011, 0.000002, 0.000967)",LeftFalse_RightFalse,False,"(37.394989013671875, -0.003921627998352051, 0.7092443108558655)","(0.0006989521207287908, 98.73249053955078, -6.414505833163275e-07)",-0.365488,1.0,"(0.000000, 0.000000, 0.000000)",LeftFalse_RightFalse
44.12085,0.063944,"(-1.3439464569091797, 0.7960812449455261, -33.921199798583984)","(351.5881652832031, 274.6227111816406, 0.6856678128242493)","(0.5394599437713623, 0.6852468848228455, -33.312442779541016)","(0.0006954882992431521, 193.21432495117188, 0.00015338932280428708)","(-1.731950044631958, -0.003921602852642536, -33.00880432128906)","(0.000712201464921236, 180.6839599609375, -1.1553711374290287e-06)",0.0,-0.001373,"(-0.000010, 0.000002, -0.000938)",LeftFalse_RightFalse,False,"(37.39499282836914, -0.003921627998352051, 0.7092443108558655)","(0.0006989265093579888, 98.73249053955078, -6.502833116428519e-07)",-0.365488,1.0,"(0.000000, 0.000000, 0.000000)",LeftFalse_RightFalse
44.183838,0.063758,"(-1.3439459800720215, 0.7960836887359619, -33.921234130859375)","(351.58795166015625, 274.6236267089844, 0.685515820980072)","(0.5394593477249146, 0.6852477192878723, -33.312477111816406)","(0.0005465910071507096, 193.21424865722656, 0.0001203294305014424)","(-1.7319506406784058, -0.003921568393707275, -33.00884246826172)","(0.0005596781265921891, 180.68386840820312, -1.1234918702029972e-06)",0.0,-0.001373,"(-0.000006, -0.000002, -0.000565)",LeftFalse_RightFalse,False,"(37.394996643066406, -0.003921627998352051, 0.7092443108558655)","(0.0006989067769609392, 98.73249053955078, -5.827745326314471e-07)",-0.365488,1.0,"(0.000000, -0.000001, 0.000000)",LeftFalse_RightFalse
44.246338,0.063501,"(-1.3439239263534546, 0.7960835099220276, -33.92125701904297)","(351.590576171875, 274.6146545410156, 0.6855164170265198)","(0.5394668579101562, 0.685247540473938, -33.31245040893555)","(0.0005480889230966568, 193.21287536621094, 0.00012001279537798837)","(-1.7319507598876953, -0.003921734169125557, -33.008872985839844)","(0.0005610716762021184, 180.6824951171875, -1.7575611082065734e-06)",0.0,-0.001373,"(-0.000006, 0.000000, -0.000642)",LeftFalse_RightFalse,False,"(37.39499282836914, -0.003921627998352051, 0.7092443108558655)","(0.0006988935638219118, 98.73249053955078, -4.798308168574295e-07)",-0.365488,1.0,"(0.000000, -0.000001, 0.000000)",LeftFalse_RightFalse
44.310059,0.063543,"(-1.343933343887329, 0.7960799336433411, -33.92124938964844)","(351.591552734375, 274.62115478515625, 0.6857511401176453)","(0.5394636392593384, 0.685246467590332, -33.312461853027344)","(0.0007747913477942348, 193.21348571777344, 0.00017174854292534292)","(-1.7319504022598267, -0.003921599127352238, -33.00885772705078)","(0.000793598941527307, 180.68310546875, -4.388477634620358e-07)",0.0,-0.001373,"(0.000009, 0.000002, 0.000817)",LeftFalse_RightFalse,False,"(37.39499282836914, -0.003921627998352051, 0.7092443108558655)","(0.0006988901295699179, 98.73249053955078, -3.7957076415295887e-07)",-0.365488,1.0,"(0.000000, -0.000001, 0.000000)",LeftFalse_RightFalse
44.372559,0.06334,"(-1.343936562538147, 0.7960777878761292, -33.92119216918945)","(351.5918884277344, 274.616455078125, 0.6859008073806763)","(0.5394632816314697, 0.685245931148529, -33.31241226196289)","(0.0009183433139696717, 193.21372985839844, 0.00020406825933605433)","(-1.7319495677947998, -0.003921427298337221, -33.00879669189453)","(0.000940743600949645, 180.683349609375, -3.3537805421701705e-08)",0.0,-0.001373,"(-0.000011, 0.000004, -0.001048)",LeftFalse_RightFalse,False,"(37.39499282836914, -0.003921627998352051, 0.7092443704605103)","(0.000698900839779526, 98.73249053955078, -3.0883114732205286e-07)",-0.365488,1.0,"(0.000000, -0.000001, 0.000000)",LeftFalse_RightFalse
44.434692,0.063106,"(-1.3439263105392456, 0.7960793972015381, -33.92117691040039)","(351.5904541015625, 274.614013671875, 0.6857949495315552)","(0.5394667387008667, 0.6852464079856873, -33.3123779296875)","(0.0008173867245204747, 193.2130889892578, 0.00018216525495518)","(-1.7319496870040894, -0.003921477124094963, -33.0087890625)","(0.0008374396711587906, 180.68270874023438, 4.884028612650582e-07)",0.0,-0.001373,"(0.000011, 0.000001, 0.001091)",LeftFalse_RightFalse,False,"(37.39499282836914, -0.003921627998352051, 0.7092443108558655)","(0.0006989124231040478, 98.73249053955078, -3.0317718824335316e-07)",-0.365488,1.0,"(0.000000, -0.000001, 0.000000)",LeftFalse_RightFalse
44.498657,0.063272,"(-1.3439019918441772, 0.7960782647132874, -33.92111587524414)","(351.5898742675781, 274.6188659667969, 0.6858749389648438)","(0.5394750833511353, 0.6852461099624634, -33.3122673034668)","(0.0008942440035752952, 193.2115936279297, 0.00019886741938535124)","(-1.731948971748352, -0.003921409137547016, -33.00873565673828)","(0.0009160899790003896, 180.6812286376953, 1.1799990318195341e-07)",0.0,-0.001373,"(0.000003, 0.000001, 0.000138)",LeftFalse_RightFalse,False,"(37.39499282836914, -0.003921627998352051, 0.7092443108558655)","(0.0006989187095314264, 98.73249053955078, -3.6404190950634074e-07)",-0.365488,1.0,"(0.000000, -0.000001, 0.000000)",LeftFalse_RightFalse
44.562622,0.063406,"(-1.3438915014266968, 0.7960801124572754, -33.92108917236328)","(351.58966064453125, 274.6171569824219, 0.6857548952102661)","(0.5394785404205322, 0.6852467060089111, -33.31222152709961)","(0.0007774545229040086, 193.2109375, 0.00017234976985491812)","(-1.7319488525390625, -0.00392141193151474, -33.00871658325195)","(0.0007963288808241487, 180.6805877685547, -4.296971098938229e-07)",0.0,-0.001373,"(0.000005, 0.000000, 0.000440)",LeftFalse_RightFalse,False,"(37.39499282836914, -0.003921627998352051, 0.7092443108558655)","(0.0006989231915213168, 98.73249053955078, -4.702685885149549e-07)",-0.365488,1.0,"(0.000000, -0.000001, 0.000000)",LeftFalse_RightFalse
44.627686,0.063742,"(-1.343870759010315, 0.7960797548294067, -33.92103958129883)","(351.589599609375, 274.6155090332031, 0.6857735514640808)","(0.5394864082336426, 0.6852465867996216, -33.312129974365234)","(0.0007963426760397851, 193.2096710205078, 0.0001761371677275747)","(-1.7319483757019043, -0.003921478986740112, -33.00867462158203)","(0.0008155888644978404, 180.67930603027344, -8.304318726004567e-07)",0.0,-0.001373,"(-0.000002, -0.000002, -0.000243)",LeftFalse_RightFalse,False,"(37.39499282836914, -0.003921627998352051, 0.7092443108558655)","(0.0006989270332269371, 98.73249053955078, -5.804816396448587e-07)",-0.365488,1.0,"(0.000000, -0.000001, 0.000000)",LeftFalse_RightFalse
44.690308,0.063515,"(-1.3438726663589478, 0.7960789799690247, -33.92098617553711)","(351.5895690917969, 274.61553955078125, 0.6858186721801758)","(0.5394854545593262, 0.6852462887763977, -33.31208419799805)","(0.0008410922018811107, 193.20982360839844, 0.0001855305745266378)","(-1.731947660446167, -0.003921516705304384, -33.00862121582031)","(0.0008613104582764208, 180.67945861816406, -1.3694786957785254e-06)",0.0,-0.001373,"(-0.000003, -0.000001, -0.000428)",LeftFalse_RightFalse,False,"(37.39499282836914, -0.003921627998352051, 0.7092443108558655)","(0.0006989283720031381, 98.73249053955078, -6.406950205928297e-07)",-0.365488,1.0,"(0.000000, -0.000001, 0.000000)",LeftFalse_RightFalse
44.755371,0.063823,"(-1.343858003616333, 0.7960826754570007, -33.92100143432617)","(351.5895690917969, 274.6145935058594, 0.6855763792991638)","(0.5394912958145142, 0.6852474212646484, -33.31206512451172)","(0.0006060539744794369, 193.2089080810547, 0.0001315626286668703)","(-1.7319477796554565, -0.0039216275326907635, -33.008644104003906)","(0.0006201619398780167, 180.6785430908203, -3.0587507353629917e-06)",0.0,-0.001373,"(-0.000012, -0.000002, -0.001179)",LeftFalse_RightFalse,False,"(37.39499282836914, -0.003921627998352051, 0.7092443108558655)","(0.0006989339017309248, 98.73249053955078, -6.195903665684455e-07)",-0.365488,1.0,"(0.000000, -0.000001, 0.000000)",LeftFalse_RightFalse
44.820923,0.064173,"(-1.3438544273376465, 0.7960806488990784, -33.92097854614258)","(351.5895690917969, 274.6143493652344, 0.685696005821228)","(0.5394923686981201, 0.6852465867996216, -33.31203842163086)","(0.0007225225563161075, 193.20870971679688, 0.00015997652371879667)","(-1.731947660446167, -0.0039217215962708, -33.00862121582031)","(0.0007400210597552359, 180.67832946777344, -5.903536361984152e-07)",0.0,-0.001373,"(0.000014, 0.000001, 0.001198)",LeftFalse_RightFalse,False,"(37.39499282836914, -0.003921627998352051, 0.7092443704605103)","(0.0006989377434365451, 98.73249053955078, -5.380379093367083e-07)",-0.365488,1.0,"(0.000000, -0.000001, 0.000000)",LeftFalse_RightFalse
44.883789,0.063914,"(-1.3438758850097656, 0.7960807085037231, -33.92095947265625)","(351.5895690917969, 274.6156921386719, 0.6856972575187683)","(0.5394847393035889, 0.6852466464042664, -33.31206512451172)","(0.000722290191333741, 193.21005249023438, 0.0001612326013855636)","(-1.731947422027588, -0.003921695984899998, -33.00859451293945)","(0.0007400665781460702, 180.6796875, 6.862308055133326e-07)",0.0,-0.001373,"(-0.000004, -0.000001, -0.000293)",LeftFalse_RightFalse,False,"(37.39499282836914, -0.003921627998352051, 0.7092443108558655)","(0.0006989361718297005, 98.73249053955078, -4.4655843112195726e-07)",-0.365488,1.0,"(0.000000, -0.000001, 0.000000)",LeftFalse_RightFalse
44.946289,0.063618,"(-1.3438841104507446, 0.7960822582244873, -33.92097091674805)","(351.58953857421875, 274.6162109375, 0.6855992674827576)","(0.5394821166992188, 0.6852471232414246, -33.31209182739258)","(0.0006272679893299937, 193.21055603027344, 0.00014009021106176078)","(-1.731947660446167, -0.003921700641512871, -33.008602142333984)","(0.0006427206681109965, 180.68019104003906, 6.631668156842352e-07)",0.0,-0.001373,"(-0.000008, 0.000001, -0.000687)",LeftFalse_RightFalse,False,"(37.39499282836914, -0.003921627998352051, 0.7092443108558655)","(0.0006989242392592132, 98.73249053955078, -3.880907684106205e-07)",-0.365488,1.0,"(0.000000, -0.000001, 0.000000)",LeftFalse_RightFalse
45.009277,0.063513,"(-1.3438851833343506, 0.7960840463638306, -33.92100524902344)","(351.58953857421875, 274.61627197265625, 0.6854845285415649)","(0.5394814014434814, 0.6852476596832275, -33.31212615966797)","(0.0005159679567441344, 193.2106170654297, 0.00011270741379121318)","(-1.731947898864746, -0.003921726252883673, -33.008636474609375)","(0.0005281307967379689, 180.68023681640625, -1.9200679162167944e-06)",0.0,-0.001373,"(0.000008, -0.000003, 0.000561)",LeftFalse_RightFalse,False,"(37.39499282836914, -0.003921627998352051, 0.7092443108558655)","(0.0006989077664911747, 98.73249053955078, -3.6273917203288875e-07)",-0.365488,1.0,"(0.000000, -0.000001, 0.000000)",LeftFalse_RightFalse
45.073242,0.063598,"(-1.34389328956604, 0.7960779666900635, -33.92093276977539)","(351.598876953125, 274.6237487792969, 0.6858702898025513)","(0.5394792556762695, 0.68524569272995, -33.31207275390625)","(0.000889854331035167, 193.211181640625, 0.0001985443232115358)","(-1.7319469451904297, -0.0039217472076416016, -33.0085563659668)","(0.0009117347071878612, 180.68081665039062, 7.54996335672331e-07)",0.0,-0.001373,"(0.000012, 0.000002, 0.001200)",LeftFalse_RightFalse,False,"(37.39499282836914, -0.003921627998352051, 0.7092443108558655)","(0.000698896823450923, 98.73249053955078, -3.6516229329208727e-07)",-0.365488,1.0,"(0.000000, -0.000001, 0.000000)",LeftFalse_RightFalse
45.13623,0.06346,"(-1.3438856601715088, 0.7960806488990784, -33.92093276977539)","(351.58709716796875, 274.6175231933594, 0.6857025027275085)","(0.5394818782806396, 0.6852465867996216, -33.31205368041992)","(0.0007283427403308451, 193.21067810058594, 0.00016283054719679058)","(-1.7319471836090088, -0.00392171461135149, -33.00856018066406)","(0.0007463216315954924, 180.68031311035156, 9.329696695203893e-07)",0.0,-0.001373,"(-0.000002, 0.000001, 0.000048)",LeftFalse_RightFalse,False,"(37.39499282836914, -0.003921627998352051, 0.7092443108558655)","(0.0006989038665778935, 98.73249053955078, -3.8694435033903574e-07)",-0.365488,1.0,"(0.000000, -0.000001, 0.000000)",LeftFalse_RightFalse
45.201172,0.063766,"(-1.343858003616333, 0.7960801720619202, -33.920902252197266)","(351.5899353027344, 274.6135559082031, 0.6857380270957947)","(0.5394914150238037, 0.6852465271949768, -33.31196594238281)","(0.0007621857221238315, 193.20896911621094, 0.00016897938621696085)","(-1.7319469451904297, -0.003921600989997387, -33.008541107177734)","(0.0007806925568729639, 180.6785888671875, -4.0712401983000746e-07)",0.0,-0.001373,"(0.000005, -0.000001, 0.000330)",LeftFalse_RightFalse,False,"(37.39499282836914, -0.003921627998352051, 0.7092442512512207)","(0.0006989185931161046, 98.73249053955078, -4.3394777549110586e-07)",-0.365488,1.0,"(0.000000, -0.000001, 0.000000)",LeftFalse_RightFalse
45.267334,0.064236,"(-1.343836784362793, 0.7960806488990784, -33.92088317871094)","(351.5835876464844, 274.6106872558594, 0.6857009530067444)","(0.5394988059997559, 0.6852466464042664, -33.31190872192383)","(0.0007256526732817292, 193.2076416015625, 0.00016063287330325693)","(-1.7319467067718506, -0.0039216699078679085, -33.0085334777832)","(0.0007432190468534827, 180.67727661132812, -6.287368705670815e-07)",0.0,-0.001373,"(0.000008, 0.000000, 0.000643)",LeftFalse_RightFalse,False,"(37.39499282836914, -0.003921627998352051, 0.7092443108558655)","(0.0006989336106926203, 98.73249053955078, -4.944477041135542e-07)",-0.365488,1.0,"(0.000000, -0.000001, 0.000000)",LeftFalse_RightFalse
45.337036,0.065334,"(-1.343848466873169, 0.7960792183876038, -33.92083740234375)","(351.58856201171875, 274.611083984375, 0.6858077049255371)","(0.5394953489303589, 0.6852463483810425, -33.311885833740234)","(0.0008287149830721319, 193.20843505859375, 0.00018349311721976846)","(-1.7319458723068237, -0.003921454772353172, -33.008480072021484)","(0.0008487862651236355, 180.67807006835938, -6.731286248395918e-07)",0.0,-0.001373,"(-0.000006, -0.000002, -0.000393)",LeftFalse_RightFalse,False,"(37.394989013671875, -0.003921627998352051, 0.7092442512512207)","(0.000698945892509073, 98.73249053955078, -5.467663868330419e-07)",-0.365488,1.0,"(0.000000, -0.000001, 0.000000)",LeftFalse_RightFalse
45.401001,0.065063,"(-1.3438795804977417, 0.7960825562477112, -33.920867919921875)","(351.58941650390625, 274.6140441894531, 0.6855840682983398)","(0.5394845008850098, 0.6852472424507141, -33.311981201171875)","(0.0006130530964583158, 193.21035766601562, 0.00013644580030813813)","(-1.7319462299346924, -0.00392164895310998, -33.00849914550781)","(0.0006280536763370037, 180.67999267578125, 1.895854921940554e-07)",0.0,-0.001373,"(-0.000012, -0.000002, -0.000899)",LeftFalse_RightFalse,False,"(37.394989013671875, -0.003921627998352051, 0.7092443108558655)","(0.0006989500834606588, 98.73249053955078, -5.748537432737066e-07)",-0.365488,1.0,"(0.000000, -0.000001, 0.000000)",LeftFalse_RightFalse
45.466187,0.065093,"(-1.3439221382141113, 0.7960854768753052, -33.920955657958984)","(351.5896911621094, 274.6235656738281, 0.6853868365287781)","(0.5394699573516846, 0.6852480173110962, -33.31215286254883)","(0.0004212303028907627, 193.21298217773438, 9.381669224239886e-05)","(-1.7319471836090088, -0.003921836614608765, -33.00857162475586)","(0.0004315512487664819, 180.6826171875, 1.9318351007768797e-07)",0.0,-0.001373,"(-0.000010, -0.000003, -0.000863)",LeftFalse_RightFalse,False,"(37.39499282836914, -0.003921627998352051, 0.7092443108558655)","(0.0006989454850554466, 98.73249053955078, -5.799605560241616e-07)",-0.365488,1.0,"(0.000000, -0.000001, 0.000000)",LeftFalse_RightFalse
45.533203,0.065481,"(-1.3439456224441528, 0.7960861921310425, -33.921024322509766)","(351.5898132324219, 274.6197814941406, 0.6853386163711548)","(0.5394618511199951, 0.6852481961250305, -33.31227111816406)","(0.00037660336238332093, 193.21441650390625, 8.295311272377148e-05)","(-1.731947898864746, -0.0039218636229634285, -33.00863265991211)","(0.0003856304392684251, 180.6840362548828, -7.295275281649083e-07)",0.0,-0.001373,"(-0.000017, -0.000001, -0.001491)",LeftFalse_RightFalse,False,"(37.39499282836914, -0.003921627998352051, 0.7092443108558655)","(0.0006989350658841431, 98.73249053955078, -5.528893325390527e-07)",-0.365488,1.0,"(0.000000, -0.000001, 0.000000)",LeftFalse_RightFalse
45.601685,0.066067,"(-1.3439277410507202, 0.7960800528526306, -33.92095947265625)","(351.5928039550781, 274.617431640625, 0.6857333779335022)","(0.5394680500030518, 0.6852463483810425, -33.312171936035156)","(0.0007566797430627048, 193.2133331298828, 0.000168555838172324)","(-1.7319471836090088, -0.003921787720173597, -33.00857162475586)","(0.0007752259843982756, 180.68295288085938, 3.7396154084490263e-07)",0.0,-0.001373,"(-0.000003, 0.000003, -0.000432)",LeftFalse_RightFalse,False,"(37.39499282836914, -0.003921627998352051, 0.7092443108558655)","(0.0006989240646362305, 98.73249053955078, -4.977046046406031e-07)",-0.365488,1.0,"(0.000000, -0.000001, 0.000000)",LeftFalse_RightFalse
45.681763,0.068878,"(-1.3439289331436157, 0.7960817217826843, -33.92097091674805)","(351.58026123046875, 274.6170654296875, 0.6856364607810974)","(0.5394678115844727, 0.685247004032135, -33.31218338012695)","(0.0006629923009313643, 193.21340942382812, 0.00014630080841016024)","(-1.7319471836090088, -0.003921667113900185, -33.008583068847656)","(0.0006789416656829417, 180.68304443359375, -1.0248253374811611e-06)",0.0,-0.001373,"(0.000004, 0.000002, 0.000158)",LeftFalse_RightFalse,False,"(37.39499282836914, -0.003921627998352051, 0.7092443108558655)","(0.0006989127141423523, 98.73249053955078, -4.3686594608516316e-07)",-0.365488,1.0,"(0.000000, -0.000001, 0.000000)",LeftFalse_RightFalse
45.748779,0.068501,"(-1.3439284563064575, 0.7960835695266724, -33.9210090637207)","(351.6012268066406, 274.61004638671875, 0.6855244040489197)","(0.5394672155380249, 0.6852476596832275, -33.312217712402344)","(0.0005540536367334425, 193.21334838867188, 0.00012198762851767242)","(-1.7319475412368774, -0.003921538591384888, -33.00862121582031)","(0.0005673228297382593, 180.6829833984375, -1.1238765864618472e-06)",0.0,-0.001373,"(-0.000008, 0.000000, -0.000626)",LeftFalse_RightFalse,False,"(37.39499282836914, -0.003921627998352051, 0.7092443108558655)","(0.0006989085813984275, 98.73249053955078, -4.0093593156598217e-07)",-0.365488,1.0,"(0.000000, -0.000001, 0.000000)",LeftFalse_RightFalse
45.811157,0.067289,"(-1.3439273834228516, 0.7960830926895142, -33.9210205078125)","(351.5818786621094, 274.61553955078125, 0.6855477094650269)","(0.5394678115844727, 0.6852473616600037, -33.31222915649414)","(0.0005779379862360656, 193.21328735351562, 0.0001281741278944537)","(-1.731947660446167, -0.0039216699078679085, -33.00863265991211)","(0.0005919804680161178, 180.6829071044922, -2.666019156549737e-07)",0.0,-0.001373,"(0.000006, -0.000001, 0.000671)",LeftFalse_RightFalse,False,"(37.39499282836914, -0.003921627998352051, 0.7092443108558655)","(0.0006989100365899503, 98.73249053955078, -3.787891103002039e-07)",-0.365488,1.0,"(0.000000, -0.000001, 0.000000)",LeftFalse_RightFalse
45.871826,0.065958,"(-1.343944787979126, 0.7960800528526306, -33.920997619628906)","(351.5847473144531, 274.61865234375, 0.6857449412345886)","(0.5394624471664429, 0.6852464079856873, -33.3122444152832)","(0.0007691166247241199, 193.2144012451172, 0.0001717235572868958)","(-1.7319473028182983, -0.003921627998352051, -33.008602142333984)","(0.0007880539051257074, 180.68402099609375, 7.679753366574005e-07)",0.0,-0.001373,"(0.000005, 0.000001, 0.000464)",LeftFalse_RightFalse,False,"(37.39499282836914, -0.003921627998352051, 0.7092443108558655)","(0.0006989181856624782, 98.73249053955078, -3.7610541880894743e-07)",-0.365488,1.0,"(0.000000, -0.000001, 0.000000)",LeftFalse_RightFalse
45.936279,0.065643,"(-1.3439304828643799, 0.7960808277130127, -33.92101287841797)","(351.58599853515625, 274.61859130859375, 0.6856954097747803)","(0.5394669771194458, 0.6852467060089111, -33.312225341796875)","(0.0007209052564576268, 193.21348571777344, 0.00016028989921323955)","(-1.7319475412368774, -0.003921630792319775, -33.00862121582031)","(0.000738510221708566, 180.68310546875, 6.643765715352856e-08)",0.0,-0.001373,"(-0.000010, 0.000000, -0.000867)",LeftFalse_RightFalse,False,"(37.39499282836914, -0.003921627998352051, 0.7092443108558655)","(0.0006989229586906731, 98.73249053955078, -4.0051907035376644e-07)",-0.365488,1.0,"(0.000000, -0.000001, 0.000000)",LeftFalse_RightFalse
45.998291,0.064919,"(-1.3439152240753174, 0.7960819005966187, -33.92103576660156)","(351.59857177734375, 274.6178894042969, 0.6856282353401184)","(0.5394717454910278, 0.6852470636367798, -33.312217712402344)","(0.0006549727404490113, 193.21250915527344, 0.0001449997362215072)","(-1.7319480180740356, -0.0039216578006744385, -33.00865173339844)","(0.0006708308937959373, 180.68212890625, -5.55008284663927e-07)",0.0,-0.001373,"(-0.000004, 0.000000, -0.000418)",LeftFalse_RightFalse,False,"(37.39499282836914, -0.003921627998352051, 0.7092443704605103)","(0.0006989231333136559, 98.73249053955078, -4.484083433453634e-07)",-0.365488,1.0,"(0.000000, -0.000001, 0.000000)",LeftFalse_RightFalse
46.062744,0.064831,"(-1.3438847064971924, 0.7960819602012634, -33.92103576660156)","(351.5955505371094, 274.6158752441406, 0.6856232285499573)","(0.539481520652771, 0.6852471232414246, -33.312156677246094)","(0.0006501682219095528, 193.2105712890625, 0.00014269373787101358)","(-1.7319480180740356, -0.003921639174222946, -33.0086669921875)","(0.0006656402838416398, 180.68019104003906, -1.7636950815358432e-06)",0.0,-0.001373,"(-0.000012, -0.000001, -0.001289)",LeftFalse_RightFalse,False,"(37.39499282836914, -0.003921627998352051, 0.7092443108558655)","(0.0006989224348217249, 98.73249053955078, -5.144319743521919e-07)",-0.365488,1.0,"(0.000000, -0.000001, 0.000000)",LeftFalse_RightFalse
46.127808,0.064882,"(-1.343914270401001, 0.7960827350616455, -33.92108917236328)","(351.5944519042969, 274.60888671875, 0.6855665445327759)","(0.5394717454910278, 0.6852472424507141, -33.31227111816406)","(0.0005962428404018283, 193.21240234375, 0.00013178079097997397)","(-1.7319484949111938, -0.003921729978173971, -33.00870895385742)","(0.0006106318323872983, 180.68202209472656, -7.172114351305936e-07)",0.0,-0.001373,"(0.000012, -0.000004, 0.001228)",LeftFalse_RightFalse,False,"(37.39499282836914, -0.003921646624803543, 0.7092443108558655)","(0.0006989227840676904, 98.73249053955078, -5.643274789690622e-07)",-0.365488,1.0,"(0.000000, -0.000001, 0.000000)",LeftFalse_RightFalse
46.192505,0.064842,"(-1.3439631462097168, 0.7960811257362366, -33.921112060546875)","(351.5857238769531, 274.6099853515625, 0.6856690645217896)","(0.5394556522369385, 0.6852466464042664, -33.31239318847656)","(0.0006956918514333665, 193.21548461914062, 0.000155647678184323)","(-1.7319483757019043, -0.003921743016690016, -33.00870895385742)","(0.000712890294380486, 180.6851043701172, 1.0049996035377262e-06)",0.0,-0.001373,"(-0.000006, 0.000002, -0.000569)",LeftFalse_RightFalse,False,"(37.39499282836914, -0.0039216578006744385, 0.7092443108558655)","(0.0006981909973546863, 98.73249053955078, -1.3904045772505924e-06)",-0.365487,1.0,"(0.000000, 0.000000, 0.000000)",LeftFalse_RightFalse
46.256592,0.064684,"(-1.3439886569976807, 0.796079158782959, -33.92110824584961)","(351.58990478515625, 274.61090087890625, 0.6858019232749939)","(0.5394474267959595, 0.6852461695671082, -33.312442779541016)","(0.0008237265283241868, 193.2170867919922, 0.0001850019471021369)","(-1.7319482564926147, -0.003921643830835819, -33.00869369506836)","(0.0008442439138889313, 180.6867218017578, 1.8820837794919498e-06)",0.0,-0.001373,"(-0.000012, 0.000002, -0.000988)",LeftFalse_RightFalse,False,"(37.39499282836914, -0.0039216578006744385, 0.7092443108558655)","(0.00069809565320611, 98.73249053955078, -1.673284828029864e-06)",-0.365487,1.0,"(0.000000, 0.000000, 0.000000)",LeftFalse_RightFalse
46.317627,0.063963,"(-1.3439754247665405, 0.7960768938064575, -33.92105484008789)","(351.5945739746094, 274.6130676269531, 0.6859599351882935)","(0.5394519567489624, 0.6852456331253052, -33.31236267089844)","(0.00097743165679276, 193.21629333496094, 0.000218588174902834)","(-1.7319477796554565, -0.0039213779382407665, -33.008644104003906)","(0.0010015744483098388, 180.6859130859375, 1.320926799053268e-06)",0.0,-0.001373,"(0.000006, 0.000000, 0.000525)",LeftFalse_RightFalse,False,"(37.39499282836914, -0.0039216578006744385, 0.7092443108558655)","(0.0006981357582844794, 98.73249053955078, -1.614009534023353e-06)",-0.365487,1.0,"(0.000000, 0.000000, 0.000000)",LeftFalse_RightFalse
46.382813,0.064212,"(-1.343949556350708, 0.796080470085144, -33.92105484008789)","(351.59588623046875, 274.6199645996094, 0.6857292652130127)","(0.5394601821899414, 0.6852468252182007, -33.31230545043945)","(0.0007534692995250225, 193.2146453857422, 0.00016601626703049988)","(-1.731947898864746, -0.003921449184417725, -33.0086555480957)","(0.000771540857385844, 180.68426513671875, -1.4085841257838183e-06)",0.0,-0.001373,"(-0.000006, -0.000001, -0.000674)",LeftFalse_RightFalse,False,"(37.39499282836914, -0.0039216578006744385, 0.7092443108558655)","(0.0006981074693612754, 98.73249053955078, -1.668308300395438e-06)",-0.365487,1.0,"(0.000000, 0.000000, 0.000000)",LeftFalse_RightFalse
46.449707,0.064743,"(-1.3439342975616455, 0.7960819602012634, -33.92104721069336)","(351.59521484375, 274.62451171875, 0.6856354475021362)","(0.5394653081893921, 0.6852472424507141, -33.3122673034668)","(0.0006626443355344236, 193.2136993408203, 0.00014567133621312678)","(-1.7319477796554565, -0.003921470604836941, -33.0086555480957)","(0.0006784652359783649, 180.68331909179688, -1.5637768910892191e-06)",0.0,-0.001373,"(-0.000012, -0.000001, -0.001321)",LeftFalse_RightFalse,False,"(37.39499282836914, -0.0039216578006744385, 0.7092443108558655)","(0.000698075455147773, 98.73249053955078, -1.682195716057322e-06)",-0.365488,1.0,"(0.000000, 0.000000, 0.000000)",LeftFalse_RightFalse
46.511841,0.064223,"(-1.3439528942108154, 0.7960829138755798, -33.92107391357422)","(351.59503173828125, 274.6187438964844, 0.6855584979057312)","(0.5394589900970459, 0.6852473616600037, -33.31233596801758)","(0.0005878165829926729, 193.21485900878906, 0.0001296501577598974)","(-1.7319481372833252, -0.00392170250415802, -33.0086784362793)","(0.0006019440479576588, 180.68447875976562, -9.68976337389904e-07)",0.0,-0.001373,"(0.000001, -0.000004, 0.000134)",LeftFalse_RightFalse,False,"(37.39499282836914, -0.0039216578006744385, 0.7092443108558655)","(0.0006980525213293731, 98.73249053955078, -1.661768465055502e-06)",-0.365488,1.0,"(0.000000, 0.000001, 0.000000)",LeftFalse_RightFalse
46.581177,0.065258,"(-1.3439610004425049, 0.796083390712738, -33.92110061645508)","(351.594970703125, 274.6163024902344, 0.6855189800262451)","(0.5394563674926758, 0.6852473616600037, -33.3123779296875)","(0.0005496228695847094, 193.21534729003906, 0.00012209624401293695)","(-1.7319483757019043, -0.003921794705092907, -33.00870132446289)","(0.0005630212253890932, 180.6849822998047, -5.656094259620659e-08)",0.0,-0.001373,"(-0.000021, -0.000001, -0.001908)",LeftFalse_RightFalse,False,"(37.39499282836914, -0.00392164895310998, 0.7092443108558655)","(0.0006981647456996143, 98.73249053955078, -1.3229999922259594e-06)",-0.365488,1.0,"(0.000000, 0.000001, 0.000000)",LeftFalse_RightFalse
46.646973,0.065348,"(-1.343981385231018, 0.7960821390151978, -33.921119689941406)","(351.5868835449219, 274.61669921875, 0.6856075525283813)","(0.5394489765167236, 0.6852470636367798, -33.312435150146484)","(0.0006352723576128483, 193.2165985107422, 0.00014164566528052092)","(-1.7319486141204834, -0.003921711817383766, -33.00870895385742)","(0.0006508718943223357, 180.6862335205078, 4.44961756329576e-07)",0.0,-0.001373,"(-0.000014, 0.000001, -0.001256)",LeftFalse_RightFalse,False,"(37.39499282836914, -0.003921627998352051, 0.7092443108558655)","(0.000698859163094312, 98.73249053955078, -6.161511123536911e-07)",-0.365487,1.0,"(0.000000, 0.000000, 0.000000)",LeftFalse_RightFalse
46.710938,0.065082,"(-1.3439539670944214, 0.7960807681083679, -33.92110061645508)","(351.5826721191406, 274.61358642578125, 0.6856912970542908)","(0.5394587516784668, 0.6852465867996216, -33.31236267089844)","(0.0007174219936132431, 193.2148895263672, 0.00015980840544216335)","(-1.7319486141204834, -0.003921736031770706, -33.00870132446289)","(0.0007350055384449661, 180.68450927734375, 3.521294047459378e-07)",0.0,-0.001373,"(0.000005, 0.000002, 0.000259)",LeftFalse_RightFalse,False,"(37.39499282836914, -0.003921627998352051, 0.7092443108558655)","(0.0006988460663706064, 98.73249053955078, -7.704754807491554e-07)",-0.365488,1.0,"(0.000000, 0.000000, 0.000000)",LeftFalse_RightFalse
46.772827,0.064431,"(-1.3439223766326904, 0.7960811257362366, -33.92108154296875)","(351.5904235839844, 274.6111145019531, 0.6856896281242371)","(0.5394688844680786, 0.685247004032135, -33.312278747558594)","(0.0007141953683458269, 193.21292114257812, 0.0001573292538523674)","(-1.7319482564926147, -0.003921474330127239, -33.00869369506836)","(0.0007313176756724715, 180.6825408935547, -1.367925392514735e-06)",0.0,-0.001373,"(0.000012, 0.000002, 0.000974)",LeftFalse_RightFalse,False,"(37.39499282836914, -0.003921627998352051, 0.7092443108558655)","(0.0006988858804106712, 98.73249053955078, -7.179223189268669e-07)",-0.365488,1.0,"(0.000000, 0.000000, 0.000000)",LeftFalse_RightFalse
46.83667,0.064325,"(-1.3439313173294067, 0.7960812449455261, -33.92107391357422)","(351.59344482421875, 274.6114807128906, 0.6856770515441895)","(0.5394656658172607, 0.6852469444274902, -33.31229019165039)","(0.0007027363171800971, 193.21347045898438, 0.00015639372577425092)","(-1.7319483757019043, -0.003921526484191418, -33.00868606567383)","(0.0007199288229458034, 180.68310546875, 2.0492542773808964e-07)",0.0,-0.001373,"(0.000017, -0.000001, 0.001501)",LeftFalse_RightFalse,False,"(37.39499282836914, -0.003921627998352051, 0.7092443108558655)","(0.0006988495588302612, 98.73249053955078, -8.154205488608568e-07)",-0.365488,1.0,"(0.000000, 0.000000, 0.000000)",LeftFalse_RightFalse
46.901367,0.064396,"(-1.3439340591430664, 0.7960798144340515, -33.921051025390625)","(351.5945739746094, 274.6141357421875, 0.6857574582099915)","(0.5394651889801025, 0.6852464079856873, -33.31227111816406)","(0.0007806015200912952, 193.2136688232422, 0.0001741636369843036)","(-1.7319481372833252, -0.0039216140285134315, -33.00865936279297)","(0.0007997946231625974, 180.6833038330078, 6.581735192412452e-07)",0.0,-0.001373,"(-0.000007, 0.000002, -0.000572)",LeftFalse_RightFalse,False,"(37.39499282836914, -0.003921627998352051, 0.7092443108558655)","(0.0006988479290157557, 98.73249053955078, -8.04451360636449e-07)",-0.365488,1.0,"(0.000000, 0.000000, 0.000000)",LeftFalse_RightFalse
46.965332,0.064308,"(-1.343909502029419, 0.7960787415504456, -33.92100524902344)","(351.5888977050781, 274.61346435546875, 0.6858386993408203)","(0.5394734144210815, 0.6852462291717529, -33.31217575073242)","(0.0008596465340815485, 193.21214294433594, 0.0001908989652292803)","(-1.7319475412368774, -0.0039214640855789185, -33.00862121582031)","(0.0008805873803794384, 180.68177795410156, -1.5444651069174142e-07)",0.0,-0.001373,"(0.000003, 0.000002, 0.000077)",LeftFalse_RightFalse,False,"(37.39499282836914, -0.003921627998352051, 0.7092443108558655)","(0.0006989052635617554, 98.73249053955078, -6.27771669314825e-07)",-0.365487,1.0,"(0.000000, 0.000000, 0.000000)",LeftFalse_RightFalse
47.026855,0.06376,"(-1.343897819519043, 0.7960836291313171, -33.92104721069336)","(351.58697509765625, 274.613037109375, 0.6855215430259705)","(0.5394769906997681, 0.6852477192878723, -33.31219482421875)","(0.0005517414538189769, 193.2113800048828, 0.00011998313129879534)","(-1.7319482564926147, -0.003921543713659048, -33.00867462158203)","(0.0005646307254210114, 180.68099975585938, -2.5789611299842363e-06)",0.0,-0.001373,"(0.000000, -0.000003, -0.000151)",LeftFalse_RightFalse,False,"(37.39499282836914, -0.003921627998352051, 0.7092443108558655)","(0.0006988379172980785, 98.73249053955078, -7.561191068816697e-07)",-0.365487,1.0,"(0.000000, 0.000000, 0.000000)",LeftFalse_RightFalse
47.089844,0.063598,"(-1.3439092636108398, 0.7960808277130127, -33.9210319519043)","(351.5851135253906, 274.6138610839844, 0.6856948733329773)","(0.5394731760025024, 0.6852467060089111, -33.31220245361328)","(0.0007207007147371769, 193.2121124267578, 0.00016032965504564345)","(-1.7319480180740356, -0.003921627998352051, -33.00865173339844)","(0.0007383192423731089, 180.68174743652344, 1.4959415750581684e-07)",0.0,-0.001373,"(0.000004, -0.000002, 0.000403)",LeftFalse_RightFalse,False,"(37.39499282836914, -0.003921627998352051, 0.7092443704605103)","(0.0006988545064814389, 98.73249053955078, -6.354840138556028e-07)",-0.365488,1.0,"(0.000000, 0.000000, 0.000000)",LeftFalse_RightFalse
47.153809,0.063667,"(-1.3439370393753052, 0.7960852980613708, -33.92111587524414)","(351.5844421386719, 274.6156311035156, 0.6854029297828674)","(0.5394641160964966, 0.685248076915741, -33.31234359741211)","(0.00043895008275285363, 193.21380615234375, 9.65488507063128e-05)","(-1.731948971748352, -0.0039217728190124035, -33.00872802734375)","(0.000449441751698032, 180.68344116210938, -9.841850214797887e-07)",0.0,-0.001373,"(-0.000019, 0.000000, -0.001746)",LeftFalse_RightFalse,False,"(37.39499282836914, -0.003921627998352051, 0.7092443108558655)","(0.0006989121320657432, 98.73249053955078, -4.2206661987620464e-07)",-0.365487,1.0,"(0.000000, 0.000000, 0.000000)",LeftFalse_RightFalse
47.218994,0.063978,"(-1.3439483642578125, 0.7960814833641052, -33.92109680175781)","(351.58416748046875, 274.6163330078125, 0.6856446862220764)","(0.5394599437713623, 0.6852468252182007, -33.312347412109375)","(0.0006713155307807028, 193.21453857421875, 0.0001497659250162542)","(-1.7319486141204834, -0.0039217472076416016, -33.00870132446289)","(0.0006878182757645845, 180.6841583251953, 5.519830779121548e-07)",0.0,-0.001373,"(0.000003, -0.000001, 0.000350)",LeftFalse_RightFalse,False,"(37.39499282836914, -0.003921627998352051, 0.7092443108558655)","(0.0006987814558669925, 98.73249053955078, -6.471045708167367e-07)",-0.365487,1.0,"(0.000000, 0.000000, 0.000000)",LeftFalse_RightFalse
47.280396,0.063468,"(-1.343950629234314, 0.7960848808288574, -33.92116928100586)","(351.5908508300781, 274.61663818359375, 0.6854256987571716)","(0.5394587516784668, 0.6852478981018066, -33.31241989135742)","(0.00045925044105388224, 193.21463012695312, 0.00010081919754156843)","(-1.7319493293762207, -0.003921792842447758, -33.00877380371094)","(0.00047018504119478166, 180.6842498779297, -1.2198552212794311e-06)",0.0,-0.001373,"(0.000017, -0.000002, 0.001370)",LeftFalse_RightFalse,False,"(37.39499282836914, -0.003921627998352051, 0.7092443108558655)","(0.000698949268553406, 98.73249053955078, -2.1802911476243025e-07)",-0.365487,1.0,"(0.000000, 0.000000, 0.000000)",LeftFalse_RightFalse
47.34375,0.063436,"(-1.3439369201660156, 0.7960834503173828, -33.92118453979492)","(351.5869445800781, 274.6158142089844, 0.6855162978172302)","(0.5394638776779175, 0.6852474808692932, -33.31241226196289)","(0.0005464028799906373, 193.21377563476562, 0.00011962199641857296)","(-1.7319494485855103, -0.003921781200915575, -33.00879669189453)","(0.0005593411042355001, 180.6833953857422, -1.7732625110511435e-06)",0.0,-0.001373,"(0.000000, 0.000000, -0.000130)",LeftFalse_RightFalse,False,"(37.39499282836914, -0.003921627998352051, 0.7092443108558655)","(0.0006989141693338752, 98.73249053955078, -2.878567784136976e-07)",-0.365487,1.0,"(0.000000, 0.000000, 0.000000)",LeftFalse_RightFalse
47.404053,0.062817,"(-1.3439586162567139, 0.7960802316665649, -33.921173095703125)","(351.5856018066406, 274.6171875, 0.6857284307479858)","(0.5394563674926758, 0.6852465271949768, -33.312442779541016)","(0.0007529070717282593, 193.2151336669922, 0.0001680957357166335)","(-1.7319493293762207, -0.003921670839190483, -33.00876998901367)","(0.0007714431267231703, 180.68475341796875, 7.433475275320234e-07)",0.0,-0.001373,"(-0.000024, 0.000004, -0.002171)",LeftFalse_RightFalse,False,"(37.39499282836914, -0.003921627998352051, 0.7092443704605103)","(0.0006988498498685658, 98.73249053955078, -4.4408318444766337e-07)",-0.365487,1.0,"(0.000000, 0.000000, 0.000000)",LeftFalse_RightFalse
47.467285,0.062887,"(-1.343956708908081, 0.7960792183876038, -33.92116165161133)","(351.5850524902344, 274.6170654296875, 0.6858028173446655)","(0.5394573211669922, 0.6852463483810425, -33.31242752075195)","(0.0008247416699305177, 193.2150421142578, 0.00018266822735313326)","(-1.7319488525390625, -0.00392149668186903, -33.008758544921875)","(0.0008447285508736968, 180.68466186523438, -6.163188572827494e-07)",0.0,-0.001373,"(0.000001, 0.000002, -0.000145)",LeftFalse_RightFalse,False,"(37.39499282836914, -0.003921627998352051, 0.7092443108558655)","(0.0006989004323258996, 98.73249053955078, -3.870746354550647e-07)",-0.365487,1.0,"(0.000000, 0.000000, 0.000000)",LeftFalse_RightFalse
47.532227,0.063296,"(-1.3439478874206543, 0.7960803508758545, -33.921173095703125)","(351.5848388671875, 274.6165466308594, 0.6857340931892395)","(0.539460301399231, 0.6852467060089111, -33.31242370605469)","(0.0007588571170344949, 193.2144775390625, 0.00016795496048871428)","(-1.731948971748352, -0.003921478986740112, -33.0087776184082)","(0.0007772211101837456, 180.68411254882812, -6.850150384707376e-07)",0.0,-0.001373,"(0.000001, -0.000001, -0.000090)",LeftFalse_RightFalse,False,"(37.39499282836914, -0.003921627998352051, 0.7092443108558655)","(0.0006989946705289185, 98.73249053955078, -2.9921682198619237e-07)",-0.365487,1.0,"(0.000000, 0.000000, 0.000000)",LeftFalse_RightFalse
47.593018,0.062792,"(-1.3439464569091797, 0.796082615852356, -33.921207427978516)","(351.58477783203125, 274.616455078125, 0.6855887174606323)","(0.5394601821899414, 0.6852474212646484, -33.31245040893555)","(0.0006189310806803405, 193.21435546875, 0.0001362679759040475)","(-1.7319495677947998, -0.003921512048691511, -33.008811950683594)","(0.0006337531376630068, 180.68399047851562, -1.2592849998327438e-06)",0.0,-0.001373,"(-0.000010, -0.000001, -0.000975)",LeftFalse_RightFalse,False,"(37.394996643066406, -0.003921627998352051, 0.7092443108558655)","(0.0006987469969317317, 98.73249053955078, -9.685203394838027e-07)",-0.365487,1.0,"(0.000000, 0.000000, 0.000000)",LeftFalse_RightFalse
47.656128,0.062868,"(-1.3439568281173706, 0.7960807681083679, -33.921207427978516)","(351.584228515625, 274.6170654296875, 0.6856958866119385)","(0.5394566059112549, 0.6852466464042664, -33.31247329711914)","(0.0007216491503641009, 193.21499633789062, 0.00016021300689317286)","(-1.7319495677947998, -0.003921687602996826, -33.00880813598633)","(0.0007392196566797793, 180.68463134765625, -1.7000955665480433e-07)",0.0,-0.001373,"(-0.000005, 0.000000, -0.000533)",LeftFalse_RightFalse,False,"(37.39499282836914, -0.003921627998352051, 0.7092442512512207)","(0.0006988003151491284, 98.73249053955078, -8.861862283993105e-07)",-0.365487,1.0,"(0.000000, 0.000000, 0.000000)",LeftFalse_RightFalse
47.717896,0.062655,"(-1.3439830541610718, 0.7960798740386963, -33.92122268676758)","(351.5926513671875, 274.61871337890625, 0.6857500672340393)","(0.5394481420516968, 0.6852463483810425, -33.31254196166992)","(0.0007731204968877137, 193.21665954589844, 0.00017281371401622891)","(-1.7319496870040894, -0.003921675495803356, -33.008811950683594)","(0.0007921989308670163, 180.686279296875, 9.634684374759672e-07)",0.0,-0.001373,"(0.000003, 0.000001, 0.000307)",LeftFalse_RightFalse,False,"(37.39499282836914, -0.003921627998352051, 0.7092443108558655)","(0.0006988644017837942, 98.73249053955078, -7.522108376178949e-07)",-0.365487,1.0,"(0.000000, 0.000000, 0.000000)",LeftFalse_RightFalse
47.780884,0.062702,"(-1.3439980745315552, 0.7960812449455261, -33.92123794555664)","(351.5896301269531, 274.61962890625, 0.685671329498291)","(0.5394428968429565, 0.6852468848228455, -33.31258773803711)","(0.0006978355813771486, 193.2175750732422, 0.0001553923502797261)","(-1.7319499254226685, -0.003921576775610447, -33.008819580078125)","(0.0007149275625124574, 180.6872100830078, 2.90654838863702e-07)",0.0,-0.001373,"(0.000006, 0.000001, 0.000627)",LeftFalse_RightFalse,False,"(37.39499282836914, -0.003921627998352051, 0.7092443108558655)","(0.000698995718266815, 98.73249053955078, -4.632858008335461e-07)",-0.365487,1.0,"(0.000000, 0.000000, 0.000000)",LeftFalse_RightFalse
47.843262,0.062651,"(-1.343975305557251, 0.7960830926895142, -33.92124938964844)","(351.5884704589844, 274.61822509765625, 0.685554563999176)","(0.5394504070281982, 0.6852474808692932, -33.31254959106445)","(0.0005856869975104928, 193.2161407470703, 0.00012909974611829966)","(-1.731950044631958, -0.00392157444730401, -33.00884246826172)","(0.0005997456610202789, 180.68576049804688, -1.0442287248224602e-06)",0.0,-0.001373,"(-0.000009, -0.000002, -0.000781)",LeftFalse_RightFalse,False,"(37.39499282836914, -0.003921627998352051, 0.7092443108558655)","(0.0006989585817791522, 98.73249053955078, -5.302734962242539e-07)",-0.365488,1.0,"(0.000000, 0.000000, 0.000000)",LeftFalse_RightFalse
47.905396,0.062556,"(-1.3439583778381348, 0.7960835099220276, -33.92127990722656)","(351.5881042480469, 274.61712646484375, 0.6855194568634033)","(0.539455771446228, 0.6852474808692932, -33.31254577636719)","(0.0005509586771950126, 193.2150421142578, 0.00012176946620456874)","(-1.7319504022598267, -0.0039216745644807816, -33.008880615234375)","(0.000564254296477884, 180.68467712402344, -6.653693844782538e-07)",0.0,-0.001373,"(0.000025, -0.000002, 0.002194)",LeftFalse_RightFalse,False,"(37.39499282836914, -0.003921627998352051, 0.7092443108558655)","(0.0006989045068621635, 98.73249053955078, -6.164377168715873e-07)",-0.365488,1.0,"(0.000000, 0.000000, 0.000000)",LeftFalse_RightFalse
47.967529,0.062463,"(-1.3439712524414062, 0.7960822582244873, -33.92129135131836)","(351.5879211425781, 274.6179504394531, 0.6856006383895874)","(0.5394517183303833, 0.6852471232414246, -33.31258773803711)","(0.0006287869182415307, 193.2158660888672, 0.00013950596621725708)","(-1.7319504022598267, -0.003921678755432367, -33.008888244628906)","(0.0006440767319872975, 180.6855010986328, -2.3671222493248933e-07)",0.0,-0.001373,"(-0.000003, 0.000000, -0.000246)",LeftFalse_RightFalse,False,"(37.39499282836914, -0.003921627998352051, 0.7092443108558655)","(0.0006989580579102039, 98.73249053955078, -4.3842922536896367e-07)",-0.365488,1.0,"(0.000000, 0.000000, 0.000000)",LeftFalse_RightFalse
48.029053,0.062266,"(-1.3440033197402954, 0.7960809469223022, -33.921287536621094)","(351.58782958984375, 274.61993408203125, 0.6856852173805237)","(0.5394411087036133, 0.6852467060089111, -33.31264877319336)","(0.0007107380661182106, 193.21788024902344, 0.00015927001368254423)","(-1.731950283050537, -0.00392163498327136, -33.00886917114258)","(0.0007283639279194176, 180.6875, 1.2766945474140812e-06)",0.0,-0.001373,"(-0.000014, 0.000002, -0.001159)",LeftFalse_RightFalse,False,"(37.39499282836914, -0.003921627998352051, 0.7092443108558655)","(0.0006988319801166654, 98.73249053955078, -6.853534841866349e-07)",-0.365488,1.0,"(0.000000, 0.000000, 0.000000)",LeftFalse_RightFalse
48.092896,0.06259,"(-1.3440423011779785, 0.7960816025733948, -33.921329498291016)","(351.5878601074219, 274.62237548828125, 0.6856415867805481)","(0.539427638053894, 0.6852468848228455, -33.31277084350586)","(0.000668504333589226, 193.22032165527344, 0.0001499495265306905)","(-1.7319506406784058, -0.003921694587916136, -33.00889587402344)","(0.0006851141224615276, 180.68994140625, 1.3410859764917404e-06)",0.0,-0.001373,"(-0.000002, 0.000000, 0.000075)",LeftFalse_RightFalse,False,"(37.39499282836914, -0.003921627998352051, 0.7092443108558655)","(0.0006989684188738465, 98.73249053955078, -3.086227025050903e-07)",-0.365488,1.0,"(0.000000, 0.000000, 0.000000)",LeftFalse_RightFalse
48.155273,0.062544,"(-1.3440508842468262, 0.7960812449455261, -33.92134475708008)","(351.58416748046875, 274.6228942871094, 0.6924086213111877)","(0.5394245386123657, 0.6852468252182007, -33.31280517578125)","(0.0006956933066248894, 193.22084045410156, 0.00015493390674237162)","(-1.7319508790969849, -0.003921627998352051, -33.008907318115234)","(0.0007127366261556745, 180.69046020507812, 3.079240684655815e-07)",0.0,-0.001373,"(0.000000, -0.000001, -0.000022)",LeftFalse_RightFalse,False,"(37.39499282836914, -0.003921627998352051, 0.7092443108558655)","(0.0006988968816585839, 98.73249053955078, -4.841820100409677e-07)",-0.365488,1.0,"(0.000000, 0.000000, 0.000000)",LeftFalse_RightFalse
48.219238,0.062837,"(-1.3440728187561035, 0.7960811853408813, -33.92136001586914)","(351.5931701660156, 274.624267578125, 0.6950172781944275)","(0.5394171476364136, 0.6852468252182007, -33.312862396240234)","(0.0007016408490017056, 193.22218322753906, 0.00015694265312049538)","(-1.731951117515564, -0.00392156932502985, -33.0089111328125)","(0.0007189783500507474, 180.6918182373047, 9.78474531621032e-07)",0.0,-0.001373,"(-0.000015, 0.000002, -0.001353)",LeftFalse_RightFalse,False,"(37.39499282836914, -0.003921627998352051, 0.7092443108558655)","(0.0006989813991822302, 98.73249053955078, -2.8991513545406633e-07)",-0.365487,1.0,"(0.000000, 0.000000, 0.000000)",LeftFalse_RightFalse
48.283203,0.063044,"(-1.3440757989883423, 0.7960838675498962, -33.92142105102539)","(351.596435546875, 274.6244201660156, 0.6957705020904541)","(0.5394152402877808, 0.6852476000785828, -33.312931060791016)","(0.0005261155311018229, 193.2223358154297, 0.00011590848589548841)","(-1.7319518327713013, -0.0039217351004481316, -33.008975982666016)","(0.0005387311684899032, 180.69195556640625, -9.96840640254959e-07)",0.0,-0.001373,"(-0.000002, -0.000003, -0.000321)",LeftFalse_RightFalse,False,"(37.39499282836914, -0.003921627998352051, 0.7092443704605103)","(0.0006989652174524963, 98.73249053955078, -3.7722580259469396e-07)",-0.365488,1.0,"(0.000000, -0.000001, 0.000000)",LeftFalse_RightFalse
48.346436,0.063081,"(-1.3441100120544434, 0.7960798740386963, -33.92141342163086)","(351.5887451171875, 274.62652587890625, 0.6963682174682617)","(0.539404034614563, 0.6852464079856873, -33.312992095947266)","(0.0007796085556037724, 193.22450256347656, 0.0001738530700094998)","(-1.7319515943527222, -0.003921621013432741, -33.008949279785156)","(0.0007987577118910849, 180.69412231445312, 5.704956151930674e-07)",0.0,-0.001373,"(0.000011, 0.000002, 0.001096)",LeftFalse_RightFalse,False,"(37.39499282836914, -0.003921627998352051, 0.7092443108558655)","(0.0006989573012106121, 98.73249053955078, -4.4978926894145843e-07)",-0.365488,1.0,"(0.000000, -0.000001, 0.000000)",LeftFalse_RightFalse
48.408813,0.062945,"(-1.3441311120986938, 0.7960819602012634, -33.92144775390625)","(351.5849609375, 274.62786865234375, 0.6963585615158081)","(0.5393970012664795, 0.6852470636367798, -33.31306838989258)","(0.0006526124780066311, 193.22579956054688, 0.00014599737187381834)","(-1.7319519519805908, -0.003921559080481529, -33.008975982666016)","(0.0006687430432066321, 180.6954345703125, 9.309657684752892e-07)",0.0,-0.001373,"(-0.000026, 0.000000, -0.002265)",LeftFalse_RightFalse,False,"(37.39499282836914, -0.003921627998352051, 0.7092443108558655)","(0.000699047464877367, 98.73249053955078, -2.639642673329945e-07)",-0.365488,1.0,"(0.000000, 0.000000, 0.000000)",LeftFalse_RightFalse
48.472656,0.063142,"(-1.3441166877746582, 0.7960814237594604, -33.921443939208984)","(351.5834655761719, 274.626953125, 0.6964424252510071)","(0.5394017696380615, 0.6852469444274902, -33.31303405761719)","(0.0006889356300234795, 193.2248992919922, 0.00015288873692043126)","(-1.7319519519805908, -0.003921538591384888, -33.008975982666016)","(0.000705696118529886, 180.6945343017578, -2.2238927499529382e-07)",0.0,-0.001373,"(0.000001, 0.000000, -0.000088)",LeftFalse_RightFalse,False,"(37.39499282836914, -0.003921627998352051, 0.7092443108558655)","(0.000699009804520756, 98.73249053955078, -3.9166033616311324e-07)",-0.365488,1.0,"(0.000000, 0.000000, 0.000000)",LeftFalse_RightFalse
48.536743,0.063331,"(-1.3441356420516968, 0.7960792183876038, -33.92142105102539)","(351.5910949707031, 274.6281433105469, 0.6965956687927246)","(0.5393964052200317, 0.6852461695671082, -33.313053131103516)","(0.0008202047320082784, 193.22610473632812, 0.00018347808509133756)","(-1.7319515943527222, -0.003921653144061565, -33.00894546508789)","(0.0008404753752984107, 180.69573974609375, 1.1586121217987966e-06)",0.0,-0.001373,"(-0.000004, 0.000003, -0.000368)",LeftFalse_RightFalse,False,"(37.394989013671875, -0.003921627998352051, 0.7092442512512207)","(0.0006990944966673851, 98.73249053955078, -1.8024921644155256e-07)",-0.365488,1.0,"(0.000000, -0.000001, 0.000000)",LeftFalse_RightFalse
48.602417,0.063801,"(-1.344146966934204, 0.796083390712738, -33.92148208618164)","(351.59503173828125, 274.6288757324219, 0.6963352560997009)","(0.5393919944763184, 0.6852474808692932, -33.313133239746094)","(0.0005629142397083342, 193.22679138183594, 0.00012501660967245698)","(-1.73195219039917, -0.0039216093719005585, -33.009002685546875)","(0.0005766295944340527, 180.6964111328125, -8.940278206637231e-08)",0.0,-0.001373,"(-0.000024, -0.000001, -0.002094)",LeftFalse_RightFalse,False,"(37.39499282836914, -0.003921627998352051, 0.7092443108558655)","(0.0006989946705289185, 98.73249053955078, -4.303000480376795e-07)",-0.365488,1.0,"(0.000000, 0.000000, 0.000000)",LeftFalse_RightFalse
48.666626,0.063869,"(-1.3441581726074219, 0.7960829734802246, -33.92151641845703)","(351.5895690917969, 274.6295471191406, 0.6891854405403137)","(0.5393873453140259, 0.6852473020553589, -33.31319046020508)","(0.0005792761803604662, 193.2274627685547, 0.00012865752796642482)","(-1.7319525480270386, -0.003921717405319214, -33.009033203125)","(0.000593391596339643, 180.6970977783203, -8.503978676799306e-08)",0.0,-0.001373,"(-0.000003, -0.000001, -0.000336)",LeftFalse_RightFalse,False,"(37.39499282836914, -0.003921627998352051, 0.7092443108558655)","(0.0006990256952121854, 98.73249053955078, -3.1771594422025373e-07)",-0.365488,1.0,"(0.000000, 0.000000, 0.000000)",LeftFalse_RightFalse
48.731079,0.063994,"(-1.3441407680511475, 0.7960770726203918, -33.92143249511719)","(351.58758544921875, 274.62847900390625, 0.6869863867759705)","(0.5393943786621094, 0.6852455735206604, -33.31307601928711)","(0.0009505870402790606, 193.2264404296875, 0.00021166441729292274)","(-1.7319514751434326, -0.003921640571206808, -33.00895309448242)","(0.0009738672524690628, 180.69606018066406, 3.8620660802735074e-07)",0.0,-0.001373,"(0.000009, 0.000005, 0.000864)",LeftFalse_RightFalse,False,"(37.39499282836914, -0.003921627998352051, 0.7092443704605103)","(0.0006990294205024838, 98.73249053955078, -2.8228100745764095e-07)",-0.365488,1.0,"(0.000000, 0.000000, 0.000000)",LeftFalse_RightFalse
48.798462,0.064673,"(-1.3441153764724731, 0.796079695224762, -33.92143249511719)","(351.58685302734375, 274.6268615722656, 0.6858755946159363)","(0.5394024848937988, 0.6852465271949768, -33.313018798828125)","(0.0008031653705984354, 193.22482299804688, 0.00017855933401733637)","(-1.7319517135620117, -0.00392139470204711, -33.00896453857422)","(0.000822774542029947, 180.6944580078125, 5.381763301670617e-08)",0.0,-0.001373,"(0.000024, -0.000001, 0.002185)",LeftFalse_RightFalse,False,"(37.39499282836914, -0.003921627998352051, 0.7092443108558655)","(0.0006990064866840839, 98.73249053955078, -3.323589226056356e-07)",-0.365488,1.0,"(0.000000, 0.000000, 0.000000)",LeftFalse_RightFalse
48.860962,0.064239,"(-1.3441177606582642, 0.7960789203643799, -33.92138671875)","(351.5866394042969, 274.6270751953125, 0.6856347918510437)","(0.5394021272659302, 0.6852462887763977, -33.312984466552734)","(0.0008515262743458152, 193.2250213623047, 0.0001886342652142048)","(-1.731951117515564, -0.003921403083950281, -33.00891876220703)","(0.0008721693302504718, 180.69464111328125, -6.034520652065112e-07)",0.0,-0.001373,"(-0.000013, 0.000001, -0.001173)",LeftFalse_RightFalse,False,"(37.39499282836914, -0.003921627998352051, 0.7092443108558655)","(0.0006989608518779278, 98.73249053955078, -4.3853344777744496e-07)",-0.365488,1.0,"(0.000000, 0.000000, 0.000000)",LeftFalse_RightFalse
48.923218,0.063838,"(-1.3441098928451538, 0.7960841655731201, -33.921443939208984)","(351.5865783691406, 274.6265869140625, 0.6851811408996582)","(0.5394043922424316, 0.6852477788925171, -33.31302261352539)","(0.0005166525370441377, 193.22447204589844, 0.00011420659575378522)","(-1.7319519519805908, -0.003921539057046175, -33.00898361206055)","(0.0005291244597174227, 180.69410705566406, -6.051378704796662e-07)",0.0,-0.001373,"(0.000002, -0.000004, 0.000227)",LeftFalse_RightFalse,False,"(37.39499282836914, -0.003921627998352051, 0.7092443108558655)","(0.0006989084649831057, 98.73249053955078, -5.527590474230237e-07)",-0.365488,1.0,"(0.000000, 0.000000, 0.000000)",LeftFalse_RightFalse
48.987793,0.063992,"(-1.3440885543823242, 0.7960823774337769, -33.921443939208984)","(351.5935974121094, 274.62518310546875, 0.685235321521759)","(0.539411187171936, 0.685247004032135, -33.3129768371582)","(0.0006093864794820547, 193.22311401367188, 0.0001348138030152768)","(-1.7319520711898804, -0.003921844530850649, -33.00899124145508)","(0.000624120410066098, 180.6927490234375, -6.080471166569623e-07)",0.0,-0.001373,"(-0.000001, -0.000001, -0.000008)",LeftFalse_RightFalse,False,"(37.39499282836914, -0.003921627998352051, 0.7092443108558655)","(0.0006988680106587708, 98.73249053955078, -6.153954927867744e-07)",-0.365488,1.0,"(0.000000, -0.000001, 0.000000)",LeftFalse_RightFalse
49.050171,0.063669,"(-1.3440806865692139, 0.7960806488990784, -33.92143249511719)","(351.5869445800781, 274.62469482421875, 0.6853342652320862)","(0.5394141674041748, 0.6852465271949768, -33.31294631958008)","(0.000719988311175257, 193.22264099121094, 0.0001599698152858764)","(-1.7319519519805908, -0.003921814262866974, -33.00897979736328)","(0.0007375457207672298, 180.6922607421875, -4.70945948904955e-08)",0.0,-0.001373,"(-0.000005, 0.000002, -0.000423)",LeftFalse_RightFalse,False,"(37.39499282836914, -0.003921627998352051, 0.7092443108558655)","(0.000698853109497577, 98.73249053955078, -5.893404022572213e-07)",-0.365488,1.0,"(0.000000, -0.000001, 0.000000)",LeftFalse_RightFalse
49.113892,0.063679,"(-1.344059705734253, 0.7960817813873291, -33.92143249511719)","(351.5941162109375, 274.6153869628906, 0.6852667331695557)","(0.5394209623336792, 0.685247004032135, -33.312904357910156)","(0.0006599039188586175, 193.2213134765625, 0.00014610710786655545)","(-1.7319520711898804, -0.0039216298609972, -33.00899124145508)","(0.0006758847739547491, 180.69093322753906, -5.438607786345528e-07)",0.0,-0.001373,"(0.000005, 0.000000, 0.000586)",LeftFalse_RightFalse,False,"(37.39499282836914, -0.003921627998352051, 0.7092443108558655)","(0.0006988677196204662, 98.73249053955078, -4.932231263410358e-07)",-0.365488,1.0,"(0.000000, -0.000001, 0.000000)",LeftFalse_RightFalse
49.177124,0.063572,"(-1.3440347909927368, 0.7960816025733948, -33.92140197753906)","(351.5894775390625, 274.61737060546875, 0.6852821707725525)","(0.5394290685653687, 0.6852470636367798, -33.31282424926758)","(0.0006776414811611176, 193.21975708007812, 0.0001485917455283925)","(-1.7319518327713013, -0.0039215413853526115, -33.00897216796875)","(0.000693738809786737, 180.68939208984375, -1.9666802018036833e-06)",0.0,-0.001373,"(-0.000006, 0.000000, -0.000524)",LeftFalse_RightFalse,False,"(37.39499282836914, -0.003921627998352051, 0.7092443108558655)","(0.0006988997338339686, 98.73249053955078, -3.9335390056294273e-07)",-0.365488,1.0,"(0.000000, -0.000001, 0.000000)",LeftFalse_RightFalse
49.241821,0.063803,"(-1.3440258502960205, 0.7960827350616455, -33.921417236328125)","(351.5947265625, 274.6181640625, 0.6852001547813416)","(0.5394320487976074, 0.6852473020553589, -33.31282043457031)","(0.0005998265114612877, 193.21917724609375, 0.0001316947746090591)","(-1.73195219039917, -0.003921687602996826, -33.00899124145508)","(0.0006141114863567054, 180.6887969970703, -1.5787034044478787e-06)",0.0,-0.001373,"(0.000002, -0.000001, 0.000141)",LeftFalse_RightFalse,False,"(37.39499282836914, -0.003921627998352051, 0.7092443108558655)","(0.0006989361718297005, 98.73249053955078, -3.2342200029233936e-07)",-0.365488,1.0,"(0.000000, -0.000001, 0.000000)",LeftFalse_RightFalse
49.304077,0.063508,"(-1.3440065383911133, 0.7960831522941589, -33.92143249511719)","(351.5902099609375, 274.6174011230469, 0.6851734519004822)","(0.5394389629364014, 0.685247540473938, -33.31279373168945)","(0.000572922988794744, 193.2179718017578, 0.00012438002158887684)","(-1.73195219039917, -0.003921687602996826, -33.00901412963867)","(0.0005862617981620133, 180.68759155273438, -2.882298758777324e-06)",0.0,-0.001373,"(0.000007, -0.000001, 0.000416)",LeftFalse_RightFalse,False,"(37.394989013671875, -0.003921627998352051, 0.7092442512512207)","(0.0006989578250795603, 98.73249053955078, -3.245163213705382e-07)",-0.365488,1.0,"(0.000000, -0.000001, 0.000000)",LeftFalse_RightFalse
49.369751,0.063939,"(-1.3439961671829224, 0.7960825562477112, -33.92144012451172)","(351.5884094238281, 274.6169128417969, 0.6852121353149414)","(0.5394419431686401, 0.6852472424507141, -33.312782287597656)","(0.0006097014993429184, 193.21730041503906, 0.0001337802386842668)","(-1.7319523096084595, -0.003921689931303263, -33.00902557373047)","(0.0006242036470212042, 180.6869354248047, -1.685322672528855e-06)",0.0,-0.001373,"(-0.000019, 0.000002, -0.001843)",LeftFalse_RightFalse,False,"(37.39499282836914, -0.003921627998352051, 0.7092443108558655)","(0.0006989638204686344, 98.73249053955078, -4.0098805698107753e-07)",-0.365488,1.0,"(0.000000, -0.000001, 0.000000)",LeftFalse_RightFalse
49.43396,0.063983,"(-1.3439924716949463, 0.7960819005966187, -33.92143249511719)","(351.5877990722656, 274.61676025390625, 0.6852624416351318)","(0.5394431352615356, 0.6852471232414246, -33.312767028808594)","(0.0006581541383638978, 193.2170867919922, 0.00014524410653393716)","(-1.7319520711898804, -0.003921540454030037, -33.00901794433594)","(0.000673989299684763, 180.68670654296875, -1.006659317681624e-06)",0.0,-0.001373,"(-0.000019, 0.000001, -0.001891)",LeftFalse_RightFalse,False,"(37.39499282836914, -0.003921627998352051, 0.7092443108558655)","(0.0006989588146097958, 98.73249053955078, -5.137806056154659e-07)",-0.365488,1.0,"(0.000000, -0.000001, 0.000000)",LeftFalse_RightFalse
49.498901,0.064174,"(-1.3440089225769043, 0.7960820198059082, -33.92144775390625)","(351.58758544921875, 274.6177978515625, 0.6852467656135559)","(0.5394372940063477, 0.6852470636367798, -33.31281661987305)","(0.0006445784820243716, 193.21810913085938, 0.00014321977505460382)","(-1.73195219039917, -0.0039216578006744385, -33.009029388427734)","(0.0006602979847230017, 180.687744140625, -3.747578958268605e-08)",0.0,-0.001373,"(-0.000025, 0.000000, -0.002251)",LeftFalse_RightFalse,False,"(37.394989013671875, -0.003921627998352051, 0.7092443108558655)","(0.0006989426910877228, 98.73249053955078, -6.151870479698118e-07)",-0.365488,1.0,"(0.000000, -0.000001, 0.000000)",LeftFalse_RightFalse
49.563354,0.064219,"(-1.3439931869506836, 0.7960819005966187, -33.92146301269531)","(351.58746337890625, 274.6168212890625, 0.6852440237998962)","(0.5394432544708252, 0.6852469444274902, -33.31279754638672)","(0.0006416845717467368, 193.2171173095703, 0.0001423253706889227)","(-1.731952428817749, -0.003921800293028355, -33.00904846191406)","(0.0006572789861820638, 180.68673706054688, -2.827080436418328e-07)",0.0,-0.001373,"(-0.000004, 0.000003, -0.000431)",LeftFalse_RightFalse,False,"(37.394989013671875, -0.003921640105545521, 0.7092442512512207)","(0.0006989272078499198, 98.73249053955078, -6.484333994194458e-07)",-0.365488,1.0,"(0.000000, -0.000001, 0.000000)",LeftFalse_RightFalse
49.626465,0.064,"(-1.3439624309539795, 0.7960830330848694, -33.921485900878906)","(351.5881042480469, 274.6148681640625, 0.6851815581321716)","(0.5394527912139893, 0.6852474212646484, -33.3127555847168)","(0.0005813403404317796, 193.2151641845703, 0.00012727173452731222)","(-1.7319526672363281, -0.00392167828977108, -33.00908660888672)","(0.0005951059865765274, 180.68478393554688, -1.8856662791222334e-06)",0.0,-0.001373,"(-0.000023, 0.000001, -0.002206)",LeftFalse_RightFalse,False,"(37.39499282836914, -0.0039216578006744385, 0.7092443108558655)","(0.0006982365739531815, 98.73249053955078, -1.295876700169174e-06)",-0.365487,1.0,"(0.000000, 0.000000, 0.000000)",LeftFalse_RightFalse
49.687744,0.06347,"(-1.343973159790039, 0.7960818409919739, -33.9215087890625)","(351.58831787109375, 274.61553955078125, 0.6852479577064514)","(0.5394494533538818, 0.685247004032135, -33.312801361083984)","(0.0006451974622905254, 193.2158203125, 0.00014218596334103495)","(-1.7319529056549072, -0.003921814262866974, -33.00910568237305)","(0.0006606779643334448, 180.68544006347656, -1.1809519264716073e-06)",0.0,-0.001373,"(0.000021, -0.000001, 0.001938)",LeftFalse_RightFalse,False,"(37.39499282836914, -0.0039216578006744385, 0.7092443108558655)","(0.0006981251644901931, 98.73249053955078, -1.531284510747355e-06)",-0.365488,1.0,"(0.000000, 0.000000, 0.000000)",LeftFalse_RightFalse
49.752441,0.063716,"(-1.3439576625823975, 0.7960802912712097, -33.92148971557617)","(351.58837890625, 274.61456298828125, 0.6853584051132202)","(0.5394548177719116, 0.6852466464042664, -33.31275177001953)","(0.0007520460640080273, 193.21487426757812, 0.00016593275358900428)","(-1.7319525480270386, -0.003921602386981249, -33.009090423583984)","(0.0007701336871832609, 180.6844940185547, -1.1813525588877383e-06)",0.0,-0.001373,"(0.000001, 0.000001, 0.000017)",LeftFalse_RightFalse,False,"(37.394989013671875, -0.0039216578006744385, 0.7092442512512207)","(0.0006981099140830338, 98.73249053955078, -1.532587248220807e-06)",-0.365487,1.0,"(0.000000, 0.000000, 0.000000)",LeftFalse_RightFalse
49.814819,0.063437,"(-1.343977928161621, 0.7960801720619202, -33.92150115966797)","(351.5947570800781, 274.6158142089844, 0.6853692531585693)","(0.5394480228424072, 0.6852465271949768, -33.31280517578125)","(0.0007618588279001415, 193.21615600585938, 0.0001700685388641432)","(-1.7319526672363281, -0.003921655938029289, -33.00909423828125)","(0.0007806099019944668, 180.68577575683594, 7.270036803674884e-07)",0.0,-0.001373,"(0.000000, -0.000001, 0.000016)",LeftFalse_RightFalse,False,"(37.39499282836914, -0.0039216578006744385, 0.7092443108558655)","(0.0006980402395129204, 98.73249053955078, -1.6548899566259934e-06)",-0.365487,1.0,"(0.000000, 0.000000, 0.000000)",LeftFalse_RightFalse
49.87915,0.063629,"(-1.3439571857452393, 0.7960802912712097, -33.9214973449707)","(351.5980529785156, 274.6145324707031, 0.6853620409965515)","(0.5394549369812012, 0.6852466464042664, -33.31275939941406)","(0.0007553206523880363, 193.21484375, 0.00016690600023139268)","(-1.7319526672363281, -0.00392157444730401, -33.009098052978516)","(0.000773541396483779, 180.68447875976562, -9.417286719326512e-07)",0.0,-0.001373,"(-0.000006, 0.000001, -0.000701)",LeftFalse_RightFalse,False,"(37.39499282836914, -0.0039216578006744385, 0.7092443108558655)","(0.0006981022306717932, 98.73249053955078, -1.46966419833916e-06)",-0.365488,1.0,"(0.000000, 0.000000, 0.000000)",LeftFalse_RightFalse
49.94104,0.063268,"(-1.3439825773239136, 0.7960821390151978, -33.921539306640625)","(351.59210205078125, 274.6160888671875, 0.6852474212646484)","(0.5394458770751953, 0.6852471828460693, -33.31285095214844)","(0.0006437798729166389, 193.21640014648438, 0.0001431040873285383)","(-1.7319531440734863, -0.0039215655997395515, -33.009132385253906)","(0.0006594933802261949, 180.68603515625, 2.2868643867468563e-08)",0.0,-0.001373,"(-0.000022, -0.000003, -0.001792)",LeftFalse_RightFalse,False,"(37.39499282836914, -0.0039216578006744385, 0.7092443108558655)","(0.0006980880280025303, 98.73249053955078, -1.4662770126960822e-06)",-0.365488,1.0,"(0.000000, 0.000001, 0.000000)",LeftFalse_RightFalse
50.005127,0.063427,"(-1.343972086906433, 0.7960800528526306, -33.921539306640625)","(351.5897521972656, 274.61541748046875, 0.6853610873222351)","(0.5394496917724609, 0.6852463483810425, -33.312828063964844)","(0.0007550758891738951, 193.2157440185547, 0.0001684660674072802)","(-1.7319531440734863, -0.00392179237678647, -33.009132385253906)","(0.0007736408151686192, 180.6853790283203, 6.342792744362669e-07)",0.0,-0.001373,"(0.000018, 0.000000, 0.001676)",LeftFalse_RightFalse,False,"(37.394996643066406, -0.0039216578006744385, 0.7092443704605103)","(0.0006981874466873705, 98.73249053955078, -1.235793547493813e-06)",-0.365488,1.0,"(0.000000, 0.000001, 0.000000)",LeftFalse_RightFalse
50.068604,0.063439,"(-1.3439851999282837, 0.7960830330848694, -33.92157745361328)","(351.5889587402344, 274.6162414550781, 0.6851881742477417)","(0.5394449234008789, 0.6852474212646484, -33.312896728515625)","(0.0005866506253369153, 193.21653747558594, 0.00012996922305319458)","(-1.7319536209106445, -0.003921548370271921, -33.00917053222656)","(0.0006008751806803048, 180.68617248535156, -4.0456285432810546e-07)",0.0,-0.001373,"(-0.000011, 0.000001, -0.000972)",LeftFalse_RightFalse,False,"(37.39499282836914, -0.003921627998352051, 0.7092443108558655)","(0.0006986440857872367, 98.73249053955078, -8.68312383772718e-07)",-0.365488,1.0,"(0.000000, 0.000000, 0.000000)",LeftFalse_RightFalse
50.132324,0.0635,"(-1.3440146446228027, 0.7960805296897888, -33.92157745361328)","(351.588623046875, 274.6180725097656, 0.6853376626968384)","(0.5394346714019775, 0.6852465271949768, -33.31295394897461)","(0.0007312483503483236, 193.21839904785156, 0.0001628838072065264)","(-1.7319533824920654, -0.00392173882573843, -33.0091552734375)","(0.0007491694996133447, 180.68801879882812, 3.5457659919302387e-07)",0.0,-0.001373,"(0.000012, -0.000001, 0.001232)",LeftFalse_RightFalse,False,"(37.39499282836914, -0.003921627998352051, 0.7092442512512207)","(0.00069901515962556, 98.73249053955078, -5.183923690310621e-07)",-0.365487,1.0,"(0.000000, 0.000000, 0.000000)",LeftFalse_RightFalse
50.195923,0.063511,"(-1.344022274017334, 0.7960809469223022, -33.921573638916016)","(351.5885009765625, 274.6185607910156, 0.6853163242340088)","(0.5394322872161865, 0.6852467656135559, -33.312965393066406)","(0.0007112894672900438, 193.21888732910156, 0.00015780488320160657)","(-1.7319533824920654, -0.003921654541045427, -33.00914764404297)","(0.0007285840692929924, 180.68850708007812, -2.7314661110722227e-07)",0.0,-0.001373,"(-0.000009, 0.000001, -0.000766)",LeftFalse_RightFalse,False,"(37.39499282836914, -0.003921627998352051, 0.7092442512512207)","(0.0006990738911554217, 98.73249053955078, -5.37230221198115e-07)",-0.365488,1.0,"(0.000000, 0.000000, 0.000000)",LeftFalse_RightFalse
50.262207,0.06407,"(-1.3440207242965698, 0.7960785031318665, -33.921546936035156)","(351.5884704589844, 274.61846923828125, 0.6854687333106995)","(0.5394330024719238, 0.685245931148529, -33.31293869018555)","(0.0008586810436099768, 193.21878051757812, 0.00019195741333533078)","(-1.7319531440734863, -0.003921677358448505, -33.00912094116211)","(0.0008798749186098576, 180.68841552734375, 1.0882247352128616e-06)",0.0,-0.001373,"(0.000007, 0.000002, 0.000509)",LeftFalse_RightFalse,False,"(37.39499282836914, -0.003921627998352051, 0.7092443108558655)","(0.0006990146939642727, 98.73249053955078, -7.493447924389329e-07)",-0.365488,1.0,"(0.000000, 0.000001, 0.000000)",LeftFalse_RightFalse
50.323242,0.063463,"(-1.3440439701080322, 0.7960781455039978, -33.92152786254883)","(351.58575439453125, 274.61993408203125, 0.6854968667030334)","(0.5394256114959717, 0.6852458715438843, -33.312965393066406)","(0.0008866810239851475, 193.22027587890625, 0.00019898269965779036)","(-1.7319529056549072, -0.003921568393707275, -33.009090423583984)","(0.0009087321814149618, 180.6898956298828, 1.871379595286271e-06)",0.0,-0.001373,"(-0.000014, 0.000002, -0.001234)",LeftFalse_RightFalse,False,"(37.394989013671875, -0.003921627998352051, 0.7092442512512207)","(0.0006989493267610669, 98.73249053955078, -8.544250249542529e-07)",-0.365488,1.0,"(0.000000, 0.000001, 0.000000)",LeftFalse_RightFalse
50.385864,0.063313,"(-1.3440537452697754, 0.7960780262947083, -33.92148971557617)","(351.5941467285156, 274.6293029785156, 0.6855186820030212)","(0.5394226312637329, 0.6852459907531738, -33.312950134277344)","(0.0009063805919140577, 193.22091674804688, 0.00020281334582250565)","(-1.7319523096084595, -0.0039214035496115685, -33.00904846191406)","(0.0009287935099564493, 180.69053649902344, 1.3368277222980396e-06)",0.0,-0.001373,"(0.000003, 0.000001, 0.000261)",LeftFalse_RightFalse,False,"(37.39499282836914, -0.003921627998352051, 0.7092443108558655)","(0.0006989422254264355, 98.73249053955078, -7.416325047415739e-07)",-0.365488,1.0,"(0.000000, 0.000000, 0.000000)",LeftFalse_RightFalse
50.451416,0.063747,"(-1.3440816402435303, 0.7960813641548157, -33.9215202331543)","(351.5888366699219, 274.6273193359375, 0.6853027939796448)","(0.5394130945205688, 0.685247004032135, -33.31303405761719)","(0.0006980336620472372, 193.22265625, 0.00015518939471803606)","(-1.7319525480270386, -0.003921454772353172, -33.00906753540039)","(0.0007150766905397177, 180.69227600097656, 4.9591005080174e-08)",0.0,-0.001373,"(0.000009, -0.000003, 0.000826)",LeftFalse_RightFalse,False,"(37.39499282836914, -0.003921627998352051, 0.7092443108558655)","(0.0006988628301769495, 98.73249053955078, -7.571613309664826e-07)",-0.365488,1.0,"(0.000000, 0.000001, 0.000000)",LeftFalse_RightFalse
50.515015,0.063722,"(-1.3440881967544556, 0.7960827350616455, -33.92153549194336)","(351.5870361328125, 274.6264953613281, 0.6852045059204102)","(0.5394109487533569, 0.6852473020553589, -33.31306457519531)","(0.0006030574440956116, 193.2230682373047, 0.00013437305460684001)","(-1.7319527864456177, -0.003921657335013151, -33.00908279418945)","(0.0006178464973345399, 180.69268798828125, 3.348228858612856e-07)",0.0,-0.001373,"(0.000000, -0.000003, 0.000145)",LeftFalse_RightFalse,False,"(37.39499282836914, -0.003921627998352051, 0.7092443108558655)","(0.0006988648674450815, 98.73249053955078, -5.671414555763477e-07)",-0.365488,1.0,"(0.000000, 0.000000, 0.000000)",LeftFalse_RightFalse
50.576172,0.063206,"(-1.3440980911254883, 0.7960836887359619, -33.92156219482422)","(351.58612060546875, 274.6266784667969, 0.6851392984390259)","(0.5394072532653809, 0.685247540473938, -33.3131103515625)","(0.0005406531854532659, 193.22366333007812, 0.00011992373765679076)","(-1.7319529056549072, -0.003921668976545334, -33.00910568237305)","(0.0005537937977351248, 180.6932830810547, -2.3127141446366295e-07)",0.0,-0.001373,"(-0.000002, -0.000003, -0.000125)",LeftFalse_RightFalse,False,"(37.39499282836914, -0.003921627998352051, 0.7092443108558655)","(0.00069870037259534, 98.73249053955078, -8.181563089237898e-07)",-0.365488,1.0,"(0.000000, 0.000000, 0.000000)",LeftFalse_RightFalse
50.640381,0.063417,"(-1.3441267013549805, 0.7960854768753052, -33.92162322998047)","(351.59375, 274.6282653808594, 0.6850200891494751)","(0.5393975973129272, 0.6852480173110962, -33.313228607177734)","(0.00042368422145955265, 193.2254180908203, 9.480159496888518e-05)","(-1.731953740119934, -0.003921806812286377, -33.0091552734375)","(0.0004341604362707585, 180.69505310058594, 6.222218758011877e-07)",0.0,-0.001373,"(0.000005, -0.000001, 0.000347)",LeftFalse_RightFalse,False,"(37.39499282836914, -0.003921627998352051, 0.7092443108558655)","(0.000698814052157104, 98.73249053955078, -3.776426922286191e-07)",-0.365488,1.0,"(0.000000, 0.000000, 0.000000)",LeftFalse_RightFalse
50.704468,0.063553,"(-1.3441365957260132, 0.7960849404335022, -33.921653747558594)","(351.5966796875, 274.6287841796875, 0.6850528120994568)","(0.5393943786621094, 0.6852478384971619, -33.31328201293945)","(0.00045586953638121486, 193.22601318359375, 0.00010074558667838573)","(-1.7319540977478027, -0.003921792842447758, -33.00918197631836)","(0.00046686880523338914, 180.69564819335938, -5.582079438681831e-07)",0.0,-0.001373,"(-0.000006, -0.000001, -0.000664)",LeftFalse_RightFalse,False,"(37.39499282836914, -0.003921627998352051, 0.7092443108558655)","(0.00069874880136922, 98.73249053955078, -4.27746641662452e-07)",-0.365488,1.0,"(0.000000, 0.000000, 0.000000)",LeftFalse_RightFalse
50.768311,0.063595,"(-1.3441442251205444, 0.7960819005966187, -33.921653747558594)","(351.5919189453125, 274.62921142578125, 0.6852413415908813)","(0.5393916368484497, 0.6852468848228455, -33.313297271728516)","(0.0006380595732480288, 193.22650146484375, 0.00014132136129774153)","(-1.7319539785385132, -0.003921856172382832, -33.009178161621094)","(0.0006535224383696914, 180.6961212158203, -4.763316212574864e-07)",0.0,-0.001373,"(0.000018, 0.000001, 0.001646)",LeftFalse_RightFalse,False,"(37.39499282836914, -0.003921627998352051, 0.7092443108558655)","(0.0006987058441154659, 98.73249053955078, -4.899401915281487e-07)",-0.365488,1.0,"(0.000000, 0.000000, 0.000000)",LeftFalse_RightFalse
50.832275,0.063686,"(-1.3441212177276611, 0.7960805892944336, -33.92163848876953)","(351.5901794433594, 274.62774658203125, 0.6853366494178772)","(0.5393995046615601, 0.6852465867996216, -33.313236236572266)","(0.0007305126637220383, 193.2250518798828, 0.00016242956917267293)","(-1.7319539785385132, -0.003921713214367628, -33.00917053222656)","(0.0007483529625460505, 180.69467163085938, 7.07396026200513e-08)",0.0,-0.001373,"(-0.000003, 0.000002, -0.000244)",LeftFalse_RightFalse,False,"(37.39499282836914, -0.003921627998352051, 0.7092443108558655)","(0.0006987779051996768, 98.73249053955078, -3.382994862022315e-07)",-0.365488,1.0,"(0.000000, 0.000000, 0.000000)",LeftFalse_RightFalse
50.897583,0.064004,"(-1.3441572189331055, 0.7960823178291321, -33.92168426513672)","(351.5895690917969, 274.6300048828125, 0.6852319836616516)","(0.5393874645233154, 0.6852471828460693, -33.3133544921875)","(0.0006289345910772681, 193.227294921875, 0.00013917937758378685)","(-1.7319543361663818, -0.003921628929674625, -33.00920104980469)","(0.0006441500154323876, 180.69692993164062, -5.875335773453116e-07)",0.0,-0.001373,"(0.000001, -0.000001, 0.000143)",LeftFalse_RightFalse,False,"(37.39499282836914, -0.003921627998352051, 0.7092443108558655)","(0.0006988215609453619, 98.73249053955078, -3.845212290798372e-07)",-0.365487,1.0,"(0.000000, 0.000000, 0.000000)",LeftFalse_RightFalse
50.962402,0.064171,"(-1.3441365957260132, 0.7960813045501709, -33.92168045043945)","(351.5893859863281, 274.6286926269531, 0.6852983832359314)","(0.5393940210342407, 0.6852468848228455, -33.31330490112305)","(0.000693563255481422, 193.2259979248047, 0.0001546284620417282)","(-1.7319544553756714, -0.0039215958677232265, -33.00920486450195)","(0.0007105913246050477, 180.69561767578125, 4.7187415930238785e-07)",0.0,-0.001373,"(0.000009, 0.000000, 0.000734)",LeftFalse_RightFalse,False,"(37.39499282836914, -0.003921627998352051, 0.7092443704605103)","(0.0006988549139350653, 98.73249053955078, -4.457767772692023e-07)",-0.365488,1.0,"(0.000000, 0.000000, 0.000000)",LeftFalse_RightFalse
51.026123,0.064072,"(-1.3441287279129028, 0.7960812449455261, -33.92168045043945)","(351.5892639160156, 274.6282043457031, 0.685301661491394)","(0.5393966436386108, 0.6852469444274902, -33.313289642333984)","(0.0006963235209695995, 193.2255096435547, 0.0001532923779450357)","(-1.7319542169570923, -0.003921595402061939, -33.00920867919922)","(0.000712995941285044, 180.6951446533203, -1.4312421399154118e-06)",0.0,-0.001373,"(0.000008, 0.000000, 0.000409)",LeftFalse_RightFalse,False,"(37.39499282836914, -0.003921627998352051, 0.7092443108558655)","(0.0006989329704083502, 98.73249053955078, -4.446564219051652e-07)",-0.365488,1.0,"(0.000000, 0.000000, 0.000000)",LeftFalse_RightFalse
51.091187,0.064271,"(-1.3441156148910522, 0.7960792779922485, -33.921653747558594)","(351.5892028808594, 274.62738037109375, 0.6854380965232849)","(0.5394010543823242, 0.6852464079856873, -33.313236236572266)","(0.0008279838366433978, 193.22471618652344, 0.00018307543359696865)","(-1.7319536209106445, -0.003921472933143377, -33.009185791015625)","(0.0008479816024191678, 180.69435119628906, -9.221707273354696e-07)",0.0,-0.001373,"(0.000019, -0.000001, 0.001413)",LeftFalse_RightFalse,False,"(37.39499282836914, -0.003921627998352051, 0.7092443108558655)","(0.0006988993845880032, 98.73249053955078, -7.331906317631365e-07)",-0.365488,1.0,"(0.000000, 0.000000, 0.000000)",LeftFalse_RightFalse
51.155029,0.064175,"(-1.3441073894500732, 0.796080470085144, -33.921661376953125)","(351.58917236328125, 274.62689208984375, 0.6921446323394775)","(0.5394037961959839, 0.6852466464042664, -33.313228607177734)","(0.0007453227881342173, 193.2241973876953, 0.0001648829347686842)","(-1.731953740119934, -0.003921567462384701, -33.00919723510742)","(0.0007633425411768258, 180.69381713867188, -7.474520202777057e-07)",0.0,-0.001373,"(0.000013, -0.000003, 0.001076)",LeftFalse_RightFalse,False,"(37.39499282836914, -0.003921627998352051, 0.7092443108558655)","(0.0006989971734583378, 98.73249053955078, -6.350671242216777e-07)",-0.365488,1.0,"(0.000000, 0.000000, 0.000000)",LeftFalse_RightFalse
51.216309,0.063616,"(-1.3441306352615356, 0.7960786819458008, -33.921630859375)","(351.58917236328125, 274.62835693359375, 0.6946282386779785)","(0.5393961668014526, 0.6852461695671082, -33.31324768066406)","(0.0008587365155108273, 193.22567749023438, 0.00019162184617016464)","(-1.7319532632827759, -0.003921484109014273, -33.0091552734375)","(0.0008798560593277216, 180.6953125, 7.486401045753155e-07)",0.0,-0.001373,"(-0.000008, -0.000001, -0.000671)",LeftFalse_RightFalse,False,"(37.39499282836914, -0.003921627998352051, 0.7092443108558655)","(0.0006990361725911498, 98.73249053955078, -6.04348144861433e-07)",-0.365488,1.0,"(0.000000, 0.000000, 0.000000)",LeftFalse_RightFalse
51.279541,0.063521,"(-1.34415864944458, 0.7960808277130127, -33.921653747558594)","(351.59515380859375, 274.63006591796875, 0.6890543103218079)","(0.5393874645233154, 0.6852467060089111, -33.31332778930664)","(0.0007171244942583144, 193.22743225097656, 0.00015978106239344925)","(-1.7319536209106445, -0.003921698313206434, -33.00917053222656)","(0.0007347090868279338, 180.69705200195312, 3.9000985907478025e-07)",0.0,-0.001373,"(0.000001, 0.000001, 0.000225)",LeftFalse_RightFalse,False,"(37.39499282836914, -0.003921627998352051, 0.7092442512512207)","(0.0006990433321334422, 98.73249053955078, -5.816541488457005e-07)",-0.365488,1.0,"(0.000000, 0.000000, 0.000000)",LeftFalse_RightFalse
51.341064,0.063133,"(-1.344172477722168, 0.7960802316665649, -33.92164611816406)","(351.5972900390625, 274.6309509277344, 0.6871443390846252)","(0.5393824577331543, 0.685246467590332, -33.313350677490234)","(0.0007572625181637704, 193.2283172607422, 0.00016962795052677393)","(-1.7319533824920654, -0.003921619150787592, -33.0091552734375)","(0.0007760275038890541, 180.69793701171875, 1.2941059139848221e-06)",0.0,-0.001373,"(-0.000012, 0.000001, -0.001039)",LeftFalse_RightFalse,False,"(37.39499282836914, -0.003921627998352051, 0.7092443108558655)","(0.000698999036103487, 98.73249053955078, -6.041136657586321e-07)",-0.365488,1.0,"(0.000000, 0.000000, 0.000000)",LeftFalse_RightFalse
51.401489,0.062597,"(-1.3441706895828247, 0.7960798740386963, -33.921627044677734)","(351.591552734375, 274.6274108886719, 0.6864299774169922)","(0.5393831729888916, 0.6852463483810425, -33.31332778930664)","(0.0007782847387716174, 193.22821044921875, 0.00017426196427550167)","(-1.7319531440734863, -0.003921618219465017, -33.00913619995117)","(0.0007975543267093599, 180.69784545898438, 1.2568353895403561e-06)",0.0,-0.001373,"(-0.000021, 0.000001, -0.002009)",LeftFalse_RightFalse,False,"(37.39499282836914, -0.003921627998352051, 0.7092442512512207)","(0.0006989883841015399, 98.73249053955078, -5.091428079140314e-07)",-0.365488,1.0,"(0.000000, 0.000000, 0.000000)",LeftFalse_RightFalse
51.464966,0.062771,"(-1.344163417816162, 0.7960814237594604, -33.92164993286133)","(351.5989685058594, 274.62548828125, 0.6926367878913879)","(0.5393853187561035, 0.6852469444274902, -33.313331604003906)","(0.0006823173025622964, 193.2277374267578, 0.00015078236174304038)","(-1.7319533824920654, -0.0039216442964971066, -33.00916290283203)","(0.0006987787201069295, 180.69737243652344, -8.427168154412357e-07)",0.0,-0.001373,"(0.000017, -0.000004, 0.001454)",LeftFalse_RightFalse,False,"(37.39499282836914, -0.003921627998352051, 0.7092443108558655)","(0.000699009804520756, 98.73249053955078, -2.8022265041727223e-07)",-0.365488,1.0,"(0.000000, 0.000000, 0.000000)",LeftFalse_RightFalse
51.5271,0.062626,"(-1.3441827297210693, 0.7960811257362366, -33.92165756225586)","(351.5911865234375, 274.6261901855469, 0.6949055790901184)","(0.5393788814544678, 0.6852468252182007, -33.31338119506836)","(0.000697899260558188, 193.22894287109375, 0.00015403148427139968)","(-1.7319533824920654, -0.003921675495803356, -33.00916290283203)","(0.0007146942662075162, 180.69857788085938, -1.0515753956497065e-06)",0.0,-0.001373,"(-0.000007, 0.000001, -0.000707)",LeftFalse_RightFalse,False,"(37.39499282836914, -0.003921627998352051, 0.7092443108558655)","(0.0006988957175053656, 98.73249053955078, -3.904357299688854e-07)",-0.365488,1.0,"(0.000000, 0.000000, 0.000000)",LeftFalse_RightFalse
51.590332,0.062767,"(-1.344163417816162, 0.7960830330848694, -33.92168426513672)","(351.5957336425781, 274.6261901855469, 0.6956650614738464)","(0.5393850803375244, 0.6852474808692932, -33.31336975097656)","(0.0005864966078661382, 193.22772216796875, 0.00012957339640706778)","(-1.7319536209106445, -0.00392155209556222, -33.00920104980469)","(0.0006006388575769961, 180.69735717773438, -7.575247877866786e-07)",0.0,-0.001373,"(0.000004, -0.000001, 0.000349)",LeftFalse_RightFalse,False,"(37.39499282836914, -0.003921627998352051, 0.7092443704605103)","(0.0006988432141952217, 98.73249053955078, -4.254016801041871e-07)",-0.365488,1.0,"(0.000000, 0.000000, 0.000000)",LeftFalse_RightFalse
51.653687,0.062884,"(-1.3441404104232788, 0.7960851192474365, -33.92172622680664)","(351.5957946777344, 274.6334533691406, 0.6958410739898682)","(0.5393933057785034, 0.685248076915741, -33.31336212158203)","(0.00044866889948025346, 193.22625732421875, 9.738895460031927e-05)","(-1.7319539785385132, -0.0039217472076416016, -33.009254455566406)","(0.0004591114120557904, 180.69589233398438, -2.2726599127054214e-06)",0.0,-0.001373,"(-0.000002, -0.000002, -0.000220)",LeftFalse_RightFalse,False,"(37.39499282836914, -0.003921627998352051, 0.7092443108558655)","(0.0006987014785408974, 98.73249053955078, -7.065102067826956e-07)",-0.365488,1.0,"(0.000000, 0.000000, 0.000000)",LeftFalse_RightFalse
51.717041,0.062957,"(-1.3441343307495117, 0.7960835099220276, -33.92173385620117)","(351.59857177734375, 274.63623046875, 0.6960613131523132)","(0.5393949747085571, 0.685247540473938, -33.313358306884766)","(0.0005480391555465758, 193.2258758544922, 0.00012010049249511212)","(-1.7319539785385132, -0.003921752795577049, -33.00926208496094)","(0.0005610421649180353, 180.6955108642578, -1.6611629689577967e-06)",0.0,-0.001373,"(-0.000009, 0.000000, -0.000840)",LeftFalse_RightFalse,False,"(37.39499282836914, -0.003921627998352051, 0.7092443704605103)","(0.0006989293615333736, 98.73249053955078, -1.508069402689216e-07)",-0.365487,1.0,"(0.000000, 0.000000, 0.000000)",LeftFalse_RightFalse
51.778687,0.062708,"(-1.344146966934204, 0.796083390712738, -33.92177200317383)","(351.590087890625, 274.63812255859375, 0.6961137056350708)","(0.5393905639648438, 0.6852474808692932, -33.31342315673828)","(0.0005587518680840731, 193.2266387939453, 0.00012363627320155501)","(-1.7319543361663818, -0.003921678755432367, -33.00929641723633)","(0.0005722669302485883, 180.69627380371094, -5.338173423297121e-07)",0.0,-0.001373,"(0.000007, 0.000000, 0.000665)",LeftFalse_RightFalse,False,"(37.39499282836914, -0.003921627998352051, 0.7092443108558655)","(0.0006988033419474959, 98.73249053955078, -5.114877694722963e-07)",-0.365487,1.0,"(0.000000, 0.000000, 0.000000)",LeftFalse_RightFalse
51.838379,0.062106,"(-1.34414803981781, 0.7960805296897888, -33.921756744384766)","(351.58697509765625, 274.632568359375, 0.6963117122650146)","(0.5393903255462646, 0.6852465867996216, -33.31340789794922)","(0.0007357274880632758, 193.2267303466797, 0.00016383228648919612)","(-1.7319540977478027, -0.003921702969819307, -33.00927734375)","(0.0007537479395978153, 180.6963653564453, 3.0866297606735316e-07)",0.0,-0.001373,"(0.000011, 0.000001, 0.001018)",LeftFalse_RightFalse,False,"(37.39499282836914, -0.003921627998352051, 0.7092443108558655)","(0.0006988717359490693, 98.73249053955078, -4.6604765202573617e-07)",-0.365487,1.0,"(0.000000, 0.000000, 0.000000)",LeftFalse_RightFalse
51.898438,0.0617,"(-1.344135046005249, 0.7960779666900635, -33.92170715332031)","(351.585693359375, 274.6294860839844, 0.6964862942695618)","(0.539394736289978, 0.6852458119392395, -33.313331604003906)","(0.0008987082983367145, 193.22593688964844, 0.00020119747205171734)","(-1.731953501701355, -0.003921563271433115, -33.00923156738281)","(0.0009209531708620489, 180.69557189941406, 1.4240421251088264e-06)",0.0,-0.001373,"(-0.000001, 0.000002, 0.000006)",LeftFalse_RightFalse,False,"(37.39499282836914, -0.003921627998352051, 0.7092443108558655)","(0.0006989241228438914, 98.73249053955078, -5.001277258998016e-07)",-0.365487,1.0,"(0.000000, 0.000000, 0.000000)",LeftFalse_RightFalse
51.957275,0.061127,"(-1.344112753868103, 0.796079158782959, -33.921695709228516)","(351.585205078125, 274.627197265625, 0.6964207291603088)","(0.5394020080566406, 0.6852463483810425, -33.31327438354492)","(0.0008326756651513278, 193.22454833984375, 0.00018481622100807726)","(-1.7319533824920654, -0.003921425901353359, -33.00922775268555)","(0.0008529394399374723, 180.69418334960938, -2.407935255632765e-07)",0.0,-0.001373,"(0.000002, 0.000001, 0.000163)",LeftFalse_RightFalse,False,"(37.39499282836914, -0.003921627998352051, 0.7092442512512207)","(0.0006989432731643319, 98.73249053955078, -6.059635779820383e-07)",-0.365488,1.0,"(0.000000, 0.000000, 0.000000)",LeftFalse_RightFalse
52.020508,0.06154,"(-1.3440773487091064, 0.7960788011550903, -33.92165756225586)","(351.5849914550781, 274.6246337890625, 0.6894948482513428)","(0.5394144058227539, 0.6852462291717529, -33.31316375732422)","(0.0008472917834296823, 193.22235107421875, 0.00018710967560764402)","(-1.7319531440734863, -0.003921540454030037, -33.00920486450195)","(0.0008677050936967134, 180.6919708251953, -1.173063765236293e-06)",0.0,-0.001373,"(0.000002, -0.000001, 0.000096)",LeftFalse_RightFalse,False,"(37.39499282836914, -0.003921627998352051, 0.7092443108558655)","(0.0006990752881392837, 98.73249053955078, -3.939271095987351e-07)",-0.365487,1.0,"(0.000000, 0.000000, 0.000000)",LeftFalse_RightFalse
52.083008,0.061723,"(-1.3440862894058228, 0.7960836887359619, -33.92170715332031)","(351.5849304199219, 274.6250305175781, 0.6866592168807983)","(0.5394105911254883, 0.6852477192878723, -33.313232421875)","(0.0005455222562886775, 193.22286987304688, 0.00011853814066853374)","(-1.7319538593292236, -0.003921602852642536, -33.00925827026367)","(0.0005582462181337178, 180.69248962402344, -2.6402672119729687e-06)",0.0,-0.001373,"(-0.000010, -0.000002, -0.000943)",LeftFalse_RightFalse,False,"(37.39499282836914, -0.003921627998352051, 0.7092443704605103)","(0.0006990797119215131, 98.73249053955078, -4.4168612589601253e-07)",-0.365487,1.0,"(0.000000, 0.000000, 0.000000)",LeftFalse_RightFalse
52.147461,0.062269,"(-1.344100832939148, 0.7960876226425171, -33.92181396484375)","(351.58489990234375, 274.6258544921875, 0.6854220032691956)","(0.5394049882888794, 0.685248851776123, -33.3133659362793)","(0.0002954468654934317, 193.2237091064453, 6.279487570282072e-05)","(-1.7319549322128296, -0.003921777009963989, -33.009361267089844)","(0.0003020334697794169, 180.69334411621094, -2.800131596814026e-06)",0.0,-0.001373,"(-0.000004, -0.000004, -0.000469)",LeftFalse_RightFalse,False,"(37.39499282836914, -0.003921627998352051, 0.7092443108558655)","(0.0006989417015574872, 98.73249053955078, -7.467653517778672e-07)",-0.365487,1.0,"(0.000000, 0.000000, 0.000000)",LeftFalse_RightFalse
52.211426,0.062614,"(-1.3440974950790405, 0.796083927154541, -33.92182922363281)","(351.5848693847656, 274.6256103515625, 0.6852982044219971)","(0.5394065380096436, 0.685247540473938, -33.313377380371094)","(0.0005105647724121809, 193.22349548339844, 0.00011223000183235854)","(-1.7319550514221191, -0.003921955823898315, -33.009376525878906)","(0.0005227526999078691, 180.69313049316406, -1.2138380043325014e-06)",0.0,-0.001373,"(0.000008, 0.000001, 0.000657)",LeftFalse_RightFalse,False,"(37.39499282836914, -0.003921627998352051, 0.7092443108558655)","(0.000698872609063983, 98.73249053955078, -8.266503073173226e-07)",-0.365487,1.0,"(0.000000, 0.000000, 0.000000)",LeftFalse_RightFalse
52.272095,0.062225,"(-1.3440966606140137, 0.7960812449455261, -33.92182922363281)","(351.5848693847656, 274.6255187988281, 0.6853612661361694)","(0.5394062995910645, 0.6852467656135559, -33.31337356567383)","(0.000686009821947664, 193.22344970703125, 0.00015256580081768334)","(-1.7319550514221191, -0.003921751864254475, -33.00937271118164)","(0.000702770019415766, 180.6930694580078, 9.713343018802334e-08)",0.0,-0.001373,"(0.000006, 0.000002, 0.000447)",LeftFalse_RightFalse,False,"(37.39499282836914, -0.003921627998352051, 0.7092443108558655)","(0.0006989639950916171, 98.73249053955078, -4.7183189622046484e-07)",-0.365487,1.0,"(0.000000, 0.000000, 0.000000)",LeftFalse_RightFalse
52.338135,0.063,"(-1.3441238403320312, 0.7960798740386963, -33.92182159423828)","(351.5848693847656, 274.627197265625, 0.6854103803634644)","(0.5393975973129272, 0.6852464079856873, -33.31342315673828)","(0.0007814292912371457, 193.22515869140625, 0.00017461016250308603)","(-1.7319549322128296, -0.003921580500900745, -33.00935363769531)","(0.0008006992866285145, 180.69479370117188, 9.145052786152519e-07)",0.0,-0.001373,"(0.000013, 0.000003, 0.001221)",LeftFalse_RightFalse,False,"(37.394989013671875, -0.003921627998352051, 0.7092442512512207)","(0.000699042109772563, 98.73249053955078, -1.2678414407218952e-07)",-0.365487,1.0,"(0.000000, 0.000000, 0.000000)",LeftFalse_RightFalse
52.4021,0.063182,"(-1.3441393375396729, 0.7960774898529053, -33.92177963256836)","(351.5848388671875, 274.6282043457031, 0.685549795627594)","(0.5393928289413452, 0.6852457523345947, -33.313411712646484)","(0.0009321891120634973, 193.22616577148438, 0.00020785153901670128)","(-1.7319542169570923, -0.003921538591384888, -33.009300231933594)","(0.0009550803806632757, 180.69580078125, 6.556705898219661e-07)",0.0,-0.001373,"(0.000017, 0.000001, 0.001553)",LeftFalse_RightFalse,False,"(37.39499282836914, -0.003921627998352051, 0.7092443108558655)","(0.0006989099201746285, 98.73249053955078, -3.676635742522194e-07)",-0.365487,1.0,"(0.000000, 0.000000, 0.000000)",LeftFalse_RightFalse
52.464844,0.063097,"(-1.3441311120986938, 0.7960755228996277, -33.92169952392578)","(351.5919494628906, 274.627685546875, 0.685675323009491)","(0.5393960475921631, 0.6852452158927917, -33.313316345214844)","(0.0010596757056191564, 193.22569274902344, 0.000237184067373164)","(-1.7319533824920654, -0.003921361640095711, -33.00922393798828)","(0.0010858940659090877, 180.69532775878906, 1.6304286418744596e-06)",0.0,-0.001373,"(-0.000001, 0.000002, -0.000085)",LeftFalse_RightFalse,False,"(37.39499282836914, -0.003921627998352051, 0.7092443108558655)","(0.0006989415851421654, 98.73249053955078, -2.3856054554016737e-07)",-0.365488,1.0,"(0.000000, 0.000000, 0.000000)",LeftFalse_RightFalse
52.530518,0.06361,"(-1.3441295623779297, 0.796083927154541, -33.92177200317383)","(351.58758544921875, 274.62762451171875, 0.6851445436477661)","(0.5393962860107422, 0.6852478981018066, -33.313385009765625)","(0.0005469228490255773, 193.22555541992188, 0.00012105282075935975)","(-1.7319543361663818, -0.003921345807611942, -33.00930404663086)","(0.0005601590964943171, 180.6951904296875, -4.893319101029192e-07)",0.0,-0.001373,"(-0.000009, -0.000003, -0.000963)",LeftFalse_RightFalse,False,"(37.39499282836914, -0.003921627998352051, 0.7092443108558655)","(0.0006989625399000943, 98.73249053955078, -2.0088485541691625e-07)",-0.365487,1.0,"(0.000000, 0.000000, 0.000000)",LeftFalse_RightFalse
52.593994,0.06359,"(-1.3441078662872314, 0.7960830330848694, -33.92176055908203)","(351.5860900878906, 274.6262512207031, 0.6851773262023926)","(0.5394034385681152, 0.6852473616600037, -33.31332778930664)","(0.0005809749709442258, 193.22418212890625, 0.00012860562128480524)","(-1.7319543361663818, -0.0039216806180775166, -33.009300231933594)","(0.0005950388149358332, 180.69381713867188, -5.042745101491164e-07)",0.0,-0.001373,"(-0.000009, -0.000002, -0.000783)",LeftFalse_RightFalse,False,"(37.39499282836914, -0.003921627998352051, 0.7092443108558655)","(0.0006989669636823237, 98.73249053955078, -2.7180684014638246e-07)",-0.365488,1.0,"(0.000000, 0.000000, 0.000000)",LeftFalse_RightFalse
52.657349,0.063535,"(-1.3440890312194824, 0.796082079410553, -33.921749114990234)","(351.5855712890625, 274.6250915527344, 0.6852297186851501)","(0.539409875869751, 0.6852470636367798, -33.31327819824219)","(0.0006325900321826339, 193.22300720214844, 0.00013894346193410456)","(-1.7319543361663818, -0.003921800293028355, -33.00929641723633)","(0.0006476673879660666, 180.69264221191406, -1.6109364651129e-06)",0.0,-0.001373,"(0.000008, 0.000002, 0.000612)",LeftFalse_RightFalse,False,"(37.39499282836914, -0.003921627998352051, 0.7092443108558655)","(0.0006989572430029511, 98.73249053955078, -4.2349967088739504e-07)",-0.365488,1.0,"(0.000000, 0.000000, 0.000000)",LeftFalse_RightFalse
52.719482,0.063257,"(-1.3440523147583008, 0.7960828542709351, -33.9217529296875)","(351.5853576660156, 274.622802734375, 0.6851898431777954)","(0.5394214391708374, 0.6852474212646484, -33.31320571899414)","(0.0005942891584709287, 193.220703125, 0.00013080505596008152)","(-1.7319544553756714, -0.0039216154254972935, -33.009315490722656)","(0.0006085128406994045, 180.69032287597656, -1.2458284572858247e-06)",0.0,-0.001373,"(-0.000005, 0.000000, -0.000409)",LeftFalse_RightFalse,False,"(37.39499282836914, -0.003921627998352051, 0.7092443108558655)","(0.0006989396642893553, 98.73249053955078, -5.967400511508458e-07)",-0.365488,1.0,"(0.000000, 0.000000, 0.000000)",LeftFalse_RightFalse
52.781372,0.062975,"(-1.3440496921539307, 0.7960785627365112, -33.921695709228516)","(351.58526611328125, 274.62261962890625, 0.6854619383811951)","(0.539422869682312, 0.6852461099624634, -33.313140869140625)","(0.0008560175192542374, 193.2205810546875, 0.00018924377218354493)","(-1.731953740119934, -0.0039216578006744385, -33.009254455566406)","(0.0008766858954913914, 180.69020080566406, -9.828730753724813e-07)",0.0,-0.001373,"(-0.000002, 0.000002, -0.000462)",LeftFalse_RightFalse,False,"(37.39499282836914, -0.003921627998352051, 0.7092443108558655)","(0.0006989242392592132, 98.73249053955078, -7.061975679789612e-07)",-0.365488,1.0,"(0.000000, 0.000000, 0.000000)",LeftFalse_RightFalse
52.842285,0.06258,"(-1.3440500497817993, 0.7960837483406067, -33.9217529296875)","(351.58819580078125, 274.62261962890625, 0.6851344108581543)","(0.5394221544265747, 0.6852476596832275, -33.313201904296875)","(0.0005409274017438293, 193.22055053710938, 0.00011807275586761534)","(-1.7319544553756714, -0.0039216298609972, -33.00931930541992)","(0.000553659803699702, 180.690185546875, -2.0976538053218974e-06)",0.0,-0.001373,"(0.000022, -0.000003, 0.002137)",LeftFalse_RightFalse,False,"(37.39499282836914, -0.003921627998352051, 0.7092443108558655)","(0.0006989253452047706, 98.73249053955078, -7.074742711665749e-07)",-0.365488,1.0,"(0.000000, 0.000000, 0.000000)",LeftFalse_RightFalse
52.904297,0.062463,"(-1.3440577983856201, 0.7960835695266724, -33.92176055908203)","(351.5893249511719, 274.62310791015625, 0.6851383447647095)","(0.5394196510314941, 0.6852474808692932, -33.31322479248047)","(0.0005438071093522012, 193.22103881835938, 0.00012022168812109157)","(-1.731954574584961, -0.003921725787222385, -33.00932312011719)","(0.0005569372442550957, 180.69065856933594, -6.246845032364945e-07)",0.0,-0.001373,"(-0.000016, -0.000001, -0.001387)",LeftFalse_RightFalse,False,"(37.39499282836914, -0.003921627998352051, 0.7092443108558655)","(0.0006989383837208152, 98.73249053955078, -6.131286909294431e-07)",-0.365488,1.0,"(0.000000, 0.000000, 0.000000)",LeftFalse_RightFalse
52.967651,0.062644,"(-1.3440380096435547, 0.7960837483406067, -33.92179489135742)","(351.58978271484375, 274.62188720703125, 0.6851177215576172)","(0.5394259691238403, 0.6852474212646484, -33.31321716308594)","(0.0005251055117696524, 193.2197723388672, 0.00011654722038656473)","(-1.7319549322128296, -0.003921881318092346, -33.00936508178711)","(0.000537883781362325, 180.6894073486328, -1.541721132980456e-07)",0.0,-0.001373,"(-0.000003, -0.000001, -0.000227)",LeftFalse_RightFalse,False,"(37.39499282836914, -0.003921627998352051, 0.7092443108558655)","(0.0006989502580836415, 98.73249053955078, -4.732909815174935e-07)",-0.365488,1.0,"(0.000000, -0.000001, 0.000000)",LeftFalse_RightFalse
53.029297,0.062444,"(-1.3440207242965698, 0.7960798740386963, -33.92174530029297)","(351.5913391113281, 274.6207580566406, 0.6853786706924438)","(0.5394320487976074, 0.6852464079856873, -33.313133239746094)","(0.0007760217995382845, 193.21871948242188, 0.00017262760957237333)","(-1.7319543361663818, -0.003921701572835445, -33.00931930541992)","(0.000794990744907409, 180.68833923339844, 1.5235191597184894e-07)",0.0,-0.001373,"(-0.000006, 0.000004, -0.000658)",LeftFalse_RightFalse,False,"(37.39499282836914, -0.003921627998352051, 0.7092442512512207)","(0.0006989492103457451, 98.73249053955078, -3.6224412269802997e-07)",-0.365488,1.0,"(0.000000, -0.000001, 0.000000)",LeftFalse_RightFalse
53.09375,0.062843,"(-1.3440051078796387, 0.7960782051086426, -33.92170333862305)","(351.5912780761719, 274.61981201171875, 0.6854914426803589)","(0.539438009262085, 0.6852459907531738, -33.31305694580078)","(0.0008848905563354492, 193.2177734375, 0.00019678946409840137)","(-1.7319538593292236, -0.0039215427823364735, -33.009281158447266)","(0.0009065084741450846, 180.68739318847656, 1.1884016970498124e-07)",0.0,-0.001373,"(0.000011, 0.000001, 0.000961)",LeftFalse_RightFalse,False,"(37.394989013671875, -0.003921627998352051, 0.7092443704605103)","(0.0006989291287027299, 98.73249053955078, -3.182891532560461e-07)",-0.365488,1.0,"(0.000000, -0.000001, 0.000000)",LeftFalse_RightFalse
53.155762,0.062674,"(-1.3439953327178955, 0.7960793375968933, -33.92167663574219)","(351.59124755859375, 274.61920166015625, 0.685420572757721)","(0.5394415855407715, 0.6852464079856873, -33.31301498413086)","(0.0008178095449693501, 193.21717834472656, 0.000180106217158027)","(-1.7319536209106445, -0.003921506926417351, -33.00926208496094)","(0.000837405736092478, 180.68679809570312, -1.613291942703654e-06)",0.0,-0.001373,"(0.000014, 0.000001, 0.001131)",LeftFalse_RightFalse,False,"(37.39499282836914, -0.003921627998352051, 0.7092443108558655)","(0.000698900141287595, 98.73249053955078, -3.38690313128609e-07)",-0.365488,1.0,"(0.000000, -0.000001, 0.000000)",LeftFalse_RightFalse
53.217896,0.062555,"(-1.3439857959747314, 0.7960806488990784, -33.92166519165039)","(351.5845642089844, 274.6190185546875, 0.6853392720222473)","(0.5394444465637207, 0.6852467656135559, -33.31298065185547)","(0.0007383731426671147, 193.216552734375, 0.00016353378305211663)","(-1.7319538593292236, -0.0039214869029819965, -33.009254455566406)","(0.0007562658283859491, 180.68618774414062, -5.567437710851664e-07)",0.0,-0.001373,"(0.000006, -0.000002, 0.000559)",LeftFalse_RightFalse,False,"(37.394989013671875, -0.003921627998352051, 0.7092443108558655)","(0.0006988879758864641, 98.73249053955078, -3.8889848497092316e-07)",-0.365488,1.0,"(0.000000, -0.000001, 0.000000)",LeftFalse_RightFalse
53.281494,0.062766,"(-1.3439855575561523, 0.7960814833641052, -33.921661376953125)","(351.596923828125, 274.6191711425781, 0.6852841973304749)","(0.5394446849822998, 0.6852469444274902, -33.3129768371582)","(0.0006848557386547327, 193.216552734375, 0.00015203240036498755)","(-1.7319536209106445, -0.003921559080481529, -33.00925064086914)","(0.0007015279261395335, 180.68618774414062, -1.7320657264008332e-07)",0.0,-0.001373,"(-0.000010, -0.000001, -0.000920)",LeftFalse_RightFalse,False,"(37.39499282836914, -0.003921627998352051, 0.7092443108558655)","(0.0006988947279751301, 98.73249053955078, -4.493463165999856e-07)",-0.365488,1.0,"(0.000000, -0.000001, 0.000000)",LeftFalse_RightFalse
53.34314,0.062548,"(-1.3439949750900269, 0.796084463596344, -33.92171096801758)","(351.59844970703125, 274.61981201171875, 0.685092031955719)","(0.5394411087036133, 0.6852479577064514, -33.313045501708984)","(0.0004981395322829485, 193.2171173095703, 0.00010943497181870043)","(-1.7319540977478027, -0.003921591676771641, -33.009300231933594)","(0.0005100170965306461, 180.68673706054688, -1.2465653753679362e-06)",0.0,-0.001373,"(-0.000013, -0.000004, -0.001149)",LeftFalse_RightFalse,False,"(37.39499282836914, -0.003921627998352051, 0.7092443108558655)","(0.000698910909704864, 98.73249053955078, -5.159692477718636e-07)",-0.365488,1.0,"(0.000000, -0.000001, 0.000000)",LeftFalse_RightFalse
53.409302,0.063286,"(-1.3439730405807495, 0.7960842847824097, -33.921730041503906)","(351.59228515625, 274.6184387207031, 0.6850890517234802)","(0.5394479036331177, 0.6852477788925171, -33.313018798828125)","(0.0004963616956956685, 193.21571350097656, 0.0001076810949598439)","(-1.7319544553756714, -0.003921777009963989, -33.00932693481445)","(0.0005079010152257979, 180.6853485107422, -2.5729414119268768e-06)",0.0,-0.001373,"(0.000005, -0.000001, 0.000382)",LeftFalse_RightFalse,False,"(37.39499282836914, -0.003921627998352051, 0.7092443108558655)","(0.0006989312241785228, 98.73249053955078, -5.695124514204508e-07)",-0.365488,1.0,"(0.000000, -0.000001, 0.000000)",LeftFalse_RightFalse
53.471924,0.063137,"(-1.3439908027648926, 0.7960805892944336, -33.92171859741211)","(351.5887145996094, 274.6212158203125, 0.6853193640708923)","(0.5394428968429565, 0.6852465271949768, -33.31304168701172)","(0.0007185945869423449, 193.21685791015625, 0.0001580926909809932)","(-1.7319539785385132, -0.003921856172382832, -33.00930404663086)","(0.0007357778958976269, 180.68649291992188, -1.5770924619573634e-06)",0.0,-0.001373,"(0.000012, 0.000003, 0.001007)",LeftFalse_RightFalse,False,"(37.39499282836914, -0.003921627998352051, 0.7092443704605103)","(0.0006989450776018202, 98.73249053955078, -5.895748813600221e-07)",-0.365488,1.0,"(0.000000, -0.000001, 0.000000)",LeftFalse_RightFalse
53.536987,0.063523,"(-1.3440310955047607, 0.7960826754570007, -33.9217643737793)","(351.58660888671875, 274.6244201660156, 0.6851919293403625)","(0.5394289493560791, 0.6852472424507141, -33.31317138671875)","(0.000596286728978157, 193.21937561035156, 0.00013148810830898583)","(-1.7319543361663818, -0.003921831026673317, -33.009334564208984)","(0.000610611226875335, 180.68899536132812, -1.0124605296368827e-06)",0.0,-0.001373,"(-0.000010, 0.000001, -0.000852)",LeftFalse_RightFalse,False,"(37.39499282836914, -0.003921627998352051, 0.7092443108558655)","(0.000698946591001004, 98.73249053955078, -5.753748837378225e-07)",-0.365488,1.0,"(0.000000, -0.000001, 0.000000)",LeftFalse_RightFalse
53.601318,0.063686,"(-1.344034194946289, 0.7960811257362366, -33.9217529296875)","(351.5858459472656, 274.62481689453125, 0.6852969527244568)","(0.5394275188446045, 0.6852467656135559, -33.313167572021484)","(0.0006967936642467976, 193.2195587158203, 0.00015542650362476707)","(-1.7319543361663818, -0.003921669442206621, -33.00932312011719)","(0.0007139176595956087, 180.68919372558594, 5.500680231307342e-07)",0.0,-0.001373,"(0.000014, 0.000001, 0.001167)",LeftFalse_RightFalse,False,"(37.39499282836914, -0.003921627998352051, 0.7092443108558655)","(0.0006989415269345045, 98.73249053955078, -5.324100129655562e-07)",-0.365488,1.0,"(0.000000, -0.000001, 0.000000)",LeftFalse_RightFalse
53.662109,0.063101,"(-1.3440227508544922, 0.7960786819458008, -33.92170715332031)","(351.5856018066406, 274.62420654296875, 0.6854652762413025)","(0.5394314527511597, 0.6852461099624634, -33.3130989074707)","(0.0008597993291914463, 193.21888732910156, 0.00019254619837738574)","(-1.731953740119934, -0.003921538591384888, -33.00927734375)","(0.0008810940198600292, 180.68850708007812, 1.4203728824213613e-06)",0.0,-0.001373,"(0.000024, 0.000001, 0.002201)",LeftFalse_RightFalse,False,"(37.394996643066406, -0.003921627998352051, 0.7092443108558655)","(0.0006989315152168274, 98.73249053955078, -4.813941245629394e-07)",-0.365488,1.0,"(0.000000, -0.000001, 0.000000)",LeftFalse_RightFalse
53.723999,0.062875,"(-1.344022512435913, 0.7960779070854187, -33.92164993286133)","(351.59185791015625, 274.6259765625, 0.6855227947235107)","(0.5394319295883179, 0.685245931148529, -33.31304168701172)","(0.0009158852626569569, 193.21890258789062, 0.00020520157704595476)","(-1.7319530248641968, -0.003921389579772949, -33.009220123291016)","(0.0009385896846652031, 180.68853759765625, 1.6061075029938365e-06)",0.0,-0.001373,"(0.000020, 0.000000, 0.001890)",LeftFalse_RightFalse,False,"(37.39499282836914, -0.003921627998352051, 0.7092443108558655)","(0.0006989164976403117, 98.73249053955078, -4.345470188127365e-07)",-0.365488,1.0,"(0.000000, -0.000001, 0.000000)",LeftFalse_RightFalse
53.787964,0.063092,"(-1.344036340713501, 0.7960790395736694, -33.92162322998047)","(351.5866394042969, 274.6275939941406, 0.6854413747787476)","(0.5394279956817627, 0.6852462291717529, -33.313045501708984)","(0.0008367777918465436, 193.21978759765625, 0.0001870252308435738)","(-1.7319529056549072, -0.003921493422240019, -33.00918960571289)","(0.0008574232924729586, 180.68942260742188, 1.0255764664179878e-06)",0.0,-0.001373,"(-0.000018, 0.000001, -0.001547)",LeftFalse_RightFalse,False,"(37.39499282836914, -0.003921627998352051, 0.7092443108558655)","(0.0006989047396928072, 98.73249053955078, -3.919729749668477e-07)",-0.365488,1.0,"(0.000000, -0.000001, 0.000000)",LeftFalse_RightFalse
53.85498,0.063863,"(-1.3440297842025757, 0.7960801124572754, -33.92158889770508)","(351.5846862792969, 274.6274719238281, 0.6853693127632141)","(0.5394306182861328, 0.685246467590332, -33.3129997253418)","(0.0007673788350075483, 193.2194061279297, 0.00017163949087262154)","(-1.7319526672363281, -0.003921538591384888, -33.009159088134766)","(0.0007863392238505185, 180.68902587890625, 1.0629084954416612e-06)",0.0,-0.001373,"(-0.000010, 0.000001, -0.000809)",LeftFalse_RightFalse,False,"(37.39499282836914, -0.003921627998352051, 0.7092443108558655)","(0.0006989023531787097, 98.73249053955078, -3.6414613191482204e-07)",-0.365488,1.0,"(0.000000, -0.000001, 0.000000)",LeftFalse_RightFalse
53.9198,0.064073,"(-1.3440521955490112, 0.7960824966430664, -33.921600341796875)","(351.5821533203125, 274.6292419433594, 0.6852218508720398)","(0.539422869682312, 0.6852472424507141, -33.31305694580078)","(0.0006240605725906789, 193.22080993652344, 0.00013953806774225086)","(-1.7319525480270386, -0.003921485971659422, -33.00916290283203)","(0.0006394699448719621, 180.69044494628906, 8.200464662877494e-07)",0.0,-0.001373,"(-0.000003, -0.000003, -0.000086)",LeftFalse_RightFalse,False,"(37.39499282836914, -0.003921627998352051, 0.7092442512512207)","(0.0006989112589508295, 98.73249053955078, -3.633384153545194e-07)",-0.365488,1.0,"(0.000000, -0.000001, 0.000000)",LeftFalse_RightFalse
53.982666,0.063811,"(-1.3440569639205933, 0.7960832715034485, -33.92160415649414)","(351.58135986328125, 274.629638671875, 0.685160219669342)","(0.5394213199615479, 0.6852474808692932, -33.313072204589844)","(0.000564568501431495, 193.22109985351562, 0.00012429733760654926)","(-1.7319526672363281, -0.003921680152416229, -33.0091667175293)","(0.0005780883366242051, 180.69073486328125, -1.1504561143738101e-06)",0.0,-0.001373,"(-0.000002, -0.000001, -0.000080)",LeftFalse_RightFalse,False,"(37.39499282836914, -0.003921627998352051, 0.7092443108558655)","(0.0006989205139689147, 98.73249053955078, -3.849381187137624e-07)",-0.365488,1.0,"(0.000000, -0.000001, 0.000000)",LeftFalse_RightFalse
54.044189,0.06336,"(-1.3440614938735962, 0.7960832118988037, -33.921607971191406)","(351.5828552246094, 274.6299743652344, 0.685161828994751)","(0.5394198894500732, 0.6852474212646484, -33.31308364868164)","(0.0005665947683155537, 193.22137451171875, 0.0001246929750777781)","(-1.7319526672363281, -0.003921757452189922, -33.0091667175293)","(0.000580152147449553, 180.69100952148438, -1.203839360641723e-06)",0.0,-0.001373,"(-0.000002, -0.000001, -0.000186)",LeftFalse_RightFalse,False,"(37.39499282836914, -0.003921627998352051, 0.7092442512512207)","(0.0006989230751059949, 98.73249053955078, -4.3329637833267043e-07)",-0.365488,1.0,"(0.000000, -0.000001, 0.000000)",LeftFalse_RightFalse
54.104126,0.062668,"(-1.3440638780593872, 0.7960823178291321, -33.92161560058594)","(351.6465759277344, 274.6721496582031, 0.7125453948974609)","(0.5394186973571777, 0.685247004032135, -33.3130989074707)","(0.000613166019320488, 193.22152709960938, 0.00013642841076944023)","(-1.7319526672363281, -0.003921849653124809, -33.00917434692383)","(0.0006281601381488144, 180.69114685058594, 1.4809313597652363e-07)",0.0,-0.001373,"(-0.000005, -0.000001, -0.000235)",LeftFalse_RightFalse,False,"(37.39499282836914, -0.003921627998352051, 0.7092443108558655)","(0.0006989225512370467, 98.73249053955078, -4.980172434443375e-07)",-0.365488,1.0,"(0.000000, -0.000001, 0.000000)",LeftFalse_RightFalse
54.167603,0.062842,"(-1.344076156616211, 0.796082615852356, -33.9216194152832)","(351.628662109375, 274.5434875488281, 0.7306293845176697)","(0.539414644241333, 0.6852473020553589, -33.31312561035156)","(0.0006085485219955444, 193.22230529785156, 0.00013532194134313613)","(-1.7319526672363281, -0.0039216578006744385, -33.00917053222656)","(0.0006234126049093902, 180.69192504882812, 6.978900302101465e-08)",0.0,-0.001373,"(-0.000012, 0.000001, -0.001130)",LeftFalse_RightFalse,False,"(37.39499282836914, -0.003921627998352051, 0.7092443108558655)","(0.0006989230751059949, 98.73249053955078, -5.600805366157147e-07)",-0.365488,1.0,"(0.000000, -0.000001, 0.000000)",LeftFalse_RightFalse
54.232178,0.063197,"(-1.3440473079681396, 0.7960851192474365, -33.92164611816406)","(351.5807800292969, 274.5906677246094, 0.6992334127426147)","(0.5394244194030762, 0.6852479577064514, -33.31309127807617)","(0.000445609912276268, 193.220458984375, 9.704157127998769e-05)","(-1.7319531440734863, -0.003921781666576862, -33.009212493896484)","(0.00045604995102621615, 180.69009399414062, -1.9480942228256026e-06)",0.0,-0.001373,"(-0.000023, 0.000001, -0.002310)",LeftFalse_RightFalse,False,"(37.39499282836914, -0.003921627998352051, 0.7092443108558655)","(0.0006989262765273452, 98.73249053955078, -5.892362082704494e-07)",-0.365488,1.0,"(0.000000, -0.000001, 0.000000)",LeftFalse_RightFalse
54.294434,0.063002,"(-1.3440217971801758, 0.7960845828056335, -33.92167282104492)","(351.56695556640625, 274.6173400878906, 0.7005332708358765)","(0.5394318103790283, 0.6852477788925171, -33.31306457519531)","(0.0004777161229867488, 193.2188262939453, 0.00010516244219616055)","(-1.7319536209106445, -0.003921782597899437, -33.00925064086914)","(0.0004891531425528228, 180.68846130371094, -9.863072136795381e-07)",0.0,-0.001373,"(-0.000002, 0.000000, -0.000244)",LeftFalse_RightFalse,False,"(37.39499282836914, -0.003921627998352051, 0.7092443108558655)","(0.000698924413882196, 98.73249053955078, -5.882461096007319e-07)",-0.365488,1.0,"(0.000000, -0.000001, 0.000000)",LeftFalse_RightFalse
54.355835,0.062688,"(-1.3440190553665161, 0.7960796356201172, -33.92163848876953)","(351.6037902832031, 274.6236572265625, 0.6898379325866699)","(0.5394335985183716, 0.6852462887763977, -33.313026428222656)","(0.0007774863042868674, 193.21871948242188, 0.00017176651454064995)","(-1.7319527864456177, -0.00392189109697938, -33.009212493896484)","(0.0007962335366755724, 180.68833923339844, -1.0059858368549612e-06)",0.0,-0.001373,"(0.000002, 0.000001, 0.000232)",LeftFalse_RightFalse,False,"(37.394989013671875, -0.003921627998352051, 0.7092443108558655)","(0.0006989217363297939, 98.73249053955078, -5.610706352854322e-07)",-0.365488,1.0,"(0.000000, -0.000001, 0.000000)",LeftFalse_RightFalse
54.421875,0.063352,"(-1.3440147638320923, 0.7960805892944336, -33.921653747558594)","(351.5841979980469, 274.6260681152344, 0.6852293610572815)","(0.5394346714019775, 0.6852467060089111, -33.31303405761719)","(0.000729587278328836, 193.21841430664062, 0.0001613442727830261)","(-1.7319531440734863, -0.003921677358448505, -33.00923156738281)","(0.0007472142460756004, 180.68804931640625, -7.879120289544517e-07)",0.0,-0.001373,"(-0.000004, 0.000002, -0.000371)",LeftFalse_RightFalse,False,"(37.39499282836914, -0.003921627998352051, 0.7092443108558655)","(0.0006989207467995584, 98.73249053955078, -5.062246373199741e-07)",-0.365488,1.0,"(0.000000, -0.000001, 0.000000)",LeftFalse_RightFalse
54.482056,0.062721,"(-1.344030499458313, 0.7960795164108276, -33.92164993286133)","(351.5729064941406, 274.62786865234375, 0.683887779712677)","(0.5394294261932373, 0.6852463483810425, -33.31306076049805)","(0.0007985770353116095, 193.21942138671875, 0.0001779307785909623)","(-1.7319531440734863, -0.0039216578006744385, -33.009220123291016)","(0.0008181589655578136, 180.6890411376953, 4.3572359231802693e-07)",0.0,-0.001373,"(0.000017, 0.000001, 0.001705)",LeftFalse_RightFalse,False,"(37.39499282836914, -0.003921627998352051, 0.7092443108558655)","(0.0006989188841544092, 98.73249053955078, -4.516131184573169e-07)",-0.365488,1.0,"(0.000000, -0.000001, 0.000000)",LeftFalse_RightFalse
54.54541,0.062848,"(-1.3440461158752441, 0.7960801720619202, -33.92164993286133)","(351.5834045410156, 274.6180725097656, 0.6811038255691528)","(0.5394244194030762, 0.6852465867996216, -33.31309127807617)","(0.0007685291348025203, 193.2203826904297, 0.00017152611690107733)","(-1.7319531440734863, -0.0039214943535625935, -33.009212493896484)","(0.0007874374277889729, 180.6900177001953, 7.026980028967955e-07)",0.0,-0.001373,"(-0.000008, -0.000001, -0.000720)",LeftFalse_RightFalse,False,"(37.39499282836914, -0.003921627998352051, 0.7092443108558655)","(0.0006989154499024153, 98.73249053955078, -4.07918719247391e-07)",-0.365488,1.0,"(0.000000, -0.000001, 0.000000)",LeftFalse_RightFalse
54.608643,0.062906,"(-1.3440279960632324, 0.7960817217826843, -33.921661376953125)","(351.5745849609375, 274.62548828125, 0.6870344281196594)","(0.5394303798675537, 0.6852470636367798, -33.31306457519531)","(0.0006707990542054176, 193.21925354003906, 0.00014850943989586085)","(-1.7319531440734863, -0.0039215185679495335, -33.00923156738281)","(0.0006870414945296943, 180.68887329101562, -5.625183234769793e-07)",0.0,-0.001373,"(0.000010, -0.000001, 0.000808)",LeftFalse_RightFalse,False,"(37.39499282836914, -0.003921627998352051, 0.7092443108558655)","(0.0006989134708419442, 98.73249053955078, -3.747245216345618e-07)",-0.365488,1.0,"(0.000000, -0.000001, 0.000000)",LeftFalse_RightFalse
54.674316,0.06346,"(-1.344022274017334, 0.796079695224762, -33.9216194152832)","(351.57952880859375, 274.63525390625, 0.6828654408454895)","(0.5394324064254761, 0.685246467590332, -33.31301498413086)","(0.0007962968084029853, 193.2189178466797, 0.00017632807430345565)","(-1.7319525480270386, -0.003921480383723974, -33.009193420410156)","(0.0008155854884535074, 180.68853759765625, -6.341185212477285e-07)",0.0,-0.001373,"(-0.000007, 0.000001, -0.000680)",LeftFalse_RightFalse,False,"(37.39499282836914, -0.003921627998352051, 0.7092443108558655)","(0.0006989154499024153, 98.73249053955078, -3.67090365216427e-07)",-0.365488,1.0,"(0.000000, -0.000001, 0.000000)",LeftFalse_RightFalse
54.736694,0.063254,"(-1.3440173864364624, 0.7960825562477112, -33.921627044677734)","(351.5823974609375, 274.6294860839844, 0.6822998523712158)","(0.5394343137741089, 0.6852474808692932, -33.313011169433594)","(0.0006233492167666554, 193.2186279296875, 0.00013619160745292902)","(-1.7319525480270386, -0.003921423573046923, -33.00920486450195)","(0.0006380494451150298, 180.68824768066406, -2.292355929967016e-06)",0.0,-0.001373,"(-0.000012, -0.000001, -0.001123)",LeftFalse_RightFalse,False,"(37.39499282836914, -0.003921627998352051, 0.7092442512512207)","(0.0006989181856624782, 98.73249053955078, -3.8319242889883753e-07)",-0.365488,1.0,"(0.000000, -0.000001, 0.000000)",LeftFalse_RightFalse
54.799561,0.063178,"(-1.3440276384353638, 0.7960825562477112, -33.9216423034668)","(351.590087890625, 274.6280517578125, 0.6821446418762207)","(0.5394306182861328, 0.6852472424507141, -33.31304931640625)","(0.0006137856980785728, 193.21925354003906, 0.00013617664808407426)","(-1.7319526672363281, -0.00392161775380373, -33.00921630859375)","(0.0006287105497904122, 180.6888885498047, -2.3210171207210806e-07)",0.0,-0.001373,"(0.000006, -0.000002, 0.000780)",LeftFalse_RightFalse,False,"(37.39499282836914, -0.003921627998352051, 0.7092443108558655)","(0.0006989177782088518, 98.73249053955078, -4.2303068426008394e-07)",-0.365488,1.0,"(0.000000, -0.000001, 0.000000)",LeftFalse_RightFalse
54.861206,0.062869,"(-1.3440173864364624, 0.7960832715034485, -33.921661376953125)","(351.5928955078125, 274.6328125, 0.6820352673530579)","(0.5394339561462402, 0.6852473616600037, -33.313045501708984)","(0.0005609436193481088, 193.2185821533203, 0.00012507189239840955)","(-1.7319531440734863, -0.003921756520867348, -33.009239196777344)","(0.0005747178802266717, 180.68821716308594, 3.920824553915736e-07)",0.0,-0.001373,"(0.000011, 0.000000, 0.000973)",LeftFalse_RightFalse,False,"(37.39499282836914, -0.003921627998352051, 0.7092443108558655)","(0.0006989157409407198, 98.73249053955078, -4.809772349290142e-07)",-0.365488,1.0,"(0.000000, -0.000001, 0.000000)",LeftFalse_RightFalse
54.923462,0.062737,"(-1.3440487384796143, 0.7960795164108276, -33.921627044677734)","(351.5939636230469, 274.6368408203125, 0.68226158618927)","(0.539423942565918, 0.6852462291717529, -33.31307601928711)","(0.0007985631236806512, 193.2205810546875, 0.00017930829199030995)","(-1.7319526672363281, -0.0039216578006744385, -33.00918960571289)","(0.0008184444741345942, 180.69021606445312, 1.7834195205068681e-06)",0.0,-0.001373,"(0.000009, 0.000002, 0.000861)",LeftFalse_RightFalse,False,"(37.39499282836914, -0.003921627998352051, 0.7092443108558655)","(0.0006989177782088518, 98.73249053955078, -5.42701741323981e-07)",-0.365488,1.0,"(0.000000, -0.000001, 0.000000)",LeftFalse_RightFalse
54.988403,0.063192,"(-1.3440394401550293, 0.7960821390151978, -33.9216423034668)","(351.6012878417969, 274.6226501464844, 0.6748499870300293)","(0.5394270420074463, 0.6852471232414246, -33.313072204589844)","(0.0006403105799108744, 193.21998596191406, 0.00014201700105331838)","(-1.7319529056549072, -0.003921627998352051, -33.00920867919922)","(0.0006558708264492452, 180.68960571289062, -2.8562050147229456e-07)",0.0,-0.001373,"(-0.000013, 0.000002, -0.001188)",LeftFalse_RightFalse,False,"(37.39499282836914, -0.003921627998352051, 0.7092443108558655)","(0.0006989266257733107, 98.73249053955078, -5.714405233447906e-07)",-0.365488,1.0,"(0.000000, -0.000001, 0.000000)",LeftFalse_RightFalse
55.05249,0.063365,"(-1.3438929319381714, 0.7978690266609192, -33.920928955078125)","(351.21905517578125, 274.1961364746094, 357.961669921875)","(0.5394219160079956, 0.685246467590332, -33.31308364868164)","(0.0007712696678936481, 193.22100830078125, 0.0001714693644316867)","(-1.7319525480270386, -0.003921606112271547, -33.009178161621094)","(0.0007901004864834249, 180.6906280517578, 5.267323643920463e-08)",0.0,-0.001373,"(0.000002, 0.000001, 0.000182)",LeftFalse_RightFalse,False,"(37.394996643066406, -0.003921627998352051, 0.7092443108558655)","(0.0006989358807913959, 98.73249053955078, -5.695385425497079e-07)",-0.365488,1.0,"(0.000000, -0.000001, 0.000000)",LeftFalse_RightFalse
55.111816,0.062549,"(-1.3430290222167969, 0.7984659671783447, -33.920265197753906)","(350.75982666015625, 274.3424377441406, 355.894775390625)","(0.5394268035888672, 0.6852471828460693, -33.31305694580078)","(0.0006570476689375937, 193.22006225585938, 0.00014482894039247185)","(-1.7319526672363281, -0.003921598196029663, -33.009193420410156)","(0.0006728193257004023, 180.68968200683594, -1.171912913378037e-06)",0.0,-0.001373,"(-0.000007, 0.000001, -0.000915)",LeftFalse_RightFalse,False,"(37.39499282836914, -0.003921627998352051, 0.7092443704605103)","(0.0006989421672187746, 98.73249053955078, -5.45072794011503e-07)",-0.365488,1.0,"(0.000000, -0.000001, 0.000000)",LeftFalse_RightFalse
55.174805,0.062651,"(-1.3417251110076904, 0.8004471659660339, -33.919273376464844)","(350.2822265625, 274.4504089355469, 352.7783203125)","(0.5394191741943359, 0.6852467656135559, -33.313106536865234)","(0.00070260523352772, 193.22158813476562, 0.00015556844300590456)","(-1.731952428817749, -0.003921685740351677, -33.00918197631836)","(0.0007196218357421458, 180.6912078857422, -5.722506557503948e-07)",0.0,-0.001373,"(0.000010, -0.000002, 0.000970)",LeftFalse_RightFalse,False,"(37.39499282836914, -0.003921627998352051, 0.7092443108558655)","(0.0006989462999626994, 98.73249053955078, -5.020557978241413e-07)",-0.365488,1.0,"(0.000000, -0.000001, 0.000000)",LeftFalse_RightFalse
55.237427,0.062651,"(-1.3415873050689697, 0.7993634343147278, -33.92028045654297)","(350.4800109863281, 274.1393127441406, 354.2662048339844)","(0.5394134521484375, 0.6852460503578186, -33.313114166259766)","(0.0008436505449935794, 193.22280883789062, 0.0001884682133095339)","(-1.7319519519805908, -0.003921654541045427, -33.00913619995117)","(0.0008644452900625765, 180.69244384765625, 9.43137649755954e-07)",0.0,-0.001373,"(-0.000001, 0.000002, -0.000042)",LeftFalse_RightFalse,False,"(37.39499282836914, -0.003921627998352051, 0.7092443108558655)","(0.0006989418179728091, 98.73249053955078, -4.560424997634982e-07)",-0.365488,1.0,"(0.000000, -0.000001, 0.000000)",LeftFalse_RightFalse
55.299194,0.062461,"(-1.3413318395614624, 0.7989709377288818, -33.91984939575195)","(350.4090270996094, 274.0233459472656, 353.6223449707031)","(0.5394101142883301, 0.6852478981018066, -33.31318664550781)","(0.0005182757158763707, 193.22323608398438, 0.00011424376134527847)","(-1.7319526672363281, -0.003921520430594683, -33.00919723510742)","(0.0005307169631123543, 180.69287109375, -9.210057214659173e-07)",0.0,-0.001373,"(-0.000017, -0.000001, -0.001654)",LeftFalse_RightFalse,False,"(37.39499282836914, -0.003921627998352051, 0.7092443108558655)","(0.0006989265675656497, 98.73249053955078, -4.2678260570028215e-07)",-0.365488,1.0,"(0.000000, -0.000001, 0.000000)",LeftFalse_RightFalse
55.363403,0.062809,"(-1.3412070274353027, 0.7988108396530151, -33.91965866088867)","(350.2676086425781, 273.8891906738281, 353.4679260253906)","(0.5394165515899658, 0.6852472424507141, -33.313148498535156)","(0.0006016665720380843, 193.22198486328125, 0.00013232561468612403)","(-1.7319526672363281, -0.003921736031770706, -33.00920867919922)","(0.0006160445627756417, 180.6916046142578, -1.3620743857245543e-06)",0.0,-0.001373,"(0.000023, 0.000000, 0.001986)",LeftFalse_RightFalse,False,"(37.39499282836914, -0.003921627998352051, 0.7092443108558655)","(0.0006989106186665595, 98.73249053955078, -4.193568940991099e-07)",-0.365488,1.0,"(0.000000, -0.000001, 0.000000)",LeftFalse_RightFalse
55.425903,0.062744,"(-1.3410221338272095, 0.7994030714035034, -33.918914794921875)","(350.2160949707031, 273.84869384765625, 353.02947998046875)","(0.5394153594970703, 0.6852468252182007, -33.31313705444336)","(0.0006958651356399059, 193.22230529785156, 0.00015298862126655877)","(-1.73195219039917, -0.003921685740351677, -33.00918197631836)","(0.0007124824333004653, 180.6919403076172, -1.62832043315575e-06)",0.0,-0.001373,"(0.000006, -0.000001, 0.000356)",LeftFalse_RightFalse,False,"(37.39499282836914, -0.003921627998352051, 0.7092443108558655)","(0.0006989013054408133, 98.73249053955078, -4.1172276610268455e-07)",-0.365488,1.0,"(0.000000, -0.000001, 0.000000)",LeftFalse_RightFalse
55.48877,0.062788,"(-1.3407785892486572, 0.799629271030426, -33.91802978515625)","(350.1114807128906, 274.08013916015625, 352.145751953125)","(0.5394225120544434, 0.6852472424507141, -33.3131103515625)","(0.0005779850180260837, 193.22085571289062, 0.00012774989590980113)","(-1.7319526672363281, -0.003921798430383205, -33.00921630859375)","(0.0005919343675486743, 180.69049072265625, -6.909434091539879e-07)",0.0,-0.001373,"(0.000002, -0.000001, 0.000321)",LeftFalse_RightFalse,False,"(37.39499282836914, -0.003921627998352051, 0.7092443108558655)","(0.0006989029352553189, 98.73249053955078, -4.087524700935319e-07)",-0.365488,1.0,"(0.000000, -0.000001, 0.000000)",LeftFalse_RightFalse
55.550049,0.062487,"(-1.340710163116455, 0.8003287315368652, -33.91770553588867)","(350.02435302734375, 274.17181396484375, 351.4871520996094)","(0.5394192934036255, 0.6852470636367798, -33.31313705444336)","(0.0006411715876311064, 193.22157287597656, 0.00014134151570033282)","(-1.7319525480270386, -0.003921762574464083, -33.009212493896484)","(0.0006565647781826556, 180.69119262695312, -1.131840122070571e-06)",0.0,-0.001373,"(0.000000, 0.000002, -0.000099)",LeftFalse_RightFalse,False,"(37.39499282836914, -0.003921627998352051, 0.7092443108558655)","(0.0006989124231040478, 98.73249053955078, -4.165950713286293e-07)",-0.365488,1.0,"(0.000000, -0.000001, 0.000000)",LeftFalse_RightFalse
55.613037,0.062581,"(-1.3405382633209229, 0.8006060719490051, -33.916873931884766)","(349.9403076171875, 274.25018310546875, 350.59735107421875)","(0.5394104719161987, 0.6852465271949768, -33.313194274902344)","(0.0007156258216127753, 193.2231903076172, 0.00016070828132797033)","(-1.7319525480270386, -0.003921814262866974, -33.00920486450195)","(0.0007334471447393298, 180.6928253173828, 1.6202808410525904e-06)",0.0,-0.001373,"(0.000001, 0.000000, 0.000415)",LeftFalse_RightFalse,False,"(37.39499282836914, -0.003921627998352051, 0.7092443108558655)","(0.0006989212124608457, 98.73249053955078, -4.419727304139087e-07)",-0.365488,1.0,"(0.000000, -0.000001, 0.000000)",LeftFalse_RightFalse
55.672241,0.061901,"(-1.3405927419662476, 0.8007023930549622, -33.9172248840332)","(349.8958740234375, 274.08319091796875, 350.2357482910156)","(0.5394210815429688, 0.6852464079856873, -33.31310272216797)","(0.0007636044756509364, 193.22109985351562, 0.00017002425738610327)","(-1.731952428817749, -0.0039217425510287285, -33.009193420410156)","(0.000782304210588336, 180.69073486328125, 3.0506129178320407e-07)",0.0,-0.001373,"(-0.000005, 0.000002, -0.000425)",LeftFalse_RightFalse,False,"(37.39499282836914, -0.003921627998352051, 0.7092443108558655)","(0.0006989274406805634, 98.73249053955078, -4.7587042217855924e-07)",-0.365488,1.0,"(0.000000, -0.000001, 0.000000)",LeftFalse_RightFalse
55.733643,0.0618,"(-1.3406398296356201, 0.8013802170753479, -33.91737747192383)","(349.8447265625, 273.7786560058594, 349.7525939941406)","(0.5394186973571777, 0.6852466464042664, -33.313114166259766)","(0.0007467889809049666, 193.2217559814453, 0.00016539046191610396)","(-1.73195219039917, -0.003921570722013712, -33.00918197631836)","(0.000764884112868458, 180.69137573242188, -5.701609211428149e-07)",0.0,-0.001373,"(-0.000002, 0.000001, -0.000207)",LeftFalse_RightFalse,False,"(37.39499282836914, -0.003921627998352051, 0.7092443108558655)","(0.0006989319226704538, 98.73249053955078, -5.124517770127568e-07)",-0.365488,1.0,"(0.000000, -0.000001, 0.000000)",LeftFalse_RightFalse
55.797852,0.062282,"(-1.3401392698287964, 0.801654577255249, -33.91828918457031)","(349.81610107421875, 273.3516540527344, 349.23834228515625)","(0.5394343137741089, 0.6852469444274902, -33.312992095947266)","(0.0006854519597254694, 193.2186737060547, 0.00015093848924152553)","(-1.7319523096084595, -0.00392164196819067, -33.00918197631836)","(0.0007018725736998022, 180.68829345703125, -1.370379777654307e-06)",0.0,-0.001373,"(-0.000005, -0.000001, -0.000649)",LeftFalse_RightFalse,False,"(37.39499282836914, -0.003921627998352051, 0.7092443108558655)","(0.0006989326793700457, 98.73249053955078, -5.366048867472273e-07)",-0.365488,1.0,"(0.000000, -0.000001, 0.000000)",LeftFalse_RightFalse
55.866333,0.063524,"(-1.339986801147461, 0.8017573952674866, -33.91864013671875)","(349.8197937011719, 273.2049560546875, 349.1396484375)","(0.5394279956817627, 0.6852462887763977, -33.313026428222656)","(0.0007789445226080716, 193.21994018554688, 0.00017239173757843673)","(-1.7319519519805908, -0.003921727184206247, -33.00916290283203)","(0.0007977925706654787, 180.6895751953125, -7.119824658730067e-07)",0.0,-0.001373,"(0.000003, -0.000001, 0.000409)",LeftFalse_RightFalse,False,"(37.39499282836914, -0.003921627998352051, 0.7092443108558655)","(0.0006989341345615685, 98.73249053955078, -5.342599251889624e-07)",-0.365488,1.0,"(0.000000, -0.000001, 0.000000)",LeftFalse_RightFalse
55.930542,0.063649,"(-1.3399474620819092, 0.8017905950546265, -33.91877746582031)","(349.773193359375, 273.11480712890625, 349.2113342285156)","(0.5394241809844971, 0.6852469444274902, -33.31308364868164)","(0.0006332326447591186, 193.2206573486328, 0.00014173660019878298)","(-1.731952428817749, -0.003921717405319214, -33.009193420410156)","(0.0006489005754701793, 180.69029235839844, 9.762736681295792e-07)",0.0,-0.001373,"(0.000004, 0.000000, 0.000608)",LeftFalse_RightFalse,False,"(37.39499282836914, -0.003921627998352051, 0.7092443108558655)","(0.0006989318644627929, 98.73249053955078, -5.155002327228431e-07)",-0.365488,1.0,"(0.000000, -0.000001, 0.000000)",LeftFalse_RightFalse
55.99646,0.064114,"(-1.34009850025177, 0.8018002510070801, -33.919464111328125)","(349.81622314453125, 273.11273193359375, 349.3060607910156)","(0.5394200086593628, 0.6852465271949768, -33.31309127807617)","(0.0007440259214490652, 193.2215118408203, 0.00016635216888971627)","(-1.7319520711898804, -0.00392165407538414, -33.0091667175293)","(0.0007623955025337636, 180.69113159179688, 9.68117547017755e-07)",0.0,-0.001373,"(0.000001, 0.000002, 0.000367)",LeftFalse_RightFalse,False,"(37.39499282836914, -0.003921627998352051, 0.7092442512512207)","(0.0006989245885051787, 98.73249053955078, -4.861622073804028e-07)",-0.365488,1.0,"(0.000000, -0.000001, 0.000000)",LeftFalse_RightFalse
56.06311,0.064618,"(-1.340137004852295, 0.8018059730529785, -33.91972732543945)","(349.8579406738281, 273.1126403808594, 349.3443603515625)","(0.5394225120544434, 0.6852471828460693, -33.313087463378906)","(0.0006339488900266588, 193.22091674804688, 0.00014078628737479448)","(-1.731952428817749, -0.003921592142432928, -33.00918960571289)","(0.0006493935361504555, 180.69053649902344, -1.0679416106995632e-07)",0.0,-0.001373,"(0.000000, -0.000003, -0.000082)",LeftFalse_RightFalse,False,"(37.39499282836914, -0.003921627998352051, 0.7092443108558655)","(0.0006989167886786163, 98.73249053955078, -4.625302096883388e-07)",-0.365488,1.0,"(0.000000, -0.000001, 0.000000)",LeftFalse_RightFalse
56.128418,0.064751,"(-1.3401458263397217, 0.8018074631690979, -33.91981887817383)","(349.8240966796875, 273.04541015625, 349.4396057128906)","(0.5394248962402344, 0.6852471232414246, -33.313087463378906)","(0.0006119903409853578, 193.22047424316406, 0.00013602942635770887)","(-1.7319526672363281, -0.003921746276319027, -33.00920486450195)","(0.000626926077529788, 180.69009399414062, 1.3697247780442012e-08)",0.0,-0.001373,"(0.000005, -0.000001, 0.000492)",LeftFalse_RightFalse,False,"(37.39499282836914, -0.003921627998352051, 0.7092443108558655)","(0.0006989169050939381, 98.73249053955078, -4.5492211597775167e-07)",-0.365488,1.0,"(0.000000, -0.000001, 0.000000)",LeftFalse_RightFalse
56.191772,0.064489,"(-1.3407891988754272, 0.8018038868904114, -33.91962432861328)","(349.84808349609375, 273.09228515625, 349.2608642578125)","(0.5394288301467896, 0.6852461099624634, -33.3129997253418)","(0.0008705059881322086, 193.21981811523438, 0.0001939518697327003)","(-1.7319518327713013, -0.003921519033610821, -33.00914001464844)","(0.0008918506791815162, 180.68943786621094, 4.6969083200565365e-07)",0.0,-0.001373,"(0.000009, 0.000003, 0.000705)",LeftFalse_RightFalse,False,"(37.39499282836914, -0.003921627998352051, 0.7092443108558655)","(0.0006989245302975178, 98.73249053955078, -4.622175424628949e-07)",-0.365488,1.0,"(0.000000, -0.000001, 0.000000)",LeftFalse_RightFalse
56.255859,0.064392,"(-1.3410214185714722, 0.8018063902854919, -33.919593811035156)","(349.85186767578125, 273.0781555175781, 349.2225341796875)","(0.5394320487976074, 0.6852468252182007, -33.312992095947266)","(0.0007165814749896526, 193.21923828125, 0.00015748025907669216)","(-1.7319519519805908, -0.003921625204384327, -33.009159088134766)","(0.0007336799171753228, 180.68885803222656, -1.7382209307470475e-06)",0.0,-0.001373,"(0.000004, 0.000000, 0.000419)",LeftFalse_RightFalse,False,"(37.39499282836914, -0.003921627998352051, 0.7092443108558655)","(0.0006989346584305167, 98.73249053955078, -4.729783142920496e-07)",-0.365488,1.0,"(0.000000, -0.000001, 0.000000)",LeftFalse_RightFalse
56.321289,0.064611,"(-1.3410816192626953, 0.8018069267272949, -33.919559478759766)","(349.8604431152344, 273.0630798339844, 349.248046875)","(0.5394419431686401, 0.6852469444274902, -33.31291580200195)","(0.0006997676682658494, 193.21742248535156, 0.00015478642308153212)","(-1.7319518327713013, -0.003921494819223881, -33.0091552734375)","(0.0007166820578277111, 180.6870574951172, -7.200038112387119e-07)",0.0,-0.001373,"(0.000017, -0.000001, 0.001594)",LeftFalse_RightFalse,False,"(37.39499282836914, -0.003921627998352051, 0.7092443704605103)","(0.0006989396642893553, 98.73249053955078, -4.7568804006914434e-07)",-0.365488,1.0,"(0.000000, -0.000001, 0.000000)",LeftFalse_RightFalse
56.38269,0.063954,"(-1.3411129713058472, 0.8018096089363098, -33.91958236694336)","(349.9081115722656, 273.00701904296875, 349.5298156738281)","(0.5394408702850342, 0.6852477192878723, -33.312950134277344)","(0.000528561242390424, 193.2175750732422, 0.00011731767881428823)","(-1.73195219039917, -0.003921568393707275, -33.009185791015625)","(0.0005414244951680303, 180.6872100830078, -1.5184730273176683e-07)",0.0,-0.001373,"(-0.000006, -0.000001, -0.000534)",LeftFalse_RightFalse,False,"(37.394989013671875, -0.003921627998352051, 0.7092442512512207)","(0.0006989375688135624, 98.73249053955078, -4.7170161110443587e-07)",-0.365488,1.0,"(0.000000, -0.000001, 0.000000)",LeftFalse_RightFalse
56.445801,0.063785,"(-1.341145396232605, 0.8018070459365845, -33.91957473754883)","(349.9574279785156, 273.023193359375, 349.57952880859375)","(0.5394335985183716, 0.6852468252182007, -33.31298828125)","(0.0006765671423636377, 193.21890258789062, 0.0001500826474511996)","(-1.7319520711898804, -0.003921749070286751, -33.00917053222656)","(0.0006930137169547379, 180.68853759765625, -2.7821761250379495e-07)",0.0,-0.001373,"(-0.000003, 0.000001, -0.000223)",LeftFalse_RightFalse,False,"(37.39499282836914, -0.003921627998352051, 0.7092443108558655)","(0.0006989254616200924, 98.73249053955078, -4.68444710577387e-07)",-0.365488,1.0,"(0.000000, -0.000001, 0.000000)",LeftFalse_RightFalse
56.510864,0.064038,"(-1.3411389589309692, 0.8018069267272949, -33.9195671081543)","(349.9685974121094, 272.8924865722656, 349.8294982910156)","(0.5394376516342163, 0.6852468252182007, -33.312957763671875)","(0.0006869339267723262, 193.21823120117188, 0.00015286188863683492)","(-1.7319520711898804, -0.003921697847545147, -33.0091667175293)","(0.0007037364994175732, 180.68785095214844, 1.8566743165138178e-07)",0.0,-0.001373,"(0.000002, -0.000001, 0.000336)",LeftFalse_RightFalse,False,"(37.39499282836914, -0.003921627998352051, 0.7092443108558655)","(0.0006989127723500133, 98.73249053955078, -4.796744974555622e-07)",-0.365488,1.0,"(0.000000, -0.000001, 0.000000)",LeftFalse_RightFalse
56.574585,0.063984,"(-1.3413028717041016, 0.80180424451828, -33.9202766418457)","(349.9941101074219, 272.73760986328125, 350.5751647949219)","(0.539445161819458, 0.6852459907531738, -33.31285095214844)","(0.0008529719198122621, 193.2169647216797, 0.00018971230019815266)","(-1.7319512367248535, -0.003921689465641975, -33.00910568237305)","(0.0008738146279938519, 180.6865997314453, 1.352552914113403e-07)",0.0,-0.001373,"(0.000003, 0.000001, 0.000230)",LeftFalse_RightFalse,False,"(37.39499282836914, -0.003921627998352051, 0.7092443704605103)","(0.000698906253091991, 98.73249053955078, -5.078400135971606e-07)",-0.365488,1.0,"(0.000000, -0.000001, 0.000000)",LeftFalse_RightFalse
56.640015,0.064287,"(-1.3413498401641846, 0.8018059134483337, -33.92053985595703)","(350.02239990234375, 272.844970703125, 350.5002746582031)","(0.5394518375396729, 0.6852467060089111, -33.31277847290039)","(0.0007660966366529465, 193.2156219482422, 0.0001692462683422491)","(-1.7319509983062744, -0.0039214566349983215, -33.00908660888672)","(0.0007845681975595653, 180.68524169921875, -9.95115215118858e-07)",0.0,-0.001373,"(0.000007, -0.000001, 0.000634)",LeftFalse_RightFalse,False,"(37.39499282836914, -0.00392163498327136, 0.7092443108558655)","(0.0006989043322391808, 98.73249053955078, -5.34989453626622e-07)",-0.365488,1.0,"(0.000000, -0.000001, 0.000000)",LeftFalse_RightFalse
56.707886,0.064996,"(-1.3413426876068115, 0.8018082976341248, -33.9206428527832)","(350.0120849609375, 272.8093566894531, 350.5937805175781)","(0.5394623279571533, 0.6852474808692932, -33.31270980834961)","(0.0006137487362138927, 193.21363830566406, 0.00013363812468014657)","(-1.7319509983062744, -0.00392153300344944, -33.00910186767578)","(0.0006281236419454217, 180.68325805664062, -2.7021410460292827e-06)",0.0,-0.001373,"(-0.000009, -0.000001, -0.001026)",LeftFalse_RightFalse,False,"(37.39499282836914, -0.0039216578006744385, 0.7092443108558655)","(0.0006982168415561318, 98.73249053955078, -1.2536413578345673e-06)",-0.365487,1.0,"(0.000000, 0.000000, 0.000000)",LeftFalse_RightFalse
56.770508,0.064519,"(-1.3413640260696411, 0.8018101453781128, -33.92072296142578)","(349.9949035644531, 272.88104248046875, 350.3253479003906)","(0.5394573211669922, 0.6852478981018066, -33.31278991699219)","(0.000485522992676124, 193.2144775390625, 0.00010554508480709046)","(-1.7319514751434326, -0.003921733237802982, -33.00914764404297)","(0.0004968571593053639, 180.68409729003906, -2.3065558707457967e-06)",0.0,-0.001373,"(0.000001, -0.000002, 0.000098)",LeftFalse_RightFalse,False,"(37.39499282836914, -0.0039216578006744385, 0.7092443108558655)","(0.0006981098558753729, 98.73249053955078, -1.5627330185452593e-06)",-0.365488,1.0,"(0.000000, 0.000000, 0.000000)",LeftFalse_RightFalse
56.836548,0.064832,"(-1.3413580656051636, 0.8018087148666382, -33.92073440551758)","(349.97491455078125, 272.92498779296875, 350.0807189941406)","(0.5394604206085205, 0.6852474212646484, -33.31277084350586)","(0.000572460237890482, 193.2139129638672, 0.00012554028944578022)","(-1.7319517135620117, -0.00392177514731884, -33.009151458740234)","(0.0005860617966391146, 180.6835479736328, -1.6492722352268174e-06)",0.0,-0.001373,"(-0.000004, 0.000000, -0.000426)",LeftFalse_RightFalse,False,"(37.39499282836914, -0.0039216578006744385, 0.7092443704605103)","(0.0006981202750466764, 98.73249053955078, -1.5981939895937103e-06)",-0.365487,1.0,"(0.000000, 0.000000, 0.000000)",LeftFalse_RightFalse
56.899414,0.064432,"(-1.3413522243499756, 0.801809549331665, -33.9207649230957)","(350.0008239746094, 272.9103698730469, 350.2931213378906)","(0.5394623279571533, 0.6852476596832275, -33.312782287597656)","(0.0005220313905738294, 193.21347045898438, 0.00011406809790059924)","(-1.7319519519805908, -0.0039217425510287285, -33.00918197631836)","(0.0005343449884094298, 180.68309020996094, -1.9072950863119331e-06)",0.0,-0.001373,"(0.000014, -0.000002, 0.001126)",LeftFalse_RightFalse,False,"(37.39499282836914, -0.0039216578006744385, 0.7092443108558655)","(0.0006980904727242887, 98.73249053955078, -1.700121629255591e-06)",-0.365488,1.0,"(0.000000, 0.000000, 0.000000)",LeftFalse_RightFalse
56.963379,0.064339,"(-1.3413459062576294, 0.801807165145874, -33.92074966430664)","(350.02923583984375, 272.85198974609375, 350.6977844238281)","(0.5394648313522339, 0.6852468848228455, -33.31275177001953)","(0.0006689406582154334, 193.2130584716797, 0.00014845353143755347)","(-1.7319518327713013, -0.003921764437109232, -33.00916290283203)","(0.000685215403791517, 180.6826934814453, -2.1393518068180128e-07)",0.0,-0.001373,"(0.000014, 0.000002, 0.001152)",LeftFalse_RightFalse,False,"(37.39499282836914, -0.0039216578006744385, 0.7092442512512207)","(0.0006981060141697526, 98.73249053955078, -1.6711483112885617e-06)",-0.365488,1.0,"(0.000000, 0.000000, 0.000000)",LeftFalse_RightFalse
57.0271,0.06422,"(-1.3413503170013428, 0.8018043041229248, -33.92071533203125)","(350.0321044921875, 272.85235595703125, 350.6556091308594)","(0.5394638776779175, 0.6852459907531738, -33.31272888183594)","(0.0008476767688989639, 193.21336364746094, 0.00018924351024907082)","(-1.731951355934143, -0.0039216699078679085, -33.009124755859375)","(0.0008685439242981374, 180.68299865722656, 8.26408381726651e-07)",0.0,-0.001373,"(0.000010, 0.000002, 0.000994)",LeftFalse_RightFalse,False,"(37.39499282836914, -0.0039216578006744385, 0.7092443108558655)","(0.0006980827311053872, 98.73249053955078, -1.7021278608808643e-06)",-0.365488,1.0,"(0.000000, 0.000001, 0.000000)",LeftFalse_RightFalse
57.089233,0.063795,"(-1.341359257698059, 0.8018038868904114, -33.920677185058594)","(350.0179443359375, 272.8386535644531, 350.54217529296875)","(0.5394608974456787, 0.6852459907531738, -33.31270980834961)","(0.0008911541081033647, 193.2139434814453, 0.00019925938977394253)","(-1.7319509983062744, -0.0039214459247887135, -33.00908279418945)","(0.0009131583501584828, 180.68357849121094, 1.1710587841662345e-06)",0.0,-0.001373,"(0.000017, 0.000000, 0.001580)",LeftFalse_RightFalse,False,"(37.39499282836914, -0.00392163684591651, 0.7092443108558655)","(0.0006981720798648894, 98.73249053955078, -1.4412120208362467e-06)",-0.365488,1.0,"(0.000000, 0.000001, 0.000000)",LeftFalse_RightFalse
57.154907,0.064167,"(-1.341370701789856, 0.8018066883087158, -33.920684814453125)","(350.0257263183594, 272.8568115234375, 350.54815673828125)","(0.5394574403762817, 0.6852469444274902, -33.31273651123047)","(0.0007210877956822515, 193.21466064453125, 0.00016059931658674031)","(-1.731951117515564, -0.003921389114111662, -33.00908660888672)","(0.0007387555087916553, 180.6842803955078, 3.2887928114178067e-07)",0.0,-0.001373,"(-0.000011, 0.000002, -0.001039)",LeftFalse_RightFalse,False,"(37.39499282836914, -0.003921627998352051, 0.7092443108558655)","(0.0006987777887843549, 98.73249053955078, -9.373584362037946e-07)",-0.365488,1.0,"(0.000000, 0.000001, 0.000000)",LeftFalse_RightFalse
57.216309,0.063611,"(-1.3413673639297485, 0.8018055558204651, -33.92066955566406)","(350.0189514160156, 272.887939453125, 350.4487609863281)","(0.5394583940505981, 0.685246467590332, -33.31271743774414)","(0.0007811287068761885, 193.21446228027344, 0.00017350484267808497)","(-1.7319508790969849, -0.00392153998836875, -33.009071350097656)","(0.0008001663372851908, 180.68409729003906, -9.92870354821207e-08)",0.0,-0.001373,"(0.000002, 0.000000, 0.000333)",LeftFalse_RightFalse,False,"(37.39499282836914, -0.003921627998352051, 0.7092443108558655)","(0.000698984891641885, 98.73249053955078, -4.903831154479121e-07)",-0.365488,1.0,"(0.000000, 0.000001, 0.000000)",LeftFalse_RightFalse
57.282471,0.06413,"(-1.3413751125335693, 0.8018031716346741, -33.92060470581055)","(350.0014343261719, 272.8465881347656, 350.50006103515625)","(0.5394561290740967, 0.6852457523345947, -33.31267166137695)","(0.0009345286525785923, 193.21498107910156, 0.0002093636430799961)","(-1.731950283050537, -0.00392146548256278, -33.009002685546875)","(0.0009576923330314457, 180.6846160888672, 1.6241436924246955e-06)",0.0,-0.001373,"(-0.000004, 0.000001, -0.000428)",LeftFalse_RightFalse,False,"(37.39499282836914, -0.003921627998352051, 0.7092443704605103)","(0.000698946591001004, 98.73249053955078, -5.764952106801502e-07)",-0.365488,1.0,"(0.000000, 0.000000, 0.000000)",LeftFalse_RightFalse
57.345215,0.063857,"(-1.341384768486023, 0.801808774471283, -33.920650482177734)","(350.0157470703125, 272.8323059082031, 350.61798095703125)","(0.5394527912139893, 0.685247540473938, -33.3127326965332)","(0.0005829038564115763, 193.21556091308594, 0.0001297663402510807)","(-1.7319507598876953, -0.003921524155884981, -33.00904846191406)","(0.0005971735226921737, 180.6851806640625, 2.1031534913618088e-07)",0.0,-0.001373,"(0.000000, -0.000004, -0.000022)",LeftFalse_RightFalse,False,"(37.39499282836914, -0.003921627998352051, 0.7092443108558655)","(0.0006989080575294793, 98.73249053955078, -6.299081860561273e-07)",-0.365488,1.0,"(0.000000, 0.000000, 0.000000)",LeftFalse_RightFalse
57.411499,0.064346,"(-1.3413788080215454, 0.8018044829368591, -33.92057800292969)","(350.01385498046875, 272.8634948730469, 350.5162048339844)","(0.5394554138183594, 0.6852461695671082, -33.312652587890625)","(0.0008468127925880253, 193.21524047851562, 0.00018824974540621042)","(-1.731949806213379, -0.003921584691852331, -33.008975982666016)","(0.0008674846612848341, 180.68487548828125, 4.379903018048026e-08)",0.0,-0.001373,"(0.000017, -0.000002, 0.001507)",LeftFalse_RightFalse,False,"(37.39499282836914, -0.003921627998352051, 0.7092442512512207)","(0.0006989453686401248, 98.73249053955078, -4.884550435235724e-07)",-0.365488,1.0,"(0.000000, 0.000000, 0.000000)",LeftFalse_RightFalse
57.474121,0.063989,"(-1.3414100408554077, 0.801808774471283, -33.92062759399414)","(349.9986572265625, 272.88800048828125, 350.3672790527344)","(0.5394450426101685, 0.6852474212646484, -33.31276321411133)","(0.0005769308190792799, 193.21717834472656, 0.0001281396980630234)","(-1.7319504022598267, -0.003921627998352051, -33.00901412963867)","(0.0005909898318350315, 180.68679809570312, -8.168110809947393e-08)",0.0,-0.001373,"(-0.000016, -0.000001, -0.001286)",LeftFalse_RightFalse,False,"(37.39499282836914, -0.003921627998352051, 0.7092443108558655)","(0.0006987462984398007, 98.73249053955078, -9.103653155762004e-07)",-0.365487,1.0,"(0.000000, 0.000000, 0.000000)",LeftFalse_RightFalse
57.539185,0.064196,"(-1.3414312601089478, 0.801813006401062, -33.92070388793945)","(350.0060119628906, 272.8587341308594, 350.4532165527344)","(0.5394365787506104, 0.6852487921714783, -33.31288528442383)","(0.00031633261824026704, 193.2184600830078, 6.94257250870578e-05)","(-1.7319512367248535, -0.003921657335013151, -33.00908660888672)","(0.00032386029488407075, 180.68807983398438, -8.585270734329242e-07)",0.0,-0.001373,"(-0.000009, -0.000003, -0.001010)",LeftFalse_RightFalse,False,"(37.39499282836914, -0.003921627998352051, 0.7092442512512207)","(0.0006988467066548765, 98.73249053955078, -6.063804676159634e-07)",-0.365487,1.0,"(0.000000, 0.000000, 0.000000)",LeftFalse_RightFalse
57.599487,0.063435,"(-1.3413996696472168, 0.8018102645874023, -33.920711517333984)","(350.0165710449219, 272.8044128417969, 350.6822814941406)","(0.5394473075866699, 0.6852476596832275, -33.31282424926758)","(0.00046780562843196094, 193.21644592285156, 0.00010392505646450445)","(-1.7319514751434326, -0.00392189621925354, -33.00910568237305)","(0.00047921043005771935, 180.68606567382812, -4.409438858488102e-08)",0.0,-0.001373,"(-0.000001, -0.000001, -0.000053)",LeftFalse_RightFalse,False,"(37.39499282836914, -0.003921627998352051, 0.7092443108558655)","(0.00069888198049739, 98.73249053955078, -4.504667003857321e-07)",-0.365488,1.0,"(0.000000, 0.000000, 0.000000)",LeftFalse_RightFalse
57.66394,0.063624,"(-1.3413528203964233, 0.8018065094947815, -33.92067337036133)","(350.0093078613281, 272.84027099609375, 350.5517578125)","(0.5394628047943115, 0.6852466464042664, -33.31269073486328)","(0.0007051166612654924, 193.21351623535156, 0.00015663629164919257)","(-1.7319512367248535, -0.003921797499060631, -33.00908279418945)","(0.0007223048596642911, 180.6831512451172, -7.467637175295749e-08)",0.0,-0.001373,"(0.000001, 0.000002, 0.000049)",LeftFalse_RightFalse,False,"(37.39499282836914, -0.003921627998352051, 0.7092443108558655)","(0.000698892748914659, 98.73249053955078, -3.852507575174968e-07)",-0.365487,1.0,"(0.000000, 0.000000, 0.000000)",LeftFalse_RightFalse
57.72583,0.063292,"(-1.341335415840149, 0.8018049597740173, -33.9206428527832)","(349.99847412109375, 272.88848876953125, 350.36865234375)","(0.5394692420959473, 0.6852462291717529, -33.312625885009766)","(0.000806498690508306, 193.21246337890625, 0.00017823802772909403)","(-1.7319507598876953, -0.003921733237802982, -33.00905990600586)","(0.0008259589085355401, 180.6820831298828, -9.830179124037386e-07)",0.0,-0.001373,"(0.000004, 0.000003, 0.000399)",LeftFalse_RightFalse,False,"(37.39499282836914, -0.003921627998352051, 0.7092443108558655)","(0.0006988560780882835, 98.73249053955078, -4.5948175397825253e-07)",-0.365487,1.0,"(0.000000, 0.000000, 0.000000)",LeftFalse_RightFalse
57.789917,0.063448,"(-1.341333031654358, 0.8018044233322144, -33.920616149902344)","(349.9949035644531, 272.8540954589844, 350.4841003417969)","(0.5394701957702637, 0.6852461099624634, -33.31259536743164)","(0.0008462053374387324, 193.2123260498047, 0.0001878111797850579)","(-1.7319505214691162, -0.003921635914593935, -33.009033203125)","(0.0008667967631481588, 180.6819610595703, -2.5255047830796684e-07)",0.0,-0.001373,"(0.000008, 0.000002, 0.000824)",LeftFalse_RightFalse,False,"(37.39499282836914, -0.003921627998352051, 0.7092442512512207)","(0.0006988256936892867, 98.73249053955078, -5.588559588431963e-07)",-0.365488,1.0,"(0.000000, 0.000000, 0.000000)",LeftFalse_RightFalse
57.850342,0.062839,"(-1.341322898864746, 0.80180424451828, -33.92058181762695)","(349.9718322753906, 272.88275146484375, 350.3260192871094)","(0.5394734144210815, 0.6852461099624634, -33.312538146972656)","(0.0008635133854113519, 193.2117156982422, 0.0001913367595989257)","(-1.7319501638412476, -0.003921486437320709, -33.009002685546875)","(0.0008844572002999485, 180.68133544921875, -5.660299962073623e-07)",0.0,-0.001373,"(0.000004, 0.000002, 0.000356)",LeftFalse_RightFalse,False,"(37.39499282836914, -0.003921627998352051, 0.7092443108558655)","(0.0006988893146626651, 98.73249053955078, -4.862924924964318e-07)",-0.365487,1.0,"(0.000000, 0.000000, 0.000000)",LeftFalse_RightFalse
57.91687,0.063574,"(-1.3413240909576416, 0.8018083572387695, -33.920616149902344)","(349.9518737792969, 272.96002197265625, 350.1399841308594)","(0.5394729375839233, 0.6852474212646484, -33.31257629394531)","(0.0006099111051298678, 193.21176147460938, 0.0001339720474788919)","(-1.7319504022598267, -0.003921516239643097, -33.00904083251953)","(0.0006244499236345291, 180.68138122558594, -1.5435803106811363e-06)",0.0,-0.001373,"(-0.000007, -0.000002, -0.000555)",LeftFalse_RightFalse,False,"(37.394989013671875, -0.003921627998352051, 0.7092443108558655)","(0.000698886695317924, 98.73249053955078, -6.115653832239332e-07)",-0.365487,1.0,"(0.000000, 0.000000, 0.000000)",LeftFalse_RightFalse
57.981323,0.063743,"(-1.3413193225860596, 0.8018075823783875, -33.92061233520508)","(349.9502868652344, 272.9119873046875, 350.279541015625)","(0.5394742488861084, 0.6852471232414246, -33.31256103515625)","(0.0006496464484371245, 193.2114715576172, 0.0001433653524145484)","(-1.7319505214691162, -0.003921616356819868, -33.009037017822266)","(0.0006652766605839133, 180.68109130859375, -9.94862034531252e-07)",0.0,-0.001373,"(-0.000023, -0.000001, -0.002032)",LeftFalse_RightFalse,False,"(37.39499282836914, -0.003921627998352051, 0.7092443108558655)","(0.0006989132962189615, 98.73249053955078, -5.696688276657369e-07)",-0.365488,1.0,"(0.000000, 0.000000, 0.000000)",LeftFalse_RightFalse
58.046387,0.064012,"(-1.3412951231002808, 0.8018096685409546, -33.92064666748047)","(349.9547119140625, 272.89337158203125, 350.2914733886719)","(0.539482831954956, 0.6852477192878723, -33.31254577636719)","(0.0005171916563995183, 193.2099151611328, 0.00011374040332157165)","(-1.7319509983062744, -0.00392170762643218, -33.00908279418945)","(0.0005295494920574129, 180.67953491210938, -1.1771758181566838e-06)",0.0,-0.001373,"(-0.000007, -0.000003, -0.000702)",LeftFalse_RightFalse,False,"(37.39499282836914, -0.003921627998352051, 0.7092443108558655)","(0.0006989432731643319, 98.73249053955078, -5.11956727677898e-07)",-0.365487,1.0,"(0.000000, 0.000000, 0.000000)",LeftFalse_RightFalse
58.109253,0.063778,"(-1.3413164615631104, 0.8018057346343994, -33.92063903808594)","(349.9644470214844, 272.8901672363281, 350.33245849609375)","(0.5394754409790039, 0.6852462887763977, -33.31258010864258)","(0.0007496952312067151, 193.21127319335938, 0.00016808044165372849)","(-1.7319507598876953, -0.003921887371689081, -33.009063720703125)","(0.0007683047442696989, 180.68089294433594, 1.4252290156946401e-06)",0.0,-0.001373,"(0.000009, 0.000000, 0.001010)",LeftFalse_RightFalse,False,"(37.39499282836914, -0.003921627998352051, 0.7092443108558655)","(0.0006988598615862429, 98.73249053955078, -7.203715313153225e-07)",-0.365487,1.0,"(0.000000, 0.000000, 0.000000)",LeftFalse_RightFalse
58.175659,0.064309,"(-1.3412952423095703, 0.8018049001693726, -33.92060470581055)","(349.9769592285156, 272.877197265625, 350.37908935546875)","(0.5394831895828247, 0.6852462291717529, -33.312503814697266)","(0.0008161481819115579, 193.2099609375, 0.00018167664529755712)","(-1.7319504022598267, -0.003921655938029289, -33.009037017822266)","(0.0008361245272681117, 180.67958068847656, 2.8015057296215673e-07)",0.0,-0.001373,"(0.000007, 0.000003, 0.000369)",LeftFalse_RightFalse,False,"(37.39499282836914, -0.003921627998352051, 0.7092443108558655)","(0.0006989440298639238, 98.73249053955078, -5.028374516768963e-07)",-0.365487,1.0,"(0.000000, 0.000000, 0.000000)",LeftFalse_RightFalse
58.237671,0.063858,"(-1.3412859439849854, 0.8018079400062561, -33.92061996459961)","(349.9626770019531, 272.88037109375, 350.3352355957031)","(0.5394859313964844, 0.6852473616600037, -33.3125)","(0.0006348901079036295, 193.20936584472656, 0.00013861522893421352)","(-1.7319505214691162, -0.003921516239643097, -33.00905990600586)","(0.000649841211270541, 180.6790008544922, -2.4303433292516274e-06)",0.0,-0.001373,"(-0.000001, 0.000000, -0.000192)",LeftFalse_RightFalse,False,"(37.39499282836914, -0.003921627998352051, 0.7092443108558655)","(0.0006988021777942777, 98.73249053955078, -8.373328910238342e-07)",-0.365488,1.0,"(0.000000, 0.000000, 0.000000)",LeftFalse_RightFalse
58.30127,0.063808,"(-1.3412797451019287, 0.8018072843551636, -33.920616149902344)","(349.9709777832031, 272.8677062988281, 350.3847351074219)","(0.5394883155822754, 0.6852470636367798, -33.31248092651367)","(0.0006644552922807634, 193.208984375, 0.00014512622146867216)","(-1.731950283050537, -0.003921666648238897, -33.009056091308594)","(0.0006801150157116354, 180.67861938476562, -2.4888329335226445e-06)",0.0,-0.001373,"(0.000020, -0.000002, 0.001885)",LeftFalse_RightFalse,False,"(37.39499282836914, -0.003921627998352051, 0.7092443108558655)","(0.0006988220848143101, 98.73249053955078, -7.551029739261139e-07)",-0.365488,1.0,"(0.000000, 0.000000, 0.000000)",LeftFalse_RightFalse
58.365112,0.063812,"(-1.341278076171875, 0.8018049001693726, -33.92057418823242)","(349.9860534667969, 272.84637451171875, 350.5045166015625)","(0.5394892692565918, 0.6852462291717529, -33.31243896484375)","(0.0008199494332075119, 193.20892333984375, 0.00018243864178657532)","(-1.731949806213379, -0.003921598196029663, -33.00901412963867)","(0.0008400006918236613, 180.6785430908203, 1.9929547079300391e-07)",0.0,-0.001373,"(-0.000003, 0.000001, -0.000040)",LeftFalse_RightFalse,False,"(37.394996643066406, -0.003921627998352051, 0.7092443704605103)","(0.0006988252280279994, 98.73249053955078, -7.132584869395941e-07)",-0.365488,1.0,"(0.000000, 0.000000, 0.000000)",LeftFalse_RightFalse
58.430786,0.064181,"(-1.3412549495697021, 0.8018077611923218, -33.920589447021484)","(349.93206787109375, 272.9029541015625, 350.3987121582031)","(0.5394964218139648, 0.6852471232414246, -33.31240463256836)","(0.0006384315784089267, 193.20742797851562, 0.00014146705507300794)","(-1.731950283050537, -0.003921604715287685, -33.00904083251953)","(0.0006539171445183456, 180.67706298828125, -4.148012919813482e-07)",0.0,-0.001373,"(-0.000008, 0.000000, -0.000814)",LeftFalse_RightFalse,False,"(37.39499282836914, -0.003921627998352051, 0.7092443108558655)","(0.0006988286040723324, 98.73249053955078, -6.736025852660532e-07)",-0.365488,1.0,"(0.000000, 0.000000, 0.000000)",LeftFalse_RightFalse
58.495728,0.064335,"(-1.3414537906646729, 0.8010159730911255, -33.921363830566406)","(350.0119323730469, 272.86260986328125, 351.05035400390625)","(0.5394890308380127, 0.6852471232414246, -33.312469482421875)","(0.0006379299447871745, 193.20877075195312, 0.0001417153252987191)","(-1.731950283050537, -0.003921602386981249, -33.00905227661133)","(0.0006534812855534256, 180.6783905029297, -6.36224939398744e-08)",0.0,-0.001373,"(-0.000003, -0.000003, -0.000187)",LeftFalse_RightFalse,False,"(37.39499282836914, -0.003921627998352051, 0.7092443108558655)","(0.0006990074762143195, 98.73249053955078, -2.39290073977827e-07)",-0.365488,1.0,"(0.000000, 0.000000, 0.000000)",LeftFalse_RightFalse
58.56311,0.064937,"(-1.3419139385223389, 0.7994803190231323, -33.92338562011719)","(350.0340881347656, 272.7048034667969, 353.22174072265625)","(0.5394954681396484, 0.6852466464042664, -33.312408447265625)","(0.0007272775983437896, 193.20755004882812, 0.00016060812049545348)","(-1.731950044631958, -0.0039217290468513966, -33.009037017822266)","(0.0007447996758855879, 180.67718505859375, -1.0054416179627879e-06)",0.0,-0.001373,"(0.000011, 0.000001, 0.000977)",LeftFalse_RightFalse,False,"(37.39499282836914, -0.003921627998352051, 0.7092443108558655)","(0.0006987986853346229, 98.73249053955078, -7.685474088248156e-07)",-0.365488,1.0,"(0.000000, 0.000000, 0.000000)",LeftFalse_RightFalse
58.630005,0.065339,"(-1.3420655727386475, 0.7987436652183533, -33.92414855957031)","(350.50189208984375, 272.25830078125, 355.0048522949219)","(0.539505124092102, 0.6852471232414246, -33.31235122680664)","(0.0006434834795072675, 193.2058563232422, 0.0001407452509738505)","(-1.7319499254226685, -0.003921680152416229, -33.00904846191406)","(0.0006586922681890428, 180.6754913330078, -2.215492486357107e-06)",0.0,-0.001373,"(0.000004, 0.000000, 0.000314)",LeftFalse_RightFalse,False,"(37.39499282836914, -0.003921627998352051, 0.7092443704605103)","(0.0006988421664573252, 98.73249053955078, -6.777974590477243e-07)",-0.365488,1.0,"(0.000000, 0.000000, 0.000000)",LeftFalse_RightFalse
58.690674,0.064388,"(-1.3421120643615723, 0.798520028591156, -33.92430877685547)","(350.51434326171875, 272.2446594238281, 355.92437744140625)","(0.5395077466964722, 0.6852462291717529, -33.31227111816406)","(0.000830496137496084, 193.20545959472656, 0.00018406556046102196)","(-1.7319492101669312, -0.003921584691852331, -33.00898361206055)","(0.0008506490848958492, 180.6750946044922, -5.007155436942412e-07)",0.0,-0.001373,"(-0.000002, 0.000002, -0.000253)",LeftFalse_RightFalse,False,"(37.39499282836914, -0.003921627998352051, 0.7092442512512207)","(0.0006990261608734727, 98.73249053955078, -2.554702973611711e-07)",-0.365488,1.0,"(0.000000, 0.000000, 0.000000)",LeftFalse_RightFalse
58.751831,0.063764,"(-1.3423211574554443, 0.79759681224823, -33.92526626586914)","(350.801025390625, 271.8651123046875, 357.5904235839844)","(0.5395150184631348, 0.6852467060089111, -33.312191009521484)","(0.0007844262872822583, 193.20404052734375, 0.00017127805040217936)","(-1.7319488525390625, -0.00392142403870821, -33.00896072387695)","(0.0008029020973481238, 180.67367553710938, -2.9884590730944183e-06)",0.0,-0.001373,"(-0.000007, 0.000001, -0.000991)",LeftFalse_RightFalse,False,"(37.39499282836914, -0.003921627998352051, 0.7092442512512207)","(0.000698795192874968, 98.73249053955078, -8.62554202285537e-07)",-0.365488,1.0,"(0.000000, 0.000000, 0.000000)",LeftFalse_RightFalse
58.813965,0.063426,"(-1.3427382707595825, 0.7972348928451538, -33.926998138427734)","(351.3638916015625, 271.43572998046875, 0.2041829526424408)","(0.5395117998123169, 0.6852468252182007, -33.312217712402344)","(0.0007370405946858227, 193.2047576904297, 0.00016385815979447216)","(-1.731948733329773, -0.0039214324206113815, -33.00895690917969)","(0.0007550353766418993, 180.67437744140625, 4.9023892501054434e-08)",0.0,-0.001373,"(0.000016, -0.000001, 0.001526)",LeftFalse_RightFalse,False,"(37.39499282836914, -0.003921627998352051, 0.7092443108558655)","(0.0006989886169321835, 98.73249053955078, -4.0132675849235966e-07)",-0.365488,1.0,"(0.000000, 0.000000, 0.000000)",LeftFalse_RightFalse
58.875122,0.062984,"(-1.3431556224822998, 0.796744704246521, -33.92753982543945)","(351.47613525390625, 271.169921875, 0.4992141127586365)","(0.5395135879516602, 0.6852461099624634, -33.31216812133789)","(0.000832685618661344, 193.20458984375, 0.00018508484936319292)","(-1.7319481372833252, -0.0039217169396579266, -33.008914947509766)","(0.0008530075429007411, 180.67420959472656, 1.9277925034089094e-08)",0.0,-0.001373,"(0.000019, -0.000002, 0.001644)",LeftFalse_RightFalse,False,"(37.39499282836914, -0.003921627998352051, 0.7092443108558655)","(0.0006988559616729617, 98.73249053955078, -7.259994276864745e-07)",-0.365488,1.0,"(0.000000, 0.000000, 0.000000)",LeftFalse_RightFalse
58.939941,0.063338,"(-1.3433306217193604, 0.7965437769889832, -33.927738189697266)","(351.4416198730469, 271.2409973144531, 0.6771068572998047)","(0.5395128726959229, 0.6852459907531738, -33.3121337890625)","(0.0008700058097019792, 193.20477294921875, 0.00019350812362972647)","(-1.731947660446167, -0.0039216154254972935, -33.008872985839844)","(0.000891266216058284, 180.6743927001953, 1.4501740963623888e-07)",0.0,-0.001373,"(-0.000011, -0.000001, -0.001009)",LeftFalse_RightFalse,False,"(37.39499282836914, -0.003921627998352051, 0.7092443108558655)","(0.0006989300600253046, 98.73249053955078, -5.555729671868903e-07)",-0.365489,1.0,"(0.000000, -0.000001, 0.000000)",LeftFalse_RightFalse
59.000732,0.062838,"(-1.3433902263641357, 0.7964800596237183, -33.927833557128906)","(351.6224060058594, 271.2440185546875, 0.6908871531486511)","(0.5395119190216064, 0.6852467656135559, -33.31215286254883)","(0.0007033357978798449, 193.2049102783203, 0.00015633822476956993)","(-1.731947898864746, -0.003921670839190483, -33.008888244628906)","(0.0007205018773674965, 180.67454528808594, 2.0706476533405294e-08)",0.0,-0.001373,"(0.000004, -0.000001, 0.000342)",LeftFalse_RightFalse,False,"(37.39499282836914, -0.003921627998352051, 0.7092443108558655)","(0.0006989560788497329, 98.73249053955078, -4.848073444918555e-07)",-0.365488,1.0,"(0.000000, -0.000001, 0.000000)",LeftFalse_RightFalse
59.068237,0.063759,"(-1.3434524536132812, 0.7964544892311096, -33.92791748046875)","(351.5402526855469, 271.2785949707031, 0.6864150166511536)","(0.5394994020462036, 0.6852477788925171, -33.31228256225586)","(0.0005105980089865625, 193.2072296142578, 0.00011375448957551271)","(-1.7319482564926147, -0.003921599593013525, -33.00892639160156)","(0.0005231159157119691, 180.67686462402344, 2.671110053142911e-07)",0.0,-0.001373,"(-0.000017, 0.000000, -0.001451)",LeftFalse_RightFalse,False,"(37.39499282836914, -0.003921627998352051, 0.7092443108558655)","(0.0006989601533859968, 98.73249053955078, -4.47835134309571e-07)",-0.365488,1.0,"(0.000000, -0.000001, 0.000000)",LeftFalse_RightFalse
59.131592,0.063674,"(-1.3434584140777588, 0.7964453101158142, -33.92793655395508)","(351.5684509277344, 271.2874755859375, 0.661113440990448)","(0.5394997596740723, 0.6852474808692932, -33.31228256225586)","(0.0005256120930425823, 193.20712280273438, 0.00011624105536611751)","(-1.7319483757019043, -0.003921820316463709, -33.008934020996094)","(0.0005383118987083435, 180.67674255371094, -5.629652832794818e-07)",0.0,-0.001373,"(-0.000004, -0.000002, -0.000447)",LeftFalse_RightFalse,False,"(37.39499282836914, -0.003921627998352051, 0.7092443108558655)","(0.0006989511894062161, 98.73249053955078, -4.4681897293230577e-07)",-0.365487,1.0,"(0.000000, -0.000001, 0.000000)",LeftFalse_RightFalse
59.196167,0.063855,"(-1.343475580215454, 0.7964421510696411, -33.92797088623047)","(351.564208984375, 271.3654479980469, 0.6728947758674622)","(0.5394947528839111, 0.6852474808692932, -33.312347412109375)","(0.0005153611418791115, 193.20799255371094, 0.00011601344886003062)","(-1.7319486141204834, -0.003921804018318653, -33.00896072387695)","(0.0005282556521706283, 180.67762756347656, 1.4388915587915108e-06)",0.0,-0.001373,"(0.000010, -0.000001, 0.000985)",LeftFalse_RightFalse,False,"(37.39499282836914, -0.003921627998352051, 0.7092443108558655)","(0.0006990227266214788, 98.73249053955078, -2.494515740636416e-07)",-0.365488,1.0,"(0.000000, -0.000001, 0.000000)",LeftFalse_RightFalse
59.258545,0.06357,"(-1.3434747457504272, 0.7964399456977844, -33.927978515625)","(351.569580078125, 271.37921142578125, 0.6918067932128906)","(0.5394954681396484, 0.6852472424507141, -33.312347412109375)","(0.0005792683223262429, 193.20787048339844, 0.00012931815581396222)","(-1.7319486141204834, -0.0039217970333993435, -33.00896453857422)","(0.0005935272201895714, 180.67750549316406, 5.615668783320871e-07)",0.0,-0.001373,"(0.000008, 0.000001, 0.000694)",LeftFalse_RightFalse,False,"(37.39499282836914, -0.003921627998352051, 0.7092443704605103)","(0.0006989171379245818, 98.73249053955078, -5.289446676215448e-07)",-0.365489,1.0,"(0.000000, -0.000001, 0.000000)",LeftFalse_RightFalse
59.322021,0.063559,"(-1.3434770107269287, 0.7964406609535217, -33.928016662597656)","(351.582763671875, 271.403564453125, 0.6895052790641785)","(0.539494514465332, 0.6852476000785828, -33.31238555908203)","(0.0005119406268931925, 193.2079620361328, 0.00011314617586322129)","(-1.7319490909576416, -0.00392178725451231, -33.009002685546875)","(0.0005242946790531278, 180.67758178710938, -6.180020477586368e-07)",0.0,-0.001373,"(0.000013, -0.000001, 0.001153)",LeftFalse_RightFalse,False,"(37.39499282836914, -0.003921627998352051, 0.7092443108558655)","(0.0006989672547206283, 98.73249053955078, -4.134423932100617e-07)",-0.365487,1.0,"(0.000000, 0.000000, 0.000000)",LeftFalse_RightFalse
59.383423,0.063111,"(-1.343459129333496, 0.7964375019073486, -33.92798614501953)","(351.58770751953125, 271.411376953125, 0.6954365968704224)","(0.5395009517669678, 0.6852468252182007, -33.31231689453125)","(0.0007037172908894718, 193.2068634033203, 0.00015561908367089927)","(-1.7319488525390625, -0.003921717405319214, -33.008975982666016)","(0.0007207184098660946, 180.67648315429688, -7.640931016794639e-07)",0.0,-0.001373,"(0.000019, 0.000002, 0.001907)",LeftFalse_RightFalse,False,"(37.394996643066406, -0.003921627998352051, 0.7092443704605103)","(0.0006989966495893896, 98.73249053955078, -3.5502685591382033e-07)",-0.365488,1.0,"(0.000000, -0.000001, 0.000000)",LeftFalse_RightFalse
59.446533,0.063112,"(-1.3434555530548096, 0.7964327335357666, -33.92790222167969)","(351.5803527832031, 271.41461181640625, 0.6980263590812683)","(0.5395028591156006, 0.6852453947067261, -33.312232971191406)","(0.001000465708784759, 193.20668029785156, 0.0002225327625637874)","(-1.731947898864746, -0.003921564668416977, -33.00889205932617)","(0.0010249157203361392, 180.6763153076172, 1.741465922577845e-07)",0.0,-0.001373,"(0.000007, 0.000003, 0.000789)",LeftFalse_RightFalse,False,"(37.39499282836914, -0.003921627998352051, 0.7092443108558655)","(0.0006990028196014464, 98.73249053955078, -3.744639514025039e-07)",-0.365488,1.0,"(0.000000, -0.000001, 0.000000)",LeftFalse_RightFalse
59.512451,0.063676,"(-1.343474268913269, 0.7964335680007935, -33.92787170410156)","(351.57470703125, 271.4097595214844, 0.6988497972488403)","(0.5394970178604126, 0.6852456331253052, -33.31224060058594)","(0.0009463749593123794, 193.20787048339844, 0.00021177927555982023)","(-1.7319475412368774, -0.003921478986740112, -33.008853912353516)","(0.0009697804925963283, 180.67750549316406, 1.412140022694075e-06)",0.0,-0.001373,"(0.000008, 0.000001, 0.000731)",LeftFalse_RightFalse,False,"(37.39499282836914, -0.003921627998352051, 0.7092443108558655)","(0.0006989824469201267, 98.73249053955078, -4.512222915309394e-07)",-0.365488,1.0,"(0.000000, -0.000001, 0.000000)",LeftFalse_RightFalse
59.574951,0.063442,"(-1.3434734344482422, 0.796440601348877, -33.92794418334961)","(351.5839538574219, 271.40777587890625, 0.6986895203590393)","(0.5394965410232544, 0.6852478384971619, -33.31230545043945)","(0.0005176818231120706, 193.207763671875, 0.00011434574116719887)","(-1.7319484949111938, -0.003921537660062313, -33.00893020629883)","(0.0005301593919284642, 180.67739868164062, -6.925966999915545e-07)",0.0,-0.001373,"(-0.000021, -0.000003, -0.001836)",LeftFalse_RightFalse,False,"(37.39499282836914, -0.003921627998352051, 0.7092443108558655)","(0.0006989471730776131, 98.73249053955078, -5.330092562871869e-07)",-0.365488,1.0,"(0.000000, -0.000001, 0.000000)",LeftFalse_RightFalse
59.63855,0.063471,"(-1.3434889316558838, 0.7964358925819397, -33.92789840698242)","(351.5743103027344, 271.4174499511719, 0.6990859508514404)","(0.5394917726516724, 0.6852462291717529, -33.312294006347656)","(0.0007943572709336877, 193.20875549316406, 0.00017787973047234118)","(-1.7319480180740356, -0.003921662922948599, -33.00887680053711)","(0.0008140289573930204, 180.67837524414062, 1.3013615216550534e-06)",0.0,-0.001373,"(0.000010, 0.000000, 0.000929)",LeftFalse_RightFalse,False,"(37.39499282836914, -0.003921627998352051, 0.7092443108558655)","(0.0006989152752794325, 98.73249053955078, -5.852758135915792e-07)",-0.365488,1.0,"(0.000000, -0.000001, 0.000000)",LeftFalse_RightFalse
59.701782,0.063424,"(-1.3434956073760986, 0.7964381575584412, -33.92790603637695)","(351.5854187011719, 271.42279052734375, 0.6972804069519043)","(0.5394893884658813, 0.6852470636367798, -33.312313079833984)","(0.0006632486474700272, 193.20916748046875, 0.00014664127957075834)","(-1.7319480180740356, -0.003921588882803917, -33.008880615234375)","(0.000679265649523586, 180.6787872314453, -7.480672934434551e-07)",0.0,-0.001373,"(-0.000013, 0.000001, -0.001235)",LeftFalse_RightFalse,False,"(37.39499282836914, -0.003921627998352051, 0.7092443108558655)","(0.0006988948443904519, 98.73249053955078, -5.844420343237289e-07)",-0.365488,1.0,"(0.000000, -0.000001, 0.000000)",LeftFalse_RightFalse
59.764282,0.063252,"(-1.3435078859329224, 0.7964426279067993, -33.927978515625)","(351.5739440917969, 271.4149475097656, 0.689281165599823)","(0.5394842624664307, 0.6852483749389648, -33.31241226196289)","(0.00038299933657981455, 193.20989990234375, 8.35914834169671e-05)","(-1.7319486141204834, -0.003921695984899998, -33.00895309448242)","(0.00039201241452246904, 180.67953491210938, -1.4939944321668008e-06)",0.0,-0.001373,"(-0.000013, -0.000004, -0.001223)",LeftFalse_RightFalse,False,"(37.39499282836914, -0.003921627998352051, 0.7092443108558655)","(0.0006988908862695098, 98.73249053955078, -5.227175279287621e-07)",-0.365488,1.0,"(0.000000, -0.000001, 0.000000)",LeftFalse_RightFalse
59.829102,0.063557,"(-1.3435301780700684, 0.7964391112327576, -33.927978515625)","(351.56842041015625, 271.482421875, 0.6936529278755188)","(0.5394771099090576, 0.6852471232414246, -33.31245803833008)","(0.0005886785802431405, 193.2113037109375, 0.00013122476229909807)","(-1.7319486141204834, -0.00392185477539897, -33.008941650390625)","(0.0006031271768733859, 180.68092346191406, 3.8110252376100107e-07)",0.0,-0.001373,"(-0.000010, 0.000002, -0.000999)",LeftFalse_RightFalse,False,"(37.39499282836914, -0.003921627998352051, 0.7092443108558655)","(0.0006988973473198712, 98.73249053955078, -4.478090716020233e-07)",-0.365488,1.0,"(0.000000, -0.000001, 0.000000)",LeftFalse_RightFalse
59.89209,0.063452,"(-1.34352445602417, 0.7964415550231934, -33.92805480957031)","(351.5372314453125, 271.5207824707031, 0.6878618597984314)","(0.5394781827926636, 0.6852479577064514, -33.31251907348633)","(0.00043871652451343834, 193.2108917236328, 9.639882046030834e-05)","(-1.7319494485855103, -0.003921861760318279, -33.0090217590332)","(0.00044918112689629197, 180.68051147460938, -1.0799628853419563e-06)",0.0,-0.001373,"(0.000012, -0.000003, 0.000989)",LeftFalse_RightFalse,False,"(37.39499282836914, -0.003921627998352051, 0.7092443108558655)","(0.0006989104440435767, 98.73249053955078, -3.853028829325922e-07)",-0.365488,1.0,"(0.000000, -0.000001, 0.000000)",LeftFalse_RightFalse
59.957275,0.063783,"(-1.343542218208313, 0.7964386343955994, -33.92806625366211)","(351.487548828125, 271.639892578125, 0.684324324131012)","(0.5394724607467651, 0.685247004032135, -33.31257247924805)","(0.0006215584580786526, 193.21200561523438, 0.00013852659321855754)","(-1.7319492101669312, -0.003921801224350929, -33.00902557373047)","(0.0006368079339154065, 180.68162536621094, 3.7550941556219186e-07)",0.0,-0.001373,"(0.000005, 0.000000, 0.000581)",LeftFalse_RightFalse,False,"(37.39499282836914, -0.003921627998352051, 0.7092443108558655)","(0.000698923715390265, 98.73249053955078, -3.5161363598490425e-07)",-0.365488,1.0,"(0.000000, -0.000001, 0.000000)",LeftFalse_RightFalse
60.023926,0.064358,"(-1.3437108993530273, 0.7964357137680054, -33.928733825683594)","(351.48748779296875, 271.630126953125, 0.6831517219543457)","(0.5394711494445801, 0.6852461695671082, -33.31256103515625)","(0.0008010865421965718, 193.21243286132812, 0.0001790249953046441)","(-1.7319490909576416, -0.0039217509329319, -33.008995056152344)","(0.0008208464132621884, 180.6820526123047, 9.5938264621509e-07)",0.0,-0.001373,"(0.000014, 0.000002, 0.001155)",LeftFalse_RightFalse,False,"(37.39499282836914, -0.003921627998352051, 0.7092443704605103)","(0.0006989301764406264, 98.73249053955078, -3.751153485609393e-07)",-0.365488,1.0,"(0.000000, -0.000001, 0.000000)",LeftFalse_RightFalse
60.088379,0.064372,"(-1.3437418937683105, 0.7964349985122681, -33.928932189941406)","(351.50360107421875, 271.5769958496094, 0.6895581483840942)","(0.5394783020019531, 0.6852461099624634, -33.31249237060547)","(0.0008517904207110405, 193.21112060546875, 0.00018868448387365788)","(-1.7319486141204834, -0.003921598196029663, -33.00897979736328)","(0.0008724384242668748, 180.68075561523438, -6.11799862326734e-07)",0.0,-0.001373,"(0.000012, 0.000001, 0.000855)",LeftFalse_RightFalse,False,"(37.39499282836914, -0.003921627998352051, 0.7092443108558655)","(0.0006989222019910812, 98.73249053955078, -4.530982664618932e-07)",-0.365488,1.0,"(0.000000, -0.000001, 0.000000)",LeftFalse_RightFalse
60.151367,0.064117,"(-1.3437565565109253, 0.7964388728141785, -33.92903137207031)","(351.47711181640625, 271.5475158691406, 0.691530168056488)","(0.5394785404205322, 0.6852473616600037, -33.31250762939453)","(0.0006259256624616683, 193.21087646484375, 0.0001386254298267886)","(-1.7319490909576416, -0.00392143614590168, -33.00900650024414)","(0.000641092483419925, 180.6804962158203, -4.755178792947845e-07)",0.0,-0.001373,"(-0.000015, 0.000001, -0.001397)",LeftFalse_RightFalse,False,"(37.39499282836914, -0.003921627998352051, 0.7092443108558655)","(0.0006989147514104843, 98.73249053955078, -5.442390147436527e-07)",-0.365488,1.0,"(0.000000, -0.000001, 0.000000)",LeftFalse_RightFalse
60.216309,0.064273,"(-1.3437496423721313, 0.7964391112327576, -33.9290885925293)","(351.48681640625, 271.5516357421875, 0.6923380494117737)","(0.5394829511642456, 0.6852473020553589, -33.31250762939453)","(0.0005939602851867676, 193.20999145507812, 0.00013022433267906308)","(-1.7319494485855103, -0.003921721130609512, -33.00904083251953)","(0.0006080659222789109, 180.6796112060547, -1.7413831301382743e-06)",0.0,-0.001373,"(0.000010, -0.000002, 0.000818)",LeftFalse_RightFalse,False,"(37.394996643066406, -0.003921627998352051, 0.7092443108558655)","(0.0006989154499024153, 98.73249053955078, -6.006222861287824e-07)",-0.365488,1.0,"(0.000000, -0.000001, 0.000000)",LeftFalse_RightFalse
60.281494,0.064451,"(-1.3430721759796143, 0.7964348196983337, -33.929229736328125)","(351.4323425292969, 271.55157470703125, 0.6782993078231812)","(0.5394749641418457, 0.685245931148529, -33.31252670288086)","(0.0008591991499997675, 193.21165466308594, 0.00019211260951124132)","(-1.7319488525390625, -0.003921687602996826, -33.00899124145508)","(0.0008804142707958817, 180.6812744140625, 1.1272964002273511e-06)",0.0,-0.001373,"(0.000015, 0.000002, 0.001456)",LeftFalse_RightFalse,False,"(37.39499282836914, -0.003921627998352051, 0.7092443108558655)","(0.0006989210960455239, 98.73249053955078, -6.023679475219978e-07)",-0.365488,1.0,"(0.000000, -0.000001, 0.000000)",LeftFalse_RightFalse
60.345703,0.064398,"(-1.3428370952606201, 0.7964361310005188, -33.929283142089844)","(351.44287109375, 271.65692138671875, 0.6671516299247742)","(0.539473295211792, 0.6852464079856873, -33.31252670288086)","(0.000787116470746696, 193.2120361328125, 0.00017584441229701042)","(-1.7319488525390625, -0.003921568393707275, -33.00897979736328)","(0.0008065190049819648, 180.68165588378906, 8.854813700054365e-07)",0.0,-0.001373,"(0.000006, 0.000001, 0.000528)",LeftFalse_RightFalse,False,"(37.39499282836914, -0.003921627998352051, 0.7092443108558655)","(0.0006989248213358223, 98.73249053955078, -5.679231094291026e-07)",-0.365488,1.0,"(0.000000, -0.000001, 0.000000)",LeftFalse_RightFalse
60.410767,0.064539,"(-1.3426010608673096, 0.7964373230934143, -33.92865753173828)","(351.5289611816406, 271.4166564941406, 0.6909494996070862)","(0.5394715070724487, 0.6852468252182007, -33.31254196166992)","(0.0007184916757978499, 193.2122802734375, 0.00016031725681386888)","(-1.731948971748352, -0.003921502269804478, -33.00898361206055)","(0.0007361600291915238, 180.68191528320312, 6.167650212773879e-07)",0.0,-0.001373,"(0.000005, -0.000002, 0.000521)",LeftFalse_RightFalse,False,"(37.39499282836914, -0.0039216578006744385, 0.7092442512512207)","(0.0006983928033150733, 98.73249053955078, -8.422833275290031e-07)",-0.365487,1.0,"(0.000000, 0.000000, 0.000000)",LeftFalse_RightFalse
60.473999,0.064283,"(-1.3423700332641602, 0.796436071395874, -33.927711486816406)","(351.33172607421875, 271.48565673828125, 359.7919006347656)","(0.5394657850265503, 0.685246467590332, -33.31255340576172)","(0.0007967298734001815, 193.21337890625, 0.00017708040832076222)","(-1.731948733329773, -0.003921484109014273, -33.00895309448242)","(0.0008161715231835842, 180.68299865722656, 6.348488845731026e-09)",0.0,-0.001373,"(0.000011, -0.000001, 0.001069)",LeftFalse_RightFalse,False,"(37.39499282836914, -0.0039216578006744385, 0.7092443108558655)","(0.000698055315297097, 98.73249053955078, -1.6119771544254036e-06)",-0.365488,1.0,"(0.000000, 0.000000, 0.000000)",LeftFalse_RightFalse
60.536499,0.063926,"(-1.3423079252243042, 0.7964409589767456, -33.92745590209961)","(351.4469909667969, 271.4927978515625, 359.98809814453125)","(0.539456844329834, 0.6852478981018066, -33.31269073486328)","(0.0004846624506171793, 193.21507263183594, 0.00010664075671229511)","(-1.7319495677947998, -0.003921659663319588, -33.00902557373047)","(0.0004962548264302313, 180.6846923828125, -1.050277319336601e-06)",0.0,-0.001373,"(-0.000008, -0.000003, -0.000931)",LeftFalse_RightFalse,False,"(37.39499282836914, -0.0039216578006744385, 0.7092443108558655)","(0.0006982425111345947, 98.73249053955078, -1.1968672879447695e-06)",-0.365487,1.0,"(0.000000, 0.000000, 0.000000)",LeftFalse_RightFalse
60.5979,0.06341,"(-1.342455506324768, 0.7964418530464172, -33.92823028564453)","(351.4332580566406, 271.3057861328125, 0.5575941205024719)","(0.5394628047943115, 0.6852480173110962, -33.31269454956055)","(0.00041963867261074483, 193.2138214111328, 9.108942322200164e-05)","(-1.731950044631958, -0.003921844530850649, -33.00907897949219)","(0.0004294058890081942, 180.68345642089844, -2.123818148902501e-06)",0.0,-0.001373,"(0.000002, -0.000004, 0.000257)",LeftFalse_RightFalse,False,"(37.39499282836914, -0.0039216578006744385, 0.7092442512512207)","(0.000698159565217793, 98.73249053955078, -1.4266732932810555e-06)",-0.365487,1.0,"(0.000000, 0.000000, 0.000000)",LeftFalse_RightFalse
60.661255,0.063402,"(-1.342500925064087, 0.7964422702789307, -33.92857360839844)","(351.52947998046875, 271.1335754394531, 0.677360475063324)","(0.5394692420959473, 0.6852481365203857, -33.31270217895508)","(0.00039319999632425606, 193.21246337890625, 8.525917655788362e-05)","(-1.7319507598876953, -0.00392189621925354, -33.00914001464844)","(0.0004023320507258177, 180.6820831298828, -2.079150135614327e-06)",0.0,-0.001373,"(-0.000014, -0.000001, -0.001306)",LeftFalse_RightFalse,False,"(37.394996643066406, -0.0039216578006744385, 0.7092443108558655)","(0.0006980544421821833, 98.73249053955078, -1.708381091702904e-06)",-0.365488,1.0,"(0.000000, 0.000000, 0.000000)",LeftFalse_RightFalse
60.724854,0.063448,"(-1.3431469202041626, 0.7964390516281128, -33.92853546142578)","(351.5534362792969, 271.1290283203125, 0.6964684128761292)","(0.539470911026001, 0.6852472424507141, -33.312686920166016)","(0.0005994093953631818, 193.2119903564453, 0.0001319954462815076)","(-1.7319507598876953, -0.0039217472076416016, -33.0091438293457)","(0.000613769399933517, 180.68162536621094, -1.1946700624321238e-06)",0.0,-0.001373,"(0.000005, 0.000000, 0.000251)",LeftFalse_RightFalse,False,"(37.394989013671875, -0.0039216578006744385, 0.7092442512512207)","(0.0006981500773690641, 98.73249053955078, -1.5075222563609714e-06)",-0.365488,1.0,"(0.000000, 0.000000, 0.000000)",LeftFalse_RightFalse
60.787842,0.063352,"(-1.343390941619873, 0.7964355945587158, -33.92850112915039)","(351.6228332519531, 271.29290771484375, 0.6895071268081665)","(0.53946852684021, 0.6852462291717529, -33.312686920166016)","(0.0008098905673250556, 193.2125701904297, 0.0001801885082386434)","(-1.7319505214691162, -0.003921717405319214, -33.009117126464844)","(0.000829692929983139, 180.6822052001953, 1.851056339319257e-07)",0.0,-0.001373,"(0.000015, 0.000002, 0.001328)",LeftFalse_RightFalse,False,"(37.39499282836914, -0.0039216578006744385, 0.7092443108558655)","(0.0006982149789109826, 98.73249053955078, -1.368492235087615e-06)",-0.365488,1.0,"(0.000000, 0.000001, 0.000000)",LeftFalse_RightFalse
60.849365,0.062983,"(-1.3434406518936157, 0.7964354753494263, -33.92848205566406)","(351.61480712890625, 271.28326416015625, 0.6893526315689087)","(0.5394802093505859, 0.6852462291717529, -33.312599182128906)","(0.0008291827980428934, 193.21038818359375, 0.0001829533721320331)","(-1.731950283050537, -0.003921598196029663, -33.009117126464844)","(0.0008491255575791001, 180.6800079345703, -1.3014606565775466e-06)",0.0,-0.001373,"(0.000005, 0.000001, 0.000204)",LeftFalse_RightFalse,False,"(37.39499282836914, -0.003921627998352051, 0.7092443108558655)","(0.0006985059008002281, 98.73249053955078, -7.24748758784699e-07)",-0.365488,1.0,"(0.000000, 0.000001, 0.000000)",LeftFalse_RightFalse
60.911499,0.06281,"(-1.343432068824768, 0.7964344620704651, -33.928428649902344)","(351.60748291015625, 271.2925109863281, 0.6977483034133911)","(0.5394942760467529, 0.6852461099624634, -33.31246566772461)","(0.0008976951357908547, 193.2078094482422, 0.00019799251458607614)","(-1.731950044631958, -0.003921473398804665, -33.00908279418945)","(0.0009192688739858568, 180.6774444580078, -1.4847925058347755e-06)",0.0,-0.001373,"(0.000008, 0.000001, 0.000723)",LeftFalse_RightFalse,False,"(37.39499282836914, -0.003921627998352051, 0.7092443108558655)","(0.0006988263339735568, 98.73249053955078, -1.0283949904987821e-06)",-0.365487,1.0,"(0.000000, 0.000001, 0.000000)",LeftFalse_RightFalse
60.974731,0.06291,"(-1.3434600830078125, 0.7964365482330322, -33.928436279296875)","(351.5947570800781, 271.3021545410156, 0.6990196108818054)","(0.5394891500473022, 0.6852467060089111, -33.312503814697266)","(0.0007719555287621915, 193.20872497558594, 0.00017154878878500313)","(-1.7319501638412476, -0.003921389579772949, -33.00908660888672)","(0.0007907871040515602, 180.67835998535156, -1.8551233438302006e-08)",0.0,-0.001373,"(0.000002, -0.000001, 0.000387)",LeftFalse_RightFalse,False,"(37.39499282836914, -0.003921627998352051, 0.7092443108558655)","(0.0006988025270402431, 98.73249053955078, -1.1967630371145788e-06)",-0.365488,1.0,"(0.000000, 0.000001, 0.000000)",LeftFalse_RightFalse
61.039917,0.063358,"(-1.3434630632400513, 0.7964379191398621, -33.92845153808594)","(351.5899963378906, 271.3089599609375, 0.689895510673523)","(0.53948974609375, 0.6852470636367798, -33.31251525878906)","(0.0006852537044323981, 193.2086181640625, 0.00015249341959133744)","(-1.731950283050537, -0.00392147758975625, -33.00910186767578)","(0.0007020161719992757, 180.67823791503906, 1.9054952815622528e-07)",0.0,-0.001373,"(-0.000013, -0.000003, -0.001208)",LeftFalse_RightFalse,False,"(37.39499282836914, -0.003921627998352051, 0.7092443108558655)","(0.0006989207467995584, 98.73249053955078, -9.474156854594185e-07)",-0.365487,1.0,"(0.000000, 0.000001, 0.000000)",LeftFalse_RightFalse
61.102295,0.063155,"(-1.3434582948684692, 0.7964397072792053, -33.9284782409668)","(351.5991516113281, 271.3161926269531, 0.6930770874023438)","(0.5394918918609619, 0.6852474808692932, -33.312530517578125)","(0.0005624605691991746, 193.2082061767578, 0.00012420900748111308)","(-1.7319505214691162, -0.003921689465641975, -33.00913619995117)","(0.0005760114290751517, 180.67784118652344, -7.793391887389589e-07)",0.0,-0.001373,"(0.000007, -0.000001, 0.000427)",LeftFalse_RightFalse,False,"(37.39499282836914, -0.003921627998352051, 0.7092442512512207)","(0.0006988903624005616, 98.73249053955078, -9.330854027211899e-07)",-0.365488,1.0,"(0.000000, 0.000000, 0.000000)",LeftFalse_RightFalse
61.164673,0.062992,"(-1.3434231281280518, 0.7964407801628113, -33.928497314453125)","(351.5989990234375, 271.307861328125, 0.694259762763977)","(0.5395032167434692, 0.6852478981018066, -33.31247329711914)","(0.0005014035850763321, 193.20596313476562, 0.00010886488598771393)","(-1.7319508790969849, -0.003921627998352051, -33.00917053222656)","(0.0005130797508172691, 180.67559814453125, -2.5112392449955223e-06)",0.0,-0.001373,"(-0.000022, 0.000000, -0.002172)",LeftFalse_RightFalse,False,"(37.39499282836914, -0.003921627998352051, 0.7092443704605103)","(0.0006988913519307971, 98.73249053955078, -7.812101898707624e-07)",-0.365488,1.0,"(0.000000, 0.000001, 0.000000)",LeftFalse_RightFalse
61.227417,0.062952,"(-1.3434150218963623, 0.7964422106742859, -33.92856216430664)","(351.5989990234375, 271.311767578125, 0.694629967212677)","(0.5395053625106812, 0.6852482557296753, -33.31251907348633)","(0.0004023867368232459, 193.2053985595703, 8.610603981651366e-05)","(-1.7319515943527222, -0.003921788651496172, -33.009239196777344)","(0.00041148372110910714, 180.67503356933594, -3.2455873224535026e-06)",0.0,-0.001373,"(-0.000006, -0.000002, -0.000716)",LeftFalse_RightFalse,False,"(37.39499282836914, -0.003921627998352051, 0.7092443108558655)","(0.0006988858804106712, 98.73249053955078, -6.446032898566045e-07)",-0.365487,1.0,"(0.000000, 0.000000, 0.000000)",LeftFalse_RightFalse
61.288818,0.062644,"(-1.3434100151062012, 0.7964381575584412, -33.928558349609375)","(351.58978271484375, 271.306396484375, 0.6950501203536987)","(0.5395073890686035, 0.6852468252182007, -33.31250762939453)","(0.0006414715317077935, 193.20509338378906, 0.00014216928684618324)","(-1.7319514751434326, -0.003921919036656618, -33.00923538208008)","(0.0006570370751433074, 180.67471313476562, -3.8885772823959996e-07)",0.0,-0.001373,"(0.000007, 0.000000, 0.000644)",LeftFalse_RightFalse,False,"(37.39499282836914, -0.003921627998352051, 0.7092443108558655)","(0.0006988074746914208, 98.73249053955078, -6.137540253803309e-07)",-0.365488,1.0,"(0.000000, 0.000000, 0.000000)",LeftFalse_RightFalse
61.35437,0.06322,"(-1.3434219360351562, 0.7964327931404114, -33.928489685058594)","(351.5237121582031, 271.3050537109375, 0.6755867600440979)","(0.5395040512084961, 0.6852453351020813, -33.312461853027344)","(0.0009874125244095922, 193.2058868408203, 0.00022023732890374959)","(-1.7319505214691162, -0.0039216005243361, -33.0091552734375)","(0.00101167568936944, 180.67552185058594, 7.653071065760741e-07)",0.0,-0.001373,"(0.000011, 0.000004, 0.000911)",LeftFalse_RightFalse,False,"(37.39499282836914, -0.003921627998352051, 0.7092443108558655)","(0.0006987814558669925, 98.73249053955078, -4.7594858187949285e-07)",-0.365488,1.0,"(0.000000, 0.000000, 0.000000)",LeftFalse_RightFalse
61.421753,0.06405,"(-1.3434230089187622, 0.7964339852333069, -33.928470611572266)","(351.5749206542969, 271.36639404296875, 0.6846688985824585)","(0.5395039319992065, 0.685245931148529, -33.31244659423828)","(0.0009277448407374322, 193.20599365234375, 0.00020639068679884076)","(-1.7319501638412476, -0.003921400289982557, -33.00913619995117)","(0.0009504248737357557, 180.6756134033203, 1.938544329505021e-07)",0.0,-0.001373,"(-0.000016, 0.000002, -0.001462)",LeftFalse_RightFalse,False,"(37.39499282836914, -0.003921627998352051, 0.7092443704605103)","(0.0006986843072809279, 98.73249053955078, -5.915029532843619e-07)",-0.365488,1.0,"(0.000000, 0.000000, 0.000000)",LeftFalse_RightFalse
61.486938,0.064277,"(-1.3434175252914429, 0.7964364290237427, -33.9284782409668)","(351.4776306152344, 271.3018493652344, 0.6895919442176819)","(0.5395054817199707, 0.6852466464042664, -33.312442779541016)","(0.0007794548873789608, 193.20562744140625, 0.00017278859741054475)","(-1.731950283050537, -0.003921397030353546, -33.00914764404297)","(0.0007983766845427454, 180.6752471923828, -4.3530181415007974e-07)",0.0,-0.001373,"(0.000007, 0.000000, 0.000419)",LeftFalse_RightFalse,False,"(37.39499282836914, -0.003921627998352051, 0.7092443108558655)","(0.0006988205714151263, 98.73249053955078, -6.922580837454007e-07)",-0.365488,1.0,"(0.000000, 0.000000, 0.000000)",LeftFalse_RightFalse
61.553589,0.064759,"(-1.3434042930603027, 0.7964370846748352, -33.9284553527832)","(351.4735412597656, 271.2982177734375, 0.6880481839179993)","(0.5395102500915527, 0.6852468252182007, -33.31239318847656)","(0.0007379166199825704, 193.20481872558594, 0.0001639195834286511)","(-1.731950044631958, -0.0039214445278048515, -33.009132385253906)","(0.0007559038931503892, 180.67445373535156, -8.10781770610447e-08)",0.0,-0.001373,"(0.000000, -0.000001, 0.000014)",LeftFalse_RightFalse,False,"(37.39499282836914, -0.003921627998352051, 0.7092443108558655)","(0.0006989942630752921, 98.73249053955078, -5.607058710666024e-07)",-0.365488,1.0,"(0.000000, 0.000000, 0.000000)",LeftFalse_RightFalse
61.615723,0.064227,"(-1.343432903289795, 0.7964377999305725, -33.928462982177734)","(351.5069274902344, 271.32666015625, 0.6872708201408386)","(0.5395005941390991, 0.6852468848228455, -33.312461853027344)","(0.000684080645442009, 193.20660400390625, 0.00015289592556655407)","(-1.7319501638412476, -0.00392153998836875, -33.00912857055664)","(0.000700958538800478, 180.6762237548828, 8.379272458114428e-07)",0.0,-0.001373,"(-0.000016, -0.000002, -0.001441)",LeftFalse_RightFalse,False,"(37.39499282836914, -0.003921627998352051, 0.7092443108558655)","(0.0006988059030845761, 98.73249053955078, -8.860298521540244e-07)",-0.365488,1.0,"(0.000000, 0.000000, 0.000000)",LeftFalse_RightFalse
61.676758,0.063597,"(-1.343447208404541, 0.7964383959770203, -33.9284782409668)","(351.472412109375, 271.3340759277344, 0.6869823336601257)","(0.539495587348938, 0.685247004032135, -33.31250762939453)","(0.0006454045651480556, 193.2074737548828, 0.00014465423009824008)","(-1.7319504022598267, -0.0039216005243361, -33.00914001464844)","(0.0006614154553972185, 180.67710876464844, 1.1836223166028503e-06)",0.0,-0.001373,"(-0.000005, -0.000001, -0.000331)",LeftFalse_RightFalse,False,"(37.394996643066406, -0.003921627998352051, 0.7092443108558655)","(0.0006989312241785228, 98.73249053955078, -4.385074134916067e-07)",-0.365487,1.0,"(0.000000, 0.000000, 0.000000)",LeftFalse_RightFalse
61.741333,0.063784,"(-1.343420386314392, 0.7964358925819397, -33.92843246459961)","(351.4945983886719, 271.2063293457031, 0.7068763971328735)","(0.5395054817199707, 0.6852462291717529, -33.31240463256836)","(0.0007877778261899948, 193.2058563232422, 0.00017553115321788937)","(-1.731949806213379, -0.003921788651496172, -33.00910186767578)","(0.000807096716016531, 180.67547607421875, 4.3617745859592105e-07)",0.0,-0.001373,"(-0.000002, 0.000003, -0.000103)",LeftFalse_RightFalse,False,"(37.394989013671875, -0.003921627998352051, 0.7092442512512207)","(0.0006987603264860809, 98.73249053955078, -7.014815537331742e-07)",-0.365487,1.0,"(0.000000, 0.000000, 0.000000)",LeftFalse_RightFalse
61.80249,0.063267,"(-1.3434089422225952, 0.7964380979537964, -33.92843246459961)","(351.5405578613281, 271.29132080078125, 0.7019287943840027)","(0.5395083427429199, 0.6852471828460693, -33.312381744384766)","(0.000666106934659183, 193.20510864257812, 0.0001469404378440231)","(-1.731950044631958, -0.003921538591384888, -33.00910949707031)","(0.0006821206770837307, 180.6747283935547, -1.0761559678940102e-06)",0.0,-0.001373,"(-0.000022, 0.000000, -0.002118)",LeftFalse_RightFalse,False,"(37.394989013671875, -0.003921627998352051, 0.7092442512512207)","(0.0006988520617596805, 98.73249053955078, -4.308993197810196e-07)",-0.365487,1.0,"(0.000000, 0.000000, 0.000000)",LeftFalse_RightFalse
61.867798,0.063679,"(-1.3434425592422485, 0.7964389324188232, -33.928462982177734)","(351.5561828613281, 271.3016357421875, 0.69654381275177)","(0.5394976139068604, 0.6852473020553589, -33.31248092651367)","(0.0006073362892493606, 193.20721435546875, 0.00013337800919543952)","(-1.731950044631958, -0.00392166106030345, -33.009124755859375)","(0.0006218076450750232, 180.6768341064453, -1.564865669934079e-06)",0.0,-0.001373,"(-0.000007, 0.000001, -0.000626)",LeftFalse_RightFalse,False,"(37.39499282836914, -0.003921627998352051, 0.7092443108558655)","(0.0006988455425016582, 98.73249053955078, -4.225616692110634e-07)",-0.365488,1.0,"(0.000000, 0.000000, 0.000000)",LeftFalse_RightFalse
61.932251,0.063826,"(-1.343435525894165, 0.7964369058609009, -33.92844009399414)","(351.5892639160156, 271.31378173828125, 0.694844663143158)","(0.5395002365112305, 0.6852465867996216, -33.31244659423828)","(0.000727607577573508, 193.20677185058594, 0.00016161473467946053)","(-1.731950044631958, -0.003921738360077143, -33.00910568237305)","(0.0007453403668478131, 180.67640686035156, -9.441880166605188e-08)",0.0,-0.001373,"(0.000014, 0.000000, 0.001285)",LeftFalse_RightFalse,False,"(37.39499282836914, -0.003921627998352051, 0.7092443108558655)","(0.0006988311652094126, 98.73249053955078, -4.573452372369502e-07)",-0.365488,1.0,"(0.000000, 0.000000, 0.000000)",LeftFalse_RightFalse
61.996338,0.063886,"(-1.343427062034607, 0.7964363098144531, -33.92841720581055)","(351.5854187011719, 271.31768798828125, 0.6942456960678101)","(0.5395025014877319, 0.685246467590332, -33.312400817871094)","(0.0007718551787547767, 193.2062530517578, 0.00017172294610645622)","(-1.7319496870040894, -0.003921598196029663, -33.00908279418945)","(0.0007907269173301756, 180.67588806152344, 1.732277610244637e-07)",0.0,-0.001373,"(-0.000005, 0.000003, -0.000601)",LeftFalse_RightFalse,False,"(37.39499282836914, -0.003921627998352051, 0.7092443108558655)","(0.000698766962159425, 98.73249053955078, -6.809761998738395e-07)",-0.365487,1.0,"(0.000000, 0.000000, 0.000000)",LeftFalse_RightFalse
62.063599,0.064544,"(-1.3434644937515259, 0.7964391708374023, -33.928462982177734)","(351.580322265625, 271.31927490234375, 0.6938250064849854)","(0.5394906997680664, 0.6852473020553589, -33.31252670288086)","(0.0005983496084809303, 193.20858764648438, 0.00013312240480445325)","(-1.731950044631958, -0.003921598196029663, -33.009117126464844)","(0.0006129794637672603, 180.67820739746094, 1.3537702159283072e-07)",0.0,-0.001373,"(-0.000003, -0.000002, -0.000135)",LeftFalse_RightFalse,False,"(37.39499282836914, -0.003921627998352051, 0.7092442512512207)","(0.000698919000569731, 98.73249053955078, -4.220926825837523e-07)",-0.365487,1.0,"(0.000000, 0.000000, 0.000000)",LeftFalse_RightFalse
62.127686,0.064472,"(-1.3434579372406006, 0.7964404225349426, -33.928504943847656)","(351.5792236328125, 271.318603515625, 0.69366455078125)","(0.539492130279541, 0.6852476596832275, -33.31255340576172)","(0.0005160747678019106, 193.2081298828125, 0.0001147149596363306)","(-1.7319507598876953, -0.003921713680028915, -33.00916290283203)","(0.0005286706727929413, 180.67774963378906, 1.6481278564128843e-08)",0.0,-0.001373,"(0.000006, -0.000003, 0.000521)",LeftFalse_RightFalse,False,"(37.39499282836914, -0.003921627998352051, 0.7092443108558655)","(0.0006989054381847382, 98.73249053955078, -5.604192097052874e-07)",-0.365487,1.0,"(0.000000, 0.000000, 0.000000)",LeftFalse_RightFalse
62.189697,0.063969,"(-1.343438744544983, 0.7964411973953247, -33.92853546142578)","(351.5954895019531, 271.31732177734375, 0.6935834288597107)","(0.5394984483718872, 0.6852478981018066, -33.31254196166992)","(0.0004633996286429465, 193.2069091796875, 0.00010127414134331048)","(-1.731951117515564, -0.003921798430383205, -33.00920104980469)","(0.000474334170576185, 180.67654418945312, -1.675924181654409e-06)",0.0,-0.001373,"(-0.000012, 0.000000, -0.001343)",LeftFalse_RightFalse,False,"(37.39499282836914, -0.003921627998352051, 0.7092443108558655)","(0.0006988959503360093, 98.73249053955078, -6.948635586923047e-07)",-0.365487,1.0,"(0.000000, 0.000000, 0.000000)",LeftFalse_RightFalse
62.254028,0.06405,"(-1.3434650897979736, 0.7964362502098083, -33.928489685058594)","(351.588134765625, 271.3106384277344, 0.6938890218734741)","(0.5394901037216187, 0.6852463483810425, -33.31255340576172)","(0.0007697173859924078, 193.20858764648438, 0.0001707257906673476)","(-1.7319504022598267, -0.003921722527593374, -33.00914001464844)","(0.0007884238730184734, 180.67822265625, -3.363831524438865e-07)",0.0,-0.001373,"(0.000005, 0.000002, 0.000509)",LeftFalse_RightFalse,False,"(37.39499282836914, -0.003921627998352051, 0.7092443108558655)","(0.0006988304085098207, 98.73249053955078, -9.415793442713039e-07)",-0.365487,1.0,"(0.000000, 0.000000, 0.000000)",LeftFalse_RightFalse
62.31604,0.063634,"(-1.3434619903564453, 0.7964375019073486, -33.928504943847656)","(351.5919494628906, 271.31390380859375, 0.6938136219978333)","(0.5394909381866455, 0.6852468252182007, -33.31256103515625)","(0.0006994848372414708, 193.2083740234375, 0.00015613279538229108)","(-1.7319507598876953, -0.003921625670045614, -33.009159088134766)","(0.0007166981231421232, 180.67800903320312, 6.556542189173342e-07)",0.0,-0.001373,"(0.000000, 0.000000, 0.000009)",LeftFalse_RightFalse,False,"(37.39499282836914, -0.003921627998352051, 0.7092443108558655)","(0.000698792515322566, 98.73249053955078, -1.068285314431705e-06)",-0.365488,1.0,"(0.000000, 0.000000, 0.000000)",LeftFalse_RightFalse
62.379028,0.063504,"(-1.3434762954711914, 0.7964348793029785, -33.928470611572266)","(351.5855712890625, 271.31610107421875, 0.6939809322357178)","(0.539486289024353, 0.6852459907531738, -33.312557220458984)","(0.0008618864812888205, 193.20928955078125, 0.00019334947864990681)","(-1.7319504022598267, -0.003921551164239645, -33.009117126464844)","(0.0008833058527670801, 180.6789093017578, 1.7517176047476823e-06)",0.0,-0.001373,"(0.000010, 0.000002, 0.000949)",LeftFalse_RightFalse,False,"(37.39499282836914, -0.003921627998352051, 0.7092443108558655)","(0.0006989668472670019, 98.73249053955078, -6.495016577900969e-07)",-0.365488,1.0,"(0.000000, 0.000000, 0.000000)",LeftFalse_RightFalse
62.444336,0.063863,"(-1.3434728384017944, 0.7964369058609009, -33.928466796875)","(351.5787353515625, 271.3175048828125, 0.6938605904579163)","(0.5394874811172485, 0.6852467060089111, -33.31254577636719)","(0.0007465099915862083, 193.20909118652344, 0.000165841294801794)","(-1.7319501638412476, -0.003921478986740112, -33.00911331176758)","(0.0007647095480933785, 180.6787109375, -6.95378190584961e-08)",0.0,-0.001373,"(-0.000024, 0.000000, -0.002236)",LeftFalse_RightFalse,False,"(37.39499282836914, -0.003921627998352051, 0.7092443108558655)","(0.0006989325629547238, 98.73249053955078, -6.522895432681253e-07)",-0.365487,1.0,"(0.000000, 0.000000, 0.000000)",LeftFalse_RightFalse
62.509644,0.064161,"(-1.343470811843872, 0.7964368462562561, -33.928470611572266)","(351.57635498046875, 271.3179016113281, 0.6938566565513611)","(0.5394880771636963, 0.6852466464042664, -33.31254577636719)","(0.0007417742162942886, 193.20895385742188, 0.0001648403995204717)","(-1.731950283050537, -0.0039215898141264915, -33.00912094116211)","(0.0007598692318424582, 180.67857360839844, -1.909228508623073e-08)",0.0,-0.001373,"(0.000002, -0.000001, 0.000356)",LeftFalse_RightFalse,False,"(37.39499282836914, -0.003921627998352051, 0.7092443108558655)","(0.0006988820969127119, 98.73249053955078, -6.573963560185803e-07)",-0.365488,1.0,"(0.000000, 0.000000, 0.000000)",LeftFalse_RightFalse
62.574585,0.064316,"(-1.343451738357544, 0.7964392304420471, -33.92850875854492)","(351.5675964355469, 271.3599853515625, 0.6936997771263123)","(0.5394937992095947, 0.6852473020553589, -33.31254196166992)","(0.0005899266107007861, 193.2077178955078, 0.00013039536133874208)","(-1.7319509983062744, -0.003921687602996826, -33.0091667175293)","(0.0006041654851287603, 180.67733764648438, -6.993006991251605e-07)",0.0,-0.001373,"(0.000003, -0.000002, 0.000305)",LeftFalse_RightFalse,False,"(37.39499282836914, -0.003921627998352051, 0.7092443108558655)","(0.0006990048568695784, 98.73249053955078, -2.63573440406617e-07)",-0.365488,1.0,"(0.000000, 0.000000, 0.000000)",LeftFalse_RightFalse
62.639038,0.064347,"(-1.3434315919876099, 0.7964367866516113, -33.92847442626953)","(351.5620422363281, 271.357177734375, 0.6938465237617493)","(0.5395005941390991, 0.6852465271949768, -33.312469482421875)","(0.0007336660055443645, 193.2064971923828, 0.0001617611269466579)","(-1.7319506406784058, -0.003921782597899437, -33.00914001464844)","(0.0007512860465794802, 180.67611694335938, -1.2659140793402912e-06)",0.0,-0.001373,"(-0.000006, 0.000002, -0.000597)",LeftFalse_RightFalse,False,"(37.39499282836914, -0.003921627998352051, 0.7092443108558655)","(0.0006989145767875016, 98.73249053955078, -4.3037820773861313e-07)",-0.365488,1.0,"(0.000000, 0.000000, 0.000000)",LeftFalse_RightFalse
62.704346,0.064545,"(-1.3434089422225952, 0.7964375019073486, -33.928470611572266)","(351.5692443847656, 271.35516357421875, 0.6938155293464661)","(0.5395078659057617, 0.6852469444274902, -33.31241989135742)","(0.0007039830088615417, 193.20506286621094, 0.00015441494178958237)","(-1.7319507598876953, -0.0039215548895299435, -33.00914764404297)","(0.0007207162561826408, 180.67469787597656, -1.997180334001314e-06)",0.0,-0.001373,"(0.000001, 0.000001, -0.000046)",LeftFalse_RightFalse,False,"(37.394996643066406, -0.003921627998352051, 0.7092443704605103)","(0.0006989756366237998, 98.73249053955078, -2.434067880585644e-07)",-0.365487,1.0,"(0.000000, 0.000000, 0.000000)",LeftFalse_RightFalse
62.767456,0.064252,"(-1.3434209823608398, 0.7964388728141785, -33.928497314453125)","(351.57232666015625, 271.3557434082031, 0.6937187910079956)","(0.5395042896270752, 0.6852471828460693, -33.312469482421875)","(0.0006103472551330924, 193.20582580566406, 0.0001333516847807914)","(-1.7319509983062744, -0.003921758383512497, -33.00917053222656)","(0.0006247411365620792, 180.67544555664062, -2.243797325718333e-06)",0.0,-0.001373,"(0.000006, -0.000002, 0.000618)",LeftFalse_RightFalse,False,"(37.39499282836914, -0.003921627998352051, 0.7092443108558655)","(0.0006990034016780555, 98.73249053955078, -1.7790425488328765e-07)",-0.365488,1.0,"(0.000000, 0.000000, 0.000000)",LeftFalse_RightFalse
62.8302,0.063955,"(-1.3434473276138306, 0.7964392304420471, -33.92852020263672)","(351.56317138671875, 271.3645935058594, 0.6936981678009033)","(0.5394954681396484, 0.6852473020553589, -33.31254577636719)","(0.0005908355233259499, 193.2074432373047, 0.0001306540798395872)","(-1.7319509983062744, -0.003921695053577423, -33.00918197631836)","(0.0006051089731045067, 180.67706298828125, -6.439510116251768e-07)",0.0,-0.001373,"(-0.000023, 0.000001, -0.002048)",LeftFalse_RightFalse,False,"(37.39499282836914, -0.003921627998352051, 0.7092443108558655)","(0.000699003110639751, 98.73249053955078, -2.2829482304587145e-07)",-0.365488,1.0,"(0.000000, 0.000000, 0.000000)",LeftFalse_RightFalse
62.892456,0.063606,"(-1.3434410095214844, 0.796436607837677, -33.928489685058594)","(351.5644836425781, 271.3668518066406, 0.69386887550354)","(0.5394976139068604, 0.685246467590332, -33.312503814697266)","(0.0007558218203485012, 193.20706176757812, 0.0001690225617494434)","(-1.7319507598876953, -0.003921649418771267, -33.009151458740234)","(0.0007744895992800593, 180.6766815185547, 1.0157207270822255e-06)",0.0,-0.001373,"(0.000003, 0.000003, 0.000148)",LeftFalse_RightFalse,False,"(37.39499282836914, -0.003921627998352051, 0.7092443108558655)","(0.0006987804663367569, 98.73249053955078, -8.219603842007928e-07)",-0.365488,1.0,"(0.000000, 0.000000, 0.000000)",LeftFalse_RightFalse
62.955811,0.06356,"(-1.3434345722198486, 0.7964375615119934, -33.928497314453125)","(351.57403564453125, 271.37994384765625, 0.6938102841377258)","(0.5394999980926514, 0.6852468848228455, -33.312496185302734)","(0.0006989827961660922, 193.2066650390625, 0.00015502110181842)","(-1.7319507598876953, -0.0039215972647070885, -33.00916290283203)","(0.0007159668602980673, 180.67628479003906, -3.2063405797089217e-07)",0.0,-0.001373,"(-0.000012, 0.000001, -0.001142)",LeftFalse_RightFalse,False,"(37.39499282836914, -0.003921627998352051, 0.7092443704605103)","(0.0006989510729908943, 98.73249053955078, -4.483822806378157e-07)",-0.365488,1.0,"(0.000000, 0.000000, 0.000000)",LeftFalse_RightFalse
63.02063,0.063801,"(-1.3434338569641113, 0.796438455581665, -33.92850875854492)","(351.57904052734375, 271.38934326171875, 0.6937556862831116)","(0.5394996404647827, 0.6852471232414246, -33.31250762939453)","(0.0006461644661612809, 193.2066192626953, 0.00014339805056806654)","(-1.7319508790969849, -0.003921568393707275, -33.00917434692383)","(0.0006618846673518419, 180.67623901367188, -2.074934855045285e-07)",0.0,-0.001373,"(-0.000004, -0.000002, -0.000359)",LeftFalse_RightFalse,False,"(37.394989013671875, -0.003921627998352051, 0.7092443108558655)","(0.0006989334942772985, 98.73249053955078, -5.46896615105652e-07)",-0.365488,1.0,"(0.000000, 0.000000, 0.000000)",LeftFalse_RightFalse
63.086914,0.064316,"(-1.3434386253356934, 0.796435534954071, -33.92847442626953)","(351.5692443847656, 271.4076232910156, 0.6939358115196228)","(0.5394991636276245, 0.6852461695671082, -33.31248474121094)","(0.0008177861454896629, 193.2069549560547, 0.0001814892893889919)","(-1.7319501638412476, -0.003921675495803356, -33.00913619995117)","(0.000837682920973748, 180.6765899658203, -2.5808554937611916e-07)",0.0,-0.001373,"(-0.000004, 0.000001, -0.000393)",LeftFalse_RightFalse,False,"(37.39499282836914, -0.003921627998352051, 0.7092443108558655)","(0.0006990605033934116, 98.73249053955078, -2.5088459665312257e-07)",-0.365487,1.0,"(0.000000, 0.000000, 0.000000)",LeftFalse_RightFalse
63.152222,0.064503,"(-1.3434640169143677, 0.7964372038841248, -33.92848205566406)","(351.56591796875, 271.4188232421875, 0.6938374042510986)","(0.5394901037216187, 0.6852468252182007, -33.31254577636719)","(0.000723696022760123, 193.20852661132812, 0.00016100496577564627)","(-1.7319504022598267, -0.003921492490917444, -33.00913619995117)","(0.0007413894636556506, 180.6781463623047, 1.5901714789379184e-07)",0.0,-0.001373,"(0.000004, 0.000001, 0.000407)",LeftFalse_RightFalse,False,"(37.39499282836914, -0.003921627998352051, 0.7092443108558655)","(0.0006989693501964211, 98.73249053955078, -5.066935955255758e-07)",-0.365488,1.0,"(0.000000, 0.000000, 0.000000)",LeftFalse_RightFalse
63.211914,0.063551,"(-1.3434934616088867, 0.7964388132095337, -33.92850875854492)","(351.5726318359375, 271.42376708984375, 0.6937291026115417)","(0.5394800901412964, 0.6852471828460693, -33.31262969970703)","(0.0006207519909366965, 193.21034240722656, 0.00013883561769034714)","(-1.7319506406784058, -0.003921627998352051, -33.009151458740234)","(0.000636087846942246, 180.6799774169922, 8.521171253050852e-07)",0.0,-0.001373,"(-0.000014, 0.000001, -0.001072)",LeftFalse_RightFalse,False,"(37.39499282836914, -0.003921627998352051, 0.7092443108558655)","(0.0006990197580307722, 98.73249053955078, -3.6649109347308695e-07)",-0.365487,1.0,"(0.000000, 0.000000, 0.000000)",LeftFalse_RightFalse
63.2771,0.063866,"(-1.343471646308899, 0.7964345216751099, -33.928436279296875)","(351.56842041015625, 271.4237365722656, 0.6939940452575684)","(0.5394885540008545, 0.6852458119392395, -33.31251525878906)","(0.0008756440947763622, 193.2090301513672, 0.00019523221999406815)","(-1.731949806213379, -0.003921741619706154, -33.00908279418945)","(0.0008971444331109524, 180.6786651611328, 6.048130103408766e-07)",0.0,-0.001373,"(-0.000005, 0.000004, -0.000456)",LeftFalse_RightFalse,False,"(37.39499282836914, -0.003921627998352051, 0.7092443108558655)","(0.0006990465917624533, 98.73249053955078, -2.759235542271199e-07)",-0.365488,1.0,"(0.000000, 0.000000, 0.000000)",LeftFalse_RightFalse
63.338745,0.063427,"(-1.3434735536575317, 0.7964372038841248, -33.92844009399414)","(351.55810546875, 271.4231872558594, 0.6938333511352539)","(0.5394878387451172, 0.6852467060089111, -33.31251907348633)","(0.0007206613081507385, 193.20913696289062, 0.0001609555765753612)","(-1.731950044631958, -0.003921582363545895, -33.00908660888672)","(0.0007384166237898171, 180.67877197265625, 7.691856467317848e-07)",0.0,-0.001373,"(-0.000001, 0.000001, -0.000111)",LeftFalse_RightFalse,False,"(37.39499282836914, -0.003921627998352051, 0.7092443108558655)","(0.0006990396068431437, 98.73249053955078, -2.7475107344798744e-07)",-0.365488,1.0,"(0.000000, 0.000000, 0.000000)",LeftFalse_RightFalse
63.405151,0.064017,"(-1.343482494354248, 0.7964381575584412, -33.928443908691406)","(351.5521240234375, 271.4234619140625, 0.6937711834907532)","(0.5394836664199829, 0.6852469444274902, -33.31254577636719)","(0.0006611584685742855, 193.20968627929688, 0.00014809829008299857)","(-1.7319501638412476, -0.003921627998352051, -33.009090423583984)","(0.0006775413057766855, 180.6793212890625, 1.1277257954134257e-06)",0.0,-0.001373,"(-0.000010, -0.000002, -0.000755)",LeftFalse_RightFalse,False,"(37.39499282836914, -0.003921627998352051, 0.7092443108558655)","(0.0006990000838413835, 98.73249053955078, -3.622701569838682e-07)",-0.365488,1.0,"(0.000000, 0.000000, 0.000000)",LeftFalse_RightFalse
63.46936,0.06406,"(-1.3434656858444214, 0.7964412569999695, -33.92849349975586)","(351.5537414550781, 271.4132995605469, 0.6935670971870422)","(0.53948974609375, 0.6852479577064514, -33.312557220458984)","(0.0004630287585314363, 193.20860290527344, 0.0001016006208374165)","(-1.7319507598876953, -0.003921729512512684, -33.00914764404297)","(0.0004740430158562958, 180.67823791503906, -1.276794705518114e-06)",0.0,-0.001373,"(-0.000003, -0.000002, -0.000615)",LeftFalse_RightFalse,False,"(37.39499282836914, -0.003921627998352051, 0.7092443704605103)","(0.0006989417015574872, 98.73249053955078, -4.990334332433122e-07)",-0.365488,1.0,"(0.000000, 0.000000, 0.000000)",LeftFalse_RightFalse
63.534668,0.064302,"(-1.3434617519378662, 0.796438455581665, -33.928470611572266)","(351.5636901855469, 271.40972900390625, 0.6937447786331177)","(0.5394910573959351, 0.6852470636367798, -33.31252670288086)","(0.0006351700867526233, 193.20835876464844, 0.00014019783702678978)","(-1.7319506406784058, -0.0039217472076416016, -33.009124755859375)","(0.0006504580960609019, 180.67799377441406, -9.462308980801026e-07)",0.0,-0.001373,"(0.000010, -0.000001, 0.000978)",LeftFalse_RightFalse,False,"(37.39499282836914, -0.003921627998352051, 0.7092443108558655)","(0.0006988834938965738, 98.73249053955078, -6.152391733849072e-07)",-0.365488,1.0,"(0.000000, 0.000000, 0.000000)",LeftFalse_RightFalse
63.5979,0.064089,"(-1.3434447050094604, 0.7964390516281128, -33.92850112915039)","(351.5587158203125, 271.40753173828125, 0.6936988234519958)","(0.5394964218139648, 0.6852471828460693, -33.31251907348633)","(0.0005906180595047772, 193.20729064941406, 0.00013020061305724084)","(-1.7319509983062744, -0.003921862225979567, -33.00916290283203)","(0.0006047981441952288, 180.6769256591797, -1.0394055607321206e-06)",0.0,-0.001373,"(-0.000014, 0.000000, -0.001400)",LeftFalse_RightFalse,False,"(37.39499282836914, -0.003921627998352051, 0.7092443108558655)","(0.0006988501991145313, 98.73249053955078, -6.376725991685817e-07)",-0.365488,1.0,"(0.000000, -0.000001, 0.000000)",LeftFalse_RightFalse
63.662598,0.064214,"(-1.3434593677520752, 0.7964383363723755, -33.928531646728516)","(351.5568542480469, 271.40802001953125, 0.6937522888183594)","(0.5394912958145142, 0.6852470636367798, -33.31258010864258)","(0.0006423700833693147, 193.20819091796875, 0.0001418560859747231)","(-1.731951117515564, -0.003921765834093094, -33.009185791015625)","(0.0006578463362529874, 180.6778106689453, -8.895383416529512e-07)",0.0,-0.001373,"(-0.000001, 0.000001, -0.000294)",LeftFalse_RightFalse,False,"(37.39499282836914, -0.003921627998352051, 0.7092443108558655)","(0.000698846357408911, 98.73249053955078, -5.574489705395536e-07)",-0.365488,1.0,"(0.000000, -0.000001, 0.000000)",LeftFalse_RightFalse
63.72644,0.064143,"(-1.3434522151947021, 0.7964367866516113, -33.92851257324219)","(351.5712890625, 271.4074401855469, 0.6938510537147522)","(0.5394942760467529, 0.6852467060089111, -33.31254959106445)","(0.0007376756984740496, 193.20777893066406, 0.00016148854047060013)","(-1.7319507598876953, -0.003921717405319214, -33.00917053222656)","(0.0007551412563771009, 180.67739868164062, -2.401914116489934e-06)",0.0,-0.001373,"(0.000017, 0.000001, 0.001436)",LeftFalse_RightFalse,False,"(37.39499282836914, -0.003921627998352051, 0.7092443108558655)","(0.0006988723762333393, 98.73249053955078, -4.2696498780969705e-07)",-0.365488,1.0,"(0.000000, -0.000001, 0.000000)",LeftFalse_RightFalse
63.792358,0.064496,"(-1.3434385061264038, 0.79643714427948, -33.928504943847656)","(351.5644226074219, 271.4065246582031, 0.6938371062278748)","(0.5394984483718872, 0.6852468252182007, -33.3125114440918)","(0.000725218968000263, 193.2069091796875, 0.00015974602138157934)","(-1.7319506406784058, -0.003921546973288059, -33.0091667175293)","(0.0007426029769703746, 180.67654418945312, -1.4003637716086814e-06)",0.0,-0.001373,"(0.000004, 0.000001, 0.000231)",LeftFalse_RightFalse,False,"(37.39499282836914, -0.003921627998352051, 0.7092442512512207)","(0.0006989172543399036, 98.73249053955078, -3.0872692491357157e-07)",-0.365488,1.0,"(0.000000, -0.000001, 0.000000)",LeftFalse_RightFalse
63.859009,0.064929,"(-1.3434110879898071, 0.7964350581169128, -33.928466796875)","(351.5638732910156, 271.4041748046875, 0.6939718127250671)","(0.5395079851150513, 0.6852461099624634, -33.31241989135742)","(0.0008534429362043738, 193.20523071289062, 0.0001891388528747484)","(-1.7319501638412476, -0.00392158655449748, -33.00914001464844)","(0.0008741500787436962, 180.67486572265625, -5.267568212730112e-07)",0.0,-0.001373,"(0.000013, 0.000002, 0.001124)",LeftFalse_RightFalse,False,"(37.394989013671875, -0.003921627998352051, 0.7092442512512207)","(0.0006989569519646466, 98.73249053955078, -2.64876177880069e-07)",-0.365488,1.0,"(0.000000, -0.000001, 0.000000)",LeftFalse_RightFalse
63.923218,0.064772,"(-1.3433966636657715, 0.7964341044425964, -33.92842102050781)","(351.5682067871094, 271.403076171875, 0.6940297484397888)","(0.539513111114502, 0.6852458119392395, -33.31234359741211)","(0.0009103005286306143, 193.20436096191406, 0.00020257938012946397)","(-1.731949806213379, -0.00392157444730401, -33.009098052978516)","(0.000932569382712245, 180.6739959716797, 2.5795608848966367e-07)",0.0,-0.001373,"(0.000021, 0.000002, 0.001740)",LeftFalse_RightFalse,False,"(37.39499282836914, -0.003921627998352051, 0.7092443108558655)","(0.0006989854155108333, 98.73249053955078, -3.0648618576378794e-07)",-0.365488,1.0,"(0.000000, -0.000001, 0.000000)",LeftFalse_RightFalse
63.988281,0.064842,"(-1.3433877229690552, 0.7964330911636353, -33.92835235595703)","(351.5697937011719, 271.4024658203125, 0.6941014528274536)","(0.5395163297653198, 0.6852455735206604, -33.312259674072266)","(0.0009789911564439535, 193.203857421875, 0.00021838571410626173)","(-1.731948971748352, -0.0039214398711919785, -33.009033203125)","(0.0010030531557276845, 180.67347717285156, 7.848863106119097e-07)",0.0,-0.001373,"(0.000017, 0.000001, 0.001602)",LeftFalse_RightFalse,False,"(37.39499282836914, -0.003921627998352051, 0.7092443108558655)","(0.0006989948451519012, 98.73249053955078, -4.2000829125754535e-07)",-0.365488,1.0,"(0.000000, -0.000001, 0.000000)",LeftFalse_RightFalse
64.050903,0.064405,"(-1.3434025049209595, 0.7964367270469666, -33.92835998535156)","(351.5564270019531, 271.4034118652344, 0.6938757300376892)","(0.5395113229751587, 0.6852467656135559, -33.31229782104492)","(0.0007613117340952158, 193.20477294921875, 0.00016965734539553523)","(-1.7319492101669312, -0.003921389579772949, -33.009037017822266)","(0.0007799866143614054, 180.6743927001953, 4.4428344381231e-07)",0.0,-0.001373,"(-0.000004, -0.000001, -0.000333)",LeftFalse_RightFalse,False,"(37.39499282836914, -0.003921627998352051, 0.7092443108558655)","(0.0006989816902205348, 98.73249053955078, -5.483296945385518e-07)",-0.365488,1.0,"(0.000000, -0.000001, 0.000000)",LeftFalse_RightFalse
64.112793,0.06389,"(-1.3434170484542847, 0.7964394092559814, -33.928382873535156)","(351.5535888671875, 271.404296875, 0.6936986446380615)","(0.5395063161849976, 0.6852474808692932, -33.312347412109375)","(0.000590577139519155, 193.20565795898438, 0.00013168893929105252)","(-1.7319494485855103, -0.003921501338481903, -33.009056091308594)","(0.0006050811498425901, 180.67527770996094, 4.2234063357682317e-07)",0.0,-0.001373,"(-0.000020, -0.000003, -0.001638)",LeftFalse_RightFalse,False,"(37.39499282836914, -0.003921627998352051, 0.7092443108558655)","(0.000698956660926342, 98.73249053955078, -6.525240223709261e-07)",-0.365488,1.0,"(0.000000, -0.000001, 0.000000)",LeftFalse_RightFalse
64.175659,0.063685,"(-1.3433836698532104, 0.7964390516281128, -33.92836380004883)","(351.5553894042969, 271.4022216796875, 0.6937048435211182)","(0.5395174026489258, 0.6852471828460693, -33.31226348876953)","(0.0005971436621621251, 193.20358276367188, 0.00013233064964879304)","(-1.7319493293762207, -0.003921777009963989, -33.00905227661133)","(0.0006116304430179298, 180.67320251464844, -3.7588145573863585e-07)",0.0,-0.001373,"(-0.000007, 0.000000, -0.000742)",LeftFalse_RightFalse,False,"(37.39499282836914, -0.003921627998352051, 0.7092443108558655)","(0.0006989345420151949, 98.73249053955078, -6.813670552219264e-07)",-0.365488,1.0,"(0.000000, -0.000001, 0.000000)",LeftFalse_RightFalse
64.24292,0.064407,"(-1.3434029817581177, 0.7964398860931396, -33.92839050292969)","(351.5575866699219, 271.4034423828125, 0.6936529278755188)","(0.53951096534729, 0.685247540473938, -33.31232833862305)","(0.0005472495686262846, 193.20480346679688, 0.00012075554695911705)","(-1.7319493293762207, -0.0039217472076416016, -33.009071350097656)","(0.0005604135221801698, 180.67442321777344, -8.504059110236994e-07)",0.0,-0.001373,"(0.000001, -0.000001, 0.000334)",LeftFalse_RightFalse,False,"(37.39499282836914, -0.0039216578006744385, 0.7092442512512207)","(0.0006984561332501471, 98.73249053955078, -7.868902116570098e-07)",-0.365487,1.0,"(0.000000, 0.000000, 0.000000)",LeftFalse_RightFalse
64.304932,0.063922,"(-1.3433864116668701, 0.7964409589767456, -33.92842102050781)","(351.5582580566406, 271.4023742675781, 0.6935771703720093)","(0.5395162105560303, 0.6852477788925171, -33.31232452392578)","(0.00047269946662709117, 193.20372009277344, 0.00010365183698013425)","(-1.731949806213379, -0.003921851050108671, -33.00910949707031)","(0.0004839282773900777, 180.67335510253906, -1.372546648781281e-06)",0.0,-0.001373,"(-0.000002, -0.000001, -0.000323)",LeftFalse_RightFalse,False,"(37.39499282836914, -0.0039216578006744385, 0.7092443108558655)","(0.0006980987964197993, 98.73249053955078, -1.5382933042928926e-06)",-0.365488,1.0,"(0.000000, 0.000000, 0.000000)",LeftFalse_RightFalse
64.367432,0.06363,"(-1.3433942794799805, 0.7964365482330322, -33.928382873535156)","(351.5579833984375, 271.4028625488281, 0.6938624382019043)","(0.5395140647888184, 0.6852464079856873, -33.31230163574219)","(0.0007487684488296509, 193.20425415039062, 0.00016659517132211477)","(-1.7319493293762207, -0.003921824973076582, -33.009063720703125)","(0.000767077726777643, 180.6738739013672, 1.7640606131408276e-07)",0.0,-0.001373,"(-0.000003, 0.000002, -0.000253)",LeftFalse_RightFalse,False,"(37.39499282836914, -0.0039216578006744385, 0.7092443108558655)","(0.0006981810438446701, 98.73249053955078, -1.2883728004453587e-06)",-0.365487,1.0,"(0.000000, 0.000000, 0.000000)",LeftFalse_RightFalse
64.430298,0.063492,"(-1.3433797359466553, 0.7964377403259277, -33.92839050292969)","(351.55792236328125, 271.4019775390625, 0.6937944293022156)","(0.5395188331604004, 0.6852468848228455, -33.31228256225586)","(0.0006833869265392423, 193.2033233642578, 0.00015108079242054373)","(-1.7319495677947998, -0.003921702038496733, -33.00907897949219)","(0.0006998875178396702, 180.67295837402344, -7.834296411601827e-07)",0.0,-0.001373,"(-0.000010, 0.000001, -0.000941)",LeftFalse_RightFalse,False,"(37.39499282836914, -0.0039216578006744385, 0.7092443108558655)","(0.0006981026381254196, 98.73249053955078, -1.4417591955862008e-06)",-0.365487,1.0,"(0.000000, 0.000000, 0.000000)",LeftFalse_RightFalse
64.491699,0.06307,"(-1.3433837890625, 0.7964392304420471, -33.92841339111328)","(351.5578918457031, 271.4022216796875, 0.6936972737312317)","(0.5395169258117676, 0.6852473616600037, -33.312313079833984)","(0.0005902725388295949, 193.20355224609375, 0.0001299851865042001)","(-1.731949806213379, -0.003921687602996826, -33.00910186767578)","(0.0006044142064638436, 180.67318725585938, -1.1747614507839899e-06)",0.0,-0.001373,"(-0.000009, 0.000000, -0.001024)",LeftFalse_RightFalse,False,"(37.39499282836914, -0.0039216578006744385, 0.7092443108558655)","(0.0006981437909416854, 98.73249053955078, -1.365495904792624e-06)",-0.365488,1.0,"(0.000000, 0.000000, 0.000000)",LeftFalse_RightFalse
64.55542,0.063197,"(-1.3433676958084106, 0.7964395880699158, -33.92841720581055)","(351.62158203125, 271.39886474609375, 0.6871368885040283)","(0.5395222902297974, 0.6852476000785828, -33.31228256225586)","(0.0005729596596211195, 193.20257568359375, 0.00012425458407960832)","(-1.7319496870040894, -0.00392159866169095, -33.00911331176758)","(0.0005862703546881676, 180.6721954345703, -3.012728029716527e-06)",0.0,-0.001373,"(0.000019, -0.000001, 0.001783)",LeftFalse_RightFalse,False,"(37.39499282836914, -0.0039216578006744385, 0.7092443108558655)","(0.0006981262122280896, 98.73249053955078, -1.4633328646596055e-06)",-0.365488,1.0,"(0.000000, 0.000000, 0.000000)",LeftFalse_RightFalse
64.621704,0.063813,"(-1.343381643295288, 0.7964375615119934, -33.92840576171875)","(351.5941467285156, 271.3971252441406, 0.687376081943512)","(0.5395176410675049, 0.6852468252182007, -33.31230163574219)","(0.0006939945742487907, 193.2034454345703, 0.00015293591422960162)","(-1.7319495677947998, -0.003921667579561472, -33.00909423828125)","(0.0007106450502760708, 180.67306518554688, -1.2739252497340203e-06)",0.0,-0.001373,"(-0.000007, 0.000000, -0.000715)",LeftFalse_RightFalse,False,"(37.39499282836914, -0.0039216578006744385, 0.7092443108558655)","(0.0006981905899010599, 98.73249053955078, -1.3940523331257282e-06)",-0.365488,1.0,"(0.000000, 0.000001, 0.000000)",LeftFalse_RightFalse
64.683228,0.063353,"(-1.3433737754821777, 0.7964397072792053, -33.92844009399414)","(351.5689392089844, 271.39111328125, 0.6939226984977722)","(0.5395197868347168, 0.685247540473938, -33.31231689453125)","(0.0005648770020343363, 193.2029266357422, 0.00012477066775318235)","(-1.731950044631958, -0.003921615891158581, -33.009132385253906)","(0.0005784921231679618, 180.67254638671875, -7.553207979071885e-07)",0.0,-0.001373,"(0.000002, -0.000002, 0.000098)",LeftFalse_RightFalse,False,"(37.39499282836914, -0.003921627998352051, 0.7092443108558655)","(0.0006984247593209147, 98.73249053955078, -9.463474270887673e-07)",-0.365488,1.0,"(0.000000, 0.000001, 0.000000)",LeftFalse_RightFalse
64.749634,0.063981,"(-1.3433432579040527, 0.7964359521865845, -33.92839050292969)","(351.58428955078125, 271.385986328125, 0.6897184252738953)","(0.5395307540893555, 0.6852463483810425, -33.31220626831055)","(0.0007929184939712286, 193.20103454589844, 0.00017639156430959702)","(-1.7319495677947998, -0.003921600989997387, -33.00909423828125)","(0.0008123014122247696, 180.67066955566406, 1.608088524562845e-07)",0.0,-0.001373,"(0.000011, 0.000002, 0.000932)",LeftFalse_RightFalse,False,"(37.39499282836914, -0.003921627998352051, 0.7092443108558655)","(0.0006988733657635748, 98.73249053955078, -1.0717506029322976e-06)",-0.365486,1.0,"(0.000000, 0.000000, 0.000000)",LeftFalse_RightFalse
64.81543,0.064342,"(-1.3433207273483276, 0.7964337468147278, -33.92831802368164)","(351.5889892578125, 271.3920593261719, 0.6950867772102356)","(0.5395385026931763, 0.6852458119392395, -33.31208801269531)","(0.0009389749029651284, 193.19969177246094, 0.00020892794418614358)","(-1.731948733329773, -0.003921478521078825, -33.00902557373047)","(0.000961938058026135, 180.66932678222656, 2.3422887807100778e-07)",0.0,-0.001373,"(0.000013, 0.000001, 0.001319)",LeftFalse_RightFalse,False,"(37.39499282836914, -0.003921627998352051, 0.7092443108558655)","(0.0006988539826124907, 98.73249053955078, -1.2723488680421724e-06)",-0.365489,1.0,"(0.000000, 0.000000, 0.000000)",LeftFalse_RightFalse
64.881226,0.064634,"(-1.343299150466919, 0.7964353561401367, -33.92828369140625)","(351.5790710449219, 271.393310546875, 0.6967723965644836)","(0.5395456552505493, 0.6852463483810425, -33.31201171875)","(0.0008439975790679455, 193.1983642578125, 0.0001873777073342353)","(-1.7319484949111938, -0.003921419382095337, -33.009002685546875)","(0.0008645473862998188, 180.66799926757812, -1.9669487016926723e-07)",0.0,-0.001373,"(-0.000001, 0.000000, -0.000298)",LeftFalse_RightFalse,False,"(37.39499282836914, -0.003921627998352051, 0.7092443108558655)","(0.0006989903631620109, 98.73249053955078, -9.679471304480103e-07)",-0.365487,1.0,"(0.000000, 0.000000, 0.000000)",LeftFalse_RightFalse
64.942139,0.063876,"(-1.3432928323745728, 0.7964404821395874, -33.92831802368164)","(351.56439208984375, 271.38763427734375, 0.6902588605880737)","(0.5395476818084717, 0.6852478981018066, -33.31203079223633)","(0.0005265144282020628, 193.19793701171875, 0.00011449043813627213)","(-1.7319490909576416, -0.003921489231288433, -33.0090446472168)","(0.0005388130084611475, 180.6675567626953, -2.4676587599969935e-06)",0.0,-0.001373,"(-0.000011, -0.000002, -0.001318)",LeftFalse_RightFalse,False,"(37.39499282836914, -0.003921627998352051, 0.7092443108558655)","(0.0006988916429691017, 98.73249053955078, -9.913445637721452e-07)",-0.365488,1.0,"(0.000000, 0.000001, 0.000000)",LeftFalse_RightFalse
65.005493,0.063777,"(-1.3433070182800293, 0.7964409589767456, -33.92836380004883)","(351.55914306640625, 271.3863525390625, 0.6941525936126709)","(0.5395431518554688, 0.6852477788925171, -33.31210708618164)","(0.00047438591718673706, 193.1988067626953, 0.00010349944932386279)","(-1.7319493293762207, -0.003921836614608765, -33.00908660888672)","(0.00048554156091995537, 180.66844177246094, -1.8871883185056504e-06)",0.0,-0.001373,"(0.000010, -0.000002, 0.000934)",LeftFalse_RightFalse,False,"(37.39499282836914, -0.003921627998352051, 0.7092443108558655)","(0.0006988415843807161, 98.73249053955078, -8.280572956209653e-07)",-0.365488,1.0,"(0.000000, 0.000000, 0.000000)",LeftFalse_RightFalse
65.070923,0.064101,"(-1.34328031539917, 0.7964382767677307, -33.92833709716797)","(351.5620422363281, 271.3838806152344, 0.695817232131958)","(0.5395519733428955, 0.685247004032135, -33.3120231628418)","(0.0006405244930647314, 193.19715881347656, 0.0001408614043612033)","(-1.7319490909576416, -0.003921819385141134, -33.00906753540039)","(0.0006558288587257266, 180.66677856445312, -1.4601192788177286e-06)",0.0,-0.001373,"(0.000014, 0.000001, 0.001111)",LeftFalse_RightFalse,False,"(37.39499282836914, -0.003921627998352051, 0.7092443704605103)","(0.0006988599197939038, 98.73249053955078, -4.780069389198616e-07)",-0.365488,1.0,"(0.000000, 0.000000, 0.000000)",LeftFalse_RightFalse
65.131958,0.063503,"(-1.3432953357696533, 0.7964414954185486, -33.928401947021484)","(351.56298828125, 271.392822265625, 0.6960994601249695)","(0.5395461320877075, 0.6852480173110962, -33.31211853027344)","(0.00044829564285464585, 193.1980438232422, 9.803981811273843e-05)","(-1.7319496870040894, -0.0039217425510287285, -33.00912857055664)","(0.00045888812746852636, 180.6676788330078, -1.556302777316887e-06)",0.0,-0.001373,"(-0.000014, -0.000002, -0.001356)",LeftFalse_RightFalse,False,"(37.39499282836914, -0.003921627998352051, 0.7092443108558655)","(0.0006987704546190798, 98.73249053955078, -3.968974056078878e-07)",-0.365488,1.0,"(0.000000, 0.000000, 0.000000)",LeftFalse_RightFalse
65.196289,0.063655,"(-1.3433048725128174, 0.7964375615119934, -33.92839813232422)","(351.5650634765625, 271.39666748046875, 0.6965354681015015)","(0.5395431518554688, 0.6852466464042664, -33.3121337890625)","(0.0006777318776585162, 193.19866943359375, 0.00015098605945240706)","(-1.7319495677947998, -0.003921924624592066, -33.009117126464844)","(0.0006943465559743345, 180.6682891845703, 3.509789507916139e-07)",0.0,-0.001373,"(-0.000004, 0.000001, -0.000512)",LeftFalse_RightFalse,False,"(37.394996643066406, -0.003921627998352051, 0.7092443108558655)","(0.0006989459507167339, 98.73249053955078, -6.286314828685136e-07)",-0.365487,1.0,"(0.000000, 0.000000, 0.000000)",LeftFalse_RightFalse
65.262817,0.064239,"(-1.3433051109313965, 0.7964392304420471, -33.92843246459961)","(351.5591735839844, 271.3895263671875, 0.6965090036392212)","(0.5395433902740479, 0.6852472424507141, -33.312171936035156)","(0.0005817523342557251, 193.19866943359375, 0.00012886161857750267)","(-1.731949806213379, -0.003921832423657179, -33.0091552734375)","(0.0005958531401120126, 180.6682891845703, -4.2303386749154015e-07)",0.0,-0.001373,"(-0.000004, 0.000000, -0.000476)",LeftFalse_RightFalse,False,"(37.39499282836914, -0.003921627998352051, 0.7092443108558655)","(0.0006988340755924582, 98.73249053955078, -5.856145435245708e-07)",-0.365488,1.0,"(0.000000, 0.000000, 0.000000)",LeftFalse_RightFalse
65.327637,0.064346,"(-1.3432987928390503, 0.7964368462562561, -33.92842102050781)","(351.5649719238281, 271.39227294921875, 0.6966884732246399)","(0.539544939994812, 0.6852465867996216, -33.3121452331543)","(0.0007326746708713472, 193.19827270507812, 0.00016192268230952322)","(-1.7319496870040894, -0.003921758383512497, -33.0091438293457)","(0.0007503533852286637, 180.6678924560547, -8.931099273468135e-07)",0.0,-0.001373,"(0.000008, 0.000003, 0.000555)",LeftFalse_RightFalse,False,"(37.39499282836914, -0.003921627998352051, 0.7092443108558655)","(0.0006988036329858005, 98.73249053955078, -3.8100378674243984e-07)",-0.365488,1.0,"(0.000000, 0.000000, 0.000000)",LeftFalse_RightFalse
65.390747,0.064108,"(-1.3432964086532593, 0.7964370250701904, -33.92842102050781)","(351.5669250488281, 271.3932189941406, 0.6968687772750854)","(0.5395455360412598, 0.6852466464042664, -33.31214141845703)","(0.000729779654648155, 193.19810485839844, 0.00016168365254998207)","(-1.731949806213379, -0.003921634517610073, -33.0091438293457)","(0.00074747548205778, 180.66773986816406, -4.983429562344099e-07)",0.0,-0.001373,"(-0.000001, 0.000003, -0.000318)",LeftFalse_RightFalse,False,"(37.39499282836914, -0.003921627998352051, 0.7092442512512207)","(0.0006987163797020912, 98.73249053955078, -4.4418740685614466e-07)",-0.365487,1.0,"(0.000000, 0.000000, 0.000000)",LeftFalse_RightFalse
65.454712,0.064081,"(-1.343315839767456, 0.7964386940002441, -33.92844772338867)","(351.5676574707031, 271.38818359375, 0.6968272924423218)","(0.5395396947860718, 0.6852471232414246, -33.31220626831055)","(0.0006227420526556671, 193.19932556152344, 0.00013829702220391482)","(-1.7319499254226685, -0.003921687137335539, -33.00916290283203)","(0.0006379136466421187, 180.66896057128906, -1.0539369554862787e-07)",0.0,-0.001373,"(-0.000009, 0.000002, -0.000840)",LeftFalse_RightFalse,False,"(37.39499282836914, -0.003921627998352051, 0.7092443108558655)","(0.0006988646928220987, 98.73249053955078, -8.373850164389296e-07)",-0.365488,1.0,"(0.000000, 0.000000, 0.000000)",LeftFalse_RightFalse
65.518311,0.063969,"(-1.3433189392089844, 0.7964349985122681, -33.92838668823242)","(351.55902099609375, 271.3861389160156, 0.6970984935760498)","(0.5395386219024658, 0.6852461099624634, -33.31215286254883)","(0.0008602968882769346, 193.19955444335938, 0.0001924873940879479)","(-1.7319493293762207, -0.003921518102288246, -33.009098052978516)","(0.000881567073520273, 180.66917419433594, 1.255038569070166e-06)",0.0,-0.001373,"(0.000001, 0.000000, 0.000077)",LeftFalse_RightFalse,False,"(37.39499282836914, -0.003921627998352051, 0.7092443108558655)","(0.0006989254616200924, 98.73249053955078, -4.686270926868019e-07)",-0.365487,1.0,"(0.000000, 0.000000, 0.000000)",LeftFalse_RightFalse
65.581421,0.063813,"(-1.3432998657226562, 0.7964360117912292, -33.928382873535156)","(351.555908203125, 271.39129638671875, 0.6970383524894714)","(0.5395448207855225, 0.6852464079856873, -33.31210708618164)","(0.0007941778749227524, 193.1983642578125, 0.00017660360026638955)","(-1.7319493293762207, -0.003921579569578171, -33.00910186767578)","(0.0008135768002830446, 180.66798400878906, 9.457107097432527e-08)",0.0,-0.001373,"(0.000018, 0.000000, 0.001539)",LeftFalse_RightFalse,False,"(37.39499282836914, -0.003921627998352051, 0.7092443704605103)","(0.0006988619570620358, 98.73249053955078, -4.3535473537303915e-07)",-0.365487,1.0,"(0.000000, 0.000000, 0.000000)",LeftFalse_RightFalse
65.645752,0.063915,"(-1.3432965278625488, 0.7964361310005188, -33.928348541259766)","(351.5621032714844, 271.385986328125, 0.6970427632331848)","(0.5395462512969971, 0.6852465271949768, -33.312068939208984)","(0.0007958224159665406, 193.19818115234375, 0.0001765274937497452)","(-1.7319488525390625, -0.003921465016901493, -33.009071350097656)","(0.0008151656948029995, 180.6678009033203, -3.3650817954367085e-07)",0.0,-0.001373,"(-0.000019, 0.000000, -0.001895)",LeftFalse_RightFalse,False,"(37.39499282836914, -0.003921627998352051, 0.7092443108558655)","(0.00069883291143924, 98.73249053955078, -3.4509986335251597e-07)",-0.365488,1.0,"(0.000000, 0.000000, 0.000000)",LeftFalse_RightFalse
65.70874,0.063711,"(-1.3432776927947998, 0.7964352965354919, -33.928314208984375)","(351.5642395019531, 271.3830261230469, 0.6970919966697693)","(0.5395529270172119, 0.6852462291717529, -33.3120002746582)","(0.0008422404062002897, 193.197021484375, 0.00018662831280380487)","(-1.7319486141204834, -0.0039215185679495335, -33.0090446472168)","(0.0008626694325357676, 180.66664123535156, -5.469959205584018e-07)",0.0,-0.001373,"(0.000007, 0.000000, 0.000645)",LeftFalse_RightFalse,False,"(37.39499282836914, -0.003921627998352051, 0.7092443108558655)","(0.0006987843662500381, 98.73249053955078, -3.703733000293141e-07)",-0.365487,1.0,"(0.000000, 0.000000, 0.000000)",LeftFalse_RightFalse
65.774292,0.064094,"(-1.3432782888412476, 0.796440601348877, -33.928375244140625)","(351.5650634765625, 271.38238525390625, 0.6894591450691223)","(0.5395523309707642, 0.6852478384971619, -33.31206130981445)","(0.0005105656455270946, 193.197021484375, 0.00011155332322232425)","(-1.7319492101669312, -0.003921623807400465, -33.00910949707031)","(0.0005226068897172809, 180.66664123535156, -1.8746038676908938e-06)",0.0,-0.001373,"(0.000001, -0.000004, -0.000115)",LeftFalse_RightFalse,False,"(37.39499282836914, -0.003921627998352051, 0.7092443108558655)","(0.0006990013062022626, 98.73249053955078, -7.124247076717438e-07)",-0.365488,1.0,"(0.000000, 0.000000, 0.000000)",LeftFalse_RightFalse
65.83728,0.063858,"(-1.3433117866516113, 0.7964380979537964, -33.92836380004883)","(351.56317138671875, 271.3852233886719, 0.6872092485427856)","(0.5395417213439941, 0.685247004032135, -33.31211471557617)","(0.0006557900342158973, 193.19912719726562, 0.00014491882757283747)","(-1.7319488525390625, -0.0039217351004481316, -33.00907897949219)","(0.0006716111092828214, 180.66876220703125, -8.112939440252376e-07)",0.0,-0.001373,"(-0.000008, 0.000002, -0.000675)",LeftFalse_RightFalse,False,"(37.394989013671875, -0.003921627998352051, 0.7092443108558655)","(0.0006990073015913367, 98.73249053955078, -5.92310698266374e-07)",-0.365487,1.0,"(0.000000, 0.000000, 0.000000)",LeftFalse_RightFalse
65.901489,0.063932,"(-1.3432995080947876, 0.7964397072792053, -33.92838668823242)","(351.56243896484375, 271.384765625, 0.6862011551856995)","(0.5395452976226807, 0.6852474212646484, -33.31211471557617)","(0.0005612644599750638, 193.19834899902344, 0.00012398272519931197)","(-1.7319490909576416, -0.003921695053577423, -33.00910949707031)","(0.0005747947143390775, 180.66798400878906, -7.407170983242395e-07)",0.0,-0.001373,"(-0.000005, -0.000002, -0.000509)",LeftFalse_RightFalse,False,"(37.394989013671875, -0.003921627998352051, 0.7092443108558655)","(0.000698841642588377, 98.73249053955078, -8.404073810197588e-07)",-0.365488,1.0,"(0.000000, 0.000000, 0.000000)",LeftFalse_RightFalse
65.963989,0.063642,"(-1.3433170318603516, 0.7964385151863098, -33.92839050292969)","(351.56219482421875, 271.3922119140625, 0.685953676700592)","(0.5395398139953613, 0.685247004032135, -33.31215286254883)","(0.0006281101959757507, 193.19944763183594, 0.00013958477939013392)","(-1.7319490909576416, -0.003921814262866974, -33.00910568237305)","(0.0006434332462958992, 180.66908264160156, -1.295386375943508e-08)",0.0,-0.001373,"(0.000001, 0.000002, 0.000095)",LeftFalse_RightFalse,False,"(37.39499282836914, -0.003921627998352051, 0.7092443704605103)","(0.0006988067761994898, 98.73249053955078, -7.274324502759555e-07)",-0.365487,1.0,"(0.000000, 0.000000, 0.000000)",LeftFalse_RightFalse
66.028564,0.063837,"(-1.3432953357696533, 0.7964361310005188, -33.928340911865234)","(351.5621337890625, 271.393310546875, 0.6859923601150513)","(0.5395467281341553, 0.6852464079856873, -33.31206130981445)","(0.0007841657497920096, 193.1981201171875, 0.00017421731899958104)","(-1.7319486141204834, -0.003921637777239084, -33.009063720703125)","(0.000803285394795239, 180.66773986816406, -6.26718872354104e-08)",0.0,-0.001373,"(0.000009, 0.000002, 0.000852)",LeftFalse_RightFalse,False,"(37.39499282836914, -0.003921627998352051, 0.7092443108558655)","(0.0006987780798226595, 98.73249053955078, -6.114090638220659e-07)",-0.365487,1.0,"(0.000000, 0.000000, 0.000000)",LeftFalse_RightFalse
66.09082,0.063533,"(-1.3432844877243042, 0.7964363098144531, -33.92831039428711)","(351.55426025390625, 271.3935241699219, 0.6859432458877563)","(0.5395512580871582, 0.6852465867996216, -33.312007904052734)","(0.0007776648853905499, 193.19747924804688, 0.00017239215958397835)","(-1.7319481372833252, -0.003921538591384888, -33.009037017822266)","(0.0007965436088852584, 180.6671142578125, -4.3395422721914656e-07)",0.0,-0.001373,"(0.000005, 0.000004, 0.000548)",LeftFalse_RightFalse,False,"(37.39499282836914, -0.003921627998352051, 0.7092443108558655)","(0.0006987416418269277, 98.73249053955078, -5.577094839281926e-07)",-0.365487,1.0,"(0.000000, 0.000000, 0.000000)",LeftFalse_RightFalse
66.155273,0.063699,"(-1.343268871307373, 0.7964372634887695, -33.92831039428711)","(351.5082092285156, 271.4023132324219, 0.6936396360397339)","(0.5395559072494507, 0.6852468252182007, -33.31197738647461)","(0.0007125883130356669, 193.1964874267578, 0.00015825593436602503)","(-1.7319482564926147, -0.003921598196029663, -33.0090446472168)","(0.0007299501448869705, 180.66610717773438, -1.1469619920490004e-07)",0.0,-0.001373,"(0.000001, 0.000000, 0.000025)",LeftFalse_RightFalse,False,"(37.39499282836914, -0.003921627998352051, 0.7092443108558655)","(0.0006989163812249899, 98.73249053955078, -6.821226605779884e-08)",-0.365487,1.0,"(0.000000, 0.000000, 0.000000)",LeftFalse_RightFalse
66.220825,0.064079,"(-1.3432466983795166, 0.7964377403259277, -33.92829895019531)","(351.5302429199219, 271.4034423828125, 0.6896777749061584)","(0.5395630598068237, 0.6852468848228455, -33.311920166015625)","(0.0006865899777039886, 193.1951141357422, 0.00015225853712763637)","(-1.7319482564926147, -0.003921627998352051, -33.0090446472168)","(0.0007032699068076909, 180.6647491455078, -3.2870102018023317e-07)",0.0,-0.001373,"(0.000002, 0.000000, 0.000168)",LeftFalse_RightFalse,False,"(37.394996643066406, -0.003921627998352051, 0.7092443108558655)","(0.000698847696185112, 98.73249053955078, -2.0898798425150744e-07)",-0.365487,1.0,"(0.000000, 0.000000, 0.000000)",LeftFalse_RightFalse
66.286377,0.06437,"(-1.3432458639144897, 0.7964375615119934, -33.92828369140625)","(351.5677490234375, 271.3954772949219, 0.6883301734924316)","(0.5395634174346924, 0.6852468848228455, -33.31190490722656)","(0.0006923030014149845, 193.195068359375, 0.00015289570728782564)","(-1.7319481372833252, -0.003921667113900185, -33.009029388427734)","(0.0007089850259944797, 180.66468811035156, -9.46192358242115e-07)",0.0,-0.001373,"(-0.000005, 0.000002, -0.000329)",LeftFalse_RightFalse,False,"(37.39499282836914, -0.003921627998352051, 0.7092443108558655)","(0.0006988844252191484, 98.73249053955078, -1.931204280936072e-07)",-0.365488,1.0,"(0.000000, 0.000000, 0.000000)",LeftFalse_RightFalse
66.351563,0.064525,"(-1.3432462215423584, 0.796442985534668, -33.92835998535156)","(351.5697326660156, 271.3865051269531, 0.6875187754631042)","(0.5395628213882446, 0.6852484345436096, -33.31197738647461)","(0.0003569122636690736, 193.19503784179688, 7.759515574434772e-05)","(-1.731948971748352, -0.003921736031770706, -33.00910949707031)","(0.0003652457962743938, 180.6646728515625, -1.6877311281859875e-06)",0.0,-0.001373,"(-0.000021, -0.000003, -0.001987)",LeftFalse_RightFalse,False,"(37.39499282836914, -0.003921627998352051, 0.7092443108558655)","(0.0006988740060478449, 98.73249053955078, -3.6359898558657733e-07)",-0.365487,1.0,"(0.000000, 0.000000, 0.000000)",LeftFalse_RightFalse
66.416382,0.064589,"(-1.343243956565857, 0.7964413166046143, -33.92839431762695)","(351.5624084472656, 271.3831787109375, 0.6874480247497559)","(0.5395630598068237, 0.6852477192878723, -33.312007904052734)","(0.0004438328032847494, 193.1948699951172, 9.888406930258498e-05)","(-1.7319494485855103, -0.003921987488865852, -33.0091438293457)","(0.0004547146672848612, 180.6645050048828, 2.3608855315160326e-07)",0.0,-0.001373,"(-0.000006, 0.000001, -0.000609)",LeftFalse_RightFalse,False,"(37.39499282836914, -0.003921627998352051, 0.7092443108558655)","(0.0006989530520513654, 98.73249053955078, -3.6101951650380215e-07)",-0.365487,1.0,"(0.000000, 0.000000, 0.000000)",LeftFalse_RightFalse
66.479614,0.064319,"(-1.343264102935791, 0.7964404821395874, -33.928436279296875)","(351.5625915527344, 271.3833312988281, 0.6849993467330933)","(0.5395562648773193, 0.685247540473938, -33.31208801269531)","(0.0005000433302484453, 193.1960906982422, 0.00011149577039759606)","(-1.731949806213379, -0.003921912983059883, -33.00917434692383)","(0.0005123225855641067, 180.6657257080078, 3.521280120821757e-07)",0.0,-0.001373,"(-0.000002, 0.000002, -0.000010)",LeftFalse_RightFalse,False,"(37.394996643066406, -0.003921627998352051, 0.7092443108558655)","(0.0006990318652242422, 98.73249053955078, -3.7748634440504247e-07)",-0.365487,1.0,"(0.000000, 0.000000, 0.000000)",LeftFalse_RightFalse
66.542114,0.063963,"(-1.3432865142822266, 0.7964372634887695, -33.92842483520508)","(351.5710754394531, 271.3426208496094, 0.684298574924469)","(0.5395493507385254, 0.6852466464042664, -33.3121223449707)","(0.0007016746676526964, 193.197509765625, 0.00015630674897693098)","(-1.7319495677947998, -0.003921796567738056, -33.009151458740234)","(0.0007188735180534422, 180.66714477539062, 3.5035810697081615e-07)",0.0,-0.001373,"(0.000001, 0.000003, 0.000174)",LeftFalse_RightFalse,False,"(37.39499282836914, -0.003921627998352051, 0.7092443108558655)","(0.0006988818058744073, 98.73249053955078, -8.898599617168657e-07)",-0.365487,1.0,"(0.000000, 0.000000, 0.000000)",LeftFalse_RightFalse
66.604736,0.063694,"(-1.3432917594909668, 0.7964351177215576, -33.92840576171875)","(351.5972900390625, 271.32464599609375, 0.6915832161903381)","(0.5395479202270508, 0.6852460503578186, -33.31211471557617)","(0.0008438116637989879, 193.19784545898438, 0.00018840946722775698)","(-1.7319493293762207, -0.003921643830835819, -33.00912857055664)","(0.0008645897032693028, 180.66748046875, 8.508366704518266e-07)",0.0,-0.001373,"(0.000026, 0.000002, 0.002509)",LeftFalse_RightFalse,False,"(37.394996643066406, -0.003921627998352051, 0.7092443704605103)","(0.0006991009577177465, 98.73249053955078, -4.3290555140629294e-07)",-0.365487,1.0,"(0.000000, 0.000000, 0.000000)",LeftFalse_RightFalse
66.667725,0.063552,"(-1.3432711362838745, 0.7964346408843994, -33.92835235595703)","(351.5792236328125, 271.3232421875, 0.6876986622810364)","(0.5395550727844238, 0.6852460503578186, -33.31201934814453)","(0.0008823158568702638, 193.1966094970703, 0.00019660335965454578)","(-1.7319486141204834, -0.0039215087890625, -33.00908279418945)","(0.0009039548458531499, 180.66622924804688, 4.957504415870062e-07)",0.0,-0.001373,"(-0.000009, 0.000003, -0.001003)",LeftFalse_RightFalse,False,"(37.39499282836914, -0.003921627998352051, 0.7092443108558655)","(0.0006989205721765757, 98.73249053955078, -8.534349262845353e-07)",-0.365487,1.0,"(0.000000, 0.000000, 0.000000)",LeftFalse_RightFalse
66.731445,0.063587,"(-1.3432594537734985, 0.7964361906051636, -33.9283447265625)","(351.5821533203125, 271.32244873046875, 0.6861351728439331)","(0.5395585298538208, 0.6852465271949768, -33.311988830566406)","(0.0007904060767032206, 193.1958770751953, 0.0001753462856868282)","(-1.731948733329773, -0.003921447321772575, -33.00908279418945)","(0.0008096220553852618, 180.66549682617188, -3.1446882076124894e-07)",0.0,-0.001373,"(0.000002, -0.000001, 0.000125)",LeftFalse_RightFalse,False,"(37.39499282836914, -0.003921627998352051, 0.7092443108558655)","(0.000699104683008045, 98.73249053955078, -3.0187445076990116e-07)",-0.365487,1.0,"(0.000000, 0.000000, 0.000000)",LeftFalse_RightFalse
66.794556,0.063482,"(-1.3432605266571045, 0.7964400053024292, -33.92839431762695)","(351.5889587402344, 271.322509765625, 0.6872485876083374)","(0.5395578145980835, 0.6852477192878723, -33.312042236328125)","(0.0005526300519704819, 193.1959228515625, 0.00012106257781852037)","(-1.7319492101669312, -0.003921537660062313, -33.00913619995117)","(0.0005657324218191206, 180.66554260253906, -1.7180196891786181e-06)",0.0,-0.001373,"(0.000001, -0.000004, -0.000012)",LeftFalse_RightFalse,False,"(37.39499282836914, -0.003921627998352051, 0.7092443108558655)","(0.0006990637048147619, 98.73249053955078, -2.726145567066851e-07)",-0.365487,1.0,"(0.000000, 0.000000, 0.000000)",LeftFalse_RightFalse
66.859741,0.063824,"(-1.3432778120040894, 0.7964412569999695, -33.928466796875)","(351.58642578125, 271.3235778808594, 0.6876732707023621)","(0.5395522117614746, 0.6852478981018066, -33.31214904785156)","(0.00046053380356170237, 193.1969757080078, 0.000100946199381724)","(-1.731949806213379, -0.003921797499060631, -33.00920104980469)","(0.00047146540600806475, 180.66659545898438, -1.3743153886025539e-06)",0.0,-0.001373,"(-0.000007, -0.000001, -0.000448)",LeftFalse_RightFalse,False,"(37.39499282836914, -0.003921627998352051, 0.7092443108558655)","(0.000698986230418086, 98.73249053955078, -2.979661815061263e-07)",-0.365488,1.0,"(0.000000, 0.000000, 0.000000)",LeftFalse_RightFalse
66.925415,0.064211,"(-1.3432561159133911, 0.7964382767677307, -33.92845153808594)","(351.5977478027344, 271.32220458984375, 0.688046932220459)","(0.539559006690979, 0.6852469444274902, -33.31208801269531)","(0.0006454579997807741, 193.1956024169922, 0.00014285146608017385)","(-1.7319499254226685, -0.003921776078641415, -33.009193420410156)","(0.0006610766868107021, 180.66522216796875, -5.878214324184228e-07)",0.0,-0.001373,"(0.000014, -0.000001, 0.001294)",LeftFalse_RightFalse,False,"(37.39499282836914, -0.003921627998352051, 0.7092443108558655)","(0.0006988772074691951, 98.73249053955078, -4.203209300612798e-07)",-0.365488,1.0,"(0.000000, 0.000000, 0.000000)",LeftFalse_RightFalse
66.989014,0.064075,"(-1.3432772159576416, 0.796438455581665, -33.928466796875)","(351.5936279296875, 271.33306884765625, 0.6881046295166016)","(0.5395517349243164, 0.6852471232414246, -33.31214904785156)","(0.0006419199053198099, 193.1968994140625, 0.00014202756574377418)","(-1.731950044631958, -0.0039216261357069016, -33.00920104980469)","(0.0006574439466930926, 180.66651916503906, -6.244814017009048e-07)",0.0,-0.001373,"(0.000005, 0.000001, 0.000497)",LeftFalse_RightFalse,False,"(37.39499282836914, -0.003921627998352051, 0.7092443108558655)","(0.0006989305838942528, 98.73249053955078, -1.9267748996298906e-07)",-0.365487,1.0,"(0.000000, 0.000000, 0.000000)",LeftFalse_RightFalse
67.050293,0.063523,"(-1.3432917594909668, 0.796438455581665, -33.92848205566406)","(351.59161376953125, 271.33001708984375, 0.6881232857704163)","(0.5395472049713135, 0.6852471232414246, -33.312191009521484)","(0.0006407778710126877, 193.19778442382812, 0.00014254715642891824)","(-1.731950283050537, -0.003921635448932648, -33.00920867919922)","(0.0006564418436028063, 180.66741943359375, 1.3051489133886207e-07)",0.0,-0.001373,"(-0.000002, 0.000001, -0.000023)",LeftFalse_RightFalse,False,"(37.39499282836914, -0.003921627998352051, 0.7092443108558655)","(0.0006988389068283141, 98.73249053955078, -4.0651173094374826e-07)",-0.365487,1.0,"(0.000000, 0.000000, 0.000000)",LeftFalse_RightFalse
67.113037,0.063361,"(-1.3432992696762085, 0.7964369654655457, -33.92847442626953)","(351.5838317871094, 271.3288879394531, 0.6882273554801941)","(0.5395443439483643, 0.6852465867996216, -33.312198638916016)","(0.0007332832319661975, 193.19827270507812, 0.00016394356498494744)","(-1.731950283050537, -0.003921627998352051, -33.00919723510742)","(0.0007513859309256077, 180.6678924560547, 9.47616399571416e-07)",0.0,-0.001373,"(0.000011, 0.000000, 0.001083)",LeftFalse_RightFalse,False,"(37.39499282836914, -0.003921627998352051, 0.7092443108558655)","(0.0006988493259996176, 98.73249053955078, -4.195653389160725e-07)",-0.365487,1.0,"(0.000000, 0.000000, 0.000000)",LeftFalse_RightFalse
67.174805,0.06305,"(-1.3433045148849487, 0.7964369058609009, -33.92848205566406)","(351.5787658691406, 271.320556640625, 0.6882321238517761)","(0.5395429134368896, 0.6852466464042664, -33.312217712402344)","(0.0007353972760029137, 193.19859313964844, 0.0001636833039810881)","(-1.731950283050537, -0.003921627998352051, -33.00920104980469)","(0.0007533931056968868, 180.668212890625, 2.3487332612148748e-07)",0.0,-0.001373,"(-0.000004, 0.000000, -0.000310)",LeftFalse_RightFalse,False,"(37.39499282836914, -0.003921627998352051, 0.7092443108558655)","(0.0006989259854890406, 98.73249053955078, -3.302484401501715e-07)",-0.365488,1.0,"(0.000000, 0.000000, 0.000000)",LeftFalse_RightFalse
67.238037,0.063092,"(-1.343285322189331, 0.7964375019073486, -33.92848205566406)","(351.5784606933594, 271.322509765625, 0.6881993412971497)","(0.5395491123199463, 0.6852468848228455, -33.31217575073242)","(0.000702199584338814, 193.1973876953125, 0.0001562189863761887)","(-1.731950283050537, -0.003921572584658861, -33.00920867919922)","(0.0007193668861873448, 180.66702270507812, 1.5080857451721386e-07)",0.0,-0.001373,"(0.000013, 0.000000, 0.001074)",LeftFalse_RightFalse,False,"(37.39499282836914, -0.003921627998352051, 0.7092443108558655)","(0.0006989974644966424, 98.73249053955078, -3.0278636131697567e-07)",-0.365488,1.0,"(0.000000, 0.000000, 0.000000)",LeftFalse_RightFalse
67.301025,0.06307,"(-1.3432719707489014, 0.7964385151863098, -33.92848205566406)","(351.57940673828125, 271.3228454589844, 0.68813157081604)","(0.5395537614822388, 0.6852471828460693, -33.31214904785156)","(0.0006373554351739585, 193.1965789794922, 0.00014061134424991906)","(-1.7319501638412476, -0.003921606577932835, -33.00921630859375)","(0.0006526811048388481, 180.66619873046875, -1.0166680795009597e-06)",0.0,-0.001373,"(0.000018, -0.000001, 0.001653)",LeftFalse_RightFalse,False,"(37.39499282836914, -0.003921627998352051, 0.7092442512512207)","(0.0006990437395870686, 98.73249053955078, -3.4074864174726827e-07)",-0.365488,1.0,"(0.000000, 0.000000, 0.000000)",LeftFalse_RightFalse
67.365601,0.063357,"(-1.3432565927505493, 0.7964369654655457, -33.9284553527832)","(351.5634765625, 271.3223571777344, 0.688227653503418)","(0.5395588874816895, 0.6852466464042664, -33.31209182739258)","(0.000729925581254065, 193.1956329345703, 0.00016136672638822347)","(-1.731949806213379, -0.003921672236174345, -33.009193420410156)","(0.0007475493475794792, 180.66526794433594, -8.394147243961925e-07)",0.0,-0.001373,"(0.000018, 0.000002, 0.001505)",LeftFalse_RightFalse,False,"(37.39499282836914, -0.003921627998352051, 0.7092443108558655)","(0.0006990553229115903, 98.73249053955078, -4.423896200478339e-07)",-0.365488,1.0,"(0.000000, 0.000000, 0.000000)",LeftFalse_RightFalse
67.432739,0.064106,"(-1.3432295322418213, 0.7964387536048889, -33.928462982177734)","(351.5704040527344, 271.32080078125, 0.6881230473518372)","(0.539568305015564, 0.6852473020553589, -33.31204605102539)","(0.0006281680543906987, 193.1939239501953, 0.0001383189664920792)","(-1.7319501638412476, -0.003921590745449066, -33.00921630859375)","(0.0006432151421904564, 180.66355895996094, -1.261170382349519e-06)",0.0,-0.001373,"(-0.000008, -0.000001, -0.000968)",LeftFalse_RightFalse,False,"(37.39499282836914, -0.003921627998352051, 0.7092443108558655)","(0.000699024589266628, 98.73249053955078, -5.708152457373217e-07)",-0.365488,1.0,"(0.000000, 0.000000, 0.000000)",LeftFalse_RightFalse
67.497437,0.064241,"(-1.3432378768920898, 0.7964394688606262, -33.92848205566406)","(351.5827331542969, 271.3292236328125, 0.6880755424499512)","(0.539564847946167, 0.685247540473938, -33.31208038330078)","(0.0005828329594805837, 193.19444274902344, 0.00012776159564964473)","(-1.731950283050537, -0.0039215851575136185, -33.00923156738281)","(0.0005966693861410022, 180.6640625, -1.731326051412907e-06)",0.0,-0.001373,"(-0.000001, -0.000002, -0.000142)",LeftFalse_RightFalse,False,"(37.39499282836914, -0.003921627998352051, 0.7092442512512207)","(0.000698968127835542, 98.73249053955078, -6.745926839357708e-07)",-0.365488,1.0,"(0.000000, 0.000000, 0.000000)",LeftFalse_RightFalse
67.558228,0.063542,"(-1.3432503938674927, 0.796437680721283, -33.928470611572266)","(351.580078125, 271.3326416015625, 0.6881842613220215)","(0.5395612716674805, 0.6852469444274902, -33.312095642089844)","(0.0006884921458549798, 193.1952362060547, 0.00015111851098481566)","(-1.731950044631958, -0.003921602852642536, -33.009212493896484)","(0.0007048794068396091, 180.66485595703125, -1.8542483530836762e-06)",0.0,-0.001373,"(0.000012, 0.000001, 0.000931)",LeftFalse_RightFalse,False,"(37.39499282836914, -0.003921627998352051, 0.7092443108558655)","(0.0006989104440435767, 98.73249053955078, -7.039828346933064e-07)",-0.365488,1.0,"(0.000000, 0.000000, 0.000000)",LeftFalse_RightFalse
67.62146,0.063491,"(-1.3432581424713135, 0.7964372038841248, -33.9284553527832)","(351.58953857421875, 271.3267822265625, 0.6882249712944031)","(0.5395580530166626, 0.6852468252182007, -33.312095642089844)","(0.0007260720594786108, 193.19570922851562, 0.00016089994460344315)","(-1.7319499254226685, -0.0039215087890625, -33.009193420410156)","(0.0007436861633323133, 180.66534423828125, -4.590148137140204e-07)",0.0,-0.001373,"(-0.000001, -0.000001, 0.000136)",LeftFalse_RightFalse,False,"(37.39499282836914, -0.003921627998352051, 0.7092443108558655)","(0.0006988669047132134, 98.73249053955078, -6.337122613331303e-07)",-0.365488,1.0,"(0.000000, -0.000001, 0.000000)",LeftFalse_RightFalse
67.686157,0.063717,"(-1.3432519435882568, 0.7964386940002441, -33.92845916748047)","(351.584716796875, 271.32403564453125, 0.6881213784217834)","(0.5395603179931641, 0.6852471828460693, -33.31208419799805)","(0.0006263927789404988, 193.19532775878906, 0.0001390300749335438)","(-1.731950044631958, -0.003921617288142443, -33.00920104980469)","(0.0006416364340111613, 180.6649627685547, -1.818560804167646e-07)",0.0,-0.001373,"(-0.000004, -0.000001, -0.000452)",LeftFalse_RightFalse,False,"(37.39499282836914, -0.003921627998352051, 0.7092443108558655)","(0.0006988500244915485, 98.73249053955078, -4.815504439648066e-07)",-0.365488,1.0,"(0.000000, -0.000001, 0.000000)",LeftFalse_RightFalse
67.750366,0.063833,"(-1.3432313203811646, 0.7964364886283875, -33.92842102050781)","(351.5942077636719, 271.3219299316406, 0.6882603168487549)","(0.5395669937133789, 0.6852465271949768, -33.31200408935547)","(0.0007600563112646341, 193.19406127929688, 0.0001689047203399241)","(-1.731949806213379, -0.003921612165868282, -33.00917053222656)","(0.000778597837779671, 180.66368103027344, -1.804193772159124e-08)",0.0,-0.001373,"(0.000007, 0.000002, 0.000726)",LeftFalse_RightFalse,False,"(37.39499282836914, -0.003921627998352051, 0.7092443108558655)","(0.0006988589884713292, 98.73249053955078, -3.1768988151270605e-07)",-0.365488,1.0,"(0.000000, -0.000001, 0.000000)",LeftFalse_RightFalse
67.815674,0.064111,"(-1.3432108163833618, 0.7964352965354919, -33.928367614746094)","(351.5888977050781, 271.32037353515625, 0.688332736492157)","(0.5395749807357788, 0.6852461099624634, -33.311912536621094)","(0.0008310263510793447, 193.19281005859375, 0.0001842544588726014)","(-1.7319492101669312, -0.003921715542674065, -33.009124755859375)","(0.0008512076456099749, 180.66246032714844, -4.3132348537255893e-07)",0.0,-0.001373,"(-0.000009, 0.000003, -0.000987)",LeftFalse_RightFalse,False,"(37.394989013671875, -0.003921627998352051, 0.7092443108558655)","(0.0006988768000155687, 98.73249053955078, -2.0672119660503085e-07)",-0.365488,1.0,"(0.000000, -0.000001, 0.000000)",LeftFalse_RightFalse
67.877197,0.063603,"(-1.3431988954544067, 0.7964372038841248, -33.92835998535156)","(351.587158203125, 271.31951904296875, 0.6954897046089172)","(0.5395786762237549, 0.6852468252182007, -33.31188201904297)","(0.0007235264056362212, 193.1920623779297, 0.00015980841999407858)","(-1.7319493293762207, -0.003921592142432928, -33.009124755859375)","(0.0007409646059386432, 180.6616973876953, -9.722594995764666e-07)",0.0,-0.001373,"(0.000003, 0.000000, 0.000180)",LeftFalse_RightFalse,False,"(37.39499282836914, -0.003921627998352051, 0.7092443108558655)","(0.0006988910608924925, 98.73249053955078, -1.8129141210465605e-07)",-0.365488,1.0,"(0.000000, -0.000001, 0.000000)",LeftFalse_RightFalse
67.94104,0.063655,"(-1.3432157039642334, 0.7964380383491516, -33.92835998535156)","(351.60430908203125, 271.320556640625, 0.6983327269554138)","(0.5395731925964355, 0.6852470636367798, -33.311912536621094)","(0.0006725237471982837, 193.193115234375, 0.00014970290067140013)","(-1.7319493293762207, -0.003921530209481716, -33.009117126464844)","(0.0006889841170050204, 180.66273498535156, 2.283151587789689e-07)",0.0,-0.001373,"(-0.000003, -0.000001, -0.000313)",LeftFalse_RightFalse,False,"(37.39499282836914, -0.003921627998352051, 0.7092442512512207)","(0.000698898162227124, 98.73249053955078, -2.4582990931776294e-07)",-0.365488,1.0,"(0.000000, -0.000001, 0.000000)",LeftFalse_RightFalse
68.00354,0.063417,"(-1.3432283401489258, 0.7964340448379517, -33.92829895019531)","(351.58526611328125, 271.3240966796875, 0.6987946629524231)","(0.5395689010620117, 0.6852457523345947, -33.31188201904297)","(0.0009105310309678316, 193.19395446777344, 0.000203785952180624)","(-1.7319486141204834, -0.003921598196029663, -33.00904846191406)","(0.0009330558823421597, 180.66357421875, 1.3858184502169024e-06)",0.0,-0.001373,"(0.000016, 0.000002, 0.001575)",LeftFalse_RightFalse,False,"(37.39499282836914, -0.003921627998352051, 0.7092443108558655)","(0.0006989051471464336, 98.73249053955078, -3.7818983855686383e-07)",-0.365488,1.0,"(0.000000, -0.000001, 0.000000)",LeftFalse_RightFalse
68.067749,0.063584,"(-1.3432259559631348, 0.7964352369308472, -33.92826843261719)","(351.5778503417969, 271.3250732421875, 0.6988145112991333)","(0.5395698547363281, 0.6852462887763977, -33.31184387207031)","(0.0008479180396534503, 193.19383239746094, 0.00018881472351495177)","(-1.7319481372833252, -0.003921430557966232, -33.00901794433594)","(0.000868686125613749, 180.6634521484375, 3.555369687546772e-07)",0.0,-0.001373,"(-0.000006, 0.000001, -0.000742)",LeftFalse_RightFalse,False,"(37.39499282836914, -0.003921627998352051, 0.7092443108558655)","(0.0006989198154769838, 98.73249053955078, -5.416074486674916e-07)",-0.365488,1.0,"(0.000000, -0.000001, 0.000000)",LeftFalse_RightFalse
68.130005,0.063308,"(-1.343217372894287, 0.7964407801628113, -33.92831039428711)","(351.58453369140625, 271.3249206542969, 0.6984818577766418)","(0.5395731925964355, 0.6852479577064514, -33.311866760253906)","(0.0004984874394722283, 193.19326782226562, 0.00010825368372024968)","(-1.7319486141204834, -0.003921647556126118, -33.00906753540039)","(0.0005101005081087351, 180.6628875732422, -2.4752055196586298e-06)",0.0,-0.001373,"(-0.000011, -0.000003, -0.001321)",LeftFalse_RightFalse,False,"(37.39499282836914, -0.003921627998352051, 0.7092442512512207)","(0.0006989361718297005, 98.73249053955078, -6.690950726806477e-07)",-0.365488,1.0,"(0.000000, -0.000001, 0.000000)",LeftFalse_RightFalse
68.19458,0.063573,"(-1.3432176113128662, 0.7964434623718262, -33.928348541259766)","(351.5840148925781, 271.3250732421875, 0.6983205080032349)","(0.5395728349685669, 0.685248613357544, -33.31190872192383)","(0.00033224045182578266, 193.19326782226562, 7.223738793982193e-05)","(-1.731948971748352, -0.00392166106030345, -33.00910949707031)","(0.0003399993001949042, 180.6628875732422, -1.5651596640964272e-06)",0.0,-0.001373,"(-0.000021, -0.000004, -0.001997)",LeftFalse_RightFalse,False,"(37.39499282836914, -0.003921627998352051, 0.7092443108558655)","(0.0006989607936702669, 98.73249053955078, -7.109916850822628e-07)",-0.365488,1.0,"(0.000000, -0.000001, 0.000000)",LeftFalse_RightFalse
68.256226,0.063184,"(-1.3432432413101196, 0.7964404821395874, -33.92835998535156)","(351.578857421875, 271.3266906738281, 0.6984962224960327)","(0.539563775062561, 0.685247540473938, -33.311973571777344)","(0.0004979855730198324, 193.19485473632812, 0.00011096490925410762)","(-1.731948971748352, -0.003921930678188801, -33.00910949707031)","(0.0005101987044326961, 180.6644744873047, 2.803337793011451e-07)",0.0,-0.001373,"(-0.000005, -0.000001, -0.000267)",LeftFalse_RightFalse,False,"(37.39499282836914, -0.003921629395335913, 0.7092443108558655)","(0.0006989816902205348, 98.73249053955078, -6.79986101204122e-07)",-0.365488,1.0,"(0.000000, -0.000001, 0.000000)",LeftFalse_RightFalse
68.318726,0.063046,"(-1.3432276248931885, 0.7964373826980591, -33.92832946777344)","(351.58349609375, 271.32574462890625, 0.6987037658691406)","(0.5395691394805908, 0.6852466464042664, -33.311912536621094)","(0.0006970000686123967, 193.1938934326172, 0.00015458755660802126)","(-1.7319486141204834, -0.003921801224350929, -33.00908279418945)","(0.0007139371009543538, 180.6635284423828, -3.1366843700197933e-07)",0.0,-0.001373,"(-0.000011, 0.000003, -0.001082)",LeftFalse_RightFalse,False,"(37.39499282836914, -0.0039216578006744385, 0.7092443108558655)","(0.0006983780185692012, 98.73249053955078, -1.1192752253919025e-06)",-0.365487,1.0,"(0.000000, 0.000000, 0.000000)",LeftFalse_RightFalse
68.382202,0.063133,"(-1.3432283401489258, 0.7964411973953247, -33.92838668823242)","(351.56195068359375, 271.3324890136719, 0.6984707713127136)","(0.5395684242248535, 0.6852479577064514, -33.31196594238281)","(0.00047220743726938963, 193.19390869140625, 0.00010332099191145971)","(-1.7319490909576416, -0.003921708557754755, -33.00914001464844)","(0.00048337617772631347, 180.66354370117188, -1.5887439985817764e-06)",0.0,-0.001373,"(0.000009, -0.000002, 0.000835)",LeftFalse_RightFalse,False,"(37.394989013671875, -0.0039216578006744385, 0.7092443108558655)","(0.0006981174228712916, 98.73249053955078, -1.6482458704558667e-06)",-0.365488,1.0,"(0.000000, 0.000000, 0.000000)",LeftFalse_RightFalse
68.445679,0.063197,"(-1.3432319164276123, 0.7964382171630859, -33.92837905883789)","(351.5276794433594, 271.38433837890625, 0.6920881867408752)","(0.5395684242248535, 0.6852469444274902, -33.31196594238281)","(0.0006436606636270881, 193.1941680908203, 0.00014392781304195523)","(-1.7319488525390625, -0.003921777009963989, -33.00912857055664)","(0.0006595556624233723, 180.66378784179688, 8.528492116965936e-07)",0.0,-0.001373,"(-0.000005, 0.000003, -0.000302)",LeftFalse_RightFalse,False,"(37.39499282836914, -0.0039216578006744385, 0.7092443108558655)","(0.0006981440237723291, 98.73249053955078, -1.4698465520268655e-06)",-0.365487,1.0,"(0.000000, 0.000000, 0.000000)",LeftFalse_RightFalse
68.512451,0.063922,"(-1.3432188034057617, 0.7964380979537964, -33.92837905883789)","(351.5211181640625, 271.32257080078125, 0.6917611956596375)","(0.5395722389221191, 0.6852468848228455, -33.31194305419922)","(0.0006612286670133471, 193.19332885742188, 0.00014801819634158164)","(-1.7319490909576416, -0.003921661525964737, -33.00913619995117)","(0.0006775925867259502, 180.6629638671875, 1.0342984069211525e-06)",0.0,-0.001373,"(-0.000004, 0.000001, -0.000208)",LeftFalse_RightFalse,False,"(37.394996643066406, -0.0039216578006744385, 0.7092443108558655)","(0.000698142743203789, 98.73249053955078, -1.3580962558989995e-06)",-0.365488,1.0,"(0.000000, 0.000000, 0.000000)",LeftFalse_RightFalse
68.578979,0.06444,"(-1.3432228565216064, 0.7964339852333069, -33.92832565307617)","(351.5653076171875, 271.3232421875, 0.6876158714294434)","(0.5395715236663818, 0.6852457523345947, -33.311893463134766)","(0.0009172176360152662, 193.19361877441406, 0.00020536931697279215)","(-1.7319483757019043, -0.003921587020158768, -33.00907516479492)","(0.0009399268310517073, 180.66323852539062, 1.4807618526901933e-06)",0.0,-0.001373,"(-0.000008, 0.000003, -0.000612)",LeftFalse_RightFalse,False,"(37.39499282836914, -0.0039216578006744385, 0.7092443108558655)","(0.0006979921599850059, 98.73249053955078, -1.6466565284645185e-06)",-0.365488,1.0,"(0.000000, 0.000000, 0.000000)",LeftFalse_RightFalse
68.644287,0.064612,"(-1.3431997299194336, 0.7964382171630859, -33.928340911865234)","(351.5704650878906, 271.3219299316406, 0.6859111785888672)","(0.5395781993865967, 0.6852472424507141, -33.31186294555664)","(0.0006723828264512122, 193.19215393066406, 0.00014852428284939378)","(-1.7319488525390625, -0.0039213732816278934, -33.00910568237305)","(0.0006885908078402281, 180.66177368164062, -8.916659339774924e-07)",0.0,-0.001373,"(-0.000017, -0.000002, -0.001654)",LeftFalse_RightFalse,False,"(37.39499282836914, -0.0039216578006744385, 0.7092443108558655)","(0.0006980035686865449, 98.73249053955078, -1.6262814597212127e-06)",-0.365488,1.0,"(0.000000, 0.000001, 0.000000)",LeftFalse_RightFalse
68.708252,0.064466,"(-1.343223214149475, 0.7964413166046143, -33.928409576416016)","(351.5787353515625, 271.3234558105469, 0.6852075457572937)","(0.5395708084106445, 0.685248076915741, -33.311981201171875)","(0.00046900648158043623, 193.193603515625, 0.00010251034836983308)","(-1.7319493293762207, -0.003921584691852331, -33.0091667175293)","(0.0004800756578333676, 180.66322326660156, -1.6856295133038657e-06)",0.0,-0.001373,"(-0.000007, -0.000002, -0.000718)",LeftFalse_RightFalse,False,"(37.39499282836914, -0.0039216578006744385, 0.7092443108558655)","(0.0006981596234254539, 98.73249053955078, -1.3425152474155766e-06)",-0.365488,1.0,"(0.000000, 0.000001, 0.000000)",LeftFalse_RightFalse
68.77124,0.064183,"(-1.3432214260101318, 0.796442449092865, -33.9284553527832)","(351.57525634765625, 271.3233642578125, 0.6917369961738586)","(0.5395710468292236, 0.6852483749389648, -33.3120231628418)","(0.0003915334527846426, 193.19345092773438, 8.470386092085391e-05)","(-1.731949806213379, -0.003921741619706154, -33.00921630859375)","(0.0004005847149528563, 180.66307067871094, -2.2596668713958934e-06)",0.0,-0.001373,"(-0.000023, -0.000001, -0.002110)",LeftFalse_RightFalse,False,"(37.39499282836914, -0.003921627998352051, 0.7092443108558655)","(0.0006988236564211547, 98.73249053955078, -8.807146514300257e-07)",-0.365487,1.0,"(0.000000, 0.000000, 0.000000)",LeftFalse_RightFalse
68.834351,0.063958,"(-1.343233585357666, 0.7964361310005188, -33.92842102050781)","(351.5809631347656, 271.323974609375, 0.6945781111717224)","(0.5395667552947998, 0.6852464079856873, -33.31201171875)","(0.0007768861833028495, 193.19422912597656, 0.0001716133119771257)","(-1.7319493293762207, -0.0039217229932546616, -33.00917053222656)","(0.0007956144399940968, 180.6638641357422, -1.025332153403724e-06)",0.0,-0.001373,"(0.000018, 0.000001, 0.001717)",LeftFalse_RightFalse,False,"(37.39499282836914, -0.003921627998352051, 0.7092443108558655)","(0.0006987710949033499, 98.73249053955078, -1.262890918951598e-06)",-0.365488,1.0,"(0.000000, 0.000000, 0.000000)",LeftFalse_RightFalse
68.898804,0.064069,"(-1.343257188796997, 0.7964345216751099, -33.928401947021484)","(351.5889892578125, 271.3175048828125, 0.6888443231582642)","(0.5395588874816895, 0.6852459907531738, -33.312042236328125)","(0.0008859771187417209, 193.19570922851562, 0.00019731835345737636)","(-1.7319490909576416, -0.003921563271433115, -33.00914001464844)","(0.0009076836286112666, 180.6653289794922, 3.994100836735015e-07)",0.0,-0.001373,"(0.000025, 0.000002, 0.002394)",LeftFalse_RightFalse,False,"(37.39499282836914, -0.003921627998352051, 0.7092443704605103)","(0.0006988771492615342, 98.73249053955078, -1.1252417380092083e-06)",-0.365488,1.0,"(0.000000, 0.000000, 0.000000)",LeftFalse_RightFalse
68.962158,0.063911,"(-1.3432523012161255, 0.7964330911636353, -33.9283332824707)","(351.58355712890625, 271.32220458984375, 0.6869067549705505)","(0.5395612716674805, 0.6852455735206604, -33.31196594238281)","(0.0009809347102418542, 193.19544982910156, 0.00021973668481223285)","(-1.7319483757019043, -0.003921459428966045, -33.009071350097656)","(0.0010052433935925364, 180.66506958007812, 1.6820278005980072e-06)",0.0,-0.001373,"(-0.000005, 0.000002, -0.000617)",LeftFalse_RightFalse,False,"(37.39499282836914, -0.003921627998352051, 0.7092443108558655)","(0.0006989313405938447, 98.73249053955078, -9.74460931502108e-07)",-0.365488,1.0,"(0.000000, 0.000001, 0.000000)",LeftFalse_RightFalse
69.02771,0.064253,"(-1.3432554006576538, 0.7964375615119934, -33.92835235595703)","(351.57421875, 271.3243103027344, 0.6939442157745361)","(0.5395603179931641, 0.6852469444274902, -33.311988830566406)","(0.0007085231482051313, 193.1956329345703, 0.00015743028779979795)","(-1.7319486141204834, -0.0039214640855789185, -33.009090423583984)","(0.0007258026744239032, 180.66526794433594, -3.866699316290578e-08)",0.0,-0.001373,"(-0.000004, -0.000002, -0.000295)",LeftFalse_RightFalse,False,"(37.39499282836914, -0.003921627998352051, 0.7092443108558655)","(0.0006988549721427262, 98.73249053955078, -1.0340228300265153e-06)",-0.365488,1.0,"(0.000000, 0.000000, 0.000000)",LeftFalse_RightFalse
69.0896,0.06377,"(-1.3432241678237915, 0.7964383363723755, -33.9283332824707)","(351.5746765136719, 271.322998046875, 0.696256697177887)","(0.5395711660385132, 0.6852471828460693, -33.31190490722656)","(0.0006522682378999889, 193.19371032714844, 0.00014386225666385144)","(-1.7319484949111938, -0.003921568393707275, -33.00908660888672)","(0.0006679439102299511, 180.663330078125, -1.0786209259094903e-06)",0.0,-0.001373,"(-0.000016, 0.000000, -0.001585)",LeftFalse_RightFalse,False,"(37.39499282836914, -0.003921627998352051, 0.7092443108558655)","(0.0006989465327933431, 98.73249053955078, -6.431963015529618e-07)",-0.365488,1.0,"(0.000000, 0.000001, 0.000000)",LeftFalse_RightFalse
69.154297,0.063969,"(-1.3432252407073975, 0.7964422106742859, -33.92839431762695)","(351.5770568847656, 271.3226623535156, 0.6969523429870605)","(0.5395703315734863, 0.6852482557296753, -33.31196975708008)","(0.00040749742765910923, 193.1937255859375, 8.857771899783984e-05)","(-1.7319493293762207, -0.003921713680028915, -33.009151458740234)","(0.00041700893780216575, 180.66334533691406, -1.9415854239923647e-06)",0.0,-0.001373,"(-0.000009, -0.000004, -0.000858)",LeftFalse_RightFalse,False,"(37.39499282836914, -0.003921627998352051, 0.7092443108558655)","(0.0006987556116655469, 98.73249053955078, -8.792555377112876e-07)",-0.365487,1.0,"(0.000000, 0.000000, 0.000000)",LeftFalse_RightFalse
69.225586,0.065419,"(-1.3432374000549316, 0.7964404225349426, -33.92842102050781)","(351.57220458984375, 271.3232421875, 0.6974233388900757)","(0.5395655632019043, 0.6852476000785828, -33.31201934814453)","(0.0005083887954242527, 193.1944580078125, 0.00011204947804799303)","(-1.7319495677947998, -0.003921851050108671, -33.00917053222656)","(0.0005205895868130028, 180.66407775878906, -9.179806852444017e-07)",0.0,-0.001373,"(0.000006, 0.000001, 0.000532)",LeftFalse_RightFalse,False,"(37.39499282836914, -0.003921627998352051, 0.7092443108558655)","(0.0006987464148551226, 98.73249053955078, -6.239936851670791e-07)",-0.365488,1.0,"(0.000000, 0.000000, 0.000000)",LeftFalse_RightFalse
69.30127,0.067475,"(-1.3432252407073975, 0.7964352369308472, -33.92836380004883)","(351.5730285644531, 271.32244873046875, 0.6900919675827026)","(0.5395705699920654, 0.6852461099624634, -33.31193542480469)","(0.0008336277678608894, 193.19374084472656, 0.0001853721187217161)","(-1.7319488525390625, -0.0039217108860611916, -33.00911331176758)","(0.0008539895643480122, 180.66336059570312, 9.528390876312187e-08)",0.0,-0.001373,"(0.000011, 0.000001, 0.001084)",LeftFalse_RightFalse,False,"(37.39499282836914, -0.003921627998352051, 0.7092443108558655)","(0.0006988715613260865, 98.73249053955078, -1.0026785730588017e-06)",-0.365487,1.0,"(0.000000, 0.000000, 0.000000)",LeftFalse_RightFalse
69.364258,0.066584,"(-1.3438458442687988, 0.7964365482330322, -33.92820739746094)","(351.5811767578125, 271.3225402832031, 0.6884711980819702)","(0.5395691394805908, 0.6852467060089111, -33.31193161010742)","(0.0007675567176192999, 193.19383239746094, 0.00016979841166175902)","(-1.7319488525390625, -0.003921449184417725, -33.00910568237305)","(0.0007861134363338351, 180.66346740722656, -7.7290428635024e-07)",0.0,-0.001373,"(0.000022, 0.000000, 0.002010)",LeftFalse_RightFalse,False,"(37.39499282836914, -0.003921627998352051, 0.7092443108558655)","(0.0006989006651565433, 98.73249053955078, -7.609653494000668e-07)",-0.365487,1.0,"(0.000000, 0.000000, 0.000000)",LeftFalse_RightFalse
69.429321,0.066268,"(-1.3440577983856201, 0.7964346408843994, -33.92808532714844)","(351.5809020996094, 271.321044921875, 0.6880030035972595)","(0.5395779609680176, 0.6852460503578186, -33.31181335449219)","(0.0008864194387570024, 193.19236755371094, 0.00019630866881925613)","(-1.7319481372833252, -0.0039214580319821835, -33.0090446472168)","(0.0009078964940272272, 180.6619873046875, -6.821812803536886e-07)",0.0,-0.001373,"(0.000009, 0.000001, 0.000638)",LeftFalse_RightFalse,False,"(37.39499282836914, -0.003921627998352051, 0.7092443108558655)","(0.0006989490939304233, 98.73249053955078, -4.0614696672491846e-07)",-0.365488,1.0,"(0.000000, 0.000000, 0.000000)",LeftFalse_RightFalse
69.492065,0.065579,"(-1.3441450595855713, 0.7964385747909546, -33.92808532714844)","(351.574462890625, 271.321533203125, 0.6875547170639038)","(0.5395755767822266, 0.6852473020553589, -33.31184768676758)","(0.0006464686011895537, 193.19281005859375, 0.0001423802605131641)","(-1.7319483757019043, -0.003921453841030598, -33.009063720703125)","(0.0006619609775952995, 180.66244506835938, -1.267061747967091e-06)",0.0,-0.001373,"(-0.000014, 0.000001, -0.001354)",LeftFalse_RightFalse,False,"(37.39499282836914, -0.003921627998352051, 0.7092443108558655)","(0.0006988318054936826, 98.73249053955078, -4.707636378498137e-07)",-0.365488,1.0,"(0.000000, 0.000000, 0.000000)",LeftFalse_RightFalse
69.554565,0.064969,"(-1.3441736698150635, 0.7964392900466919, -33.928077697753906)","(351.57574462890625, 271.3215026855469, 0.6874315738677979)","(0.5395758152008057, 0.6852474212646484, -33.31184768676758)","(0.0005997667321935296, 193.19276428222656, 0.0001327439968008548)","(-1.7319483757019043, -0.003921509720385075, -33.009063720703125)","(0.0006142806960269809, 180.66238403320312, -5.415012083176407e-07)",0.0,-0.001373,"(-0.000012, -0.000001, -0.001068)",LeftFalse_RightFalse,False,"(37.39499282836914, -0.003921627998352051, 0.7092443108558655)","(0.0006987897213548422, 98.73249053955078, -4.620872857685754e-07)",-0.365487,1.0,"(0.000000, 0.000000, 0.000000)",LeftFalse_RightFalse
69.618896,0.064834,"(-1.3442027568817139, 0.7964370250701904, -33.928043365478516)","(351.5738830566406, 271.3302307128906, 0.6875371932983398)","(0.5395697355270386, 0.6852467060089111, -33.31185531616211)","(0.0007289599743671715, 193.19387817382812, 0.0001627470919629559)","(-1.7319480180740356, -0.003921603783965111, -33.00902557373047)","(0.0007469059783034027, 180.6634979248047, 7.175938208092703e-07)",0.0,-0.001373,"(-0.000002, 0.000001, 0.000016)",LeftFalse_RightFalse,False,"(37.39499282836914, -0.003921627998352051, 0.7092442512512207)","(0.0006987920496612787, 98.73249053955078, -3.9757483705216146e-07)",-0.365487,1.0,"(0.000000, 0.000000, 0.000000)",LeftFalse_RightFalse
69.682983,0.064677,"(-1.3442420959472656, 0.7964362502098083, -33.92802429199219)","(351.5704650878906, 271.33514404296875, 0.6949124932289124)","(0.5395588874816895, 0.6852462887763977, -33.31190872192383)","(0.0007725111208856106, 193.19610595703125, 0.00017412575834896415)","(-1.731947660446167, -0.0039216941222548485, -33.00899124145508)","(0.0007918887422420084, 180.66574096679688, 2.3764680463500554e-06)",0.0,-0.001373,"(0.000008, 0.000001, 0.001048)",LeftFalse_RightFalse,False,"(37.39499282836914, -0.003921627998352051, 0.7092443108558655)","(0.0006987912347540259, 98.73249053955078, -3.2891963996917184e-07)",-0.365488,1.0,"(0.000000, 0.000000, 0.000000)",LeftFalse_RightFalse
69.749878,0.065116,"(-1.3442330360412598, 0.7964334487915039, -33.92793655395508)","(351.5761413574219, 271.32843017578125, 0.6978499889373779)","(0.539562463760376, 0.6852455735206604, -33.311798095703125)","(0.0009518114966340363, 193.19549560546875, 0.00021323293913155794)","(-1.7319469451904297, -0.003921554423868656, -33.00890350341797)","(0.0009754030616022646, 180.6651153564453, 1.6516650021003443e-06)",0.0,-0.001373,"(0.000014, 0.000002, 0.001177)",LeftFalse_RightFalse,False,"(37.39499282836914, -0.003921627998352051, 0.7092443108558655)","(0.0006987833185121417, 98.73249053955078, -3.8420856185439334e-07)",-0.365487,1.0,"(0.000000, 0.000000, 0.000000)",LeftFalse_RightFalse
69.815674,0.065253,"(-1.3442201614379883, 0.7964321374893188, -33.92782974243164)","(351.5687255859375, 271.3326110839844, 0.6988447904586792)","(0.5395678281784058, 0.6852453351020813, -33.31166458129883)","(0.001046759425662458, 193.19471740722656, 0.0002341835352126509)","(-1.7319458723068237, -0.003921357914805412, -33.0088005065918)","(0.0010726347099989653, 180.66433715820312, 1.5036288232295192e-06)",0.0,-0.001373,"(0.000020, 0.000002, 0.001770)",LeftFalse_RightFalse,False,"(37.39499282836914, -0.003921627998352051, 0.7092443108558655)","(0.0006988534587435424, 98.73249053955078, -2.7381310019336524e-07)",-0.365488,1.0,"(0.000000, 0.000000, 0.000000)",LeftFalse_RightFalse
69.877686,0.06462,"(-1.3442094326019287, 0.7964328527450562, -33.92774200439453)","(351.5782775878906, 271.3336181640625, 0.6990894079208374)","(0.5395717620849609, 0.68524569272995, -33.31155776977539)","(0.0010046025272458792, 193.194091796875, 0.0002238247834611684)","(-1.7319450378417969, -0.0039212666451931, -33.00871658325195)","(0.001029234379529953, 180.66371154785156, 5.37864877969696e-07)",0.0,-0.001373,"(0.000000, 0.000000, 0.000119)",LeftFalse_RightFalse,False,"(37.39499282836914, -0.003921627998352051, 0.7092443704605103)","(0.0006987598608247936, 98.73249053955078, -6.305856459221104e-07)",-0.365488,1.0,"(0.000000, 0.000000, 0.000000)",LeftFalse_RightFalse
69.942627,0.064676,"(-1.344217300415039, 0.7964398860931396, -33.927772521972656)","(351.5776672363281, 271.33477783203125, 0.6987457871437073)","(0.5395686626434326, 0.6852476596832275, -33.31160354614258)","(0.0005619096918962896, 193.19454956054688, 0.00012394838267937303)","(-1.731945514678955, -0.003921531140804291, -33.008750915527344)","(0.0005754170706495643, 180.66416931152344, -9.142428893937904e-07)",0.0,-0.001373,"(-0.000003, -0.000005, -0.000238)",LeftFalse_RightFalse,False,"(37.39499282836914, -0.003921627998352051, 0.7092443108558655)","(0.0006988431559875607, 98.73249053955078, -6.008567652315833e-07)",-0.365487,1.0,"(0.000000, 0.000000, 0.000000)",LeftFalse_RightFalse
70.006836,0.064592,"(-1.3442572355270386, 0.7964421510696411, -33.92782211303711)","(351.5682678222656, 271.33746337890625, 0.6986234188079834)","(0.5395556688308716, 0.685248076915741, -33.311737060546875)","(0.0004045890236739069, 193.19700622558594, 8.970362978288904e-05)","(-1.7319461107254028, -0.00392179936170578, -33.0087890625)","(0.0004144140984863043, 180.6666259765625, -2.114896631155716e-07)",0.0,-0.001373,"(-0.000002, -0.000004, 0.000093)",LeftFalse_RightFalse,False,"(37.39499282836914, -0.003921627998352051, 0.7092443108558655)","(0.0006988997920416296, 98.73249053955078, -6.648741646131384e-07)",-0.365487,1.0,"(0.000000, 0.000000, 0.000000)",LeftFalse_RightFalse
70.071289,0.06456,"(-1.344255805015564, 0.7964401841163635, -33.927818298339844)","(351.5693664550781, 271.3374328613281, 0.6987581849098206)","(0.5395556688308716, 0.6852474808692932, -33.31172561645508)","(0.0005209156079217792, 193.19691467285156, 0.0001153461416834034)","(-1.7319461107254028, -0.003921882715076208, -33.00878143310547)","(0.0005335331079550087, 180.66653442382812, -4.176299341906997e-07)",0.0,-0.001373,"(-0.000006, 0.000002, -0.000714)",LeftFalse_RightFalse,False,"(37.39499282836914, -0.003921627998352051, 0.7092443108558655)","(0.0006989887915551662, 98.73249053955078, -6.649001988989767e-07)",-0.365487,1.0,"(0.000000, 0.000000, 0.000000)",LeftFalse_RightFalse
70.131836,0.063762,"(-1.3442697525024414, 0.7964389324188232, -33.927833557128906)","(351.5760192871094, 271.33831787109375, 0.6988363862037659)","(0.5395513772964478, 0.685247004032135, -33.311771392822266)","(0.000590640411246568, 193.19778442382812, 0.00013194263738114387)","(-1.7319461107254028, -0.003921970725059509, -33.0087890625)","(0.0006051978562027216, 180.6674041748047, 6.562801218024106e-07)",0.0,-0.001373,"(0.000008, 0.000001, 0.000757)",LeftFalse_RightFalse,False,"(37.39499282836914, -0.003921627998352051, 0.7092443704605103)","(0.0006989278481341898, 98.73249053955078, -9.049979894371063e-07)",-0.365488,1.0,"(0.000000, 0.000000, 0.000000)",LeftFalse_RightFalse
70.194702,0.063578,"(-1.3442625999450684, 0.7964407205581665, -33.92784881591797)","(351.588134765625, 271.337890625, 0.6924399137496948)","(0.5395534038543701, 0.6852477192878723, -33.31177520751953)","(0.0004918502527289093, 193.1973114013672, 0.00010853510320885107)","(-1.7319464683532715, -0.0039217774756252766, -33.008811950683594)","(0.0005036822403781116, 180.66693115234375, -7.60481327688467e-07)",0.0,-0.001373,"(-0.000016, 0.000002, -0.001578)",LeftFalse_RightFalse,False,"(37.39499282836914, -0.003921627998352051, 0.7092443108558655)","(0.0006988996174186468, 98.73249053955078, -9.796458471100777e-07)",-0.365487,1.0,"(0.000000, 0.000000, 0.000000)",LeftFalse_RightFalse
70.255615,0.063033,"(-1.344270944595337, 0.7964372634887695, -33.92780685424805)","(351.5997619628906, 271.3384094238281, 0.6903981566429138)","(0.5395511388778687, 0.6852466464042664, -33.31174850463867)","(0.0007072621374391019, 193.19789123535156, 0.0001574821799295023)","(-1.7319458723068237, -0.003921746741980314, -33.00876235961914)","(0.0007245829910971224, 180.66751098632812, 2.855565810477856e-07)",0.0,-0.001373,"(-0.000006, 0.000002, -0.000522)",LeftFalse_RightFalse,False,"(37.39499282836914, -0.003921627998352051, 0.7092443108558655)","(0.0006990001420490444, 98.73249053955078, -6.886624532853602e-07)",-0.365487,1.0,"(0.000000, 0.000000, 0.000000)",LeftFalse_RightFalse
70.317993,0.062902,"(-1.3442754745483398, 0.7964376211166382, -33.92780685424805)","(351.5858459472656, 271.3310546875, 0.6894718408584595)","(0.539549708366394, 0.6852468252182007, -33.3117561340332)","(0.000690866494551301, 193.1981658935547, 0.00015314563643187284)","(-1.7319458723068237, -0.003921661991626024, -33.008758544921875)","(0.0007076368201524019, 180.66778564453125, -3.905138612481096e-07)",0.0,-0.001373,"(0.000008, 0.000001, 0.000894)",LeftFalse_RightFalse,False,"(37.394989013671875, -0.003921627998352051, 0.7092443108558655)","(0.0006988830864429474, 98.73249053955078, -8.233412813751784e-07)",-0.365488,1.0,"(0.000000, 0.000000, 0.000000)",LeftFalse_RightFalse
70.383545,0.063438,"(-1.34428071975708, 0.7964360117912292, -33.92778015136719)","(351.5868835449219, 271.328369140625, 0.6892149448394775)","(0.5395479202270508, 0.6852463483810425, -33.31174087524414)","(0.0007904842495918274, 193.19850158691406, 0.00017525265866424888)","(-1.731945514678955, -0.003921623341739178, -33.00872802734375)","(0.0008096782839857042, 180.6681365966797, -4.2285847712264513e-07)",0.0,-0.001373,"(0.000004, -0.000001, 0.000311)",LeftFalse_RightFalse,False,"(37.39499282836914, -0.003921627998352051, 0.7092443704605103)","(0.0006989657995291054, 98.73249053955078, -4.4439585167310725e-07)",-0.365487,1.0,"(0.000000, 0.000000, 0.000000)",LeftFalse_RightFalse
70.446655,0.063386,"(-1.3443081378936768, 0.7964375615119934, -33.927791595458984)","(351.57342529296875, 271.3291015625, 0.688997209072113)","(0.5395393371582031, 0.6852468252182007, -33.31180953979492)","(0.0006947540678083897, 193.20021057128906, 0.000154274093802087)","(-1.731945514678955, -0.003921640571206808, -33.008731842041016)","(0.000711676839273423, 180.6698455810547, -1.32401439145724e-07)",0.0,-0.001373,"(0.000013, -0.000001, 0.001210)",LeftFalse_RightFalse,False,"(37.39499282836914, -0.003921627998352051, 0.7092443108558655)","(0.0006989072426222265, 98.73249053955078, -4.374651894067938e-07)",-0.365487,1.0,"(0.000000, 0.000000, 0.000000)",LeftFalse_RightFalse
70.508667,0.063098,"(-1.3443152904510498, 0.7964361906051636, -33.92776107788086)","(351.5745544433594, 271.3291931152344, 0.6890469789505005)","(0.5395368337631226, 0.6852464079856873, -33.31179428100586)","(0.0007835220312699676, 193.20068359375, 0.00017492839833721519)","(-1.7319451570510864, -0.003921546973288059, -33.008697509765625)","(0.0008028113516047597, 180.67030334472656, 7.711130365350982e-07)",0.0,-0.001373,"(0.000007, 0.000002, 0.000825)",LeftFalse_RightFalse,False,"(37.39499282836914, -0.003921627998352051, 0.7092443108558655)","(0.0006989057874307036, 98.73249053955078, -3.0604326184402453e-07)",-0.365487,1.0,"(0.000000, 0.000000, 0.000000)",LeftFalse_RightFalse
70.572266,0.063208,"(-1.3442991971969604, 0.7964377999305725, -33.92774200439453)","(351.58526611328125, 271.3363342285156, 0.6889317035675049)","(0.5395423173904419, 0.685247004032135, -33.311744689941406)","(0.0006899994914419949, 193.19969177246094, 0.0001525912812212482)","(-1.7319449186325073, -0.0039215087890625, -33.00868606567383)","(0.0007066704565659165, 180.66932678222656, -7.436041187247611e-07)",0.0,-0.001373,"(-0.000019, 0.000000, -0.001834)",LeftFalse_RightFalse,False,"(37.39499282836914, -0.003921627998352051, 0.7092443108558655)","(0.0006988722016103566, 98.73249053955078, -3.039849048036558e-07)",-0.365487,1.0,"(0.000000, 0.000000, 0.000000)",LeftFalse_RightFalse
70.635376,0.06318,"(-1.344309687614441, 0.7964401245117188, -33.927764892578125)","(351.5891418457031, 271.3399353027344, 0.6887699961662292)","(0.539539098739624, 0.6852476000785828, -33.31178665161133)","(0.0005409049917943776, 193.20033264160156, 0.00011979477858403698)","(-1.731945276260376, -0.003921628464013338, -33.008705139160156)","(0.0005540116690099239, 180.6699676513672, -4.117915182177967e-07)",0.0,-0.001373,"(0.000020, -0.000003, 0.002015)",LeftFalse_RightFalse,False,"(37.39499282836914, -0.003921627998352051, 0.7092443108558655)","(0.0006989928078837693, 98.73249053955078, 2.579455404827513e-08)",-0.365487,1.0,"(0.000000, 0.000000, 0.000000)",LeftFalse_RightFalse
70.697388,0.062958,"(-1.3443124294281006, 0.796435534954071, -33.92769241333008)","(351.5804748535156, 271.3411560058594, 0.6890553832054138)","(0.5395386219024658, 0.6852461695671082, -33.31172180175781)","(0.0008175421389751136, 193.20053100585938, 0.00018162751803174615)","(-1.7319445610046387, -0.003921684343367815, -33.008628845214844)","(0.0008374747703783214, 180.670166015625, -7.027223603017774e-08)",0.0,-0.001373,"(0.000022, 0.000001, 0.002125)",LeftFalse_RightFalse,False,"(37.394989013671875, -0.003921627998352051, 0.7092443108558655)","(0.0006987726665101945, 98.73249053955078, -5.206852051742317e-07)",-0.365487,1.0,"(0.000000, 0.000000, 0.000000)",LeftFalse_RightFalse
70.763428,0.063572,"(-1.3443076610565186, 0.7964378595352173, -33.92767333984375)","(351.5775146484375, 271.3413391113281, 0.6889177560806274)","(0.5395402908325195, 0.685247004032135, -33.31169509887695)","(0.0006844099261797965, 193.20025634765625, 0.0001514407922513783)","(-1.7319443225860596, -0.00392149668186903, -33.00861358642578)","(0.0007009643013589084, 180.66989135742188, -6.539642640746024e-07)",0.0,-0.001373,"(0.000005, -0.000001, 0.000284)",LeftFalse_RightFalse,False,"(37.39499282836914, -0.003921627998352051, 0.7092443108558655)","(0.0006989591056481004, 98.73249053955078, -1.3684140753866814e-07)",-0.365487,1.0,"(0.000000, 0.000000, 0.000000)",LeftFalse_RightFalse
70.825806,0.063325,"(-1.3443163633346558, 0.7964363098144531, -33.927635192871094)","(351.5850524902344, 271.33575439453125, 0.6890154480934143)","(0.5395374298095703, 0.6852465271949768, -33.31167221069336)","(0.0007786835194565356, 193.20083618164062, 0.000173383072251454)","(-1.7319438457489014, -0.003921494819223881, -33.008567810058594)","(0.0007977528730407357, 180.6704559326172, 3.123367946500366e-07)",0.0,-0.001373,"(-0.000003, 0.000002, -0.000243)",LeftFalse_RightFalse,False,"(37.39499282836914, -0.003921627998352051, 0.7092443108558655)","(0.0006989462999626994, 98.73249053955078, -3.224319016226218e-07)",-0.365487,1.0,"(0.000000, 0.000000, 0.000000)",LeftFalse_RightFalse
70.887207,0.062937,"(-1.344295620918274, 0.7964365482330322, -33.927608489990234)","(351.58782958984375, 271.33221435546875, 0.6889922618865967)","(0.5395448207855225, 0.685246467590332, -33.311607360839844)","(0.0007562849787063897, 193.19956970214844, 0.0001676094689173624)","(-1.7319436073303223, -0.003921687602996826, -33.00855255126953)","(0.0007746352348476648, 180.669189453125, -4.6422496779996436e-07)",0.0,-0.001373,"(0.000011, -0.000001, 0.000923)",LeftFalse_RightFalse,False,"(37.39499282836914, -0.003921627998352051, 0.7092443108558655)","(0.0006990813417360187, 98.73249053955078, -1.5377722206721955e-07)",-0.365487,1.0,"(0.000000, 0.000000, 0.000000)",LeftFalse_RightFalse
70.950684,0.063052,"(-1.3442809581756592, 0.7964383959770203, -33.9276008605957)","(351.5837707519531, 271.33038330078125, 0.6888787150382996)","(0.5395498275756836, 0.6852471232414246, -33.31156921386719)","(0.0006471388624049723, 193.1986541748047, 0.00014227311476133764)","(-1.7319436073303223, -0.003921651281416416, -33.00855255126953)","(0.0006625920068472624, 180.66827392578125, -1.5170488723015296e-06)",0.0,-0.001373,"(-0.000003, 0.000000, -0.000418)",LeftFalse_RightFalse,False,"(37.39499282836914, -0.003921627998352051, 0.7092442512512207)","(0.0006990102701820433, 98.73249053955078, -5.246716341389401e-07)",-0.365487,1.0,"(0.000000, 0.000000, 0.000000)",LeftFalse_RightFalse
71.014648,0.063229,"(-1.344313144683838, 0.7964387536048889, -33.927608489990234)","(351.57183837890625, 271.33209228515625, 0.688852071762085)","(0.539539098739624, 0.6852471232414246, -33.311641693115234)","(0.0006213935557752848, 193.20065307617188, 0.0001385426294291392)","(-1.7319436073303223, -0.003921713214367628, -33.008544921875)","(0.0006366505404002964, 180.67027282714844, 4.269338091944519e-07)",0.0,-0.001373,"(-0.000010, 0.000001, -0.000816)",LeftFalse_RightFalse,False,"(37.39499282836914, -0.003921627998352051, 0.7092443108558655)","(0.0006990786641836166, 98.73249053955078, -4.5580799223898794e-07)",-0.365487,1.0,"(0.000000, 0.000000, 0.000000)",LeftFalse_RightFalse
71.080322,0.063715,"(-1.3443200588226318, 0.7964392304420471, -33.9276237487793)","(351.5751953125, 271.3323974609375, 0.6888124346733093)","(0.5395369529724121, 0.6852472424507141, -33.31167221069336)","(0.0005828760913573205, 193.20108032226562, 0.00012950347445439547)","(-1.7319436073303223, -0.0039218212477862835, -33.00856018066406)","(0.0005970894126221538, 180.67071533203125, -4.0266527889798454e-08)",0.0,-0.001373,"(-0.000023, 0.000001, -0.002095)",LeftFalse_RightFalse,False,"(37.394989013671875, -0.003921627998352051, 0.7092442512512207)","(0.0006990962428972125, 98.73249053955078, -4.166471683220152e-07)",-0.365487,1.0,"(0.000000, 0.000000, 0.000000)",LeftFalse_RightFalse
71.147095,0.064331,"(-1.3443262577056885, 0.7964413166046143, -33.92767333984375)","(351.5845642089844, 271.3319396972656, 0.6886801719665527)","(0.539534330368042, 0.6852478981018066, -33.31173324584961)","(0.0004560119123198092, 193.20144653320312, 0.00010005226795328781)","(-1.7319440841674805, -0.003921799827367067, -33.008609771728516)","(0.0004668573383241892, 180.6710662841797, -1.2658946388910408e-06)",0.0,-0.001373,"(-0.000003, 0.000000, -0.000333)",LeftFalse_RightFalse,False,"(37.39499282836914, -0.003921627998352051, 0.7092443108558655)","(0.0006990609690546989, 98.73249053955078, -4.2178001535830845e-07)",-0.365487,1.0,"(0.000000, 0.000000, 0.000000)",LeftFalse_RightFalse
71.212524,0.064554,"(-1.3443230390548706, 0.7964379191398621, -33.927650451660156)","(351.5876159667969, 271.3314208984375, 0.6888937950134277)","(0.5395355224609375, 0.6852467656135559, -33.311702728271484)","(0.0006609957781620324, 193.20126342773438, 0.00014703633496537805)","(-1.7319438457489014, -0.003921876661479473, -33.008583068847656)","(0.0006771522457711399, 180.67088317871094, 1.2633874746370566e-07)",0.0,-0.001373,"(0.000010, 0.000003, 0.000919)",LeftFalse_RightFalse,False,"(37.39499282836914, -0.003921627998352051, 0.7092443108558655)","(0.0006989851826801896, 98.73249053955078, -4.54896053270204e-07)",-0.365487,1.0,"(0.000000, 0.000000, 0.000000)",LeftFalse_RightFalse
71.276367,0.064408,"(-1.344353199005127, 0.7964381575584412, -33.927669525146484)","(351.5886535644531, 271.333251953125, 0.6888830661773682)","(0.5395253896713257, 0.6852468848228455, -33.31178283691406)","(0.0006512331310659647, 193.203125, 0.00014564642333425581)","(-1.731943964958191, -0.003921742085367441, -33.00859069824219)","(0.0006673205643892288, 180.67276000976562, 8.876107813193812e-07)",0.0,-0.001373,"(0.000012, 0.000002, 0.001372)",LeftFalse_RightFalse,False,"(37.39499282836914, -0.003921627998352051, 0.7092443108558655)","(0.0006988964742049575, 98.73249053955078, -4.879860284745519e-07)",-0.365488,1.0,"(0.000000, 0.000000, 0.000000)",LeftFalse_RightFalse
71.341309,0.06451,"(-1.3443635702133179, 0.7964375615119934, -33.927669525146484)","(351.5830078125, 271.3338317871094, 0.6889283657073975)","(0.5395216941833496, 0.6852467656135559, -33.311805725097656)","(0.0006953116971999407, 193.20376586914062, 0.0001556435745442286)","(-1.7319440841674805, -0.003921625204384327, -33.00858688354492)","(0.0007125182310119271, 180.67340087890625, 1.0834792192326859e-06)",0.0,-0.001373,"(-0.000007, 0.000002, -0.000596)",LeftFalse_RightFalse,False,"(37.394996643066406, -0.003921627998352051, 0.7092443108558655)","(0.0006988195818848908, 98.73249053955078, -5.146404191691545e-07)",-0.365487,1.0,"(0.000000, 0.000000, 0.000000)",LeftFalse_RightFalse
71.406372,0.064634,"(-1.3443387746810913, 0.7964373826980591, -33.92766571044922)","(351.5794372558594, 271.332275390625, 0.6889351010322571)","(0.53952956199646, 0.6852468252182007, -33.31174850463867)","(0.0007029974949546158, 193.20220947265625, 0.0001552628818899393)","(-1.7319440841674805, -0.003921693190932274, -33.00859069824219)","(0.0007199383107945323, 180.67184448242188, -9.556258646625793e-07)",0.0,-0.001373,"(0.000008, -0.000001, 0.000678)",LeftFalse_RightFalse,False,"(37.39499282836914, -0.003921627998352051, 0.7092443108558655)","(0.0006987806991674006, 98.73249053955078, -4.826968620363914e-07)",-0.365487,1.0,"(0.000000, 0.000000, 0.000000)",LeftFalse_RightFalse
71.469971,0.06443,"(-1.3443611860275269, 0.7964375615119934, -33.92768478393555)","(351.5854187011719, 271.33367919921875, 0.6889228224754333)","(0.5395224094390869, 0.6852468848228455, -33.31181716918945)","(0.0006913185934536159, 193.20361328125, 0.0001527490239823237)","(-1.7319440841674805, -0.003921672236174345, -33.008602142333984)","(0.0007079923525452614, 180.67324829101562, -8.757958198657434e-07)",0.0,-0.001373,"(-0.000001, 0.000001, -0.000060)",LeftFalse_RightFalse,False,"(37.39499282836914, -0.003921627998352051, 0.7092443108558655)","(0.0006987903616391122, 98.73249053955078, -4.0005008372645534e-07)",-0.365488,1.0,"(0.000000, 0.000000, 0.000000)",LeftFalse_RightFalse
71.533325,0.064207,"(-1.34433913230896, 0.7964359521865845, -33.92766189575195)","(351.5876159667969, 271.332275390625, 0.689034104347229)","(0.53952956199646, 0.6852464079856873, -33.31174850463867)","(0.0007970483857207, 193.20225524902344, 0.00017712838598527014)","(-1.7319438457489014, -0.003921568393707275, -33.00858688354492)","(0.0008164927130565047, 180.671875, -1.5908270256659307e-08)",0.0,-0.001373,"(0.000023, -0.000001, 0.002048)",LeftFalse_RightFalse,False,"(37.39499282836914, -0.003921627998352051, 0.7092443108558655)","(0.0006988345994614065, 98.73249053955078, -3.0922197424843034e-07)",-0.365488,1.0,"(0.000000, 0.000000, 0.000000)",LeftFalse_RightFalse
71.595581,0.063806,"(-1.344312310218811, 0.7964357137680054, -33.92763900756836)","(351.5816955566406, 271.33062744140625, 0.6890484690666199)","(0.5395394563674927, 0.6852463483810425, -33.31167221069336)","(0.0008104613516479731, 193.2006072998047, 0.00017914256022777408)","(-1.7319434881210327, -0.0039216564036905766, -33.008575439453125)","(0.0008300234912894666, 180.6702423095703, -9.597877124178922e-07)",0.0,-0.001373,"(0.000001, 0.000001, -0.000031)",LeftFalse_RightFalse,False,"(37.39499282836914, -0.003921627998352051, 0.7092442512512207)","(0.0006988949025981128, 98.73249053955078, -2.578413216269837e-07)",-0.365488,1.0,"(0.000000, 0.000000, 0.000000)",LeftFalse_RightFalse
71.658936,0.063712,"(-1.3443071842193604, 0.7964357733726501, -33.92762756347656)","(351.5759582519531, 271.330322265625, 0.6890466809272766)","(0.5395410060882568, 0.6852463483810425, -33.3116455078125)","(0.0008098511025309563, 193.20028686523438, 0.00017930835019797087)","(-1.7319433689117432, -0.00392155721783638, -33.00856399536133)","(0.0008294637082144618, 180.66990661621094, -6.655523066001479e-07)",0.0,-0.001373,"(0.000001, 0.000001, 0.000087)",LeftFalse_RightFalse,False,"(37.39499282836914, -0.003921627998352051, 0.7092442512512207)","(0.0006989555549807847, 98.73249053955078, -2.8246338956705586e-07)",-0.365488,1.0,"(0.000000, 0.000000, 0.000000)",LeftFalse_RightFalse
71.723877,0.063976,"(-1.3443278074264526, 0.7964385151863098, -33.92766189575195)","(351.58172607421875, 271.3316345214844, 0.6888740658760071)","(0.539534330368042, 0.6852473020553589, -33.31172561645508)","(0.0006439175922423601, 193.20155334472656, 0.00014217679563444108)","(-1.7319436073303223, -0.0039215087890625, -33.00859451293945)","(0.000659426674246788, 180.6711883544922, -9.122102824221656e-07)",0.0,-0.001373,"(-0.000004, -0.000002, -0.000300)",LeftFalse_RightFalse,False,"(37.39499282836914, -0.003921627998352051, 0.7092443108558655)","(0.0006990045658312738, 98.73249053955078, -3.879865460021392e-07)",-0.365488,1.0,"(0.000000, 0.000000, 0.000000)",LeftFalse_RightFalse
71.786133,0.063614,"(-1.3443317413330078, 0.79643714427948, -33.927642822265625)","(351.5730895996094, 271.33184814453125, 0.688957691192627)","(0.5395321846008301, 0.6852468252182007, -33.31171417236328)","(0.0007239204132929444, 193.20181274414062, 0.00016096205217763782)","(-1.7319436073303223, -0.003921538591384888, -33.00857162475586)","(0.0007415992440655828, 180.67144775390625, 6.843698940883769e-08)",0.0,-0.001373,"(0.000000, 0.000000, -0.000082)",LeftFalse_RightFalse,False,"(37.39499282836914, -0.003921627998352051, 0.7092443108558655)","(0.0006990217952989042, 98.73249053955078, -5.285538691168767e-07)",-0.365488,1.0,"(0.000000, 0.000000, 0.000000)",LeftFalse_RightFalse
71.84729,0.063145,"(-1.3443400859832764, 0.7964381575584412, -33.927650451660156)","(351.5735778808594, 271.3323974609375, 0.6888890266418457)","(0.5395305156707764, 0.685247004032135, -33.311737060546875)","(0.000656740041449666, 193.20233154296875, 0.00014571240171790123)","(-1.7319436073303223, -0.003921677358448505, -33.008575439453125)","(0.0006727107102051377, 180.67196655273438, -2.427325966891658e-07)",0.0,-0.001373,"(-0.000011, 0.000000, -0.001044)",LeftFalse_RightFalse,False,"(37.39499282836914, -0.003921627998352051, 0.7092443108558655)","(0.0006990139372646809, 98.73249053955078, -6.59975796679646e-07)",-0.365488,1.0,"(0.000000, 0.000000, 0.000000)",LeftFalse_RightFalse
71.908447,0.062725,"(-1.3443564176559448, 0.7964375615119934, -33.92765426635742)","(351.5748291015625, 271.3334045410156, 0.6889257431030273)","(0.5395243167877197, 0.6852467656135559, -33.31177520751953)","(0.000692835368681699, 193.20335388183594, 0.0001551293971715495)","(-1.7319436073303223, -0.003921668045222759, -33.00857162475586)","(0.000709989108145237, 180.6729736328125, 1.1188285498064943e-06)",0.0,-0.001373,"(-0.000012, 0.000001, -0.001128)",LeftFalse_RightFalse,False,"(37.39499282836914, -0.003921627998352051, 0.7092443108558655)","(0.0006989925168454647, 98.73249053955078, -7.456189337062824e-07)",-0.365488,1.0,"(0.000000, 0.000000, 0.000000)",LeftFalse_RightFalse
71.9729,0.063087,"(-1.344374179840088, 0.7964413166046143, -33.92771911621094)","(351.5769958496094, 271.3345031738281, 0.6886887550354004)","(0.5395179986953735, 0.6852480173110962, -33.31187438964844)","(0.0004644082218874246, 193.2044219970703, 0.00010204623686149716)","(-1.73194420337677, -0.003921717405319214, -33.00863265991211)","(0.0004754861001856625, 180.67404174804688, -1.1410485285523464e-06)",0.0,-0.001373,"(-0.000008, -0.000003, -0.000807)",LeftFalse_RightFalse,False,"(37.39499282836914, -0.003921627998352051, 0.7092443108558655)","(0.0006989595131017268, 98.73249053955078, -7.597928970426437e-07)",-0.365488,1.0,"(0.000000, -0.000001, 0.000000)",LeftFalse_RightFalse
72.039307,0.063755,"(-1.3443994522094727, 0.7964404821395874, -33.92774963378906)","(351.5863037109375, 271.3360595703125, 0.6887270212173462)","(0.5395095348358154, 0.685247540473938, -33.31195831298828)","(0.0005016499781049788, 193.2059783935547, 0.0001112626850954257)","(-1.7319445610046387, -0.003921872470527887, -33.00865173339844)","(0.0005138405249454081, 180.67559814453125, -2.2399753163426794e-07)",0.0,-0.001373,"(-0.000020, -0.000001, -0.001744)",LeftFalse_RightFalse,False,"(37.39499282836914, -0.003921627998352051, 0.7092442512512207)","(0.0006989315152168274, 98.73249053955078, -6.704759698550333e-07)",-0.365488,1.0,"(0.000000, -0.000001, 0.000000)",LeftFalse_RightFalse
72.100464,0.063215,"(-1.3444018363952637, 0.796440839767456, -33.92779541015625)","(351.5806579589844, 271.336181640625, 0.6887111663818359)","(0.539508581161499, 0.6852477192878723, -33.312007904052734)","(0.00048647308722138405, 193.2061004638672, 0.00010842122719623148)","(-1.7319450378417969, -0.003921830095350742, -33.008697509765625)","(0.0004984086845070124, 180.67572021484375, 2.949476254343608e-07)",0.0,-0.001373,"(-0.000015, -0.000001, -0.001320)",LeftFalse_RightFalse,False,"(37.39499282836914, -0.003921627998352051, 0.7092442512512207)","(0.0006989150424487889, 98.73249053955078, -5.090646482130978e-07)",-0.365488,1.0,"(0.000000, -0.000001, 0.000000)",LeftFalse_RightFalse
72.165039,0.063488,"(-1.3444066047668457, 0.7964381575584412, -33.92781448364258)","(351.5788879394531, 271.3364562988281, 0.6888747811317444)","(0.5395066738128662, 0.6852468252182007, -33.312034606933594)","(0.0006454783142544329, 193.2063751220703, 0.00014365946117322892)","(-1.7319450378417969, -0.003921851981431246, -33.00871276855469)","(0.0006612716242671013, 180.67601013183594, 1.965442351092861e-07)",0.0,-0.001373,"(0.000012, 0.000003, 0.001186)",LeftFalse_RightFalse,False,"(37.394989013671875, -0.003921627998352051, 0.7092443108558655)","(0.0006988988607190549, 98.73249053955078, -3.451780230534496e-07)",-0.365488,1.0,"(0.000000, -0.000001, 0.000000)",LeftFalse_RightFalse
72.226074,0.063002,"(-1.3444151878356934, 0.796436607837677, -33.92781066894531)","(351.5782775878906, 271.3369445800781, 0.6889829039573669)","(0.539503812789917, 0.6852464079856873, -33.312049865722656)","(0.0007480564527213573, 193.2069091796875, 0.00016744255844969302)","(-1.731945276260376, -0.003921728581190109, -33.008705139160156)","(0.0007665666053071618, 180.67654418945312, 1.1580563068491756e-06)",0.0,-0.001373,"(0.000004, 0.000003, 0.000517)",LeftFalse_RightFalse,False,"(37.39499282836914, -0.003921627998352051, 0.7092443108558655)","(0.0006988830864429474, 98.73249053955078, -2.448137479404977e-07)",-0.365488,1.0,"(0.000000, -0.000001, 0.000000)",LeftFalse_RightFalse
72.289307,0.063048,"(-1.3444175720214844, 0.7964357733726501, -33.92781066894531)","(351.57806396484375, 271.3371276855469, 0.6890367865562439)","(0.5395033359527588, 0.6852462291717529, -33.31205368041992)","(0.0008008939912542701, 193.2070770263672, 0.00017902269610203803)","(-1.7319450378417969, -0.003921687602996826, -33.00870132446289)","(0.0008206577622331679, 180.67669677734375, 9.989338423110894e-07)",0.0,-0.001373,"(0.000012, -0.000001, 0.001209)",LeftFalse_RightFalse,False,"(37.39499282836914, -0.003921627998352051, 0.7092443108558655)","(0.0006988650420680642, 98.73249053955078, -2.1800305205488257e-07)",-0.365488,1.0,"(0.000000, -0.000001, 0.000000)",LeftFalse_RightFalse
72.353638,0.063298,"(-1.3443934917449951, 0.7964341044425964, -33.927764892578125)","(351.5780029296875, 271.3356018066406, 0.6891495585441589)","(0.5395116806030273, 0.6852458119392395, -33.31195831298828)","(0.0009093847475014627, 193.20559692382812, 0.0002034353674389422)","(-1.7319447994232178, -0.0039215730503201485, -33.008663177490234)","(0.0009318609954789281, 180.6752166748047, 1.2922751011501532e-06)",0.0,-0.001373,"(0.000002, 0.000002, 0.000249)",LeftFalse_RightFalse,False,"(37.39499282836914, -0.003921627998352051, 0.7092443108558655)","(0.0006988449022173882, 98.73249053955078, -2.6935765617963625e-07)",-0.365488,1.0,"(0.000000, -0.000001, 0.000000)",LeftFalse_RightFalse
72.416016,0.063123,"(-1.344374418258667, 0.7964334487915039, -33.92771530151367)","(351.5772399902344, 271.3344421386719, 0.6891975402832031)","(0.5395182371139526, 0.68524569272995, -33.31187057495117)","(0.0009549688547849655, 193.2044219970703, 0.00021248830307740718)","(-1.73194420337677, -0.003921534866094589, -33.00862121582031)","(0.0009783233981579542, 180.67405700683594, 2.3977165142241574e-07)",0.0,-0.001373,"(-0.000004, 0.000001, -0.000493)",LeftFalse_RightFalse,False,"(37.39499282836914, -0.003921627998352051, 0.7092443108558655)","(0.0006988386739976704, 98.73249053955078, -3.6443273643271823e-07)",-0.365488,1.0,"(0.000000, -0.000001, 0.000000)",LeftFalse_RightFalse
72.478027,0.062916,"(-1.3443810939788818, 0.7964362502098083, -33.927734375)","(351.5769958496094, 271.3348693847656, 0.6890254020690918)","(0.5395157337188721, 0.6852465867996216, -33.31190490722656)","(0.0007892517605796456, 193.204833984375, 0.00017494890198577195)","(-1.7319443225860596, -0.003921423573046923, -33.00864028930664)","(0.0008084091241471469, 180.67445373535156, -4.5197009512776276e-07)",0.0,-0.001373,"(0.000007, 0.000000, 0.000446)",LeftFalse_RightFalse,False,"(37.39499282836914, -0.003921627998352051, 0.7092443704605103)","(0.0006988535169512033, 98.73249053955078, -4.675067373227648e-07)",-0.365488,1.0,"(0.000000, -0.000001, 0.000000)",LeftFalse_RightFalse
72.542603,0.06323,"(-1.3443727493286133, 0.7964362502098083, -33.92770767211914)","(351.5772705078125, 271.3343505859375, 0.6890231966972351)","(0.5395183563232422, 0.6852466464042664, -33.311859130859375)","(0.0007868903339840472, 193.20433044433594, 0.00017339862824883312)","(-1.7319440841674805, -0.00392144126817584, -33.00861740112305)","(0.0008057677187025547, 180.6739501953125, -1.45301373777329e-06)",0.0,-0.001373,"(0.000024, -0.000003, 0.002233)",LeftFalse_RightFalse,False,"(37.394996643066406, -0.003921627998352051, 0.7092443108558655)","(0.0006988910608924925, 98.73249053955078, -5.582306243923085e-07)",-0.365488,1.0,"(0.000000, -0.000001, 0.000000)",LeftFalse_RightFalse
72.606079,0.063291,"(-1.344382405281067, 0.7964338064193726, -33.92762756347656)","(351.57733154296875, 271.33502197265625, 0.6891793012619019)","(0.5395162105560303, 0.6852458119392395, -33.31180191040039)","(0.0009371683117933571, 193.2050018310547, 0.0002088312612613663)","(-1.731943130493164, -0.003921432886272669, -33.00852966308594)","(0.0009601535275578499, 180.67462158203125, 5.317805289450916e-07)",0.0,-0.001373,"(-0.000019, 0.000003, -0.001761)",LeftFalse_RightFalse,False,"(37.39499282836914, -0.003921627998352051, 0.7092443108558655)","(0.0006989399553276598, 98.73249053955078, -6.034101716068108e-07)",-0.365488,1.0,"(0.000000, -0.000001, 0.000000)",LeftFalse_RightFalse
72.668945,0.063206,"(-1.344374656677246, 0.7964370846748352, -33.92763137817383)","(351.5774230957031, 271.3345642089844, 0.6889662742614746)","(0.5395188331604004, 0.6852467656135559, -33.311790466308594)","(0.0007323405588977039, 193.2045135498047, 0.00016264233272522688)","(-1.7319433689117432, -0.003921531140804291, -33.008541107177734)","(0.0007501835352741182, 180.67413330078125, -1.1812365130481339e-07)",0.0,-0.001373,"(-0.000004, -0.000002, -0.000185)",LeftFalse_RightFalse,False,"(37.39499282836914, -0.003921627998352051, 0.7092443108558655)","(0.0006989808171056211, 98.73249053955078, -6.092465127949254e-07)",-0.365488,1.0,"(0.000000, -0.000001, 0.000000)",LeftFalse_RightFalse
72.733398,0.063445,"(-1.3443636894226074, 0.7964376211166382, -33.927608489990234)","(351.5709228515625, 271.3338928222656, 0.6889356374740601)","(0.5395222902297974, 0.6852470636367798, -33.311744689941406)","(0.000702652323525399, 193.20384216308594, 0.00015494822582695633)","(-1.7319430112838745, -0.003921457100659609, -33.008522033691406)","(0.0007195331854745746, 180.6734619140625, -1.1879143357873545e-06)",0.0,-0.001373,"(0.000005, -0.000001, 0.000301)",LeftFalse_RightFalse,False,"(37.39499282836914, -0.003921627998352051, 0.7092442512512207)","(0.000699011143296957, 98.73249053955078, -5.867088361810602e-07)",-0.365488,1.0,"(0.000000, -0.000001, 0.000000)",LeftFalse_RightFalse
72.796265,0.063326,"(-1.3443526029586792, 0.7964363098144531, -33.92758560180664)","(351.5720520019531, 271.33319091796875, 0.6890038847923279)","(0.5395262241363525, 0.6852464079856873, -33.31169891357422)","(0.0007695685490034521, 193.20315551757812, 0.0001712496014079079)","(-1.731942892074585, -0.003921714145690203, -33.00850296020508)","(0.0007883922080509365, 180.6727752685547, 2.072504230454797e-07)",0.0,-0.001373,"(-0.000007, 0.000001, -0.000691)",LeftFalse_RightFalse,False,"(37.39499282836914, -0.003921627998352051, 0.7092443108558655)","(0.0006990188267081976, 98.73249053955078, -5.536709863918077e-07)",-0.365488,1.0,"(0.000000, -0.000001, 0.000000)",LeftFalse_RightFalse
72.859375,0.063287,"(-1.3443301916122437, 0.7964390516281128, -33.9276008605957)","(351.58349609375, 271.33837890625, 0.6888298988342285)","(0.5395338535308838, 0.6852473020553589, -33.311668395996094)","(0.0006006210460327566, 193.2017364501953, 0.00013122834207024425)","(-1.731943130493164, -0.0039216578006744385, -33.00852966308594)","(0.0006147859385237098, 180.67137145996094, -2.206385033787228e-06)",0.0,-0.001373,"(0.000016, -0.000001, 0.001225)",LeftFalse_RightFalse,False,"(37.39499282836914, -0.003921627998352051, 0.7092443108558655)","(0.0006990018300712109, 98.73249053955078, -5.144059400663537e-07)",-0.365488,1.0,"(0.000000, -0.000001, 0.000000)",LeftFalse_RightFalse
72.922974,0.063351,"(-1.3443195819854736, 0.7964386343955994, -33.927581787109375)","(351.5877685546875, 271.34014892578125, 0.6888552308082581)","(0.5395376682281494, 0.6852471232414246, -33.31162643432617)","(0.0006254847976379097, 193.2010955810547, 0.00013775480329059064)","(-1.731942892074585, -0.0039217290468513966, -33.008514404296875)","(0.0006404733867384493, 180.67071533203125, -1.22973608540633e-06)",0.0,-0.001373,"(-0.000003, -0.000001, -0.000346)",LeftFalse_RightFalse,False,"(37.39499282836914, -0.003921627998352051, 0.7092443108558655)","(0.0006989639950916171, 98.73249053955078, -4.799871362592967e-07)",-0.365488,1.0,"(0.000000, -0.000001, 0.000000)",LeftFalse_RightFalse
72.987549,0.063607,"(-1.3443342447280884, 0.7964414358139038, -33.92762756347656)","(351.5820007324219, 271.3321838378906, 0.6886740922927856)","(0.5395324230194092, 0.6852480173110962, -33.31170654296875)","(0.00045088320621289313, 193.2019805908203, 9.941103780874982e-05)","(-1.7319433689117432, -0.003921717405319214, -33.00856018066406)","(0.00046171166468411684, 180.67161560058594, -7.791535949763784e-07)",0.0,-0.001373,"(-0.000023, -0.000002, -0.002162)",LeftFalse_RightFalse,False,"(37.39499282836914, -0.003921627998352051, 0.7092443108558655)","(0.0006989131798036397, 98.73249053955078, -4.5213423049972334e-07)",-0.365488,1.0,"(0.000000, -0.000001, 0.000000)",LeftFalse_RightFalse
73.053467,0.064051,"(-1.3443424701690674, 0.7964387536048889, -33.927616119384766)","(351.5866394042969, 271.33685302734375, 0.6888437867164612)","(0.5395292043685913, 0.6852471232414246, -33.311710357666016)","(0.000615674362052232, 193.20249938964844, 0.0001363838673569262)","(-1.7319432497024536, -0.0039217229932546616, -33.008541107177734)","(0.0006305990973487496, 180.672119140625, -4.395764392484125e-07)",0.0,-0.001373,"(-0.000015, 0.000001, -0.001452)",LeftFalse_RightFalse,False,"(37.39499282836914, -0.003921627998352051, 0.7092443108558655)","(0.000698867195751518, 98.73249053955078, -4.3300977381477423e-07)",-0.365488,1.0,"(0.000000, -0.000001, 0.000000)",LeftFalse_RightFalse
73.11792,0.064143,"(-1.3443324565887451, 0.7964397668838501, -33.927642822265625)","(351.58819580078125, 271.3376159667969, 0.6887792944908142)","(0.5395327806472778, 0.6852474212646484, -33.31171417236328)","(0.000552539830096066, 193.2018585205078, 0.00012169815454399213)","(-1.7319434881210327, -0.003921781200915575, -33.00857162475586)","(0.0005657822475768626, 180.67149353027344, -1.0780131560750306e-06)",0.0,-0.001373,"(0.000003, -0.000001, 0.000312)",LeftFalse_RightFalse,False,"(37.39499282836914, -0.003921627998352051, 0.7092443108558655)","(0.000698840303812176, 98.73249053955078, -4.167774534380442e-07)",-0.365488,1.0,"(0.000000, -0.000001, 0.000000)",LeftFalse_RightFalse
73.181274,0.063972,"(-1.3443467617034912, 0.796439528465271, -33.92765808105469)","(351.5876770019531, 271.3326416015625, 0.6888018250465393)","(0.539527416229248, 0.6852473616600037, -33.31175994873047)","(0.0005729958065785468, 193.20272827148438, 0.0001272454101126641)","(-1.7319438457489014, -0.00392171461135149, -33.008583068847656)","(0.0005869544111192226, 180.67236328125, -1.0094926494730316e-07)",0.0,-0.001373,"(-0.000014, 0.000000, -0.001182)",LeftFalse_RightFalse,False,"(37.39499282836914, -0.003921637311577797, 0.7092443108558655)","(0.0006988350069150329, 98.73249053955078, -4.0380200516665354e-07)",-0.365488,1.0,"(0.000000, -0.000001, 0.000000)",LeftFalse_RightFalse
73.245483,0.064041,"(-1.3443549871444702, 0.7964420318603516, -33.927734375)","(351.57965087890625, 271.3309631347656, 0.6886343359947205)","(0.5395240783691406, 0.6852481365203857, -33.311851501464844)","(0.00041246163891628385, 193.2032012939453, 9.06592104001902e-05)","(-1.7319445610046387, -0.003921808674931526, -33.00865936279297)","(0.00042230647522956133, 180.67282104492188, -9.866839718597475e-07)",0.0,-0.001373,"(-0.000018, -0.000004, -0.001475)",LeftFalse_RightFalse,False,"(37.39499282836914, -0.0039216578006744385, 0.7092443108558655)","(0.000698177726007998, 98.73249053955078, -1.056247924680065e-06)",-0.365487,1.0,"(0.000000, 0.000000, 0.000000)",LeftFalse_RightFalse
73.306152,0.063352,"(-1.3443704843521118, 0.7964389324188232, -33.92774200439453)","(351.5769348144531, 271.33160400390625, 0.6888269782066345)","(0.5395194292068481, 0.6852470636367798, -33.3118896484375)","(0.0005972939543426037, 193.2041778564453, 0.00013245432637631893)","(-1.7319444417953491, -0.003921882715076208, -33.0086555480957)","(0.0006118040182627738, 180.67379760742188, -2.8776761951121443e-07)",0.0,-0.001373,"(-0.000023, 0.000002, -0.002122)",LeftFalse_RightFalse,False,"(37.39499282836914, -0.0039216578006744385, 0.7092443108558655)","(0.0006981001351960003, 98.73249053955078, -1.3724786640523234e-06)",-0.365488,1.0,"(0.000000, 0.000000, 0.000000)",LeftFalse_RightFalse
73.368774,0.063199,"(-1.344378113746643, 0.7964376211166382, -33.92776870727539)","(351.5851135253906, 271.3319091796875, 0.6889103651046753)","(0.539516806602478, 0.6852467060089111, -33.31193161010742)","(0.0006777564994990826, 193.2046356201172, 0.00014995949459262192)","(-1.7319446802139282, -0.003921858500689268, -33.0086784362793)","(0.0006941480678506196, 180.6742706298828, -6.564749241988466e-07)",0.0,-0.001373,"(0.000009, -0.000001, 0.000935)",LeftFalse_RightFalse,False,"(37.39499282836914, -0.0039216578006744385, 0.7092443108558655)","(0.0006981331389397383, 98.73249053955078, -1.501607812315342e-06)",-0.365487,1.0,"(0.000000, 0.000000, 0.000000)",LeftFalse_RightFalse
73.432251,0.063274,"(-1.3443725109100342, 0.7964349985122681, -33.92774200439453)","(351.58184814453125, 271.33990478515625, 0.6890931129455566)","(0.5395184755325317, 0.6852460503578186, -33.311893463134766)","(0.0008537749527022243, 193.2042999267578, 0.0001902052026707679)","(-1.73194420337677, -0.003921653609722853, -33.00865173339844)","(0.0008747052634134889, 180.67393493652344, 4.421766846007813e-07)",0.0,-0.001373,"(0.000011, 0.000002, 0.001027)",LeftFalse_RightFalse,False,"(37.39499282836914, -0.0039216578006744385, 0.7092443704605103)","(0.0006982501363381743, 98.73249053955078, -1.4419415492739063e-06)",-0.365487,1.0,"(0.000000, 0.000000, 0.000000)",LeftFalse_RightFalse
73.495605,0.063273,"(-1.3443666696548462, 0.7964342832565308, -33.927703857421875)","(351.5806579589844, 271.34259033203125, 0.6891453862190247)","(0.5395209789276123, 0.6852458715438843, -33.31184387207031)","(0.0009051847737282515, 193.2039794921875, 0.00020194263197481632)","(-1.7319438457489014, -0.003921538591384888, -33.00861358642578)","(0.0009274372714571655, 180.67359924316406, 7.462832058990898e-07)",0.0,-0.001373,"(-0.000009, 0.000002, -0.000586)",LeftFalse_RightFalse,False,"(37.39499282836914, -0.0039216578006744385, 0.7092443108558655)","(0.000697936920914799, 98.73249053955078, -1.4048391676624306e-06)",-0.365489,1.0,"(0.000000, 0.000000, 0.000000)",LeftFalse_RightFalse
73.558838,0.063273,"(-1.3443845510482788, 0.7964358925819397, -33.92771530151367)","(351.5802001953125, 271.3372497558594, 0.6890420913696289)","(0.5395147800445557, 0.6852464079856873, -33.311893463134766)","(0.0008057476370595396, 193.20506286621094, 0.0001796035940060392)","(-1.7319443225860596, -0.00392148969694972, -33.00862121582031)","(0.0008255220018327236, 180.6746826171875, 5.129333544573456e-07)",0.0,-0.001373,"(-0.000009, -0.000001, -0.000695)",LeftFalse_RightFalse,False,"(37.39499282836914, -0.0039216578006744385, 0.7092443108558655)","(0.0006979300524108112, 98.73249053955078, -1.615051701264747e-06)",-0.365488,1.0,"(0.000000, 0.000001, 0.000000)",LeftFalse_RightFalse
73.619995,0.062848,"(-1.3443692922592163, 0.7964367866516113, -33.927711486816406)","(351.580078125, 271.3340148925781, 0.6889918446540833)","(0.5395193099975586, 0.6852467656135559, -33.311859130859375)","(0.0007571190362796187, 193.2041015625, 0.0001680396089795977)","(-1.7319443225860596, -0.003921381197869778, -33.00862503051758)","(0.0007755426340736449, 180.67372131347656, -2.2525289011809946e-07)",0.0,-0.001373,"(-0.000004, -0.000003, -0.000523)",LeftFalse_RightFalse,False,"(37.39499282836914, -0.003921650815755129, 0.7092443704605103)","(0.0006980679463595152, 98.73249053955078, -1.5618471707057324e-06)",-0.365488,1.0,"(0.000000, 0.000001, 0.000000)",LeftFalse_RightFalse
73.68335,0.062944,"(-1.3443763256072998, 0.796436607837677, -33.927711486816406)","(351.58001708984375, 271.33355712890625, 0.6889923810958862)","(0.5395177602767944, 0.6852465271949768, -33.31187438964844)","(0.0007565754349343479, 193.20455932617188, 0.00016747324843890965)","(-1.73194420337677, -0.003921614959836006, -33.00862121582031)","(0.0007748892530798912, 180.67417907714844, -6.60203681945859e-07)",0.0,-0.001373,"(-0.000002, -0.000001, -0.000174)",LeftFalse_RightFalse,False,"(37.39499282836914, -0.003921627998352051, 0.7092443108558655)","(0.0006988417590036988, 98.73249053955078, -9.995519576477818e-07)",-0.365487,1.0,"(0.000000, 0.000001, 0.000000)",LeftFalse_RightFalse
73.746948,0.063077,"(-1.3443634510040283, 0.7964346408843994, -33.92765426635742)","(351.5799560546875, 271.3324279785156, 0.6891167759895325)","(0.5395219326019287, 0.6852459907531738, -33.311790466308594)","(0.000877481303177774, 193.2037811279297, 0.00019564114336390048)","(-1.7319436073303223, -0.0039215609431266785, -33.008567810058594)","(0.0008990263449959457, 180.6734161376953, 6.053772949599079e-07)",0.0,-0.001373,"(-0.000016, 0.000001, -0.001470)",LeftFalse_RightFalse,False,"(37.39499282836914, -0.003921627998352051, 0.7092443108558655)","(0.0006989155081100762, 98.73249053955078, -1.1514792959133047e-06)",-0.365488,1.0,"(0.000000, 0.000001, 0.000000)",LeftFalse_RightFalse
73.808228,0.062721,"(-1.3443772792816162, 0.7964411973953247, -33.927730560302734)","(351.5799560546875, 271.33319091796875, 0.6887016296386719)","(0.5395166873931885, 0.6852479577064514, -33.311893463134766)","(0.0004769403603859246, 193.20458984375, 0.0001054472231771797)","(-1.7319445610046387, -0.003921556286513805, -33.008644104003906)","(0.0004884576774202287, 180.67420959472656, -5.400244162956369e-07)",0.0,-0.001373,"(-0.000013, -0.000004, -0.001094)",LeftFalse_RightFalse,False,"(37.39499282836914, -0.003921627998352051, 0.7092443108558655)","(0.000698938500136137, 98.73249053955078, -1.2315205140112084e-06)",-0.365488,1.0,"(0.000000, 0.000001, 0.000000)",LeftFalse_RightFalse
73.869507,0.062431,"(-1.3443803787231445, 0.7964392900466919, -33.927757263183594)","(351.5788879394531, 271.33331298828125, 0.6888027787208557)","(0.5395158529281616, 0.6852471828460693, -33.31192398071289)","(0.0005744597874581814, 193.20477294921875, 0.0001278417621506378)","(-1.7319446802139282, -0.003921841271221638, -33.0086669921875)","(0.0005885130376555026, 180.67440795898438, 1.6358308130293153e-07)",0.0,-0.001373,"(0.000003, -0.000002, 0.000392)",LeftFalse_RightFalse,False,"(37.39499282836914, -0.003921627998352051, 0.7092443108558655)","(0.0006988936802372336, 98.73249053955078, -1.2498893511292408e-06)",-0.365488,1.0,"(0.000000, 0.000001, 0.000000)",LeftFalse_RightFalse
73.933228,0.062697,"(-1.3443964719772339, 0.79643714427948, -33.9277458190918)","(351.5785217285156, 271.33428955078125, 0.6889436841011047)","(0.53951096534729, 0.6852465867996216, -33.311946868896484)","(0.0007097420166246593, 193.20579528808594, 0.00015797774540260434)","(-1.7319445610046387, -0.003921809606254101, -33.00864791870117)","(0.0007271112990565598, 180.6754150390625, 2.3130050408326497e-07)",0.0,-0.001373,"(-0.000013, 0.000003, -0.001260)",LeftFalse_RightFalse,False,"(37.39499282836914, -0.003921627998352051, 0.7092443108558655)","(0.0006989758112467825, 98.73249053955078, -7.848578889024793e-07)",-0.365488,1.0,"(0.000000, 0.000001, 0.000000)",LeftFalse_RightFalse
73.996948,0.062885,"(-1.3443882465362549, 0.7964364290237427, -33.927734375)","(351.5791015625, 271.333740234375, 0.6890017986297607)","(0.5395129919052124, 0.685246467590332, -33.311920166015625)","(0.0007667209720239043, 193.2052764892578, 0.0001705387985566631)","(-1.7319444417953491, -0.003921598196029663, -33.00864028930664)","(0.0007854581344872713, 180.67489624023438, 1.312008777176743e-07)",0.0,-0.001373,"(0.000003, 0.000000, 0.000502)",LeftFalse_RightFalse,False,"(37.39499282836914, -0.003921627998352051, 0.7092443108558655)","(0.0006988393724896014, 98.73249053955078, -7.377763040494756e-07)",-0.365488,1.0,"(0.000000, 0.000000, 0.000000)",LeftFalse_RightFalse
74.061401,0.063213,"(-1.34437894821167, 0.7964360117912292, -33.92771530151367)","(351.57916259765625, 271.33319091796875, 0.689029335975647)","(0.5395164489746094, 0.6852463483810425, -33.3118782043457)","(0.0007932164589874446, 193.2047119140625, 0.0001776198041625321)","(-1.7319443225860596, -0.003921588882803917, -33.00862121582031)","(0.0008128589834086597, 180.67433166503906, 1.2951268217875622e-06)",0.0,-0.001373,"(-0.000012, 0.000001, -0.001013)",LeftFalse_RightFalse,False,"(37.39499282836914, -0.003921627998352051, 0.7092443108558655)","(0.0006988343666307628, 98.73249053955078, -3.813425166754314e-07)",-0.365488,1.0,"(0.000000, 0.000000, 0.000000)",LeftFalse_RightFalse
74.126465,0.063581,"(-1.3443803787231445, 0.7964385151863098, -33.9277458190918)","(351.5792236328125, 271.333251953125, 0.6888716816902161)","(0.5395157337188721, 0.6852472424507141, -33.311912536621094)","(0.0006412429502233863, 193.20477294921875, 0.00014124282461125404)","(-1.7319447994232178, -0.003921555355191231, -33.0086555480957)","(0.0006566129741258919, 180.6743927001953, -1.2436609040378244e-06)",0.0,-0.001373,"(-0.000004, -0.000003, -0.000418)",LeftFalse_RightFalse,False,"(37.39499282836914, -0.003921627998352051, 0.7092443108558655)","(0.0006988625391386449, 98.73249053955078, -8.968948463916604e-07)",-0.365487,1.0,"(0.000000, 0.000000, 0.000000)",LeftFalse_RightFalse
74.189575,0.063496,"(-1.3443955183029175, 0.7964389324188232, -33.92778015136719)","(351.59228515625, 271.3343200683594, 0.6888341307640076)","(0.53951096534729, 0.6852472424507141, -33.31197738647461)","(0.0006044831243343651, 193.20570373535156, 0.0001332015381194651)","(-1.7319450378417969, -0.003921727184206247, -33.00868225097656)","(0.0006189841078594327, 180.67532348632812, -1.118100499297725e-06)",0.0,-0.001373,"(0.000011, -0.000002, 0.000984)",LeftFalse_RightFalse,False,"(37.39499282836914, -0.003921627998352051, 0.7092443108558655)","(0.000698834890499711, 98.73249053955078, -6.153434242150979e-07)",-0.365488,1.0,"(0.000000, 0.000000, 0.000000)",LeftFalse_RightFalse
74.251465,0.063164,"(-1.3443641662597656, 0.796440601348877, -33.92781066894531)","(351.5976867675781, 271.3323974609375, 0.6887227296829224)","(0.5395203828811646, 0.6852477192878723, -33.31194305419922)","(0.0004980260273441672, 193.20370483398438, 0.00010977550846291706)","(-1.7319456338882446, -0.003921784460544586, -33.00872802734375)","(0.0005099802510812879, 180.67333984375, -8.895246423890057e-07)",0.0,-0.001373,"(-0.000017, -0.000001, -0.001689)",LeftFalse_RightFalse,False,"(37.39499282836914, -0.003921627998352051, 0.7092443108558655)","(0.0006987893721088767, 98.73249053955078, -4.2037305547637516e-07)",-0.365488,1.0,"(0.000000, 0.000000, 0.000000)",LeftFalse_RightFalse
74.31311,0.062868,"(-1.344347596168518, 0.7964397668838501, -33.927818298339844)","(351.5880126953125, 271.33135986328125, 0.6887848377227783)","(0.5395257472991943, 0.6852476000785828, -33.31191635131836)","(0.000557717343326658, 193.20266723632812, 0.00012145710934419185)","(-1.7319457530975342, -0.003921693656593561, -33.00874328613281)","(0.0005707840318791568, 180.6722869873047, -2.436614977341378e-06)",0.0,-0.001373,"(-0.000012, 0.000001, -0.001298)",LeftFalse_RightFalse,False,"(37.39499282836914, -0.003921627998352051, 0.7092443108558655)","(0.0006987912347540259, 98.73249053955078, -9.736011179484194e-07)",-0.365488,1.0,"(0.000000, 0.000000, 0.000000)",LeftFalse_RightFalse
74.376343,0.062935,"(-1.3443634510040283, 0.7964385747909546, -33.92782974243164)","(351.58538818359375, 271.3247985839844, 0.6888619661331177)","(0.5395207405090332, 0.6852472424507141, -33.31196212768555)","(0.0006325570866465569, 193.2036590576172, 0.00013820527237839997)","(-1.731945514678955, -0.0039217122830450535, -33.00874710083008)","(0.0006474748952314258, 180.6732940673828, -2.324395154573722e-06)",0.0,-0.001373,"(-0.000008, 0.000002, -0.000686)",LeftFalse_RightFalse,False,"(37.39499282836914, -0.003921627998352051, 0.7092443108558655)","(0.0006989584071561694, 98.73249053955078, -4.2000829125754535e-07)",-0.365488,1.0,"(0.000000, 0.000000, 0.000000)",LeftFalse_RightFalse
74.440186,0.063108,"(-1.3443653583526611, 0.796438455581665, -33.9278564453125)","(351.58453369140625, 271.32208251953125, 0.6888643503189087)","(0.5395199060440063, 0.685247004032135, -33.31199264526367)","(0.0006349055911414325, 193.20376586914062, 0.00014095308142714202)","(-1.7319458723068237, -0.003921724855899811, -33.00877380371094)","(0.0006503636832349002, 180.67340087890625, -1.5156008714711788e-07)",0.0,-0.001373,"(0.000001, 0.000002, 0.000283)",LeftFalse_RightFalse,False,"(37.39499282836914, -0.003921627998352051, 0.7092443704605103)","(0.000698802643455565, 98.73249053955078, -5.576834496423544e-07)",-0.365488,1.0,"(0.000000, 0.000000, 0.000000)",LeftFalse_RightFalse
74.504517,0.063361,"(-1.3443695306777954, 0.7964419722557068, -33.92793273925781)","(351.60333251953125, 271.33502197265625, 0.6856000423431396)","(0.5395174026489258, 0.6852481961250305, -33.31207275390625)","(0.0004270924546290189, 193.20394897460938, 9.499060251982883e-05)","(-1.7319469451904297, -0.003921640105545521, -33.00885009765625)","(0.00043752844794653356, 180.673583984375, 6.729585777520697e-08)",0.0,-0.001373,"(-0.000024, -0.000003, -0.002105)",LeftFalse_RightFalse,False,"(37.39499282836914, -0.003921627998352051, 0.7092443108558655)","(0.0006988953682594001, 98.73249053955078, -5.628423878079047e-07)",-0.365488,1.0,"(0.000000, 0.000000, 0.000000)",LeftFalse_RightFalse
74.56604,0.062984,"(-1.344362497329712, 0.7964394092559814, -33.92795944213867)","(351.60400390625, 271.33721923828125, 0.6902327537536621)","(0.5395203828811646, 0.6852472424507141, -33.31208419799805)","(0.0005701079498976469, 193.20350646972656, 0.0001260260760318488)","(-1.7319470643997192, -0.003921850584447384, -33.00887680053711)","(0.0005838709766976535, 180.6731414794922, -6.647026680184354e-07)",0.0,-0.001373,"(0.000009, 0.000002, 0.000774)",LeftFalse_RightFalse,False,"(37.39499282836914, -0.003921627998352051, 0.7092443108558655)","(0.0006989252287894487, 98.73249053955078, -7.908245152066229e-07)",-0.365488,1.0,"(0.000000, 0.000000, 0.000000)",LeftFalse_RightFalse
74.628418,0.062883,"(-1.3443602323532104, 0.7964349985122681, -33.92792510986328)","(351.6042785644531, 271.33807373046875, 0.6922793984413147)","(0.5395209789276123, 0.6852460503578186, -33.312049865722656)","(0.0008488079765811563, 193.20339965820312, 0.0001885586534626782)","(-1.7319464683532715, -0.003921687602996826, -33.00884246826172)","(0.0008694995194673538, 180.67303466796875, -8.753904268132828e-08)",0.0,-0.001373,"(0.000003, 0.000003, 0.000285)",LeftFalse_RightFalse,False,"(37.39499282836914, -0.003921627998352051, 0.7092443108558655)","(0.0006988560780882835, 98.73249053955078, -7.422317480632046e-07)",-0.365488,1.0,"(0.000000, 0.000000, 0.000000)",LeftFalse_RightFalse
74.692261,0.063073,"(-1.3443654775619507, 0.7964335680007935, -33.92788314819336)","(351.6043701171875, 271.33880615234375, 0.6930543184280396)","(0.5395194292068481, 0.6852455735206604, -33.31201934814453)","(0.0009477374260313809, 193.20375061035156, 0.00021301106608007103)","(-1.731946349143982, -0.003921534400433302, -33.00879669189453)","(0.0009713777690194547, 180.67337036132812, 2.3189777493826114e-06)",0.0,-0.001373,"(0.000007, 0.000003, 0.000874)",LeftFalse_RightFalse,False,"(37.39499282836914, -0.003921627998352051, 0.7092443108558655)","(0.0006988233071751893, 98.73249053955078, -6.202417353051715e-07)",-0.365487,1.0,"(0.000000, 0.000000, 0.000000)",LeftFalse_RightFalse
74.753418,0.062677,"(-1.3443752527236938, 0.796436071395874, -33.92790603637695)","(351.5848388671875, 271.3326721191406, 0.691541314125061)","(0.5395163297653198, 0.6852465271949768, -33.31206130981445)","(0.0007969456491991878, 193.20433044433594, 0.00017784215742722154)","(-1.731946587562561, -0.003921463154256344, -33.00881576538086)","(0.0008165475446730852, 180.67396545410156, 7.031493964859692e-07)",0.0,-0.001373,"(0.000000, -0.000001, 0.000102)",LeftFalse_RightFalse,False,"(37.39499282836914, -0.003921627998352051, 0.7092443108558655)","(0.0006988521781750023, 98.73249053955078, -3.065383111788833e-07)",-0.365488,1.0,"(0.000000, 0.000000, 0.000000)",LeftFalse_RightFalse
74.816162,0.062701,"(-1.3443934917449951, 0.7964388728141785, -33.92795181274414)","(351.5770263671875, 271.3310852050781, 0.6908223032951355)","(0.5395100116729736, 0.6852473616600037, -33.31214141845703)","(0.0006255863117985427, 193.2054443359375, 0.00013898263568989933)","(-1.7319471836090088, -0.00392147758975625, -33.00885772705078)","(0.0006408388144336641, 180.67507934570312, -5.3193524252037605e-08)",0.0,-0.001373,"(0.000008, -0.000004, 0.000896)",LeftFalse_RightFalse,False,"(37.39499282836914, -0.003921627998352051, 0.7092443108558655)","(0.0006989167886786163, 98.73249053955078, -4.976524792255077e-08)",-0.365487,1.0,"(0.000000, 0.000000, 0.000000)",LeftFalse_RightFalse
74.878662,0.062658,"(-1.3444021940231323, 0.7964403629302979, -33.92799377441406)","(351.58642578125, 271.3311462402344, 0.6905173063278198)","(0.5395066738128662, 0.6852476596832275, -33.312198638916016)","(0.0005262725171633065, 193.20594787597656, 0.0001155742647824809)","(-1.731947660446167, -0.0039216578006744385, -33.00889587402344)","(0.0005388120771385729, 180.6755828857422, -1.3571715271609719e-06)",0.0,-0.001373,"(0.000024, -0.000005, 0.002194)",LeftFalse_RightFalse,False,"(37.39499282836914, -0.003921627998352051, 0.7092443704605103)","(0.0006989734247326851, 98.73249053955078, -6.4911080244201e-07)",-0.365487,1.0,"(0.000000, 0.000000, 0.000000)",LeftFalse_RightFalse
74.939697,0.062329,"(-1.3443931341171265, 0.7964360117912292, -33.927940368652344)","(351.580322265625, 271.33880615234375, 0.6907163858413696)","(0.5395102500915527, 0.6852463483810425, -33.312129974365234)","(0.0007884720107540488, 193.20542907714844, 0.00017528061289340258)","(-1.7319469451904297, -0.003921681083738804, -33.00884246826172)","(0.0008077200036495924, 180.67506408691406, 4.0981007032314665e-08)",0.0,-0.001373,"(-0.000007, 0.000002, -0.000615)",LeftFalse_RightFalse,False,"(37.39499282836914, -0.003921627998352051, 0.7092443108558655)","(0.0006989607936702669, 98.73249053955078, -4.825665769203624e-07)",-0.365487,1.0,"(0.000000, 0.000000, 0.000000)",LeftFalse_RightFalse
75.004272,0.062789,"(-1.3443894386291504, 0.7964388132095337, -33.9279670715332)","(351.5777893066406, 271.3419494628906, 0.6905145049095154)","(0.5395112037658691, 0.6852472424507141, -33.31214904785156)","(0.0006219392525963485, 193.20516967773438, 0.00013755033432971686)","(-1.731947422027588, -0.003921546507626772, -33.008872985839844)","(0.0006369679467752576, 180.67478942871094, -6.601242716897104e-07)",0.0,-0.001373,"(0.000009, -0.000001, 0.000768)",LeftFalse_RightFalse,False,"(37.394996643066406, -0.003921627998352051, 0.7092443108558655)","(0.0006989444373175502, 98.73249053955078, -3.1091556706996926e-07)",-0.365487,1.0,"(0.000000, 0.000000, 0.000000)",LeftFalse_RightFalse
75.068237,0.063019,"(-1.3443576097488403, 0.7964377999305725, -33.927940368652344)","(351.5508728027344, 271.37811279296875, 0.690573513507843)","(0.5395212173461914, 0.685247004032135, -33.31205749511719)","(0.0006841587601229548, 193.2032012939453, 0.00015119295858312398)","(-1.7319471836090088, -0.003921556752175093, -33.00886154174805)","(0.0007006652886047959, 180.67282104492188, -8.414076546614524e-07)",0.0,-0.001373,"(-0.000009, -0.000003, -0.000906)",LeftFalse_RightFalse,False,"(37.39499282836914, -0.003921627998352051, 0.7092443108558655)","(0.0006989104440435767, 98.73249053955078, -2.2058250692680303e-07)",-0.365487,1.0,"(0.000000, 0.000000, 0.000000)",LeftFalse_RightFalse
75.12854,0.062468,"(-1.3443526029586792, 0.7964338064193726, -33.92787551879883)","(351.56048583984375, 271.38311767578125, 0.6908195614814758)","(0.5395236015319824, 0.6852457523345947, -33.311981201171875)","(0.0009287522407248616, 193.20294189453125, 0.00020632849191315472)","(-1.7319462299346924, -0.0039215488359332085, -33.008792877197266)","(0.0009513947297818959, 180.6725616455078, -8.542491514162975e-08)",0.0,-0.001373,"(0.000000, 0.000001, 0.000074)",LeftFalse_RightFalse,False,"(37.39499282836914, -0.003921627998352051, 0.7092443108558655)","(0.0006987882079556584, 98.73249053955078, -4.291015045509994e-07)",-0.365487,1.0,"(0.000000, 0.000000, 0.000000)",LeftFalse_RightFalse
75.191162,0.062496,"(-1.344360589981079, 0.7964378595352173, -33.92791748046875)","(351.56610107421875, 271.3815002441406, 0.6918636560440063)","(0.5395206212997437, 0.685247004032135, -33.31203842163086)","(0.0006797133828513324, 193.20339965820312, 0.00014987666509114206)","(-1.7319468259811401, -0.003921609837561846, -33.00883483886719)","(0.0006960402824915946, 180.6730194091797, -1.1618972166616004e-06)",0.0,-0.001373,"(-0.000001, -0.000003, -0.000207)",LeftFalse_RightFalse,False,"(37.39499282836914, -0.003921627998352051, 0.7092443108558655)","(0.0006988255772739649, 98.73249053955078, -2.976795769882301e-07)",-0.365487,1.0,"(0.000000, 0.000000, 0.000000)",LeftFalse_RightFalse
75.254761,0.06273,"(-1.3443794250488281, 0.7964404821395874, -33.927974700927734)","(351.5765075683594, 271.3736267089844, 0.6921862959861755)","(0.5395141839981079, 0.6852476596832275, -33.312137603759766)","(0.0005134204402565956, 193.20455932617188, 0.00011297447781544179)","(-1.7319473028182983, -0.003921717405319214, -33.008888244628906)","(0.0005257018492557108, 180.6741943359375, -1.1066493925682153e-06)",0.0,-0.001373,"(-0.000003, -0.000002, -0.000163)",LeftFalse_RightFalse,False,"(37.39499282836914, -0.003921627998352051, 0.7092443108558655)","(0.0006989013636484742, 98.73249053955078, -1.4728949793152424e-07)",-0.365488,1.0,"(0.000000, 0.000000, 0.000000)",LeftFalse_RightFalse
75.315796,0.062371,"(-1.344377040863037, 0.7964353561401367, -33.92793655395508)","(351.58978271484375, 271.3626708984375, 0.6926760673522949)","(0.5395152568817139, 0.6852459907531738, -33.31209182739258)","(0.0008192273671738803, 193.2044219970703, 0.0001832732668844983)","(-1.7319469451904297, -0.003921777941286564, -33.008846282958984)","(0.0008394767064601183, 180.67405700683594, 1.1707087423928897e-06)",0.0,-0.001373,"(-0.000002, 0.000002, -0.000084)",LeftFalse_RightFalse,False,"(37.394989013671875, -0.003921627998352051, 0.7092443108558655)","(0.000698811374604702, 98.73249053955078, -4.8355667559008e-07)",-0.365488,1.0,"(0.000000, 0.000000, 0.000000)",LeftFalse_RightFalse
75.380493,0.06285,"(-1.3443639278411865, 0.7964366674423218, -33.92793655395508)","(351.5832214355469, 271.3573913574219, 0.6926717758178711)","(0.5395195484161377, 0.6852465271949768, -33.312068939208984)","(0.0007469392730854452, 193.20361328125, 0.0001654382358537987)","(-1.7319469451904297, -0.003921679686754942, -33.008853912353516)","(0.0007650409825146198, 180.67323303222656, -5.561062721426424e-07)",0.0,-0.001373,"(0.000019, 0.000001, 0.001739)",LeftFalse_RightFalse,False,"(37.39499282836914, -0.003921627998352051, 0.7092443108558655)","(0.0006989036919549108, 98.73249053955078, -4.3204573785260436e-07)",-0.365488,1.0,"(0.000000, 0.000000, 0.000000)",LeftFalse_RightFalse
75.446289,0.063441,"(-1.3443477153778076, 0.796436071395874, -33.92789840698242)","(351.58184814453125, 271.3633117675781, 0.692747175693512)","(0.5395252704620361, 0.6852465271949768, -33.31199645996094)","(0.0007963540847413242, 193.20262145996094, 0.00017604351160116494)","(-1.7319464683532715, -0.0039215087890625, -33.008819580078125)","(0.0008155798423103988, 180.6722412109375, -9.243576641893014e-07)",0.0,-0.001373,"(0.000005, 0.000001, 0.000281)",LeftFalse_RightFalse,False,"(37.39499282836914, -0.003921627998352051, 0.7092443108558655)","(0.0006989688845351338, 98.73249053955078, -4.784759539688821e-07)",-0.365488,1.0,"(0.000000, 0.000000, 0.000000)",LeftFalse_RightFalse
75.51123,0.063725,"(-1.344359278678894, 0.7964403629302979, -33.927955627441406)","(351.58135986328125, 271.3663635253906, 0.6924804449081421)","(0.5395212173461914, 0.6852477788925171, -33.312076568603516)","(0.0005298555479384959, 193.20330810546875, 0.00011650999658741057)","(-1.7319471836090088, -0.003921556286513805, -33.00887680053711)","(0.0005425127455964684, 180.6729278564453, -1.221084517055715e-06)",0.0,-0.001373,"(0.000001, -0.000003, 0.000038)",LeftFalse_RightFalse,False,"(37.39499282836914, -0.003921627998352051, 0.7092443108558655)","(0.0006989914108999074, 98.73249053955078, -6.035404567228397e-07)",-0.365488,1.0,"(0.000000, 0.000000, 0.000000)",LeftFalse_RightFalse
75.573608,0.063461,"(-1.3443524837493896, 0.7964390516281128, -33.92795944213867)","(351.5655822753906, 271.3567199707031, 0.6848766207695007)","(0.5395228862762451, 0.6852473616600037, -33.31206512451172)","(0.0006046119960956275, 193.20286560058594, 0.0001331520761596039)","(-1.7319471836090088, -0.003921655472368002, -33.008880615234375)","(0.0006190990097820759, 180.67250061035156, -1.1943427580263233e-06)",0.0,-0.001373,"(0.000000, 0.000001, -0.000058)",LeftFalse_RightFalse,False,"(37.39499282836914, -0.003921627998352051, 0.7092443108558655)","(0.0006991446134634316, 98.73249053955078, -3.1516253784502624e-07)",-0.365487,1.0,"(0.000000, 0.000000, 0.000000)",LeftFalse_RightFalse
75.634644,0.062974,"(-1.3443777561187744, 0.7964394688606262, -33.9279899597168)","(351.5581970214844, 271.35491943359375, 0.6820200085639954)","(0.5395145416259766, 0.6852473616600037, -33.31214904785156)","(0.0005736009334214032, 193.20443725585938, 0.0001266711187781766)","(-1.731947422027588, -0.003921745344996452, -33.00890350341797)","(0.0005874205380678177, 180.67405700683594, -7.928474587970413e-07)",0.0,-0.001373,"(-0.000009, -0.000001, -0.000801)",LeftFalse_RightFalse,False,"(37.39499282836914, -0.003921627998352051, 0.7092443108558655)","(0.0006990728434175253, 98.73249053955078, -5.260004627416492e-07)",-0.365487,1.0,"(0.000000, 0.000000, 0.000000)",LeftFalse_RightFalse
75.697632,0.06299,"(-1.3443565368652344, 0.7964383959770203, -33.9279899597168)","(351.5474853515625, 271.3585205078125, 0.6809470057487488)","(0.539521336555481, 0.6852469444274902, -33.312103271484375)","(0.0006343592540360987, 193.20310974121094, 0.00014062985428608954)","(-1.7319475412368774, -0.003921795636415482, -33.0089111328125)","(0.0006497601279988885, 180.6727294921875, -3.485346553588897e-07)",0.0,-0.001373,"(0.000004, 0.000002, 0.000322)",LeftFalse_RightFalse,False,"(37.39499282836914, -0.003921627998352051, 0.7092443108558655)","(0.000699132215231657, 98.73249053955078, -3.0820584129287454e-07)",-0.365487,1.0,"(0.000000, 0.000000, 0.000000)",LeftFalse_RightFalse
75.760498,0.062953,"(-1.344338297843933, 0.7964417338371277, -33.928043365478516)","(351.54986572265625, 271.35272216796875, 0.680322527885437)","(0.5395269393920898, 0.6852481365203857, -33.31211853027344)","(0.0004368873778730631, 193.20193481445312, 9.480115841142833e-05)","(-1.7319481372833252, -0.003921687602996826, -33.008975982666016)","(0.0004470490093808621, 180.67156982421875, -2.2427213934861356e-06)",0.0,-0.001373,"(-0.000005, -0.000001, -0.000623)",LeftFalse_RightFalse,False,"(37.39499282836914, -0.003921627998352051, 0.7092443108558655)","(0.0006989651010371745, 98.73249053955078, -6.088817485760956e-07)",-0.365487,1.0,"(0.000000, 0.000000, 0.000000)",LeftFalse_RightFalse
75.828247,0.063918,"(-1.3443259000778198, 0.7964368462562561, -33.928016662597656)","(351.53021240234375, 271.33880615234375, 0.6804595589637756)","(0.539531946182251, 0.6852465271949768, -33.312068939208984)","(0.0007310897344723344, 193.20118713378906, 0.00016206719737965614)","(-1.731947660446167, -0.003921740688383579, -33.008949279785156)","(0.0007488377159461379, 180.67080688476562, -4.0820287949827616e-07)",0.0,-0.001373,"(0.000016, 0.000002, 0.001517)",LeftFalse_RightFalse,False,"(37.39499282836914, -0.003921627998352051, 0.7092443108558655)","(0.0006989560788497329, 98.73249053955078, -4.453598876352771e-07)",-0.365487,1.0,"(0.000000, 0.000000, 0.000000)",LeftFalse_RightFalse
75.893921,0.064272,"(-1.3443093299865723, 0.7964335083961487, -33.92795181274414)","(351.525634765625, 271.3291015625, 0.6806367635726929)","(0.5395381450653076, 0.68524569272995, -33.31196975708008)","(0.0009531246614642441, 193.20022583007812, 0.00021197971364017576)","(-1.7319467067718506, -0.003921496216207743, -33.008888244628906)","(0.0009764127316884696, 180.6698455810547, 1.434215306517217e-07)",0.0,-0.001373,"(0.000016, 0.000005, 0.001365)",LeftFalse_RightFalse,False,"(37.39499282836914, -0.003921627998352051, 0.7092443108558655)","(0.0006989326211623847, 98.73249053955078, -3.334011182687391e-07)",-0.365487,1.0,"(0.000000, 0.000000, 0.000000)",LeftFalse_RightFalse
75.958618,0.064346,"(-1.3443251848220825, 0.7964379787445068, -33.92799377441406)","(351.53240966796875, 271.3271484375, 0.6737281084060669)","(0.5395324230194092, 0.6852471232414246, -33.312042236328125)","(0.0006805246812291443, 193.201171875, 0.0001511486916569993)","(-1.7319471836090088, -0.003921434283256531, -33.00892639160156)","(0.0006971080438233912, 180.67080688476562, -9.617102136871836e-08)",0.0,-0.001373,"(-0.000012, -0.000002, -0.001060)",LeftFalse_RightFalse,False,"(37.39499282836914, -0.003921627998352051, 0.7092443108558655)","(0.0006988936220295727, 98.73249053955078, -3.0072800427660695e-07)",-0.365488,1.0,"(0.000000, 0.000000, 0.000000)",LeftFalse_RightFalse
76.023438,0.064442,"(-1.344355583190918, 0.7964381575584412, -33.928016662597656)","(351.5281982421875, 271.3279724121094, 0.678122878074646)","(0.5395218133926392, 0.685247004032135, -33.312129974365234)","(0.0006625819369219244, 193.20306396484375, 0.00014841232041362673)","(-1.7319473028182983, -0.003921592608094215, -33.00893783569336)","(0.0006789990002289414, 180.67269897460938, 1.1254410310357343e-06)",0.0,-0.001373,"(-0.000019, -0.000001, -0.001515)",LeftFalse_RightFalse,False,"(37.39499282836914, -0.003921627998352051, 0.7092443108558655)","(0.0006988618988543749, 98.73249053955078, -3.2615778877698176e-07)",-0.365487,1.0,"(0.000000, 0.000000, 0.000000)",LeftFalse_RightFalse
76.085205,0.063913,"(-1.3443279266357422, 0.7964365482330322, -33.9279899597168)","(351.5112609863281, 271.3258972167969, 0.6723790168762207)","(0.5395317077636719, 0.685246467590332, -33.31204605102539)","(0.0007564772386103868, 193.20135498046875, 0.0001688468037173152)","(-1.7319471836090088, -0.0039216578006744385, -33.0089225769043)","(0.0007750912336632609, 180.6709747314453, 7.01954547821515e-07)",0.0,-0.001373,"(0.000024, 0.000001, 0.002289)",LeftFalse_RightFalse,False,"(37.39499282836914, -0.003921627998352051, 0.7092443108558655)","(0.0006988526438362896, 98.73249053955078, -3.8014397318875126e-07)",-0.365487,1.0,"(0.000000, 0.000000, 0.000000)",LeftFalse_RightFalse
76.14856,0.063804,"(-1.3443337678909302, 0.7964373826980591, -33.927982330322266)","(351.49383544921875, 271.3481140136719, 0.6700562238693237)","(0.5395289659500122, 0.6852469444274902, -33.312049865722656)","(0.0007228366448543966, 193.2017059326172, 0.0001603554846951738)","(-1.7319470643997192, -0.0039214096032083035, -33.0089111328125)","(0.0007404096540994942, 180.6713409423828, -2.8856354106210347e-07)",0.0,-0.001373,"(-0.000018, -0.000001, -0.001676)",LeftFalse_RightFalse,False,"(37.39499282836914, -0.003921627998352051, 0.7092443108558655)","(0.0006988679524511099, 98.73249053955078, -4.4207695282239e-07)",-0.365488,1.0,"(0.000000, 0.000000, 0.000000)",LeftFalse_RightFalse
76.212524,0.06383,"(-1.3443273305892944, 0.796437680721283, -33.92799758911133)","(351.4874267578125, 271.3559265136719, 0.6691669225692749)","(0.539531946182251, 0.6852467656135559, -33.31205368041992)","(0.0006812665378674865, 193.20130920410156, 0.0001512612507212907)","(-1.7319471836090088, -0.003921770490705967, -33.00893020629883)","(0.000697856885381043, 180.67092895507812, -1.4726465735748206e-07)",0.0,-0.001373,"(0.000000, -0.000002, 0.000033)",LeftFalse_RightFalse,False,"(37.39499282836914, -0.003921627998352051, 0.7092443108558655)","(0.0006988965906202793, 98.73249053955078, -5.131813054504164e-07)",-0.365488,1.0,"(0.000000, 0.000000, 0.000000)",LeftFalse_RightFalse
76.274902,0.063549,"(-1.3443471193313599, 0.7964355945587158, -33.927978515625)","(351.49932861328125, 271.3629455566406, 0.6758381128311157)","(0.5395251512527466, 0.6852462291717529, -33.31207275390625)","(0.0008179892902262509, 193.20257568359375, 0.00018143796478398144)","(-1.7319468259811401, -0.003921599593013525, -33.0088996887207)","(0.0008378700586035848, 180.6721954345703, -3.523052498621837e-07)",0.0,-0.001373,"(0.000002, 0.000002, 0.000260)",LeftFalse_RightFalse,False,"(37.39499282836914, -0.003921627998352051, 0.7092443108558655)","(0.0006989354733377695, 98.73249053955078, -5.670111704603187e-07)",-0.365488,1.0,"(0.000000, 0.000000, 0.000000)",LeftFalse_RightFalse
76.337158,0.063284,"(-1.3443524837493896, 0.7964369058609009, -33.92798614501953)","(351.5037841796875, 271.3531188964844, 0.6692135334014893)","(0.5395228862762451, 0.6852466464042664, -33.31209182739258)","(0.0007349284132942557, 193.20286560058594, 0.00016331434017047286)","(-1.7319471836090088, -0.003921607043594122, -33.008907318115234)","(0.0007528553833253682, 180.67250061035156, -2.3567656270984116e-08)",0.0,-0.001373,"(-0.000002, -0.000001, -0.000259)",LeftFalse_RightFalse,False,"(37.39499282836914, -0.003921627998352051, 0.7092443108558655)","(0.0006989704561419785, 98.73249053955078, -5.970526899545803e-07)",-0.365488,1.0,"(0.000000, 0.000000, 0.000000)",LeftFalse_RightFalse
76.401489,0.063503,"(-1.3443710803985596, 0.7964357137680054, -33.92797088623047)","(351.5068054199219, 271.3414001464844, 0.6770172119140625)","(0.5395170450210571, 0.6852462887763977, -33.31211853027344)","(0.0008123703300952911, 193.2040557861328, 0.00018185786029789597)","(-1.7319468259811401, -0.003921596333384514, -33.00888442993164)","(0.0008324758382514119, 180.67367553710938, 1.2766996633217786e-06)",0.0,-0.001373,"(0.000011, -0.000001, 0.001238)",LeftFalse_RightFalse,False,"(37.39499282836914, -0.003921627998352051, 0.7092443108558655)","(0.0006989969406276941, 98.73249053955078, -6.005180352985917e-07)",-0.365488,1.0,"(0.000000, 0.000000, 0.000000)",LeftFalse_RightFalse
76.46582,0.063674,"(-1.3443858623504639, 0.7964388132095337, -33.92800521850586)","(351.50909423828125, 271.3719177246094, 0.6795684695243835)","(0.5395123958587646, 0.6852472424507141, -33.31217956542969)","(0.0006203876109793782, 193.2049560546875, 0.00013833392586093396)","(-1.7319471836090088, -0.003921649884432554, -33.008914947509766)","(0.0006356232333928347, 180.67459106445312, 4.4145525635030936e-07)",0.0,-0.001373,"(-0.000017, 0.000002, -0.001415)",LeftFalse_RightFalse,False,"(37.39499282836914, -0.003921627998352051, 0.7092443108558655)","(0.0006990063120611012, 98.73249053955078, -5.801168754260289e-07)",-0.365488,1.0,"(0.000000, 0.000000, 0.000000)",LeftFalse_RightFalse
76.5271,0.063186,"(-1.3443959951400757, 0.7964391708374023, -33.92803192138672)","(351.5329284667969, 271.358642578125, 0.6804702877998352)","(0.5395090579986572, 0.6852472424507141, -33.31222915649414)","(0.0005890653701499104, 193.20558166503906, 0.0001313671236857772)","(-1.731947422027588, -0.0039217351004481316, -33.00893783569336)","(0.0006035355618223548, 180.6752166748047, 4.361778564998531e-07)",0.0,-0.001373,"(0.000022, -0.000002, 0.002242)",LeftFalse_RightFalse,False,"(37.39499282836914, -0.003921627998352051, 0.7092443108558655)","(0.0006989941466599703, 98.73249053955078, -5.497105917129375e-07)",-0.365488,1.0,"(0.000000, 0.000000, 0.000000)",LeftFalse_RightFalse
76.592529,0.06363,"(-1.3444081544876099, 0.7964340448379517, -33.92795944213867)","(351.54351806640625, 271.3449401855469, 0.6811884045600891)","(0.5395053625106812, 0.6852458119392395, -33.31217956542969)","(0.0009098891750909388, 193.20639038085938, 0.0002029611059697345)","(-1.731946349143982, -0.003921643830835819, -33.008853912353516)","(0.0009322502883151174, 180.676025390625, 7.199009246505739e-07)",0.0,-0.001373,"(0.000003, 0.000002, 0.000296)",LeftFalse_RightFalse,False,"(37.39499282836914, -0.003921627998352051, 0.7092443108558655)","(0.0006989626563154161, 98.73249053955078, -5.031240561947925e-07)",-0.365488,1.0,"(0.000000, 0.000000, 0.000000)",LeftFalse_RightFalse
76.656006,0.063603,"(-1.3444007635116577, 0.7964344620704651, -33.92793273925781)","(351.54656982421875, 271.33050537109375, 0.681300699710846)","(0.5395081043243408, 0.6852459907531738, -33.312137603759766)","(0.0008942868444137275, 193.20594787597656, 0.00019912408606614918)","(-1.7319462299346924, -0.003921537660062313, -33.00883102416992)","(0.0009161875350400805, 180.67556762695312, 3.592489576931257e-07)",0.0,-0.001373,"(0.000015, 0.000002, 0.001340)",LeftFalse_RightFalse,False,"(37.39499282836914, -0.003921627998352051, 0.7092443108558655)","(0.0006989202811382711, 98.73249053955078, -4.57058632719054e-07)",-0.365488,1.0,"(0.000000, 0.000000, 0.000000)",LeftFalse_RightFalse
76.720215,0.063711,"(-1.344388723373413, 0.7964360117912292, -33.92790222167969)","(351.5637512207031, 271.3337097167969, 0.6812475323677063)","(0.5395122766494751, 0.685246467590332, -33.31208419799805)","(0.0007973372121341527, 193.20521545410156, 0.00017673312686383724)","(-1.7319458723068237, -0.003921501338481903, -33.00880432128906)","(0.0008166891057044268, 180.6748504638672, -4.644488740268571e-07)",0.0,-0.001373,"(-0.000004, 0.000000, -0.000196)",LeftFalse_RightFalse,False,"(37.39499282836914, -0.003921627998352051, 0.7092443108558655)","(0.0006988823297433555, 98.73249053955078, -4.1492754121463804e-07)",-0.365488,1.0,"(0.000000, 0.000000, 0.000000)",LeftFalse_RightFalse
76.783081,0.063545,"(-1.3443623781204224, 0.7964400053024292, -33.927921295166016)","(351.57598876953125, 271.33319091796875, 0.6810085773468018)","(0.5395205020904541, 0.6852477192878723, -33.312049865722656)","(0.0005508557078428566, 193.20355224609375, 0.00011981831630691886)","(-1.7319462299346924, -0.003921580035239458, -33.00883865356445)","(0.0005637304857373238, 180.6731719970703, -2.5476986138528446e-06)",0.0,-0.001373,"(-0.000016, -0.000003, -0.001789)",LeftFalse_RightFalse,False,"(37.39499282836914, -0.003921627998352051, 0.7092443108558655)","(0.0006988615496084094, 98.73249053955078, -3.7826799825779744e-07)",-0.365488,1.0,"(0.000000, 0.000000, 0.000000)",LeftFalse_RightFalse
76.847168,0.063667,"(-1.3443597555160522, 0.7964397668838501, -33.92791748046875)","(351.5702819824219, 271.33343505859375, 0.6810185313224792)","(0.539521336555481, 0.6852474808692932, -33.312042236328125)","(0.000554641941562295, 193.20339965820312, 0.00012131531548220664)","(-1.7319461107254028, -0.003921729512512684, -33.00883865356445)","(0.0005677511799149215, 180.6730194091797, -1.9077890556218335e-06)",0.0,-0.001373,"(-0.000006, 0.000000, -0.000624)",LeftFalse_RightFalse,False,"(37.39499282836914, -0.003921627998352051, 0.7092443108558655)","(0.0006988599197939038, 98.73249053955078, -3.605244671689434e-07)",-0.365488,1.0,"(0.000000, 0.000000, 0.000000)",LeftFalse_RightFalse
76.913574,0.064207,"(-1.3443673849105835, 0.796438455581665, -33.92791748046875)","(351.5716857910156, 271.33404541015625, 0.6811046600341797)","(0.5395185947418213, 0.6852470636367798, -33.31205749511719)","(0.0006347787566483021, 193.203857421875, 0.00013931863941252232)","(-1.7319462299346924, -0.003921722527593374, -33.00883483886719)","(0.0006498852162621915, 180.67349243164062, -1.7195615100717987e-06)",0.0,-0.001373,"(0.000013, -0.000002, 0.001105)",LeftFalse_RightFalse,False,"(37.39499282836914, -0.003921627998352051, 0.7092443108558655)","(0.0006988855893723667, 98.73249053955078, -3.67872019069182e-07)",-0.365488,1.0,"(0.000000, 0.000000, 0.000000)",LeftFalse_RightFalse
76.974976,0.063656,"(-1.344391942024231, 0.7964379191398621, -33.92792892456055)","(351.57861328125, 271.3356018066406, 0.6811358332633972)","(0.5395113229751587, 0.6852468252182007, -33.31211853027344)","(0.0006630570278503001, 193.20541381835938, 0.00014676075079478323)","(-1.7319461107254028, -0.003921777941286564, -33.00883483886719)","(0.0006791046471334994, 180.67503356933594, -5.898720587538264e-07)",0.0,-0.001373,"(0.000006, 0.000001, 0.000527)",LeftFalse_RightFalse,False,"(37.39499282836914, -0.003921627998352051, 0.7092443108558655)","(0.0006989259854890406, 98.73249053955078, -4.0361962305723864e-07)",-0.365488,1.0,"(0.000000, 0.000000, 0.000000)",LeftFalse_RightFalse
77.03772,0.063458,"(-1.3443795442581177, 0.7964369654655457, -33.92790222167969)","(351.5748291015625, 271.3348693847656, 0.681207001209259)","(0.5395151376724243, 0.6852466464042664, -33.31206512451172)","(0.0007318250136449933, 193.20465087890625, 0.0001627334568183869)","(-1.7319458723068237, -0.003921635448932648, -33.008811950683594)","(0.0007497000624425709, 180.6742706298828, 8.265208606417218e-08)",0.0,-0.001373,"(0.000002, 0.000001, 0.000037)",LeftFalse_RightFalse,False,"(37.39499282836914, -0.003921627998352051, 0.7092443108558655)","(0.0006989609100855887, 98.73249053955078, -4.746718786918791e-07)",-0.365488,1.0,"(0.000000, 0.000000, 0.000000)",LeftFalse_RightFalse
77.10083,0.063392,"(-1.3443291187286377, 0.7964369058609009, -33.92787551879883)","(351.5733642578125, 271.33172607421875, 0.6812134385108948)","(0.5395324230194092, 0.6852467060089111, -33.31193542480469)","(0.0007390020764432847, 193.20152282714844, 0.00016262447752524167)","(-1.731945514678955, -0.003921598196029663, -33.00880432128906)","(0.0007566825370304286, 180.67115783691406, -1.58083298629208e-06)",0.0,-0.001373,"(0.000022, 0.000000, 0.001791)",LeftFalse_RightFalse,False,"(37.39499282836914, -0.003921627998352051, 0.7092442512512207)","(0.0006989854737184942, 98.73249053955078, -5.512478651326091e-07)",-0.365488,1.0,"(0.000000, 0.000000, 0.000000)",LeftFalse_RightFalse
77.163696,0.063296,"(-1.3443410396575928, 0.7964360117912292, -33.92784881591797)","(351.5806579589844, 271.33251953125, 0.6812790036201477)","(0.5395283699035645, 0.685246467590332, -33.31193542480469)","(0.0008025234565138817, 193.20230102539062, 0.00017800020577851683)","(-1.7319450378417969, -0.003921453841030598, -33.00877380371094)","(0.000822026573587209, 180.67193603515625, -3.5272830700705526e-07)",0.0,-0.001373,"(0.000000, 0.000001, 0.000167)",LeftFalse_RightFalse,False,"(37.39499282836914, -0.003921627998352051, 0.7092443108558655)","(0.0006989933899603784, 98.73249053955078, -6.100542009335186e-07)",-0.365488,1.0,"(0.000000, 0.000000, 0.000000)",LeftFalse_RightFalse
77.22937,0.063772,"(-1.3443286418914795, 0.7964403033256531, -33.927894592285156)","(351.5835266113281, 271.3384094238281, 0.680990993976593)","(0.5395324230194092, 0.6852477788925171, -33.311954498291016)","(0.0005248634843155742, 193.2014923095703, 0.00011346639803377911)","(-1.7319457530975342, -0.0039216820150613785, -33.008827209472656)","(0.0005369793507270515, 180.67111206054688, -3.109135150225484e-06)",0.0,-0.001373,"(-0.000004, -0.000004, -0.000525)",LeftFalse_RightFalse,False,"(37.39499282836914, -0.003921627998352051, 0.7092443108558655)","(0.0006989867542870343, 98.73249053955078, -6.305074862211768e-07)",-0.365488,1.0,"(0.000000, 0.000000, 0.000000)",LeftFalse_RightFalse
77.293457,0.063838,"(-1.3443424701690674, 0.796438992023468, -33.92790603637695)","(351.5406799316406, 271.3431701660156, 0.6744343042373657)","(0.539528489112854, 0.6852472424507141, -33.31199264526367)","(0.0005982804577797651, 193.20236206054688, 0.00012988914386369288)","(-1.7319453954696655, -0.003921816125512123, -33.00883102416992)","(0.0006122105987742543, 180.6719970703125, -3.0058797619858524e-06)",0.0,-0.001373,"(0.000010, -0.000002, 0.000790)",LeftFalse_RightFalse,False,"(37.39499282836914, -0.003921627998352051, 0.7092443108558655)","(0.0006989666144363582, 98.73249053955078, -6.061720227990008e-07)",-0.365488,1.0,"(0.000000, 0.000000, 0.000000)",LeftFalse_RightFalse
77.353516,0.063066,"(-1.3443692922592163, 0.7964399456977844, -33.927940368652344)","(351.5555419921875, 271.35247802734375, 0.6721538305282593)","(0.5395182371139526, 0.685247540473938, -33.31208419799805)","(0.0005479505052790046, 193.20401000976562, 0.00012193615839350969)","(-1.7319458723068237, -0.003921670839190483, -33.00885772705078)","(0.000561353808734566, 180.67364501953125, 1.4999923791947367e-07)",0.0,-0.001373,"(-0.000010, 0.000002, -0.000744)",LeftFalse_RightFalse,False,"(37.39499282836914, -0.003921627998352051, 0.7092443108558655)","(0.0006989387911744416, 98.73249053955078, -5.54374480543629e-07)",-0.365488,1.0,"(0.000000, 0.000000, 0.000000)",LeftFalse_RightFalse
77.415405,0.062833,"(-1.3443719148635864, 0.796437680721283, -33.92792892456055)","(351.55841064453125, 271.3558044433594, 0.6776252388954163)","(0.5395175218582153, 0.6852468252182007, -33.312076568603516)","(0.0006809171754866838, 193.20416259765625, 0.0001514124305685982)","(-1.7319458723068237, -0.003921718802303076, -33.00884246826172)","(0.0006975484429858625, 180.67379760742188, 7.612609209672883e-08)",0.0,-0.001373,"(-0.000012, 0.000002, -0.001114)",LeftFalse_RightFalse,False,"(37.39499282836914, -0.003921627998352051, 0.7092443108558655)","(0.0006989084649831057, 98.73249053955078, -4.825405426345242e-07)",-0.365488,1.0,"(0.000000, 0.000000, 0.000000)",LeftFalse_RightFalse
77.481934,0.063575,"(-1.3443901538848877, 0.7964391708374023, -33.927974700927734)","(351.5482482910156, 271.35821533203125, 0.6797208189964294)","(0.5395112037658691, 0.6852473020553589, -33.31216049194336)","(0.0005945184384472668, 193.2052764892578, 0.00013261951971799135)","(-1.7319462299346924, -0.003921687602996826, -33.008880615234375)","(0.0006091303657740355, 180.67491149902344, 4.7565973204655165e-07)",0.0,-0.001373,"(0.000000, -0.000001, 0.000170)",LeftFalse_RightFalse,False,"(37.39499282836914, -0.003921627998352051, 0.7092443108558655)","(0.0006988837849348783, 98.73249053955078, -4.10081298696241e-07)",-0.365488,1.0,"(0.000000, 0.000000, 0.000000)",LeftFalse_RightFalse
77.547119,0.06391,"(-1.344374418258667, 0.7964370846748352, -33.92796325683594)","(351.544921875, 271.3507080078125, 0.6805674433708191)","(0.5395165681838989, 0.6852465867996216, -33.31211471557617)","(0.0007196728838607669, 193.20431518554688, 0.0001601928088348359)","(-1.7319461107254028, -0.0039217411540448666, -33.008872985839844)","(0.000737285939976573, 180.67393493652344, 2.390608813129802e-07)",0.0,-0.001373,"(0.000000, 0.000001, -0.000157)",LeftFalse_RightFalse,False,"(37.39499282836914, -0.003921627998352051, 0.7092443108558655)","(0.0006988785462453961, 98.73249053955078, -3.477574637145153e-07)",-0.365488,1.0,"(0.000000, 0.000000, 0.000000)",LeftFalse_RightFalse
77.614258,0.06454,"(-1.3443715572357178, 0.7964388132095337, -33.92799758911133)","(351.553955078125, 271.35723876953125, 0.6887725591659546)","(0.5395172834396362, 0.6852472424507141, -33.3121452331543)","(0.0006180283380672336, 193.20411682128906, 0.00013652784400619566)","(-1.731946349143982, -0.003921660594642162, -33.0089111328125)","(0.0006329282186925411, 180.67373657226562, -8.097372869997344e-07)",0.0,-0.001373,"(0.000006, 0.000000, 0.000449)",LeftFalse_RightFalse,False,"(37.39499282836914, -0.003921627998352051, 0.7092443108558655)","(0.0006988918175920844, 98.73249053955078, -3.268612829288031e-07)",-0.365488,1.0,"(0.000000, 0.000000, 0.000000)",LeftFalse_RightFalse
77.675659,0.063926,"(-1.3443886041641235, 0.7964377403259277, -33.928001403808594)","(351.5566711425781, 271.3603210449219, 0.6835618615150452)","(0.5395121574401855, 0.6852468848228455, -33.31218338012695)","(0.0006867233314551413, 193.2052001953125, 0.0001526727428426966)","(-1.7319462299346924, -0.003921655472368002, -33.008907318115234)","(0.0007034899317659438, 180.67481994628906, 4.672330788935142e-08)",0.0,-0.001373,"(0.000002, 0.000000, 0.000161)",LeftFalse_RightFalse,False,"(37.39499282836914, -0.003921627998352051, 0.7092443108558655)","(0.0006989157409407198, 98.73249053955078, -3.5612117699201917e-07)",-0.365488,1.0,"(0.000000, 0.000000, 0.000000)",LeftFalse_RightFalse
77.737549,0.063518,"(-1.3443987369537354, 0.7964363098144531, -33.92799377441406)","(351.56658935546875, 271.3538513183594, 0.6816043257713318)","(0.5395087003707886, 0.685246467590332, -33.312198638916016)","(0.0007746150949969888, 193.20582580566406, 0.0001734621764626354)","(-1.7319461107254028, -0.003921564668416977, -33.00889587402344)","(0.0007937985938042402, 180.67544555664062, 1.2722202882287093e-06)",0.0,-0.001373,"(-0.000003, 0.000001, -0.000149)",LeftFalse_RightFalse,False,"(37.39499282836914, -0.003921627998352051, 0.7092442512512207)","(0.000698937161359936, 98.73249053955078, -4.305866525555757e-07)",-0.365488,1.0,"(0.000000, 0.000000, 0.000000)",LeftFalse_RightFalse
77.79834,0.062957,"(-1.3443937301635742, 0.7964332103729248, -33.927940368652344)","(351.5635681152344, 271.3570556640625, 0.681043803691864)","(0.5395107269287109, 0.6852455735206604, -33.3121337890625)","(0.0009723494877107441, 193.20555114746094, 0.00021792489860672504)","(-1.731945514678955, -0.003921474330127239, -33.00883865356445)","(0.0009964695200324059, 180.67518615722656, 1.776024987520941e-06)",0.0,-0.001373,"(0.000012, 0.000002, 0.001219)",LeftFalse_RightFalse,False,"(37.39499282836914, -0.003921627998352051, 0.7092443108558655)","(0.0006989540415816009, 98.73249053955078, -5.133115905664454e-07)",-0.365488,1.0,"(0.000000, 0.000000, 0.000000)",LeftFalse_RightFalse
77.860596,0.06282,"(-1.344403624534607, 0.7964354753494263, -33.927940368652344)","(351.55450439453125, 271.359130859375, 0.6805919408798218)","(0.5395077466964722, 0.6852463483810425, -33.312156677246094)","(0.000834975391626358, 193.2061767578125, 0.00018584718054626137)","(-1.7319453954696655, -0.003921451047062874, -33.00883865356445)","(0.0008554079686291516, 180.67579650878906, 2.666658360794827e-07)",0.0,-0.001373,"(-0.000016, -0.000001, -0.001409)",LeftFalse_RightFalse,False,"(37.39499282836914, -0.003921627998352051, 0.7092443108558655)","(0.0006989631801843643, 98.73249053955078, -5.882981781724084e-07)",-0.365488,1.0,"(0.000000, 0.000000, 0.000000)",LeftFalse_RightFalse
77.924194,0.062974,"(-1.3443849086761475, 0.7964386940002441, -33.92795181274414)","(351.566650390625, 271.3509521484375, 0.6802670955657959)","(0.5395135879516602, 0.6852473616600037, -33.312129974365234)","(0.0006381257553584874, 193.20498657226562, 0.00014099957479629666)","(-1.7319457530975342, -0.00392147246748209, -33.00886154174805)","(0.0006535172578878701, 180.6746063232422, -8.04820501798531e-07)",0.0,-0.001373,"(-0.000011, -0.000003, -0.001000)",LeftFalse_RightFalse,False,"(37.394989013671875, -0.003921627998352051, 0.7092443108558655)","(0.0006989635294303298, 98.73249053955078, -6.353797630254121e-07)",-0.365488,1.0,"(0.000000, 0.000000, 0.000000)",LeftFalse_RightFalse
77.98584,0.062721,"(-1.3443877696990967, 0.7964378595352173, -33.92795944213867)","(351.5638732910156, 271.35498046875, 0.680267333984375)","(0.5395123958587646, 0.6852469444274902, -33.31214141845703)","(0.0006769949686713517, 193.20516967773438, 0.00015013465599622577)","(-1.7319457530975342, -0.003921612165868282, -33.00886535644531)","(0.0006934424745850265, 180.67478942871094, -3.202648599653912e-07)",0.0,-0.001373,"(0.000003, -0.000001, 0.000258)",LeftFalse_RightFalse,False,"(37.39499282836914, -0.003921627998352051, 0.7092443108558655)","(0.0006989598623476923, 98.73249053955078, -6.246190196179668e-07)",-0.365488,1.0,"(0.000000, 0.000000, 0.000000)",LeftFalse_RightFalse
78.046509,0.06231,"(-1.3443950414657593, 0.796436607837677, -33.92793273925781)","(351.56280517578125, 271.35687255859375, 0.6871500015258789)","(0.5395102500915527, 0.6852465867996216, -33.312129974365234)","(0.0007565924897789955, 193.20562744140625, 0.0001686876203166321)","(-1.731945514678955, -0.003921594005078077, -33.00883483886719)","(0.000775169231928885, 180.67526245117188, 5.215580358708394e-07)",0.0,-0.001373,"(-0.000004, 0.000002, -0.000257)",LeftFalse_RightFalse,False,"(37.39499282836914, -0.003921627998352051, 0.7092443108558655)","(0.0006989495013840497, 98.73249053955078, -5.700335918845667e-07)",-0.365488,1.0,"(0.000000, 0.000000, 0.000000)",LeftFalse_RightFalse
78.108398,0.062211,"(-1.3443702459335327, 0.7964383363723755, -33.927940368652344)","(351.56988525390625, 271.3559265136719, 0.6834326386451721)","(0.5395181179046631, 0.6852471828460693, -33.31208419799805)","(0.0006513686385005713, 193.20407104492188, 0.00014330973499454558)","(-1.7319457530975342, -0.0039215488359332085, -33.008853912353516)","(0.000666945765260607, 180.67369079589844, -1.422813852514082e-06)",0.0,-0.001373,"(-0.000007, -0.000002, -0.000718)",LeftFalse_RightFalse,False,"(37.39499282836914, -0.003921627998352051, 0.7092443108558655)","(0.0006989327375777066, 98.73249053955078, -4.937963353768282e-07)",-0.365488,1.0,"(0.000000, 0.000000, 0.000000)",LeftFalse_RightFalse
78.170166,0.062143,"(-1.3443539142608643, 0.7964354157447815, -33.927879333496094)","(351.56451416015625, 271.35516357421875, 0.6822346448898315)","(0.5395239591598511, 0.6852462291717529, -33.31199264526367)","(0.0008259127498604357, 193.20310974121094, 0.00018311194435227662)","(-1.7319449186325073, -0.0039216503500938416, -33.00879669189453)","(0.0008459678501822054, 180.67274475097656, -4.372278681330499e-07)",0.0,-0.001373,"(0.000010, 0.000002, 0.000797)",LeftFalse_RightFalse,False,"(37.39499282836914, -0.003921627998352051, 0.7092443108558655)","(0.0006989086978137493, 98.73249053955078, -4.19825880726421e-07)",-0.365488,1.0,"(0.000000, 0.000000, 0.000000)",LeftFalse_RightFalse
78.230957,0.061866,"(-1.3443729877471924, 0.7964383363723755, -33.92790222167969)","(351.5497131347656, 271.3564147949219, 0.681537389755249)","(0.5395177602767944, 0.6852471232414246, -33.31205368041992)","(0.0006503600161522627, 193.20428466796875, 0.00014351103163789958)","(-1.7319451570510864, -0.0039216093719005585, -33.00881576538086)","(0.0006660050712525845, 180.6739044189453, -1.0075049203805975e-06)",0.0,-0.001373,"(-0.000003, -0.000001, -0.000268)",LeftFalse_RightFalse,False,"(37.39499282836914, -0.003921627998352051, 0.7092442512512207)","(0.0006988917011767626, 98.73249053955078, -3.5734575476453756e-07)",-0.365488,1.0,"(0.000000, 0.000000, 0.000000)",LeftFalse_RightFalse
78.290283,0.061361,"(-1.3443700075149536, 0.7964372038841248, -33.92787551879883)","(351.5487060546875, 271.35626220703125, 0.6814088821411133)","(0.5395187139511108, 0.6852467060089111, -33.3120231628418)","(0.0007174892816692591, 193.20411682128906, 0.00015945735503919423)","(-1.7319449186325073, -0.00392161263152957, -33.0087890625)","(0.0007349947700276971, 180.67373657226562, -5.140590619845398e-09)",0.0,-0.001373,"(-0.000016, 0.000002, -0.001424)",LeftFalse_RightFalse,False,"(37.39499282836914, -0.003921627998352051, 0.7092443704605103)","(0.0006988900131545961, 98.73249053955078, -3.2665283811184054e-07)",-0.365488,1.0,"(0.000000, 0.000000, 0.000000)",LeftFalse_RightFalse
78.351074,0.061249,"(-1.3443495035171509, 0.7964373826980591, -33.9278564453125)","(351.55511474609375, 271.35504150390625, 0.6813137531280518)","(0.5395255088806152, 0.6852467656135559, -33.31196212768555)","(0.0007069263956509531, 193.20285034179688, 0.00015648208500351757)","(-1.7319447994232178, -0.003921616356819868, -33.0087776184082)","(0.0007240380509756505, 180.67247009277344, -6.178507874210482e-07)",0.0,-0.001373,"(0.000001, 0.000000, -0.000156)",LeftFalse_RightFalse,False,"(37.39499282836914, -0.003921627998352051, 0.7092443108558655)","(0.0006989000248722732, 98.73249053955078, -3.384558056040987e-07)",-0.365488,1.0,"(0.000000, 0.000000, 0.000000)",LeftFalse_RightFalse
78.412598,0.061297,"(-1.3443547487258911, 0.796440601348877, -33.92789077758789)","(351.550048828125, 271.3625793457031, 0.6810779571533203)","(0.5395236015319824, 0.6852478384971619, -33.31200408935547)","(0.0005100630805827677, 193.20315551757812, 0.00011202300811419263)","(-1.7319450378417969, -0.00392165407538414, -33.008811950683594)","(0.0005222181789577007, 180.6727752685547, -1.3070658724245732e-06)",0.0,-0.001373,"(-0.000019, -0.000001, -0.001739)",LeftFalse_RightFalse,False,"(37.39499282836914, -0.003921627998352051, 0.7092442512512207)","(0.0006989201647229493, 98.73249053955078, -3.9502143067693396e-07)",-0.365488,1.0,"(0.000000, 0.000000, 0.000000)",LeftFalse_RightFalse
78.472656,0.061051,"(-1.3443243503570557, 0.7964396476745605, -33.927894592285156)","(351.56610107421875, 271.3634033203125, 0.6873934864997864)","(0.5395342111587524, 0.6852474212646484, -33.311946868896484)","(0.0005585022154264152, 193.20126342773438, 0.00012196617171866819)","(-1.7319451570510864, -0.0039218030869960785, -33.008827209472656)","(0.0005716607556678355, 180.67088317871094, -2.1099706373206573e-06)",0.0,-0.001373,"(0.000009, -0.000002, 0.000746)",LeftFalse_RightFalse,False,"(37.39499282836914, -0.003921627998352051, 0.7092443108558655)","(0.0006989354733377695, 98.73249053955078, -4.810293603441096e-07)",-0.365488,1.0,"(0.000000, 0.000000, 0.000000)",LeftFalse_RightFalse
78.534912,0.061295,"(-1.3443217277526855, 0.7964370846748352, -33.92787170410156)","(351.5636901855469, 271.3643493652344, 0.6901471018791199)","(0.5395350456237793, 0.6852465867996216, -33.311920166015625)","(0.0007136601489037275, 193.2010955810547, 0.00015901311417110264)","(-1.7319450378417969, -0.0039217774756252766, -33.00880432128906)","(0.0007311605149880052, 180.6707305908203, 3.919664663953881e-07)",0.0,-0.001373,"(-0.000005, 0.000002, -0.000346)",LeftFalse_RightFalse,False,"(37.39499282836914, -0.003921627998352051, 0.7092443108558655)","(0.0006989471148699522, 98.73249053955078, -5.663337674377544e-07)",-0.365488,1.0,"(0.000000, 0.000000, 0.000000)",LeftFalse_RightFalse
78.598511,0.061757,"(-1.344309687614441, 0.7964397072792053, -33.92790222167969)","(351.5557556152344, 271.35699462890625, 0.6909803748130798)","(0.5395388603210449, 0.6852474808692932, -33.31192398071289)","(0.0005528482142835855, 193.2003173828125, 0.00012052190868416801)","(-1.731945514678955, -0.003921836148947477, -33.00884246826172)","(0.0005658281152136624, 180.66993713378906, -2.293141733389348e-06)",0.0,-0.001373,"(0.000012, -0.000002, 0.000920)",LeftFalse_RightFalse,False,"(37.39499282836914, -0.003921627998352051, 0.7092443108558655)","(0.0006989511311985552, 98.73249053955078, -6.252443540688546e-07)",-0.365488,1.0,"(0.000000, 0.000000, 0.000000)",LeftFalse_RightFalse
78.660522,0.061798,"(-1.3443145751953125, 0.7964370846748352, -33.92788314819336)","(351.56109619140625, 271.35498046875, 0.6916553378105164)","(0.5395370721817017, 0.6852466464042664, -33.31191635131836)","(0.00072025804547593, 193.2006378173828, 0.00016024900833144784)","(-1.7319451570510864, -0.003921679686754942, -33.008819580078125)","(0.0007378694135695696, 180.67027282714844, 1.6696517946002132e-07)",0.0,-0.001373,"(0.000016, 0.000001, 0.001562)",LeftFalse_RightFalse,False,"(37.39499282836914, -0.003921627998352051, 0.7092443108558655)","(0.0006989507819525898, 98.73249053955078, -6.257654376895516e-07)",-0.365488,1.0,"(0.000000, 0.000000, 0.000000)",LeftFalse_RightFalse
78.722534,0.061855,"(-1.3443306684494019, 0.79643714427948, -33.92788314819336)","(351.5765686035156, 271.3467102050781, 0.6853806376457214)","(0.5395314693450928, 0.6852467656135559, -33.311946868896484)","(0.0007301562582142651, 193.20164489746094, 0.00016179535305127501)","(-1.7319450378417969, -0.003921516705304384, -33.008811950683594)","(0.0007478673360310495, 180.67127990722656, -4.710266239271732e-07)",0.0,-0.001373,"(-0.000007, 0.000003, -0.000720)",LeftFalse_RightFalse,False,"(37.39499282836914, -0.003921627998352051, 0.7092443108558655)","(0.0006989459507167339, 98.73249053955078, -5.716750592910103e-07)",-0.365488,1.0,"(0.000000, 0.000000, 0.000000)",LeftFalse_RightFalse
78.789063,0.062775,"(-1.3443403244018555, 0.7964397668838501, -33.927913665771484)","(351.5828857421875, 271.3435363769531, 0.6826592087745667)","(0.5395293235778809, 0.685247540473938, -33.3120002746582)","(0.0005670524551533163, 193.20223999023438, 0.00012511458771768957)","(-1.731945276260376, -0.003921598196029663, -33.00884246826172)","(0.0005806903936900198, 180.67185974121094, -8.915656621866219e-07)",0.0,-0.001373,"(-0.000018, 0.000001, -0.001841)",LeftFalse_RightFalse,False,"(37.39499282836914, -0.003921627998352051, 0.7092443108558655)","(0.0006989342509768903, 98.73249053955078, -4.866311655860045e-07)",-0.365488,1.0,"(0.000000, -0.000001, 0.000000)",LeftFalse_RightFalse
78.849731,0.06235,"(-1.3443450927734375, 0.7964366674423218, -33.92788314819336)","(351.5848083496094, 271.3426818847656, 0.6820723414421082)","(0.539527177810669, 0.6852465867996216, -33.31197738647461)","(0.0007551441085524857, 193.20257568359375, 0.00016745663015171885)","(-1.7319447994232178, -0.0039215413853526115, -33.00880432128906)","(0.0007734884275123477, 180.6721954345703, -3.659178275938757e-07)",0.0,-0.001373,"(-0.000013, 0.000001, -0.001139)",LeftFalse_RightFalse,False,"(37.39499282836914, -0.003921627998352051, 0.7092443108558655)","(0.0006989155663177371, 98.73249053955078, -4.143803664646839e-07)",-0.365488,1.0,"(0.000000, -0.000001, 0.000000)",LeftFalse_RightFalse
78.908447,0.06164,"(-1.3443491458892822, 0.7964398264884949, -33.92792510986328)","(351.5855407714844, 271.3424987792969, 0.6815752387046814)","(0.5395257472991943, 0.685247540473938, -33.31203079223633)","(0.0005622112657874823, 193.2028045654297, 0.0001252553192898631)","(-1.731945276260376, -0.003921558614820242, -33.00885009765625)","(0.0005759950145147741, 180.67242431640625, 2.961386371680419e-07)",0.0,-0.001373,"(0.000008, -0.000003, 0.000887)",LeftFalse_RightFalse,False,"(37.39499282836914, -0.003921627998352051, 0.7092443108558655)","(0.0006988987443037331, 98.73249053955078, -3.688881520247378e-07)",-0.365488,1.0,"(0.000000, -0.000001, 0.000000)",LeftFalse_RightFalse
78.970459,0.061701,"(-1.3443620204925537, 0.7964370250701904, -33.92790603637695)","(351.5783386230469, 271.3431091308594, 0.6816129088401794)","(0.5395214557647705, 0.6852465867996216, -33.31203842163086)","(0.0007234871736727655, 193.20361328125, 0.0001619110262254253)","(-1.7319450378417969, -0.003921717405319214, -33.00882339477539)","(0.0007413823623210192, 180.67323303222656, 1.0887735015785438e-06)",0.0,-0.001373,"(0.000010, 0.000000, 0.000970)",LeftFalse_RightFalse,False,"(37.39499282836914, -0.003921627998352051, 0.7092443108558655)","(0.0006988950190134346, 98.73249053955078, -3.4679342775234545e-07)",-0.365488,1.0,"(0.000000, -0.000001, 0.000000)",LeftFalse_RightFalse
79.032593,0.061782,"(-1.3443920612335205, 0.7964348793029785, -33.92787170410156)","(351.575927734375, 271.34490966796875, 0.681713879108429)","(0.5395119190216064, 0.6852460503578186, -33.31206512451172)","(0.0008677354780957103, 193.20550537109375, 0.00019457440066616982)","(-1.7319445610046387, -0.003921494819223881, -33.00877380371094)","(0.0008892811601981521, 180.6751251220703, 1.6784861145424657e-06)",0.0,-0.001373,"(0.000010, 0.000002, 0.000968)",LeftFalse_RightFalse,False,"(37.39499282836914, -0.003921627998352051, 0.7092443108558655)","(0.0006989086978137493, 98.73249053955078, -3.561472112778574e-07)",-0.365488,1.0,"(0.000000, -0.000001, 0.000000)",LeftFalse_RightFalse
79.093384,0.061593,"(-1.3444135189056396, 0.7964387536048889, -33.927913665771484)","(351.5841369628906, 271.34625244140625, 0.6814438700675964)","(0.5395047664642334, 0.6852471828460693, -33.31214904785156)","(0.0006257929489947855, 193.2068328857422, 0.00013993952597957104)","(-1.7319447994232178, -0.003921563271433115, -33.00880813598633)","(0.0006412480724975467, 180.67645263671875, 8.360944434571138e-07)",0.0,-0.001373,"(-0.000013, 0.000000, -0.001039)",LeftFalse_RightFalse,False,"(37.39499282836914, -0.003921627998352051, 0.7092443108558655)","(0.0006989261019043624, 98.73249053955078, -3.9108712712732085e-07)",-0.365488,1.0,"(0.000000, -0.000001, 0.000000)",LeftFalse_RightFalse
79.156738,0.061937,"(-1.3443928956985474, 0.7964385747909546, -33.92790603637695)","(351.5686340332031, 271.333740234375, 0.6886005401611328)","(0.5395112037658691, 0.6852471828460693, -33.31209945678711)","(0.0006377709796652198, 193.2055206298828, 0.00014103829744271934)","(-1.7319450378417969, -0.003921570722013712, -33.008811950683594)","(0.0006531793042086065, 180.67515563964844, -6.900498874529148e-07)",0.0,-0.001373,"(-0.000011, -0.000002, -0.001261)",LeftFalse_RightFalse,False,"(37.39499282836914, -0.003921627998352051, 0.7092443108558655)","(0.0006989382673054934, 98.73249053955078, -4.594557196924143e-07)",-0.365488,1.0,"(0.000000, -0.000001, 0.000000)",LeftFalse_RightFalse
79.217163,0.06164,"(-1.3443931341171265, 0.7964369058609009, -33.92790222167969)","(351.5693054199219, 271.3230285644531, 0.6912055611610413)","(0.5395114421844482, 0.6852467060089111, -33.312095642089844)","(0.0007359309820458293, 193.20556640625, 0.0001626811281312257)","(-1.7319447994232178, -0.0039216578006744385, -33.00880432128906)","(0.0007536966004408896, 180.67518615722656, -8.591979963057383e-07)",0.0,-0.001373,"(0.000022, 0.000000, 0.001938)",LeftFalse_RightFalse,False,"(37.394996643066406, -0.003921627998352051, 0.7092443108558655)","(0.0006989447283558547, 98.73249053955078, -5.270687211123004e-07)",-0.365488,1.0,"(0.000000, -0.000001, 0.000000)",LeftFalse_RightFalse
79.277832,0.061452,"(-1.3444101810455322, 0.7964358925819397, -33.92788314819336)","(351.5731506347656, 271.32659912109375, 0.6922617554664612)","(0.5395060777664185, 0.6852463483810425, -33.312110900878906)","(0.0007969150901772082, 193.20663452148438, 0.0001769112714100629)","(-1.7319444417953491, -0.0039216456934809685, -33.0087776184082)","(0.0008163154707290232, 180.67626953125, -1.9893478508947737e-07)",0.0,-0.001373,"(0.000000, 0.000001, 0.000009)",LeftFalse_RightFalse,False,"(37.39499282836914, -0.003921627998352051, 0.7092442512512207)","(0.0006989441462792456, 98.73249053955078, -5.84468125452986e-07)",-0.365488,1.0,"(0.000000, 0.000000, 0.000000)",LeftFalse_RightFalse
79.335938,0.06077,"(-1.344430685043335, 0.7964416146278381, -33.92795944213867)","(351.5793762207031, 271.3288269042969, 0.6922764778137207)","(0.5394986867904663, 0.6852481365203857, -33.31222915649414)","(0.0004498896887525916, 193.20787048339844, 9.921783930622041e-05)","(-1.7319453954696655, -0.003921602386981249, -33.00885009765625)","(0.00046069984091445804, 180.677490234375, -7.521852012359886e-07)",0.0,-0.001373,"(-0.000002, -0.000004, -0.000337)",LeftFalse_RightFalse,False,"(37.394989013671875, -0.003921627998352051, 0.7092442512512207)","(0.000698933785315603, 98.73249053955078, -6.139624701972934e-07)",-0.365488,1.0,"(0.000000, -0.000001, 0.000000)",LeftFalse_RightFalse
79.395508,0.060548,"(-1.3444525003433228, 0.7964428067207336, -33.92802047729492)","(351.5840759277344, 271.33056640625, 0.6923561096191406)","(0.5394911766052246, 0.6852483153343201, -33.31233596801758)","(0.000369896471966058, 193.20919799804688, 8.175107359420508e-05)","(-1.7319459915161133, -0.003921748138964176, -33.00890350341797)","(0.0003788223839364946, 180.67881774902344, -4.4781396013604535e-07)",0.0,-0.001373,"(0.000017, -0.000002, 0.001869)",LeftFalse_RightFalse,False,"(37.39499282836914, -0.003921627998352051, 0.7092443108558655)","(0.0006989200483076274, 98.73249053955078, -5.96635857164074e-07)",-0.365488,1.0,"(0.000000, -0.000001, 0.000000)",LeftFalse_RightFalse
79.458252,0.060976,"(-1.3444634675979614, 0.7964422702789307, -33.928062438964844)","(351.57861328125, 271.3313903808594, 0.6924483776092529)","(0.5394876003265381, 0.6852481365203857, -33.31239700317383)","(0.00039362089592032135, 193.20985412597656, 8.652165706735104e-05)","(-1.7319464683532715, -0.003921845927834511, -33.008941650390625)","(0.00040301683475263417, 180.67947387695312, -9.380547112414206e-07)",0.0,-0.001373,"(0.000016, -0.000002, 0.001340)",LeftFalse_RightFalse,False,"(37.39499282836914, -0.003921627998352051, 0.7092443108558655)","(0.0006989124231040478, 98.73249053955078, -5.317846785146685e-07)",-0.365488,1.0,"(0.000000, -0.000001, 0.000000)",LeftFalse_RightFalse
79.519409,0.061013,"(-1.3444652557373047, 0.7964395880699158, -33.92807388305664)","(351.5870056152344, 271.33154296875, 0.6859369874000549)","(0.5394872426986694, 0.6852473616600037, -33.31241226196289)","(0.0005572966765612364, 193.2099609375, 0.00012297186185605824)","(-1.731946349143982, -0.003921853844076395, -33.008949279785156)","(0.0005707021919079125, 180.67959594726562, -8.666673920743051e-07)",0.0,-0.001373,"(-0.000009, 0.000000, -0.000940)",LeftFalse_RightFalse,False,"(37.39499282836914, -0.003921627998352051, 0.7092443108558655)","(0.0006989059620536864, 98.73249053955078, -4.6068029746493266e-07)",-0.365488,1.0,"(0.000000, -0.000001, 0.000000)",LeftFalse_RightFalse
79.581787,0.061289,"(-1.3444480895996094, 0.7964367866516113, -33.92806625366211)","(351.57330322265625, 271.3304748535156, 0.6916122436523438)","(0.5394927263259888, 0.685246467590332, -33.31237030029297)","(0.0007355848792940378, 193.20889282226562, 0.00016370107186958194)","(-1.731946349143982, -0.003921777009963989, -33.00894546508789)","(0.0007535802433267236, 180.6785125732422, 2.1150472662156972e-07)",0.0,-0.001373,"(0.000000, 0.000002, 0.000051)",LeftFalse_RightFalse,False,"(37.39499282836914, -0.003921627998352051, 0.7092443108558655)","(0.0006989051471464336, 98.73249053955078, -4.048963262448524e-07)",-0.365488,1.0,"(0.000000, -0.000001, 0.000000)",LeftFalse_RightFalse
79.642578,0.061177,"(-1.3444628715515137, 0.7964389324188232, -33.9281120300293)","(351.5635986328125, 271.3384094238281, 0.6865640878677368)","(0.5394876003265381, 0.6852472424507141, -33.31244659423828)","(0.0006114346906542778, 193.2097930908203, 0.00013561357627622783)","(-1.7319467067718506, -0.003921627998352051, -33.00898742675781)","(0.0006262933020479977, 180.67941284179688, -2.716985250117432e-07)",0.0,-0.001373,"(-0.000002, 0.000001, -0.000191)",LeftFalse_RightFalse,False,"(37.39499282836914, -0.003921627998352051, 0.7092443108558655)","(0.0006989113753661513, 98.73249053955078, -3.638855901044735e-07)",-0.365488,1.0,"(0.000000, -0.000001, 0.000000)",LeftFalse_RightFalse
79.701782,0.06079,"(-1.3444738388061523, 0.7964344620704651, -33.928070068359375)","(351.5579833984375, 271.3417663574219, 0.6849660277366638)","(0.5394837856292725, 0.6852458119392395, -33.31242752075195)","(0.0008871841127984226, 193.2104949951172, 0.00019886779773514718)","(-1.7319462299346924, -0.003921608906239271, -33.00893783569336)","(0.000909198191948235, 180.6801300048828, 1.650079752835154e-06)",0.0,-0.001373,"(-0.000012, 0.000004, -0.001047)",LeftFalse_RightFalse,False,"(37.39499282836914, -0.003921627998352051, 0.7092443108558655)","(0.0006989199318923056, 98.73249053955078, -3.5216078231314896e-07)",-0.365488,1.0,"(0.000000, -0.000001, 0.000000)",LeftFalse_RightFalse
79.763672,0.061024,"(-1.3444960117340088, 0.7964376211166382, -33.92811584472656)","(351.5700378417969, 271.35693359375, 0.6904610395431519)","(0.5394761562347412, 0.6852468252182007, -33.31251525878906)","(0.0007002452621236444, 193.21185302734375, 0.0001566409191582352)","(-1.7319469451904297, -0.003921538591384888, -33.008975982666016)","(0.0007175506907515228, 180.6814727783203, 9.866778327705106e-07)",0.0,-0.001373,"(-0.000021, 0.000000, -0.001796)",LeftFalse_RightFalse,False,"(37.39499282836914, -0.003921627998352051, 0.7092443108558655)","(0.0006989231333136559, 98.73249053955078, -3.87178857863546e-07)",-0.365488,1.0,"(0.000000, -0.000001, 0.000000)",LeftFalse_RightFalse
79.825439,0.061173,"(-1.3444985151290894, 0.7964386940002441, -33.92815017700195)","(351.57318115234375, 271.35589599609375, 0.6925430297851562)","(0.5394750833511353, 0.6852471828460693, -33.31255340576172)","(0.0006275199702940881, 193.21197509765625, 0.00013976065383758396)","(-1.7319473028182983, -0.003921656869351864, -33.009010314941406)","(0.0006428952910937369, 180.68161010742188, 2.867535044970282e-07)",0.0,-0.001373,"(0.000004, -0.000001, 0.000369)",LeftFalse_RightFalse,False,"(37.39499282836914, -0.003921627998352051, 0.7092443108558655)","(0.0006989226676523685, 98.73249053955078, -4.473661476822599e-07)",-0.365488,1.0,"(0.000000, -0.000001, 0.000000)",LeftFalse_RightFalse
79.886841,0.061218,"(-1.344518780708313, 0.7964366674423218, -33.92815017700195)","(351.5754089355469, 271.3492431640625, 0.6925606727600098)","(0.53946852684021, 0.6852465867996216, -33.31259536743164)","(0.0007514691678807139, 193.2132568359375, 0.00016806750500109047)","(-1.7319471836090088, -0.003921598196029663, -33.00899887084961)","(0.0007700335700064898, 180.68287658691406, 1.0277174169459613e-06)",0.0,-0.001373,"(0.000021, 0.000000, 0.001883)",LeftFalse_RightFalse,False,"(37.39499282836914, -0.003921627998352051, 0.7092443108558655)","(0.0006989220273680985, 98.73249053955078, -5.225611516834761e-07)",-0.365488,1.0,"(0.000000, -0.000001, 0.000000)",LeftFalse_RightFalse
79.947876,0.061161,"(-1.3445227146148682, 0.7964351177215576, -33.92811965942383)","(351.57623291015625, 271.3529968261719, 0.6926230192184448)","(0.5394676923751831, 0.6852461099624634, -33.31257629394531)","(0.0008513040957041085, 193.21353149414062, 0.00018945503688883036)","(-1.731946587562561, -0.003921538591384888, -33.008968353271484)","(0.0008721307385712862, 180.68316650390625, 2.4594021397206234e-07)",0.0,-0.001373,"(0.000006, 0.000001, 0.000631)",LeftFalse_RightFalse,False,"(37.39499282836914, -0.003921627998352051, 0.7092443108558655)","(0.0006989251705817878, 98.73249053955078, -5.750101195189927e-07)",-0.365488,1.0,"(0.000000, -0.000001, 0.000000)",LeftFalse_RightFalse
80.007324,0.060823,"(-1.34453547000885, 0.7964349389076233, -33.928104400634766)","(351.58349609375, 271.345947265625, 0.6926195621490479)","(0.5394634008407593, 0.6852460503578186, -33.312583923339844)","(0.0008648539078421891, 193.21432495117188, 0.00019343987514730543)","(-1.731946587562561, -0.00392149155959487, -33.00894546508789)","(0.0008862223476171494, 180.6839599609375, 1.196113203150162e-06)",0.0,-0.001373,"(0.000007, -0.000001, 0.000568)",LeftFalse_RightFalse,False,"(37.39499282836914, -0.003921627998352051, 0.7092443108558655)","(0.000698927731718868, 98.73249053955078, -5.975738304186962e-07)",-0.365488,1.0,"(0.000000, -0.000001, 0.000000)",LeftFalse_RightFalse
80.068604,0.060908,"(-1.3445314168930054, 0.7964386343955994, -33.928138732910156)","(351.58648681640625, 271.3423767089844, 0.6923785209655762)","(0.5394644737243652, 0.6852472424507141, -33.31261444091797)","(0.0006372182979248464, 193.21405029296875, 0.00014093240315560251)","(-1.7319469451904297, -0.003921528812497854, -33.00898742675781)","(0.0006526168435811996, 180.6836700439453, -6.735007218594546e-07)",0.0,-0.001373,"(0.000022, -0.000004, 0.001992)",LeftFalse_RightFalse,False,"(37.39499282836914, -0.003921627998352051, 0.7092443108558655)","(0.0006989270332269371, 98.73249053955078, -5.876468094356824e-07)",-0.365488,1.0,"(0.000000, -0.000001, 0.000000)",LeftFalse_RightFalse
80.130005,0.061008,"(-1.344543695449829, 0.7964369654655457, -33.928123474121094)","(351.58770751953125, 271.34185791015625, 0.6924718022346497)","(0.539460301399231, 0.6852466464042664, -33.3126220703125)","(0.0007308832718990743, 193.21482849121094, 0.0001628947356948629)","(-1.7319468259811401, -0.003921604715287685, -33.00896453857422)","(0.0007488155970349908, 180.6844482421875, 4.4444024638323754e-07)",0.0,-0.001373,"(-0.000006, -0.000002, -0.000364)",LeftFalse_RightFalse,False,"(37.39499282836914, -0.003921627998352051, 0.7092443108558655)","(0.0006989252869971097, 98.73249053955078, -5.497887514138711e-07)",-0.365488,1.0,"(0.000000, -0.000001, 0.000000)",LeftFalse_RightFalse
80.190918,0.061008,"(-1.3445439338684082, 0.796438455581665, -33.928138732910156)","(351.5870666503906, 271.34832763671875, 0.6923792362213135)","(0.5394601821899414, 0.6852471828460693, -33.31263732910156)","(0.000643323000986129, 193.21482849121094, 0.00014197906421031803)","(-1.7319469451904297, -0.003921640571206808, -33.00897979736328)","(0.000658803095575422, 180.68446350097656, -9.762305808180827e-07)",0.0,-0.001373,"(-0.000017, 0.000001, -0.001649)",LeftFalse_RightFalse,False,"(37.39499282836914, -0.003921627998352051, 0.7092443704605103)","(0.0006989222601987422, 98.73249053955078, -4.945779892295832e-07)",-0.365488,1.0,"(0.000000, -0.000001, 0.000000)",LeftFalse_RightFalse
80.255005,0.061611,"(-1.3445310592651367, 0.7964428067207336, -33.92821502685547)","(351.5868225097656, 271.35015869140625, 0.692097008228302)","(0.539463996887207, 0.6852484345436096, -33.312686920166016)","(0.0003721093526110053, 193.21397399902344, 8.086867455858737e-05)","(-1.731947898864746, -0.0039217169396579266, -33.00906753540039)","(0.0003807911998592317, 180.68359375, -1.7893090671350365e-06)",0.0,-0.001373,"(-0.000010, -0.000003, -0.001069)",LeftFalse_RightFalse,False,"(37.39499282836914, -0.003921627998352051, 0.7092443108558655)","(0.0006989180692471564, 98.73249053955078, -4.3848135078405903e-07)",-0.365488,1.0,"(0.000000, -0.000001, 0.000000)",LeftFalse_RightFalse
80.316772,0.06165,"(-1.3445255756378174, 0.7964403629302979, -33.92823028564453)","(351.5854187011719, 271.3506774902344, 0.6922436356544495)","(0.5394659042358398, 0.6852476000785828, -33.31269073486328)","(0.0005113292718306184, 193.213623046875, 0.0001118879226851277)","(-1.731947898864746, -0.003921864088624716, -33.00908279418945)","(0.0005234248819760978, 180.68325805664062, -1.7136522956207045e-06)",0.0,-0.001373,"(-0.000004, 0.000000, -0.000320)",LeftFalse_RightFalse,False,"(37.39499282836914, -0.003921627998352051, 0.7092443704605103)","(0.0006989135290496051, 98.73249053955078, -4.0132675849235966e-07)",-0.365488,1.0,"(0.000000, -0.000001, 0.000000)",LeftFalse_RightFalse
80.37793,0.061546,"(-1.3445230722427368, 0.7964349389076233, -33.92818832397461)","(351.57781982421875, 271.3508605957031, 0.6925937533378601)","(0.5394670963287354, 0.6852458715438843, -33.312644958496094)","(0.0008507551974616945, 193.2135009765625, 0.0001900315983220935)","(-1.731947422027588, -0.003921773284673691, -33.009037017822266)","(0.0008717199671082199, 180.68313598632812, 9.278469974560721e-07)",0.0,-0.001373,"(0.000019, 0.000003, 0.001850)",LeftFalse_RightFalse,False,"(37.39499282836914, -0.003921627998352051, 0.7092443108558655)","(0.0006989104440435767, 98.73249053955078, -3.796228611463448e-07)",-0.365488,1.0,"(0.000000, -0.000001, 0.000000)",LeftFalse_RightFalse
80.442261,0.062111,"(-1.3445417881011963, 0.7964358329772949, -33.92817687988281)","(351.5747375488281, 271.3522033691406, 0.692548930644989)","(0.5394606590270996, 0.6852463483810425, -33.31267166137695)","(0.0008076335652731359, 193.2146759033203, 0.00018033476953860372)","(-1.7319471836090088, -0.003921538591384888, -33.00901794433594)","(0.000827521551400423, 180.68429565429688, 8.175550192390801e-07)",0.0,-0.001373,"(-0.000007, 0.000002, -0.000554)",LeftFalse_RightFalse,False,"(37.39499282836914, -0.003921627998352051, 0.7092443704605103)","(0.0006989145185798407, 98.73249053955078, -3.824368093319208e-07)",-0.365488,1.0,"(0.000000, -0.000001, 0.000000)",LeftFalse_RightFalse
80.503052,0.061829,"(-1.3445472717285156, 0.7964391112327576, -33.92821502685547)","(351.5736999511719, 271.35260009765625, 0.6923448443412781)","(0.5394587516784668, 0.6852474212646484, -33.312721252441406)","(0.000610933406278491, 193.21498107910156, 0.00013633196067530662)","(-1.731947660446167, -0.003921442665159702, -33.009056091308594)","(0.0006259598885662854, 180.68463134765625, 5.38335314104188e-07)",0.0,-0.001373,"(-0.000003, -0.000001, -0.000109)",LeftFalse_RightFalse,False,"(37.39499282836914, -0.003921627998352051, 0.7092442512512207)","(0.0006989195244386792, 98.73249053955078, -4.1461487398919417e-07)",-0.365488,1.0,"(0.000000, -0.000001, 0.000000)",LeftFalse_RightFalse
80.565796,0.062032,"(-1.3445286750793457, 0.796438992023468, -33.92822265625)","(351.57330322265625, 271.3514404296875, 0.6923456192016602)","(0.5394649505615234, 0.6852473020553589, -33.312686920166016)","(0.0006110782851465046, 193.2138214111328, 0.0001363616029266268)","(-1.731947898864746, -0.003921586088836193, -33.009071350097656)","(0.0006261077360250056, 180.68345642089844, 5.358309067560185e-07)",0.0,-0.001373,"(-0.000011, -0.000001, -0.000928)",LeftFalse_RightFalse,False,"(37.39499282836914, -0.003921627998352051, 0.7092443108558655)","(0.0006989216199144721, 98.73249053955078, -4.719621529147844e-07)",-0.365488,1.0,"(0.000000, -0.000001, 0.000000)",LeftFalse_RightFalse
80.629517,0.062365,"(-1.344520092010498, 0.7964401841163635, -33.928260803222656)","(351.5731201171875, 271.35089111328125, 0.6922634840011597)","(0.5394673347473145, 0.6852476596832275, -33.312705993652344)","(0.000532741891220212, 193.2132568359375, 0.00011750283738365397)","(-1.7319483757019043, -0.0039216624572873116, -33.00911331176758)","(0.0005455457721836865, 180.68289184570312, -8.781161682236416e-07)",0.0,-0.001373,"(-0.000002, -0.000002, -0.000120)",LeftFalse_RightFalse,False,"(37.39499282836914, -0.003921627998352051, 0.7092443108558655)","(0.0006989226094447076, 98.73249053955078, -5.379857839216129e-07)",-0.365488,1.0,"(0.000000, -0.000001, 0.000000)",LeftFalse_RightFalse
80.691406,0.062275,"(-1.3445229530334473, 0.7964385151863098, -33.92826461791992)","(351.5730895996094, 271.3510437011719, 0.6923670768737793)","(0.539466142654419, 0.6852470636367798, -33.31271743774414)","(0.0006325349677354097, 193.2134246826172, 0.00013987284910399467)","(-1.7319486141204834, -0.0039217472076416016, -33.009117126464844)","(0.0006478151772171259, 180.6830596923828, -6.917482551216381e-07)",0.0,-0.001373,"(-0.000001, 0.000000, -0.000038)",LeftFalse_RightFalse,False,"(37.39499282836914, -0.003921627998352051, 0.7092443108558655)","(0.0006989272078499198, 98.73249053955078, -5.731080818804912e-07)",-0.365488,1.0,"(0.000000, -0.000001, 0.000000)",LeftFalse_RightFalse
80.756714,0.062868,"(-1.3444993495941162, 0.7964379191398621, -33.928260803222656)","(351.57305908203125, 271.3495788574219, 0.692406415939331)","(0.5394741296768188, 0.685247004032135, -33.31266403198242)","(0.0006714060436934233, 193.21197509765625, 0.00014675241254735738)","(-1.7319482564926147, -0.003921682946383953, -33.00912094116211)","(0.0006872530211694539, 180.6815948486328, -2.4093994852592004e-06)",0.0,-0.001373,"(-0.000002, 0.000001, -0.000264)",LeftFalse_RightFalse,False,"(37.39499282836914, -0.003921627998352051, 0.7092443108558655)","(0.0006989290122874081, 98.73249053955078, -5.821752324663976e-07)",-0.365488,1.0,"(0.000000, -0.000001, 0.000000)",LeftFalse_RightFalse
80.816772,0.062309,"(-1.3445003032684326, 0.7964388132095337, -33.92829513549805)","(351.57305908203125, 271.3496398925781, 0.6923490166664124)","(0.5394735336303711, 0.6852472424507141, -33.31270217895508)","(0.0006146840751171112, 193.21200561523438, 0.0001342211035080254)","(-1.7319486141204834, -0.00392171973362565, -33.0091552734375)","(0.0006291632889769971, 180.68162536621094, -2.3359839360637125e-06)",0.0,-0.001373,"(0.000000, 0.000000, -0.000114)",LeftFalse_RightFalse,False,"(37.39499282836914, -0.003921630326658487, 0.7092443704605103)","(0.0006989254034124315, 98.73249053955078, -5.685744781658286e-07)",-0.365488,1.0,"(0.000000, -0.000001, 0.000000)",LeftFalse_RightFalse
80.874756,0.061446,"(-1.344475269317627, 0.7964366674423218, -33.92827606201172)","(351.57305908203125, 271.3480529785156, 0.6924842000007629)","(0.5394816398620605, 0.6852466464042664, -33.31262969970703)","(0.000746305042412132, 193.21044921875, 0.00016348625649698079)","(-1.7319483757019043, -0.003921658266335726, -33.0091438293457)","(0.0007639983668923378, 180.68006896972656, -2.323983835594845e-06)",0.0,-0.001373,"(0.000002, 0.000001, -0.000010)",LeftFalse_RightFalse,False,"(37.39499282836914, -0.0039216578006744385, 0.7092443108558655)","(0.00069834990426898, 98.73249053955078, -9.606517323845765e-07)",-0.365487,1.0,"(0.000000, 0.000000, 0.000000)",LeftFalse_RightFalse
80.937256,0.061646,"(-1.3444807529449463, 0.7964394688606262, -33.928321838378906)","(351.57305908203125, 271.348388671875, 0.6923124194145203)","(0.5394794940948486, 0.6852474808692932, -33.312686920166016)","(0.0005805983673781157, 193.21075439453125, 0.00012683171371463686)","(-1.7319490909576416, -0.003921655006706715, -33.009193420410156)","(0.0005942861898802221, 180.6803741455078, -2.1542355170822702e-06)",0.0,-0.001373,"(-0.000005, -0.000002, -0.000428)",LeftFalse_RightFalse,False,"(37.39499282836914, -0.0039216578006744385, 0.7092443108558655)","(0.0006980394828133285, 98.73249053955078, -1.6851399777806364e-06)",-0.365488,1.0,"(0.000000, 0.000000, 0.000000)",LeftFalse_RightFalse
80.998291,0.061531,"(-1.3444825410842896, 0.7964360117912292, -33.92829513549805)","(351.57305908203125, 271.3484802246094, 0.6925299167633057)","(0.5394792556762695, 0.6852462887763977, -33.31266784667969)","(0.0007887190440669656, 193.2108917236328, 0.00017624713655095547)","(-1.7319488525390625, -0.0039216987788677216, -33.00916290283203)","(0.0008081708219833672, 180.68051147460938, 9.308881203651254e-07)",0.0,-0.001373,"(-0.000002, 0.000002, -0.000295)",LeftFalse_RightFalse,False,"(37.39499282836914, -0.0039216578006744385, 0.7092443704605103)","(0.000698213349096477, 98.73249053955078, -1.2816506114177173e-06)",-0.365488,1.0,"(0.000000, 0.000000, 0.000000)",LeftFalse_RightFalse
81.061157,0.061797,"(-1.3444645404815674, 0.7964364290237427, -33.928287506103516)","(351.57305908203125, 271.3473815917969, 0.692513108253479)","(0.5394856929779053, 0.6852466464042664, -33.3126220703125)","(0.0007738356362096965, 193.2097625732422, 0.00017081861733458936)","(-1.7319486141204834, -0.00392152089625597, -33.00916290283203)","(0.0007924642413854599, 180.67941284179688, -1.1392479564165114e-06)",0.0,-0.001373,"(0.000005, 0.000001, 0.000188)",LeftFalse_RightFalse,False,"(37.39499282836914, -0.0039216578006744385, 0.7092443108558655)","(0.0006981188198551536, 98.73249053955078, -1.5072616861289134e-06)",-0.365487,1.0,"(0.000000, 0.000000, 0.000000)",LeftFalse_RightFalse
81.119873,0.061197,"(-1.3444756269454956, 0.796434760093689, -33.928260803222656)","(351.57305908203125, 271.34808349609375, 0.6926197409629822)","(0.5394817590713501, 0.6852459907531738, -33.312618255615234)","(0.0008763701771385968, 193.2104949951172, 0.0001952734892256558)","(-1.7319482564926147, -0.003921538591384888, -33.00912857055664)","(0.0008978621335700154, 180.68011474609375, 4.875569743489905e-07)",0.0,-0.001373,"(-0.000009, 0.000002, -0.000750)",LeftFalse_RightFalse,False,"(37.39499282836914, -0.0039216578006744385, 0.7092443108558655)","(0.0006981506594456732, 98.73249053955078, -1.4456674080065568e-06)",-0.365487,1.0,"(0.000000, 0.000000, 0.000000)",LeftFalse_RightFalse
81.189209,0.062801,"(-1.3444814682006836, 0.7964382171630859, -33.92829513549805)","(351.57305908203125, 271.34844970703125, 0.6923936009407043)","(0.5394797325134277, 0.6852470636367798, -33.31266403198242)","(0.0006583412759937346, 193.21083068847656, 0.00014617819397244602)","(-1.7319486141204834, -0.0039215595461428165, -33.00916290283203)","(0.0006743748090229928, 180.68045043945312, -1.354490706262368e-07)",0.0,-0.001373,"(0.000011, -0.000003, 0.001011)",LeftFalse_RightFalse,False,"(37.39499282836914, -0.0039216578006744385, 0.7092443108558655)","(0.0006980927428230643, 98.73249053955078, -1.5863649878156139e-06)",-0.365488,1.0,"(0.000000, 0.000001, 0.000000)",LeftFalse_RightFalse
81.255371,0.063494,"(-1.3445082902908325, 0.7964370846748352, -33.92828369140625)","(351.57305908203125, 271.3501281738281, 0.6924712061882019)","(0.539470911026001, 0.6852467060089111, -33.312705993652344)","(0.000732563843484968, 193.21250915527344, 0.0001642483111936599)","(-1.7319483757019043, -0.003921509254723787, -33.00914001464844)","(0.0007507499540224671, 180.68214416503906, 1.4011314988238155e-06)",0.0,-0.001373,"(-0.000005, -0.000001, -0.000346)",LeftFalse_RightFalse,False,"(37.39499282836914, -0.003921657335013151, 0.7092443108558655)","(0.0006981607875786722, 98.73249053955078, -1.4306857565316022e-06)",-0.365488,1.0,"(0.000000, 0.000001, 0.000000)",LeftFalse_RightFalse
81.317017,0.06312,"(-1.3444947004318237, 0.7964373826980591, -33.928287506103516)","(351.58221435546875, 271.3492736816406, 0.6924444437026978)","(0.5394753217697144, 0.6852467060089111, -33.312679290771484)","(0.0007057897746562958, 193.211669921875, 0.00015873964002821594)","(-1.7319484949111938, -0.0039216578006744385, -33.00914764404297)","(0.0007234184304252267, 180.68128967285156, 1.832504949561553e-06)",0.0,-0.001373,"(0.000012, 0.000000, 0.001018)",LeftFalse_RightFalse,False,"(37.39499282836914, -0.003921627998352051, 0.7092442512512207)","(0.0006988972309045494, 98.73249053955078, -6.578653142241819e-07)",-0.365488,1.0,"(0.000000, 0.000001, 0.000000)",LeftFalse_RightFalse
81.378296,0.062738,"(-1.3444743156433105, 0.7964338064193726, -33.928218841552734)","(351.57330322265625, 271.3480224609375, 0.6926723122596741)","(0.539482593536377, 0.6852456331253052, -33.31257247924805)","(0.0009269751608371735, 193.21043395996094, 0.00020693746046163142)","(-1.731947660446167, -0.003921653609722853, -33.00908660888672)","(0.0009497921564616263, 180.6800537109375, 8.945905847212998e-07)",0.0,-0.001373,"(0.000013, 0.000002, 0.001185)",LeftFalse_RightFalse,False,"(37.39499282836914, -0.003921627998352051, 0.7092443704605103)","(0.0006989291869103909, 98.73249053955078, -7.264944770213333e-07)",-0.365487,1.0,"(0.000000, 0.000000, 0.000000)",LeftFalse_RightFalse
81.443237,0.063178,"(-1.3444881439208984, 0.7964344620704651, -33.928192138671875)","(351.5704040527344, 271.3489074707031, 0.6926360726356506)","(0.5394781827926636, 0.6852459907531738, -33.31257247924805)","(0.00089130928972736, 193.21133422851562, 0.00019833334954455495)","(-1.7319473028182983, -0.003921497147530317, -33.00905227661133)","(0.0009131089318543673, 180.6809539794922, 2.3341098653872905e-07)",0.0,-0.001373,"(-0.000011, 0.000001, -0.001054)",LeftFalse_RightFalse,False,"(37.394996643066406, -0.003921627998352051, 0.7092443704605103)","(0.0006988586974330246, 98.73249053955078, -9.63569846135215e-07)",-0.365488,1.0,"(0.000000, 0.000000, 0.000000)",LeftFalse_RightFalse
81.504883,0.062891,"(-1.3444902896881104, 0.7964346408843994, -33.928157806396484)","(351.57647705078125, 271.34906005859375, 0.6926217675209045)","(0.5394779443740845, 0.6852459907531738, -33.31254577636719)","(0.0008784545352682471, 193.21148681640625, 0.00019556678307708353)","(-1.7319468259811401, -0.003921580500900745, -33.00901794433594)","(0.0008999604033306241, 180.6811065673828, 3.2164783192456525e-07)",0.0,-0.001373,"(0.000012, -0.000001, 0.001040)",LeftFalse_RightFalse,False,"(37.39499282836914, -0.003921627998352051, 0.7092443108558655)","(0.0006988447858020663, 98.73249053955078, -9.623713594919536e-07)",-0.365488,1.0,"(0.000000, 0.000000, 0.000000)",LeftFalse_RightFalse
81.57019,0.063361,"(-1.3444864749908447, 0.7964358925819397, -33.92811584472656)","(351.5789794921875, 271.348876953125, 0.6925404667854309)","(0.5394796133041382, 0.6852463483810425, -33.3125)","(0.0008000068482942879, 193.21127319335938, 0.0001779828016879037)","(-1.731946587562561, -0.003921620547771454, -33.00897979736328)","(0.0008195663103833795, 180.68089294433594, 1.7625909265461814e-07)",0.0,-0.001373,"(-0.000008, 0.000000, -0.000713)",LeftFalse_RightFalse,False,"(37.39499282836914, -0.003921627998352051, 0.7092442512512207)","(0.0006989134126342833, 98.73249053955078, -7.247227244988608e-07)",-0.365487,1.0,"(0.000000, 0.000000, 0.000000)",LeftFalse_RightFalse
81.638916,0.064447,"(-1.344489574432373, 0.7964380383491516, -33.92811584472656)","(351.57989501953125, 271.34906005859375, 0.6924076676368713)","(0.5394781827926636, 0.685247004032135, -33.312503814697266)","(0.0006721621030010283, 193.2114715576172, 0.00014974981604609638)","(-1.731946587562561, -0.003921568393707275, -33.00897979736328)","(0.0006886412156745791, 180.68109130859375, 3.5259313335700426e-07)",0.0,-0.001373,"(-0.000001, -0.000002, -0.000076)",LeftFalse_RightFalse,False,"(37.39499282836914, -0.003921627998352051, 0.7092443108558655)","(0.000698850373737514, 98.73249053955078, -7.105747954483377e-07)",-0.365488,1.0,"(0.000000, 0.000000, 0.000000)",LeftFalse_RightFalse
81.702637,0.064284,"(-1.344515085220337, 0.7964396476745605, -33.928131103515625)","(351.58013916015625, 271.3506774902344, 0.6923044323921204)","(0.5394700765609741, 0.685247540473938, -33.31257247924805)","(0.0005698086461052299, 193.2130584716797, 0.00012557451555039734)","(-1.731946587562561, -0.0039216564036905766, -33.00898742675781)","(0.0005834808107465506, 180.68267822265625, -1.04060814010154e-06)",0.0,-0.001373,"(-0.000015, -0.000002, -0.001501)",LeftFalse_RightFalse,False,"(37.39499282836914, -0.003921627998352051, 0.7092442512512207)","(0.0006988688255660236, 98.73249053955078, -4.982517793905572e-07)",-0.365488,1.0,"(0.000000, 0.000000, 0.000000)",LeftFalse_RightFalse
81.760864,0.063089,"(-1.3445125818252563, 0.7964392900466919, -33.928131103515625)","(351.5802001953125, 271.35052490234375, 0.6923086047172546)","(0.5394706726074219, 0.6852471828460693, -33.31256866455078)","(0.000575362064410001, 193.21290588378906, 0.00012807382154278457)","(-1.7319467067718506, -0.003921836614608765, -33.00898742675781)","(0.0005894441856071353, 180.68252563476562, 1.9434865805578738e-07)",0.0,-0.001373,"(-0.000002, -0.000001, -0.000317)",LeftFalse_RightFalse,False,"(37.39499282836914, -0.003921627998352051, 0.7092442512512207)","(0.0006988061359152198, 98.73249053955078, -4.936660502607992e-07)",-0.365488,1.0,"(0.000000, 0.000000, 0.000000)",LeftFalse_RightFalse
81.820923,0.062474,"(-1.3445156812667847, 0.7964406609535217, -33.92816925048828)","(351.5792236328125, 271.3507080078125, 0.6922228336334229)","(0.5394697189331055, 0.6852476000785828, -33.3126106262207)","(0.0004926061374135315, 193.21307373046875, 0.00010937111073872074)","(-1.7319469451904297, -0.003921853378415108, -33.00902557373047)","(0.0005046016885899007, 180.6826934814453, -1.0842239817066002e-07)",0.0,-0.001373,"(-0.000006, -0.000001, -0.000301)",LeftFalse_RightFalse,False,"(37.39499282836914, -0.003921627998352051, 0.7092443108558655)","(0.0006987201632000506, 98.73249053955078, -6.154997436169651e-07)",-0.365488,1.0,"(0.000000, 0.000000, 0.000000)",LeftFalse_RightFalse
81.883423,0.062474,"(-1.3445191383361816, 0.7964422106742859, -33.92821502685547)","(351.5787658691406, 271.35089111328125, 0.692130446434021)","(0.5394676923751831, 0.6852482557296753, -33.31266403198242)","(0.0004036941973026842, 193.21324157714844, 8.880029054125771e-05)","(-1.7319475412368774, -0.003921729512512684, -33.009071350097656)","(0.0004133444745093584, 180.68287658691406, -8.991588060780487e-07)",0.0,-0.001373,"(-0.000015, -0.000002, -0.001385)",LeftFalse_RightFalse,False,"(37.39499282836914, -0.003921627998352051, 0.7092443108558655)","(0.0006988785462453961, 98.73249053955078, -5.198253916205431e-07)",-0.365487,1.0,"(0.000000, 0.000000, 0.000000)",LeftFalse_RightFalse
81.943237,0.061937,"(-1.3445086479187012, 0.7964375019073486, -33.928184509277344)","(351.57861328125, 271.3502197265625, 0.6924164891242981)","(0.5394721031188965, 0.6852465867996216, -33.3126106262207)","(0.0006796079687774181, 193.21263122558594, 0.00015038797573652118)","(-1.7319471836090088, -0.003921955823898315, -33.00904083251953)","(0.0006960482569411397, 180.6822509765625, -6.398958021236467e-07)",0.0,-0.001373,"(0.000006, 0.000001, 0.000592)",LeftFalse_RightFalse,False,"(37.39499282836914, -0.003921627998352051, 0.7092443108558655)","(0.0006989585817791522, 98.73249053955078, -7.848318546166411e-07)",-0.365488,1.0,"(0.000000, 0.000000, 0.000000)",LeftFalse_RightFalse
82.005737,0.062063,"(-1.3445394039154053, 0.7964374423027039, -33.928192138671875)","(351.57855224609375, 271.3587646484375, 0.6924393773078918)","(0.5394619703292847, 0.6852468252182007, -33.312679290771484)","(0.0007019506301730871, 193.2145538330078, 0.0001556693750899285)","(-1.7319470643997192, -0.003921655938029289, -33.009033203125)","(0.0007190046017058194, 180.68417358398438, -3.316834522593126e-07)",0.0,-0.001373,"(-0.000020, 0.000002, -0.001895)",LeftFalse_RightFalse,False,"(37.39499282836914, -0.003921627998352051, 0.7092443108558655)","(0.0006989625399000943, 98.73249053955078, -6.495798174910306e-07)",-0.365487,1.0,"(0.000000, 0.000000, 0.000000)",LeftFalse_RightFalse
82.072021,0.062902,"(-1.3445162773132324, 0.7964357733726501, -33.92816925048828)","(351.5785217285156, 271.35992431640625, 0.6925469040870667)","(0.5394697189331055, 0.6852463483810425, -33.3126106262207)","(0.0008053543861024082, 193.21311950683594, 0.00017806660616770387)","(-1.7319467067718506, -0.003921632654964924, -33.00901794433594)","(0.000824804708827287, 180.6827392578125, -9.021440519063617e-07)",0.0,-0.001373,"(0.000014, 0.000001, 0.001070)",LeftFalse_RightFalse,False,"(37.39499282836914, -0.003921627998352051, 0.7092443108558655)","(0.0006988361710682511, 98.73249053955078, -7.453583634742245e-07)",-0.365488,1.0,"(0.000000, 0.000000, 0.000000)",LeftFalse_RightFalse
82.135986,0.063123,"(-1.3445159196853638, 0.7964393496513367, -33.92818832397461)","(351.5708923339844, 271.3538513183594, 0.6923282742500305)","(0.5394694805145264, 0.685247540473938, -33.31262969970703)","(0.0005951503408141434, 193.2130584716797, 0.00013101498188916594)","(-1.7319471836090088, -0.003921510186046362, -33.00904083251953)","(0.0006093992269597948, 180.6826934814453, -1.227785674018378e-06)",0.0,-0.001373,"(-0.000015, -0.000002, -0.001319)",LeftFalse_RightFalse,False,"(37.39499282836914, -0.003921627998352051, 0.7092443108558655)","(0.0006989053217694163, 98.73249053955078, -3.6573550232787966e-07)",-0.365488,1.0,"(0.000000, 0.000000, 0.000000)",LeftFalse_RightFalse
82.200439,0.063392,"(-1.3445161581039429, 0.7964402437210083, -33.92822265625)","(351.5780944824219, 271.3516540527344, 0.6922653317451477)","(0.5394690036773682, 0.6852476596832275, -33.31266403198242)","(0.000533031765371561, 193.2130584716797, 0.0001176429504994303)","(-1.731947660446167, -0.0039216578006744385, -33.00907897949219)","(0.0005458591040223837, 180.68267822265625, -8.042248964557075e-07)",0.0,-0.001373,"(0.000012, -0.000002, 0.001234)",LeftFalse_RightFalse,False,"(37.39499282836914, -0.003921627998352051, 0.7092443108558655)","(0.0006988406530581415, 98.73249053955078, -3.760272591080138e-07)",-0.365487,1.0,"(0.000000, 0.000000, 0.000000)",LeftFalse_RightFalse
82.26123,0.062864,"(-1.3445158004760742, 0.7964385151863098, -33.92821502685547)","(351.5794372558594, 271.35089111328125, 0.6923704743385315)","(0.5394690036773682, 0.6852470636367798, -33.312652587890625)","(0.0006356427329592407, 193.21302795410156, 0.00014118061517365277)","(-1.731947660446167, -0.003921669442206621, -33.00906753540039)","(0.000651132664643228, 180.6826629638672, -8.93734721785222e-08)",0.0,-0.001373,"(0.000014, 0.000001, 0.001098)",LeftFalse_RightFalse,False,"(37.39499282836914, -0.003921627998352051, 0.7092443108558655)","(0.0006988865206949413, 98.73249053955078, -1.8910795063220576e-07)",-0.365488,1.0,"(0.000000, 0.000000, 0.000000)",LeftFalse_RightFalse
82.32019,0.062087,"(-1.3445042371749878, 0.7964380979537964, -33.92822265625)","(351.58001708984375, 271.349853515625, 0.6923922300338745)","(0.5394729375839233, 0.6852469444274902, -33.31263732910156)","(0.0006552580161951482, 193.21229553222656, 0.0001457021717214957)","(-1.7319477796554565, -0.003921739757061005, -33.00907897949219)","(0.0006712617469020188, 180.6819305419922, 6.879116654090467e-08)",0.0,-0.001373,"(-0.000002, 0.000001, -0.000240)",LeftFalse_RightFalse,False,"(37.39499282836914, -0.003921627998352051, 0.7092443704605103)","(0.0006986881489865482, 98.73249053955078, -6.069275855224987e-07)",-0.365487,1.0,"(0.000000, 0.000000, 0.000000)",LeftFalse_RightFalse
82.382568,0.062133,"(-1.3445134162902832, 0.7964404821395874, -33.92827606201172)","(351.5802001953125, 271.35009765625, 0.6922438144683838)","(0.5394692420959473, 0.6852476596832275, -33.31270980834961)","(0.0005136259132996202, 193.21282958984375, 0.00011383045057300478)","(-1.7319483757019043, -0.003921676892787218, -33.009132385253906)","(0.0005260882899165154, 180.68246459960938, -3.1567080327477015e-07)",0.0,-0.001373,"(0.000009, -0.000002, 0.000977)",LeftFalse_RightFalse,False,"(37.39499282836914, -0.003921627998352051, 0.7092443108558655)","(0.0006988298846408725, 98.73249053955078, -2.7495951826495e-07)",-0.365487,1.0,"(0.000000, 0.000000, 0.000000)",LeftFalse_RightFalse
82.445068,0.062205,"(-1.3444916009902954, 0.7964366674423218, -33.92824172973633)","(351.57904052734375, 271.3486022949219, 0.692477285861969)","(0.5394771099090576, 0.685246467590332, -33.3126335144043)","(0.0007394084241241217, 193.2115020751953, 0.00016370820230804384)","(-1.731947898864746, -0.003921808674931526, -33.00910568237305)","(0.0007573142647743225, 180.68113708496094, -6.110698791417235e-07)",0.0,-0.001373,"(0.000016, -0.000001, 0.001274)",LeftFalse_RightFalse,False,"(37.394996643066406, -0.003921627998352051, 0.7092443704605103)","(0.0006988636450842023, 98.73249053955078, -2.57945544035465e-07)",-0.365487,1.0,"(0.000000, 0.000000, 0.000000)",LeftFalse_RightFalse
82.507324,0.062216,"(-1.3444863557815552, 0.7964342832565308, -33.92819595336914)","(351.57855224609375, 271.3482360839844, 0.6926361918449402)","(0.5394790172576904, 0.6852458119392395, -33.31257629394531)","(0.0008919144747778773, 193.21119689941406, 0.00019866156799253076)","(-1.731947422027588, -0.003921687602996826, -33.00905990600586)","(0.0009137711604125798, 180.68084716796875, 4.2248427689628443e-07)",0.0,-0.001373,"(0.000001, 0.000003, 0.000102)",LeftFalse_RightFalse,False,"(37.39499282836914, -0.003921627998352051, 0.7092443108558655)","(0.0006989227840676904, 98.73249053955078, -2.068514675102051e-07)",-0.365488,1.0,"(0.000000, 0.000000, 0.000000)",LeftFalse_RightFalse
82.566162,0.061541,"(-1.3444571495056152, 0.7964351773262024, -33.92818069458008)","(351.5828857421875, 271.34637451171875, 0.6925908327102661)","(0.5394887924194336, 0.6852462291717529, -33.3125)","(0.0008471541223116219, 193.20938110351562, 0.00018730883311945945)","(-1.731947422027588, -0.003921571187674999, -33.009056091308594)","(0.000867613940499723, 180.67901611328125, -9.487928309681593e-07)",0.0,-0.001373,"(0.000007, 0.000000, 0.000599)",LeftFalse_RightFalse,False,"(37.39499282836914, -0.003921627998352051, 0.7092443108558655)","(0.0006989478715695441, 98.73249053955078, -2.7415180170464737e-07)",-0.365487,1.0,"(0.000000, 0.000000, 0.000000)",LeftFalse_RightFalse
82.626099,0.061223,"(-1.344417929649353, 0.7964358329772949, -33.92815017700195)","(351.5783996582031, 271.343994140625, 0.6925513744354248)","(0.5395022630691528, 0.6852465271949768, -33.3123893737793)","(0.0008109882473945618, 193.20697021484375, 0.00017789781850297004)","(-1.7319470643997192, -0.003921495284885168, -33.00904083251953)","(0.0008302677888423204, 180.6765899658203, -2.2891649678058457e-06)",0.0,-0.001373,"(0.000002, -0.000001, -0.000102)",LeftFalse_RightFalse,False,"(37.39499282836914, -0.003921627998352051, 0.7092443108558655)","(0.0006989704561419785, 98.73249053955078, -3.8381773492801585e-07)",-0.365487,1.0,"(0.000000, 0.000000, 0.000000)",LeftFalse_RightFalse
82.689819,0.061728,"(-1.344436526298523, 0.7964394092559814, -33.928184509277344)","(351.5765075683594, 271.34515380859375, 0.6923286318778992)","(0.5394957065582275, 0.6852476596832275, -33.312461853027344)","(0.0005968512268736959, 193.20811462402344, 0.00013069355918560177)","(-1.7319471836090088, -0.003921407740563154, -33.009071350097656)","(0.0006109897512942553, 180.67774963378906, -1.9105305000266526e-06)",0.0,-0.001373,"(-0.000009, -0.000002, -0.000965)",LeftFalse_RightFalse,False,"(37.39499282836914, -0.003921627998352051, 0.7092443108558655)","(0.0006990023539401591, 98.73249053955078, -4.739423502542195e-07)",-0.365487,1.0,"(0.000000, 0.000000, 0.000000)",LeftFalse_RightFalse
82.750244,0.061466,"(-1.344438076019287, 0.7964395880699158, -33.928199768066406)","(351.57586669921875, 271.3452453613281, 0.6923004984855652)","(0.5394951105117798, 0.6852474808692932, -33.31248092651367)","(0.0005678222514688969, 193.2082061767578, 0.00012458722630981356)","(-1.7319473028182983, -0.0039216880686581135, -33.00908660888672)","(0.0005813275347463787, 180.67784118652344, -1.5733967302367091e-06)",0.0,-0.001373,"(-0.000004, 0.000000, -0.000425)",LeftFalse_RightFalse,False,"(37.39499282836914, -0.003921627998352051, 0.7092443108558655)","(0.0006990042165853083, 98.73249053955078, -5.880376647837693e-07)",-0.365488,1.0,"(0.000000, 0.000000, 0.000000)",LeftFalse_RightFalse
82.815552,0.062226,"(-1.344446063041687, 0.79643714427948, -33.928184509277344)","(351.5755920410156, 271.3457336425781, 0.6924589276313782)","(0.5394923686981201, 0.6852467060089111, -33.31248474121094)","(0.0007207306916825473, 193.20872497558594, 0.00015997333684936166)","(-1.7319471836090088, -0.0039216578006744385, -33.00906753540039)","(0.0007382709882222116, 180.6783447265625, -2.0469052230964735e-07)",0.0,-0.001373,"(-0.000002, 0.000001, -0.000382)",LeftFalse_RightFalse,False,"(37.39499282836914, -0.003921627998352051, 0.7092443108558655)","(0.0006988323875702918, 98.73249053955078, -1.0766229934233706e-06)",-0.365487,1.0,"(0.000000, 0.000000, 0.000000)",LeftFalse_RightFalse
82.876465,0.061965,"(-1.3444533348083496, 0.7964373826980591, -33.92818832397461)","(351.5754699707031, 271.3461608886719, 0.6924396753311157)","(0.5394902229309082, 0.6852467656135559, -33.3125)","(0.0007025861996226013, 193.20916748046875, 0.00015557317237835377)","(-1.7319471836090088, -0.003921659663319588, -33.00906753540039)","(0.000719604198820889, 180.6787872314453, -5.634864237435977e-07)",0.0,-0.001373,"(-0.000004, 0.000000, -0.000373)",LeftFalse_RightFalse,False,"(37.39499282836914, -0.003921627998352051, 0.7092443108558655)","(0.000699136289767921, 98.73249053955078, -3.1753356211083883e-07)",-0.365487,1.0,"(0.000000, 0.000000, 0.000000)",LeftFalse_RightFalse
82.937256,0.061741,"(-1.344484567642212, 0.7964386343955994, -33.928218841552734)","(351.575439453125, 271.34814453125, 0.6862080693244934)","(0.5394797325134277, 0.6852470636367798, -33.31259536743164)","(0.0006232201121747494, 193.2111053466797, 0.00013872857380192727)","(-1.731947422027588, -0.003921744413673878, -33.00908660888672)","(0.0006384738953784108, 180.68072509765625, 2.12195999438336e-07)",0.0,-0.001373,"(-0.000013, 0.000001, -0.001139)",LeftFalse_RightFalse,False,"(37.394989013671875, -0.003921627998352051, 0.7092442512512207)","(0.000699057593010366, 98.73249053955078, -4.1774148940021405e-07)",-0.365487,1.0,"(0.000000, 0.000000, 0.000000)",LeftFalse_RightFalse
82.998535,0.061637,"(-1.3444626331329346, 0.796438455581665, -33.92822265625)","(351.575439453125, 271.3467712402344, 0.6901354789733887)","(0.5394871234893799, 0.6852470636367798, -33.31255340576172)","(0.0006376569508574903, 193.20974731445312, 0.0001418857864337042)","(-1.731947422027588, -0.003921692259609699, -33.009098052978516)","(0.0006532518309541047, 180.6793670654297, 1.619959562049189e-07)",0.0,-0.001373,"(0.000009, 0.000001, 0.000664)",LeftFalse_RightFalse,False,"(37.39499282836914, -0.003921627998352051, 0.7092443108558655)","(0.0006987835513427854, 98.73249053955078, -9.65680328590679e-07)",-0.365488,1.0,"(0.000000, 0.000000, 0.000000)",LeftFalse_RightFalse
83.059937,0.061592,"(-1.3444371223449707, 0.7964394688606262, -33.928245544433594)","(351.5750427246094, 271.34515380859375, 0.6915944814682007)","(0.5394952297210693, 0.6852474212646484, -33.312522888183594)","(0.0005778925842605531, 193.20811462402344, 0.00012699287617579103)","(-1.731947660446167, -0.003921694587916136, -33.009132385253906)","(0.0005916797672398388, 180.67774963378906, -1.409851847711252e-06)",0.0,-0.001373,"(0.000003, -0.000002, 0.000139)",LeftFalse_RightFalse,False,"(37.39499282836914, -0.003921627998352051, 0.7092443704605103)","(0.0006989945541135967, 98.73249053955078, -3.044799541385146e-07)",-0.365487,1.0,"(0.000000, 0.000000, 0.000000)",LeftFalse_RightFalse
83.12207,0.061717,"(-1.3444362878799438, 0.7964380979537964, -33.92823791503906)","(351.582275390625, 271.3451232910156, 0.6922738552093506)","(0.5394957065582275, 0.6852469444274902, -33.31251525878906)","(0.0006581271882168949, 193.2080841064453, 0.00014633050886914134)","(-1.731947422027588, -0.003921687602996826, -33.009124755859375)","(0.0006741989054717124, 180.67771911621094, 5.969712901787716e-08)",0.0,-0.001373,"(-0.000009, 0.000002, -0.000726)",LeftFalse_RightFalse,False,"(37.39499282836914, -0.003921627998352051, 0.7092443704605103)","(0.0006989151006564498, 98.73249053955078, -3.994247492755676e-07)",-0.365488,1.0,"(0.000000, 0.000000, 0.000000)",LeftFalse_RightFalse
83.184204,0.061802,"(-1.3444480895996094, 0.7964392900466919, -33.92827224731445)","(351.58502197265625, 271.3458251953125, 0.6924234628677368)","(0.5394917726516724, 0.6852472424507141, -33.31257247924805)","(0.0005855722120031714, 193.20880126953125, 0.00013106640835758299)","(-1.7319477796554565, -0.00392171461135149, -33.0091552734375)","(0.000600060389842838, 180.67843627929688, 9.004836556414375e-07)",0.0,-0.001373,"(0.000006, -0.000001, 0.000607)",LeftFalse_RightFalse,False,"(37.394989013671875, -0.003921627998352051, 0.7092442512512207)","(0.000698948570061475, 98.73249053955078, -2.4723689762140566e-07)",-0.365487,1.0,"(0.000000, 0.000000, 0.000000)",LeftFalse_RightFalse
83.249146,0.062411,"(-1.3444478511810303, 0.7964376211166382, -33.928260803222656)","(351.57958984375, 271.3457946777344, 0.6926209330558777)","(0.5394918918609619, 0.6852468848228455, -33.31256103515625)","(0.0006910018855705857, 193.20880126953125, 0.00015350493777077645)","(-1.731947660446167, -0.00392161263152957, -33.0091438293457)","(0.0007078471244312823, 180.6784210205078, -6.91921755446856e-08)",0.0,-0.001373,"(-0.000001, 0.000002, -0.000130)",LeftFalse_RightFalse,False,"(37.39499282836914, -0.003921627998352051, 0.7092443108558655)","(0.0006989739486016333, 98.73249053955078, -1.654238559467558e-07)",-0.365488,1.0,"(0.000000, 0.000000, 0.000000)",LeftFalse_RightFalse
83.310303,0.062175,"(-1.3444406986236572, 0.7964347004890442, -33.928226470947266)","(351.5777893066406, 271.3453369140625, 0.6928378343582153)","(0.5394942760467529, 0.6852459907531738, -33.31251525878906)","(0.0008729879627935588, 193.20835876464844, 0.00019532177248038352)","(-1.731947422027588, -0.003921573981642723, -33.00910949707031)","(0.0008945706067606807, 180.677978515625, 1.268500000151107e-06)",0.0,-0.001373,"(0.000013, 0.000001, 0.001327)",LeftFalse_RightFalse,False,"(37.39499282836914, -0.003921627998352051, 0.7092443108558655)","(0.0006989706889726222, 98.73249053955078, -2.1117662640790513e-07)",-0.365487,1.0,"(0.000000, 0.000000, 0.000000)",LeftFalse_RightFalse
83.370239,0.061724,"(-1.3444246053695679, 0.7964339852333069, -33.92817687988281)","(351.57708740234375, 271.3443603515625, 0.692909836769104)","(0.5394994020462036, 0.685245931148529, -33.31243133544922)","(0.0009301378158852458, 193.2073974609375, 0.00020701764151453972)","(-1.7319468259811401, -0.00392141193151474, -33.009063720703125)","(0.0009528968366794288, 180.67701721191406, 2.866879640350817e-07)",0.0,-0.001373,"(-0.000006, 0.000005, -0.000667)",LeftFalse_RightFalse,False,"(37.39499282836914, -0.003921627998352051, 0.7092443108558655)","(0.0006989377434365451, 98.73249053955078, -3.6901843714076676e-07)",-0.365488,1.0,"(0.000000, 0.000000, 0.000000)",LeftFalse_RightFalse
83.431641,0.061645,"(-1.3444557189941406, 0.7964373826980591, -33.928199768066406)","(351.5768127441406, 271.3463439941406, 0.6926923990249634)","(0.5394893884658813, 0.6852469444274902, -33.31251907348633)","(0.0007171870674937963, 193.20933532714844, 0.00015948200598359108)","(-1.7319470643997192, -0.003921463154256344, -33.00907897949219)","(0.0007347053033299744, 180.678955078125, 8.447064914207658e-08)",0.0,-0.001373,"(0.000004, -0.000001, 0.000380)",LeftFalse_RightFalse,False,"(37.39499282836914, -0.003921627998352051, 0.7092443108558655)","(0.0006990570691414177, 98.73249053955078, -1.625056853526985e-07)",-0.365487,1.0,"(0.000000, 0.000000, 0.000000)",LeftFalse_RightFalse
83.497803,0.062568,"(-1.3444511890411377, 0.7964375019073486, -33.928192138671875)","(351.57672119140625, 271.3460693359375, 0.6848447918891907)","(0.5394912958145142, 0.6852468252182007, -33.3125)","(0.0006991752306930721, 193.20904541015625, 0.00015583836648147553)","(-1.7319470643997192, -0.003921598196029663, -33.009071350097656)","(0.0007163321133702993, 180.6786651611328, 4.3540231331462564e-07)",0.0,-0.001373,"(0.000007, -0.000001, 0.000810)",LeftFalse_RightFalse,False,"(37.39499282836914, -0.003921627998352051, 0.7092443108558655)","(0.0006989734247326851, 98.73249053955078, -5.074231808066543e-07)",-0.365488,1.0,"(0.000000, 0.000000, 0.000000)",LeftFalse_RightFalse
83.561279,0.062736,"(-1.344467043876648, 0.7964354157447815, -33.928157806396484)","(351.5766906738281, 271.3470458984375, 0.6824531555175781)","(0.539486289024353, 0.6852462291717529, -33.3125)","(0.000830778619274497, 193.2100372314453, 0.00018525781342759728)","(-1.7319468259811401, -0.0039215777069330215, -33.009029388427734)","(0.0008511834894306958, 180.67967224121094, 6.018215685799078e-07)",0.0,-0.001373,"(0.000004, 0.000000, 0.000297)",LeftFalse_RightFalse,False,"(37.394996643066406, -0.003921627998352051, 0.7092443704605103)","(0.0006990336696617305, 98.73249053955078, -4.3561527718338766e-07)",-0.365487,1.0,"(0.000000, 0.000000, 0.000000)",LeftFalse_RightFalse
83.622437,0.062433,"(-1.3444533348083496, 0.7964374423027039, -33.92814636230469)","(351.57666015625, 271.34619140625, 0.6887070536613464)","(0.5394902229309082, 0.6852468848228455, -33.312461853027344)","(0.0007101212977431715, 193.2091827392578, 0.00015820993576198816)","(-1.7319469451904297, -0.003921498078852892, -33.00902557373047)","(0.000727531616576016, 180.67880249023438, 3.7569179767160676e-07)",0.0,-0.001373,"(0.000004, 0.000000, 0.000473)",LeftFalse_RightFalse,False,"(37.39499282836914, -0.003921627998352051, 0.7092443108558655)","(0.0006990573019720614, 98.73249053955078, -4.0067538975563366e-07)",-0.365487,1.0,"(0.000000, 0.000000, 0.000000)",LeftFalse_RightFalse
83.685181,0.062487,"(-1.3444132804870605, 0.7964387536048889, -33.928138732910156)","(351.57666015625, 271.335693359375, 0.6911514401435852)","(0.5395033359527588, 0.6852472424507141, -33.31237030029297)","(0.0006240824586711824, 193.20668029785156, 0.0001370381360175088)","(-1.7319469451904297, -0.003921642899513245, -33.009037017822266)","(0.0006389488116838038, 180.6763153076172, -1.6250869521172717e-06)",0.0,-0.001373,"(-0.000004, -0.000002, -0.000428)",LeftFalse_RightFalse,False,"(37.39499282836914, -0.003921627998352051, 0.7092443108558655)","(0.0006990443798713386, 98.73249053955078, -4.1068054201787163e-07)",-0.365487,1.0,"(0.000000, 0.000000, 0.000000)",LeftFalse_RightFalse
83.746704,0.062302,"(-1.3444280624389648, 0.7964403629302979, -33.92817306518555)","(351.57666015625, 271.33984375, 0.6919705271720886)","(0.5394988059997559, 0.6852476596832275, -33.31243133544922)","(0.0005195045960135758, 193.20758056640625, 0.00011366044054739177)","(-1.7319471836090088, -0.003921756520867348, -33.009063720703125)","(0.000531790079548955, 180.67721557617188, -1.7570337149663828e-06)",0.0,-0.001373,"(-0.000010, -0.000002, -0.000737)",LeftFalse_RightFalse,False,"(37.39499282836914, -0.003921627998352051, 0.7092443108558655)","(0.0006989985122345388, 98.73249053955078, -4.509617497205909e-07)",-0.365487,1.0,"(0.000000, 0.000000, 0.000000)",LeftFalse_RightFalse
83.808228,0.062138,"(-1.3444373607635498, 0.7964391708374023, -33.928192138671875)","(351.57666015625, 271.3416442871094, 0.6860688328742981)","(0.5394957065582275, 0.6852471232414246, -33.31247329711914)","(0.0005786747206002474, 193.20816040039062, 0.00012852148211095482)","(-1.731947422027588, -0.003921905066817999, -33.00907897949219)","(0.0005927750607952476, 180.67779541015625, -8.734443213143095e-08)",0.0,-0.001373,"(-0.000006, 0.000000, -0.000341)",LeftFalse_RightFalse,False,"(37.39499282836914, -0.003921627998352051, 0.7092443108558655)","(0.0006989345420151949, 98.73249053955078, -4.976524792255077e-07)",-0.365488,1.0,"(0.000000, 0.000000, 0.000000)",LeftFalse_RightFalse
83.873901,0.062838,"(-1.3444337844848633, 0.7964392900466919, -33.92821502685547)","(351.57666015625, 271.3419189453125, 0.6836144924163818)","(0.5394965410232544, 0.6852471828460693, -33.3124885559082)","(0.0005770892021246254, 193.20791625976562, 0.00012790800246875733)","(-1.7319477796554565, -0.00392189621925354, -33.00910568237305)","(0.0005910941981710494, 180.67755126953125, -3.4223700140501023e-07)",0.0,-0.001373,"(-0.000006, 0.000000, -0.000536)",LeftFalse_RightFalse,False,"(37.394996643066406, -0.003921627998352051, 0.7092443108558655)","(0.0006988639361225069, 98.73249053955078, -5.387414034885296e-07)",-0.365488,1.0,"(0.000000, 0.000000, 0.000000)",LeftFalse_RightFalse
83.935059,0.062499,"(-1.3444583415985107, 0.7964354157447815, -33.928184509277344)","(351.57666015625, 271.3435974121094, 0.6830870509147644)","(0.5394884347915649, 0.6852461695671082, -33.31250762939453)","(0.000824029790237546, 193.20947265625, 0.00018342019757255912)","(-1.7319473028182983, -0.003921688534319401, -33.00905990600586)","(0.0008441967656835914, 180.67910766601562, 2.722090357565321e-07)",0.0,-0.001373,"(0.000011, 0.000001, 0.001085)",LeftFalse_RightFalse,False,"(37.39499282836914, -0.003921627998352051, 0.7092443108558655)","(0.0006988237146288157, 98.73249053955078, -5.371520046537626e-07)",-0.365488,1.0,"(0.000000, 0.000000, 0.000000)",LeftFalse_RightFalse
84.001465,0.063292,"(-1.3444585800170898, 0.7964351773262024, -33.92815399169922)","(351.58343505859375, 271.34368896484375, 0.6827808022499084)","(0.5394887924194336, 0.6852462291717529, -33.312477111816406)","(0.0008485476719215512, 193.20950317382812, 0.0001886767422547564)","(-1.7319469451904297, -0.0039215292781591415, -33.009029388427734)","(0.0008692710543982685, 180.67913818359375, 8.42003160528293e-08)",0.0,-0.001373,"(-0.000005, 0.000001, -0.000524)",LeftFalse_RightFalse,False,"(37.39499282836914, -0.003921627998352051, 0.7092443108558655)","(0.0006988183013163507, 98.73249053955078, -4.7211850073836104e-07)",-0.365488,1.0,"(0.000000, 0.000000, 0.000000)",LeftFalse_RightFalse
84.062134,0.062763,"(-1.3444792032241821, 0.7964382171630859, -33.92818832397461)","(351.58551025390625, 271.3345947265625, 0.6892980337142944)","(0.5394811630249023, 0.6852470636367798, -33.31255340576172)","(0.0006598493782803416, 193.2107696533203, 0.00014692886907141656)","(-1.731947422027588, -0.0039215777069330215, -33.009056091308594)","(0.0006760099204257131, 180.68038940429688, 2.701567893836909e-07)",0.0,-0.001373,"(-0.000011, -0.000001, -0.000868)",LeftFalse_RightFalse,False,"(37.39499282836914, -0.003921627998352051, 0.7092443108558655)","(0.0006988488603383303, 98.73249053955078, -3.8663168311359186e-07)",-0.365488,1.0,"(0.000000, 0.000000, 0.000000)",LeftFalse_RightFalse
84.122314,0.062242,"(-1.3444523811340332, 0.7964378595352173, -33.928184509277344)","(351.5799255371094, 271.3362121582031, 0.6919410824775696)","(0.5394902229309082, 0.685247004032135, -33.312496185302734)","(0.0006806929595768452, 193.2091064453125, 0.00015061578596942127)","(-1.731947422027588, -0.003921546973288059, -33.009063720703125)","(0.0006971569382585585, 180.67872619628906, -6.52917321986024e-07)",0.0,-0.001373,"(-0.000004, 0.000000, -0.000477)",LeftFalse_RightFalse,False,"(37.394989013671875, -0.003921627998352051, 0.7092443108558655)","(0.0006988984532654285, 98.73249053955078, -3.2193688070947246e-07)",-0.365488,1.0,"(0.000000, 0.000000, 0.000000)",LeftFalse_RightFalse
84.185547,0.06246,"(-1.3444347381591797, 0.7964385151863098, -33.92818069458008)","(351.578125, 271.3364562988281, 0.692995548248291)","(0.5394961833953857, 0.6852471828460693, -33.31245422363281)","(0.0006384559674188495, 193.20797729492188, 0.00014017074136063457)","(-1.731947422027588, -0.003921611234545708, -33.00906753540039)","(0.0006536596920341253, 180.6776123046875, -1.6855266267157276e-06)",0.0,-0.001373,"(-0.000003, 0.000001, -0.000370)",LeftFalse_RightFalse,False,"(37.39499282836914, -0.003921627998352051, 0.7092443108558655)","(0.000698951305821538, 98.73249053955078, -3.194616340351786e-07)",-0.365488,1.0,"(0.000000, 0.000000, 0.000000)",LeftFalse_RightFalse
84.250854,0.063028,"(-1.3444600105285645, 0.7970977425575256, -33.928157806396484)","(351.5749816894531, 271.3385925292969, 0.6935608983039856)","(0.5394881963729858, 0.6852464079856873, -33.31248474121094)","(0.0007817958248779178, 193.2095947265625, 0.00017343219951726496)","(-1.7319470643997192, -0.003921651281416416, -33.009033203125)","(0.0008008017321117222, 180.67921447753906, -3.1491052254750684e-07)",0.0,-0.001373,"(0.000006, 0.000000, 0.000463)",LeftFalse_RightFalse,False,"(37.39499282836914, -0.003921627998352051, 0.7092443108558655)","(0.0006989889079704881, 98.73249053955078, -3.929109766431793e-07)",-0.365488,1.0,"(0.000000, 0.000000, 0.000000)",LeftFalse_RightFalse
84.312866,0.062808,"(-1.344497799873352, 0.797315776348114, -33.928157806396484)","(351.57427978515625, 271.3410949707031, 0.6936808228492737)","(0.5394749641418457, 0.6852466464042664, -33.31256103515625)","(0.0007640292751602829, 193.2119598388672, 0.00017039524391293526)","(-1.7319469451904297, -0.00392151577398181, -33.00901794433594)","(0.0007827993831597269, 180.68157958984375, 5.7503370953782e-07)",0.0,-0.001373,"(0.000001, 0.000000, 0.000149)",LeftFalse_RightFalse,False,"(37.39499282836914, -0.003921627998352051, 0.7092443108558655)","(0.0006990022957324982, 98.73249053955078, -4.959068178322923e-07)",-0.365488,1.0,"(0.000000, 0.000000, 0.000000)",LeftFalse_RightFalse
84.376709,0.063021,"(-1.3444780111312866, 0.7974036335945129, -33.92816925048828)","(351.58099365234375, 271.3399353027344, 0.6935751438140869)","(0.5394818782806396, 0.6852472424507141, -33.312530517578125)","(0.0006119580357335508, 193.210693359375, 0.00013566705456469208)","(-1.7319471836090088, -0.003921627998352051, -33.009037017822266)","(0.0006268159486353397, 180.68032836914062, -3.330546007873636e-07)",0.0,-0.001373,"(0.000014, -0.000002, 0.001209)",LeftFalse_RightFalse,False,"(37.39499282836914, -0.003921627998352051, 0.7092443108558655)","(0.0006989953690208495, 98.73249053955078, -5.971829750706092e-07)",-0.365488,1.0,"(0.000000, 0.000000, 0.000000)",LeftFalse_RightFalse
84.436523,0.062382,"(-1.3444968461990356, 0.7974305152893066, -33.92814254760742)","(351.5832824707031, 271.3411560058594, 0.6872507333755493)","(0.5394759178161621, 0.6852465867996216, -33.31254577636719)","(0.0007329953950829804, 193.21189880371094, 0.00016334951214957982)","(-1.7319467067718506, -0.00392168527469039, -33.009002685546875)","(0.0007509762072004378, 180.68153381347656, 4.301465139633365e-07)",0.0,-0.001373,"(-0.000015, 0.000000, -0.001319)",LeftFalse_RightFalse,False,"(37.394989013671875, -0.003921627998352051, 0.7092442512512207)","(0.0006989753455854952, 98.73249053955078, -6.574745157195139e-07)",-0.365488,1.0,"(0.000000, 0.000000, 0.000000)",LeftFalse_RightFalse
84.497925,0.062183,"(-1.3444857597351074, 0.7974449396133423, -33.92817306518555)","(351.5842590332031, 271.3404235839844, 0.6906049251556396)","(0.5394787788391113, 0.6852473616600037, -33.31255340576172)","(0.0005783754168078303, 193.211181640625, 0.00012807310849893838)","(-1.731947422027588, -0.003921661991626024, -33.00904083251953)","(0.0005923854769207537, 180.68080139160156, -4.601107548296568e-07)",0.0,-0.001373,"(0.000002, -0.000002, 0.000018)",LeftFalse_RightFalse,False,"(37.39499282836914, -0.003921627998352051, 0.7092443108558655)","(0.0006989488028921187, 98.73249053955078, -6.585948426618415e-07)",-0.365488,1.0,"(0.000000, -0.000001, 0.000000)",LeftFalse_RightFalse
84.559692,0.062097,"(-1.3444950580596924, 0.7974517345428467, -33.92822265625)","(351.5845947265625, 271.34100341796875, 0.691832959651947)","(0.5394757986068726, 0.6852479577064514, -33.312618255615234)","(0.00044650305062532425, 193.21173095703125, 9.871575457509607e-05)","(-1.7319477796554565, -0.003921753726899624, -33.00908660888672)","(0.0004572849429678172, 180.68136596679688, -5.075647777630365e-07)",0.0,-0.001373,"(-0.000025, -0.000002, -0.002346)",LeftFalse_RightFalse,False,"(37.39499282836914, -0.003921627998352051, 0.7092443108558655)","(0.000698924413882196, 98.73249053955078, -5.930662609898718e-07)",-0.365488,1.0,"(0.000000, -0.000001, 0.000000)",LeftFalse_RightFalse
84.621704,0.062089,"(-1.3445014953613281, 0.7974537014961243, -33.92827606201172)","(351.57647705078125, 271.3414001464844, 0.6923317313194275)","(0.539473295211792, 0.6852479577064514, -33.312686920166016)","(0.00042293668957427144, 193.21209716796875, 9.284026600653306e-05)","(-1.7319483757019043, -0.003921915777027607, -33.00914001464844)","(0.00043300524703226984, 180.68173217773438, -1.1302153097858536e-06)",0.0,-0.001373,"(-0.000011, -0.000002, -0.001129)",LeftFalse_RightFalse,False,"(37.39499282836914, -0.003921627998352051, 0.7092443108558655)","(0.0006989013636484742, 98.73249053955078, -4.942132250107534e-07)",-0.365488,1.0,"(0.000000, -0.000001, 0.000000)",LeftFalse_RightFalse
84.697388,0.064803,"(-1.3444958925247192, 0.7974539399147034, -33.92833709716797)","(351.58380126953125, 271.34100341796875, 0.6926219463348389)","(0.5394747257232666, 0.6852478384971619, -33.3127326965332)","(0.00046766738523729146, 193.21173095703125, 0.00010213036875938997)","(-1.7319488525390625, -0.003921826370060444, -33.00920104980469)","(0.0004786860372405499, 180.6813507080078, -1.7660456705925753e-06)",0.0,-0.001373,"(-0.000021, 0.000001, -0.002016)",LeftFalse_RightFalse,False,"(37.39499282836914, -0.003921627998352051, 0.7092443108558655)","(0.0006988815730437636, 98.73249053955078, -3.731351512215042e-07)",-0.365488,1.0,"(0.000000, -0.000001, 0.000000)",LeftFalse_RightFalse
84.759033,0.064177,"(-1.3445183038711548, 0.7974534630775452, -33.92840576171875)","(351.58526611328125, 271.34234619140625, 0.6853212118148804)","(0.5394669771194458, 0.6852476000785828, -33.31284713745117)","(0.0004963662358932197, 193.2130584716797, 0.00010952784214168787)","(-1.7319496870040894, -0.00392193766310811, -33.00926208496094)","(0.0005083061987534165, 180.68267822265625, -7.711959710832161e-07)",0.0,-0.001373,"(-0.000003, 0.000001, -0.000105)",LeftFalse_RightFalse,False,"(37.39499282836914, -0.003921627998352051, 0.7092443108558655)","(0.0006988812820054591, 98.73249053955078, -3.0778895165894937e-07)",-0.365488,1.0,"(0.000000, -0.000001, 0.000000)",LeftFalse_RightFalse
84.819336,0.063408,"(-1.3444952964782715, 0.7974511981010437, -33.92841339111328)","(351.58111572265625, 271.3470764160156, 0.6827318668365479)","(0.5394742488861084, 0.6852469444274902, -33.312808990478516)","(0.0006481696618720889, 193.2116241455078, 0.00014399857900571078)","(-1.731949806213379, -0.003921718802303076, -33.00927734375)","(0.0006639724015258253, 180.68124389648438, -5.632217892070912e-08)",0.0,-0.001373,"(-0.000006, 0.000004, -0.000564)",LeftFalse_RightFalse,False,"(37.39499282836914, -0.003921627998352051, 0.7092443108558655)","(0.000698888034094125, 98.73249053955078, -2.971063679524377e-07)",-0.365488,1.0,"(0.000000, -0.000001, 0.000000)",LeftFalse_RightFalse
84.879028,0.062664,"(-1.3444794416427612, 0.7974501848220825, -33.92842483520508)","(351.5858154296875, 271.34210205078125, 0.6817197203636169)","(0.5394793748855591, 0.6852466464042664, -33.31278610229492)","(0.0007130159647203982, 193.21063232421875, 0.00015801012341398746)","(-1.7319499254226685, -0.003921723458915949, -33.00929260253906)","(0.0007303141173906624, 180.6802520751953, -4.4737299731423263e-07)",0.0,-0.001373,"(-0.000004, 0.000002, -0.000373)",LeftFalse_RightFalse,False,"(37.39499282836914, -0.003921627998352051, 0.7092443108558655)","(0.0006989018293097615, 98.73249053955078, -3.370748800080037e-07)",-0.365488,1.0,"(0.000000, -0.000001, 0.000000)",LeftFalse_RightFalse
84.939209,0.062154,"(-1.3445050716400146, 0.7974492311477661, -33.928443908691406)","(351.58740234375, 271.342041015625, 0.6878132224082947)","(0.5394710302352905, 0.6852463483810425, -33.3128547668457)","(0.000780597678385675, 193.2122039794922, 0.00017433422908652574)","(-1.7319501638412476, -0.003921640105545521, -33.009300231933594)","(0.0007998279179446399, 180.6818389892578, 8.255452712546685e-07)",0.0,-0.001373,"(-0.000010, 0.000002, -0.000951)",LeftFalse_RightFalse,False,"(37.39499282836914, -0.003921627998352051, 0.7092443108558655)","(0.0006989230751059949, 98.73249053955078, -4.1907028958121373e-07)",-0.365488,1.0,"(0.000000, -0.000001, 0.000000)",LeftFalse_RightFalse
84.999756,0.061825,"(-1.3444920778274536, 0.7974504828453064, -33.928470611572266)","(351.5885009765625, 271.340576171875, 0.6901498436927795)","(0.5394752025604248, 0.6852468252182007, -33.3128547668457)","(0.0007024927181191742, 193.2113800048828, 0.00015554603305645287)","(-1.7319505214691162, -0.003921627998352051, -33.009334564208984)","(0.0007195070502348244, 180.68099975585938, -5.697098686141544e-07)",0.0,-0.001373,"(-0.000001, 0.000001, -0.000080)",LeftFalse_RightFalse,False,"(37.39499282836914, -0.003921627998352051, 0.7092442512512207)","(0.0006989430985413492, 98.73249053955078, -5.206591708883934e-07)",-0.365488,1.0,"(0.000000, -0.000001, 0.000000)",LeftFalse_RightFalse
85.059937,0.061502,"(-1.3444852828979492, 0.7974485158920288, -33.928443908691406)","(351.5841064453125, 271.33990478515625, 0.6912287473678589)","(0.5394775867462158, 0.6852463483810425, -33.31281661987305)","(0.0008256495930254459, 193.21096801757812, 0.00018388734315522015)","(-1.731950044631958, -0.003921538591384888, -33.009307861328125)","(0.0008458794327452779, 180.68060302734375, 3.7676286979149154e-07)",0.0,-0.001373,"(-0.000011, 0.000001, -0.001156)",LeftFalse_RightFalse,False,"(37.39499282836914, -0.003921627998352051, 0.7092443108558655)","(0.0006989566027186811, 98.73249053955078, -6.084648589421704e-07)",-0.365488,1.0,"(0.000000, -0.000001, 0.000000)",LeftFalse_RightFalse
85.124146,0.062037,"(-1.3444758653640747, 0.79744952917099, -33.928443908691406)","(351.57470703125, 271.3392333984375, 0.6924151182174683)","(0.539480447769165, 0.6852466464042664, -33.31279373168945)","(0.0007731809164397418, 193.21038818359375, 0.00017122580902650952)","(-1.731950044631958, -0.003921449184417725, -33.00931167602539)","(0.0007919131894595921, 180.68002319335938, -5.996765253257763e-07)",0.0,-0.001373,"(-0.000003, 0.000000, -0.000385)",LeftFalse_RightFalse,False,"(37.39499282836914, -0.003921627998352051, 0.7092443108558655)","(0.0006989637622609735, 98.73249053955078, -6.537486001434445e-07)",-0.365488,1.0,"(0.000000, -0.000001, 0.000000)",LeftFalse_RightFalse
85.183716,0.06156,"(-1.3444690704345703, 0.797448992729187, -33.928428649902344)","(351.5791015625, 271.3387451171875, 0.6928642988204956)","(0.539482593536377, 0.685246467590332, -33.312767028808594)","(0.0008064540452323854, 193.2099609375, 0.00017924269195646048)","(-1.731950044631958, -0.003921462222933769, -33.009300231933594)","(0.0008261331240646541, 180.67958068847656, 7.399649781802964e-09)",0.0,-0.001373,"(0.000018, -0.000001, 0.001609)",LeftFalse_RightFalse,False,"(37.39499282836914, -0.003921627998352051, 0.7092443108558655)","(0.0006989700486883521, 98.73249053955078, -6.319405088106578e-07)",-0.365488,1.0,"(0.000000, -0.000001, 0.000000)",LeftFalse_RightFalse
