ScenarioTime,FrameRate,A VR Pos,A VR Rot,A XR Origin Pos,A XR Origin  Rot,A car Pos,A car Rot,A accel,A steering,A velocity,A indicators,A Horn Button,0 car Pos,0 car Rot,0 accel,0 steering,0 velocity,0 indicators
0.0,0.01351,"(-1.3166335821151733, 1.1906259059906006, 34.88190841674805)","(348.39117431640625, 183.92288208007812, 358.6855773925781)","(-1.2490097284317017, 1.2559205293655396, 34.943939208984375)","(0.000684460683260113, 191.7134246826172, 0.00014207750791683793)","(-1.7000000476837158, -0.003921627998352051, 34.999996185302734)","(0.0006990510737523437, 180.0, 1.6183996365271014e-07)",0.0,-0.058563,"(0.000000, 0.000000, 0.000000)",LeftFalse_RightFalse,False,"(-34.999969482421875, -0.0039216200821101665, -1.25)","(0.000699469936080277, 90.00005340576172, -5.877510602658731e-07)",0.0,0.0,"(0.000000, -0.000001, 0.000000)",LeftFalse_RightFalse
0.058105,0.022416,"(-1.3166444301605225, 1.1902542114257812, 34.881935119628906)","(348.6130065917969, 183.88426208496094, 358.6721496582031)","(-1.2490085363388062, 1.255920648574829, 34.943931579589844)","(0.0006596131133846939, 191.7133026123047, 0.00012787702144123614)","(-1.6999988555908203, -0.003921646624803543, 34.99998474121094)","(0.0006718379445374012, 179.9998779296875, -8.698442798049655e-06)",0.0,-0.058563,"(0.000028, -0.000001, -0.000527)",LeftFalse_RightFalse,False,"(-34.999969482421875, -0.003921627998352051, -1.25)","(0.000698932446539402, 90.00005340576172, -1.7896990129884216e-06)",0.001228,-0.069128,"(0.000000, -0.000001, 0.000000)",LeftFalse_RightFalse
0.122192,0.030742,"(-1.316648244857788, 1.19008207321167, 34.8819465637207)","(348.8738708496094, 183.8658447265625, 358.6402893066406)","(-1.2490074634552002, 1.2559205293655396, 34.94392776489258)","(0.0006821121787652373, 191.71270751953125, 0.0001379048335365951)","(-1.699998378753662, -0.0039216624572873116, 34.999977111816406)","(0.0006959043676033616, 179.99928283691406, -3.4471468097763136e-06)",0.0,-0.058563,"(0.000025, 0.000001, -0.000348)",LeftFalse_RightFalse,False,"(-34.99999237060547, -0.003921627998352051, -1.250001311302185)","(0.0007962952367961407, 90.00084686279297, 2.0640280126826838e-05)",-0.002895,-0.062682,"(-0.001439, 0.000001, -0.000075)",LeftFalse_RightFalse
0.1875,0.037662,"(-1.3167873620986938, 1.190018892288208, 34.88128662109375)","(349.07403564453125, 183.87124633789062, 358.64398193359375)","(-1.2490065097808838, 1.255920648574829, 34.94392395019531)","(0.0006606791284866631, 191.7126922607422, 0.00012847369362134486)","(-1.6999974250793457, -0.003921627998352051, 34.99997329711914)","(0.0006730029126629233, 179.999267578125, -8.330608579854015e-06)",0.0,-0.058563,"(0.000057, 0.000001, -0.001027)",LeftFalse_RightFalse,False,"(-34.999813079833984, -0.003922095522284508, -1.2499911785125732)","(0.0006000275607220829, 90.00098419189453, -3.986628871643916e-05)",0.003682,-0.062927,"(0.000005, 0.000004, 0.000020)",LeftFalse_RightFalse
0.252808,0.043187,"(-1.3168326616287231, 1.1899975538253784, 34.881011962890625)","(349.2412414550781, 183.87290954589844, 358.682861328125)","(-1.249003529548645, 1.2559208869934082, 34.943878173828125)","(0.000534996681381017, 191.7125244140625, 8.031975448830053e-05)","(-1.6999940872192383, -0.003921739291399717, 34.99992370605469)","(0.0005401617381721735, 179.9990997314453, -2.9966135116410442e-05)",0.0,-0.058563,"(-0.000089, -0.000003, 0.002243)",LeftFalse_RightFalse,False,"(-34.999732971191406, -0.003921855241060257, -1.2499867677688599)","(0.0004603486740961671, 90.00117492675781, -4.972500028088689e-05)",-4e-06,-0.063179,"(-0.000148, 0.000001, -0.000002)",LeftFalse_RightFalse
0.317993,0.047584,"(-1.3168470859527588, 1.1899892091751099, 34.88098907470703)","(349.3955078125, 183.87716674804688, 358.71246337890625)","(-1.2490029335021973, 1.25592041015625, 34.94393539428711)","(0.0007528425194323063, 191.71078491210938, 0.00016909705300349742)","(-1.6999961137771606, -0.0039216503500938416, 34.99997329711914)","(0.0007714942912571132, 179.99737548828125, 1.2736087228404358e-05)",0.0,-0.058563,"(0.000026, 0.000002, -0.000393)",LeftFalse_RightFalse,False,"(-34.99977111816406, -0.003921728581190109, -1.2499895095825195)","(0.0007129608420655131, 90.00215148925781, 1.3466448763210792e-05)",0.001069,-0.063438,"(0.000004, 0.000002, -0.000004)",LeftFalse_RightFalse
0.379639,0.050415,"(-1.3168495893478394, 1.1899867057800293, 34.88099670410156)","(349.5836181640625, 183.8878936767578, 358.7779541015625)","(-1.2490016222000122, 1.25592041015625, 34.9439697265625)","(0.0007764645270071924, 191.70924377441406, 0.00017307698726654053)","(-1.6999963521957397, -0.003921538591384888, 34.999996185302734)","(0.0007954323082230985, 179.99583435058594, 1.1837450983875897e-05)",0.0,-0.058563,"(0.000027, 0.000000, -0.000621)",LeftFalse_RightFalse,False,"(-34.99968338012695, -0.003921670373529196, -1.2499842643737793)","(0.00046128081157803535, 90.00143432617188, -4.84179072373081e-05)",-0.005422,-0.063671,"(0.001073, -0.000001, 0.000070)",LeftFalse_RightFalse
0.441162,0.052618,"(-1.316226601600647, 1.1893436908721924, 34.880821228027344)","(349.8174743652344, 183.8414764404297, 358.8530578613281)","(-1.2489994764328003, 1.2559208869934082, 34.943939208984375)","(0.0005784127279184759, 191.7087860107422, 9.606733510736376e-05)","(-1.6999938488006592, -0.003921585623174906, 34.99995422363281)","(0.0005858706426806748, 179.995361328125, -2.336067336727865e-05)",0.0,-0.058563,"(0.000037, -0.000003, -0.000602)",LeftFalse_RightFalse,False,"(-34.99989318847656, -0.003921132069081068, -1.2499957084655762)","(0.00085453997598961, 90.00164794921875, 5.2100353059358895e-05)",0.004124,-0.063921,"(-0.000003, -0.000004, -0.000045)",LeftFalse_RightFalse
0.506348,0.05515,"(-1.3159737586975098, 1.188400149345398, 34.88079833984375)","(350.069580078125, 183.82211303710938, 358.84783935546875)","(-1.2490005493164062, 1.2559202909469604, 34.9439697265625)","(0.0007722050650045276, 191.7090606689453, 0.00017894984921440482)","(-1.699995517730713, -0.0039216564036905766, 34.99999237060547)","(0.0007924538222141564, 179.9956512451172, 1.845275801315438e-05)",0.0,-0.058563,"(-0.000015, 0.000002, 0.000541)",LeftFalse_RightFalse,False,"(-34.999847412109375, -0.003921426832675934, -1.2499936819076538)","(0.000626321358140558, 90.00204467773438, -7.3291698754474055e-06)",-0.000823,-0.064174,"(-0.000695, -0.000006, -0.000047)",LeftFalse_RightFalse
0.56958,0.056747,"(-1.3160234689712524, 1.1880841255187988, 34.88011169433594)","(350.251953125, 183.87570190429688, 358.88037109375)","(-1.248999834060669, 1.2559207677841187, 34.94395446777344)","(0.0006383775034919381, 191.70945739746094, 0.00012035909458063543)","(-1.6999938488006592, -0.003921604715287685, 34.999977111816406)","(0.000649518333375454, 179.9960479736328, -1.1748636097763665e-05)",0.0,-0.058563,"(0.000015, -0.000001, -0.000243)",LeftFalse_RightFalse,False,"(-34.99964904785156, -0.003922241739928722, -1.2499834299087524)","(0.00048427542787976563, 90.00151824951172, -6.439357093768194e-05)",0.000481,-0.064409,"(0.000008, 0.000004, 0.000059)",LeftFalse_RightFalse
0.631836,0.057857,"(-1.3160427808761597, 1.1879687309265137, 34.87986755371094)","(350.37890625, 183.94679260253906, 358.96856689453125)","(-1.2490001916885376, 1.2559205293655396, 34.94395446777344)","(0.000689126958604902, 191.71023559570312, 0.0001434239820810035)","(-1.69999361038208, -0.003921627998352051, 34.99998474121094)","(0.0007038934854790568, 179.99684143066406, 5.329484906724247e-07)",0.0,-0.058563,"(0.000028, 0.000000, -0.000464)",LeftFalse_RightFalse,False,"(-34.99964141845703, -0.0039220270700752735, -1.2499818801879883)","(0.000680752273183316, 90.00320434570312, -1.3966576261736918e-05)",0.000473,-0.064656,"(0.000067, 0.000006, 0.000014)",LeftFalse_RightFalse
0.694946,0.058918,"(-1.3160467147827148, 1.1879242658615112, 34.87980651855469)","(350.52825927734375, 183.91600036621094, 359.04742431640625)","(-1.2489986419677734, 1.25592041015625, 34.94398880004883)","(0.0007651202031411231, 191.70880126953125, 0.00017273171397391707)","(-1.6999938488006592, -0.003921598196029663, 35.0000114440918)","(0.0007842541672289371, 179.99539184570312, 1.3802487956127152e-05)",0.0,-0.058563,"(-0.000046, 0.000000, 0.001174)",LeftFalse_RightFalse,False,"(-34.999595642089844, -0.003921762574464083, -1.2499785423278809)","(0.0006147309904918075, 90.00379180908203, -2.5606588678783737e-05)",0.001209,-0.064901,"(0.000250, 0.000002, 0.000026)",LeftFalse_RightFalse
0.757935,0.059723,"(-1.3155343532562256, 1.1871999502182007, 34.87905502319336)","(350.8492126464844, 183.76705932617188, 359.0852355957031)","(-1.248999834060669, 1.2559200525283813, 34.944068908691406)","(0.0009341767872683704, 191.70729064941406, 0.00024124151968862861)","(-1.6999971866607666, -0.003921501338481903, 35.000083923339844)","(0.0009636988979764283, 179.99388122558594, 4.656423698179424e-05)",0.0,-0.058563,"(-0.000019, 0.000003, 0.000402)",LeftFalse_RightFalse,False,"(-34.99958038330078, -0.003921680152416229, -1.249977946281433)","(0.0007378023583441973, 90.00369262695312, 8.083047760010231e-06)",-0.000787,-0.065146,"(-0.000906, 0.000001, -0.000042)",LeftFalse_RightFalse
0.822754,0.060736,"(-1.315340280532837, 1.1862056255340576, 34.87876892089844)","(351.2956848144531, 183.57952880859375, 359.15020751953125)","(-1.249001145362854, 1.25592041015625, 34.9441032409668)","(0.000868494447786361, 191.70712280273438, 0.00021006213501095772)","(-1.6999982595443726, -0.003921444993466139, 35.00011444091797)","(0.0008930543554015458, 179.99371337890625, 2.9368815376074053e-05)",0.0,-0.058563,"(-0.000084, -0.000002, 0.001920)",LeftFalse_RightFalse,False,"(-34.99948501586914, -0.003921848721802235, -1.2499723434448242)","(0.0007276852265931666, 90.00371551513672, -7.1436834332416765e-06)",0.004374,-0.065392,"(0.000005, 0.000004, 0.000032)",LeftFalse_RightFalse
0.886353,0.061321,"(-1.3147878646850586, 1.185861587524414, 34.87783432006836)","(351.71588134765625, 183.3728485107422, 359.24652099609375)","(-1.2490025758743286, 1.25592041015625, 34.94411849975586)","(0.0008129284833557904, 191.7078094482422, 0.0001886761310743168)","(-1.6999988555908203, -0.003921480383723974, 35.0001335144043)","(0.0008343038498423994, 179.99440002441406, 1.9708986656041816e-05)",0.007143,-0.058563,"(-0.000015, -0.000001, 0.000344)",LeftFalse_RightFalse,False,"(-34.99943542480469, -0.003921687602996826, -1.249969244003296)","(0.0006593659054487944, 90.00109100341797, -1.2397094906191342e-05)",-0.002741,-0.065628,"(0.002009, 0.000001, 0.000100)",LeftFalse_RightFalse
0.947998,0.061374,"(-1.314124345779419, 1.1850999593734741, 34.876644134521484)","(352.0986022949219, 183.12664794921875, 359.3392639160156)","(-1.2490010261535645, 1.2559212446212769, 34.94406509399414)","(0.00045096175745129585, 191.70816040039062, 4.941523366142064e-05)","(-1.6999956369400024, -0.003921553958207369, 35.00007247924805)","(0.0004516026529017836, 179.9947509765625, -4.316657214076258e-05)",0.017142,-0.058563,"(-0.000003, -0.000006, -0.000165)",LeftFalse_RightFalse,False,"(-34.99943923950195, -0.0039215087890625, -1.24997079372406)","(0.0007422487251460552, 90.00142669677734, 1.9262823116150685e-05)",0.00104,-0.065869,"(0.000004, 0.000000, -0.000005)",LeftFalse_RightFalse
1.011108,0.061722,"(-1.3131364583969116, 1.1847997903823853, 34.87593078613281)","(352.3568115234375, 182.88059997558594, 359.4713134765625)","(-1.2489986419677734, 1.2559210062026978, 34.943946838378906)","(0.00024572573602199554, 191.7089080810547, 5.300850716594141e-06)","(-1.6999924182891846, -0.003921967931091785, 34.99995803833008)","(0.00024168469826690853, 179.9954833984375, -4.46959602413699e-05)",0.025744,-0.058563,"(0.000191, -0.000007, -0.005711)",LeftFalse_RightFalse,False,"(-34.99944305419922, -0.003921440802514553, -1.2499710321426392)","(0.0008214329136535525, 90.00220489501953, 2.180350747948978e-05)",0.011835,-0.066117,"(0.000140, 0.000001, 0.000013)",LeftFalse_RightFalse
1.074585,0.062081,"(-1.3128974437713623, 1.1846891641616821, 34.87471389770508)","(352.5735778808594, 182.65496826171875, 359.6203308105469)","(-1.2489885091781616, 1.2559213638305664, 34.94362258911133)","(-0.00030298918136395514, 191.70777893066406, -0.0001484702661400661)","(-1.6999825239181519, -0.003922602161765099, 34.999610900878906)","(-0.00032682143501006067, 179.99436950683594, -8.386655827052891e-05)",0.032693,-0.058563,"(0.000134, -0.000012, -0.005995)",LeftFalse_RightFalse,False,"(-34.999385833740234, -0.0039215064607560635, -1.2499687671661377)","(0.0006571091944351792, 90.00077819824219, -1.13592432171572e-06)",0.004125,-0.066357,"(0.002392, -0.000003, 0.000090)",LeftFalse_RightFalse
1.137939,0.06233,"(-1.3121352195739746, 1.184005618095398, 34.87367248535156)","(352.7754821777344, 182.4693145751953, 359.77484130859375)","(-1.2489755153656006, 1.255921483039856, 34.94304275512695)","(-0.0009967255173251033, 191.70831298828125, -0.0003307094448246062)","(-1.6999682188034058, -0.003923453856259584, 34.999019622802734)","(-0.0010431085247546434, 179.99490356445312, -0.00012147056258982047)",0.038946,-0.058563,"(0.000324, -0.000015, -0.012673)",LeftFalse_RightFalse,False,"(-34.99922561645508, -0.0039218030869960785, -1.2499629259109497)","(0.0003079195157624781, 90.0008316040039, -4.755556074087508e-05)",0.013316,-0.066597,"(0.002517, -0.000006, 0.000088)",LeftFalse_RightFalse
1.198975,0.062079,"(-1.3112159967422485, 1.1837648153305054, 34.872501373291016)","(352.9688720703125, 182.30506896972656, 359.9468688964844)","(-1.2489547729492188, 1.255921721458435, 34.942169189453125)","(-0.0018553049303591251, 191.70802307128906, -0.0005694952560588717)","(-1.699946403503418, -0.003924463875591755, 34.99812316894531)","(-0.001932285726070404, 179.99459838867188, -0.00018097783322446048)",0.043385,-0.058563,"(0.000503, -0.000018, -0.019186)",LeftFalse_RightFalse,False,"(-34.999053955078125, -0.0039221858605742455, -1.2499582767486572)","(0.00022976954642217606, 90.00006866455078, -2.5136847398243845e-05)",0.027158,-0.066827,"(0.002685, -0.000006, 0.000039)",LeftFalse_RightFalse
1.266602,0.063175,"(-1.3107911348342896, 1.1836622953414917, 34.87095260620117)","(353.1178283691406, 182.18096923828125, 0.018658755347132683)","(-1.2489190101623535, 1.2559219598770142, 34.94075012207031)","(-0.002968655899167061, 191.70602416992188, -0.0008838509675115347)","(-1.6999107599258423, -0.003925887402147055, 34.996665954589844)","(-0.0030862707644701004, 179.9925994873047, -0.0002627582580316812)",0.043013,-0.058563,"(0.000547, -0.000023, -0.024128)",LeftFalse_RightFalse,False,"(-34.9986457824707, -0.003922712989151478, -1.2499473094940186)","(-0.00029350753175094724, 89.99839782714844, -6.583706272067502e-05)",0.020082,-0.067072,"(0.010086, -0.000012, 0.000297)",LeftFalse_RightFalse
1.333374,0.063914,"(-1.3106151819229126, 1.1836293935775757, 34.869117736816406)","(353.1578369140625, 182.12266540527344, 0.06388495862483978)","(-1.2488722801208496, 1.255921721458435, 34.938961029052734)","(-0.0037508064415305853, 191.70184326171875, -0.0010796861024573445)","(-1.6998674869537354, -0.003927338402718306, 34.99482345581055)","(-0.003891891334205866, 179.98841857910156, -0.0002957256219815463)",0.038712,-0.058563,"(0.000736, -0.000020, -0.031236)",LeftFalse_RightFalse,False,"(-34.9979248046875, -0.003923547454178333, -1.249927043914795)","(-0.0010561490198597312, 89.99549865722656, -0.00013453676365315914)",0.027235,-0.067301,"(0.012139, -0.000015, 0.000336)",LeftFalse_RightFalse
1.398804,0.064205,"(-1.3105206489562988, 1.1836187839508057, 34.86689376831055)","(353.2104187011719, 182.1507568359375, 0.041233502328395844)","(-1.2488197088241577, 1.2559212446212769, 34.93675231933594)","(-0.004351298790425062, 191.70045471191406, -0.0012296905042603612)","(-1.6998156309127808, -0.003928562626242638, 34.992591857910156)","(-0.004510330501943827, 179.98704528808594, -0.0003206965047866106)",0.034841,-0.058563,"(0.000855, -0.000016, -0.036708)",LeftFalse_RightFalse,False,"(-34.996986389160156, -0.003924539778381586, -1.2499009370803833)","(-0.001677453052252531, 89.9970703125, -0.000177517460542731)",0.029727,-0.067534,"(0.015892, -0.000014, 0.000434)",LeftFalse_RightFalse
1.463623,0.064328,"(-1.3104432821273804, 1.183614730834961, 34.864376068115234)","(353.2215881347656, 182.1680908203125, 0.03346582129597664)","(-1.2487590312957764, 1.2559205293655396, 34.93424606323242)","(-0.004608725663274527, 191.6980743408203, -0.0012845819583162665)","(-1.6997573375701904, -0.003929447382688522, 34.99005889892578)","(-0.004773541819304228, 179.98464965820312, -0.0003221826918888837)",0.031357,-0.058563,"(0.000940, -0.000010, -0.040931)",LeftFalse_RightFalse,False,"(-34.99580001831055, -0.003925388678908348, -1.2498689889907837)","(-0.0021903417073190212, 89.9964599609375, -0.0002025893481913954)",0.029157,-0.067754,"(0.020013, -0.000014, 0.000530)",LeftFalse_RightFalse
1.526245,0.063997,"(-1.3103710412979126, 1.1836131811141968, 34.861671447753906)","(353.28948974609375, 182.19862365722656, 359.9792785644531)","(-1.248694658279419, 1.2559202909469604, 34.931541442871094)","(-0.004622196778655052, 191.69554138183594, -0.001276457100175321)","(-1.6996955871582031, -0.0039297654293477535, 34.987335205078125)","(-0.0047850823029875755, 179.9821319580078, -0.00031149215647019446)",0.028221,-0.058563,"(0.000989, -0.000001, -0.045004)",LeftFalse_RightFalse,False,"(-34.99436569213867, -0.003926137462258339, -1.2498291730880737)","(-0.002743109129369259, 89.99492645263672, -0.0002552320365794003)",0.023463,-0.067953,"(0.025830, -0.000012, 0.000709)",LeftFalse_RightFalse
1.593628,0.064671,"(-1.3109822273254395, 1.1836117506027222, 34.85867691040039)","(353.36322021484375, 182.2562713623047, 359.88287353515625)","(-1.2486212253570557, 1.2559198141098022, 34.928409576416016)","(-0.0043158698827028275, 191.69236755371094, -0.0011672239052131772)","(-1.6996262073516846, -0.003929625265300274, 34.98418426513672)","(-0.004462959710508585, 179.97894287109375, -0.0002667231310624629)",0.025399,-0.058563,"(0.001084, 0.000006, -0.048898)",LeftFalse_RightFalse,False,"(-34.992591857910156, -0.003926850389689207, -1.2497830390930176)","(-0.002909536473453045, 89.99374389648438, -0.00023387360852211714)",0.027968,-0.068165,"(0.027479, -0.000006, 0.000698)",LeftFalse_RightFalse
1.660034,0.065003,"(-1.3111180067062378, 1.1836118698120117, 34.8553352355957)","(353.3533020019531, 182.3000030517578, 359.84307861328125)","(-1.2485405206680298, 1.2559200525283813, 34.925025939941406)","(-0.004187027458101511, 191.68850708007812, -0.0011511894408613443)","(-1.6995490789413452, -0.003929260186851025, 34.98077392578125)","(-0.004333544056862593, 179.97509765625, -0.00027717987541109324)",0.022859,-0.058563,"(0.001136, 0.000006, -0.051618)",LeftFalse_RightFalse,False,"(-34.990596771240234, -0.003927147015929222, -1.2497307062149048)","(-0.003088629338890314, 89.99181365966797, -0.00024870314518921077)",0.029733,-0.068364,"(0.032947, -0.000004, 0.000888)",LeftFalse_RightFalse
1.723145,0.064634,"(-1.3111058473587036, 1.1829761266708374, 34.851951599121094)","(353.34844970703125, 182.33642578125, 359.81207275390625)","(-1.2484607696533203, 1.2559200525283813, 34.921630859375)","(-0.003859790973365307, 191.68568420410156, -0.0010627233423292637)","(-1.6994725465774536, -0.0039287712424993515, 34.97736358642578)","(-0.003995161969214678, 179.97225952148438, -0.000256990606430918)",0.020573,-0.058563,"(0.001231, 0.000009, -0.054956)",LeftFalse_RightFalse,False,"(-34.988399505615234, -0.003927455749362707, -1.249671220779419)","(-0.0033861296251416206, 89.98944854736328, -0.0002908582391683012)",0.022232,-0.068541,"(0.036221, -0.000004, 0.000967)",LeftFalse_RightFalse
1.788208,0.064715,"(-1.3110414743423462, 1.182734727859497, 34.84829330444336)","(353.29852294921875, 182.2860870361328, 359.83367919921875)","(-1.2483744621276855, 1.2559199333190918, 34.917972564697266)","(-0.0034659579396247864, 191.681640625, -0.0009534549899399281)","(-1.6993907690048218, -0.003928155638277531, 34.97368240356445)","(-0.003587347222492099, 179.9682159423828, -0.00022995231847744435)",0.018516,-0.058563,"(0.001331, 0.000011, -0.058822)",LeftFalse_RightFalse,False,"(-34.985939025878906, -0.003927558660507202, -1.2496066093444824)","(-0.0033470597118139267, 89.9851303100586, -0.00027707175468094647)",0.029732,-0.068713,"(0.039129, 0.000000, 0.001019)",LeftFalse_RightFalse
1.850464,0.064235,"(-1.3109567165374756, 1.1826547384262085, 34.844566345214844)","(353.2579345703125, 182.20948791503906, 359.87762451171875)","(-1.2482852935791016, 1.2559208869934082, 34.91424560546875)","(-0.0034041283652186394, 191.67788696289062, -0.000977580202743411)","(-1.699304461479187, -0.003927580546587706, 34.96992874145508)","(-0.003531703958287835, 179.96446228027344, -0.00026612755027599633)",0.016664,-0.058563,"(0.001418, 0.000007, -0.061616)",LeftFalse_RightFalse,False,"(-34.98338317871094, -0.003927461802959442, -1.249538540840149)","(-0.0033356354106217623, 89.98148345947266, -0.0002798919449560344)",0.026105,-0.068872,"(0.044034, 0.000001, 0.001188)",LeftFalse_RightFalse
1.916016,0.064505,"(-1.310859203338623, 1.1826225519180298, 34.84050750732422)","(353.3498840332031, 182.20095825195312, 359.81878662109375)","(-1.2481878995895386, 1.2559210062026978, 34.910186767578125)","(-0.0031621966045349836, 191.67477416992188, -0.0009246171684935689)","(-1.6992101669311523, -0.003927167505025864, 34.965850830078125)","(-0.0032840571366250515, 179.96136474609375, -0.00026338358293287456)",0.014998,-0.058563,"(0.001442, 0.000006, -0.062788)",LeftFalse_RightFalse,False,"(-34.980430603027344, -0.003927425481379032, -1.2494601011276245)","(-0.003381681628525257, 89.97880554199219, -0.00028338917763903737)",0.023225,-0.069039,"(0.047907, 0.000001, 0.001302)",LeftFalse_RightFalse
1.982056,0.064797,"(-1.3107601404190063, 1.1826105117797852, 34.836341857910156)","(353.367919921875, 182.23574829101562, 359.8828125)","(-1.2480900287628174, 1.255920648574829, 34.90602493286133)","(-0.002650405978783965, 191.67274475097656, -0.0007623883429914713)","(-1.699115514755249, -0.003926665056496859, 34.96168518066406)","(-0.0027499899733811617, 179.95932006835938, -0.0002084351726807654)",0.013498,-0.058563,"(0.001406, 0.000008, -0.062757)",LeftFalse_RightFalse,False,"(-34.97728729248047, -0.003927364945411682, -1.2493780851364136)","(-0.0031730697955936193, 89.97505187988281, -0.00024529494112357497)",0.021306,-0.069198,"(0.048492, 0.000003, 0.001258)",LeftFalse_RightFalse
2.048706,0.065182,"(-1.310650110244751, 1.1833446025848389, 34.83199691772461)","(353.16510009765625, 182.17587280273438, 0.015002436004579067)","(-1.2479846477508545, 1.2559211254119873, 34.90168380737305)","(-0.0024583039339631796, 191.6685333251953, -0.00073983398033306)","(-1.6990139484405518, -0.003926098346710205, 34.957313537597656)","(-0.0025573091115802526, 179.9551239013672, -0.00022535042080562562)",0.012148,-0.058563,"(0.001488, 0.000008, -0.064856)",LeftFalse_RightFalse,False,"(-34.973838806152344, -0.003927195910364389, -1.2492846250534058)","(-0.003312275744974613, 89.9723892211914, -0.00029814805020578206)",0.015738,-0.069354,"(0.053245, 0.000001, 0.001439)",LeftFalse_RightFalse
2.11731,0.065853,"(-1.310534119606018, 1.1835952997207642, 34.82747268676758)","(353.0996398925781, 182.04788208007812, 0.11705215275287628)","(-1.2478742599487305, 1.2559210062026978, 34.89716720581055)","(-0.002122235717251897, 191.6637725830078, -0.0006485655903816223)","(-1.6989085674285889, -0.003925514407455921, 34.95276641845703)","(-0.002209709957242012, 179.95034790039062, -0.0002042101405095309)",0.010934,-0.058563,"(0.001597, 0.000008, -0.067853)",LeftFalse_RightFalse,False,"(-34.970130920410156, -0.003927040845155716, -1.2491843700408936)","(-0.0031572566367685795, 89.967529296875, -0.0002915251534432173)",0.02234,-0.069502,"(0.054404, 0.000004, 0.001453)",LeftFalse_RightFalse
2.18335,0.065887,"(-1.3104199171066284, 1.1836704015731812, 34.82310485839844)","(353.2882995605469, 181.9895477294922, 0.0032170412596315145)","(-1.2477668523788452, 1.255920648574829, 34.892799377441406)","(-0.0016620283713564277, 191.65818786621094, -0.0005014376947656274)","(-1.6988075971603394, -0.003925100434571505, 34.948368072509766)","(-0.0017292172415181994, 179.94476318359375, -0.00015357592201326042)",0.00984,-0.058563,"(0.001548, 0.000008, -0.067181)",LeftFalse_RightFalse,False,"(-34.9664306640625, -0.003926706500351429, -1.249084711074829)","(-0.0028875942807644606, 89.96216583251953, -0.0002705804945435375)",0.018731,-0.069637,"(0.057458, 0.000006, 0.001567)",LeftFalse_RightFalse
2.249878,0.066032,"(-1.3103046417236328, 1.1836966276168823, 34.818565368652344)","(353.4400634765625, 182.06837463378906, 359.8550720214844)","(-1.2476563453674316, 1.2559212446212769, 34.888267517089844)","(-0.0015799894463270903, 191.6543731689453, -0.0005096441600471735)","(-1.698700189590454, -0.003924677148461342, 34.94380569458008)","(-0.0016505527310073376, 179.94094848632812, -0.00017826678231358528)",0.024332,-0.058563,"(0.001644, 0.000005, -0.069205)",LeftFalse_RightFalse,False,"(-34.96257019042969, -0.003926369361579418, -1.2489814758300781)","(-0.0025989150162786245, 89.95759582519531, -0.00023820532078389078)",0.017346,-0.069774,"(0.060061, 0.000006, 0.001639)",LeftFalse_RightFalse
2.316284,0.066089,"(-1.3108413219451904, 1.18370521068573, 34.81413269042969)","(353.5, 182.25347900390625, 359.6967468261719)","(-1.247544288635254, 1.2559211254119873, 34.88370132446289)","(-0.0014346531825140119, 191.65025329589844, -0.00046190430293790996)","(-1.6985926628112793, -0.0039245025254786015, 34.939212799072266)","(-0.001498551107943058, 179.93682861328125, -0.0001610267354408279)",0.05523,-0.058563,"(0.001588, 0.000001, -0.069095)",LeftFalse_RightFalse,False,"(-34.95854187011719, -0.003926079720258713, -1.2488715648651123)","(-0.002506762510165572, 89.9518814086914, -0.0002450602187309414)",0.016574,-0.069897,"(0.061681, 0.000003, 0.001676)",LeftFalse_RightFalse
2.378662,0.065355,"(-1.3109320402145386, 1.1830763816833496, 34.80963134765625)","(353.5187072753906, 182.32699584960938, 359.62890625)","(-1.2474334239959717, 1.2559213638305664, 34.87916564941406)","(-0.0018043224699795246, 191.64566040039062, -0.0005547100445255637)","(-1.6984858512878418, -0.003924697171896696, 34.93463134765625)","(-0.0018793634371832013, 179.93223571777344, -0.00017685080820228904)",0.084625,-0.058563,"(0.001763, -0.000008, -0.075695)",LeftFalse_RightFalse,False,"(-34.954681396484375, -0.003925820346921682, -1.2487674951553345)","(-0.0022385602351278067, 89.94855499267578, -0.00020800485799554735)",0.027716,-0.070022,"(0.062363, 0.000004, 0.001672)",LeftFalse_RightFalse
2.444092,0.065358,"(-1.3108720779418945, 1.1828320026397705, 34.80422592163086)","(353.4635925292969, 182.22605895996094, 359.7054443359375)","(-1.2472989559173584, 1.2559229135513306, 34.873748779296875)","(-0.0034323635045439005, 191.64013671875, -0.001038992777466774)","(-1.6983535289764404, -0.003925972618162632, 34.929134368896484)","(-0.0035718188155442476, 179.9267120361328, -0.00032052898313850164)",0.110684,-0.058563,"(0.002190, -0.000026, -0.090085)",LeftFalse_RightFalse,False,"(-34.9504508972168, -0.003925678785890341, -1.248652458190918)","(-0.002226967364549637, 89.94529724121094, -0.00020765083900187165)",0.052099,-0.070148,"(0.065918, 0.000000, 0.001787)",LeftFalse_RightFalse
2.50647,0.064763,"(-1.3100594282150269, 1.182754397392273, 34.7979850769043)","(353.41522216796875, 182.12957763671875, 359.8491516113281)","(-1.2471474409103394, 1.2559244632720947, 34.867652893066406)","(359.9941711425781, 191.63584899902344, -0.0017233078833669424)","(-1.6982020139694214, -0.003928271122276783, 34.922950744628906)","(359.9939270019531, 179.92242431640625, -0.0005034634377807379)",0.134931,-0.058563,"(0.002613, -0.000053, -0.108195)",LeftFalse_RightFalse,False,"(-34.94605255126953, -0.003925958648324013, -1.2485302686691284)","(-0.0028526640962809324, 89.94083404541016, -0.00028182874666526914)",0.057444,-0.07025,"(0.073284, -0.000013, 0.001982)",LeftFalse_RightFalse
2.571411,0.064818,"(-1.3096129894256592, 1.182725191116333, 34.790531158447266)","(353.4618225097656, 182.107177734375, 359.9149169921875)","(-1.246964454650879, 1.2559242248535156, 34.860260009765625)","(359.9915771484375, 191.63095092773438, -0.0023966007865965366)","(-1.6980206966400146, -0.003932060208171606, 34.91545867919922)","(359.99127197265625, 179.91754150390625, -0.0006381336716003716)",0.159531,-0.058563,"(0.002996, -0.000062, -0.124969)",LeftFalse_RightFalse,False,"(-34.9410400390625, -0.0039269039407372475, -1.2483924627304077)","(-0.0036977524869143963, 89.93604278564453, -0.00033955179969780147)",0.06913,-0.070345,"(0.082214, -0.000017, 0.002285)",LeftFalse_RightFalse
2.636597,0.064877,"(-1.3092923164367676, 1.1827176809310913, 34.78178787231445)","(353.43988037109375, 182.10325622558594, 359.94476318359375)","(-1.2467451095581055, 1.2559245824813843, 34.85154724121094)","(359.9886169433594, 191.62181091308594, -0.003194401739165187)","(-1.6978062391281128, -0.003936321474611759, 34.90660858154297)","(359.9881896972656, 179.9084014892578, -0.0008140242425724864)",0.186432,-0.058563,"(0.003617, -0.000069, -0.148251)",LeftFalse_RightFalse,False,"(-34.93537521362305, -0.003928361460566521, -1.2482327222824097)","(-0.005103557836264372, 89.93143463134766, -0.00048006194992922246)",0.094445,-0.07042,"(0.092047, -0.000027, 0.002610)",LeftFalse_RightFalse
2.703735,0.065339,"(-1.308969497680664, 1.1827199459075928, 34.77091979980469)","(353.2828063964844, 182.05892944335938, 359.9666442871094)","(-1.246468186378479, 1.2559260129928589, 34.84070587158203)","(359.98455810546875, 191.6111297607422, -0.0043759155087172985)","(-1.697532057762146, -0.003941545728594065, 34.89558792114258)","(359.9839782714844, 179.89772033691406, -0.0011488598538562655)",0.21223,-0.058746,"(0.004362, -0.000081, -0.175101)",LeftFalse_RightFalse,False,"(-34.928680419921875, -0.003930455539375544, -1.2480390071868896)","(359.99298095703125, 89.92327117919922, -0.0006665256223641336)",0.107839,-0.070456,"(0.102742, -0.000036, 0.002918)",LeftFalse_RightFalse
2.771729,0.065869,"(-1.308603048324585, 1.1827237606048584, 34.75779724121094)","(353.1700134277344, 181.9844970703125, 0.009647269733250141)","(-1.2461283206939697, 1.2559263706207275, 34.82760238647461)","(359.9804992675781, 191.59844970703125, -0.005507234018296003)","(-1.6971977949142456, -0.003947496879845858, 34.882293701171875)","(359.97979736328125, 179.88502502441406, -0.0014343216316774487)",0.235449,-0.059784,"(0.005277, -0.000093, -0.211526)",LeftFalse_RightFalse,False,"(-34.92100524902344, -0.003933249041438103, -1.2478218078613281)","(359.9913330078125, 89.91453552246094, -0.0007233034702949226)",0.142424,-0.070372,"(0.121495, -0.000041, 0.003438)",LeftFalse_RightFalse
2.838989,0.066155,"(-1.3081798553466797, 1.1827274560928345, 34.74260711669922)","(353.3359375, 181.94761657714844, 0.011645110324025154)","(-1.2457280158996582, 1.2559260129928589, 34.812435150146484)","(359.976806640625, 191.58282470703125, 359.99346923828125)","(-1.6968064308166504, -0.003953593783080578, 34.866920471191406)","(359.9759521484375, 179.86940002441406, -0.0016982993111014366)",0.255948,-0.061066,"(0.006273, -0.000090, -0.244733)",LeftFalse_RightFalse,False,"(-34.91215515136719, -0.003936217166483402, -1.2475684881210327)","(359.989013671875, 89.90419006347656, -0.000897471618372947)",0.156786,-0.070191,"(0.140926, -0.000051, 0.004041)",LeftFalse_RightFalse
2.906006,0.066316,"(-1.3075439929962158, 1.182732105255127, 34.72565460205078)","(353.30487060546875, 181.90701293945312, 0.0028109289705753326)","(-1.2452507019042969, 1.2559267282485962, 34.79485321044922)","(359.9730529785156, 191.5645751953125, 359.9923400878906)","(-1.6963387727737427, -0.0039594741538167, 34.84910583496094)","(359.9720458984375, 179.85116577148438, -0.0020409415010362864)",0.274398,-0.061798,"(0.007681, -0.000086, -0.290667)",LeftFalse_RightFalse,False,"(-34.9017448425293, -0.003940053284168243, -1.2472646236419678)","(359.9857482910156, 89.89102935791016, -0.0012084624031558633)",0.170602,-0.069926,"(0.169278, -0.000062, 0.004919)",LeftFalse_RightFalse
2.969604,0.065761,"(-1.3069452047348022, 1.1827359199523926, 34.70668411254883)","(353.18035888671875, 181.8162078857422, 0.018796278163790703)","(-1.24471914768219, 1.2559269666671753, 34.775699615478516)","(359.9696960449219, 191.5445098876953, 359.9913330078125)","(-1.6958192586898804, -0.003964949399232864, 34.82971954345703)","(359.96856689453125, 179.8311004638672, -0.0023439445067197084)",0.291003,-0.061829,"(0.008848, -0.000082, -0.327663)",LeftFalse_RightFalse,False,"(-34.890296936035156, -0.003944156225770712, -1.2469271421432495)","(359.98272705078125, 89.87747955322266, -0.0014714972348883748)",0.197533,-0.069598,"(0.194732, -0.000067, 0.005762)",LeftFalse_RightFalse
3.038574,0.066417,"(-1.3060709238052368, 1.1827397346496582, 34.683841705322266)","(353.0641174316406, 181.65721130371094, 0.1126953586935997)","(-1.244050145149231, 1.2559272050857544, 34.75202941894531)","(359.96624755859375, 191.51962280273438, 359.99029541015625)","(-1.695166826248169, -0.003970462828874588, 34.8057746887207)","(359.9649658203125, 179.80621337890625, -0.002645952394232154)",0.305947,-0.061829,"(0.010040, -0.000079, -0.366800)",LeftFalse_RightFalse,False,"(-34.87602233886719, -0.0039488570764660835, -1.246504783630371)","(359.979736328125, 89.86067962646484, -0.0016802531899884343)",0.220907,-0.069152,"(0.219426, -0.000070, 0.006464)",LeftFalse_RightFalse
3.104126,0.066253,"(-1.3052585124969482, 1.1827434301376343, 34.658668518066406)","(353.0277404785156, 181.55926513671875, 0.1734444946050644)","(-1.2433212995529175, 1.2559276819229126, 34.72663879394531)","(359.9631042480469, 191.49298095703125, 359.9893798828125)","(-1.694456696510315, -0.0039754221215844154, 34.78010177612305)","(359.9617004394531, 179.77955627441406, -0.0029158303514122963)",0.319397,-0.061829,"(0.011320, -0.000074, -0.407825)",LeftFalse_RightFalse,False,"(-34.860389709472656, -0.003953457809984684, -1.246040940284729)","(359.9765625, 89.84224700927734, -0.0019136453047394753)",0.228483,-0.068625,"(0.250219, -0.000071, 0.007429)",LeftFalse_RightFalse
3.170166,0.066189,"(-1.3043714761734009, 1.1827468872070312, 34.63013458251953)","(353.00347900390625, 181.4722900390625, 0.20281381905078888)","(-1.2424877882003784, 1.2559278011322021, 34.698055267333984)","(359.96014404296875, 191.4630126953125, 359.9884948730469)","(-1.6936447620391846, -0.003980222158133984, 34.75121307373047)","(359.9586181640625, 179.74960327148438, -0.0031861301977187395)",0.331105,-0.061829,"(0.013158, -0.000069, -0.464666)",LeftFalse_RightFalse,False,"(-34.84246826171875, -0.003958042245358229, -1.2455084323883057)","(359.9735107421875, 89.82158660888672, -0.0021237130276858807)",0.252713,-0.067989,"(0.290771, -0.000070, 0.008659)",LeftFalse_RightFalse
3.237549,0.066437,"(-1.3033626079559326, 1.1827504634857178, 34.597694396972656)","(353.0617370605469, 181.43353271484375, 0.19820097088813782)","(-1.241525650024414, 1.2559282779693604, 34.66562271118164)","(359.9573974609375, 191.42910766601562, 359.9876403808594)","(-1.6927077770233154, -0.0039847055450081825, 34.71845245361328)","(359.9557800292969, 179.7156982421875, -0.003458371153101325)",0.341642,-0.061829,"(0.014648, -0.000065, -0.508635)",LeftFalse_RightFalse,False,"(-34.82175827026367, -0.003962580114603043, -1.2448899745941162)","(359.9704895019531, 89.79790496826172, -0.0023454115726053715)",0.271816,-0.067224,"(0.324554, -0.000066, 0.009706)",LeftFalse_RightFalse
3.305176,0.066671,"(-1.3022325038909912, 1.1827538013458252, 34.561805725097656)","(353.1656494140625, 181.39453125, 0.19125424325466156)","(-1.2404423952102661, 1.255928874015808, 34.62976837158203)","(359.95489501953125, 191.39169311523438, 359.98681640625)","(-1.6916522979736328, -0.0039889076724648476, 34.682247161865234)","(359.9531555175781, 179.6782684326172, -0.0037429220974445343)",0.350729,-0.061829,"(0.016241, -0.000061, -0.553828)",LeftFalse_RightFalse,False,"(-34.7983512878418, -0.003967179451137781, -1.2441884279251099)","(359.9673767089844, 89.77144622802734, -0.0025749464984983206)",0.285182,-0.066331,"(0.360868, -0.000069, 0.010826)",LeftFalse_RightFalse
3.373657,0.067041,"(-1.3009493350982666, 1.1827569007873535, 34.52182388305664)","(353.2187194824219, 181.3680419921875, 0.13613194227218628)","(-1.2392096519470215, 1.2559293508529663, 34.58982849121094)","(359.95257568359375, 191.35006713867188, 359.98602294921875)","(-1.690450668334961, -0.0039929961785674095, 34.64192581176758)","(359.9507141113281, 179.63662719726562, -0.004043882247060537)",0.35851,-0.061829,"(0.018521, -0.000057, -0.615348)",LeftFalse_RightFalse,False,"(-34.77165985107422, -0.003971744328737259, -1.2433866262435913)","(359.9642639160156, 89.74173736572266, -0.0027985170017927885)",0.29738,-0.065288,"(0.411445, -0.000067, 0.012416)",LeftFalse_RightFalse
3.440796,0.067057,"(-1.2995527982711792, 1.1827598810195923, 34.47919464111328)","(353.2209777832031, 181.3688201904297, 0.08595632016658783)","(-1.2378664016723633, 1.2559301853179932, 34.5472526550293)","(359.9505615234375, 191.30572509765625, 359.9853210449219)","(-1.6891405582427979, -0.0039965566247701645, 34.59895324707031)","(359.9486083984375, 179.59231567382812, -0.004345598164945841)",0.365117,-0.061829,"(0.020356, -0.000050, -0.662229)",LeftFalse_RightFalse,False,"(-34.74263381958008, -0.003976116888225079, -1.242510199546814)","(359.96142578125, 89.70987701416016, -0.0030032261274755)",0.316964,-0.064132,"(0.450811, -0.000063, 0.013636)",LeftFalse_RightFalse
3.505737,0.066629,"(-1.2980607748031616, 1.1827629804611206, 34.43462371826172)","(353.22052001953125, 181.3404998779297, 0.043923597782850266)","(-1.2364296913146973, 1.2559313774108887, 34.50273132324219)","(359.9488220214844, 191.2594451904297, 359.9846496582031)","(-1.6877385377883911, -0.003999548964202404, 34.55402755737305)","(359.94677734375, 179.54603576660156, -0.0046503785997629166)",0.370666,-0.061829,"(0.022974, -0.000048, -0.725497)",LeftFalse_RightFalse,False,"(-34.71165084838867, -0.003980298526585102, -1.2415727376937866)","(359.9587097167969, 89.676513671875, -0.00319231697358191)",0.321644,-0.062884,"(0.506681, -0.000063, 0.015437)",LeftFalse_RightFalse
3.576782,0.067525,"(-1.2962526082992554, 1.1827656030654907, 34.38192367553711)","(353.2386779785156, 181.2703094482422, 0.009571999311447144)","(-1.234687089920044, 1.2559324502944946, 34.45009231567383)","(359.9471740722656, 191.2047882080078, 359.98394775390625)","(-1.6860365867614746, -0.004002937115728855, 34.500919342041016)","(359.94500732421875, 179.4913787841797, -0.0049949330277740955)",0.375264,-0.061829,"(0.025075, -0.000043, -0.773350)",LeftFalse_RightFalse,False,"(-34.67428207397461, -0.003984685521572828, -1.2404342889785767)","(359.95599365234375, 89.63694763183594, -0.0033929075580090284)",0.344114,-0.060459,"(0.548889, -0.000059, 0.016763)",LeftFalse_RightFalse
3.644165,0.067497,"(-1.2943669557571411, 1.1827683448791504, 34.328338623046875)","(353.2426452636719, 181.21876525878906, 0.007942196913063526)","(-1.232867956161499, 1.2559336423873901, 34.396568298339844)","(359.9457702636719, 191.14927673339844, 359.9833068847656)","(-1.6842586994171143, -0.004005826078355312, 34.44692611694336)","(359.9435119628906, 179.4358673095703, -0.00533687137067318)",0.379005,-0.060364,"(0.027301, -0.000043, -0.821525)",LeftFalse_RightFalse,False,"(-34.63552474975586, -0.003988670185208321, -1.2392613887786865)","(359.9534912109375, 89.59733581542969, -0.0034731270279735327)",0.350254,-0.058812,"(0.594129, -0.000058, 0.017982)",LeftFalse_RightFalse
3.711792,0.067521,"(-1.292311429977417, 1.1827694177627563, 34.27085494995117)","(353.2584533691406, 181.18701171875, 0.051579639315605164)","(-1.2308824062347412, 1.2559335231781006, 34.339149475097656)","(359.94451904296875, 191.0908203125, 359.9828796386719)","(-1.682320237159729, -0.004008601885288954, 34.389015197753906)","(359.94219970703125, 179.3773956298828, -0.005505678243935108)",0.382372,-0.057281,"(0.029997, -0.000039, -0.885956)",LeftFalse_RightFalse,False,"(-34.593109130859375, -0.003992573358118534, -1.237981915473938)","(359.9510498046875, 89.55545806884766, -0.0035611228086054325)",0.35023,-0.057114,"(0.655138, -0.000057, 0.019897)",LeftFalse_RightFalse
3.781982,0.068059,"(-1.2892653942108154, 1.1827691793441772, 34.20716857910156)","(353.2701110839844, 181.09776306152344, 0.09210564196109772)","(-1.2286739349365234, 1.2559313774108887, 34.27568054199219)","(359.9433288574219, 191.02853393554688, 359.9826965332031)","(-1.6801671981811523, -0.004011267330497503, 34.32503128051758)","(359.94097900390625, 179.3151092529297, -0.005427817348390818)",0.385005,-0.053314,"(0.031499, -0.000039, -0.934380)",LeftFalse_RightFalse,False,"(-34.545440673828125, -0.0039963857270777225, -1.236537218093872)","(359.9488830566406, 89.50959014892578, -0.0036867158487439156)",0.371608,-0.055208,"(0.700463, -0.000053, 0.021281)",LeftFalse_RightFalse
3.851318,0.068316,"(-1.2866812944412231, 1.182766079902649, 34.14043045043945)","(353.3446044921875, 180.95265197753906, 0.15149296820163727)","(-1.2263867855072021, 1.2559266090393066, 34.20905303955078)","(359.94219970703125, 190.9676971435547, 359.98291015625)","(-1.6779409646987915, -0.004013817757368088, 34.25790023803711)","(359.93994140625, 179.25425720214844, -0.005014255177229643)",0.386185,-0.049713,"(0.033315, -0.000037, -0.998901)",LeftFalse_RightFalse,False,"(-34.494544982910156, -0.003999974578619003, -1.234994649887085)","(359.9468078613281, 89.46235656738281, -0.0037873098626732826)",0.366763,-0.053187,"(0.764645, -0.000050, 0.023354)",LeftFalse_RightFalse
3.920288,0.068434,"(-1.284157395362854, 1.1827630996704102, 34.07032775878906)","(353.5210876464844, 180.88827514648438, 0.2512713670730591)","(-1.2240030765533447, 1.2559220790863037, 34.1390266418457)","(359.9412536621094, 190.90750122070312, 359.9830627441406)","(-1.6756157875061035, -0.004016290884464979, 34.1873779296875)","(359.9390563964844, 179.194091796875, -0.004656785633414984)",0.386454,-0.047668,"(0.034508, -0.000036, -1.047034)",LeftFalse_RightFalse,False,"(-34.44020462036133, -0.004003444686532021, -1.2333405017852783)","(359.9449768066406, 89.41350555419922, -0.0038839909248054028)",0.384448,-0.052443,"(0.811630, -0.000049, 0.024762)",LeftFalse_RightFalse
3.991333,0.068957,"(-1.2814843654632568, 1.1827609539031982, 33.994075775146484)","(353.6162414550781, 180.88401794433594, 0.2976555824279785)","(-1.2214256525039673, 1.2559188604354858, 34.062843322753906)","(359.94049072265625, 190.84584045410156, 359.98309326171875)","(-1.6730942726135254, -0.004018804989755154, 34.110694885253906)","(359.93829345703125, 179.13241577148438, -0.0044610630720853806)",0.383917,-0.04657,"(0.036859, -0.000034, -1.110629)",LeftFalse_RightFalse,False,"(-34.38016891479492, -0.0040067704394459724, -1.2314927577972412)","(359.9432067871094, 89.36088562011719, -0.004106225911527872)",0.378188,-0.056362,"(0.877255, -0.000047, 0.027316)",LeftFalse_RightFalse
4.061401,0.069182,"(-1.2786999940872192, 1.1827608346939087, 33.91498565673828)","(353.5884704589844, 180.78363037109375, 0.3535047769546509)","(-1.2187223434448242, 1.255918264389038, 33.983821868896484)","(359.9399719238281, 190.78372192382812, 359.9828186035156)","(-1.6704387664794922, -0.004021108616143465, 34.03116989135742)","(359.937744140625, 179.0703125, -0.004626206122338772)",0.378856,-0.045136,"(0.038932, -0.000032, -1.157467)",LeftFalse_RightFalse,False,"(-34.316959381103516, -0.004009933210909367, -1.2294431924819946)","(359.9416809082031, 89.30345916748047, -0.00497239688411355)",0.393528,-0.060097,"(0.925012, -0.000045, 0.030673)",LeftFalse_RightFalse
4.129395,0.068953,"(-1.275127649307251, 1.1827609539031982, 33.834449768066406)","(353.5246887207031, 180.5641326904297, 0.3599321246147156)","(-1.2159404754638672, 1.255918025970459, 33.90348434448242)","(359.9397277832031, 190.7226104736328, 359.9825744628906)","(-1.6677026748657227, -0.004023190122097731, 33.95034408569336)","(359.93743896484375, 179.00918579101562, -0.004822286777198315)",0.371525,-0.042114,"(0.041739, -0.000027, -1.218257)",LeftFalse_RightFalse,False,"(-34.25175857543945, -0.0040129744447767735, -1.2271634340286255)","(359.9403076171875, 89.23981475830078, 359.9937438964844)",0.379044,-0.063837,"(0.991213, -0.000044, 0.035565)",LeftFalse_RightFalse
4.196777,0.068627,"(-1.2711806297302246, 1.1827595233917236, 33.751277923583984)","(353.5220031738281, 180.38973999023438, 0.38812023401260376)","(-1.213045358657837, 1.2559163570404053, 33.820560455322266)","(359.9397277832031, 190.66232299804688, 359.9825744628906)","(-1.6648566722869873, -0.004024883266538382, 33.866943359375)","(359.93743896484375, 178.94891357421875, -0.004819429479539394)",0.36453,-0.037354,"(0.043152, -0.000021, -1.262286)",LeftFalse_RightFalse,False,"(-34.18354415893555, -0.004015861079096794, -1.224623203277588)","(359.93927001953125, 89.16978454589844, 359.99249267578125)",0.393532,-0.064072,"(1.038172, -0.000040, 0.039654)",LeftFalse_RightFalse
4.265503,0.068646,"(-1.2669800519943237, 1.1827539205551147, 33.663002014160156)","(353.53057861328125, 180.2014923095703, 0.44444772601127625)","(-1.2100186347961426, 1.255910038948059, 33.73255157470703)","(359.9398498535156, 190.6045379638672, 359.98321533203125)","(-1.6618900299072266, -0.00402611680328846, 33.77848434448242)","(359.9377136230469, 178.89109802246094, -0.004211645573377609)",0.358234,-0.030884,"(0.044262, -0.000016, -1.318947)",LeftFalse_RightFalse,False,"(-34.11023712158203, -0.004018518142402172, -1.2217535972595215)","(359.9383850097656, 89.09229278564453, 359.99163818359375)",0.377115,-0.067451,"(1.103212, -0.000036, 0.044179)",LeftFalse_RightFalse
4.334351,0.068681,"(-1.263499140739441, 1.182745337486267, 33.57133865356445)","(353.4935302734375, 180.014404296875, 0.5782104134559631)","(-1.206946849822998, 1.2559008598327637, 33.6410026550293)","(359.94012451171875, 190.55172729492188, 359.9842529296875)","(-1.658881425857544, -0.004027403891086578, 33.68653106689453)","(359.93817138671875, 178.8383026123047, -0.0032632919028401375)",0.352568,-0.024841,"(0.043831, -0.000015, -1.360062)",LeftFalse_RightFalse,False,"(-34.032981872558594, -0.004020920488983393, -1.2185704708099365)","(359.9377746582031, 89.00834655761719, 359.99078369140625)",0.390427,-0.071119,"(1.148942, -0.000034, 0.048633)",LeftFalse_RightFalse
4.400635,0.068196,"(-1.2597168684005737, 1.1827337741851807, 33.47994613647461)","(353.4743347167969, 179.87191772460938, 0.7333522439002991)","(-1.2040365934371948, 1.25588858127594, 33.5498046875)","(359.9404296875, 190.50904846191406, 359.9857177734375)","(-1.6560356616973877, -0.0040281424298882484, 33.595008850097656)","(359.93878173828125, 178.7956085205078, -0.0018787458539009094)",0.347072,-0.020721,"(0.042981, -0.000012, -1.399914)",LeftFalse_RightFalse,False,"(-33.9551887512207, -0.0040230960585176945, -1.2151470184326172)","(359.9373779296875, 88.9191665649414, 359.9895935058594)",0.384588,-0.073587,"(1.196275, -0.000032, 0.053827)",LeftFalse_RightFalse
4.470337,0.068514,"(-1.256363034248352, 1.1827234029769897, 33.38064956665039)","(353.5208740234375, 179.7909698486328, 0.8640971779823303)","(-1.201019048690796, 1.2558778524398804, 33.45059585571289)","(359.9409484863281, 190.4716339111328, 359.9870300292969)","(-1.653073787689209, -0.004028938710689545, 33.495521545410156)","(359.9395446777344, 178.75819396972656, -0.0006999808247201145)",0.340141,-0.019226,"(0.042971, -0.000008, -1.451267)",LeftFalse_RightFalse,False,"(-33.86955642700195, -0.004025026224553585, -1.2111388444900513)","(359.93701171875, 88.81645965576172, 359.9883728027344)",0.36709,-0.074301,"(1.257656, -0.000028, 0.060407)",LeftFalse_RightFalse
4.533569,0.067452,"(-1.2534828186035156, 1.1827197074890137, 33.2880744934082)","(353.6364440917969, 179.82431030273438, 0.8523815870285034)","(-1.1982563734054565, 1.2558746337890625, 33.358062744140625)","(359.94158935546875, 190.4405059814453, 359.9874267578125)","(-1.650341510772705, -0.004029364325106144, 33.40275955200195)","(359.94024658203125, 178.7270965576172, -0.00044229754712432623)",0.329538,-0.019226,"(0.043821, -0.000008, -1.488244)",LeftFalse_RightFalse,False,"(-33.788856506347656, -0.0040266672149300575, -1.2071878910064697)","(359.93701171875, 88.71804809570312, 359.98773193359375)",0.375779,-0.074906,"(1.300522, -0.000022, 0.064899)",LeftFalse_RightFalse
4.599609,0.067166,"(-1.2504488229751587, 1.182719349861145, 33.18881607055664)","(353.7283935546875, 179.88201904296875, 0.7692139148712158)","(-1.195292353630066, 1.2558757066726685, 33.25884246826172)","(359.9425354003906, 190.4087371826172, 359.9873046875)","(-1.6473954916000366, -0.004030056297779083, 33.303306579589844)","(359.941162109375, 178.69529724121094, -0.0007721820729784667)",0.310076,-0.019226,"(0.045347, -0.000007, -1.523157)",LeftFalse_RightFalse,False,"(-33.70149612426758, -0.004028037656098604, -1.2027359008789062)","(359.93719482421875, 88.61048126220703, 359.9872131347656)",0.370915,-0.070054,"(1.344319, -0.000021, 0.069644)",LeftFalse_RightFalse
4.667847,0.067396,"(-1.247212529182434, 1.1827207803726196, 33.08359909057617)","(353.7732238769531, 179.8653106689453, 0.6646296381950378)","(-1.192108392715454, 1.2558794021606445, 33.153656005859375)","(359.9439697265625, 190.3754119873047, 359.9869384765625)","(-1.6442238092422485, -0.004030279815196991, 33.1978874206543)","(359.9424743652344, 178.66197204589844, -0.0014147645561024547)",0.283831,-0.019196,"(0.047536, 0.000002, -1.564998)",LeftFalse_RightFalse,False,"(-33.60779571533203, -0.004029463976621628, -1.197880506515503)","(359.9373779296875, 88.4991683959961, 359.98773193359375)",0.343383,-0.070024,"(1.401353, -0.000020, 0.073560)",LeftFalse_RightFalse
4.735962,0.067541,"(-1.2438644170761108, 1.1827218532562256, 32.97637939453125)","(353.718994140625, 179.78414916992188, 0.6672374606132507)","(-1.1888059377670288, 1.2558832168579102, 33.046470642089844)","(359.9458312988281, 190.34156799316406, 359.9866638183594)","(-1.6409339904785156, -0.004029745236039162, 33.09047317504883)","(359.94427490234375, 178.62814331054688, -0.00206346670165658)",0.255448,-0.019196,"(0.049116, 0.000010, -1.591790)",LeftFalse_RightFalse,False,"(-33.51117706298828, -0.0040306104347109795, -1.1927480697631836)","(359.9379577636719, 88.38713836669922, 359.98797607421875)",0.347599,-0.068895,"(1.439235, -0.000014, 0.077636)",LeftFalse_RightFalse
4.806519,0.068133,"(-1.2402756214141846, 1.1827213764190674, 32.86345291137695)","(353.72393798828125, 179.67201232910156, 0.6574414968490601)","(-1.1852623224258423, 1.2558865547180176, 32.93357467651367)","(359.94854736328125, 190.30606079101562, 359.9866638183594)","(-1.6374067068099976, -0.004028376191854477, 32.97735595703125)","(359.9468994140625, 178.5926513671875, -0.002621566876769066)",0.229903,-0.019012,"(0.051108, 0.000029, -1.620869)",LeftFalse_RightFalse,False,"(-33.40813064575195, -0.0040313685312867165, -1.1871122121810913)","(359.9389343261719, 88.26924133300781, 359.9880065917969)",0.312237,-0.063448,"(1.489977, -0.000007, 0.083127)",LeftFalse_RightFalse
4.872803,0.067768,"(-1.2367886304855347, 1.1827197074890137, 32.75569152832031)","(353.72210693359375, 179.64096069335938, 0.6924362778663635)","(-1.1818172931671143, 1.255888819694519, 32.82583999633789)","(359.9515380859375, 190.27239990234375, 359.98687744140625)","(-1.6339807510375977, -0.004026203416287899, 32.869422912597656)","(359.94989013671875, 178.5589599609375, -0.0029989194590598345)",0.206913,-0.018311,"(0.052418, 0.000041, -1.638242)",LeftFalse_RightFalse,False,"(-33.30845260620117, -0.004031684715300798, -1.181570053100586)","(359.940185546875, 88.15982818603516, 359.9886169433594)",0.308632,-0.058571,"(1.522204, 0.000000, 0.084950)",LeftFalse_RightFalse
4.940308,0.067712,"(-1.2331538200378418, 1.1827164888381958, 32.64484405517578)","(353.63787841796875, 179.53680419921875, 0.7968115210533142)","(-1.1782240867614746, 1.255889892578125, 32.71501922607422)","(359.95501708984375, 190.2386016845703, 359.9874572753906)","(-1.6304118633270264, -0.004022981505841017, 32.7584114074707)","(359.9533996582031, 178.52516174316406, -0.003148769261315465)",0.186221,-0.01651,"(0.053356, 0.000053, -1.651643)",LeftFalse_RightFalse,False,"(-33.20463562011719, -0.004031278658658266, -1.1758084297180176)","(359.94195556640625, 88.05476379394531, 359.9898681640625)",0.291262,-0.047589,"(1.553422, 0.000012, 0.086474)",LeftFalse_RightFalse
5.008667,0.06783,"(-1.2286076545715332, 1.1827099323272705, 32.53231430053711)","(353.5462341308594, 179.4115753173828, 0.8726125359535217)","(-1.1745442152023315, 1.2558881044387817, 32.60195541381836)","(359.9587097167969, 190.20664978027344, 359.9884948730469)","(-1.6267640590667725, -0.004019004758447409, 32.645179748535156)","(359.9572448730469, 178.49322509765625, -0.002890475792810321)",0.167599,-0.013611,"(0.053857, 0.000066, -1.664716)",LeftFalse_RightFalse,False,"(-33.09728240966797, -0.004030318930745125, -1.1700247526168823)","(359.9440002441406, 87.96205139160156, 359.9925231933594)",0.252602,-0.043183,"(1.591047, 0.000019, 0.085375)",LeftFalse_RightFalse
5.078613,0.068263,"(-1.2245272397994995, 1.1827019453048706, 32.415897369384766)","(353.5091247558594, 179.34912109375, 0.9153891205787659)","(-1.1707671880722046, 1.2558842897415161, 32.485382080078125)","(359.9623718261719, 190.17750549316406, 359.9898681640625)","(-1.623024344444275, -0.0040143197402358055, 32.52846145629883)","(359.96112060546875, 178.46408081054688, -0.002288615796715021)",0.150839,-0.01004,"(0.053344, 0.000065, -1.671361)",LeftFalse_RightFalse,False,"(-32.985206604003906, -0.004028691444545984, -1.1640660762786865)","(359.9466247558594, 87.87682342529297, -0.005638796836137772)",0.252969,-0.040737,"(1.612602, 0.000030, 0.085714)",LeftFalse_RightFalse
5.147095,0.068297,"(-1.2208013534545898, 1.182691216468811, 32.301517486572266)","(353.49188232421875, 179.3439178466797, 0.97988361120224)","(-1.1671454906463623, 1.255876898765564, 32.37096405029297)","(359.9657897949219, 190.15525817871094, 359.9916687011719)","(-1.6194450855255127, -0.004009791649878025, 32.41394805908203)","(359.9648132324219, 178.44183349609375, -0.001222111051902175)",0.135755,-0.007294,"(0.052076, 0.000067, -1.676385)",LeftFalse_RightFalse,False,"(-32.87397766113281, -0.0040263463743031025, -1.158164381980896)","(359.949462890625, 87.79975128173828, -0.004760660231113434)",0.217397,-0.03947,"(1.640737, 0.000036, 0.087725)",LeftFalse_RightFalse
5.216797,0.068583,"(-1.217138648033142, 1.1826817989349365, 32.184669494628906)","(353.56243896484375, 179.37261962890625, 0.9065694212913513)","(-1.1635279655456543, 1.2558708190917969, 32.254112243652344)","(359.96905517578125, 190.13778686523438, 359.9932556152344)","(-1.6158628463745117, -0.004005328752100468, 32.297035217285156)","(359.96832275390625, 178.4243621826172, -0.0003142230852972716)",0.12218,-0.006012,"(0.051001, 0.000064, -1.677616)",LeftFalse_RightFalse,False,"(-32.75912094116211, -0.004023605491966009, -1.15199875831604)","(359.9525146484375, 87.72386169433594, -0.00477014621719718)",0.214196,-0.046222,"(1.655861, 0.000044, 0.089463)",LeftFalse_RightFalse
5.285156,0.068548,"(-1.2136383056640625, 1.1826751232147217, 32.06999588012695)","(353.6227111816406, 179.44264221191406, 0.8433642983436584)","(-1.1600500345230103, 1.2558673620224, 32.13943862915039)","(359.9720764160156, 190.12481689453125, -0.005486894398927689)","(-1.6124098300933838, -0.004000944085419178, 32.18233108520508)","(359.9715576171875, 178.41140747070312, 0.0002935952215921134)",0.109962,-0.005859,"(0.050348, 0.000062, -1.676556)",LeftFalse_RightFalse,False,"(-32.64530944824219, -0.004020462278276682, -1.1456276178359985)","(359.9556579589844, 87.64373779296875, 359.993408203125)",0.197878,-0.044791,"(1.669850, 0.000048, 0.095055)",LeftFalse_RightFalse
5.352905,0.068376,"(-1.2103424072265625, 1.182672381401062, 31.95595932006836)","(353.7138671875, 179.5137939453125, 0.7992934584617615)","(-1.1566381454467773, 1.255867838859558, 32.026145935058594)","(359.9750061035156, 190.11367797851562, -0.0047991639003157616)","(-1.6090097427368164, -0.003996868617832661, 32.06901550292969)","(359.97454833984375, 178.40025329589844, 0.0003737877414096147)",0.098966,-0.005859,"(0.050250, 0.000059, -1.672407)",LeftFalse_RightFalse,False,"(-32.53172302246094, -0.004017163999378681, -1.139050006866455)","(359.9586486816406, 87.56094360351562, 359.99212646484375)",0.167834,-0.042358,"(1.685020, 0.000049, 0.098729)",LeftFalse_RightFalse
5.416504,0.067425,"(-1.2071647644042969, 1.1826720237731934, 31.849529266357422)","(353.76953125, 179.5198516845703, 0.7765052318572998)","(-1.153433918952942, 1.2558704614639282, 31.919946670532227)","(359.9775390625, 190.1035614013672, -0.004475886467844248)","(-1.6058104038238525, -0.003993240185081959, 31.962791442871094)","(359.97711181640625, 178.39013671875, 0.00017535610822960734)",0.089069,-0.005859,"(0.050316, 0.000053, -1.667516)",LeftFalse_RightFalse,False,"(-32.42434310913086, -0.004014022648334503, -1.13273286819458)","(359.9615478515625, 87.48471069335938, 359.99188232421875)",0.163579,-0.039561,"(1.691455, 0.000052, 0.100092)",LeftFalse_RightFalse
5.482788,0.067202,"(-1.2038235664367676, 1.1826720237731934, 31.73914909362793)","(353.8278503417969, 179.5264892578125, 0.8063519597053528)","(-1.1500908136367798, 1.2558737993240356, 31.80965805053711)","(359.9800109863281, 190.09312438964844, -0.004258474800735712)","(-1.6024703979492188, -0.003989824093878269, 31.852474212646484)","(359.97955322265625, 178.3797149658203, -0.00010974202450597659)",0.080162,-0.005859,"(0.050374, 0.000052, -1.661033)",LeftFalse_RightFalse,False,"(-32.311988830566406, -0.0040106261149048805, -1.126077651977539)","(359.9645690917969, 87.4095687866211, 359.99237060546875)",0.151583,-0.039454,"(1.697018, 0.000052, 0.100914)",LeftFalse_RightFalse
5.549194,0.06703,"(-1.200467824935913, 1.1826722621917725, 31.62931251525879)","(353.87945556640625, 179.53207397460938, 0.8399000763893127)","(-1.1467430591583252, 1.2558770179748535, 31.699857711791992)","(359.9822692871094, 190.082763671875, -0.004060371778905392)","(-1.5991259813308716, -0.003986578434705734, 31.74264144897461)","(359.9818115234375, 178.3693389892578, -0.00037490902468562126)",0.072146,-0.005859,"(0.050411, 0.000047, -1.650520)",LeftFalse_RightFalse,False,"(-32.19926071166992, -0.004007149487733841, -1.119308590888977)","(359.9674072265625, 87.33680725097656, 359.9926452636719)",0.128766,-0.036198,"(1.701608, 0.000050, 0.103315)",LeftFalse_RightFalse
5.615723,0.066945,"(-1.1970939636230469, 1.182672381401062, 31.519695281982422)","(353.8798522949219, 179.51150512695312, 0.8275926113128662)","(-1.1433805227279663, 1.2558796405792236, 31.590255737304688)","(359.9842834472656, 190.0724334716797, -0.0038592335768043995)","(-1.595767617225647, -0.0039836326614022255, 31.63300323486328)","(359.98382568359375, 178.3590087890625, -0.0005867344443686306)",0.064931,-0.005798,"(0.050403, 0.000042, -1.641422)",LeftFalse_RightFalse,False,"(-32.08595275878906, -0.004003775306046009, -1.1124327182769775)","(359.9701232910156, 87.26679229736328, 359.9931640625)",0.124331,-0.036322,"(1.701387, 0.000051, 0.103578)",LeftFalse_RightFalse
5.684937,0.067384,"(-1.1935932636260986, 1.1826722621917725, 31.40665054321289)","(353.86358642578125, 179.47235107421875, 0.820589005947113)","(-1.1398924589157104, 1.2558820247650146, 31.477222442626953)","(359.9861755371094, 190.06182861328125, -0.0036196971777826548)","(-1.592285394668579, -0.003980692010372877, 31.519927978515625)","(359.9857177734375, 178.34841918945312, -0.0007351859239861369)",0.058438,-0.004944,"(0.050330, 0.000042, -1.631236)",LeftFalse_RightFalse,False,"(-31.9683837890625, -0.004000241868197918, -1.105220079421997)","(359.9728698730469, 87.19709777832031, 359.99346923828125)",0.114314,-0.040285,"(1.700243, 0.000050, 0.104985)",LeftFalse_RightFalse
5.752686,0.06746,"(-1.190187931060791, 1.1826703548431396, 31.296701431274414)","(353.85980224609375, 179.4543914794922, 0.9075310826301575)","(-1.136498212814331, 1.2558820247650146, 31.367280960083008)","(359.98779296875, 190.0525360107422, -0.003199975937604904)","(-1.5889010429382324, -0.003978239372372627, 31.409950256347656)","(359.9873962402344, 178.339111328125, -0.0006568590179085732)",0.052594,-0.004547,"(0.049774, 0.000038, -1.616411)",LeftFalse_RightFalse,False,"(-31.85332489013672, -0.003996941726654768, -1.0979245901107788)","(359.9753723144531, 87.12488555908203, 359.9925842285156)",0.097908,-0.047862,"(1.696346, 0.000047, 0.109141)",LeftFalse_RightFalse
5.819824,0.067399,"(-1.1860761642456055, 1.1826690435409546, 31.188465118408203)","(353.8594970703125, 179.41664123535156, 1.0535483360290527)","(-1.1331617832183838, 1.2558823823928833, 31.259187698364258)","(359.9892272949219, 190.04415893554688, -0.0028062895871698856)","(-1.5855737924575806, -0.0039758081547915936, 31.301822662353516)","(359.9888916015625, 178.3307342529297, -0.0005618750583380461)",0.047335,-0.004547,"(0.049395, 0.000034, -1.604486)",LeftFalse_RightFalse,False,"(-31.7396240234375, -0.0039938753470778465, -1.0903749465942383)","(359.9776916503906, 87.04489135742188, 359.9906005859375)",0.092471,-0.051898,"(1.690550, 0.000045, 0.114544)",LeftFalse_RightFalse
5.88501,0.066971,"(-1.182602047920227, 1.1819936037063599, 31.08424949645996)","(353.99761962890625, 179.50473022460938, 1.1125502586364746)","(-1.1299413442611694, 1.2558828592300415, 31.15502166748047)","(359.9905090332031, 190.03646850585938, -0.002514964435249567)","(-1.5823606252670288, -0.003973732236772776, 31.19762420654297)","(359.9902038574219, 178.3230438232422, -0.0005351044819690287)",0.042602,-0.004913,"(0.049150, 0.000033, -1.591829)",LeftFalse_RightFalse,False,"(-31.629581451416016, -0.003990843892097473, -1.082689881324768)","(359.9798583984375, 86.95745849609375, 359.9885559082031)",0.084595,-0.054969,"(1.683914, 0.000045, 0.119124)",LeftFalse_RightFalse
5.951538,0.066881,"(-1.1792336702346802, 1.1817550659179688, 30.979022979736328)","(354.0575256347656, 179.68536376953125, 1.1641448736190796)","(-1.1266696453094482, 1.2558847665786743, 31.049814224243164)","(359.99169921875, 190.0283966064453, -0.0023672112729400396)","(-1.579093337059021, -0.003971453756093979, 31.09238052368164)","(359.99139404296875, 178.31497192382812, -0.0006353202043101192)",0.038341,-0.00528,"(0.049027, 0.000032, -1.574136)",LeftFalse_RightFalse,False,"(-31.517955780029297, -0.003988007549196482, -1.0745540857315063)","(359.98187255859375, 86.86148071289062, 359.987060546875)",0.073949,-0.056618,"(1.673533, 0.000041, 0.124058)",LeftFalse_RightFalse
6.019653,0.067126,"(-1.1758500337600708, 1.1816737651824951, 30.87232780456543)","(354.0861511230469, 179.7234344482422, 1.250355839729309)","(-1.1233264207839966, 1.2558867931365967, 30.943130493164062)","(359.9927978515625, 190.0197296142578, -0.002283973852172494)","(-1.575754165649414, -0.003969409503042698, 30.985652923583984)","(359.99249267578125, 178.30630493164062, -0.0007771984091959894)",0.034507,-0.005676,"(0.048981, 0.000028, -1.560356)",LeftFalse_RightFalse,False,"(-31.40431022644043, -0.003985251300036907, -1.0659929513931274)","(359.9837646484375, 86.75994873046875, 359.9864807128906)",0.067596,-0.059987,"(1.664160, 0.000040, 0.127056)",LeftFalse_RightFalse
6.08667,0.067096,"(-1.1725435256958008, 1.1816489696502686, 30.768455505371094)","(354.0873718261719, 179.61009216308594, 1.3093129396438599)","(-1.1200405359268188, 1.2558890581130981, 30.83926773071289)","(359.9938049316406, 190.01063537597656, -0.002245757495984435)","(-1.572472095489502, -0.00396763626486063, 30.881738662719727)","(359.99346923828125, 178.29721069335938, -0.0009396452223882079)",0.031057,-0.006226,"(0.048910, 0.000027, -1.541396)",LeftFalse_RightFalse,False,"(-31.293292999267578, -0.003982554189860821, -1.0573155879974365)","(359.9855041503906, 86.65570831298828, 359.9859313964844)",0.060881,-0.061641,"(1.650309, 0.000038, 0.131602)",LeftFalse_RightFalse
6.153931,0.067131,"(-1.1692302227020264, 1.1816413402557373, 30.665239334106445)","(354.177001953125, 179.5601806640625, 1.2654904127120972)","(-1.1167426109313965, 1.2558910846710205, 30.736059188842773)","(-0.005333740264177322, 190.00091552734375, -0.0022219440434128046)","(-1.569178581237793, -0.0039658211171627045, 30.778472900390625)","(-0.005673757288604975, 178.28750610351562, -0.0010928347473964095)",0.027951,-0.006409,"(0.048942, 0.000027, -1.526815)",LeftFalse_RightFalse,False,"(-31.182613372802734, -0.003980092704296112, -1.0483739376068115)","(359.9870910644531, 86.54811096191406, 359.9857482910156)",0.054036,-0.063063,"(1.638998, 0.000037, 0.134484)",LeftFalse_RightFalse
6.222046,0.067328,"(-1.165879249572754, 1.181639313697815, 30.561845779418945)","(354.3022155761719, 179.62730407714844, 1.1496591567993164)","(-1.113405466079712, 1.2558928728103638, 30.632675170898438)","(-0.0045446488074958324, 189.9905548095703, -0.0021696172188967466)","(-1.5658472776412964, -0.003964210860431194, 30.675024032592773)","(-0.004890476819127798, 178.27713012695312, -0.0012017961125820875)",0.02833,-0.006226,"(0.048842, 0.000024, -1.511905)",LeftFalse_RightFalse,False,"(-31.07143211364746, -0.00397770619019866, -1.0391104221343994)","(359.9885559082031, 86.43692016601562, 359.98577880859375)",0.049174,-0.063829,"(1.626695, 0.000036, 0.137154)",LeftFalse_RightFalse
6.290161,0.067476,"(-1.1625463962554932, 1.1816385984420776, 30.459671020507812)","(354.34942626953125, 179.6411590576172, 1.0496777296066284)","(-1.1100857257843018, 1.2558938264846802, 30.53050994873047)","(-0.003913514781743288, 189.98028564453125, -0.002017389517277479)","(-1.5625360012054443, -0.003962515853345394, 30.572792053222656)","(-0.004241581074893475, 178.26687622070312, -0.0011808691779151559)",0.028274,-0.004333,"(0.048487, 0.000023, -1.492385)",LeftFalse_RightFalse,False,"(-30.96131134033203, -0.003975371364504099, -1.0296682119369507)","(359.9899597167969, 86.3246078491211, 359.9859924316406)",0.046829,-0.067158,"(1.609482, 0.000032, 0.140068)",LeftFalse_RightFalse
6.360229,0.067994,"(-1.1591674089431763, 1.1816359758377075, 30.355667114257812)","(354.3382263183594, 179.59803771972656, 0.9934723973274231)","(-1.1067172288894653, 1.2558919191360474, 30.426511764526367)","(-0.003501094412058592, 189.9713897705078, -0.001559824449941516)","(-1.5591824054718018, -0.003961053676903248, 30.468734741210938)","(-0.0037448559887707233, 178.25796508789062, -0.0008165608160197735)",0.028224,-0.00058,"(0.047447, 0.000020, -1.477976)",LeftFalse_RightFalse,False,"(-30.84901237487793, -0.003973118495196104, -1.0197317600250244)","(359.9911804199219, 86.20659637451172, 359.9859313964844)",0.040641,-0.067617,"(1.596219, 0.000031, 0.143308)",LeftFalse_RightFalse
6.428101,0.067985,"(-1.1560208797454834, 1.1816296577453613, 30.255878448486328)","(354.30255126953125, 179.5357208251953, 1.0605034828186035)","(-1.1035741567611694, 1.2558852434158325, 30.32672691345215)","(-0.0033665793016552925, 189.9676971435547, -0.0005515379016287625)","(-1.5560632944107056, -0.003959942609071732, 30.368927001953125)","(-0.003408443182706833, 178.2542724609375, 0.0001434195728506893)",0.027782,0.003754,"(0.045103, 0.000016, -1.459061)",LeftFalse_RightFalse,False,"(-30.74116325378418, -0.003971060272306204, -1.0098971128463745)","(359.9922180175781, 86.09012603759766, 359.98602294921875)",0.04108,-0.068223,"(1.577603, 0.000029, 0.146070)",LeftFalse_RightFalse
6.496582,0.068069,"(-1.152237892150879, 1.1816225051879883, 30.156360626220703)","(354.392333984375, 179.51214599609375, 1.1887359619140625)","(-1.1005613803863525, 1.2558772563934326, 30.22734260559082)","(-0.003367876634001732, 189.9694061279297, 0.0005916468217037618)","(-1.5530741214752197, -0.003958880435675383, 30.269561767578125)","(-0.0031776276882737875, 178.2559814453125, 0.0012630611890926957)",0.027384,0.007538,"(0.042660, 0.000014, -1.445024)",LeftFalse_RightFalse,False,"(-30.633684158325195, -0.003969227895140648, -0.9998448491096497)","(359.9931335449219, 85.97283935546875, 359.986328125)",0.035069,-0.0709,"(1.563894, 0.000025, 0.148013)",LeftFalse_RightFalse
6.565796,0.06831,"(-1.1492784023284912, 1.1816143989562988, 30.05598258972168)","(354.51190185546875, 179.51258850097656, 1.2512760162353516)","(-1.0977075099945068, 1.2558681964874268, 30.127737045288086)","(-0.0034570603165775537, 189.97799682617188, 0.001841921592131257)","(-1.5502413511276245, -0.003958011977374554, 30.170026779174805)","(-0.003011127468198538, 178.2645721435547, 0.0025054053403437138)",0.027026,0.00943,"(0.039720, 0.000011, -1.426480)",LeftFalse_RightFalse,False,"(-30.52594757080078, -0.003967455588281155, -0.989473819732666)","(359.9939270019531, 85.85218048095703, 359.9862976074219)",0.036407,-0.073428,"(1.544469, 0.000023, 0.151345)",LeftFalse_RightFalse
6.634399,0.068369,"(-1.1458799839019775, 1.1809167861938477, 29.95806312561035)","(354.60198974609375, 179.49354553222656, 1.3377619981765747)","(-1.0950373411178589, 1.2558637857437134, 30.030168533325195)","(-0.003470333991572261, 189.99050903320312, 0.0024849323090165854)","(-1.547575831413269, -0.003957269713282585, 30.072559356689453)","(-0.002893582684919238, 178.27708435058594, 0.0031377195846289396)",0.026704,0.009552,"(0.038037, 0.000010, -1.412702)",LeftFalse_RightFalse,False,"(-30.42040252685547, -0.003965961281210184, -0.9790014028549194)","(-0.005421429872512817, 85.73031616210938, 359.98614501953125)",0.030969,-0.07918,"(1.530253, 0.000021, 0.154104)",LeftFalse_RightFalse
6.702881,0.068375,"(-1.143110752105713, 1.1806997060775757, 29.86174201965332)","(354.7215576171875, 179.43844604492188, 1.3453843593597412)","(-1.0924830436706543, 1.2558637857437134, 29.933948516845703)","(-0.0033969988580793142, 190.00477600097656, 0.0025693208444863558)","(-1.5450124740600586, -0.003956557251513004, 29.97645378112793)","(-0.002804642543196678, 178.29135131835938, 0.0032054632902145386)",0.026414,0.009003,"(0.037075, 0.000009, -1.399029)",LeftFalse_RightFalse,False,"(-30.316314697265625, -0.003964611329138279, -0.9682822227478027)","(-0.004835763480514288, 85.60282135009766, 359.9852600097656)",0.030102,-0.081401,"(1.515127, 0.000020, 0.158275)",LeftFalse_RightFalse
6.771606,0.068462,"(-1.140544056892395, 1.1806339025497437, 29.765993118286133)","(354.7823181152344, 179.4791717529297, 1.3048723936080933)","(-1.0899732112884521, 1.2558674812316895, 29.83822250366211)","(-0.003245204221457243, 190.018798828125, 0.0021886734757572412)","(-1.5424835681915283, -0.003955954685807228, 29.880840301513672)","(-0.0027332871686667204, 178.30538940429688, 0.002801925875246525)",0.026153,0.008118,"(0.036341, 0.000010, -1.380987)",LeftFalse_RightFalse,False,"(-30.212787628173828, -0.003963220864534378, -0.9572323560714722)","(-0.004293393809348345, 85.46936798095703, 359.9845886230469)",0.032827,-0.082766,"(1.495260, 0.000020, 0.162014)",LeftFalse_RightFalse
6.840454,0.068527,"(-1.138777256011963, 1.180617094039917, 29.671489715576172)","(354.8206481933594, 179.60385131835938, 1.3495820760726929)","(-1.0874994993209839, 1.2558727264404297, 29.743595123291016)","(-0.0030720410868525505, 190.03179931640625, 0.0016330733196809888)","(-1.5399874448776245, -0.003955245018005371, 29.78631591796875)","(-0.0026765260845422745, 178.31837463378906, 0.002222740789875388)",0.025918,0.007233,"(0.036067, 0.000010, -1.367604)",LeftFalse_RightFalse,False,"(-30.11043930053711, -0.003961897920817137, -0.9459991455078125)","(-0.00390671007335186, 85.33443450927734, 359.98455810546875)",0.026842,-0.083807,"(1.481055, 0.000018, 0.164397)",LeftFalse_RightFalse
6.906372,0.068022,"(-1.1366394758224487, 1.1806151866912842, 29.58173179626465)","(354.80914306640625, 179.63609313964844, 1.3480618000030518)","(-1.085141658782959, 1.25587797164917, 29.653791427612305)","(-0.00290560070425272, 190.0428009033203, 0.0010621901601552963)","(-1.53760826587677, -0.003954699262976646, 29.69660186767578)","(-0.0026294507551938295, 178.3293914794922, 0.0016299558337777853)",0.026103,0.006866,"(0.035738, 0.000010, -1.349967)",LeftFalse_RightFalse,False,"(-30.0133056640625, -0.003960888832807541, -0.9350613951683044)","(-0.0035812428686767817, 85.2042236328125, 359.98480224609375)",0.030884,-0.084118,"(1.461183, 0.000017, 0.166985)",LeftFalse_RightFalse
6.973022,0.067743,"(-1.1343646049499512, 1.1806163787841797, 29.49209213256836)","(354.74530029296875, 179.60690307617188, 1.3107064962387085)","(-1.0827834606170654, 1.2558817863464355, 29.564128875732422)","(-0.0027868158649653196, 190.0530548095703, 0.0006596693419851363)","(-1.5352332592010498, -0.003954051062464714, 29.60702133178711)","(-0.0025948570109903812, 178.3396453857422, 0.0012117018923163414)",0.027063,0.006866,"(0.035375, 0.000009, -1.336963)",LeftFalse_RightFalse,False,"(-29.916339874267578, -0.003959828056395054, -0.9238906502723694)","(-0.0033234397415071726, 85.0732192993164, 359.98529052734375)",0.025279,-0.08058,"(1.447150, 0.000014, 0.168663)",LeftFalse_RightFalse
7.041992,0.067981,"(-1.1319925785064697, 1.1806180477142334, 29.40032958984375)","(354.6845703125, 179.58892822265625, 1.2925153970718384)","(-1.0803744792938232, 1.2558844089508057, 29.472354888916016)","(-0.0027325788978487253, 190.06320190429688, 0.00042239687172695994)","(-1.5328112840652466, -0.003953333478420973, 29.51532745361328)","(-0.0025899196043610573, 178.3497772216797, 0.0009683595271781087)",0.030706,0.006866,"(0.034882, 0.000008, -1.324277)",LeftFalse_RightFalse,False,"(-29.81711769104004, -0.003958826884627342, -0.9122859835624695)","(-0.003115085419267416, 84.94164276123047, 359.9864807128906)",0.111728,-0.153977,"(1.432677, 0.000013, 0.168528)",LeftFalse_RightFalse
7.108887,0.06776,"(-1.1297107934951782, 1.1806193590164185, 29.312232971191406)","(354.6518249511719, 179.58078002929688, 1.268112063407898)","(-1.0780731439590454, 1.2558859586715698, 29.384248733520508)","(-0.0028006667271256447, 190.0728759765625, 0.0002995715185534209)","(-1.5305002927780151, -0.003952799830585718, 29.427295684814453)","(-0.002681525656953454, 178.35946655273438, 0.0008619151194579899)",0.041921,0.006866,"(0.034216, 0.000007, -1.308383)",LeftFalse_RightFalse,False,"(-29.721691131591797, -0.003958559595048428, -0.8992213010787964)","(-0.004087110981345177, 84.74417877197266, 359.97344970703125)",0.143244,-0.138733,"(1.424285, -0.000011, 0.206830)",LeftFalse_RightFalse
7.175659,0.067564,"(-1.1274622678756714, 1.1806203126907349, 29.22510528564453)","(354.649169921875, 179.5574951171875, 1.272607684135437)","(-1.075810194015503, 1.2558867931365967, 29.29711151123047)","(-0.0030894973315298557, 190.0824737548828, 0.00019383386825211346)","(-1.528228998184204, -0.003952457569539547, 29.340227127075195)","(-0.0029858078341931105, 178.36904907226562, 0.0008170168148353696)",0.063918,0.006866,"(0.033761, 0.000003, -1.298413)",LeftFalse_RightFalse,False,"(-29.626419067382812, -0.0039601740427315235, -0.8853064775466919)","(359.9930419921875, 84.52188110351562, 359.96868896484375)",0.153503,-0.1229,"(1.428966, -0.000046, 0.209966)",LeftFalse_RightFalse
7.241211,0.067167,"(-1.1252814531326294, 1.1806222200393677, 29.1401309967041)","(354.6636657714844, 179.51905822753906, 1.311689019203186)","(-1.0736169815063477, 1.2558876276016235, 29.212129592895508)","(-0.00391343841329217, 190.09182739257812, 1.041469477058854e-05)","(-1.5260279178619385, -0.003952585160732269, 29.255300521850586)","(-0.0038298279978334904, 178.37841796875, 0.0008046911098062992)",0.08927,0.006866,"(0.033399, -0.000007, -1.292074)",LeftFalse_RightFalse,False,"(-29.532419204711914, -0.003964167553931475, -0.8716356158256531)","(359.9891662597656, 84.3205795288086, 359.97198486328125)",0.172021,-0.104767,"(1.436158, -0.000071, 0.209001)",LeftFalse_RightFalse
7.309448,0.067377,"(-1.1230353116989136, 1.1806249618530273, 29.052051544189453)","(354.6777038574219, 179.48788452148438, 1.3817570209503174)","(-1.0713582038879395, 1.2558882236480713, 29.124042510986328)","(-0.00559952761977911, 190.1015625, -0.0003347941383253783)","(-1.5237609148025513, -0.003953744191676378, 29.167253494262695)","(-0.005550888366997242, 178.3881378173828, 0.0008089753100648522)",0.111691,0.006165,"(0.033061, -0.000027, -1.289200)",LeftFalse_RightFalse,False,"(-29.43393325805664, -0.003969940822571516, -0.8576096892356873)","(359.9848327636719, 84.13835906982422, 359.9788818359375)",0.181775,-0.088135,"(1.449726, -0.000090, 0.206717)",LeftFalse_RightFalse
7.372437,0.066507,"(-1.1208527088165283, 1.1806279420852661, 28.971359252929688)","(354.6948547363281, 179.48841857910156, 1.5222660303115845)","(-1.0692782402038574, 1.255888819694519, 29.042713165283203)","(359.9923095703125, 190.11013793945312, -0.0008448608568869531)","(-1.5216714143753052, -0.00395587645471096, 29.0859432220459)","(359.9923095703125, 178.39671325683594, 0.0007313425885513425)",0.131076,0.003754,"(0.033170, -0.000040, -1.290672)",LeftFalse_RightFalse,False,"(-29.342205047607422, -0.003975706174969673, -0.8447459936141968)","(359.9811096191406, 83.98992919921875, 359.98486328125)",0.200199,-0.07148,"(1.461523, -0.000092, 0.203814)",LeftFalse_RightFalse
7.439331,0.06657,"(-1.1185752153396606, 1.1806336641311646, 28.88520050048828)","(354.71405029296875, 179.5514373779297, 1.5941224098205566)","(-1.0670369863510132, 1.2558915615081787, 28.956300735473633)","(359.9897155761719, 190.1171112060547, -0.001811626018024981)","(-1.5194140672683716, -0.003959041554480791, 28.999526977539062)","(359.98956298828125, 178.40370178222656, 0.0003163491783197969)",0.148523,-0.000275,"(0.034092, -0.000053, -1.295247)",LeftFalse_RightFalse,False,"(-29.24401092529297, -0.003981789108365774, -0.831345796585083)","(359.9774169921875, 83.8583755493164, 359.9911193847656)",0.213882,-0.047553,"(1.476247, -0.000089, 0.200076)",LeftFalse_RightFalse
7.508301,0.067063,"(-1.1161344051361084, 1.1806429624557495, 28.79557991027832)","(354.75604248046875, 179.6310272216797, 1.615728497505188)","(-1.0646100044250488, 1.2558979988098145, 28.86659812927246)","(359.9867858886719, 190.11929321289062, -0.0033719888888299465)","(-1.5169628858566284, -0.003963155671954155, 28.909770965576172)","(359.9863586425781, 178.40586853027344, -0.0006171173881739378)",0.164225,-0.004791,"(0.036161, -0.000065, -1.305019)",LeftFalse_RightFalse,False,"(-29.14130210876465, -0.003987794741988182, -0.8179795742034912)","(359.9738464355469, 83.75896453857422, -0.0016119438223540783)",0.210881,-0.023527,"(1.498871, -0.000082, 0.192579)",LeftFalse_RightFalse
7.573486,0.066681,"(-1.1137068271636963, 1.1806519031524658, 28.710369110107422)","(354.70013427734375, 179.6214141845703, 1.4943817853927612)","(-1.0621917247772217, 1.2559040784835815, 28.781370162963867)","(359.9840393066406, 190.116455078125, -0.004940622486174107)","(-1.5145235061645508, -0.00396757572889328, 28.82445526123047)","(359.9833679199219, 178.40304565429688, -0.0015966806095093489)",0.178356,-0.007477,"(0.038427, -0.000068, -1.314754)",LeftFalse_RightFalse,False,"(-29.04315185546875, -0.003992878366261721, -0.8057864308357239)","(359.9710693359375, 83.69633483886719, 0.0043928115628659725)",0.230307,0.001576,"(1.515416, -0.000071, 0.184022)",LeftFalse_RightFalse
7.640381,0.066736,"(-1.111053228378296, 1.180660367012024, 28.62203598022461)","(354.624755859375, 179.54901123046875, 1.4277393817901611)","(-1.0595513582229614, 1.25590980052948, 28.693038940429688)","(359.9812316894531, 190.10818481445312, 359.9935302734375)","(-1.5118670463562012, -0.003972122445702553, 28.735992431640625)","(359.9803161621094, 178.39476013183594, -0.002523205941542983)",0.191075,-0.007965,"(0.040369, -0.000071, -1.326677)",LeftFalse_RightFalse,False,"(-28.940975189208984, -0.0039972830563783646, -0.793972373008728)","(359.9686584472656, 83.67372131347656, 0.011421081610023975)",0.239749,0.024465,"(1.534928, -0.000063, 0.173276)",LeftFalse_RightFalse
7.705811,0.066462,"(-1.108232855796814, 1.180664300918579, 28.5355224609375)","(354.5702819824219, 179.445556640625, 1.4473963975906372)","(-1.0568615198135376, 1.2559106349945068, 28.60588264465332)","(359.9784851074219, 190.0975341796875, 359.99261474609375)","(-1.5091761350631714, -0.003976759035140276, 28.64868927001953)","(359.9774475097656, 178.38412475585938, -0.002860073000192642)",0.202522,-0.007965,"(0.041797, -0.000069, -1.345180)",LeftFalse_RightFalse,False,"(-28.83977508544922, -0.004001163877546787, -0.783223032951355)","(359.9664611816406, 83.6941909790039, 0.018163099884986877)",0.225803,0.047245,"(1.562315, -0.000055, 0.161056)",LeftFalse_RightFalse
7.769287,0.065857,"(-1.1055002212524414, 1.1806647777557373, 28.45015525817871)","(354.5503845214844, 179.3961639404297, 1.482346534729004)","(-1.0541815757751465, 1.2559080123901367, 28.520307540893555)","(359.9759521484375, 190.0865478515625, 359.9922180175781)","(-1.5065051317214966, -0.003980882000178099, 28.562971115112305)","(359.974853515625, 178.3731231689453, -0.002744785975664854)",0.212824,-0.007813,"(0.042613, -0.000064, -1.360740)",LeftFalse_RightFalse,False,"(-28.740215301513672, -0.004004423040896654, -0.7733879089355469)","(359.96484375, 83.74492645263672, 0.022883212193846703)",0.246729,0.069847,"(1.580430, -0.000044, 0.149439)",LeftFalse_RightFalse
7.832397,0.06531,"(-1.1020946502685547, 1.180663824081421, 28.363880157470703)","(354.56787109375, 179.35263061523438, 1.563581109046936)","(-1.0514600276947021, 1.2559040784835815, 28.43408203125)","(359.9735412597656, 190.07546997070312, 359.99200439453125)","(-1.5037968158721924, -0.003984917886555195, 28.476604461669922)","(359.97247314453125, 178.36204528808594, -0.0024538300931453705)",0.222492,-0.007813,"(0.043366, -0.000062, -1.377814)",LeftFalse_RightFalse,False,"(-28.639867782592773, -0.004007021896541119, -0.7644293308258057)","(359.963623046875, 83.83326721191406, 0.028137125074863434)",0.251799,0.093085,"(1.601559, -0.000038, 0.136080)",LeftFalse_RightFalse
7.900757,0.065929,"(-1.0989372730255127, 1.180662989616394, 28.268325805664062)","(354.67181396484375, 179.26455688476562, 1.5662314891815186)","(-1.0484509468078613, 1.2558996677398682, 28.339311599731445)","(359.97113037109375, 190.06336975097656, 359.9918518066406)","(-1.5008022785186768, -0.00398907158523798, 28.38168716430664)","(359.9700622558594, 178.34996032714844, -0.0021327512804418802)",0.231987,-0.007813,"(0.044198, -0.000056, -1.396282)",LeftFalse_RightFalse,False,"(-28.52953338623047, -0.004009392578154802, -0.7557796239852905)","(359.9623718261719, 83.97454071044922, 0.03423883765935898)",0.259599,0.116066,"(1.623248, -0.000035, 0.120921)",LeftFalse_RightFalse
7.967529,0.066099,"(-1.0958802700042725, 1.180662751197815, 28.174116134643555)","(354.8243103027344, 179.20431518554688, 1.5775057077407837)","(-1.0454498529434204, 1.2558963298797607, 28.24535369873047)","(359.96893310546875, 190.0513916015625, 359.99163818359375)","(-1.4978139400482178, -0.003992708399891853, 28.287586212158203)","(359.9678649902344, 178.33798217773438, -0.0018868858460336924)",0.240533,-0.007446,"(0.045380, -0.000054, -1.422679)",LeftFalse_RightFalse,False,"(-28.42015838623047, -0.004011823330074549, -0.7485348582267761)","(359.9612121582031, 84.16041564941406, 0.04043794050812721)",0.24296,0.137611,"(1.653263, -0.000034, 0.101537)",LeftFalse_RightFalse
8.032349,0.065844,"(-1.0929957628250122, 1.1806623935699463, 28.080703735351562)","(354.9393615722656, 179.2211456298828, 1.5718201398849487)","(-1.042477011680603, 1.2558929920196533, 28.152687072753906)","(359.96697998046875, 190.039794921875, 359.991455078125)","(-1.4948532581329346, -0.003996157553046942, 28.19478416442871)","(359.9659423828125, 178.32638549804688, -0.0016668253811076283)",0.251001,-0.006195,"(0.046160, -0.000050, -1.443634)",LeftFalse_RightFalse,False,"(-28.312454223632812, -0.004013795405626297, -0.7425029277801514)","(359.9604187011719, 84.376220703125, 0.0448506660759449)",0.262978,0.160604,"(1.672685, -0.000027, 0.084897)",LeftFalse_RightFalse
8.099487,0.066089,"(-1.089900255203247, 1.1806608438491821, 27.98295021057129)","(355.0001525878906, 179.2512664794922, 1.5147701501846313)","(-1.0393574237823486, 1.25588858127594, 28.05521011352539)","(359.9650573730469, 190.02886962890625, 359.9914245605469)","(-1.491748571395874, -0.003999518230557442, 28.097179412841797)","(359.96405029296875, 178.3154296875, -0.0013014145661145449)",0.265185,-0.00351,"(0.046572, -0.000051, -1.466092)",LeftFalse_RightFalse,False,"(-28.199512481689453, -0.004015503451228142, -0.737596869468689)","(359.9599304199219, 84.6449203491211, 0.05047607421875)",0.269334,0.183141,"(1.694752, -0.000025, 0.065270)",LeftFalse_RightFalse
8.163818,0.065738,"(-1.086910605430603, 1.1806567907333374, 27.88768196105957)","(355.0280456542969, 179.24026489257812, 1.460816740989685)","(-1.0363645553588867, 1.2558815479278564, 27.960037231445312)","(359.96307373046875, 190.0214080810547, 359.9917297363281)","(-1.488775372505188, -0.004002756904810667, 28.00190544128418)","(359.9621887207031, 178.3079833984375, -0.0005993660306558013)",0.278744,-0.000366,"(0.046290, -0.000050, -1.490649)",LeftFalse_RightFalse,False,"(-28.08961296081543, -0.004017008934170008, -0.7343438863754272)","(359.9593505859375, 84.95028686523438, 0.056745998561382294)",0.268474,0.207255,"(1.717398, -0.000026, 0.043861)",LeftFalse_RightFalse
8.2323,0.066296,"(-1.0837655067443848, 1.1799569129943848, 27.78424644470215)","(355.02984619140625, 179.1929168701172, 1.4631824493408203)","(-1.033217430114746, 1.2558720111846924, 27.856637954711914)","(359.9607849121094, 190.01849365234375, 359.9923095703125)","(-1.4856514930725098, -0.004006308503448963, 27.898435592651367)","(359.9600524902344, 178.3050537109375, 0.0004237507237121463)",0.289756,0.002289,"(0.045687, -0.000055, -1.526003)",LeftFalse_RightFalse,False,"(-27.97084617614746, -0.004018699284642935, -0.7326370477676392)","(359.9588317871094, 85.32966613769531, 0.06389953196048737)",0.255764,0.167461,"(1.746713, -0.000025, 0.014723)",LeftFalse_RightFalse
8.304443,0.067473,"(-1.0806257724761963, 1.1797221899032593, 27.67225456237793)","(355.0893859863281, 179.19920349121094, 1.4858505725860596)","(-1.0299386978149414, 1.255863070487976, 27.74542236328125)","(359.9584045410156, 190.0198516845703, 359.99273681640625)","(-1.4823899269104004, -0.004010207951068878, 27.787181854248047)","(359.9577941894531, 178.30642700195312, 0.0013259252300485969)",0.299668,0.004089,"(0.045107, -0.000056, -1.554027)",LeftFalse_RightFalse,False,"(-27.84391212463379, -0.004020517226308584, -0.7311272621154785)","(359.9580383300781, 85.71398162841797, 0.05708806961774826)",0.274238,0.178198,"(1.768367, -0.000026, 0.022266)",LeftFalse_RightFalse
8.369873,0.067053,"(-1.0777368545532227, 1.179660439491272, 27.56911277770996)","(355.1820983886719, 179.24127197265625, 1.429015874862671)","(-1.0270075798034668, 1.2558560371398926, 27.642473220825195)","(359.956298828125, 190.0251922607422, 359.99298095703125)","(-1.4794684648513794, -0.0040139988996088505, 27.684228897094727)","(359.9557800292969, 178.31178283691406, 0.0019925085362046957)",0.309381,0.005402,"(0.044816, -0.000060, -1.593159)",LeftFalse_RightFalse,False,"(-27.727245330810547, -0.004022432956844568, -0.7301478385925293)","(359.9573059082031, 86.05113220214844, 0.052172865718603134)",0.250463,0.186998,"(1.799317, -0.000031, 0.008193)",LeftFalse_RightFalse
8.438965,0.067471,"(-1.0746707916259766, 1.17963707447052, 27.45782470703125)","(355.2548522949219, 179.2835693359375, 1.3973736763000488)","(-1.0239180326461792, 1.2558510303497314, 27.531251907348633)","(359.9542236328125, 190.03343200683594, 359.992919921875)","(-1.4763797521591187, -0.004018054809421301, 27.573028564453125)","(359.9537353515625, 178.32000732421875, 0.002368324203416705)",0.320504,0.006317,"(0.044708, -0.000059, -1.623778)",LeftFalse_RightFalse,False,"(-27.60219955444336, -0.0040244231931865215, -0.7300782799720764)","(359.9569396972656, 86.42207336425781, 0.05115281045436859)",0.27519,0.193277,"(1.818127, -0.000026, -0.006000)",LeftFalse_RightFalse
8.505371,0.067265,"(-1.0717251300811768, 1.1796295642852783, 27.348583221435547)","(355.3397216796875, 179.2867431640625, 1.4147460460662842)","(-1.0209553241729736, 1.2558472156524658, 27.422025680541992)","(359.9522705078125, 190.04371643066406, 359.99273681640625)","(-1.473413109779358, -0.0040220338851213455, 27.46384048461914)","(359.9517822265625, 178.33029174804688, 0.0025908269453793764)",0.332102,0.006531,"(0.044851, -0.000059, -1.666619)",LeftFalse_RightFalse,False,"(-27.480512619018555, -0.004025966860353947, -0.7311108708381653)","(359.95672607421875, 86.79795837402344, 0.052656322717666626)",0.254587,0.198288,"(1.848051, -0.000024, -0.025216)",LeftFalse_RightFalse
8.574829,0.067692,"(-1.068750023841858, 1.1796282529830933, 27.231176376342773)","(355.392333984375, 179.3106231689453, 1.4007372856140137)","(-1.0178416967391968, 1.255845069885254, 27.30530548095703)","(359.9503479003906, 190.0557861328125, 359.9923400878906)","(-1.4702892303466797, -0.00402615824714303, 27.347171783447266)","(359.9497985839844, 178.3423614501953, 0.0025761795695871115)",0.342936,0.006531,"(0.045253, -0.000062, -1.700317)",LeftFalse_RightFalse,False,"(-27.351699829101562, -0.0040275040082633495, -0.7333202362060547)","(359.9565734863281, 87.20669555664062, 0.05440551042556763)",0.275689,0.198351,"(1.866906, -0.000021, -0.039851)",LeftFalse_RightFalse
8.639282,0.067052,"(-1.0658745765686035, 1.1796290874481201, 27.12007713317871)","(355.4142761230469, 179.35511779785156, 1.3446505069732666)","(-1.014916181564331, 1.255843997001648, 27.194395065307617)","(359.9485168457031, 190.06759643554688, 359.9918212890625)","(-1.467350959777832, -0.004030127543956041, 27.236312866210938)","(359.94793701171875, 178.35415649414062, 0.002444260288029909)",0.352687,0.006683,"(0.045811, -0.000063, -1.735521)",LeftFalse_RightFalse,False,"(-27.230552673339844, -0.004028768744319677, -0.7363502979278564)","(359.9564208984375, 87.5971908569336, 0.05552847310900688)",0.273736,0.195025,"(1.889030, -0.000020, -0.053060)",LeftFalse_RightFalse
8.704712,0.066715,"(-1.062900424003601, 1.1796298027038574, 27.00506591796875)","(355.39105224609375, 179.3788299560547, 1.31098473072052)","(-1.0119134187698364, 1.255842685699463, 27.07944679260254)","(359.9466247558594, 190.08004760742188, 359.9913024902344)","(-1.4643349647521973, -0.0040343524888157845, 27.12141990661621)","(359.94598388671875, 178.36663818359375, 0.0023094918578863144)",0.360669,0.00708,"(0.046342, -0.000065, -1.772053)",LeftFalse_RightFalse,False,"(-27.1062068939209, -0.004030156414955854, -0.7402480244636536)","(359.95599365234375, 87.99593353271484, 0.055324479937553406)",0.273449,0.192357,"(1.910943, -0.000022, -0.064239)",LeftFalse_RightFalse
8.773926,0.067218,"(-1.0597072839736938, 1.179629921913147, 26.880359649658203)","(355.3901672363281, 179.35824584960938, 1.3360862731933594)","(-1.008697509765625, 1.2558403015136719, 26.954757690429688)","(359.94464111328125, 190.09422302246094, 359.9908447265625)","(-1.461106538772583, -0.004038922488689423, 26.996797561645508)","(359.9439392089844, 178.38079833984375, 0.002277723513543606)",0.367853,0.007721,"(0.046908, -0.000068, -1.822086)",LeftFalse_RightFalse,False,"(-26.972801208496094, -0.0040320358239114285, -0.7452569007873535)","(359.95550537109375, 88.41786193847656, 0.05446474999189377)",0.258942,0.189137,"(1.939640, -0.000027, -0.079529)",LeftFalse_RightFalse
8.843262,0.067646,"(-1.0564799308776855, 1.1796289682388306, 26.752443313598633)","(355.3992004394531, 179.3630828857422, 1.3615809679031372)","(-1.005448579788208, 1.2558366060256958, 26.82683753967285)","(359.9427490234375, 190.1096954345703, 359.99053955078125)","(-1.4578471183776855, -0.004043565597385168, 26.86895751953125)","(359.9420166015625, 178.39627075195312, 0.00237105879932642)",0.373922,0.007782,"(0.047125, -0.000065, -1.860447)",LeftFalse_RightFalse,False,"(-26.83755111694336, -0.004033905453979969, -0.7511729598045349)","(359.955322265625, 88.83980560302734, 0.05353497341275215)",0.278405,0.185325,"(1.958543, -0.000024, -0.090531)",LeftFalse_RightFalse
8.907227,0.066896,"(-1.053483009338379, 1.1796278953552246, 26.63182830810547)","(355.400634765625, 179.38397216796875, 1.3852078914642334)","(-1.0024313926696777, 1.2558335065841675, 26.706212997436523)","(359.94110107421875, 190.1249237060547, 359.99029541015625)","(-1.4548194408416748, -0.004047778435051441, 26.748416900634766)","(359.94036865234375, 178.41151428222656, 0.002446612808853388)",0.378591,0.007172,"(0.047691, -0.000065, -1.912472)",LeftFalse_RightFalse,False,"(-26.711488723754883, -0.004035396035760641, -0.7574043273925781)","(359.955078125, 89.2256851196289, 0.0526050329208374)",0.253662,0.177799,"(1.987508, -0.000023, -0.105700)",LeftFalse_RightFalse
8.973511,0.066788,"(-1.050328254699707, 1.179627537727356, 26.50371742248535)","(355.4723815917969, 179.48036193847656, 1.3527753353118896)","(-0.9992560744285583, 1.255831241607666, 26.57809066772461)","(359.9396057128906, 190.1407928466797, 359.9898986816406)","(-1.451629638671875, -0.004052130039781332, 26.620386123657227)","(359.9388122558594, 178.4273681640625, 0.0023635972756892443)",0.380809,0.005402,"(0.048489, -0.000064, -1.951894)",LeftFalse_RightFalse,False,"(-26.579090118408203, -0.0040369294583797455, -0.7646301984786987)","(359.9549560546875, 89.6212387084961, 0.05117768794298172)",0.274431,0.171888,"(2.005294, -0.000022, -0.114413)",LeftFalse_RightFalse
9.038574,0.066428,"(-1.0471556186676025, 1.1789675951004028, 26.375484466552734)","(355.5280456542969, 179.62973022460938, 1.3557806015014648)","(-0.9960663318634033, 1.2558321952819824, 26.449846267700195)","(359.93841552734375, 190.15443420410156, 359.9891662597656)","(-1.4484189748764038, -0.004056102596223354, 26.49222183227539)","(359.9375, 178.44100952148438, 0.0019085820531472564)",0.380822,0.003204,"(0.050032, -0.000060, -1.991365)",LeftFalse_RightFalse,False,"(-26.44808006286621, -0.00403825007379055, -0.772335946559906)","(359.95489501953125, 89.99859619140625, 0.049298129975795746)",0.275252,0.164735,"(2.026066, -0.000021, -0.123596)",LeftFalse_RightFalse
9.103271,0.066102,"(-1.0445278882980347, 1.1787406206130981, 26.245031356811523)","(355.5054016113281, 179.6930694580078, 1.3786197900772095)","(-0.9927592277526855, 1.2558358907699585, 26.31926727294922)","(359.9375, 190.16424560546875, 359.9881591796875)","(-1.4450857639312744, -0.004059906117618084, 26.361696243286133)","(359.9364013671875, 178.4508056640625, 0.0010810295352712274)",0.380436,0.001099,"(0.052101, -0.000058, -2.030514)",LeftFalse_RightFalse,False,"(-26.316001892089844, -0.004039648920297623, -0.7806212306022644)","(359.95458984375, 90.36424255371094, 0.047256890684366226)",0.273815,0.155432,"(2.046958, -0.000024, -0.131915)",LeftFalse_RightFalse
9.169678,0.066165,"(-1.0412218570709229, 1.1786623001098633, 26.108409881591797)","(355.4552917480469, 179.67916870117188, 1.2944923639297485)","(-0.9892067313194275, 1.2558408975601196, 26.182600021362305)","(359.9368591308594, 190.1695098876953, 359.98699951171875)","(-1.4415069818496704, -0.0040636262856423855, 26.225051879882812)","(359.9355163574219, 178.4561004638672, 8.322332723764703e-05)",0.38009,-0.000427,"(0.054890, -0.000055, -2.082127)",LeftFalse_RightFalse,False,"(-26.179096221923828, -0.004041443578898907, -0.7896436452865601)","(359.9541931152344, 90.72367858886719, 0.0445842519402504)",0.257195,0.147114,"(2.074219, -0.000028, -0.142045)",LeftFalse_RightFalse
9.235474,0.06609,"(-1.0376380681991577, 1.1786378622055054, 25.97028923034668)","(355.3800048828125, 179.70480346679688, 1.2608121633529663)","(-0.9855414628982544, 1.2558441162109375, 26.044464111328125)","(359.9363708496094, 190.17132568359375, 359.9861145019531)","(-1.4378235340118408, -0.004066995810717344, 26.086915969848633)","(359.93487548828125, 178.45790100097656, -0.0006650325376540422)",0.379777,-0.001312,"(0.056947, -0.000051, -2.120407)",LeftFalse_RightFalse,False,"(-26.04210662841797, -0.004043149761855602, -0.7991491556167603)","(359.9541015625, 91.06700134277344, 0.04236208647489548)",0.275786,0.139662,"(2.091717, -0.000021, -0.148815)",LeftFalse_RightFalse
9.300537,0.065872,"(-1.033780813217163, 1.1786291599273682, 25.831811904907227)","(355.37493896484375, 179.75392150878906, 1.2316408157348633)","(-0.9817787408828735, 1.255845546722412, 25.905319213867188)","(359.93603515625, 190.17015075683594, 359.9855041503906)","(-1.434049367904663, -0.0040701162070035934, 25.947751998901367)","(359.9344177246094, 178.4567108154297, -0.0012117668520659208)",0.379497,-0.001617,"(0.058799, -0.000046, -2.158321)",LeftFalse_RightFalse,False,"(-25.90542984008789, -0.004044550471007824, -0.8090223670005798)","(359.9540100097656, 91.39148712158203, 0.04014727100729942)",0.276249,0.133649,"(2.111949, -0.000022, -0.155708)",LeftFalse_RightFalse
9.365112,0.065617,"(-1.02988600730896, 1.178625464439392, 25.6911563873291)","(355.3106384277344, 179.7469024658203, 1.2414867877960205)","(-0.9779199957847595, 1.2558451890945435, 25.764432907104492)","(359.93572998046875, 190.16720581054688, 359.98516845703125)","(-1.4301871061325073, -0.00407295161858201, 25.806835174560547)","(359.93408203125, 178.45379638671875, -0.001464702538214624)",0.379244,-0.001617,"(0.060322, -0.000043, -2.195882)",LeftFalse_RightFalse,False,"(-25.768203735351562, -0.004046017304062843, -0.8193365335464478)","(359.9537353515625, 91.70121765136719, 0.038382723927497864)",0.275068,0.126569,"(2.132071, -0.000024, -0.163036)",LeftFalse_RightFalse
9.428589,0.06519,"(-1.0259814262390137, 1.1786223649978638, 25.550222396850586)","(355.2814636230469, 179.68487548828125, 1.3303508758544922)","(-0.9740312695503235, 1.2558428049087524, 25.62342071533203)","(359.93548583984375, 190.16366577148438, 359.9851379394531)","(-1.4263008832931519, -0.004075441509485245, 25.665790557861328)","(359.9338073730469, 178.45025634765625, -0.0014587963232770562)",0.379016,-0.001617,"(0.061998, -0.000044, -2.245433)",LeftFalse_RightFalse,False,"(-25.631975173950195, -0.004047723021358252, -0.82994544506073)","(359.95343017578125, 91.99267578125, 0.036717191338539124)",0.256201,0.120056,"(2.158251, -0.000026, -0.172850)",LeftFalse_RightFalse
9.494263,0.065287,"(-1.0218616724014282, 1.178618311882019, 25.40174674987793)","(355.3051452636719, 179.6175537109375, 1.3793901205062866)","(-0.9699204564094543, 1.2558391094207764, 25.47492027282715)","(359.9352722167969, 190.15977478027344, 359.9852294921875)","(-1.4221956729888916, -0.004078338388353586, 25.517253875732422)","(359.9336242675781, 178.44635009765625, -0.0013326865155249834)",0.378811,-0.001617,"(0.063181, -0.000041, -2.282198)",LeftFalse_RightFalse,False,"(-25.489749908447266, -0.004049324430525303, -0.8414590954780579)","(359.95343017578125, 92.2839584350586, 0.035514745861291885)",0.277143,0.113696,"(2.174560, -0.000020, -0.179491)",LeftFalse_RightFalse
9.561279,0.065633,"(-1.0175737142562866, 1.178614854812622, 25.247528076171875)","(355.4463195800781, 179.62901306152344, 1.3766213655471802)","(-0.9656389951705933, 1.2558354139328003, 25.320693969726562)","(359.9350891113281, 190.1556854248047, 359.9853515625)","(-1.417920470237732, -0.0040809763595461845, 25.362991333007812)","(359.9334411621094, 178.4422607421875, -0.0011766047682613134)",0.378627,-0.001617,"(0.064344, -0.000040, -2.318622)",LeftFalse_RightFalse,False,"(-25.34331512451172, -0.004050562623888254, -0.8536916971206665)","(359.9534606933594, 92.5679702758789, 0.034115154296159744)",0.279389,0.104295,"(2.194041, -0.000019, -0.186059)",LeftFalse_RightFalse
9.627808,0.065799,"(-1.0132368803024292, 1.1786115169525146, 25.091907501220703)","(355.580322265625, 179.66024780273438, 1.3433473110198975)","(-0.9613077044487, 1.2558317184448242, 25.165075302124023)","(359.9349060058594, 190.15155029296875, 359.9854431152344)","(-1.413595199584961, -0.004083724692463875, 25.20733642578125)","(359.9333190917969, 178.43812561035156, -0.0010426582302898169)",0.378461,-0.001617,"(0.065879, -0.000040, -2.366671)",LeftFalse_RightFalse,False,"(-25.196626663208008, -0.004052110016345978, -0.8662028908729553)","(359.9531555175781, 92.83221435546875, 0.03185800090432167)",0.258958,0.097499,"(2.220554, -0.000026, -0.193136)",LeftFalse_RightFalse
9.692749,0.065638,"(-1.0089138746261597, 1.1786084175109863, 24.937149047851562)","(355.6769104003906, 179.70306396484375, 1.3039040565490723)","(-0.9569900631904602, 1.2558283805847168, 25.010316848754883)","(359.93475341796875, 190.14743041992188, 359.9855041503906)","(-1.4092826843261719, -0.004086413886398077, 25.05254364013672)","(359.9331970214844, 178.4340057373047, -0.0009411190985701978)",0.378312,-0.001617,"(0.067025, -0.000042, -2.402327)",LeftFalse_RightFalse,False,"(-25.051856994628906, -0.004053746350109577, -0.8788573741912842)","(359.9530334472656, 93.07707977294922, 0.03008335269987583)",0.276734,0.088968,"(2.236800, -0.000023, -0.198166)",LeftFalse_RightFalse
9.760498,0.066071,"(-1.0043193101882935, 1.1786054372787476, 24.773052215576172)","(355.71209716796875, 179.71585083007812, 1.2927919626235962)","(-0.9524009823799133, 1.255825161933899, 24.84622573852539)","(359.93463134765625, 190.14306640625, 359.9855651855469)","(-1.404698371887207, -0.004089093767106533, 24.88841438293457)","(359.93304443359375, 178.4296417236328, -0.000867106020450592)",0.378178,-0.001617,"(0.068168, -0.000042, -2.437658)",LeftFalse_RightFalse,False,"(-24.89952278137207, -0.004055168945342302, -0.8923804759979248)","(359.9530029296875, 93.31499481201172, 0.02773592434823513)",0.280633,0.076709,"(2.255833, -0.000022, -0.201928)",LeftFalse_RightFalse
9.827148,0.066172,"(-0.999722957611084, 1.1786025762557983, 24.609304428100586)","(355.7698669433594, 179.72975158691406, 1.2595528364181519)","(-0.947810173034668, 1.2558220624923706, 24.682479858398438)","(359.93450927734375, 190.13870239257812, 359.985595703125)","(-1.4001117944717407, -0.004092018119990826, 24.724632263183594)","(359.93292236328125, 178.42527770996094, -0.0008203427423723042)",0.378057,-0.001617,"(0.069690, -0.000040, -2.484272)",LeftFalse_RightFalse,False,"(-24.748477935791016, -0.004056735895574093, -0.9057894349098206)","(359.9526672363281, 93.52384185791016, 0.024002090096473694)",0.260393,0.068305,"(2.282187, -0.000027, -0.204393)",LeftFalse_RightFalse
9.89917,0.067336,"(-0.9953734874725342, 1.1785993576049805, 24.429458618164062)","(355.798095703125, 179.74021911621094, 1.2694566249847412)","(-0.9427506923675537, 1.2558188438415527, 24.50251007080078)","(359.9343566894531, 190.1339111328125, 359.985595703125)","(-1.3950562477111816, -0.004095046315342188, 24.54462242126465)","(359.93280029296875, 178.4204864501953, -0.0007933317683637142)",0.376359,-0.001617,"(0.070830, -0.000042, -2.518867)",LeftFalse_RightFalse,False,"(-24.583633422851562, -0.004058538936078548, -0.920509934425354)","(359.9525451660156, 93.72735595703125, 0.02074456587433815)",0.282947,0.059929,"(2.298327, -0.000022, -0.206098)",LeftFalse_RightFalse
9.968384,0.067722,"(-0.9906011819839478, 1.1785964965820312, 24.253559112548828)","(355.7509765625, 179.71664428710938, 1.2773886919021606)","(-0.9377912878990173, 1.255816102027893, 24.326581954956055)","(359.93426513671875, 190.1292266845703, 359.9855651855469)","(-1.3901005983352661, -0.004097956232726574, 24.368654251098633)","(359.9327087402344, 178.41580200195312, -0.0007815543795004487)",0.364912,-0.001617,"(0.072338, -0.000041, -2.564153)",LeftFalse_RightFalse,False,"(-24.423574447631836, -0.0040600537322461605, -0.9347931146621704)","(359.952392578125, 93.90010070800781, 0.01760777458548546)",0.265587,0.056644,"(2.324360, -0.000025, -0.208965)",LeftFalse_RightFalse
10.03418,0.067345,"(-0.9858547449111938, 1.1785937547683716, 24.083860397338867)","(355.6965026855469, 179.70663452148438, 1.2637591361999512)","(-0.9329942464828491, 1.255813479423523, 24.156877517700195)","(359.9343566894531, 190.1247100830078, 359.985595703125)","(-1.3853068351745605, -0.004100442864000797, 24.198915481567383)","(359.93280029296875, 178.41128540039062, -0.0007800187449902296)",0.341119,-0.001617,"(0.073412, -0.000038, -2.595845)",LeftFalse_RightFalse,False,"(-24.270061492919922, -0.004061585292220116, -0.9486380219459534)","(359.9522399902344, 94.0516586303711, 0.016213933005928993)",0.278618,0.054835,"(2.340659, -0.000023, -0.212776)",LeftFalse_RightFalse
10.100952,0.067232,"(-0.9809278249740601, 1.1785898208618164, 23.90955924987793)","(355.658447265625, 179.70919799804688, 1.2431557178497314)","(-0.9280537366867065, 1.2558103799819946, 23.982576370239258)","(359.93505859375, 190.12008666992188, 359.9857482910156)","(-1.3803701400756836, -0.004102824255824089, 24.024593353271484)","(359.9335021972656, 178.4066619873047, -0.0007830791873857379)",0.31415,-0.001617,"(0.074368, -0.000029, -2.623161)",LeftFalse_RightFalse,False,"(-24.113113403320312, -0.004062991589307785, -0.9630149602890015)","(359.9521789550781, 94.19788360595703, 0.015941999852657318)",0.28163,0.053807,"(2.358705, -0.000022, -0.217799)",LeftFalse_RightFalse
10.169434,0.067472,"(-0.9757982492446899, 1.1785848140716553, 23.729045867919922)","(355.6377258300781, 179.7145233154297, 1.2052254676818848)","(-0.9229234457015991, 1.2558075189590454, 23.80206298828125)","(359.9367370605469, 190.11529541015625, 359.986083984375)","(-1.3752442598342896, -0.004104143474251032, 23.84408187866211)","(359.93524169921875, 178.40187072753906, -0.000788866775110364)",0.289878,-0.001617,"(0.075459, -0.000003, -2.652812)",LeftFalse_RightFalse,False,"(-23.950870513916016, -0.004064566921442747, -0.9781802892684937)","(359.9519348144531, 94.34378051757812, 0.01649274304509163)",0.265523,0.055281,"(2.383138, -0.000026, -0.225730)",LeftFalse_RightFalse
10.234253,0.066937,"(-0.9707607626914978, 1.1785792112350464, 23.557294845581055)","(355.62646484375, 179.72174072265625, 1.1593289375305176)","(-0.9180090427398682, 1.2558056116104126, 23.629642486572266)","(359.93902587890625, 190.11073303222656, 359.9865417480469)","(-1.370334506034851, -0.004103870131075382, 23.671676635742188)","(359.93756103515625, 178.39730834960938, -0.0007966451812535524)",0.267239,-0.001617,"(0.076155, 0.000013, -2.670542)",LeftFalse_RightFalse,False,"(-23.796001434326172, -0.004066132009029388, -0.9930315017700195)","(359.95184326171875, 94.48246002197266, 0.017829880118370056)",0.279897,0.054001,"(2.398375, -0.000022, -0.233083)",LeftFalse_RightFalse
10.300293,0.066751,"(-0.9656612873077393, 1.178573727607727, 23.380779266357422)","(355.599365234375, 179.7373504638672, 1.113650918006897)","(-0.9129574298858643, 1.2558040618896484, 23.45288848876953)","(359.9420166015625, 190.10606384277344, 359.9871520996094)","(-1.3652880191802979, -0.004102562554180622, 23.494951248168945)","(359.94061279296875, 178.3926239013672, -0.0008020132081583142)",0.246071,-0.001617,"(0.076734, 0.000030, -2.684069)",LeftFalse_RightFalse,False,"(-23.6370906829834, -0.004067611414939165, -1.0086500644683838)","(359.95184326171875, 94.62459564208984, 0.019095463678240776)",0.282306,0.053892,"(2.415848, -0.000021, -0.239655)",LeftFalse_RightFalse
10.366333,0.066616,"(-0.9605461359024048, 1.178568720817566, 23.203079223632812)","(355.54638671875, 179.74856567382812, 1.078842282295227)","(-0.9078623056411743, 1.2558033466339111, 23.27510643005371)","(359.9454345703125, 190.1013641357422, 359.98785400390625)","(-1.3601984977722168, -0.0040998007170856, 23.317209243774414)","(359.9441223144531, 178.387939453125, -0.0008082636049948633)",0.22702,-0.001617,"(0.077361, 0.000050, -2.696817)",LeftFalse_RightFalse,False,"(-23.476722717285156, -0.004069053567945957, -1.024781584739685)","(359.9516296386719, 94.76692962646484, 0.020118828862905502)",0.264603,0.055698,"(2.439470, -0.000025, -0.249083)",LeftFalse_RightFalse
10.431885,0.066397,"(-0.9554520845413208, 1.178564429283142, 23.02623176574707)","(355.4710693359375, 179.72935485839844, 1.0635149478912354)","(-0.9027788639068604, 1.2558037042617798, 23.09823226928711)","(359.948974609375, 190.09671020507812, 359.98858642578125)","(-1.3551204204559326, -0.004096281714737415, 23.140377044677734)","(359.9477233886719, 178.38327026367188, -0.0008134641102515161)",0.209873,-0.001495,"(0.077734, 0.000055, -2.702902)",LeftFalse_RightFalse,False,"(-23.31650733947754, -0.004070665221661329, -1.0413274765014648)","(359.9515686035156, 94.9103012084961, 0.02135234698653221)",0.281279,0.0553,"(2.453857, -0.000021, -0.257160)",LeftFalse_RightFalse
10.497192,0.0662,"(-0.9502322673797607, 1.17855966091156, 22.8499813079834)","(355.4289855957031, 179.7067108154297, 1.0810126066207886)","(-0.8976826667785645, 1.2558037042617798, 22.921316146850586)","(359.9525146484375, 190.09217834472656, 359.9893493652344)","(-1.3500304222106934, -0.004092427436262369, 22.963504791259766)","(359.95135498046875, 178.37875366210938, -0.0007901380304247141)",0.194838,-0.001495,"(0.077938, 0.000063, -2.705859)",LeftFalse_RightFalse,False,"(-23.155460357666016, -0.0040719895623624325, -1.0583988428115845)","(359.9516296386719, 95.05619812011719, 0.022463645786046982)",0.282694,0.052557,"(2.470831, -0.000020, -0.264802)",LeftFalse_RightFalse
10.561279,0.065775,"(-0.9451817274093628, 1.1785557270050049, 22.676788330078125)","(355.3702697753906, 179.69686889648438, 1.1064927577972412)","(-0.8926772475242615, 1.2558043003082275, 22.74789810180664)","(359.9559631347656, 190.087890625, 359.9900817871094)","(-1.3450310230255127, -0.004088311456143856, 22.790130615234375)","(359.9548645019531, 178.3744659423828, -0.0007645111181773245)",0.181307,-0.001495,"(0.078110, 0.000066, -2.706086)",LeftFalse_RightFalse,False,"(-22.99651336669922, -0.004073349758982658, -1.075576901435852)","(359.951416015625, 95.19731140136719, 0.022599805146455765)",0.280612,0.048629,"(2.488204, -0.000022, -0.270840)",LeftFalse_RightFalse
10.626709,0.065687,"(-0.94004887342453, 1.1785523891448975, 22.500144958496094)","(355.2665100097656, 179.6905059814453, 1.144264817237854)","(-0.8875643610954285, 1.255805253982544, 22.571170806884766)","(359.9593811035156, 190.0835723876953, 359.9908142089844)","(-1.339923620223999, -0.0040839663706719875, 22.613447189331055)","(359.9583435058594, 178.3701629638672, -0.0007509816787205637)",0.169129,-0.001495,"(0.078263, 0.000067, -2.703119)",LeftFalse_RightFalse,False,"(-22.833234786987305, -0.004074991215020418, -1.0934464931488037)","(359.951171875, 95.3343505859375, 0.02159801870584488)",0.26637,0.044829,"(2.510808, -0.000025, -0.277487)",LeftFalse_RightFalse
10.693359,0.065895,"(-0.934688925743103, 1.179244041442871, 22.320587158203125)","(355.1684875488281, 179.6649932861328, 1.1845479011535645)","(-0.8823355436325073, 1.255806565284729, 22.39090347290039)","(359.9625244140625, 190.07919311523438, 359.991455078125)","(-1.3347002267837524, -0.0040794918313622475, 22.433216094970703)","(359.9615783691406, 178.3657684326172, -0.0007479424239136279)",0.158565,-0.000946,"(0.078320, 0.000064, -2.698771)",LeftFalse_RightFalse,False,"(-22.665283203125, -0.004076534416526556, -1.1120526790618896)","(359.95111083984375, 95.46687316894531, 0.020241621881723404)",0.283597,0.035799,"(2.525256, -0.000022, -0.281461)",LeftFalse_RightFalse
10.760376,0.06612,"(-0.9294009208679199, 1.1794730424880981, 22.14014434814453)","(355.0922546386719, 179.59603881835938, 1.2007757425308228)","(-0.8770938515663147, 1.2558070421218872, 22.210222244262695)","(359.9654235839844, 190.07545471191406, 359.9922180175781)","(-1.3294661045074463, -0.004075228236615658, 22.25257110595703)","(359.9645690917969, 178.3620147705078, -0.0006150087574496865)",0.149058,0.000366,"(0.077970, 0.000062, -2.692584)",LeftFalse_RightFalse,False,"(-22.495418548583984, -0.004078015685081482, -1.130882740020752)","(359.95111083984375, 95.58433532714844, 0.017235731706023216)",0.284807,0.026027,"(2.542802, -0.000023, -0.281871)",LeftFalse_RightFalse
10.823975,0.065611,"(-0.924464762210846, 1.1795405149459839, 21.969310760498047)","(355.0267333984375, 179.5591583251953, 1.2243462800979614)","(-0.8721716403961182, 1.2558045387268066, 22.03931427001953)","(359.9678955078125, 190.07415771484375, 359.9931945800781)","(-1.324556589126587, -0.0040714372880756855, 22.081708908081055)","(359.9671630859375, 178.36073303222656, -0.00015651254216209054)",0.140501,0.001984,"(0.076932, 0.000060, -2.684782)",LeftFalse_RightFalse,False,"(-22.33306121826172, -0.004079484846442938, -1.1486642360687256)","(359.9508361816406, 95.67262268066406, 0.012722418643534184)",0.281336,0.017961,"(2.560760, -0.000024, -0.279942)",LeftFalse_RightFalse
10.892212,0.066133,"(-0.9192852973937988, 1.1795616149902344, 21.786569595336914)","(354.97222900390625, 179.56472778320312, 1.2803962230682373)","(-0.8669928312301636, 1.255799651145935, 21.856538772583008)","(359.97021484375, 190.076904296875, -0.005496730096638203)","(-1.3193953037261963, -0.004067452158778906, 21.899009704589844)","(359.9697265625, 178.3634796142578, 0.0006659748614765704)",0.1328,0.003387,"(0.075034, 0.000055, -2.672464)",LeftFalse_RightFalse,False,"(-22.15750503540039, -0.004081173799932003, -1.167587399482727)","(359.9505615234375, 95.7414321899414, 0.007655018009245396)",0.2707,0.00875,"(2.583539, -0.000026, -0.277895)",LeftFalse_RightFalse
10.959961,0.066456,"(-0.9142627716064453, 1.1795638799667358, 21.605806350708008)","(354.9796447753906, 179.5797882080078, 1.2912871837615967)","(-0.8619627952575684, 1.2557947635650635, 21.675758361816406)","(359.97222900390625, 190.08334350585938, -0.004259337205439806)","(-1.3143795728683472, -0.004063819535076618, 21.71832847595215)","(359.971923828125, 178.36993408203125, 0.0014695306308567524)",0.12587,0.004272,"(0.073378, 0.000053, -2.661993)",LeftFalse_RightFalse,False,"(-21.9819393157959, -0.004082907922565937, -1.1862287521362305)","(359.9505310058594, 95.78767395019531, 0.0031689119059592485)",0.285777,0.003649,"(2.598795, -0.000023, -0.274264)",LeftFalse_RightFalse
11.028076,0.066783,"(-0.9093470573425293, 1.179560899734497, 21.424964904785156)","(355.0234680175781, 179.59959411621094, 1.2753888368606567)","(-0.8570343255996704, 1.2557905912399292, 21.49489974975586)","(359.9740295410156, 190.09339904785156, -0.0031506081577390432)","(-1.3094606399536133, -0.004060491919517517, 21.537593841552734)","(359.97393798828125, 178.37997436523438, 0.002187721896916628)",0.118838,0.005707,"(0.071407, 0.000047, -2.646539)",LeftFalse_RightFalse,False,"(-21.804229736328125, -0.004084356129169464, -1.2047542333602905)","(359.950439453125, 95.81226348876953, -0.0006888805073685944)",0.271262,-0.00463,"(2.621947, -0.000024, -0.271957)",LeftFalse_RightFalse
11.098511,0.067528,"(-0.904397189617157, 1.1795564889907837, 21.23865509033203)","(355.05487060546875, 179.5760498046875, 1.2461904287338257)","(-0.8520671129226685, 1.2557867765426636, 21.308574676513672)","(359.9756774902344, 190.10707092285156, -0.0021453876979649067)","(-1.3044986724853516, -0.0040574343875050545, 21.351415634155273)","(359.9757385253906, 178.39366149902344, 0.0028383147437125444)",0.11251,0.009399,"(0.069483, 0.000043, -2.633879)",LeftFalse_RightFalse,False,"(-21.618850708007812, -0.004085954278707504, -1.2237330675125122)","(359.9504089355469, 95.81832122802734, -0.004109853878617287)",0.286816,-0.014021,"(2.636988, -0.000021, -0.267508)",LeftFalse_RightFalse
11.16687,0.067694,"(-0.899832010269165, 1.17954683303833, 21.059019088745117)","(355.0355224609375, 179.57106018066406, 1.1979347467422485)","(-0.8474751710891724, 1.2557774782180786, 21.128917694091797)","(359.97698974609375, 190.12747192382812, -0.0005007680156268179)","(-1.2999221086502075, -0.004054543096572161, 21.171955108642578)","(359.97735595703125, 178.41404724121094, 0.00418415293097496)",0.106815,0.014282,"(0.065052, 0.000041, -2.615739)",LeftFalse_RightFalse,False,"(-21.437854766845703, -0.004087395034730434, -1.2416781187057495)","(359.9503173828125, 95.79737091064453, 359.9914245605469)",0.27208,-0.023213,"(2.660320, -0.000021, -0.259922)",LeftFalse_RightFalse
11.233154,0.0674,"(-0.8957082033157349, 1.1795340776443481, 20.885971069335938)","(354.9381103515625, 179.69728088378906, 1.252835750579834)","(-0.8433138132095337, 1.2557646036148071, 20.955841064453125)","(359.97796630859375, 190.15626525878906, 0.0015606265515089035)","(-1.2957797050476074, -0.00405182596296072, 20.999135971069336)","(359.978759765625, 178.44284057617188, 0.005999263841658831)",0.101689,0.018616,"(0.060075, 0.000039, -2.601334)",LeftFalse_RightFalse,False,"(-21.261249542236328, -0.0040888432413339615, -1.2586181163787842)","(359.95025634765625, 95.75375366210938, 359.9872741699219)",0.284465,-0.026881,"(2.675346, -0.000022, -0.252191)",LeftFalse_RightFalse
11.300659,0.06743,"(-0.8919121623039246, 1.179517149925232, 20.710479736328125)","(354.82489013671875, 179.7834930419922, 1.345762014389038)","(-0.839463472366333, 1.2557469606399536, 20.780311584472656)","(359.9787902832031, 190.1981658935547, 0.004200090654194355)","(-1.2919515371322632, -0.004049073904752731, 20.823963165283203)","(359.9800720214844, 178.4847412109375, 0.008420486934483051)",0.097076,0.021393,"(0.054475, 0.000041, -2.586177)",LeftFalse_RightFalse,False,"(-21.07994270324707, -0.004090119618922472, -1.2754106521606445)","(359.95025634765625, 95.68773651123047, 359.9836730957031)",0.287151,-0.031221,"(2.692032, -0.000021, -0.246508)",LeftFalse_RightFalse
11.365601,0.066935,"(-0.8886631727218628, 1.1795027256011963, 20.542757034301758)","(354.7532653808594, 179.8097381591797, 1.3448420763015747)","(-0.8361498713493347, 1.2557319402694702, 20.61254119873047)","(359.9795227050781, 190.24887084960938, 0.0064720455557107925)","(-1.2886453866958618, -0.004046522080898285, 20.656618118286133)","(359.98126220703125, 178.5354461669922, 0.010494175367057323)",0.092924,0.022278,"(0.048109, 0.000039, -2.565116)",LeftFalse_RightFalse,False,"(-20.90438461303711, -0.004091625101864338, -1.2911487817764282)","(359.9500427246094, 95.60865783691406, 359.9810485839844)",0.269381,-0.034086,"(2.714745, -0.000024, -0.239232)",LeftFalse_RightFalse
11.428711,0.066166,"(-0.8864433765411377, 1.1794955730438232, 20.381027221679688)","(354.8058776855469, 179.8815460205078, 1.3279057741165161)","(-0.8332323431968689, 1.2557250261306763, 20.450645446777344)","(359.9803161621094, 190.30319213867188, 0.007699433248490095)","(-1.2857093811035156, -0.004044259898364544, 20.495174407958984)","(359.9822998046875, 178.58978271484375, 0.011532677337527275)",0.089187,0.022278,"(0.044360, 0.000037, -2.548799)",LeftFalse_RightFalse,False,"(-20.732784271240234, -0.004092971328645945, -1.3060940504074097)","(359.949951171875, 95.5217514038086, 359.9794921875)",0.283584,-0.03617,"(2.728571, -0.000020, -0.233813)",LeftFalse_RightFalse
11.494873,0.066168,"(-0.8840826749801636, 1.1794943809509277, 20.2117919921875)","(354.9432678222656, 180.01283264160156, 1.2307713031768799)","(-0.8304304480552673, 1.255724310874939, 20.281991958618164)","(359.9812316894531, 190.3623809814453, 0.008173450827598572)","(-1.2828677892684937, -0.004041749052703381, 20.327011108398438)","(359.9833068847656, 178.6489715576172, 0.01181055884808302)",0.085824,0.022278,"(0.041303, 0.000037, -2.532004)",LeftFalse_RightFalse,False,"(-20.551753997802734, -0.004094334784895182, -1.321397066116333)","(359.9500427246094, 95.42159271240234, 359.97833251953125)",0.286965,-0.038001,"(2.744506, -0.000021, -0.228649)",LeftFalse_RightFalse
11.558838,0.065721,"(-0.8817763328552246, 1.17949640750885, 20.049856185913086)","(355.0594787597656, 180.17398071289062, 1.1923385858535767)","(-0.8279330730438232, 1.2557276487350464, 20.120210647583008)","(359.9821472167969, 190.419921875, 0.008143320679664612)","(-1.280320644378662, -0.004039343446493149, 20.16570281982422)","(359.98419189453125, 178.70651245117188, 0.01159602589905262)",0.082798,0.022278,"(0.038493, 0.000037, -2.514808)",LeftFalse_RightFalse,False,"(-20.375728607177734, -0.004095745738595724, -1.3358302116394043)","(359.9499206542969, 95.31739807128906, 359.97747802734375)",0.28444,-0.045178,"(2.760980, -0.000023, -0.223493)",LeftFalse_RightFalse
11.626709,0.06615,"(-0.8794523477554321, 1.1794999837875366, 19.87940216064453)","(355.11639404296875, 180.2593536376953, 1.256089687347412)","(-0.8254885673522949, 1.255732536315918, 19.949777603149414)","(359.98309326171875, 190.4807586669922, 0.007904023863375187)","(-1.2778186798095703, -0.004036882426589727, 19.995769500732422)","(359.98504638671875, 178.767333984375, 0.011172170750796795)",0.080074,0.021912,"(0.034923, 0.000036, -2.491469)",LeftFalse_RightFalse,False,"(-20.187673568725586, -0.0040973396971821785, -1.3505836725234985)","(359.94970703125, 95.19222259521484, 359.9751281738281)",0.274086,-0.053559,"(2.782378, -0.000024, -0.212262)",LeftFalse_RightFalse
11.69458,0.066508,"(-0.8772928714752197, 1.17950439453125, 19.7101993560791)","(355.13299560546875, 180.25848388671875, 1.4571949243545532)","(-0.8232409954071045, 1.255738377571106, 19.780542373657227)","(359.98394775390625, 190.5408935546875, 0.007544203195720911)","(-1.2755115032196045, -0.004034532234072685, 19.8270263671875)","(359.9858093261719, 178.8274688720703, 0.010646064765751362)",0.077622,0.021545,"(0.032553, 0.000035, -2.473730)",LeftFalse_RightFalse,False,"(-19.998226165771484, -0.004098830744624138, -1.3646173477172852)","(359.94970703125, 95.04767608642578, 359.97174072265625)",0.288495,-0.061276,"(2.796569, -0.000020, -0.200744)",LeftFalse_RightFalse
11.765503,0.067389,"(-0.8744363784790039, 1.1795092821121216, 19.53491973876953)","(355.172119140625, 180.22853088378906, 1.5578904151916504)","(-0.8210808038711548, 1.2557449340820312, 19.605358123779297)","(359.9847717285156, 190.60220336914062, 0.007097033318132162)","(-1.2732881307601929, -0.004032040946185589, 19.652341842651367)","(359.9865417480469, 178.8887939453125, 0.010040422901511192)",0.075416,0.020966,"(0.029552, 0.000031, -2.449820)",LeftFalse_RightFalse,False,"(-19.799257278442383, -0.004100237041711807, -1.3782674074172974)","(359.94970703125, 94.86956787109375, 359.9668273925781)",0.277565,-0.068386,"(2.818436, -0.000021, -0.184503)",LeftFalse_RightFalse
11.833252,0.067455,"(-0.8723999857902527, 1.1795140504837036, 19.369064331054688)","(355.1739807128906, 180.25245666503906, 1.6756393909454346)","(-0.8191893100738525, 1.2557508945465088, 19.439491271972656)","(359.9854736328125, 190.65921020507812, 0.006663771346211433)","(-1.2713375091552734, -0.004029885400086641, 19.4869384765625)","(359.98712158203125, 178.94580078125, 0.00947355292737484)",0.07343,0.020416,"(0.027552, 0.000031, -2.431749)",LeftFalse_RightFalse,False,"(-19.60797882080078, -0.004101554863154888, -1.3903319835662842)","(359.9496765136719, 94.67662811279297, 359.96246337890625)",0.21143,-0.074271,"(2.832870, -0.000020, -0.170989)",LeftFalse_RightFalse
11.897705,0.06686,"(-0.870732307434082, 1.179518699645996, 19.212474822998047)","(355.1839904785156, 180.30184936523438, 1.7322126626968384)","(-0.817523717880249, 1.2557567358016968, 19.282865524291992)","(359.986083984375, 190.71165466308594, 0.00622305553406477)","(-1.2696162462234497, -0.004027947783470154, 19.330738067626953)","(359.9876403808594, 178.99822998046875, 0.008916378021240234)",0.071642,0.020111,"(0.025687, 0.000030, -2.413545)",LeftFalse_RightFalse,False,"(-19.425220489501953, -0.004102323669940233, -1.4008359909057617)","(359.9508361816406, 94.47241973876953, 359.9584655761719)",0.193877,-0.074282,"(2.835746, 0.000001, -0.156419)",LeftFalse_RightFalse
11.963257,0.066579,"(-0.8692117929458618, 1.17952299118042, 19.054819107055664)","(355.1796569824219, 180.33621215820312, 1.7765190601348877)","(-0.8159640431404114, 1.2557621002197266, 19.125167846679688)","(359.9866638183594, 190.76327514648438, 0.005844788160175085)","(-1.2680027484893799, -0.004025978501886129, 19.173458099365234)","(359.9881286621094, 179.04986572265625, 0.008430573157966137)",0.070034,0.020081,"(0.023783, 0.000030, -2.395243)",LeftFalse_RightFalse,False,"(-19.23965835571289, -0.004101159516721964, -1.4106135368347168)","(359.95355224609375, 94.25379180908203, 359.95623779296875)",0.181231,-0.073317,"(2.834935, 0.000031, -0.144833)",LeftTrue_RightFalse
12.032349,0.067086,"(-0.8677745461463928, 1.179526448249817, 18.88979148864746)","(355.22412109375, 180.3583984375, 1.805428385734558)","(-0.8144703507423401, 1.25576651096344, 18.960092544555664)","(359.9871826171875, 190.8166961669922, 0.005607397761195898)","(-1.2664566040039062, -0.004023803863674402, 19.008813858032227)","(359.98858642578125, 179.103271484375, 0.0080921845510602)",0.068586,0.020081,"(0.021075, 0.000028, -2.370796)",LeftFalse_RightFalse,False,"(-19.04389190673828, -0.004097893368452787, -1.420122742652893)","(359.9571228027344, 94.02099609375, 359.9560546875)",0.166408,-0.074085,"(2.830685, 0.000060, -0.131325)",LeftTrue_RightFalse
12.100464,0.067308,"(-0.8665176630020142, 1.1795289516448975, 18.7283935546875)","(355.2622375488281, 180.40786743164062, 1.7915518283843994)","(-0.813152551651001, 1.2557696104049683, 18.79864501953125)","(359.98760986328125, 190.86874389648438, 0.005488205701112747)","(-1.265089988708496, -0.004021835047751665, 18.84778594970703)","(359.9889831542969, 179.1553192138672, 0.007887003943324089)",0.068077,0.020081,"(0.019034, 0.000029, -2.352466)",LeftFalse_RightFalse,False,"(-18.851078033447266, -0.004093310795724392, -1.4286987781524658)","(359.960693359375, 93.7909164428711, 359.9564514160156)",0.149434,-0.077222,"(2.824892, 0.000071, -0.120577)",LeftTrue_RightFalse
12.167358,0.067225,"(-0.8654374480247498, 1.1795309782028198, 18.571455001831055)","(355.2945251464844, 180.48690795898438, 1.7508875131607056)","(-0.8120113611221313, 1.2557721138000488, 18.641658782958984)","(359.98797607421875, 190.91929626464844, 0.005420524626970291)","(-1.263902187347412, -0.004020091146230698, 18.691205978393555)","(359.98931884765625, 179.20587158203125, 0.007747324649244547)",0.067618,0.020081,"(0.016362, 0.000027, -2.328236)",LeftFalse_RightFalse,False,"(-18.662511825561523, -0.0040882485918700695, -1.436213493347168)","(359.9642333984375, 93.56075286865234, 359.9561462402344)",0.147963,-0.079275,"(2.813126, 0.000079, -0.104152)",LeftTrue_RightFalse
12.232422,0.066781,"(-0.864530086517334, 1.1795331239700317, 18.420244216918945)","(355.3322448730469, 180.5769805908203, 1.7093095779418945)","(-0.8110446929931641, 1.255774736404419, 18.490402221679688)","(359.98828125, 190.96798706054688, 0.005366143770515919)","(-1.2628909349441528, -0.004018188454210758, 18.540340423583984)","(359.9895935058594, 179.25457763671875, 0.007636315189301968)",0.068396,0.019714,"(0.014403, 0.000025, -2.310238)",LeftFalse_RightFalse,False,"(-18.479900360107422, -0.004083228297531605, -1.4426348209381104)","(359.9673156738281, 93.33232879638672, 359.95562744140625)",0.132114,-0.077708,"(2.803999, 0.000076, -0.091706)",LeftTrue_RightFalse
12.300049,0.066954,"(-0.8637213110923767, 1.1795355081558228, 18.264232635498047)","(355.35302734375, 180.6393280029297, 1.6940324306488037)","(-0.8101752996444702, 1.2557774782180786, 18.3343448638916)","(359.9884948730469, 191.01785278320312, 0.0052223303355276585)","(-1.2619738578796387, -0.004016584251075983, 18.384679794311523)","(359.98980712890625, 179.30442810058594, 0.007447341922670603)",0.069889,0.018127,"(0.012697, 0.000023, -2.292581)",LeftFalse_RightFalse,False,"(-18.290645599365234, -0.00407829275354743, -1.4484827518463135)","(359.97015380859375, 93.09347534179688, 359.955810546875)",0.122129,-0.075783,"(2.792243, 0.000070, -0.081408)",LeftTrue_RightFalse
12.365479,0.066646,"(-0.8630256652832031, 1.1795406341552734, 18.114639282226562)","(355.3796691894531, 180.6356201171875, 1.6639946699142456)","(-0.809424638748169, 1.2557834386825562, 18.184707641601562)","(359.98870849609375, 191.06344604492188, 0.00470495643094182)","(-1.2611708641052246, -0.004015027079731226, 18.23540496826172)","(359.9898986816406, 179.35003662109375, 0.006899150088429451)",0.073217,0.015961,"(0.011362, 0.000021, -2.269713)",LeftFalse_RightFalse,False,"(-18.10855484008789, -0.0040737334638834, -1.4534488916397095)","(359.97271728515625, 92.86715698242188, 359.95703125)",0.130287,-0.071664,"(2.774253, 0.000067, -0.068896)",LeftTrue_RightFalse
12.428955,0.066023,"(-0.8624006509780884, 1.1795473098754883, 17.97054672241211)","(355.4031982421875, 180.65997314453125, 1.6419495344161987)","(-0.8087507486343384, 1.2557907104492188, 18.040576934814453)","(359.9888610839844, 191.1042938232422, 0.0039483653381466866)","(-1.2604438066482544, -0.004013782367110252, 18.091596603393555)","(359.9898986816406, 179.39088439941406, 0.006129808723926544)",0.077005,0.014679,"(0.011096, 0.000018, -2.253364)",LeftFalse_RightFalse,False,"(-17.93260383605957, -0.004069793038070202, -1.457676649093628)","(359.9747619628906, 92.65426635742188, 359.9588928222656)",0.11359,-0.064006,"(2.762247, 0.000059, -0.061624)",LeftTrue_RightFalse
12.49231,0.065481,"(-0.8617931604385376, 1.17955482006073, 17.828041076660156)","(355.4144287109375, 180.7308807373047, 1.5689520835876465)","(-0.808099627494812, 1.2557988166809082, 17.89803695678711)","(359.9888610839844, 191.140869140625, 0.003053913824260235)","(-1.2597408294677734, -0.004012759774923325, 17.9493408203125)","(359.9897155761719, 179.4274444580078, 0.0052495538257062435)",0.079224,0.014618,"(0.010721, 0.000017, -2.237862)",LeftFalse_RightFalse,False,"(-17.758115768432617, -0.004066295921802521, -1.4615203142166138)","(359.9763488769531, 92.45640563964844, 359.9623107910156)",0.108206,-0.058331,"(2.747610, 0.000051, -0.057814)",LeftTrue_RightFalse
12.559937,0.065902,"(-0.8611868619918823, 1.1795603036880493, 17.677061080932617)","(355.343017578125, 180.738037109375, 1.583870530128479)","(-0.8074498176574707, 1.2558045387268066, 17.74702262878418)","(359.9886779785156, 191.17724609375, 0.002427714876830578)","(-1.2590454816818237, -0.004011872224509716, 17.798606872558594)","(359.9894104003906, 179.4638214111328, 0.004672950133681297)",0.081222,0.014618,"(0.009726, 0.000013, -2.222935)",LeftFalse_RightFalse,False,"(-17.572961807250977, -0.004062968771904707, -1.465362310409546)","(359.9779357910156, 92.2657241821289, 359.96685791015625)",0.102191,-0.054546,"(2.732045, 0.000048, -0.054481)",LeftTrue_RightFalse
12.624512,0.065639,"(-0.8599761724472046, 1.1795631647109985, 17.533681869506836)","(355.240478515625, 180.4900665283203, 1.7573554515838623)","(-0.8069010972976685, 1.2558072805404663, 17.60375213623047)","(359.9883728027344, 191.2111053466797, 0.002169372048228979)","(-1.2584619522094727, -0.004011023789644241, 17.655595779418945)","(359.9890441894531, 179.4976806640625, 0.004484057426452637)",0.082622,0.014618,"(0.008548, 0.000010, -2.208533)",LeftFalse_RightFalse,False,"(-17.397159576416016, -0.004060037899762392, -1.4687711000442505)","(359.9794006347656, 92.1003189086914, 359.9707336425781)",0.100063,-0.050712,"(2.715554, 0.000045, -0.050650)",LeftTrue_RightFalse
12.688599,0.065342,"(-0.8584369421005249, 1.1795644760131836, 17.39217185974121)","(355.2224426269531, 179.96087646484375, 1.8924270868301392)","(-0.8064371347427368, 1.2558082342147827, 17.462432861328125)","(359.9880065917969, 191.2443389892578, 0.0020785625092685223)","(-1.257967472076416, -0.0040105483494699, 17.514530181884766)","(359.9886779785156, 179.5309295654297, 0.0044700768776237965)",0.083883,0.014618,"(0.006922, 0.000008, -2.189925)",LeftFalse_RightFalse,False,"(-17.223695755004883, -0.004057236947119236, -1.4718955755233765)","(359.9806823730469, 91.94982147216797, 359.9739685058594)",0.113013,-0.047986,"(2.693268, 0.000042, -0.045358)",LeftTrue_RightFalse
12.755615,0.065666,"(-0.8576658964157104, 1.1795654296875, 17.245630264282227)","(355.1910095214844, 179.43194580078125, 2.0469536781311035)","(-0.8060412406921387, 1.255808711051941, 17.31594467163086)","(359.9876403808594, 191.2787322998047, 0.0020468621514737606)","(-1.2575411796569824, -0.004010094329714775, 17.368305206298828)","(359.9883117675781, 179.56532287597656, 0.004514947533607483)",0.085018,0.014252,"(0.005706, 0.000007, -2.176377)",LeftFalse_RightFalse,False,"(-17.04380226135254, -0.0040545533411204815, -1.4748339653015137)","(359.9815673828125, 91.80267333984375, 359.97625732421875)",0.092795,-0.047269,"(2.678941, 0.000036, -0.041301)",LeftTrue_RightFalse
12.819824,0.065367,"(-0.8565348982810974, 1.179566740989685, 17.10602378845215)","(355.13909912109375, 178.9033203125, 2.1707475185394287)","(-0.8057384490966797, 1.2558095455169678, 17.176483154296875)","(359.9873046875, 191.31112670898438, 0.0019528194097802043)","(-1.2572081089019775, -0.004009684547781944, 17.22909164428711)","(359.98797607421875, 179.5977020263672, 0.004487121477723122)",0.086039,0.013,"(0.004710, 0.000006, -2.163185)",LeftFalse_RightFalse,False,"(-16.87248992919922, -0.004052392672747374, -1.4773283004760742)","(359.9822692871094, 91.66864776611328, 359.9776611328125)",0.091741,-0.045599,"(2.661442, 0.000033, -0.036382)",LeftTrue_RightFalse
12.888916,0.066118,"(-0.8552422523498535, 1.1795704364776611, 16.956634521484375)","(355.0451354980469, 178.08578491210938, 2.289440393447876)","(-0.8054637908935547, 1.2558132410049438, 17.02727699279785)","(359.987060546875, 191.34388732910156, 0.0015614780131727457)","(-1.2568957805633545, -0.00400905916467309, 17.080135345458984)","(359.9876708984375, 179.63046264648438, 0.0041539790108799934)",0.088148,0.011017,"(0.004032, 0.000006, -2.146078)",LeftFalse_RightFalse,False,"(-16.689315795898438, -0.004050189163535833, -1.479654312133789)","(359.9831237792969, 91.53034973144531, 359.978759765625)",0.103378,-0.042436,"(2.637942, 0.000033, -0.030207)",LeftTrue_RightFalse
12.957031,0.066529,"(-0.8538814783096313, 1.1795756816864014, 16.810298919677734)","(355.0235595703125, 177.37429809570312, 2.393916130065918)","(-0.8052138090133667, 1.255818486213684, 16.881147384643555)","(359.9869079589844, 191.37298583984375, 0.0009123446070589125)","(-1.256605625152588, -0.0040086405351758, 16.934228897094727)","(359.98736572265625, 179.65956115722656, 0.0035516717471182346)",0.091237,0.009216,"(0.004209, 0.000009, -2.133780)",LeftFalse_RightFalse,False,"(-16.509986877441406, -0.004047964699566364, -1.4816255569458008)","(359.98370361328125, 91.40082550048828, 359.97991943359375)",0.086079,-0.037283,"(2.622519, 0.000030, -0.026904)",LeftTrue_RightFalse
13.025024,0.066821,"(-0.8523635864257812, 1.1795827150344849, 16.666015625)","(355.0246276855469, 176.8490447998047, 2.4764726161956787)","(-0.8049407601356506, 1.2558261156082153, 16.736343383789062)","(359.98675537109375, 191.39739990234375, 1.6363228496629745e-05)","(-1.2562912702560425, -0.004008086398243904, 16.789609909057617)","(359.9870300292969, 179.68399047851562, 0.002703917445614934)",0.096399,0.008453,"(0.004621, 0.000006, -2.122147)",LeftFalse_RightFalse,False,"(-16.3323917388916, -0.004046001937240362, -1.4834340810775757)","(359.9842224121094, 91.2838363647461, 359.9820861816406)",0.083088,-0.033374,"(2.604453, 0.000030, -0.025621)",LeftTrue_RightFalse
13.092163,0.066882,"(-0.851701021194458, 1.1795884370803833, 16.52410125732422)","(354.98114013671875, 176.670166015625, 2.524616241455078)","(-0.8046561479568481, 1.2558318376541138, 16.594255447387695)","(359.9864807128906, 191.4181671142578, -0.0006730499444529414)","(-1.2559738159179688, -0.004007646348327398, 16.647676467895508)","(359.9866027832031, 179.7047576904297, 0.002088506706058979)",0.105805,0.008453,"(0.004508, 0.000005, -2.108019)",LeftFalse_RightFalse,False,"(-16.158477783203125, -0.004043832886964083, -1.4851305484771729)","(359.9848937988281, 91.18231964111328, 359.984619140625)",0.100096,-0.028606,"(2.579802, 0.000034, -0.023694)",LeftTrue_RightFalse
13.15918,0.066911,"(-0.8513287305831909, 1.1795912981033325, 16.383031845092773)","(354.92828369140625, 176.5926513671875, 2.5875024795532227)","(-0.804392397403717, 1.2558342218399048, 16.4531192779541)","(359.9859313964844, 191.43771362304688, -0.0009841084247455)","(-1.2556873559951782, -0.004007337614893913, 16.506681442260742)","(359.98602294921875, 179.72430419921875, 0.0018930223304778337)",0.119429,0.008453,"(0.003991, 0.000002, -2.099143)",LeftFalse_RightFalse,False,"(-15.986089706420898, -0.004041777923703194, -1.4867379665374756)","(359.9852600097656, 91.09239959716797, 359.9869689941406)",0.081897,-0.023657,"(2.564408, 0.000029, -0.023374)",LeftTrue_RightFalse
13.225098,0.066708,"(-0.8502296209335327, 1.1795928478240967, 16.244693756103516)","(354.78009033203125, 176.06304931640625, 2.685222625732422)","(-0.8041703104972839, 1.2558345794677734, 16.314924240112305)","(359.9850158691406, 191.4566192626953, -0.0011333299335092306)","(-1.255448341369629, -0.0040075755678117275, 16.368614196777344)","(359.985107421875, 179.7432098388672, 0.0019331274088472128)",0.131691,0.008087,"(0.003393, -0.000004, -2.092673)",LeftFalse_RightFalse,False,"(-15.817831039428711, -0.004040069412440062, -1.488339900970459)","(359.9855651855469, 91.01795196533203, 359.9896545410156)",0.080018,-0.020464,"(2.546258, 0.000027, -0.024050)",LeftTrue_RightFalse
13.288452,0.066036,"(-0.8478275537490845, 1.1802810430526733, 16.111757278442383)","(354.42767333984375, 174.4523162841797, 2.782641887664795)","(-0.803989052772522, 1.2558348178863525, 16.18242073059082)","(359.9837646484375, 191.47427368164062, -0.0013590380549430847)","(-1.255251169204712, -0.004008283838629723, 16.236223220825195)","(359.98382568359375, 179.76084899902344, 0.001965911127626896)",0.142331,0.00647,"(0.002796, -0.000016, -2.086994)",LeftFalse_RightFalse,False,"(-15.657337188720703, -0.004038281738758087, -1.4899013042449951)","(359.98602294921875, 90.95819854736328, 359.9919128417969)",0.099926,-0.019057,"(2.521749, 0.000030, -0.023900)",LeftTrue_RightFalse
13.354492,0.066047,"(-0.8454309701919556, 1.1805473566055298, 15.973347663879395)","(354.07989501953125, 172.60084533691406, 2.8366682529449463)","(-0.803809642791748, 1.255836844444275, 16.044452667236328)","(359.9823303222656, 191.4910125732422, -0.0018850269261747599)","(-1.2550510168075562, -0.004009568132460117, 16.098352432250977)","(359.9822998046875, 179.777587890625, 0.0017443870892748237)",0.151509,0.003998,"(0.003111, -0.000024, -2.084604)",LeftFalse_RightFalse,False,"(-15.491109848022461, -0.004036403261125088, -1.4914684295654297)","(359.9862060546875, 90.90257263183594, 359.99322509765625)",0.079239,-0.017548,"(2.506957, 0.000025, -0.022987)",LeftTrue_RightFalse
13.421631,0.066245,"(-0.843605637550354, 1.181315302848816, 15.834012985229492)","(353.7944030761719, 170.1117706298828, 2.8100666999816895)","(-0.8035770654678345, 1.2558424472808838, 15.90466594696045)","(359.9808044433594, 191.50369262695312, -0.002942973980680108)","(-1.2547904253005981, -0.004011357203125954, 15.95862865447998)","(359.9805908203125, 179.790283203125, 0.0010166818974539638)",0.15977,0.001953,"(0.004198, -0.000030, -2.083817)",LeftFalse_RightFalse,False,"(-15.323698997497559, -0.0040348186157643795, -1.4929901361465454)","(359.986328125, 90.85153198242188, 359.9940490722656)",0.076149,-0.016953,"(2.489020, 0.000024, -0.022151)",LeftTrue_RightFalse
13.490234,0.066713,"(-0.8420490026473999, 1.1815804243087769, 15.69104290008545)","(353.46490478515625, 168.2076873779297, 2.8053174018859863)","(-0.8032492399215698, 1.2558492422103882, 15.761685371398926)","(359.9792175292969, 191.51126098632812, -0.004237068351358175)","(-1.2544344663619995, -0.0040136585012078285, 15.815668106079102)","(359.9787902832031, 179.7978515625, 7.048801489872858e-05)",0.167204,0.001221,"(0.005529, -0.000033, -2.084684)",LeftFalse_RightFalse,False,"(-15.153841972351074, -0.004033206030726433, -1.4944558143615723)","(359.9867248535156, 90.8033218383789, -0.005547923035919666)",0.092148,-0.01897,"(2.464512, 0.000026, -0.020349)",LeftTrue_RightFalse
13.557251,0.06678,"(-0.8411543965339661, 1.18240487575531, 15.551898956298828)","(353.1299133300781, 167.3336639404297, 2.8032848834991455)","(-0.8028714656829834, 1.2558528184890747, 15.621841430664062)","(359.9776611328125, 191.51571655273438, -0.00510019063949585)","(-1.2540407180786133, -0.004015863407403231, 15.675822257995605)","(359.9770812988281, 179.80230712890625, -0.0004598351661115885)",0.173896,0.001221,"(0.006047, -0.000035, -2.086589)",LeftFalse_RightFalse,False,"(-14.989097595214844, -0.0040314653888344765, -1.4957181215286255)","(359.9869384765625, 90.7558822631836, 359.9939880371094)",0.075743,-0.019453,"(2.449047, 0.000025, -0.017399)",LeftTrue_RightFalse
13.622437,0.066472,"(-0.8405970335006714, 1.1826696395874023, 15.41589069366455)","(352.93243408203125, 167.22654724121094, 2.733612060546875)","(-0.8024777173995972, 1.2558531761169434, 15.48560905456543)","(359.97613525390625, 191.51881408691406, -0.005555905867367983)","(-1.25364089012146, -0.004018222913146019, 15.539579391479492)","(359.97552490234375, 179.80540466308594, -0.0005980976857244968)",0.179521,0.001221,"(0.006145, -0.000034, -2.089624)",LeftFalse_RightFalse,False,"(-14.82999324798584, -0.0040298206731677055, -1.4967505931854248)","(359.9870910644531, 90.70755004882812, 359.9932556152344)",0.074702,-0.019663,"(2.431141, 0.000025, -0.014834)",LeftTrue_RightFalse
13.686768,0.066047,"(-0.8401492834091187, 1.1827600002288818, 15.28133773803711)","(352.9473876953125, 167.61264038085938, 2.6311111450195312)","(-0.8020839691162109, 1.2558517456054688, 15.350979804992676)","(359.9747009277344, 191.52157592773438, 359.9942321777344)","(-1.253246545791626, -0.004020288120955229, 15.404939651489258)","(359.97406005859375, 179.80816650390625, -0.0005021010292693973)",0.184187,0.001221,"(0.006112, -0.000033, -2.094923)",LeftFalse_RightFalse,False,"(-14.674309730529785, -0.004028220660984516, -1.497603416442871)","(359.9874572753906, 90.65898895263672, 359.9927062988281)",0.092703,-0.020029,"(2.407192, 0.000028, -0.011797)",LeftTrue_RightFalse
13.755737,0.066616,"(-0.8397117853164673, 1.1827940940856934, 15.136905670166016)","(352.9149475097656, 167.9364776611328, 2.6025030612945557)","(-0.8016645908355713, 1.2558495998382568, 15.206518173217773)","(359.9732971191406, 191.52447509765625, 359.994140625)","(-1.2528283596038818, -0.004022413864731789, 15.260469436645508)","(359.97265625, 179.81105041503906, -0.00031823344761505723)",0.187196,0.001221,"(0.006050, -0.000031, -2.099642)",LeftFalse_RightFalse,False,"(-14.508930206298828, -0.004026391077786684, -1.498342514038086)","(359.9875793457031, 90.60651397705078, 359.9923095703125)",0.071567,-0.020101,"(2.392484, 0.000023, -0.009502)",LeftTrue_RightFalse
13.821655,0.066478,"(-0.8393124341964722, 1.182803750038147, 14.998296737670898)","(352.8875732421875, 167.9340057373047, 2.5898752212524414)","(-0.8012682199478149, 1.2558473348617554, 15.067899703979492)","(359.9720764160156, 191.5272216796875, 359.99407958984375)","(-1.252433180809021, -0.004024376627057791, 15.121847152709961)","(359.9714660644531, 179.8137969970703, -0.00014249027299229056)",0.187126,0.001221,"(0.005978, -0.000028, -2.104836)",LeftFalse_RightFalse,False,"(-14.351844787597656, -0.004025055095553398, -1.4988903999328613)","(359.9876403808594, 90.5560302734375, 359.99212646484375)",0.071389,-0.01963,"(2.374557, 0.000022, -0.007389)",LeftTrue_RightFalse
13.888306,0.066514,"(-0.838918924331665, 1.1828067302703857, 14.857759475708008)","(352.90960693359375, 167.95162963867188, 2.5426828861236572)","(-0.8008732795715332, 1.255845546722412, 14.927359580993652)","(359.9710998535156, 191.53001403808594, 359.9940185546875)","(-1.2520389556884766, -0.004025936592370272, 14.981307029724121)","(359.9704895019531, 179.81658935546875, 7.770254342176486e-06)",0.17992,0.001221,"(0.005873, -0.000023, -2.111688)",LeftFalse_RightFalse,False,"(-14.194345474243164, -0.004023350775241852, -1.499308466911316)","(359.98797607421875, 90.50580596923828, 359.9922180175781)",0.088009,-0.02035,"(2.350730, 0.000026, -0.005053)",LeftTrue_RightFalse
13.954834,0.066512,"(-0.8392255306243896, 1.1828070878982544, 14.7173433303833)","(353.0244445800781, 168.13916015625, 2.4351601600646973)","(-0.8004860877990723, 1.255843997001648, 14.786799430847168)","(359.970458984375, 191.53277587890625, 359.9939880371094)","(-1.2516515254974365, -0.004027282353490591, 14.840755462646484)","(359.9698486328125, 179.81936645507812, 0.00012127331137889996)",0.169467,0.001221,"(0.005790, -0.000018, -2.115575)",LeftFalse_RightFalse,False,"(-14.038457870483398, -0.004021761007606983, -1.4995757341384888)","(359.9881286621094, 90.45579528808594, 359.9921875)",0.070735,-0.019798,"(2.335875, 0.000021, -0.002783)",LeftTrue_RightFalse
14.018799,0.066005,"(-0.8390853404998779, 1.182806134223938, 14.581948280334473)","(353.085693359375, 168.30284118652344, 2.354389190673828)","(-0.8001201152801514, 1.2558425664901733, 14.651357650756836)","(359.9703369140625, 191.53546142578125, 359.9940490722656)","(-1.2512848377227783, -0.004028191789984703, 14.705331802368164)","(359.9697570800781, 179.82203674316406, 0.00020211373339407146)",0.160457,0.001221,"(0.005701, -0.000007, -2.117651)",LeftFalse_RightFalse,False,"(-13.889591217041016, -0.004020352382212877, -1.4997000694274902)","(359.98822021484375, 90.40789794921875, 359.9922790527344)",0.070609,-0.019936,"(2.318446, 0.000020, -0.001132)",LeftTrue_RightFalse
14.085083,0.066057,"(-0.8394918441772461, 1.1828047037124634, 14.441736221313477)","(353.1167907714844, 168.45733642578125, 2.2808499336242676)","(-0.79974764585495, 1.255841612815857, 14.510985374450684)","(359.9707336425781, 191.53823852539062, 359.99420166015625)","(-1.2509111166000366, -0.0040282318368554115, 14.564990043640137)","(359.97015380859375, 179.82481384277344, 0.00026130079641006887)",0.152347,0.001221,"(0.005608, 0.000003, -2.118153)",LeftFalse_RightFalse,False,"(-13.736654281616211, -0.004018880892544985, -1.49970281124115)","(359.98846435546875, 90.35891723632812, 359.992431640625)",0.069362,-0.0197,"(2.301073, 0.000024, 0.000702)",LeftTrue_RightFalse
14.150146,0.065864,"(-0.8393934369087219, 1.1828035116195679, 14.303923606872559)","(353.1920166015625, 168.74082946777344, 2.1828367710113525)","(-0.7993888854980469, 1.2558412551879883, 14.373116493225098)","(359.97149658203125, 191.5409698486328, -0.0055986023508012295)","(-1.250550627708435, -0.004027527291327715, 14.42716121673584)","(359.9709777832031, 179.82754516601562, 0.0003019827126991004)",0.145049,0.001221,"(0.005480, 0.000015, -2.116936)",LeftFalse_RightFalse,False,"(-13.58768081665039, -0.004017322324216366, -1.4995825290679932)","(359.9888000488281, 90.31149291992188, 359.9925842285156)",0.084768,-0.019846,"(2.277950, 0.000026, 0.002905)",LeftTrue_RightFalse
14.213867,0.065429,"(-0.8410988450050354, 1.182802438735962, 14.168862342834473)","(353.33038330078125, 170.11761474609375, 2.0173416137695312)","(-0.7990449666976929, 1.2558412551879883, 14.238319396972656)","(359.97247314453125, 191.5436248779297, -0.005371222738176584)","(-1.2502048015594482, -0.004026331473141909, 14.29240608215332)","(359.9719543457031, 179.83021545410156, 0.0003289933956693858)",0.138083,0.001404,"(0.005381, 0.000022, -2.114793)",LeftFalse_RightFalse,False,"(-13.443023681640625, -0.004015794023871422, -1.4993469715118408)","(359.9888916015625, 90.2654800415039, 359.9927062988281)",0.069334,-0.019093,"(2.263402, 0.000021, 0.004690)",LeftTrue_RightFalse
14.281616,0.065916,"(-0.844174861907959, 1.182801365852356, 14.024837493896484)","(353.42645263671875, 173.0327911376953, 1.9628475904464722)","(-0.7986894249916077, 1.2558411359786987, 14.09487533569336)","(359.9736328125, 191.546630859375, -0.005069921724498272)","(-1.2498478889465332, -0.00402470026165247, 14.149012565612793)","(359.9731750488281, 179.83322143554688, 0.00038679310819134116)",0.130624,0.002197,"(0.005179, 0.000028, -2.111477)",LeftFalse_RightFalse,False,"(-13.29002571105957, -0.004014523234218359, -1.4989866018295288)","(359.9888916015625, 90.21748352050781, 359.99298095703125)",0.064823,-0.018303,"(2.246580, 0.000018, 0.005942)",LeftTrue_RightFalse
14.348877,0.066174,"(-0.8504204750061035, 1.182799220085144, 13.882481575012207)","(353.6127624511719, 178.37062072753906, 1.7992961406707764)","(-0.798369288444519, 1.2558400630950928, 13.953118324279785)","(359.9748840332031, 191.55075073242188, -0.004577920772135258)","(-1.2495290040969849, -0.004022662527859211, 14.007316589355469)","(359.9744567871094, 179.83734130859375, 0.0006194108864292502)",0.123514,0.002838,"(0.004492, 0.000031, -2.105402)",LeftFalse_RightFalse,False,"(-13.139820098876953, -0.004013052210211754, -1.4985466003417969)","(359.9891357421875, 90.172119140625, 359.9934387207031)",0.081613,-0.017126,"(2.223310, 0.000023, 0.007401)",LeftTrue_RightFalse
14.412964,0.065763,"(-0.8571186661720276, 1.182796835899353, 13.747681617736816)","(353.5310363769531, 185.38650512695312, 1.4415985345840454)","(-0.7981007099151611, 1.2558388710021973, 13.818219184875488)","(359.9760437011719, 191.55584716796875, -0.0040757362730801105)","(-1.2492613792419434, -0.004020746797323227, 13.872485160827637)","(359.9757080078125, 179.84242248535156, 0.0008735795272514224)",0.117512,0.002838,"(0.003892, 0.000034, -2.099697)",LeftFalse_RightFalse,False,"(-12.997666358947754, -0.0040116626769304276, -1.4980583190917969)","(359.9892578125, 90.1309814453125, 359.9939270019531)",0.067501,-0.0153,"(2.208863, 0.000020, 0.008135)",LeftTrue_RightFalse
14.476318,0.065269,"(-0.8593584299087524, 1.1827951669692993, 13.614967346191406)","(353.1371154785156, 190.32057189941406, 1.197723627090454)","(-0.797868013381958, 1.2558385133743286, 13.685464859008789)","(359.9772033691406, 191.5616455078125, -0.0036633543204516172)","(-1.2490267753601074, -0.004018575418740511, 13.739803314208984)","(359.9769592285156, 179.8482208251953, 0.0010382129112258554)",0.11211,0.002838,"(0.003564, 0.000032, -2.093020)",LeftFalse_RightFalse,False,"(-12.85837173461914, -0.004010436125099659, -1.4975497722625732)","(359.9892883300781, 90.09374237060547, -0.005349616054445505)",0.066286,-0.013032,"(2.192376, 0.000018, 0.008264)",LeftTrue_RightFalse
14.544312,0.06581,"(-0.864163875579834, 1.1827939748764038, 13.473769187927246)","(352.5225524902344, 194.0065460205078, 1.0239009857177734)","(-0.7976411581039429, 1.2558393478393555, 13.543415069580078)","(359.9784851074219, 191.5680694580078, -0.0033542837481945753)","(-1.2487949132919312, -0.004016318824142218, 13.597832679748535)","(359.9782409667969, 179.85464477539062, 0.0010828434024006128)",0.107248,0.002838,"(0.003308, 0.000034, -2.085493)",LeftFalse_RightFalse,False,"(-12.70999526977539, -0.00400904007256031, -1.4970176219940186)","(359.9894714355469, 90.05891418457031, -0.004290387500077486)",0.063294,-0.010868,"(2.175789, 0.000020, 0.007872)",LeftTrue_RightFalse
14.612549,0.066306,"(-0.8663636445999146, 1.1837022304534912, 13.332130432128906)","(351.8369140625, 196.07086181640625, 0.921890377998352)","(-0.7974331974983215, 1.2558404207229614, 13.401334762573242)","(359.979736328125, 191.5745391845703, -0.0031215420458465815)","(-1.2485803365707397, -0.004014072008430958, 13.455831527709961)","(359.9795227050781, 179.86111450195312, 0.0010598411317914724)",0.102872,0.002838,"(0.002998, 0.000031, -2.074468)",LeftFalse_RightFalse,False,"(-12.562249183654785, -0.004007558338344097, -1.4965236186981201)","(359.9897766113281, 90.02994537353516, -0.003145072842016816)",0.076809,-0.009125,"(2.153305, 0.000022, 0.007330)",LeftTrue_RightFalse
14.678101,0.066142,"(-0.8677365779876709, 1.1846485137939453, 13.196812629699707)","(351.0010681152344, 197.19000244140625, 0.9141719341278076)","(-0.7972508668899536, 1.2558417320251465, 13.265708923339844)","(359.9808044433594, 191.58074951171875, -0.0029402323998510838)","(-1.2483911514282227, -0.004011980257928371, 13.32027816772461)","(359.9806213378906, 179.86732482910156, 0.0010174134513363242)",0.098934,0.002838,"(0.002776, 0.000030, -2.065566)",LeftFalse_RightFalse,False,"(-12.421707153320312, -0.00400617066770792, -1.4960691928863525)","(359.9898681640625, 90.00626373291016, -0.002304291585460305)",0.063342,-0.008337,"(2.138893, 0.000021, 0.006895)",LeftTrue_RightFalse
14.747559,0.066814,"(-0.8687641620635986, 1.1849946975708008, 13.054641723632812)","(350.509521484375, 198.04867553710938, 0.9576164484024048)","(-0.7970741391181946, 1.2558430433273315, 13.122488975524902)","(359.98187255859375, 191.5872802734375, -0.0027698869816958904)","(-1.2482073307037354, -0.00401004683226347, 13.177133560180664)","(359.981689453125, 179.87387084960938, 0.0009694825857877731)",0.093008,0.002838,"(0.002487, 0.000029, -2.052949)",LeftFalse_RightFalse,False,"(-12.273757934570312, -0.004004794172942638, -1.4956015348434448)","(359.9899597167969, 89.98468017578125, -0.001706936745904386)",0.073867,-0.007259,"(2.117075, 0.000020, 0.006888)",LeftTrue_RightFalse
14.813477,0.066633,"(-0.8703422546386719, 1.1858731508255005, 12.920894622802734)","(349.8868713378906, 199.2033233642578, 0.7565880417823792)","(-0.7969228625297546, 1.2558443546295166, 12.987404823303223)","(359.9827880859375, 191.5934600830078, -0.002617727732285857)","(-1.248049259185791, -0.004008124582469463, 13.042119026184082)","(359.98260498046875, 179.88003540039062, 0.0009313043556176126)",0.083707,0.002838,"(0.002273, 0.000027, -2.042624)",LeftFalse_RightFalse,False,"(-12.134628295898438, -0.004003589041531086, -1.4951573610305786)","(359.9900207519531, 89.96654510498047, -0.0013776146806776524)",0.062755,-0.006425,"(2.102607, 0.000016, 0.006742)",LeftTrue_RightFalse
14.881226,0.06687,"(-0.8713479042053223, 1.1869903802871704, 12.784041404724121)","(349.4405822753906, 199.7642364501953, 0.5013739466667175)","(-0.7967826128005981, 1.255845546722412, 12.849237442016602)","(359.9837951660156, 191.5997772216797, -0.0024434328079223633)","(-1.2479023933410645, -0.004006276372820139, 12.904023170471191)","(359.983642578125, 179.8863525390625, 0.0008967535104602575)",0.076527,0.002838,"(0.002062, 0.000029, -2.030853)",LeftFalse_RightFalse,False,"(-11.9926118850708, -0.004002388566732407, -1.4947104454040527)","(359.9900817871094, 89.9503173828125, -0.0010915700113400817)",0.05971,-0.00512,"(2.086554, 0.000018, 0.006591)",LeftTrue_RightFalse
14.946411,0.066526,"(-0.8715872764587402, 1.1873356103897095, 12.652608871459961)","(349.14361572265625, 199.8555450439453, 0.40904122591018677)","(-0.7966631650924683, 1.2558467388153076, 12.717391967773438)","(359.9848937988281, 191.6057891845703, -0.0022467332892119884)","(-1.2477765083312988, -0.004004235845059156, 12.772249221801758)","(359.9847412109375, 179.89236450195312, 0.0008682620828039944)",0.071255,0.002838,"(0.001785, 0.000031, -2.013713)",LeftFalse_RightFalse,False,"(-11.857352256774902, -0.004001239780336618, -1.494306206703186)","(359.9903259277344, 89.93746948242188, -0.0007395509746856987)",0.076772,-0.002302,"(2.064678, 0.000020, 0.006148)",LeftTrue_RightFalse
15.012817,0.066501,"(-0.8714567422866821, 1.1874579191207886, 12.52011775970459)","(348.8130798339844, 199.6515655517578, 0.38318291306495667)","(-0.7965564727783203, 1.2558478116989136, 12.583990097045898)","(359.9859924316406, 191.6118621826172, -0.0020395179744809866)","(-1.2476634979248047, -0.004002245608717203, 12.638920783996582)","(359.9858703613281, 179.8984375, 0.0008442071848548949)",0.066509,0.002838,"(0.001580, 0.000034, -2.000138)",LeftFalse_RightFalse,False,"(-11.720632553100586, -0.003999886568635702, -1.4939470291137695)","(359.99041748046875, 89.92803192138672, -0.0001441897766198963)",0.06034,0.001446,"(2.051294, 0.000017, 0.004819)",LeftTrue_RightFalse
15.083496,0.067326,"(-0.8712116479873657, 1.1882681846618652, 12.380350112915039)","(348.48944091796875, 199.6822052001953, 0.3300008475780487)","(-0.7964590787887573, 1.2558492422103882, 12.443191528320312)","(359.9871826171875, 191.6182861328125, -0.0018192492425441742)","(-1.2475595474243164, -0.003999809268862009, 12.498198509216309)","(359.987060546875, 179.9048614501953, 0.0008226977079175413)",0.063429,0.002838,"(0.001379, 0.000034, -1.985913)",LeftFalse_RightFalse,False,"(-11.576350212097168, -0.0039987582713365555, -1.493713617324829)","(359.99041748046875, 89.92549896240234, 0.0011068979511037469)",0.055817,0.002623,"(2.035479, 0.000017, 0.002549)",LeftTrue_RightFalse
15.152344,0.06764,"(-0.8710951805114746, 1.1885005235671997, 12.244485855102539)","(348.1534423828125, 199.72959899902344, 0.2928587794303894)","(-0.7963801622390747, 1.2558506727218628, 12.307024002075195)","(359.9882507324219, 191.62449645996094, -0.0016177119687199593)","(-1.247474193572998, -0.003997455351054668, 12.362104415893555)","(359.9881591796875, 179.91107177734375, 0.0008038834203034639)",0.064229,0.002838,"(0.001116, 0.000033, -1.966496)",LeftFalse_RightFalse,False,"(-11.436929702758789, -0.0039975084364414215, -1.4936134815216064)","(359.99072265625, 89.92900085449219, 0.0020282373297959566)",0.072002,0.006742,"(2.013549, 0.000021, 0.001014)",LeftTrue_RightFalse
15.21936,0.067505,"(-0.8710260391235352, 1.1885712146759033, 12.113321304321289)","(348.09783935546875, 199.33477783203125, 0.3736095428466797)","(-0.7963179349899292, 1.2558521032333374, 12.175763130187988)","(359.98907470703125, 191.63046264648438, -0.0014579722192138433)","(-1.247406005859375, -0.003995352424681187, 12.23090934753418)","(359.989013671875, 179.91705322265625, 0.0007876999443396926)",0.072488,0.002838,"(0.000924, 0.000033, -1.952254)",LeftFalse_RightFalse,False,"(-11.302557945251465, -0.0039961556904017925, -1.4936527013778687)","(359.9908447265625, 89.93798828125, 0.0030328300781548023)",0.058242,0.009172,"(1.999955, 0.000017, -0.001579)",LeftTrue_RightFalse
15.284668,0.067073,"(-0.8700330257415771, 1.1885946989059448, 11.986042022705078)","(348.1457824707031, 198.67466735839844, 0.57475346326828)","(-0.7962708473205566, 1.2558536529541016, 12.0486421585083)","(359.98956298828125, 191.6362762451172, -0.0013740709982812405)","(-1.2473530769348145, -0.003993441350758076, 12.10384464263916)","(359.989501953125, 179.9228515625, 0.0007740966975688934)",0.089444,0.002838,"(0.000735, 0.000025, -1.939538)",LeftFalse_RightFalse,False,"(-11.1724853515625, -0.003994954749941826, -1.4938617944717407)","(359.9909362792969, 89.95337677001953, 0.004074476193636656)",0.057528,0.011677,"(1.984372, 0.000018, -0.003858)",LeftTrue_RightFalse
15.347168,0.066155,"(-0.8689683675765991, 1.1886037588119507, 11.865033149719238)","(348.19610595703125, 198.13897705078125, 0.7564224600791931)","(-0.7962383031845093, 1.2558549642562866, 11.92782974243164)","(359.9894104003906, 191.64178466796875, -0.0014163418672978878)","(-1.2473149299621582, -0.003992333542555571, 11.983072280883789)","(359.9893493652344, 179.92835998535156, 0.0007641156553290784)",0.112244,0.002838,"(0.000488, 0.000009, -1.926604)",LeftFalse_RightFalse,False,"(-11.04916000366211, -0.0039939298294484615, -1.4942165613174438)","(359.9911193847656, 89.97346496582031, 0.004944908432662487)",0.075186,0.013859,"(1.963611, 0.000018, -0.006655)",LeftTrue_RightFalse
15.411865,0.065858,"(-0.8667770624160767, 1.1886087656021118, 11.740120887756348)","(348.36822509765625, 197.2907257080078, 1.066031575202942)","(-0.7962172031402588, 1.2558560371398926, 11.803356170654297)","(359.98858642578125, 191.64747619628906, -0.0015888964990153909)","(-1.2472882270812988, -0.003992127254605293, 11.858625411987305)","(359.988525390625, 179.93405151367188, 0.0007586874417029321)",0.143874,0.002838,"(0.000305, -0.000006, -1.920833)",LeftFalse_RightFalse,False,"(-10.922500610351562, -0.0039927600882947445, -1.4947152137756348)","(359.9911193847656, 89.99810791015625, 0.005514785181730986)",0.058537,0.020199,"(1.951139, 0.000014, -0.008814)",LeftTrue_RightFalse
15.481934,0.066721,"(-0.8660857677459717, 1.188612937927246, 11.60446834564209)","(348.5643615722656, 196.7927703857422, 1.2809420824050903)","(-0.7962084412574768, 1.2558567523956299, 11.668571472167969)","(359.9866638183594, 191.6536407470703, -0.001990329474210739)","(-1.2472734451293945, -0.0039932457730174065, 11.723845481872559)","(359.9865417480469, 179.94021606445312, 0.0007560555241070688)",0.18261,0.002838,"(0.000124, -0.000026, -1.920424)",LeftFalse_RightFalse,False,"(-10.786134719848633, -0.003991744015365839, -1.4955257177352905)","(359.99102783203125, 90.0337905883789, 0.006929072551429272)",0.053932,0.022981,"(1.936162, 0.000013, -0.013267)",LeftTrue_RightFalse
15.548828,0.066734,"(-0.8653845191001892, 1.188617467880249, 11.474888801574707)","(348.8321838378906, 196.51353454589844, 1.488133192062378)","(-0.7962140440940857, 1.2558571100234985, 11.54004955291748)","(359.98358154296875, 191.6595458984375, -0.002629593713209033)","(-1.247273325920105, -0.003996031824499369, 11.595300674438477)","(359.9833984375, 179.94613647460938, 0.0007597022340632975)",0.218254,0.002838,"(-0.000120, -0.000058, -1.928622)",LeftFalse_RightFalse,False,"(-10.657524108886719, -0.0039908927865326405, -1.4965832233428955)","(359.9912414550781, 90.07697296142578, 0.008246744982898235)",0.07101,0.023339,"(1.915349, 0.000018, -0.017390)",LeftTrue_RightFalse
15.613647,0.066357,"(-0.8644896149635315, 1.1886215209960938, 11.349013328552246)","(349.10662841796875, 196.32313537597656, 1.6591309309005737)","(-0.7962327003479004, 1.2558563947677612, 11.414656639099121)","(359.9797668457031, 191.66531372070312, -0.00341286463662982)","(-1.2472865581512451, -0.0040004439651966095, 11.469867706298828)","(359.9794921875, 179.951904296875, 0.0007674815715290606)",0.250333,0.002625,"(-0.000305, -0.000081, -1.940681)",LeftFalse_RightFalse,False,"(-10.533672332763672, -0.003989794757217169, -1.4977695941925049)","(359.9913330078125, 90.12203979492188, 0.008583666756749153)",0.057852,0.022615,"(1.902744, 0.000015, -0.019278)",LeftTrue_RightFalse
15.679932,0.066345,"(-0.8641937971115112, 1.188625693321228, 11.21961784362793)","(349.26226806640625, 196.1592254638672, 1.7722969055175781)","(-0.7962609529495239, 1.2558550834655762, 11.285433769226074)","(359.9751281738281, 191.6710968017578, -0.004404391627758741)","(-1.2473084926605225, -0.004006537608802319, 11.340585708618164)","(359.9747619628906, 179.95767211914062, 0.0007377180154435337)",0.279205,0.001556,"(-0.000382, -0.000102, -1.958062)",LeftFalse_RightFalse,False,"(-10.408029556274414, -0.003988840617239475, -1.4990808963775635)","(359.9913024902344, 90.16815948486328, 0.008167828433215618)",0.055457,0.025827,"(1.888267, 0.000013, -0.020346)",LeftTrue_RightFalse
15.747925,0.066682,"(-0.8640980124473572, 1.1886310577392578, 11.085439682006836)","(349.30126953125, 196.2428741455078, 1.821308970451355)","(-0.7962746024131775, 1.2558547258377075, 11.151317596435547)","(359.96990966796875, 191.6756591796875, 359.9942321777344)","(-1.2473118305206299, -0.004014204256236553, 11.20638656616211)","(359.9693603515625, 179.9622344970703, 0.00047453393926844)",0.302845,-0.00061,"(0.000067, -0.000122, -1.987561)",LeftFalse_RightFalse,False,"(-10.280213356018066, -0.003987870644778013, -1.5005948543548584)","(359.991455078125, 90.21820068359375, 0.008196567185223103)",0.06854,0.024869,"(1.868557, 0.000016, -0.023758)",LeftTrue_RightFalse
15.818481,0.067444,"(-0.8640227317810059, 1.1886379718780518, 10.944533348083496)","(349.3355407714844, 196.30105590820312, 1.8135913610458374)","(-0.7962357997894287, 1.255855917930603, 11.010435104370117)","(359.964599609375, 191.67747497558594, 359.9925537109375)","(-1.247258186340332, -0.004023017827421427, 11.065397262573242)","(359.9638366699219, 179.96405029296875, -0.00011938516399823129)",0.321764,-0.003296,"(0.001232, -0.000128, -2.013436)",LeftFalse_RightFalse,False,"(-10.14891242980957, -0.003986779600381851, -1.502303123474121)","(359.9914855957031, 90.2712173461914, 0.00787271372973919)",0.053727,0.020581,"(1.856134, 0.000014, -0.024873)",LeftTrue_RightFalse
15.88855,0.067977,"(-0.8638430833816528, 1.1886473894119263, 10.80219554901123)","(349.3533630371094, 196.31399536132812, 1.810004472732544)","(-0.7960731983184814, 1.2558603286743164, 10.86811351776123)","(359.9596252441406, 191.6735076904297, 359.99041748046875)","(-1.2470757961273193, -0.004032027442008257, 10.922927856445312)","(359.9585266113281, 179.96009826660156, -0.0011876903008669615)",0.338395,-0.005798,"(0.003366, -0.000126, -2.051917)",LeftFalse_RightFalse,False,"(-10.019420623779297, -0.003985720220953226, -1.5039852857589722)","(359.9915466308594, 90.31832122802734, 0.006409707013517618)",0.065558,0.021325,"(1.836722, 0.000014, -0.024030)",LeftTrue_RightFalse
15.956177,0.067897,"(-0.8635389804840088, 1.1886554956436157, 10.662690162658691)","(349.31103515625, 196.310302734375, 1.8326445817947388)","(-0.7957837581634521, 1.2558645009994507, 10.728626251220703)","(359.955322265625, 191.6645050048828, 359.98846435546875)","(-1.246772289276123, -0.0040404475294053555, 10.783267974853516)","(359.95391845703125, 179.9510955810547, -0.0022162359673529863)",0.353362,-0.00824,"(0.005350, -0.000123, -2.083286)",LeftFalse_RightFalse,False,"(-9.895683288574219, -0.0039847842417657375, -1.5056371688842773)","(359.9916076660156, 90.36063385009766, 0.005498458165675402)",0.055603,0.01659,"(1.824185, 0.000014, -0.025098)",LeftTrue_RightFalse
16.024658,0.068016,"(-0.8630557656288147, 1.188664197921753, 10.518853187561035)","(349.30419921875, 196.30642700195312, 1.8515130281448364)","(-0.7953207492828369, 1.2558696269989014, 10.584813117980957)","(359.9513854980469, 191.6490936279297, 359.9864501953125)","(-1.2462981939315796, -0.004048553761094809, 10.639240264892578)","(359.94964599609375, 179.9356689453125, -0.003383939154446125)",0.366832,-0.011078,"(0.007678, -0.000115, -2.116938)",LeftFalse_RightFalse,False,"(-9.771289825439453, -0.0039838943630456924, -1.5072811841964722)","(359.99163818359375, 90.39850616455078, 0.004152516834437847)",0.053643,0.012118,"(1.810301, 0.000013, -0.023734)",LeftTrue_RightFalse
16.0896,0.067407,"(-0.862390398979187, 1.1886732578277588, 10.379889488220215)","(349.3453674316406, 196.34664916992188, 1.8443593978881836)","(-0.7946820259094238, 1.2558759450912476, 10.445878982543945)","(359.9480285644531, 191.62753295898438, 359.9844970703125)","(-1.2456523180007935, -0.004055716097354889, 10.500055313110352)","(359.94598388671875, 179.9141082763672, -0.004631290212273598)",0.378956,-0.014008,"(0.011129, -0.000105, -2.164458)",LeftFalse_RightFalse,False,"(-9.654316902160645, -0.003982875496149063, -1.508708119392395)","(359.9917907714844, 90.42559814453125, 0.0023604186717420816)",0.096428,0.009345,"(1.791543, 0.000015, -0.021609)",LeftTrue_RightFalse
16.156494,0.067317,"(-0.8614940643310547, 1.1886811256408691, 10.23403549194336)","(349.35162353515625, 196.383056640625, 1.8670638799667358)","(-0.793819785118103, 1.2558813095092773, 10.300063133239746)","(359.9449768066406, 191.59913635253906, 359.982666015625)","(-1.244791030883789, -0.00406260322779417, 10.353941917419434)","(359.942626953125, 179.88572692871094, 359.99420166015625)",0.389867,-0.016174,"(0.014291, -0.000100, -2.201801)",LeftFalse_RightFalse,False,"(-9.534578323364258, -0.003982179798185825, -1.5101001262664795)","(359.99139404296875, 90.44761657714844, 0.0010307477787137032)",0.141042,0.032303,"(1.784584, 0.000004, -0.020422)",LeftTrue_RightFalse
16.227661,0.068088,"(-0.8602684736251831, 1.1886894702911377, 10.075956344604492)","(349.3512878417969, 196.3093719482422, 1.9091764688491821)","(-0.7926393747329712, 1.2558873891830444, 10.142032623291016)","(359.9421081542969, 191.56130981445312, 359.9808044433594)","(-1.2436187267303467, -0.00406941631808877, 10.19554328918457)","(359.93939208984375, 179.84786987304688, 359.9929504394531)",0.389767,-0.016693,"(0.018302, -0.000092, -2.253641)",LeftFalse_RightFalse,False,"(-9.407553672790527, -0.0039828778244555, -1.5121389627456665)","(359.9892883300781, 90.4925308227539, 0.005361646879464388)",0.160512,0.023678,"(1.784997, -0.000029, -0.033627)",LeftTrue_RightFalse
16.295776,0.06809,"(-0.8579679727554321, 1.188692331314087, 9.922171592712402)","(349.2700500488281, 196.1045379638672, 2.0107107162475586)","(-0.7912905216217041, 1.25588858127594, 9.987748146057129)","(359.939697265625, 191.52061462402344, 359.97967529296875)","(-1.2422939538955688, -0.004075517877936363, 10.040882110595703)","(359.93682861328125, 179.80718994140625, 359.9923400878906)",0.378963,-0.016693,"(0.020662, -0.000083, -2.292198)",LeftFalse_RightFalse,False,"(-9.285857200622559, -0.00398561917245388, -1.514392614364624)","(359.9861755371094, 90.54546356201172, 0.007085895165801048)",0.178227,0.014815,"(1.788997, -0.000051, -0.032626)",LeftTrue_RightFalse
16.362671,0.067839,"(-0.856143593788147, 1.1886916160583496, 9.768089294433594)","(349.1426086425781, 195.9223175048828, 2.1702640056610107)","(-0.789797306060791, 1.255886197090149, 9.833544731140137)","(359.9380187988281, 191.47862243652344, 359.97918701171875)","(-1.2408360242843628, -0.004080913495272398, 9.886309623718262)","(359.9350891113281, 179.76519775390625, 359.9921875)",0.375588,-0.016693,"(0.022674, -0.000076, -2.328647)",LeftFalse_RightFalse,False,"(-9.166007995605469, -0.003989738877862692, -1.5164039134979248)","(359.98260498046875, 90.58416748046875, 0.005054658744484186)",0.194219,0.004424,"(1.795967, -0.000069, -0.029182)",LeftTrue_RightFalse
16.427612,0.067271,"(-0.8537206649780273, 1.1886892318725586, 9.615409851074219)","(349.12451171875, 195.6871795654297, 2.263028621673584)","(-0.7881996631622314, 1.2558822631835938, 9.680997848510742)","(359.93707275390625, 191.436767578125, 359.9790344238281)","(-1.2392780780792236, -0.004085009451955557, 9.73341178894043)","(359.9341125488281, 179.72332763671875, 359.99224853515625)",0.375726,-0.016693,"(0.025289, -0.000055, -2.375916)",LeftFalse_RightFalse,False,"(-9.048837661743164, -0.003994619939476252, -1.5180168151855469)","(359.97900390625, 90.60299682617188, 0.0012105293571949005)",0.197469,0.022128,"(1.808724, -0.000082, -0.023357)",LeftTrue_RightFalse
16.493774,0.06705,"(-0.851622462272644, 1.1886862516403198, 9.457478523254395)","(349.175537109375, 195.50242614746094, 2.3409018516540527)","(-0.7864280939102173, 1.2558786869049072, 9.523146629333496)","(359.9365539550781, 191.3933563232422, 359.9790344238281)","(-1.2375483512878418, -0.004088378511369228, 9.575207710266113)","(359.93359375, 179.67994689941406, 359.99237060546875)",0.37585,-0.01709,"(0.027291, -0.000045, -2.411024)",LeftFalse_RightFalse,False,"(-8.92886734008789, -0.004000059794634581, -1.5198545455932617)","(359.9756774902344, 90.62763977050781, 0.002162904478609562)",0.21758,0.01015,"(1.818477, -0.000080, -0.031763)",LeftTrue_RightFalse
16.565308,0.067951,"(-0.8486028909683228, 1.1886842250823975, 9.283730506896973)","(349.0757141113281, 195.27940368652344, 2.5345966815948486)","(-0.7843383550643921, 1.255876064300537, 9.349618911743164)","(359.9362487792969, 191.3451385498047, 359.97894287109375)","(-1.235501766204834, -0.0040915594436228275, 9.401293754577637)","(359.9333190917969, 179.63172912597656, 359.9923400878906)",0.36882,-0.018494,"(0.029597, -0.000040, -2.445850)",LeftFalse_RightFalse,False,"(-8.798200607299805, -0.0040054600685834885, -1.5219825506210327)","(359.9723815917969, 90.65809631347656, 0.002281615976244211)",0.230864,0.008615,"(1.831698, -0.000075, -0.028749)",LeftTrue_RightFalse
16.634277,0.068151,"(-0.8460640907287598, 1.1886850595474243, 9.113643646240234)","(348.9769592285156, 195.04612731933594, 2.653193235397339)","(-0.7820972204208374, 1.2558773756027222, 9.179633140563965)","(359.9363708496094, 191.2952880859375, 359.9784851074219)","(-1.23329496383667, -0.004094032105058432, 9.230916023254395)","(359.9333190917969, 179.58184814453125, 359.9918518066406)",0.337493,-0.019562,"(0.033575, -0.000032, -2.490222)",LeftFalse_RightFalse,False,"(-8.671088218688965, -0.004010481294244528, -1.523910403251648)","(359.9693298339844, 90.67874145507812, 0.0013050815323367715)",0.223549,0.011597,"(1.852094, -0.000074, -0.027990)",LeftTrue_RightFalse
16.699341,0.067533,"(-0.8436048626899719, 1.1886857748031616, 8.950994491577148)","(349.0442199707031, 194.80845642089844, 2.7176129817962646)","(-0.7797667980194092, 1.2558794021606445, 9.017051696777344)","(359.9371032714844, 191.24514770507812, 359.9780578613281)","(-1.23099684715271, -0.004095801617950201, 9.067954063415527)","(359.9339599609375, 179.53172302246094, 359.9913024902344)",0.303744,-0.019745,"(0.036707, -0.000022, -2.517866)",LeftFalse_RightFalse,False,"(-8.55009651184082, -0.004015039652585983, -1.525807499885559)","(359.96697998046875, 90.6989974975586, 0.001558802556246519)",0.24063,0.037055,"(1.866028, -0.000063, -0.029966)",LeftTrue_RightFalse
16.766846,0.067524,"(-0.8401584625244141, 1.189429759979248, 8.780351638793945)","(349.0364685058594, 194.6292266845703, 2.8371145725250244)","(-0.7771323919296265, 1.2558802366256714, 8.8466157913208)","(359.93902587890625, 191.19082641601562, 359.97802734375)","(-1.2284013032913208, -0.004096588585525751, 8.897130966186523)","(359.93585205078125, 179.47738647460938, 359.9908447265625)",0.27337,-0.019745,"(0.040292, 0.000004, -2.546391)",LeftFalse_RightFalse,False,"(-8.423482894897461, -0.0040189409628510475, -1.5285544395446777)","(359.9649658203125, 90.7507095336914, 0.007753253448754549)",0.234211,0.037405,"(1.887461, -0.000051, -0.046766)",LeftTrue_RightFalse
16.834717,0.067583,"(-0.8369981646537781, 1.1915558576583862, 8.6074800491333)","(348.8311767578125, 194.4210205078125, 2.9625840187072754)","(-0.7742810249328613, 1.2558799982070923, 8.673847198486328)","(359.94189453125, 191.13516235351562, 359.9784240722656)","(-1.2255951166152954, -0.004095688462257385, 8.723987579345703)","(359.938720703125, 179.4217529296875, 359.99066162109375)",0.246033,-0.019745,"(0.042757, 0.000026, -2.562245)",LeftFalse_RightFalse,False,"(-8.295021057128906, -0.004022256936877966, -1.5318992137908936)","(359.96331787109375, 90.82349395751953, 0.011972242966294289)",0.251985,0.030954,"(1.902711, -0.000044, -0.051434)",LeftTrue_RightFalse
16.901855,0.067499,"(-0.8338493704795837, 1.1922296285629272, 8.43529987335205)","(348.7809143066406, 194.12692260742188, 3.107703924179077)","(-0.7712745070457458, 1.2558791637420654, 8.501738548278809)","(359.9455261230469, 191.07968139648438, 359.9791259765625)","(-1.2226366996765137, -0.004093268886208534, 8.551523208618164)","(359.9424133300781, 179.3662567138672, 359.9906005859375)",0.221429,-0.020355,"(0.045132, 0.000046, -2.573099)",LeftFalse_RightFalse,False,"(-8.166560173034668, -0.0040250434540212154, -1.5353420972824097)","(359.96185302734375, 90.89421844482422, 0.0120667340233922)",0.256387,0.047498,"(1.920862, -0.000041, -0.051523)",LeftTrue_RightFalse
16.966187,0.066855,"(-0.8291928768157959, 1.1915316581726074, 8.269645690917969)","(348.8235778808594, 193.64817810058594, 3.5243587493896484)","(-0.7682158946990967, 1.255880355834961, 8.336438179016113)","(359.9495849609375, 191.02565002441406, 359.97979736328125)","(-1.2196226119995117, -0.004089311230927706, 8.38588809967041)","(359.946533203125, 179.31224060058594, 359.9904479980469)",0.199287,-0.021118,"(0.048670, 0.000068, -2.581508)",LeftFalse_RightFalse,False,"(-8.042335510253906, -0.004027601797133684, -1.5391576290130615)","(359.96051025390625, 90.97653198242188, 0.014765295200049877)",0.239552,0.039432,"(1.945250, -0.000038, -0.064365)",LeftTrue_RightFalse
17.034546,0.067176,"(-0.8252047896385193, 1.1912652254104614, 8.092391967773438)","(348.7979736328125, 193.34471130371094, 3.5707101821899414)","(-0.7647502422332764, 1.255882978439331, 8.160029411315918)","(359.95404052734375, 190.96669006347656, 359.98046875)","(-1.216203212738037, -0.00408440874889493, 8.209114074707031)","(359.9510192871094, 179.25328063964844, 359.9902038574219)",0.179358,-0.02121,"(0.051537, 0.000079, -2.583844)",LeftFalse_RightFalse,False,"(-7.90869140625, -0.004030084703117609, -1.543561339378357)","(359.95947265625, 91.07009887695312, 0.015111160464584827)",0.262466,0.031534,"(1.961088, -0.000034, -0.064785)",LeftTrue_RightFalse
17.100952,0.067022,"(-0.8214358687400818, 1.19296395778656, 7.920945644378662)","(348.4236755371094, 193.21249389648438, 3.507521390914917)","(-0.7611891031265259, 1.2558858394622803, 7.988879680633545)","(359.9583740234375, 190.9082794189453, 359.98114013671875)","(-1.2126885652542114, -0.004079033620655537, 8.03760051727295)","(359.9554138183594, 179.1948699951172, 359.989990234375)",0.161422,-0.020996,"(0.054072, 0.000083, -2.582620)",LeftFalse_RightFalse,False,"(-7.777768611907959, -0.004032222554087639, -1.5477635860443115)","(359.9586486816406, 91.14815521240234, 0.01234571821987629)",0.264552,0.021361,"(1.980492, -0.000032, -0.063200)",LeftTrue_RightFalse
17.168579,0.067128,"(-0.8156973123550415, 1.1943483352661133, 7.746587753295898)","(347.9934997558594, 192.8947296142578, 3.680738687515259)","(-0.7573877573013306, 1.2558872699737549, 7.815009593963623)","(359.9626770019531, 190.848876953125, 359.9820251464844)","(-1.2089388370513916, -0.004073338117450476, 7.863358497619629)","(359.9598083496094, 179.13543701171875, 359.989990234375)",0.14528,-0.020721,"(0.057027, 0.000087, -2.576724)",LeftFalse_RightFalse,False,"(-7.643101692199707, -0.004034285433590412, -1.551801323890686)","(359.9576721191406, 91.20777893066406, 0.007786935195326805)",0.248266,0.035855,"(2.006737, -0.000032, -0.059245)",LeftTrue_RightFalse
17.236328,0.067268,"(-0.8089709877967834, 1.1956123113632202, 7.5718512535095215)","(347.711669921875, 192.52032470703125, 4.0033392906188965)","(-0.7534052133560181, 1.2558881044387817, 7.640861511230469)","(359.9666442871094, 190.78977966308594, 359.9830017089844)","(-1.2050105333328247, -0.004067504312843084, 7.688834190368652)","(359.9638977050781, 179.07635498046875, 359.9901428222656)",0.130752,-0.020721,"(0.059031, 0.000084, -2.569529)",LeftFalse_RightFalse,False,"(-7.50648307800293, -0.004036303609609604, -1.5561320781707764)","(359.95703125, 91.27117919921875, 0.008028516545891762)",0.268358,0.023757,"(2.023008, -0.000028, -0.068059)",LeftTrue_RightFalse
17.301636,0.066861,"(-0.8026890754699707, 1.1960012912750244, 7.404484272003174)","(347.607421875, 192.09466552734375, 4.448024272918701)","(-0.749430239200592, 1.25588858127594, 7.4739766120910645)","(359.97021484375, 190.7335968017578, 359.9839172363281)","(-1.201087474822998, -0.0040621585212647915, 7.521586894989014)","(359.9675598144531, 179.02017211914062, 359.99029541015625)",0.117677,-0.020844,"(0.061063, 0.000082, -2.559828)",LeftFalse_RightFalse,False,"(-7.3737945556640625, -0.004037975333631039, -1.5604655742645264)","(359.9565124511719, 91.33272552490234, 0.007389445789158344)",0.268837,-0.000735,"(2.042828, -0.000025, -0.065988)",LeftTrue_RightFalse
17.364624,0.066085,"(-0.7972041368484497, 1.196130394935608, 7.243781566619873)","(347.6875305175781, 191.79759216308594, 4.821599006652832)","(-0.7454559803009033, 1.2558895349502563, 7.313595294952393)","(359.9734191894531, 190.67959594726562, 359.98468017578125)","(-1.1971615552902222, -0.004057109821587801, 7.36085319519043)","(359.97088623046875, 178.96617126464844, 359.9903869628906)",-0.140108,-0.020844,"(0.063120, 0.000079, -2.547911)",LeftFalse_RightFalse,False,"(-7.244344234466553, -0.0040396819822490215, -1.5640100240707397)","(359.9559020996094, 91.35782623291016, 0.0008462581899948418)",0.267061,-0.027309,"(2.062835, -0.000026, -0.053495)",LeftTrue_RightFalse
17.429688,0.065892,"(-0.7915471196174622, 1.1961592435836792, 7.082196235656738)","(347.996337890625, 191.57122802734375, 4.879156589508057)","(-0.7413057088851929, 1.2558836936950684, 7.152316093444824)","(359.9867858886719, 190.62557983398438, 359.9878845214844)","(-1.193070411682129, -0.0040464564226567745, 7.19944953918457)","(359.9845886230469, 178.91217041015625, 359.9908142089844)",-0.257831,-0.020844,"(0.062588, 0.000278, -2.415833)",LeftFalse_RightFalse,False,"(-7.109127044677734, -0.0040414403192698956, -1.56651771068573)","(359.95538330078125, 91.32882690429688, 359.98992919921875)",0.253808,-0.034383,"(2.088491, -0.000026, -0.032992)",LeftTrue_RightFalse
17.494629,0.065701,"(-0.7863609790802002, 1.1961424350738525, 6.928998947143555)","(348.41290283203125, 191.40472412109375, 4.956089019775391)","(-0.7372410297393799, 1.2558786869049072, 7.000002861022949)","(0.010867912322282791, 190.5748748779297, 359.99359130859375)","(-1.1890735626220703, -0.004021776840090752, 7.047280311584473)","(0.009339936077594757, 178.8614501953125, 359.99151611328125)",-0.453261,-0.020844,"(0.060463, 0.000515, -2.258935)",LeftFalse_RightFalse,False,"(-6.9730119705200195, -0.004042981192469597, -1.5683321952819824)","(359.9551696777344, 91.26964569091797, 359.983154296875)",0.271489,-0.062265,"(2.105279, -0.000021, -0.024403)",LeftTrue_RightFalse
17.562744,0.066187,"(-0.7817767858505249, 1.1953980922698975, 6.784543991088867)","(348.6142578125, 191.07579040527344, 5.033628940582275)","(-0.7332361936569214, 1.2558751106262207, 6.8551554679870605)","(0.05161064863204956, 190.52691650390625, 0.0032516056671738625)","(-1.1851532459259033, -0.003974660765379667, 6.9029741287231445)","(0.05119599401950836, 178.8134765625, 359.9927062988281)",-0.52434,-0.02066,"(0.055389, 0.000842, -2.007679)",LeftFalse_RightFalse,False,"(-6.828866958618164, -0.004044388886541128, -1.569082260131836)","(359.9550476074219, 91.16238403320312, 359.9742736816406)",0.27654,-0.092064,"(2.124281, -0.000020, -0.004066)",LeftTrue_RightFalse
17.627563,0.065908,"(-0.7788090705871582, 1.1951347589492798, 6.667167663574219)","(348.45928955078125, 190.93643188476562, 4.88620138168335)","(-0.7298548817634583, 1.255879521369934, 6.73682165145874)","(0.1007823720574379, 190.4881591796875, 0.015030958689749241)","(-1.1818621158599854, -0.003907129634171724, 6.785444736480713)","(0.10173512995243073, 178.77471923828125, 359.9942626953125)",-0.547685,-0.019989,"(0.046495, 0.001191, -1.627345)",LeftFalse_RightFalse,False,"(-6.690410614013672, -0.004045767243951559, -1.568033218383789)","(359.954833984375, 90.992919921875, 359.9622497558594)",0.256538,-0.104957,"(2.149889, -0.000023, 0.027045)",LeftTrue_RightFalse
17.692749,0.065771,"(-0.7773209810256958, 1.1950217485427856, 6.56996488571167)","(348.2439880371094, 190.995361328125, 4.70547342300415)","(-0.726961612701416, 1.2558951377868652, 6.638184547424316)","(0.14917396008968353, 190.45651245117188, 0.026901748031377792)","(-1.1790592670440674, -0.0038261329755187035, 6.687651634216309)","(0.15152893960475922, 178.7430419921875, -0.003943342715501785)",-0.570259,-0.01886,"(0.038767, 0.001265, -1.334212)",LeftFalse_RightFalse,False,"(-6.549755096435547, -0.004047098103910685, -1.565664291381836)","(359.9547424316406, 90.78010559082031, 359.954345703125)",0.274712,-0.131651,"(2.165748, -0.000018, 0.045299)",LeftTrue_RightFalse
17.762817,0.066633,"(-0.775367021560669, 1.1949657201766968, 6.48775577545166)","(348.0881652832031, 191.05499267578125, 4.619006633758545)","(-0.7244958281517029, 1.2559177875518799, 6.555421829223633)","(0.19452545046806335, 190.43125915527344, 0.03844499588012695)","(-1.1766842603683472, -0.0037381360307335854, 6.605715751647949)","(0.1982794851064682, 178.7177734375, -0.0018476787954568863)",-0.619482,-0.017273,"(0.030222, 0.001207, -1.033490)",LeftFalse_RightFalse,False,"(-6.397332191467285, -0.004048187285661697, -1.561302661895752)","(359.9548645019531, 90.49617767333984, 359.9449157714844)",0.282093,-0.149847,"(2.183234, -0.000017, 0.072750)",LeftTrue_RightFalse
17.829712,0.06667,"(-0.7744981646537781, 1.1956552267074585, 6.437429904937744)","(347.79034423828125, 191.05145263671875, 4.431944370269775)","(-0.7228548526763916, 1.2559378147125244, 6.500580310821533)","(0.23173457384109497, 190.41604614257812, 0.04819013178348541)","(-1.1751196384429932, -0.0036617442965507507, 6.5515971183776855)","(0.2366921752691269, 178.70252990722656, 0.00014032918261364102)",-0.652454,-0.016113,"(0.017677, 0.001049, -0.605813)",LeftFalse_RightFalse,False,"(-6.2506184577941895, -0.00404930766671896, -1.5550981760025024)","(359.9547424316406, 90.1657943725586, 359.9358825683594)",0.26126,-0.152631,"(2.208112, -0.000021, 0.105567)",LeftTrue_RightFalse
17.897461,0.066887,"(-0.7741724252700806, 1.1958905458450317, 6.41021203994751)","(347.625244140625, 190.9832305908203, 4.2563982009887695)","(-0.7219260334968567, 1.2559566497802734, 6.469734191894531)","(0.26360249519348145, 190.40821838378906, 0.056490834802389145)","(-1.1742504835128784, -0.0035943929105997086, 6.521410942077637)","(0.26958152651786804, 178.69467163085938, 0.0017983497818931937)",-0.677051,-0.015472,"(0.007993, 0.000903, -0.274630)",LeftFalse_RightFalse,False,"(-6.100505828857422, -0.00405082805082202, -1.547346591949463)","(359.9546203613281, 89.80269622802734, 359.9322509765625)",0.278448,-0.166596,"(2.223913, -0.000020, 0.122922)",LeftTrue_RightFalse
17.966064,0.067233,"(-0.7739354372024536, 1.195961833000183, 6.405582904815674)","(347.5452575683594, 190.8788604736328, 4.096644401550293)","(-0.7216722965240479, 1.2559645175933838, 6.463218688964844)","(0.2871299088001251, 190.35740661621094, 0.06387364864349365)","(-1.1741091012954712, -0.003540610196068883, 6.515031814575195)","(0.29411783814430237, 178.6438446044922, 0.0042508370243012905)",-0.693328,-0.015442,"(-0.000238, 0.000535, 0.000500)",LeftFalse_RightFalse,False,"(-5.947208404541016, -0.004052147269248962, -1.5378762483596802)","(359.9545593261719, 89.40602111816406, 359.9289245605469)",0.264757,-0.182429,"(2.247294, -0.000021, 0.152825)",LeftTrue_RightFalse
18.031738,0.066929,"(-0.7738547325134277, 1.1960645914077759, 6.407334804534912)","(347.4635009765625, 190.8497314453125, 4.051608562469482)","(-0.7216947078704834, 1.256009817123413, 6.463759422302246)","(0.2582630515098572, 190.35736083984375, 0.057712372392416)","(-1.1741125583648682, -0.0035287141799926758, 6.514924049377441)","(0.26460134983062744, 178.64381408691406, 0.004078464116901159)",-0.763838,-0.015442,"(-0.000096, -0.000294, 0.001776)",LeftFalse_RightFalse,False,"(-5.799159526824951, -0.004053409211337566, -1.5270525217056274)","(359.9546203613281, 88.99392700195312, 359.9250183105469)",0.278572,-0.187344,"(2.261540, -0.000017, 0.179340)",LeftTrue_RightFalse
18.095337,0.066245,"(-0.773857057094574, 1.1961435079574585, 6.408627510070801)","(347.4850769042969, 190.6580810546875, 4.103037357330322)","(-0.7217329740524292, 1.2560312747955322, 6.464694499969482)","(0.20841363072395325, 190.35731506347656, 0.04661108925938606)","(-1.174107551574707, -0.0035678064450621605, 6.514737129211426)","(0.21353629231452942, 178.64382934570312, 0.0033287887927144766)",-0.767531,-0.015442,"(-0.000126, -0.000888, 0.002104)",LeftFalse_RightFalse,False,"(-5.655045509338379, -0.004054350778460503, -1.5149191617965698)","(359.9546813964844, 88.56655883789062, 359.92144775390625)",0.277926,-0.199976,"(2.278286, -0.000017, 0.202525)",LeftTrue_RightFalse
18.159912,0.065918,"(-0.7738829851150513, 1.1961913108825684, 6.4097089767456055)","(347.69952392578125, 190.4298095703125, 4.0897135734558105)","(-0.721773624420166, 1.256024956703186, 6.465679168701172)","(0.15595877170562744, 190.3572998046875, 0.03490395098924637)","(-1.174102544784546, -0.0036370037123560905, 6.5145416259765625)","(0.1597970873117447, 178.6438446044922, 0.0025147695560008287)",-0.755229,-0.015442,"(-0.000117, -0.001161, 0.001973)",LeftFalse_RightFalse,False,"(-5.507321357727051, -0.004055645316839218, -1.5008121728897095)","(359.95465087890625, 88.10342407226562, 359.9173278808594)",0.278998,-0.213183,"(2.293846, -0.000018, 0.230055)",LeftTrue_RightFalse
18.225464,0.065843,"(-0.7737915515899658, 1.1962138414382935, 6.411239147186279)","(347.8321228027344, 190.2468719482422, 4.086806297302246)","(-0.7218093872070312, 1.2560006380081177, 6.466543197631836)","(0.11000332236289978, 190.35728454589844, 0.02465762384235859)","(-1.1740981340408325, -0.003715239930897951, 6.514370918273926)","(0.11271841078996658, 178.6438446044922, 0.0018115983111783862)",-0.699626,-0.015442,"(-0.000086, -0.001143, 0.001532)",LeftFalse_RightFalse,False,"(-5.356395721435547, -0.004056871868669987, -1.4844343662261963)","(359.9546203613281, 87.5974349975586, 359.9117126464844)",0.264675,-0.22692,"(2.313827, -0.000021, 0.268659)",LeftTrue_RightFalse
18.301514,0.067896,"(-0.773770809173584, 1.196218490600586, 6.412243366241455)","(347.9077453613281, 190.16029357910156, 3.999971866607666)","(-0.7218402624130249, 1.255966067314148, 6.467304706573486)","(0.06951764225959778, 190.35728454589844, 0.01564060151576996)","(-1.1740940809249878, -0.003796719014644623, 6.51422119140625)","(0.07124525308609009, 178.64385986328125, 0.0012016466353088617)",-0.678881,-0.015442,"(-0.000064, -0.000970, 0.001174)",LeftFalse_RightFalse,False,"(-5.179901599884033, -0.004058226011693478, -1.4627615213394165)","(359.9548645019531, 86.96961975097656, 359.9056091308594)",0.288945,-0.228362,"(2.325298, -0.000015, 0.300119)",LeftTrue_RightFalse
18.367554,0.067525,"(-0.7737785577774048, 1.1962156295776367, 6.41274356842041)","(347.9432678222656, 190.03582763671875, 3.917353868484497)","(-0.7218594551086426, 1.2559394836425781, 6.467771530151367)","(0.04469747468829155, 190.35728454589844, 0.010111363604664803)","(-1.1740918159484863, -0.0038516134954988956, 6.514129638671875)","(0.04581943899393082, 178.64385986328125, 0.0008264631615020335)",-0.650054,-0.015442,"(-0.000031, -0.000675, 0.000766)",LeftFalse_RightFalse,False,"(-5.0256500244140625, -0.004059304017573595, -1.4417312145233154)","(359.9548034667969, 86.39753723144531, 359.9020690917969)",0.264462,-0.249683,"(2.347033, -0.000020, 0.335976)",LeftTrue_RightFalse
18.432617,0.067021,"(-0.7737865447998047, 1.1962124109268188, 6.413060188293457)","(348.1073303222656, 189.85610961914062, 3.8759355545043945)","(-0.7218716144561768, 1.25592041015625, 6.4680867195129395)","(0.027953827753663063, 190.35728454589844, 0.006369748152792454)","(-1.1740893125534058, -0.003889830317348242, 6.514067649841309)","(0.028664862737059593, 178.64385986328125, 0.0005620064912363887)",-0.656141,-0.015442,"(-0.000020, -0.000468, 0.000531)",LeftFalse_RightFalse,False,"(-4.872861385345459, -0.004060637671500444, -1.4187676906585693)","(359.95489501953125, 85.80479431152344, 359.8968200683594)",0.28222,-0.281745,"(2.355787, -0.000018, 0.373525)",LeftTrue_RightFalse
18.504639,0.068036,"(-0.7731707096099854, 1.195472240447998, 6.412374973297119)","(348.4255676269531, 189.4970245361328, 3.947664499282837)","(-0.7218804359436035, 1.255907416343689, 6.4683146476745605)","(0.015871722251176834, 190.35728454589844, 0.00366610917262733)","(-1.174087405204773, -0.003916591871529818, 6.514023780822754)","(0.016285482794046402, 178.64385986328125, 0.000367538770660758)",-0.658103,-0.015442,"(-0.000014, -0.000295, 0.000356)",LeftFalse_RightFalse,False,"(-4.7028117179870605, -0.004061396699398756, -1.389662742614746)","(359.9556884765625, 85.0721664428711, 359.88348388671875)",0.294414,-0.29132,"(2.362639, -0.000011, 0.423753)",LeftTrue_RightFalse
18.571533,0.067792,"(-0.7730143666267395, 1.195282220840454, 6.4122633934021)","(348.7107849121094, 189.15228271484375, 4.017620086669922)","(-0.7218858599662781, 1.2559019327163696, 6.468443393707275)","(0.009056828916072845, 190.35728454589844, 0.0021320816595107317)","(-1.174086570739746, -0.003929939586669207, 6.513998985290527)","(0.009301071986556053, 178.64385986328125, 0.00024899409618228674)",-0.655963,-0.015442,"(-0.000008, -0.000131, 0.000198)",LeftFalse_RightFalse,False,"(-4.544450283050537, -0.004062037914991379, -1.3591855764389038)","(359.95599365234375, 84.3292465209961, 359.8724060058594)",0.270751,-0.324018,"(2.377905, -0.000015, 0.478569)",LeftTrue_RightFalse
18.640869,0.068113,"(-0.7723992466926575, 1.194516658782959, 6.411433696746826)","(349.1600036621094, 188.82020568847656, 4.092260837554932)","(-0.7218891382217407, 1.2559006214141846, 6.468522071838379)","(0.00484049879014492, 190.35728454589844, 0.0011720731854438782)","(-1.1740857362747192, -0.003936033230274916, 6.513982772827148)","(0.004977647680789232, 178.64385986328125, 0.00016496304306201637)",-0.657553,-0.015442,"(-0.000005, -0.000051, 0.000122)",LeftFalse_RightFalse,False,"(-4.3794426918029785, -0.004062741994857788, -1.3238617181777954)","(359.9566345214844, 83.49539947509766, 359.85968017578125)",0.293612,-0.380399,"(2.379230, -0.000008, 0.532708)",LeftTrue_RightFalse
18.709106,0.068125,"(-0.7723497748374939, 1.1942896842956543, 6.410469055175781)","(349.54345703125, 188.65692138671875, 4.177581310272217)","(-0.7218912839889526, 1.2559022903442383, 6.468565940856934)","(0.0025253749918192625, 190.35728454589844, 0.0006363141001202166)","(-1.1740854978561401, -0.003937211353331804, 6.513974189758301)","(0.002601967193186283, 178.64385986328125, 0.00011036980140488595)",-0.655077,-0.015442,"(-0.000003, 0.000009, 0.000060)",LeftFalse_RightFalse,False,"(-4.217700004577637, -0.00406225910410285, -1.2837374210357666)","(359.9585266113281, 82.54682159423828, 359.83526611328125)",0.295264,-0.42303,"(2.372758, 0.000011, 0.628793)",LeftTrue_RightFalse
18.776001,0.067888,"(-0.771797239780426, 1.1935057640075684, 6.409376621246338)","(349.939453125, 188.4795379638672, 4.2278923988342285)","(-0.7218923568725586, 1.255905032157898, 6.468588829040527)","(0.0013254531659185886, 190.35728454589844, 0.0003512487164698541)","(-1.1740851402282715, -0.0039358846843242645, 6.513970375061035)","(0.0013691606000065804, 178.64385986328125, 7.484490924980491e-05)",-0.652459,-0.015442,"(-0.000002, 0.000030, 0.000033)",LeftFalse_RightFalse,False,"(-4.059271812438965, -0.004060770384967327, -1.2390135526657104)","(359.96044921875, 81.4998550415039, 359.8115234375)",0.307706,-0.464518,"(2.363579, 0.000019, 0.704663)",LeftTrue_RightFalse
18.839233,0.066949,"(-0.7716249823570251, 1.1932634115219116, 6.409039497375488)","(350.3138732910156, 188.2902069091797, 4.2997026443481445)","(-0.7218928337097168, 1.2559081315994263, 6.468599796295166)","(0.0007599564269185066, 190.35728454589844, 0.00021064947941340506)","(-1.1740847826004028, -0.003933669067919254, 6.513968467712402)","(0.0007868959219194949, 178.64385986328125, 5.197889913688414e-05)",-0.653618,-0.015442,"(-0.000001, 0.000039, 0.000016)",LeftFalse_RightFalse,False,"(-3.9105162620544434, -0.004058857448399067, -1.1913951635360718)","(359.9626159667969, 80.3944320678711, 359.7872009277344)",0.313909,-0.518941,"(2.350173, 0.000025, 0.786807)",LeftTrue_RightFalse
18.906006,0.066926,"(-0.7718713283538818, 1.1923584938049316, 6.407195091247559)","(350.72802734375, 188.0911102294922, 4.359422206878662)","(-0.7218931913375854, 1.255911111831665, 6.468605041503906)","(0.0005008672014810145, 190.35728454589844, 0.00013967127597425133)","(-1.1740846633911133, -0.003931050188839436, 6.513967514038086)","(0.0005187924834899604, 178.64385986328125, 3.507826113491319e-05)",-0.650754,-0.015442,"(-0.000001, 0.000038, 0.000005)",LeftFalse_RightFalse,False,"(-3.7546675205230713, -0.004056278616189957, -1.1345717906951904)","(359.96563720703125, 79.08229064941406, 359.7574768066406)",0.317121,-0.559123,"(2.321684, 0.000032, 0.905914)",LeftTrue_RightFalse
18.9729,0.06691,"(-0.7714130878448486, 1.1920599937438965, 6.405701637268066)","(351.1143798828125, 187.82598876953125, 4.415521144866943)","(-0.7218934893608093, 1.2559136152267456, 6.4686055183410645)","(0.0004286296316422522, 190.35728454589844, 0.00011372014705557376)","(-1.1740846633911133, -0.003928594756871462, 6.5139665603637695)","(0.0004427907115314156, 178.64385986328125, 2.433298504911363e-05)",-0.651693,-0.015442,"(0.000000, 0.000033, 0.000001)",LeftFalse_RightFalse,False,"(-3.600372791290283, -0.004053216893225908, -1.0712616443634033)","(359.9684143066406, 77.64901733398438, 359.7331237792969)",0.330121,-0.599482,"(2.295806, 0.000038, 0.995703)",LeftTrue_RightFalse
19.036377,0.066229,"(-0.7707251310348511, 1.1913105249404907, 6.404409885406494)","(351.4479675292969, 187.56961059570312, 4.4819016456604)","(-0.7218935489654541, 1.255915641784668, 6.468605995178223)","(0.00043860432924702764, 190.35728454589844, 0.00010837498848559335)","(-1.1740845441818237, -0.003926651086658239, 6.513967037200928)","(0.00045147258788347244, 178.64385986328125, 1.7074100469471887e-05)",-0.652538,-0.015442,"(0.000000, 0.000028, -0.000001)",LeftFalse_RightFalse,False,"(-3.455787420272827, -0.004050038754940033, -1.0048035383224487)","(359.9714050292969, 76.17037200927734, 359.7099304199219)",0.339267,-0.630092,"(2.263191, 0.000043, 1.090692)",LeftTrue_RightFalse
19.102051,0.066118,"(-0.770465612411499, 1.1910284757614136, 6.403921127319336)","(351.7156677246094, 187.38259887695312, 4.545140266418457)","(-0.7218936681747437, 1.2559171915054321, 6.468605041503906)","(0.00048110014176927507, 190.35728454589844, 0.00011112254287581891)","(-1.1740845441818237, -0.003925040364265442, 6.513967037200928)","(0.0004936411278322339, 178.64385986328125, 1.113709822675446e-05)",-0.653298,-0.015442,"(0.000000, 0.000022, -0.000002)",LeftFalse_RightFalse,False,"(-3.3086249828338623, -0.00404659379273653, -0.9295189380645752)","(359.9743957519531, 74.52879333496094, 359.688232421875)",0.34477,-0.636493,"(2.228935, 0.000040, 1.184008)",LeftTrue_RightFalse
19.164551,0.06539,"(-0.7705085277557373, 1.1902947425842285, 6.40306282043457)","(351.912841796875, 187.257568359375, 4.601614952087402)","(-0.7218936681747437, 1.2559183835983276, 6.46860408782959)","(0.0005283792852424085, 190.35728454589844, 0.00011774237646022812)","(-1.1740845441818237, -0.003923906944692135, 6.513967514038086)","(0.0005412796163000166, 178.64385986328125, 8.020614586712327e-06)",-0.653982,-0.015442,"(0.000000, 0.000016, -0.000002)",LeftFalse_RightFalse,False,"(-3.1704492568969727, -0.0040442016907036304, -0.8522473573684692)","(359.9759216308594, 72.89826965332031, 359.67633056640625)",0.334823,-0.651123,"(2.204238, 0.000025, 1.265399)",LeftTrue_RightFalse
19.232544,0.065917,"(-0.7705260515213013, 1.189995527267456, 6.402711868286133)","(352.0645751953125, 187.13552856445312, 4.632106304168701)","(-0.7218937277793884, 1.255919337272644, 6.468603134155273)","(0.000574902689550072, 190.35728454589844, 0.0001240105921169743)","(-1.1740845441818237, -0.003922943025827408, 6.513967514038086)","(0.0005881067481823266, 178.64385986328125, 4.7132766667346004e-06)",-0.654598,-0.015442,"(0.000000, 0.000012, -0.000002)",LeftFalse_RightFalse,False,"(-3.0221548080444336, -0.004042791202664375, -0.7620763182640076)","(359.9770202636719, 71.06725311279297, 359.668701171875)",0.32477,-0.676214,"(2.164414, 0.000006, 1.371895)",LeftTrue_RightFalse
19.299194,0.066049,"(-0.7698634266853333, 1.1899020671844482, 6.402479648590088)","(352.2035217285156, 187.0618438720703, 4.679155349731445)","(-0.7218937873840332, 1.2559199333190918, 6.468603134155273)","(0.0006110173417255282, 190.35728454589844, 0.00012949944357387722)","(-1.1740845441818237, -0.003922330215573311, 6.513967990875244)","(0.0006245836848393083, 178.64385986328125, 2.7559171940083615e-06)",-0.655152,-0.015442,"(0.000000, 0.000007, -0.000001)",LeftFalse_RightFalse,False,"(-2.87970232963562, -0.004042064771056175, -0.6677898168563843)","(359.9786376953125, 69.21788787841797, 359.6610412597656)",0.347454,-0.67429,"(2.120230, 0.000011, 1.456533)",LeftTrue_RightFalse
19.361694,0.065337,"(-0.7696554660797119, 1.1898727416992188, 6.402406692504883)","(352.285400390625, 186.9759521484375, 4.699187755584717)","(-0.7218937873840332, 1.2559202909469604, 6.468602180480957)","(0.0006361632258631289, 190.35728454589844, 0.00013431132538244128)","(-1.1740845441818237, -0.0039219725877046585, 6.513967990875244)","(0.0006501827738247812, 178.64385986328125, 2.3625773337698774e-06)",-0.655651,-0.015442,"(0.000000, 0.000004, -0.000001)",LeftFalse_RightFalse,False,"(-2.7484679222106934, -0.004041414707899094, -0.5739579200744629)","(359.9796447753906, 67.44033813476562, 359.6566162109375)",0.338953,-0.68158,"(2.087819, 0.000004, 1.533601)",LeftTrue_RightFalse
19.429565,0.065864,"(-0.7695707678794861, 1.1898610591888428, 6.402376651763916)","(352.3634948730469, 186.87973022460938, 4.6572794914245605)","(-0.7218937873840332, 1.2559205293655396, 6.468602657318115)","(0.0006553841521963477, 190.35728454589844, 0.0001366593933198601)","(-1.1740845441818237, -0.003921770956367254, 6.513968467712402)","(0.0006694802432321012, 178.64385986328125, 7.595558599859942e-07)",-0.6561,-0.015442,"(0.000000, 0.000002, -0.000001)",LeftFalse_RightFalse,False,"(-2.608398914337158, -0.0040417565032839775, -0.466193288564682)","(359.9801940917969, 65.47453308105469, 359.6535949707031)",0.325674,-0.697892,"(2.036815, -0.000009, 1.635338)",LeftTrue_RightFalse
19.493774,0.065534,"(-0.7695450782775879, 1.1891931295394897, 6.40236759185791)","(352.38714599609375, 186.7803955078125, 4.611510276794434)","(-0.7218937873840332, 1.2559205293655396, 6.468602180480957)","(0.0006669937865808606, 190.35728454589844, 0.0001390198158333078)","(-1.1740845441818237, -0.003921675030142069, 6.513968467712402)","(0.0006813272484578192, 178.64385986328125, 7.138901878533943e-07)",-0.656504,-0.015442,"(0.000000, 0.000002, 0.000000)",LeftFalse_RightFalse,False,"(-2.4791975021362305, -0.004041987005621195, -0.35891854763031006)","(359.9812316894531, 63.5816650390625, 359.6490783691406)",0.346159,-0.697409,"(1.985117, -0.000002, 1.713576)",LeftTrue_RightFalse
19.558105,0.065274,"(-0.7695358991622925, 1.1889541149139404, 6.402364253997803)","(352.3955993652344, 186.73681640625, 4.5748090744018555)","(-0.7218937873840332, 1.2559205293655396, 6.468602180480957)","(0.0006742006517015398, 190.35728454589844, 0.00014089820615481585)","(-1.1740845441818237, -0.0039215791039168835, 6.513968467712402)","(0.0006887653726153076, 178.64385986328125, 1.0900445204242715e-06)",-0.656868,-0.015442,"(0.000000, 0.000001, 0.000000)",LeftFalse_RightFalse,False,"(-2.3532466888427734, -0.0040418426506221294, -0.2463933527469635)","(359.98223876953125, 61.65533447265625, 359.6447448730469)",0.343792,-0.696088,"(1.940058, -0.000001, 1.788681)",LeftTrue_RightFalse
19.625244,0.065669,"(-0.7695324420928955, 1.1888647079467773, 6.402362823486328)","(352.3987731933594, 186.68173217773438, 4.558312892913818)","(-0.7218937873840332, 1.255920648574829, 6.468601703643799)","(0.0006795715889893472, 190.35728454589844, 0.00014151594950817525)","(-1.1740845441818237, -0.003921568393707275, 6.513968467712402)","(0.0006941499887034297, 178.64385986328125, 6.045198688298115e-07)",-0.657195,-0.015442,"(0.000000, 0.000000, 0.000000)",LeftFalse_RightFalse,False,"(-2.2246410846710205, -0.00404238561168313, -0.12324950098991394)","(359.9824523925781, 59.61979293823242, 359.6426086425781)",0.340551,-0.680344,"(1.895143, -0.000013, 1.860862)",LeftTrue_RightFalse
19.688232,0.065119,"(-0.7695313692092896, 1.1888372898101807, 6.40236234664917)","(352.4819030761719, 186.5725555419922, 4.580369472503662)","(-0.7218937873840332, 1.255920648574829, 6.468601703643799)","(0.0006823031581006944, 190.35728454589844, 0.00014176664990372956)","(-1.1740845441818237, -0.003921568393707275, 6.513968467712402)","(0.000696875446010381, 178.64385986328125, 2.954681121991598e-07)",-0.65749,-0.015442,"(0.000000, 0.000000, 0.000000)",LeftFalse_RightFalse,False,"(-2.1069626808166504, -0.004043982829898596, -0.0033893631771206856)","(359.9814758300781, 57.72399139404297, 359.6462097167969)",0.309886,-0.651234,"(1.844495, -0.000035, 1.948464)",LeftTrue_RightFalse
19.75293,0.065038,"(-0.7695310115814209, 1.1888267993927002, 6.40236234664917)","(352.55517578125, 186.46730041503906, 4.599109172821045)","(-0.7218937873840332, 1.255920648574829, 6.468601703643799)","(0.0006837985129095614, 190.35728454589844, 0.00014204862236510962)","(-1.1740845441818237, -0.003921568393707275, 6.513968467712402)","(0.0006983969360589981, 178.64385986328125, 2.679848591924383e-07)",-0.657755,-0.015442,"(0.000000, 0.000000, 0.000000)",LeftFalse_RightFalse,False,"(-1.9882667064666748, -0.0040472205728292465, 0.12404679507017136)","(359.97967529296875, 55.8055305480957, 359.6556396484375)",0.316378,-0.622088,"(1.816352, -0.000054, 2.002050)",LeftTrue_RightFalse
19.818848,0.065222,"(-0.7695308327674866, 1.1888229846954346, 6.40236234664917)","(352.6235046386719, 186.34091186523438, 4.614442348480225)","(-0.7218937873840332, 1.255920648574829, 6.468601703643799)","(0.0006841853028163314, 190.35728454589844, 0.00014195275434758514)","(-1.1740845441818237, -0.003921568393707275, 6.513968467712402)","(0.0006987563101574779, 178.64385986328125, 9.557417968153459e-08)",-0.657994,-0.015442,"(0.000000, 0.000000, 0.000000)",LeftFalse_RightFalse,False,"(-1.8690744638442993, -0.004051857627928257, 0.25763747096061707)","(359.9770202636719, 53.91621017456055, 359.6713562011719)",0.308498,-0.569471,"(1.793461, -0.000071, 2.053045)",LeftTrue_RightFalse
19.88208,0.064802,"(-0.7695307731628418, 1.188821792602539, 6.40236234664917)","(352.67669677734375, 186.22799682617188, 4.619676113128662)","(-0.7218937873840332, 1.255920648574829, 6.468601703643799)","(0.0006844029994681478, 190.35728454589844, 0.00014174914394970983)","(-1.1740845441818237, -0.003921568393707275, 6.513968467712402)","(0.0006989281391724944, 178.64385986328125, -1.479783264812795e-07)",-0.666021,-0.015442,"(0.000000, 0.000000, 0.000000)",LeftFalse_RightFalse,False,"(-1.7557100057601929, -0.004057994112372398, 0.3884190022945404)","(359.9729919433594, 52.209102630615234, 359.6952209472656)",0.28702,-0.530334,"(1.789834, -0.000095, 2.092202)",LeftTrue_RightFalse
19.94519,0.064473,"(-0.7695307731628418, 1.188180923461914, 6.40236234664917)","(352.7025451660156, 186.0474090576172, 4.62232780456543)","(-0.7218937873840332, 1.255920648574829, 6.468601703643799)","(0.0006846316973678768, 190.35728454589844, 0.00014154556265566498)","(-1.1740845441818237, -0.003921568393707275, 6.513968467712402)","(0.000699110678397119, 178.64385986328125, -3.937560961730924e-07)",-0.666214,-0.015442,"(0.000000, 0.000000, 0.000000)",LeftFalse_RightFalse,False,"(-1.642683506011963, -0.0040654586628079414, 0.5217499732971191)","(359.9688720703125, 50.61389923095703, 359.72149658203125)",0.281502,-0.491549,"(1.782381, -0.000109, 2.128156)",LeftTrue_RightFalse
20.010986,0.064736,"(-0.7688713073730469, 1.1879348754882812, 6.402242183685303)","(352.73065185546875, 185.7813262939453, 4.6608195304870605)","(-0.7218939065933228, 1.255920648574829, 6.468602180480957)","(0.0006848601042293012, 190.35728454589844, 0.0001413424324709922)","(-1.1740846633911133, -0.003921568393707275, 6.5139689445495605)","(0.0006992930429987609, 178.64385986328125, -6.390314979398681e-07)",-0.662482,-0.015442,"(0.000000, 0.000000, 0.000000)",LeftFalse_RightFalse,False,"(-1.5255427360534668, -0.004073182586580515, 0.6631389856338501)","(359.96527099609375, 49.06693649291992, 359.74658203125)",0.264808,-0.431667,"(1.765617, -0.000101, 2.176086)",LeftTrue_RightFalse
20.074463,0.064478,"(-0.7686535120010376, 1.1878538131713867, 6.402202129364014)","(352.77191162109375, 185.54872131347656, 4.680758953094482)","(-0.7218937873840332, 1.255920648574829, 6.468601703643799)","(0.0006850392674095929, 190.35728454589844, 0.00014120014384388924)","(-1.1740845441818237, -0.003921568393707275, 6.513968467712402)","(0.000699439609888941, 178.64385986328125, -8.147381436174328e-07)",-0.670451,-0.015442,"(0.000000, 0.000000, 0.000000)",LeftFalse_RightFalse,False,"(-1.4130957126617432, -0.004079916514456272, 0.8016156554222107)","(359.9624328613281, 47.68342208862305, 359.77069091796875)",0.271255,-0.387854,"(1.769479, -0.000090, 2.198610)",LeftTrue_RightFalse
20.139893,0.064686,"(-0.7685713768005371, 1.1878230571746826, 6.402186870574951)","(352.8367919921875, 185.27932739257812, 4.703577995300293)","(-0.7218937873840332, 1.255920648574829, 6.468601703643799)","(0.0006851243088021874, 190.35728454589844, 0.00014117737009655684)","(-1.1740845441818237, -0.003921568393707275, 6.513968467712402)","(0.0006995182484388351, 178.64385986328125, -8.542864975424891e-07)",-0.670592,-0.015442,"(0.000000, 0.000000, 0.000000)",LeftFalse_RightFalse,False,"(-1.2967503070831299, -0.004086206201463938, 0.9462007880210876)","(359.9596862792969, 46.396575927734375, 359.7977600097656)",0.268874,-0.34031,"(1.772751, -0.000085, 2.220971)",LeftTrue_RightFalse
20.205322,0.064823,"(-0.7685431241989136, 1.1878125667572021, 6.402181625366211)","(352.90185546875, 184.93960571289062, 4.719442844390869)","(-0.7218937873840332, 1.255920648574829, 6.468601703643799)","(0.0006850867066532373, 190.35728454589844, 0.00014128362818155438)","(-1.1740845441818237, -0.003921568393707275, 6.513968467712402)","(0.0006995030562393367, 178.64385986328125, -7.426094725815346e-07)",-0.670718,-0.015442,"(0.000000, 0.000000, 0.000000)",LeftFalse_RightFalse,False,"(-1.1802544593811035, -0.004091969691216946, 1.0918675661087036)","(359.9571533203125, 45.25436019897461, 359.82470703125)",0.265944,-0.276445,"(1.780337, -0.000077, 2.238710)",LeftTrue_RightFalse
20.27002,0.064798,"(-0.7678700089454651, 1.1878089904785156, 6.4020586013793945)","(352.93133544921875, 184.60630798339844, 4.769793510437012)","(-0.7218937873840332, 1.255920648574829, 6.468601703643799)","(0.0006849513156339526, 190.35728454589844, 0.00014146855392027646)","(-1.1740845441818237, -0.003921568393707275, 6.513968467712402)","(0.000699408003129065, 178.64385986328125, -5.340530719877279e-07)",-0.670833,-0.015442,"(0.000000, 0.000000, 0.000000)",LeftFalse_RightFalse,False,"(-1.0637669563293457, -0.00409727031365037, 1.2367438077926636)","(359.9548034667969, 44.2960090637207, 359.8562927246094)",0.248053,-0.235306,"(1.799908, -0.000066, 2.252426)",LeftTrue_RightFalse
20.336182,0.06508,"(-0.7676267623901367, 1.1878077983856201, 6.402014255523682)","(353.0024108886719, 184.3102569580078, 4.808391571044922)","(-0.7218937873840332, 1.255920648574829, 6.468601703643799)","(0.0006847608601674438, 190.35728454589844, 0.00014166753680910915)","(-1.1740845441818237, -0.003921568393707275, 6.513968467712402)","(0.0006992619019001722, 178.64385986328125, -3.00535845099148e-07)",-0.670935,-0.015442,"(0.000000, 0.000000, 0.000000)",LeftFalse_RightFalse,False,"(-0.9440594911575317, -0.00410138163715601, 1.3859367370605469)","(359.9534912109375, 43.44386672973633, 359.8808898925781)",0.26829,-0.251816,"(1.808838, -0.000049, 2.260911)",LeftTrue_RightFalse
20.401611,0.06515,"(-0.7675455808639526, 1.187807321548462, 6.401999473571777)","(353.0806579589844, 184.1166229248047, 4.819993495941162)","(-0.7218937873840332, 1.255920648574829, 6.468601703643799)","(0.0006845493335276842, 190.35728454589844, 0.00014182768063619733)","(-1.1740845441818237, -0.003921568393707275, 6.513968467712402)","(0.0006990872789174318, 178.64385986328125, -1.0080148626911978e-07)",-0.671028,-0.015442,"(0.000000, 0.000000, 0.000000)",LeftFalse_RightFalse,False,"(-0.8264073133468628, -0.0041041504591703415, 1.5349260568618774)","(359.953369140625, 42.65974807739258, 359.88800048828125)",0.277072,-0.24699,"(1.788730, -0.000030, 2.290914)",LeftTrue_RightFalse
20.466187,0.06502,"(-0.766849935054779, 1.18715500831604, 6.401872634887695)","(353.1988830566406, 183.9351348876953, 4.8298211097717285)","(-0.7218937873840332, 1.255920648574829, 6.468602180480957)","(0.0006843414739705622, 190.35728454589844, 0.0001419270265614614)","(-1.1740845441818237, -0.003921568393707275, 6.5139689445495605)","(0.0006989039829932153, 178.64385986328125, 3.867472742058453e-08)",-0.671111,-0.015442,"(0.000000, 0.000000, 0.000000)",LeftFalse_RightFalse,False,"(-0.7117517590522766, -0.0041054324246943, 1.6838968992233276)","(359.9534912109375, 41.894039154052734, 359.88494873046875)",0.264853,-0.253219,"(1.765043, -0.000016, 2.330672)",LeftTrue_RightFalse
20.531006,0.06499,"(-0.7666014432907104, 1.1869220733642578, 6.401826858520508)","(353.2687683105469, 183.76995849609375, 4.859610557556152)","(-0.7218936681747437, 1.255920648574829, 6.468601703643799)","(0.0006841850699856877, 190.35728454589844, 0.0001419470354449004)","(-1.1740844249725342, -0.003921568393707275, 6.513968467712402)","(0.000698754854965955, 178.64385986328125, 9.002607015418107e-08)",-0.671186,-0.015442,"(0.000000, 0.000000, 0.000000)",LeftFalse_RightFalse,False,"(-0.5979589819908142, -0.004106210544705391, 1.8359273672103882)","(359.9538269042969, 41.1213493347168, 359.8774108886719)",0.279698,-0.242938,"(1.739435, -0.000007, 2.361943)",LeftTrue_RightFalse
20.593506,0.064489,"(-0.766403079032898, 1.1868431568145752, 6.402437686920166)","(353.29241943359375, 183.6662139892578, 4.893415451049805)","(-0.7218937873840332, 1.255920648574829, 6.468601703643799)","(0.0006841153372079134, 190.35728454589844, 0.00014190131332725286)","(-1.1740845441818237, -0.003921568393707275, 6.513968467712402)","(0.0006986772641539574, 178.64385986328125, 5.942028735717031e-08)",-0.671253,-0.015442,"(0.000000, 0.000000, 0.000000)",LeftFalse_RightFalse,False,"(-0.4897618293762207, -0.004106713458895683, 1.984313726425171)","(359.9541015625, 40.3779411315918, 359.87158203125)",0.278656,-0.235825,"(1.722560, -0.000010, 2.390613)",LeftTrue_RightFalse
20.657471,0.064388,"(-0.7663267850875854, 1.1868128776550293, 6.402672290802002)","(353.3348388671875, 183.572265625, 4.9235148429870605)","(-0.7218937873840332, 1.255920648574829, 6.468601703643799)","(0.0006841359427198768, 190.35728454589844, 0.00014180650759954005)","(-1.1740845441818237, -0.003921568393707275, 6.513968467712402)","(0.000698678195476532, 178.64385986328125, -3.7603211211489906e-08)",-0.671314,-0.015442,"(0.000000, 0.000000, 0.000000)",LeftFalse_RightFalse,False,"(-0.38005751371383667, -0.004107339307665825, 2.1381521224975586)","(359.9539489746094, 39.632755279541016, 359.8690490722656)",0.278314,-0.191387,"(1.706415, -0.000014, 2.418330)",LeftTrue_RightFalse
20.72229,0.06447,"(-0.7662990093231201, 1.1868019104003906, 6.4027581214904785)","(353.39739990234375, 183.49232482910156, 4.937297821044922)","(-0.7218937873840332, 1.255920648574829, 6.468601703643799)","(0.0006843435694463551, 190.35728454589844, 0.00014215039846021682)","(-1.1740845441818237, -0.003921568393707275, 6.513968467712402)","(0.0006989512476138771, 178.64385986328125, 2.5697659111756366e-07)",-0.671368,-0.015442,"(0.000000, 0.000000, 0.000000)",LeftFalse_RightFalse,False,"(-0.2690255641937256, -0.004108661785721779, 2.2952442169189453)","(359.95318603515625, 38.94578170776367, 359.8789978027344)",0.275439,-0.154769,"(1.714064, -0.000023, 2.431665)",LeftTrue_RightFalse
20.786011,0.064316,"(-0.7662893533706665, 1.186798095703125, 6.402787685394287)","(353.4710998535156, 183.3855743408203, 4.955178737640381)","(-0.7218937873840332, 1.255920648574829, 6.468601703643799)","(0.0006844887975603342, 190.35728454589844, 0.00014193978859111667)","(-1.1740845441818237, -0.003921568393707275, 6.513968467712402)","(0.0006990507245063782, 178.64385986328125, 2.128131804113309e-08)",-0.671418,-0.015442,"(0.000000, 0.000000, 0.000000)",LeftFalse_RightFalse,False,"(-0.1590915322303772, -0.004110774956643581, 2.4503231048583984)","(359.9521484375, 38.37810134887695, 359.8982238769531)",0.261689,-0.15299,"(1.726587, -0.000033, 2.445695)",LeftTrue_RightFalse
20.853394,0.064928,"(-0.7662856578826904, 1.1867966651916504, 6.402799129486084)","(353.5336608886719, 183.2858123779297, 4.95078706741333)","(-0.7218937873840332, 1.255920648574829, 6.468601703643799)","(0.0006846406613476574, 190.35728454589844, 0.0001416549930581823)","(-1.1740845441818237, -0.003921568393707275, 6.513968467712402)","(0.0006991415866650641, 178.64385986328125, -2.884153218474239e-07)",-0.671462,-0.015442,"(0.000000, 0.000000, 0.000000)",LeftFalse_RightFalse,False,"(-0.042871247977018356, -0.0041131069883704185, 2.6155309677124023)","(359.95166015625, 37.840782165527344, 359.91058349609375)",0.28101,-0.155599,"(1.719339, -0.000028, 2.462944)",LeftTrue_RightFalse
20.916138,0.064491,"(-0.7662845849990845, 1.1867961883544922, 6.402802467346191)","(353.5624084472656, 183.21670532226562, 4.93068790435791)","(-0.7218937873840332, 1.255920648574829, 6.468601703643799)","(0.000684770755469799, 190.35728454589844, 0.0001413754653185606)","(-1.1740845441818237, -0.003921568393707275, 6.513968467712402)","(0.000699212308973074, 178.64385986328125, -5.885440259589814e-07)",-0.671502,-0.015442,"(0.000000, 0.000000, 0.000000)",LeftFalse_RightFalse,False,"(0.06466243416070938, -0.004114660434424877, 2.770759105682373)","(359.9515686035156, 37.35688400268555, 359.9137878417969)",0.281519,-0.166665,"(1.707671, -0.000023, 2.486104)",LeftTrue_RightFalse
20.981812,0.064737,"(-0.7662841081619263, 1.186795949935913, 6.402803897857666)","(353.6356506347656, 183.1879425048828, 4.933149814605713)","(-0.7218937873840332, 1.255920648574829, 6.468601703643799)","(0.0006848846678622067, 190.35728454589844, 0.00014114427904132754)","(-1.1740845441818237, -0.003921568393707275, 6.513968467712402)","(0.0006992769194766879, 178.64385986328125, -8.380346230296709e-07)",-0.671537,-0.015442,"(0.000000, 0.000000, 0.000000)",LeftFalse_RightFalse,False,"(0.17612552642822266, -0.004116018768399954, 2.9351701736450195)","(359.9515075683594, 36.836910247802734, 359.9095764160156)",0.283996,-0.234446,"(1.688192, -0.000021, 2.513557)",LeftTrue_RightFalse
21.049927,0.065405,"(-0.7662839889526367, 1.186795949935913, 6.402804374694824)","(353.7176513671875, 183.19952392578125, 4.927091121673584)","(-0.7218937873840332, 1.255920648574829, 6.468601703643799)","(0.00068496452877298, 190.35728454589844, 0.00014103153080213815)","(-1.1740845441818237, -0.003921568393707275, 6.513968467712402)","(0.0006993321585468948, 178.64385986328125, -9.646453236200614e-07)",-0.67157,-0.015442,"(0.000000, 0.000000, 0.000000)",LeftFalse_RightFalse,False,"(0.287812739610672, -0.0041164131835103035, 3.1086902618408203)","(359.95263671875, 36.168968200683594, 359.8814697265625)",0.293746,-0.289172,"(1.611889, -0.000003, 2.573756)",LeftTrue_RightFalse
21.115723,0.065482,"(-0.7662839293479919, 1.186795949935913, 6.402804374694824)","(353.77496337890625, 183.1941680908203, 4.9324951171875)","(-0.7218937873840332, 1.255920648574829, 6.468601703643799)","(0.0006849812343716621, 190.35728454589844, 0.00014107879542279989)","(-1.1740845441818237, -0.003921568393707275, 6.513968467712402)","(0.0006993581773713231, 178.64385986328125, -9.217562251251366e-07)",-0.671599,-0.015442,"(0.000000, 0.000000, 0.000000)",LeftFalse_RightFalse,False,"(0.39127567410469055, -0.004115712828934193, 3.279731273651123)","(359.9543151855469, 35.3741340637207, 359.8464050292969)",0.308621,-0.343736,"(1.540338, 0.000010, 2.623747)",LeftTrue_RightFalse
21.181274,0.0655,"(-0.7662838697433472, 1.186795949935913, 6.402804374694824)","(353.8560791015625, 183.17405700683594, 4.9507856369018555)","(-0.7218937873840332, 1.255920648574829, 6.468601703643799)","(0.0006849342025816441, 190.35728454589844, 0.0001412582496413961)","(-1.1740845441818237, -0.003921568393707275, 6.513968467712402)","(0.0006993485148996115, 178.64385986328125, -7.36511765353498e-07)",-0.671625,-0.015442,"(0.000000, 0.000000, 0.000000)",LeftFalse_RightFalse,False,"(0.4887447953224182, -0.004113810136914253, 3.4539291858673096)","(359.95654296875, 34.40125274658203, 359.80426025390625)",0.319828,-0.385782,"(1.455307, 0.000021, 2.677859)",LeftTrue_RightFalse
21.247559,0.065659,"(-0.7656132578849792, 1.1861257553100586, 6.402681827545166)","(353.93701171875, 183.14398193359375, 4.976866722106934)","(-0.7218937873840332, 1.255920648574829, 6.468601703643799)","(0.0006848318153060973, 190.35728454589844, 0.00014149589696899056)","(-1.1740845441818237, -0.003921568393707275, 6.513968467712402)","(0.0006992965936660767, 178.64385986328125, -4.830289981327951e-07)",-0.663836,-0.015442,"(0.000000, -0.000001, 0.000000)",LeftFalse_RightFalse,False,"(0.5810777544975281, -0.00411118334159255, 3.6339235305786133)","(359.95880126953125, 33.242515563964844, 359.76300048828125)",0.314937,-0.405625,"(1.347135, 0.000023, 2.746775)",LeftTrue_RightFalse
21.315063,0.066034,"(-0.765518069267273, 1.1858959197998047, 6.401901721954346)","(354.0322265625, 183.12278747558594, 4.998348236083984)","(-0.7218939065933228, 1.255920648574829, 6.468601703643799)","(0.0006847000913694501, 190.35728454589844, 0.00014172072405926883)","(-1.1740846633911133, -0.003921568393707275, 6.513968467712402)","(0.0006992132402956486, 178.64385986328125, -2.3613249311438267e-07)",-0.663857,-0.015442,"(0.000000, -0.000001, 0.000000)",LeftFalse_RightFalse,False,"(0.6696180701255798, -0.004109312314540148, 3.82089900970459)","(359.9601135253906, 31.950679779052734, 359.7350158691406)",0.317637,-0.384634,"(1.274131, 0.000010, 2.793286)",LeftTrue_RightFalse
21.380615,0.065932,"(-0.7654879093170166, 1.1858234405517578, 6.401655673980713)","(354.1063232421875, 183.12351989746094, 5.005105018615723)","(-0.7218937873840332, 1.255920648574829, 6.468601703643799)","(0.0006845557363703847, 190.35728454589844, 0.00014189125795383006)","(-1.1740845441818237, -0.003921568393707275, 6.513968467712402)","(0.0006991064874455333, 178.64385986328125, -3.983336682722438e-08)",-0.663876,-0.015442,"(0.000000, -0.000001, 0.000000)",LeftFalse_RightFalse,False,"(0.7515416145324707, -0.0041091227903962135, 4.00530481338501)","(359.9598693847656, 30.664722442626953, 359.7265319824219)",0.304405,-0.369626,"(1.230457, -0.000013, 2.832606)",LeftTrue_RightFalse
21.449219,0.066479,"(-0.7654770612716675, 1.1857972145080566, 6.401566982269287)","(354.2231140136719, 183.1117706298828, 5.030110836029053)","(-0.7218937873840332, 1.255920648574829, 6.468601703643799)","(0.0006844005547463894, 190.35728454589844, 0.00014199476572684944)","(-1.1740845441818237, -0.003921568393707275, 6.513968467712402)","(0.0006989755784161389, 178.64385986328125, 9.301589187771242e-08)",-0.663893,-0.015442,"(0.000000, -0.000001, 0.000000)",LeftFalse_RightFalse,False,"(0.8343622088432312, -0.004111101850867271, 4.201332092285156)","(359.95855712890625, 29.346887588500977, 359.7325439453125)",0.284929,-0.379752,"(1.176802, -0.000033, 2.879415)",LeftTrue_RightFalse
21.52063,0.067461,"(-0.7654735445976257, 1.185788631439209, 6.401537895202637)","(354.31927490234375, 183.0869903564453, 5.027999401092529)","(-0.7218937873840332, 1.255920648574829, 6.468601703643799)","(0.0006842751172371209, 190.35728454589844, 0.0001420019834768027)","(-1.1740845441818237, -0.003921568393707275, 6.513968467712402)","(0.0006988542154431343, 178.64385986328125, 1.2555545936265844e-07)",-0.660002,-0.015442,"(0.000000, -0.000001, 0.000000)",LeftFalse_RightFalse,False,"(0.9163211584091187, -0.004113548435270786, 4.408045768737793)","(359.9580383300781, 27.982627868652344, 359.7364196777344)",0.306903,-0.377668,"(1.119073, -0.000030, 2.912992)",LeftTrue_RightFalse
21.60437,0.070713,"(-0.7656313180923462, 1.1857857704162598, 6.40065860748291)","(354.4122619628906, 183.0518798828125, 5.00819206237793)","(-0.7218937873840332, 1.255920648574829, 6.468601703643799)","(0.0006842315196990967, 190.35728454589844, 0.0001418672181898728)","(-1.1740845441818237, -0.003921568393707275, 6.513968467712402)","(0.0006987841916270554, 178.64385986328125, 2.432895218618114e-09)",-0.65611,-0.015442,"(0.000000, -0.000001, 0.000000)",LeftFalse_RightFalse,False,"(1.0064780712127686, -0.004115882329642773, 4.654186725616455)","(359.9579162597656, 26.36757469177246, 359.73748779296875)",0.301227,-0.425644,"(1.047126, -0.000028, 2.959762)",LeftTrue_RightFalse
21.678711,0.071446,"(-0.7656540870666504, 1.1850184202194214, 6.400531768798828)","(354.548095703125, 183.0656280517578, 5.008698463439941)","(-0.7218937873840332, 1.2559205293655396, 6.468601703643799)","(0.000684385362546891, 190.35728454589844, 0.0001421190972905606)","(-1.1740845441818237, -0.003921598196029663, 6.513968467712402)","(0.0006989858811721206, 178.64385986328125, 2.1783203862923983e-07)",-0.64831,-0.015442,"(0.000000, -0.000001, 0.000000)",LeftFalse_RightFalse,False,"(1.0786659717559814, -0.004116365686058998, 4.876450538635254)","(359.95977783203125, 24.830415725708008, 359.7191162109375)",0.317019,-0.458873,"(0.926435, 0.000001, 3.007394)",LeftTrue_RightFalse
21.743896,0.070186,"(-0.7656592130661011, 1.18484628200531, 6.400503158569336)","(354.6237487792969, 183.07965087890625, 5.008811950683594)","(-0.7218937873840332, 1.2559205293655396, 6.468601703643799)","(0.0006844796007499099, 190.35728454589844, 0.00014178486890159547)","(-1.1740845441818237, -0.003921598196029663, 6.513968467712402)","(0.0006990102119743824, 178.64385986328125, -1.2853551822900044e-07)",-0.648321,-0.015442,"(0.000000, 0.000000, 0.000000)",LeftFalse_RightFalse,False,"(1.134887456893921, -0.004114947281777859, 5.073745250701904)","(359.96209716796875, 23.37858009338379, 359.6964111328125)",0.328006,-0.487927,"(0.826938, 0.000017, 3.042694)",LeftTrue_RightFalse
21.808472,0.069053,"(-0.7656610608100891, 1.1847867965698242, 6.400493621826172)","(354.6917724609375, 183.09674072265625, 4.992917537689209)","(-0.7218937873840332, 1.2559205293655396, 6.468602180480957)","(0.0006845778552815318, 190.35728454589844, 0.00014146679313853383)","(-1.1740845441818237, -0.003921598196029663, 6.5139689445495605)","(0.0006990419351495802, 178.64385986328125, -4.5996617359378433e-07)",-0.644425,-0.015442,"(0.000000, 0.000000, 0.000000)",LeftFalse_RightFalse,False,"(1.1832879781723022, -0.004112612456083298, 5.271565914154053)","(359.964599609375, 21.830720901489258, 359.67083740234375)",0.323951,-0.505151,"(0.690994, 0.000025, 3.087569)",LeftTrue_RightFalse
21.874146,0.068396,"(-0.7656617164611816, 1.184765338897705, 6.400489807128906)","(354.7327880859375, 183.11083984375, 4.98954963684082)","(-0.7218937873840332, 1.2559205293655396, 6.468601703643799)","(0.0006846484611742198, 190.35728454589844, 0.00014127424219623208)","(-1.1740845441818237, -0.003921598196029663, 6.513968467712402)","(0.0006990719703026116, 178.64385986328125, -6.628392839047592e-07)",-0.640528,-0.015442,"(0.000000, 0.000000, 0.000000)",LeftFalse_RightFalse,False,"(1.2256263494491577, -0.004110428038984537, 5.4754838943481445)","(359.9665222167969, 20.1744384765625, 359.65057373046875)",0.329665,-0.507323,"(0.590951, 0.000020, 3.117286)",LeftTrue_RightFalse
21.937988,0.067485,"(-0.7657798528671265, 1.184758186340332, 6.399842739105225)","(354.7630310058594, 183.1024627685547, 5.010503768920898)","(-0.7218937873840332, 1.2559205293655396, 6.468601703643799)","(0.0006846746546216309, 190.35728454589844, 0.00014125400048214942)","(-1.1740845441818237, -0.003921598196029663, 6.513968467712402)","(0.0006990935071371496, 178.64385986328125, -6.879808438498003e-07)",-0.644442,-0.015442,"(0.000000, 0.000000, 0.000000)",LeftFalse_RightFalse,False,"(1.260240077972412, -0.004108958877623081, 5.675400733947754)","(359.9676208496094, 18.515371322631836, 359.6375732421875)",0.325287,-0.490284,"(0.499690, 0.000013, 3.146155)",LeftTrue_RightFalse
22.004517,0.067277,"(-0.7658243179321289, 1.1847554445266724, 6.399599552154541)","(354.8660888671875, 183.1167755126953, 4.9869818687438965)","(-0.7218937873840332, 1.2559205293655396, 6.468601703643799)","(0.0006846557953394949, 190.35728454589844, 0.0001414008002029732)","(-1.1740845441818237, -0.003921598196029663, 6.513968467712402)","(0.0006991047994233668, 178.64385986328125, -5.403877025855763e-07)",-0.640543,-0.015442,"(0.000000, 0.000000, 0.000000)",LeftFalse_RightFalse,False,"(1.2906134128570557, -0.004109042696654797, 5.885504245758057)","(359.9672546386719, 16.787649154663086, 359.636474609375)",0.31438,-0.474995,"(0.426724, -0.000010, 3.174297)",LeftTrue_RightFalse
22.071167,0.067151,"(-0.7658394575119019, 1.1847546100616455, 6.39951753616333)","(354.90081787109375, 183.1355743408203, 4.971862316131592)","(-0.7218939065933228, 1.2559205293655396, 6.468601703643799)","(0.0006845951429568231, 190.35728454589844, 0.00014165416359901428)","(-1.1740846633911133, -0.003921598196029663, 6.513968467712402)","(0.0006990968249738216, 178.64385986328125, -2.799897629301995e-07)",-0.628831,-0.015442,"(0.000000, 0.000000, 0.000000)",LeftFalse_RightFalse,False,"(1.3159186840057373, -0.004111073911190033, 6.098198890686035)","(359.9659729003906, 15.090714454650879, 359.6444091796875)",0.294046,-0.467023,"(0.333889, -0.000035, 3.207068)",LeftTrue_RightFalse
22.135254,0.066545,"(-0.7658441066741943, 1.184112787246704, 6.399491310119629)","(354.9523620605469, 183.15045166015625, 4.967010498046875)","(-0.7218937873840332, 1.2559205293655396, 6.468601703643799)","(0.0006845203461125493, 190.35728454589844, 0.0001418839965481311)","(-1.1740845441818237, -0.003921598196029663, 6.513968467712402)","(0.0006990702822804451, 178.64385986328125, -3.975683071644198e-08)",-0.597587,-0.015442,"(0.000000, 0.000000, 0.000000)",LeftFalse_RightFalse,False,"(1.3352346420288086, -0.004113803617656231, 6.30434513092041)","(359.96514892578125, 13.483932495117188, 359.6522216796875)",0.307571,-0.454617,"(0.261251, -0.000035, 3.225527)",LeftTrue_RightFalse
22.201294,0.066457,"(-0.7658458948135376, 1.1838754415512085, 6.399481296539307)","(354.9795227050781, 183.14898681640625, 4.973741054534912)","(-0.7218937873840332, 1.2559205293655396, 6.468601703643799)","(0.0006844531162641943, 190.35728454589844, 0.000142037941259332)","(-1.1740845441818237, -0.003921598196029663, 6.513968467712402)","(0.0006990357069298625, 178.64385986328125, 1.246296932322366e-07)",-0.593686,-0.015442,"(0.000000, 0.000000, 0.000000)",LeftFalse_RightFalse,False,"(1.350109577178955, -0.0041164858266711235, 6.518223762512207)","(359.96441650390625, 11.858052253723145, 359.66070556640625)",0.306081,-0.318847,"(0.192070, -0.000035, 3.244922)",LeftTrue_RightFalse
22.264893,0.065879,"(-0.7658464908599854, 1.18379807472229, 6.399478435516357)","(355.038330078125, 183.14854431152344, 4.9931440353393555)","(-0.7218937873840332, 1.2559205293655396, 6.468601703643799)","(0.0006844175513833761, 190.35728454589844, 0.0001420423504896462)","(-1.1740845441818237, -0.003921598196029663, 6.513968467712402)","(0.0006990018300712109, 178.64385986328125, 1.36165596131832e-07)",-0.585879,-0.015442,"(0.000000, 0.000001, 0.000000)",LeftFalse_RightFalse,False,"(1.364497423171997, -0.004121673293411732, 6.725501537322998)","(359.96026611328125, 10.517304420471191, 359.7093200683594)",0.268952,-0.27792,"(0.227301, -0.000074, 3.271653)",LeftTrue_RightFalse
22.328491,0.065416,"(-0.7659734487533569, 1.183769941329956, 6.3987836837768555)","(355.10028076171875, 183.1413116455078, 4.9935503005981445)","(-0.7218937873840332, 1.2559205293655396, 6.468601703643799)","(0.000684422324411571, 190.35728454589844, 0.0001419112377334386)","(-1.1740845441818237, -0.003921598196029663, 6.513968467712402)","(0.0006989798275753856, 178.64385986328125, 6.8288792398618625e-09)",-0.554633,-0.015289,"(0.000000, 0.000001, 0.000000)",LeftFalse_RightFalse,False,"(1.3796629905700684, -0.004128704778850079, 6.934122085571289)","(359.956298828125, 9.41364860534668, 359.76239013671875)",0.257365,-0.235647,"(0.222113, -0.000087, 3.291789)",LeftTrue_RightFalse
22.396118,0.065854,"(-0.7660226821899414, 1.1837589740753174, 6.398514270782471)","(355.269775390625, 183.13755798339844, 4.983621597290039)","(-0.7218937873840332, 1.2559205293655396, 6.468601703643799)","(0.0006844636518508196, 190.35728454589844, 0.00014170524082146585)","(-1.1740845441818237, -0.003921598196029663, 6.513968467712402)","(0.0006989784305915236, 178.64385986328125, -2.0328026550942013e-07)",-0.554637,-0.014496,"(0.000000, 0.000001, 0.000000)",LeftFalse_RightFalse,False,"(1.3949592113494873, -0.0041350508108735085, 7.1569719314575195)","(359.9540100097656, 8.398337364196777, 359.8043212890625)",0.282566,-0.192123,"(0.216983, -0.000069, 3.302478)",LeftTrue_RightFalse
22.460449,0.065557,"(-0.7661618590354919, 1.18375563621521, 6.39775276184082)","(355.437255859375, 183.18939208984375, 4.985076904296875)","(-0.7218937873840332, 1.255920648574829, 6.468601703643799)","(0.0006845067255198956, 190.35728454589844, 0.00014154083328321576)","(-1.1740845441818237, -0.003921568393707275, 6.513968467712402)","(0.0006989873363636434, 178.64385986328125, -3.730072535290674e-07)",-0.535109,-0.013275,"(0.000000, 0.000001, 0.000000)",LeftFalse_RightFalse,False,"(1.4094411134719849, -0.004139808006584644, 7.369992256164551)","(359.9523620605469, 7.587043285369873, 359.8399658203125)",0.278778,-0.159124,"(0.220047, -0.000060, 3.316040)",LeftTrue_RightFalse
22.528442,0.066053,"(-0.7662142515182495, 1.1837544441223145, 6.397465705871582)","(355.4696960449219, 183.28790283203125, 4.973989963531494)","(-0.7218937873840332, 1.255920648574829, 6.468601703643799)","(0.0006845597526989877, 190.35728454589844, 0.00014141769497655332)","(-1.1740845441818237, -0.003921568393707275, 6.513968467712402)","(0.0006990142283029854, 178.64385986328125, -5.043559099249251e-07)",-0.428514,-0.012024,"(0.000000, 0.000001, 0.000000)",LeftFalse_RightFalse,False,"(1.4248617887496948, -0.004143847152590752, 7.596103668212891)","(359.9508972167969, 6.8798065185546875, 359.87200927734375)",0.269088,-0.129049,"(0.217654, -0.000047, 3.331709)",LeftTrue_RightFalse
22.598999,0.066943,"(-0.7663766145706177, 1.1837539672851562, 6.39657735824585)","(355.5329284667969, 183.59991455078125, 4.852667331695557)","(-0.7218937873840332, 1.255920648574829, 6.468601703643799)","(0.0006846198812127113, 190.35728454589844, 0.00014136986283119768)","(-1.1740845441818237, -0.003921568393707275, 6.513968467712402)","(0.0006990634719841182, 178.64385986328125, -5.634041144730872e-07)",-0.226155,-0.010712,"(0.000000, 0.000000, 0.000000)",LeftFalse_RightFalse,False,"(1.4405049085617065, -0.004147193394601345, 7.831292152404785)","(359.9500427246094, 6.266502380371094, 359.89630126953125)",0.283447,-0.105148,"(0.218481, -0.000038, 3.340758)",LeftTrue_RightFalse
22.665039,0.066768,"(-0.7674528956413269, 1.1837537288665771, 6.394972324371338)","(355.6161193847656, 184.2980194091797, 4.582029819488525)","(-0.7218937873840332, 1.255920648574829, 6.468601703643799)","(0.0006846748874522746, 190.35728454589844, 0.00014139268023427576)","(-1.1740845441818237, -0.003921568393707275, 6.513968467712402)","(0.0006991219124756753, 178.64385986328125, -5.522102242139226e-07)",-0.095207,-0.008392,"(0.000000, 0.000000, 0.000000)",LeftFalse_RightFalse,False,"(1.45526123046875, -0.004149605054408312, 8.052416801452637)","(359.9494323730469, 5.798149108886719, 359.9162292480469)",0.283451,-0.086352,"(0.220806, -0.000031, 3.351514)",LeftTrue_RightFalse
22.733643,0.067136,"(-0.7696838974952698, 1.1837537288665771, 6.393942356109619)","(355.57720947265625, 185.187255859375, 4.291816234588623)","(-0.7218937873840332, 1.255920648574829, 6.468601703643799)","(0.0006847259937785566, 190.35728454589844, 0.00014146284956950694)","(-1.1740845441818237, -0.003921568393707275, 6.513968467712402)","(0.0006991862319409847, 178.64385986328125, -4.938785309605009e-07)",2.1e-05,-0.003082,"(0.000000, 0.000000, 0.000000)",LeftFalse_RightFalse,False,"(1.470667839050293, -0.0041516926139593124, 8.282876968383789)","(359.9488525390625, 5.404733657836914, 359.9330139160156)",0.275543,-0.07473,"(0.220002, -0.000028, 3.365404)",LeftTrue_RightFalse
22.799927,0.066951,"(-0.7711615562438965, 1.1837539672851562, 6.392945289611816)","(355.4768371582031, 186.20924377441406, 3.9762113094329834)","(-0.721892774105072, 1.255920648574829, 6.4685821533203125)","(0.0005706354859285057, 190.3567657470703, 0.00011664621706586331)","(-1.1740838289260864, -0.003921670839190483, 6.513942241668701)","(0.0005824333056807518, 178.6433563232422, -1.6314389768012916e-06)",1.9e-05,0.005188,"(0.000022, 0.000000, -0.000832)",LeftFalse_RightFalse,False,"(1.4852350950241089, -0.004153431858867407, 8.50599193572998)","(359.94854736328125, 5.081367492675781, 359.9434509277344)",0.285759,-0.069163,"(0.216732, -0.000023, 3.374160)",LeftFalse_RightFalse
22.869141,0.067422,"(-0.7718498110771179, 1.1837538480758667, 6.391655445098877)","(355.3027648925781, 187.09494018554688, 3.8144378662109375)","(-0.7218923568725586, 1.2559205293655396, 6.468538284301758)","(0.0005499249091371894, 190.3573760986328, 0.0001154353012680076)","(-1.1740829944610596, -0.003921763971447945, 6.51390266418457)","(0.0005619081202894449, 178.64395141601562, 1.3874768001187476e-06)",1.7e-05,0.015015,"(-0.000018, -0.000001, 0.000916)",LeftFalse_RightFalse,False,"(1.5000433921813965, -0.004154701717197895, 8.740302085876465)","(359.9483337402344, 4.785367012023926, 359.9501037597656)",0.279857,-0.061583,"(0.207276, -0.000018, 3.387972)",LeftFalse_RightFalse
22.939575,0.068005,"(-0.7729194164276123, 1.1837533712387085, 6.390653610229492)","(354.83294677734375, 188.25991821289062, 3.9519894123077393)","(-0.7218928337097168, 1.25592041015625, 6.468559741973877)","(0.0007411587866954505, 190.35743713378906, 0.00015349488239735365)","(-1.1740834712982178, -0.003921717405319214, 6.5139288902282715)","(0.0007568863220512867, 178.64402770996094, -1.6920833445510652e-07)",1.5e-05,0.023132,"(-0.000015, -0.000001, 0.001035)",LeftFalse_RightFalse,False,"(1.5144782066345215, -0.004155986942350864, 8.978912353515625)","(359.94818115234375, 4.514529705047607, 359.95416259765625)",0.288896,-0.050702,"(0.201533, -0.000016, 3.397129)",LeftFalse_RightFalse
23.005249,0.067553,"(-0.7733478546142578, 1.1844234466552734, 6.389666557312012)","(354.29534912109375, 189.00961303710938, 3.981555461883545)","(-0.7218928337097168, 1.25592041015625, 6.468583583831787)","(0.0008122231811285019, 190.3568572998047, 0.00016189133748412132)","(-1.1740838289260864, -0.003921628464013338, 6.513949871063232)","(0.000828175398055464, 178.6434326171875, -6.374853001034353e-06)",1.4e-05,0.027527,"(0.000001, 0.000001, 0.000443)",LeftFalse_RightFalse,False,"(1.5277371406555176, -0.004157093819230795, 9.202674865722656)","(359.94793701171875, 4.2950263023376465, 359.9591064453125)",0.288582,-0.044334,"(0.200029, -0.000017, 3.407492)",LeftFalse_RightFalse
23.072021,0.067384,"(-0.7741614580154419, 1.1846567392349243, 6.389433860778809)","(353.76788330078125, 189.3161163330078, 3.895124912261963)","(-0.7218911647796631, 1.255920648574829, 6.4685821533203125)","(0.0006769938627257943, 190.35472106933594, 0.00014616732369177043)","(-1.174084186553955, -0.003921558149158955, 6.513928413391113)","(0.0006925702327862382, 178.6413116455078, 5.682368282577954e-06)",1.2e-05,0.029297,"(0.000001, 0.000000, -0.001169)",LeftFalse_RightFalse,False,"(1.541028380393982, -0.004158475436270237, 9.430472373962402)","(359.9476318359375, 4.104764938354492, 359.964111328125)",0.279838,-0.04389,"(0.196057, -0.000021, 3.421189)",LeftFalse_RightFalse
23.134644,0.066442,"(-0.7750006914138794, 1.1847292184829712, 6.390142917633057)","(353.51007080078125, 189.2858428955078, 3.8333139419555664)","(-0.7218906879425049, 1.25592041015625, 6.46860933303833)","(0.0007920971256680787, 190.3534698486328, 0.00015677983174100518)","(-1.1740844249725342, -0.003921671770513058, 6.513948440551758)","(0.0008074309444054961, 178.64004516601562, -7.294013357750373e-06)",1.1e-05,0.029327,"(-0.000005, -0.000002, 0.001684)",LeftFalse_RightFalse,False,"(1.5531444549560547, -0.004159765318036079, 9.645160675048828)","(359.9474792480469, 3.9407143592834473, 359.9665222167969)",0.288361,-0.043137,"(0.189421, -0.000017, 3.429901)",LeftFalse_RightFalse
23.201172,0.066454,"(-0.7758206129074097, 1.1847580671310425, 6.392043113708496)","(353.43035888671875, 189.16156005859375, 3.7259955406188965)","(-0.7218914031982422, 1.255920648574829, 6.468653202056885)","(0.0008944363798946142, 190.35406494140625, 0.00016866035002749413)","(-1.1740844249725342, -0.003921502735465765, 6.513998985290527)","(0.0009100508177652955, 178.64065551757812, -1.643745054025203e-05)",1e-05,0.029327,"(-0.000004, 0.000001, 0.000881)",LeftFalse_RightFalse,False,"(1.5654932260513306, -0.0041607520543038845, 9.8735990524292)","(359.9473876953125, 3.7738280296325684, 359.9674072265625)",0.291089,-0.04475,"(0.182245, -0.000016, 3.439913)",LeftFalse_RightFalse
23.266602,0.066243,"(-0.7767428159713745, 1.184767723083496, 6.39365291595459)","(353.4234924316406, 189.06143188476562, 3.581678628921509)","(-0.7218918204307556, 1.255920648574829, 6.468692779541016)","(0.0008917872328311205, 190.35426330566406, 0.00016918210894800723)","(-1.1740847826004028, -0.003921534866094589, 6.514039993286133)","(0.000907562964130193, 178.64083862304688, -1.5388781321235e-05)",9e-06,0.029327,"(-0.000001, 0.000001, 0.001427)",LeftFalse_RightFalse,False,"(1.5770268440246582, -0.004162002820521593, 10.099002838134766)","(359.94720458984375, 3.6103355884552, 359.9667663574219)",0.28097,-0.045314,"(0.170216, -0.000019, 3.453913)",LeftFalse_RightFalse
23.331909,0.066054,"(-0.7775901556015015, 1.1847714185714722, 6.395108699798584)","(353.201416015625, 188.83953857421875, 3.3333842754364014)","(-0.7218918800354004, 1.2559207677841187, 6.468686580657959)","(0.0006803014548495412, 190.35455322265625, 0.0001446834357921034)","(-1.1740849018096924, -0.003921407740563154, 6.514031410217285)","(0.0006955074495635927, 178.64111328125, 3.557894842742826e-06)",8e-06,0.029327,"(-0.000004, -0.000003, -0.000482)",LeftFalse_RightFalse,False,"(1.5878881216049194, -0.004163241945207119, 10.324769020080566)","(359.94708251953125, 3.445167303085327, 359.9656677246094)",0.290602,-0.050442,"(0.160985, -0.000017, 3.462521)",LeftFalse_RightFalse
23.396484,0.065765,"(-0.7785072326660156, 1.1847723722457886, 6.396500587463379)","(353.2662658691406, 188.47679138183594, 3.094033718109131)","(-0.7218930125236511, 1.2559205293655396, 6.46869421005249)","(0.0006670994916930795, 190.35540771484375, 0.00014157360419631004)","(-1.1740853786468506, -0.0039216745644807816, 6.514045715332031)","(0.0006819493137300014, 178.64198303222656, 3.1930021577863954e-06)",7e-06,0.029327,"(-0.000005, -0.000004, 0.000626)",LeftFalse_RightFalse,False,"(1.5978577136993408, -0.004164264537394047, 10.548797607421875)","(359.94708251953125, 3.2739553451538086, 359.9632568359375)",0.291763,-0.052253,"(0.148076, -0.000016, 3.472653)",LeftFalse_RightFalse
23.459229,0.065169,"(-0.7793514728546143, 1.1840548515319824, 6.3977556228637695)","(353.5434875488281, 188.05133056640625, 2.898301601409912)","(-0.7218925952911377, 1.2559205293655396, 6.468728065490723)","(0.0007130703306756914, 190.3547821044922, 0.0001445549278287217)","(-1.1740853786468506, -0.00392159353941679, 6.514075756072998)","(0.0007275678217411041, 178.641357421875, -3.220540293114027e-06)",7e-06,0.029327,"(-0.000001, 0.000001, -0.000391)",LeftFalse_RightFalse,False,"(1.6067098379135132, -0.004165232181549072, 10.767169952392578)","(359.9469299316406, 3.096630096435547, 359.96044921875)",0.290382,-0.054289,"(0.135766, -0.000019, 3.482954)",LeftFalse_RightFalse
23.525635,0.065419,"(-0.7796844840049744, 1.1829477548599243, 6.3982367515563965)","(354.13128662109375, 186.86404418945312, 2.7016117572784424)","(-0.7218929529190063, 1.25592041015625, 6.468728542327881)","(0.0006958907470107079, 190.35459899902344, 0.00014155020471662283)","(-1.1740857362747192, -0.003921746276319027, 6.514074325561523)","(0.0007101359078660607, 178.64117431640625, -2.674960342119448e-06)",6e-06,0.029327,"(-0.000001, 0.000000, 0.001351)",LeftFalse_RightFalse,False,"(1.6151909828186035, -0.0041664885357022285, 10.998910903930664)","(359.94677734375, 2.89939546585083, 359.9576721191406)",0.283929,-0.056435,"(0.119215, -0.000018, 3.496174)",LeftFalse_RightFalse
23.588013,0.064812,"(-0.7782869338989258, 1.18259859085083, 6.398134708404541)","(354.485595703125, 184.21942138671875, 2.5114054679870605)","(-0.7218936681747437, 1.25592041015625, 6.468748569488525)","(0.0007423318456858397, 190.35548400878906, 0.00014626285701524466)","(-1.1740856170654297, -0.003921786788851023, 6.514102458953857)","(0.0007565667619928718, 178.64207458496094, -7.488771188945975e-06)",5e-06,0.029327,"(-0.000002, 0.000001, -0.000214)",LeftFalse_RightFalse,False,"(1.6223104000091553, -0.004167511127889156, 11.217218399047852)","(359.94671630859375, 2.7067739963531494, 359.95550537109375)",0.291285,-0.064549,"(0.106149, -0.000018, 3.504795)",LeftFalse_RightFalse
23.650513,0.064333,"(-0.7742365598678589, 1.1824675798416138, 6.398074150085449)","(354.6561584472656, 180.20425415039062, 2.5017635822296143)","(-0.7218925952911377, 1.2559205293655396, 6.468740463256836)","(0.0005791230942122638, 190.35418701171875, 0.0001298590941587463)","(-1.1740858554840088, -0.003921650815755129, 6.51408052444458)","(0.0005934265209361911, 178.64077758789062, 9.58316377364099e-06)",5e-06,0.029327,"(-0.000007, -0.000002, 0.000851)",LeftFalse_RightFalse,False,"(1.628426194190979, -0.004168466664850712, 11.436214447021484)","(359.9467468261719, 2.500206470489502, 359.95196533203125)",0.292253,-0.073623,"(0.087771, -0.000015, 3.514447)",LeftFalse_RightFalse
23.716064,0.064581,"(-0.7707089185714722, 1.1824151277542114, 6.397793292999268)","(354.6550598144531, 176.1219024658203, 2.7322802543640137)","(-0.721893310546875, 1.25592041015625, 6.468832492828369)","(0.0009250720031559467, 190.3541717529297, 0.00016897183377295732)","(-1.174086093902588, -0.0039216140285134315, 6.514179706573486)","(0.0009401115239597857, 178.64076232910156, -2.2351987354340963e-05)",4e-06,0.029327,"(0.000003, 0.000001, 0.001564)",LeftFalse_RightFalse,False,"(1.633432149887085, -0.004169503692537546, 11.666967391967773)","(359.9467468261719, 2.2557618618011475, 359.9458923339844)",0.293544,-0.078073,"(0.065701, -0.000018, 3.524077)",LeftFalse_RightFalse
23.778931,0.064252,"(-0.7662630677223206, 1.1823985576629639, 6.397760391235352)","(354.63824462890625, 171.973388671875, 3.131441116333008)","(-0.7218912839889526, 1.255920648574829, 6.46884822845459)","(0.0006873611710034311, 190.352294921875, 0.0001433219003956765)","(-1.1740859746932983, -0.003921547904610634, 6.5141754150390625)","(0.000702143763191998, 178.6388702392578, 7.914865136626759e-07)",4e-06,0.029327,"(0.000002, 0.000001, -0.002172)",LeftFalse_RightFalse,False,"(1.636799931526184, -0.004170650150626898, 11.88908576965332)","(359.9466552734375, 1.994857907295227, 359.9398193359375)",0.293111,-0.080093,"(0.044695, -0.000015, 3.533779)",LeftFalse_RightFalse
23.842285,0.064062,"(-0.7620004415512085, 1.1823921203613281, 6.397243022918701)","(354.65728759765625, 167.62977600097656, 3.580195188522339)","(-0.721892237663269, 1.2559205293655396, 6.46882438659668)","(0.0005641522002406418, 190.35324096679688, 0.00012916806736029685)","(-1.174086332321167, -0.003921587020158768, 6.514156341552734)","(0.0005786271067336202, 178.63983154296875, 1.1945869118790142e-05)",4e-06,0.029327,"(-0.000007, -0.000002, 0.000292)",LeftFalse_RightFalse,False,"(1.6388654708862305, -0.00417163223028183, 12.113136291503906)","(359.946533203125, 1.7150267362594604, 359.9351501464844)",0.293521,-0.07017,"(0.025146, -0.000017, 3.543301)",LeftFalse_RightFalse
23.908813,0.064551,"(-0.7570706605911255, 1.182389736175537, 6.397103309631348)","(354.6941833496094, 164.38723754882812, 3.8398184776306152)","(-0.7218934297561646, 1.2559205293655396, 6.468781471252441)","(0.00045387199497781694, 190.35467529296875, 0.00011395543697290123)","(-1.1740866899490356, -0.003921777009963989, 6.514122486114502)","(0.00046755518997088075, 178.64125061035156, 1.9438748495304026e-05)",0.006352,0.029327,"(-0.000001, -0.000001, -0.002139)",LeftFalse_RightFalse,False,"(1.6401033401489258, -0.004172912333160639, 12.349221229553223)","(359.94635009765625, 1.4278591871261597, 359.93560791015625)",0.285478,-0.055987,"(0.010569, -0.000019, 3.556279)",LeftFalse_RightFalse
23.975342,0.064955,"(-0.7536366581916809, 1.1823885440826416, 6.396737098693848)","(354.672119140625, 161.89260864257812, 3.8556694984436035)","(-0.7218940854072571, 1.25592041015625, 6.468773365020752)","(0.000613013282418251, 190.35482788085938, 0.0001269461354240775)","(-1.1740868091583252, -0.0039218515157699585, 6.5141191482543945)","(0.0006260196678340435, 178.64141845703125, -1.494080947850307e-07)",0.020002,0.029327,"(0.000003, 0.000001, 0.000654)",LeftFalse_RightFalse,False,"(1.6407854557037354, -0.004174217581748962, 12.586215019226074)","(359.94622802734375, 1.1666345596313477, 359.9407043457031)",0.293651,-0.047924,"(0.007374, -0.000017, 3.564629)",LeftFalse_RightFalse
24.039551,0.064815,"(-0.7516312599182129, 1.1817079782485962, 6.396361351013184)","(354.828369140625, 160.1356964111328, 3.721658706665039)","(-0.721890926361084, 1.255920648574829, 6.468677997589111)","(0.0003797739336732775, 190.35247802734375, 8.486930164508522e-05)","(-1.1740853786468506, -0.003921905066817999, 6.513999938964844)","(0.00038909510476514697, 178.63906860351562, 6.001481324346969e-06)",0.034271,0.029327,"(0.000037, -0.000004, -0.002774)",LeftFalse_RightFalse,False,"(1.6412335634231567, -0.004175359383225441, 12.815584182739258)","(359.94610595703125, 0.9509533643722534, 359.94818115234375)",0.293331,-0.041541,"(0.004269, -0.000019, 3.574168)",LeftFalse_RightFalse
24.106812,0.065296,"(-0.7487409114837646, 1.181454062461853, 6.394672870635986)","(355.0915832519531, 159.00852966308594, 3.6740596294403076)","(-0.7218848466873169, 1.25592041015625, 6.4682817459106445)","(-0.0004458830808289349, 190.35142517089844, -5.246680666459724e-05)","(-1.174080491065979, -0.003922635223716497, 6.513576984405518)","(-0.00044724930194206536, 178.6380157470703, 3.9147500501712784e-05)",0.056239,0.029327,"(0.000116, -0.000016, -0.010297)",LeftFalse_RightFalse,False,"(1.6414601802825928, -0.004176610615104437, 13.05623722076416)","(359.9459228515625, 0.7580503225326538, 359.9557189941406)",0.285295,-0.031113,"(-0.001036, -0.000017, 3.586673)",LeftFalse_RightFalse
24.173828,0.065626,"(-0.7460605502128601, 1.1806384325027466, 6.393012523651123)","(355.3238830566406, 157.6405029296875, 3.939317226409912)","(-0.7218749523162842, 1.2559199333190918, 6.467360496520996)","(-0.0018864088924601674, 190.35255432128906, -0.00028751546051353216)","(-1.1740703582763672, -0.00392397353425622, 6.512632369995117)","(-0.0019054958829656243, 178.63912963867188, 0.00010144449333893135)",0.083947,0.029327,"(0.000208, -0.000026, -0.019943)",LeftFalse_RightFalse,False,"(1.6414761543273926, -0.004177842289209366, 13.296573638916016)","(359.94586181640625, 0.5956323742866516, 359.9627990722656)",0.293946,-0.022889,"(-0.000780, -0.000017, 3.594526)",LeftFalse_RightFalse
24.237061,0.065157,"(-0.7422477006912231, 1.1803851127624512, 6.390071392059326)","(355.2825927734375, 155.27963256835938, 4.161611557006836)","(-0.7218570709228516, 1.255919337272644, 6.465841770172119)","(-0.0036890858318656683, 190.35203552246094, -0.0005988391931168735)","(-1.1740531921386719, -0.003925877157598734, 6.511069297790527)","(-0.0037338356487452984, 178.63861083984375, 0.00016257743118330836)",0.112851,0.029327,"(0.000349, -0.000037, -0.030395)",LeftFalse_RightFalse,False,"(1.6415612697601318, -0.004178851842880249, 13.524335861206055)","(359.94580078125, 0.47505107522010803, 359.97021484375)",0.293324,-0.018693,"(0.000978, -0.000016, 3.603693)",LeftFalse_RightFalse
24.30188,0.065086,"(-0.7407923936843872, 1.1802911758422852, 6.387035369873047)","(355.49371337890625, 153.79226684570312, 4.1583476066589355)","(-0.7218275666236877, 1.2559181451797485, 6.463343143463135)","(359.9938659667969, 190.3526153564453, -0.0010262083960697055)","(-1.1740237474441528, -0.00392888393253088, 6.508520603179932)","(359.9937744140625, 178.6392059326172, 0.0002414652844890952)",0.144817,0.028564,"(0.000544, -0.000052, -0.047160)",LeftFalse_RightFalse,False,"(1.641699194908142, -0.004179887939244509, 13.758193969726562)","(359.9456787109375, 0.37899044156074524, 359.97674560546875)",0.293294,-0.017056,"(0.001327, -0.000019, 3.612716)",LeftFalse_RightFalse
24.366211,0.06493,"(-0.7407312393188477, 1.1795868873596191, 6.3806471824646)","(356.14935302734375, 154.33404541015625, 3.821049451828003)","(-0.7217841744422913, 1.255916714668274, 6.459591865539551)","(359.9907531738281, 190.3554229736328, -0.00157258752733469)","(-1.1739786863327026, -0.003932771272957325, 6.5047221183776855)","(359.9906005859375, 178.64199829101562, 0.00034022631007246673)",0.177952,0.026947,"(0.000878, -0.000071, -0.072893)",LeftFalse_RightFalse,False,"(1.6417628526687622, -0.004181155934929848, 13.99088191986084)","(359.945556640625, 0.3008193373680115, 359.98114013671875)",0.285441,-0.016201,"(-0.001029, -0.000017, 3.624545)",LeftFalse_RightFalse
24.433228,0.065363,"(-0.741744339466095, 1.1793266534805298, 6.3725080490112305)","(356.47064208984375, 155.73684692382812, 3.589829206466675)","(-0.7217154502868652, 1.2559144496917725, 6.454080104827881)","(359.98724365234375, 190.35659790039062, -0.00222408096306026)","(-1.1739087104797363, -0.003937794826924801, 6.499141216278076)","(359.987060546875, 178.64317321777344, 0.0004123049438931048)",0.207773,0.02533,"(0.001254, -0.000079, -0.097373)",LeftFalse_RightFalse,False,"(1.6416406631469727, -0.0041822888888418674, 14.234271049499512)","(359.9455261230469, 0.2285768687725067, 359.9836730957031)",0.29488,-0.014132,"(-0.003647, -0.000015, 3.631913)",LeftFalse_RightFalse
24.497681,0.065169,"(-0.7437469959259033, 1.1785955429077148, 6.363918304443359)","(356.5428466796875, 157.52517700195312, 3.261808156967163)","(-0.7216227650642395, 1.2559125423431396, 6.446849822998047)","(359.9831237792969, 190.36065673828125, -0.002984131220728159)","(-1.173812747001648, -0.003943042829632759, 6.491850852966309)","(359.9828796386719, 178.64723205566406, 0.0005050547770224512)",0.235009,0.024261,"(0.001699, -0.000089, -0.127289)",LeftFalse_RightFalse,False,"(1.6413674354553223, -0.004183307755738497, 14.468422889709473)","(359.945556640625, 0.16620810329914093, 359.9854431152344)",0.294565,-0.013656,"(-0.005385, -0.000014, 3.640781)",LeftFalse_RightFalse
24.561768,0.06495,"(-0.7455025315284729, 1.1783397197723389, 6.353200912475586)","(356.676513671875, 159.3759307861328, 2.953718423843384)","(-0.7214987874031067, 1.2559101581573486, 6.437487602233887)","(359.9786376953125, 190.36524963378906, -0.0038097340147942305)","(-1.1736849546432495, -0.003949078731238842, 6.482425212860107)","(359.97833251953125, 178.65184020996094, 0.0006038309657014906)",0.261507,0.023712,"(0.002206, -0.000101, -0.160988)",LeftFalse_RightFalse,False,"(1.6409471035003662, -0.004184240009635687, 14.702024459838867)","(359.9454345703125, 0.10961506515741348, 359.9866638183594)",0.293665,-0.013761,"(-0.007756, -0.000016, 3.649607)",LeftFalse_RightFalse
24.628052,0.065227,"(-0.7491576671600342, 1.1774314641952515, 6.339486122131348)","(357.27288818359375, 162.02133178710938, 2.771301031112671)","(-0.7213332653045654, 1.2559071779251099, 6.4253249168396)","(359.9742431640625, 190.3703155517578, -0.004642464220523834)","(-1.1735148429870605, -0.003955869469791651, 6.470203399658203)","(359.97381591796875, 178.65687561035156, 0.0006856663385406137)",0.289261,0.023712,"(0.002910, -0.000101, -0.207183)",LeftFalse_RightFalse,False,"(1.6403075456619263, -0.004185452125966549, 14.944499969482422)","(359.9453125, 0.0535258986055851, 359.9872741699219)",0.287291,-0.016541,"(-0.011746, -0.000018, 3.661005)",LeftFalse_RightFalse
24.693359,0.065246,"(-0.7542346715927124, 1.1763134002685547, 6.323344707489014)","(357.92877197265625, 166.13328552246094, 2.5809569358825684)","(-0.7211321592330933, 1.2559038400650024, 6.410649299621582)","(359.9700927734375, 190.3762969970703, -0.005405050236731768)","(-1.173309087753296, -0.003962402231991291, 6.455482006072998)","(359.9696044921875, 178.66287231445312, 0.000781701528467238)",0.317755,0.023712,"(0.003465, -0.000101, -0.248235)",LeftFalse_RightFalse,False,"(1.6393818855285645, -0.004186540376394987, 15.183839797973633)","(359.9452819824219, -0.003924144431948662, 359.9867858886719)",0.294941,-0.01891,"(-0.017024, -0.000015, 3.668289)",LeftFalse_RightFalse
24.756714,0.064853,"(-0.7599794864654541, 1.1759411096572876, 6.304204940795898)","(358.2833251953125, 170.4638214111328, 2.3772261142730713)","(-0.7208995819091797, 1.2559006214141846, 6.393592357635498)","(359.96588134765625, 190.38320922851562, 359.99383544921875)","(-1.1730716228485107, -0.00396872591227293, 6.438385963439941)","(359.96533203125, 178.66978454589844, 0.0009036994888447225)",0.3434,0.023712,"(0.004051, -0.000099, -0.291857)",LeftFalse_RightFalse,False,"(1.638081669807434, -0.004187398124486208, 15.416248321533203)","(359.9453125, 359.9331970214844, 359.9853820800781)",0.29473,-0.034173,"(-0.023358, -0.000014, 3.676751)",LeftFalse_RightFalse
24.821899,0.064937,"(-0.7650057077407837, 1.1758029460906982, 6.282149314880371)","(358.3909912109375, 173.6225128173828, 2.163785696029663)","(-0.7206187844276428, 1.2558974027633667, 6.3728203773498535)","(359.96148681640625, 190.3916015625, 359.9930725097656)","(-1.1727849245071411, -0.003975234925746918, 6.417582035064697)","(359.96087646484375, 178.67819213867188, 0.0010414129355922341)",0.366871,0.023712,"(0.004670, -0.000102, -0.339066)",LeftFalse_RightFalse,False,"(1.6358531713485718, -0.004188460297882557, 15.656529426574707)","(359.94525146484375, 359.8408508300781, 359.9794921875)",0.295374,-0.049359,"(-0.040329, -0.000017, 3.684826)",LeftFalse_RightFalse
24.889526,0.065458,"(-0.7691370248794556, 1.1749767065048218, 6.255244731903076)","(358.3251953125, 176.9014434814453, 1.986000895500183)","(-0.7202817797660828, 1.2558939456939697, 6.347623825073242)","(359.9569091796875, 190.40176391601562, 359.9922790527344)","(-1.1724408864974976, -0.003981932997703552, 6.392363548278809)","(359.95623779296875, 178.6883544921875, 0.00119076669216156)",0.391901,0.023712,"(0.005525, -0.000099, -0.406083)",LeftFalse_RightFalse,False,"(1.6319670677185059, -0.004189474508166313, 15.905765533447266)","(359.94525146484375, 359.6915588378906, 359.968505859375)",0.290035,-0.032044,"(-0.068741, -0.000015, 3.695144)",LeftFalse_RightFalse
24.955688,0.0656,"(-0.7721343040466309, 1.1747161149978638, 6.226551055908203)","(358.2784118652344, 179.7183380126953, 1.8609246015548706)","(-0.7199045419692993, 1.2558906078338623, 6.319112777709961)","(359.95263671875, 190.41323852539062, 359.9915466308594)","(-1.1720558404922485, -0.003988394979387522, 6.363847732543945)","(359.951904296875, 178.69979858398438, 0.0013385487254709005)",0.419116,0.023712,"(0.006178, -0.000097, -0.459629)",LeftFalse_RightFalse,False,"(1.6274243593215942, -0.004190403036773205, 16.15048599243164)","(359.9452209472656, 359.5337219238281, 359.9654235839844)",0.295794,-0.025544,"(-0.069100, -0.000016, 3.702736)",LeftFalse_RightFalse
25.022095,0.065768,"(-0.7770802974700928, 1.1746301651000977, 6.193650722503662)","(358.25396728515625, 183.07350158691406, 1.772638201713562)","(-0.7194786667823792, 1.2558870315551758, 6.28643798828125)","(359.9483642578125, 190.4263458251953, 359.9908142089844)","(-1.1716212034225464, -0.003994875121861696, 6.331181049346924)","(359.94757080078125, 178.71290588378906, 0.001500199898146093)",0.445562,0.023712,"(0.006850, -0.000098, -0.516862)",LeftFalse_RightFalse,False,"(1.6228728294372559, -0.004191483370959759, 16.396814346313477)","(359.9451599121094, 359.4021301269531, 359.9689636230469)",0.296212,-0.031308,"(-0.069394, -0.000015, 3.711190)",LeftFalse_RightFalse
25.087646,0.065731,"(-0.7826027870178223, 1.1746033430099487, 6.157795429229736)","(358.16290283203125, 187.56385803222656, 1.650349497795105)","(-0.7190104722976685, 1.2558833360671997, 6.249877452850342)","(359.94403076171875, 190.4409942626953, 359.9901123046875)","(-1.1711431741714478, -0.004001315217465162, 6.294639587402344)","(359.94317626953125, 178.72756958007812, 0.0016739553539082408)",0.469364,0.023712,"(0.007754, -0.000099, -0.597871)",LeftFalse_RightFalse,False,"(1.6179455518722534, -0.004192545544356108, 16.64055061340332)","(359.94500732421875, 359.2799987792969, 359.970458984375)",0.287948,-0.033477,"(-0.080905, -0.000017, 3.722128)",LeftFalse_RightFalse
25.152466,0.065536,"(-0.7864810228347778, 1.1745954751968384, 6.117968559265137)","(358.0637512207031, 190.6775360107422, 1.5697834491729736)","(-0.7185014486312866, 1.255879521369934, 6.209371089935303)","(359.9398498535156, 190.4571990966797, 359.9894104003906)","(-1.1706234216690063, -0.004007784649729729, 6.2541680335998535)","(359.93896484375, 178.74378967285156, 0.001851612818427384)",0.490785,0.023712,"(0.008421, -0.000101, -0.661750)",LeftFalse_RightFalse,False,"(1.6124383211135864, -0.004193563014268875, 16.881771087646484)","(359.9449768066406, 359.1552734375, 359.97003173828125)",0.295671,-0.031306,"(-0.090421, -0.000016, 3.728709)",LeftFalse_RightFalse
25.217163,0.065388,"(-0.7890738248825073, 1.1745940446853638, 6.073434829711914)","(357.85089111328125, 193.92916870117188, 1.4462803602218628)","(-0.7179477214813232, 1.2558754682540894, 6.16429328918457)","(359.93572998046875, 190.47523498535156, 359.98876953125)","(-1.1700576543807983, -0.0040142722427845, 6.209140777587891)","(359.9347839355469, 178.76181030273438, 0.0020427503623068333)",0.510064,0.023712,"(0.009072, -0.000102, -0.728481)",LeftFalse_RightFalse,False,"(1.6063613891601562, -0.004194579552859068, 17.123611450195312)","(359.94500732421875, 359.0285949707031, 359.9697570800781)",0.296277,-0.027242,"(-0.097324, -0.000012, 3.736589)",LeftFalse_RightFalse
25.282715,0.065411,"(-0.7904016375541687, 1.1745948791503906, 6.023387908935547)","(357.70086669921875, 196.1355438232422, 1.3738166093826294)","(-0.7173437476158142, 1.255871057510376, 6.113893032073975)","(359.9316101074219, 190.49537658691406, 359.9881286621094)","(-1.1694406270980835, -0.004020983353257179, 6.158807754516602)","(359.9306335449219, 178.7819366455078, 0.002250835532322526)",0.527416,0.023102,"(0.009698, -0.000102, -0.797747)",LeftFalse_RightFalse,False,"(1.5998461246490479, -0.0041954973712563515, 17.36868667602539)","(359.9449157714844, 358.9078369140625, 359.9710693359375)",0.295691,-0.02041,"(-0.101592, -0.000015, 3.744690)",LeftFalse_RightFalse
25.348999,0.065594,"(-0.7912418842315674, 1.1745966672897339, 5.967446804046631)","(357.70599365234375, 197.6030731201172, 1.2923798561096191)","(-0.7166813611984253, 1.2558671236038208, 6.057662487030029)","(359.9275817871094, 190.5174102783203, 359.9874267578125)","(-1.16876220703125, -0.00402770796790719, 6.102661609649658)","(359.9265441894531, 178.80397033691406, 0.002397640608251095)",0.543032,0.021881,"(0.010666, -0.000103, -0.893014)",LeftFalse_RightFalse,False,"(1.5931214094161987, -0.004196554888039827, 17.61741065979004)","(359.94476318359375, 358.8039245605469, 359.9747009277344)",0.288956,-0.0206,"(-0.103250, -0.000018, 3.755364)",LeftFalse_RightFalse
25.416992,0.066058,"(-0.7919872403144836, 1.1745984554290771, 5.904649257659912)","(357.96844482421875, 198.5881805419922, 1.0780361890792847)","(-0.7159433364868164, 1.2558634281158447, 5.994572639465332)","(359.9237976074219, 190.54124450683594, 359.9866943359375)","(-1.1680049896240234, -0.004034606274217367, 6.039674282073975)","(359.92266845703125, 178.8278045654297, 0.00245519052259624)",0.557477,0.020599,"(0.011608, -0.000100, -0.966374)",LeftFalse_RightFalse,False,"(1.5859957933425903, -0.004197694361209869, 17.87265396118164)","(359.9447326660156, 358.7101745605469, 359.9774475097656)",0.297015,-0.026929,"(-0.107510, -0.000016, 3.761950)",LeftFalse_RightFalse
25.485107,0.06648,"(-0.7916765809059143, 1.1738598346710205, 5.8357625007629395)","(358.32183837890625, 198.8346405029297, 0.9050416946411133)","(-0.7151286602020264, 1.2558605670928955, 5.925573348999023)","(359.92022705078125, 190.56576538085938, 359.9859313964844)","(-1.167168378829956, -0.004041347187012434, 5.97078800201416)","(359.91900634765625, 178.85232543945312, 0.0024111480452120304)",0.572431,0.019379,"(0.012635, -0.000100, -1.041555)",LeftFalse_RightFalse,False,"(1.578251838684082, -0.004198577720671892, 18.129398345947266)","(359.9447326660156, 358.6109619140625, 359.9768371582031)",0.297945,-0.030673,"(-0.117449, -0.000015, 3.769552)",LeftFalse_RightFalse
25.553833,0.066923,"(-0.7909625768661499, 1.1736246347427368, 5.7601728439331055)","(358.4470520019531, 198.58969116210938, 0.9104790687561035)","(-0.7142260670661926, 1.2558577060699463, 5.84992790222168)","(359.9167785644531, 190.5908966064453, 359.9851379394531)","(-1.166243076324463, -0.0040479726158082485, 5.895263671875)","(359.9154968261719, 178.87747192382812, 0.002350208582356572)",0.586671,0.017731,"(0.013908, -0.000096, -1.144254)",LeftFalse_RightFalse,False,"(1.5696027278900146, -0.004199561662971973, 18.388751983642578)","(359.9446105957031, 358.494873046875, 359.9739990234375)",0.290318,-0.030335,"(-0.131243, -0.000015, 3.779848)",LeftFalse_RightFalse
25.621582,0.067094,"(-0.7878984212875366, 1.1735538244247437, 5.6792497634887695)","(358.47247314453125, 197.323974609375, 1.062569499015808)","(-0.7132575511932373, 1.255854845046997, 5.769376277923584)","(359.91363525390625, 190.61595153808594, 359.9844055175781)","(-1.165251612663269, -0.004054604098200798, 5.814838409423828)","(359.9122619628906, 178.9025115966797, 0.002268992131575942)",0.599877,0.01413,"(0.015106, -0.000099, -1.223002)",LeftFalse_RightFalse,False,"(1.5604004859924316, -0.0042007057927548885, 18.645170211791992)","(359.9446105957031, 358.37213134765625, 359.9720764160156)",0.29735,-0.032533,"(-0.139315, -0.000015, 3.786235)",LeftFalse_RightFalse
25.690308,0.067423,"(-0.7820403575897217, 1.175316333770752, 5.589640140533447)","(357.4250793457031, 193.45010375976562, 0.8614314198493958)","(-0.7121390700340271, 1.2558552026748657, 5.681427955627441)","(359.9106140136719, 190.6388397216797, 359.9832458496094)","(-1.1641020774841309, -0.004061306826770306, 5.727001190185547)","(359.9090881347656, 178.92539978027344, 0.0017452709143981338)",0.611763,0.007904,"(0.017588, -0.000097, -1.330124)",LeftFalse_RightFalse,False,"(1.5503594875335693, -0.004201664589345455, 18.90578269958496)","(359.944580078125, 358.2407531738281, 359.97027587890625)",0.291418,-0.029582,"(-0.151877, -0.000015, 3.796092)",LeftFalse_RightFalse
25.759277,0.067732,"(-0.7771620750427246, 1.175876498222351, 5.494134426116943)","(356.7633361816406, 189.74911499023438, 0.6563116908073425)","(-0.7108194828033447, 1.2558597326278687, 5.586827278137207)","(359.9079284667969, 190.65664672851562, 359.9815673828125)","(-1.1627432107925415, -0.004068024456501007, 5.632475852966309)","(359.9060974121094, 178.94320678710938, 0.0006595965824089944)",0.62246,0.000854,"(0.021136, -0.000097, -1.411818)",LeftFalse_RightFalse,False,"(1.539677619934082, -0.004202615935355425, 19.167810440063477)","(359.9445495605469, 358.1080627441406, 359.96990966796875)",0.297479,-0.026642,"(-0.158088, -0.000012, 3.802580)",LeftFalse_RightFalse
25.827759,0.067871,"(-0.771111011505127, 1.1767704486846924, 5.393033981323242)","(356.4638366699219, 185.96270751953125, 0.923152506351471)","(-0.7091838121414185, 1.2558711767196655, 5.486630439758301)","(359.905517578125, 190.66371154785156, 359.9790954589844)","(-1.1610581874847412, -0.0040746028535068035, 5.532272815704346)","(359.9032287597656, 178.9502716064453, -0.0012725222622975707)",0.634431,-0.004913,"(0.026726, -0.000099, -1.522342)",LeftFalse_RightFalse,False,"(1.5286654233932495, -0.004203664604574442, 19.428335189819336)","(359.94451904296875, 357.9845886230469, 359.97119140625)",0.291052,-0.024792,"(-0.164985, -0.000014, 3.812552)",LeftFalse_RightFalse
25.897705,0.068292,"(-0.7661548852920532, 1.1770644187927246, 5.28505277633667)","(356.3728332519531, 184.00721740722656, 1.1993868350982666)","(-0.707168459892273, 1.2558807134628296, 5.377443790435791)","(359.9031677246094, 190.6614227294922, 359.976806640625)","(-1.159004807472229, -0.004081659018993378, 5.423007965087891)","(359.9004821777344, 178.94798278808594, -0.0030398231465369463)",0.645596,-0.006958,"(0.031464, -0.000102, -1.606628)",LeftFalse_RightFalse,False,"(1.5169761180877686, -0.004204603377729654, 19.6953182220459)","(359.9444885253906, 357.86676025390625, 359.97283935546875)",0.29778,-0.032722,"(-0.169975, -0.000015, 3.818852)",LeftFalse_RightFalse
25.967041,0.068503,"(-0.7611198425292969, 1.1779626607894897, 5.170932769775391)","(356.0897216796875, 182.48681640625, 1.497697353363037)","(-0.7048351764678955, 1.2558854818344116, 5.26253604888916)","(359.9007873535156, 190.6509246826172, 359.9750671386719)","(-1.1566519737243652, -0.004088833928108215, 5.307958602905273)","(359.8977966308594, 178.93746948242188, -0.004255741834640503)",0.655644,-0.006073,"(0.036013, -0.000105, -1.720830)",LeftFalse_RightFalse,False,"(1.504637598991394, -0.004205597098916769, 19.960433959960938)","(359.9444580078125, 357.74273681640625, 359.97137451171875)",0.292017,-0.038434,"(-0.185783, -0.000015, 3.828055)",LeftFalse_RightFalse
26.0354,0.068479,"(-0.7568238973617554, 1.1793789863586426, 5.051922798156738)","(355.5062255859375, 181.86585998535156, 1.6298178434371948)","(-0.702304482460022, 1.2558810710906982, 5.142390251159668)","(359.89825439453125, 190.63812255859375, 359.9745178222656)","(-1.1541297435760498, -0.004095947369933128, 5.187655448913574)","(359.89520263671875, 178.9246826171875, -0.00428576348349452)",0.664688,-0.003082,"(0.038019, -0.000108, -1.807692)",LeftFalse_RightFalse,False,"(1.4914727210998535, -0.004206479527056217, 20.22237777709961)","(359.9444580078125, 357.6022033691406, 359.9678649902344)",0.297888,-0.039782,"(-0.199689, -0.000012, 3.833708)",LeftFalse_RightFalse
26.103394,0.068361,"(-0.753508448600769, 1.1798133850097656, 4.927048683166504)","(355.08203125, 181.806640625, 1.839449167251587)","(-0.6996865272521973, 1.2558672428131104, 5.016444206237793)","(359.89556884765625, 190.62828063964844, 359.9750671386719)","(-1.15154230594635, -0.004103487357497215, 5.061575889587402)","(359.8927001953125, 178.91485595703125, -0.0031996231991797686)",0.672827,-6.1e-05,"(0.038586, -0.000112, -1.895692)",LeftFalse_RightFalse,False,"(1.4774144887924194, -0.0042074015364050865, 20.482894897460938)","(359.9444580078125, 357.4457702636719, 359.9642333984375)",0.298636,-0.035509,"(-0.212036, -0.000014, 3.840358)",LeftFalse_RightFalse
26.170776,0.068184,"(-0.749985933303833, 1.180662989616394, 4.795215129852295)","(354.704833984375, 182.0087432861328, 1.868295431137085)","(-0.6970647573471069, 1.2558485269546509, 4.884397506713867)","(359.892822265625, 190.62464904785156, 359.97625732421875)","(-1.1489598751068115, -0.004111176822334528, 4.929445266723633)","(359.8902282714844, 178.9112091064453, -0.0014956080121919513)",0.680152,0.000671,"(0.038879, -0.000119, -2.014241)",LeftFalse_RightFalse,False,"(1.4627482891082764, -0.004208363592624664, 20.742361068725586)","(359.9443054199219, 357.28948974609375, 359.9635009765625)",0.291048,-0.026748,"(-0.222541, -0.000015, 3.849836)",LeftFalse_RightFalse
26.237305,0.067849,"(-0.7470682263374329, 1.180929183959961, 4.658498287200928)","(354.5738525390625, 182.146484375, 1.849682092666626)","(-0.6944335699081421, 1.2558335065841675, 4.747612953186035)","(359.89031982421875, 190.62440490722656, 359.9769287109375)","(-1.1463537216186523, -0.004119071643799543, 4.79260778427124)","(359.8879089355469, 178.9109649658203, -0.00031849215156398714)",0.686745,0.000336,"(0.039849, -0.000119, -2.103890)",LeftFalse_RightFalse,False,"(1.4479235410690308, -0.00420942809432745, 20.998600006103516)","(359.9442443847656, 357.14947509765625, 359.9660339355469)",0.297532,-0.015827,"(-0.224552, -0.000015, 3.855923)",LeftFalse_RightFalse
26.303101,0.067425,"(-0.7449989318847656, 1.1810144186019897, 4.516987323760986)","(354.59564208984375, 182.20291137695312, 1.7792092561721802)","(-0.6917456984519958, 1.2558237314224243, 4.605947494506836)","(359.8880310058594, 190.6251678466797, 359.97698974609375)","(-1.1436758041381836, -0.00412692129611969, 4.650899410247803)","(359.8857116699219, 178.9117431640625, 0.00020386034157127142)",0.692678,-0.000183,"(0.041488, -0.000123, -2.194242)",LeftFalse_RightFalse,False,"(1.4333579540252686, -0.004210304003208876, 21.252336502075195)","(359.9442138671875, 357.0433349609375, 359.972412109375)",0.298009,-0.003873,"(-0.221438, -0.000013, 3.863301)",LeftFalse_RightFalse
26.368774,0.067082,"(-0.7431315183639526, 1.1810424327850342, 4.368982791900635)","(354.6347351074219, 182.2526092529297, 1.634006142616272)","(-0.6889308094978333, 1.2558172941207886, 4.457753658294678)","(359.8859558105469, 190.62530517578125, 359.9765930175781)","(-1.1408603191375732, -0.004135051276534796, 4.502659797668457)","(359.8835754394531, 178.911865234375, 0.00022319023264572024)",0.698799,-0.000183,"(0.044070, -0.000126, -2.315432)",LeftFalse_RightFalse,False,"(1.4192391633987427, -0.0042113023810088634, 21.50653648376465)","(359.944091796875, 356.9817199707031, 359.9818115234375)",0.29078,0.010288,"(-0.213122, -0.000015, 3.873385)",LeftFalse_RightFalse
26.435303,0.066964,"(-0.7413806915283203, 1.1810498237609863, 4.2125630378723145)","(354.48687744140625, 182.38380432128906, 1.531500220298767)","(-0.685948371887207, 1.255811333656311, 4.301100730895996)","(359.88397216796875, 190.625, 359.97607421875)","(-1.1378755569458008, -0.004143591970205307, 4.345959663391113)","(359.88153076171875, 178.9115447998047, 0.0001386189687764272)",0.704309,-0.000183,"(0.045863, -0.000128, -2.406882)",LeftFalse_RightFalse,False,"(1.4055399894714355, -0.004212303087115288, 21.764278411865234)","(359.944091796875, 356.96405029296875, 359.9923095703125)",0.298095,0.023543,"(-0.201162, -0.000013, 3.879747)",LeftFalse_RightFalse
26.502441,0.067007,"(-0.7386513352394104, 1.1810500621795654, 4.0475687980651855)","(354.3457336425781, 182.56890869140625, 1.3538098335266113)","(-0.6828027963638306, 1.255805253982544, 4.1360297203063965)","(359.8820495605469, 190.62452697753906, 359.9756164550781)","(-1.1347277164459229, -0.004152234178036451, 4.180841445922852)","(359.8795471191406, 178.9110870361328, 6.480012962128967e-05)",0.709267,0.000153,"(0.047644, -0.000133, -2.498868)",LeftFalse_RightFalse,False,"(1.3927503824234009, -0.00421298760920763, 22.025209426879883)","(359.9441223144531, 357.00299072265625, 0.004976109601557255)",0.299385,0.034647,"(-0.185168, -0.000011, 3.887276)",LeftFalse_RightFalse
26.56604,0.066339,"(-0.7362896203994751, 1.1818281412124634, 3.8855319023132324)","(354.0613708496094, 182.7471466064453, 1.0305157899856567)","(-0.6797063946723938, 1.2557979822158813, 3.9731853008270264)","(359.8802490234375, 190.62449645996094, 359.97528076171875)","(-1.1316314935684204, -0.004160708282142878, 4.017956256866455)","(359.8777160644531, 178.91104125976562, 0.00010457666940055788)",0.713729,0.001404,"(0.049760, -0.000136, -2.622030)",LeftFalse_RightFalse,False,"(1.3818176984786987, -0.004213848151266575, 22.27301025390625)","(359.944091796875, 357.09332275390625, 0.017452731728553772)",0.291388,0.041686,"(-0.163153, -0.000014, 3.897499)",LeftFalse_RightFalse
26.63269,0.06638,"(-0.7331090569496155, 1.182117223739624, 3.709538698196411)","(353.7752685546875, 182.871826171875, 0.8431037664413452)","(-0.676372766494751, 1.2557882070541382, 3.796199321746826)","(359.87841796875, 190.62600708007812, 359.9752197265625)","(-1.128302812576294, -0.00416986970230937, 3.8409423828125)","(359.87591552734375, 178.9125518798828, 0.00041390510159544647)",0.717745,0.003815,"(0.050605, -0.000138, -2.714690)",LeftFalse_RightFalse,False,"(1.371497392654419, -0.004214628133922815, 22.532529830932617)","(359.944091796875, 357.22735595703125, 0.027810629457235336)",0.298934,0.046463,"(-0.146912, -0.000011, 3.903598)",LeftFalse_RightFalse
26.699585,0.066489,"(-0.7296375036239624, 1.1822031736373901, 3.5258240699768066)","(353.4127197265625, 182.94837951660156, 0.8424043655395508)","(-0.6729965806007385, 1.2557728290557861, 3.611311197280884)","(359.8764953613281, 190.6324462890625, 359.9757995605469)","(-1.1249420642852783, -0.004179189447313547, 3.6560659408569336)","(359.8741455078125, 178.9189910888672, 0.0013779033906757832)",0.719797,0.007599,"(0.050243, -0.000140, -2.807645)",LeftFalse_RightFalse,False,"(1.3622932434082031, -0.00421537971124053, 22.794036865234375)","(359.94415283203125, 357.39495849609375, 0.036369770765304565)",0.29988,0.055582,"(-0.130748, -0.000011, 3.910839)",LeftFalse_RightFalse
26.767578,0.066786,"(-0.7255712747573853, 1.1829347610473633, 3.3311593532562256)","(353.1424255371094, 183.0104522705078, 0.9231072068214417)","(-0.6696643829345703, 1.2557494640350342, 3.416374444961548)","(359.87445068359375, 190.64883422851562, 359.9773864746094)","(-1.121639370918274, -0.0041888318955898285, 3.4612207412719727)","(359.8724670410156, 178.9353790283203, 0.0033348314464092255)",0.719691,0.012451,"(0.047955, -0.000144, -2.931432)",LeftFalse_RightFalse,False,"(1.3543782234191895, -0.004216302651911974, 23.060195922851562)","(359.944091796875, 357.6002502441406, 0.04515642300248146)",0.293636,0.065163,"(-0.104384, -0.000013, 3.920628)",LeftFalse_RightFalse
26.834229,0.066775,"(-0.721373438835144, 1.1831457614898682, 3.1333391666412354)","(352.93505859375, 183.02284240722656, 1.124761939048767)","(-0.6665719151496887, 1.2557213306427002, 3.217895984649658)","(359.87249755859375, 190.67677307128906, 359.9795227050781)","(-1.118579626083374, -0.004198533482849598, 3.2629292011260986)","(359.8710021972656, 178.96331787109375, 0.005848550237715244)",0.717642,0.016418,"(0.044192, -0.000150, -3.023756)",LeftFalse_RightFalse,False,"(1.3481823205947876, -0.004217084497213364, 23.321992874145508)","(359.9441223144531, 357.8357849121094, 0.0536726713180542)",0.299948,0.054988,"(-0.080789, -0.000012, 3.926615)",LeftFalse_RightFalse
26.902344,0.067041,"(-0.718079686164856, 1.1831942796707153, 2.924670696258545)","(352.744873046875, 182.98667907714844, 1.3422884941101074)","(-0.6637351512908936, 1.255686640739441, 3.0082530975341797)","(359.8705749511719, 190.72134399414062, 359.98248291015625)","(-1.1157790422439575, -0.004208710975944996, 3.0536084175109863)","(359.86968994140625, 179.0078887939453, 0.00911380723118782)",0.707205,0.01825,"(0.039518, -0.000149, -3.115271)",LeftFalse_RightFalse,False,"(1.343080759048462, -0.0042178151197731495, 23.58966827392578)","(359.9441223144531, 358.08831787109375, 0.057344019412994385)",0.300152,0.047826,"(-0.070122, -0.000014, 3.933772)",LeftFalse_RightFalse
26.968994,0.066951,"(-0.7155631184577942, 1.1831916570663452, 2.713125705718994)","(352.5419921875, 182.9328155517578, 1.5744292736053467)","(-0.6612966060638428, 1.2556557655334473, 2.7963643074035645)","(359.8691711425781, 190.77830505371094, 359.98504638671875)","(-1.113356351852417, -0.004218298476189375, 2.842149496078491)","(359.8688659667969, 179.0648651123047, 0.011910010129213333)",0.685291,0.018433,"(0.034380, -0.000142, -3.234121)",LeftFalse_RightFalse,False,"(1.3387110233306885, -0.004218756221234798, 23.851953506469727)","(359.9439392089844, 358.31622314453125, 0.0552702434360981)",0.292232,0.045849,"(-0.059261, -0.000016, 3.943364)",LeftFalse_RightFalse
27.03772,0.067314,"(-0.7125748991966248, 1.183912992477417, 2.48747181892395)","(352.3642883300781, 182.9287872314453, 1.7192120552062988)","(-0.6590580940246582, 1.2556328773498535, 2.570697069168091)","(359.86859130859375, 190.8446807861328, 359.9866943359375)","(-1.11110258102417, -0.004227789118885994, 2.6170005798339844)","(359.8686218261719, 179.13124084472656, 0.013644770719110966)",0.65168,0.018768,"(0.031367, -0.000132, -3.318866)",LeftFalse_RightFalse,False,"(1.3349287509918213, -0.004219803027808666, 24.123306274414062)","(359.94384765625, 358.5350036621094, 0.05244870111346245)",0.299514,0.049823,"(-0.049373, -0.000015, 3.949007)",LeftFalse_RightFalse
27.103516,0.067015,"(-0.7097212076187134, 1.1841161251068115, 2.2661144733428955)","(352.2069396972656, 182.98406982421875, 1.7661237716674805)","(-0.6571557521820068, 1.2556159496307373, 2.348717212677002)","(359.8692626953125, 190.91244506835938, 359.98785400390625)","(-1.1091673374176025, -0.004235950298607349, 2.3955745697021484)","(359.8695373535156, 179.19900512695312, 0.014642203226685524)",0.606352,0.021027,"(0.028181, -0.000116, -3.397097)",LeftFalse_RightFalse,False,"(1.3322455883026123, -0.0042206477373838425, 24.383468627929688)","(359.94384765625, 358.74176025390625, 0.051912661641836166)",0.299818,0.060318,"(-0.034664, -0.000013, 3.955662)",LeftFalse_RightFalse
27.170654,0.06704,"(-0.7077199816703796, 1.1848690509796143, 2.0350565910339355)","(352.0194091796875, 183.05532836914062, 1.7875772714614868)","(-0.6555429697036743, 1.2555961608886719, 2.1167080402374268)","(359.8714904785156, 190.98826599121094, 359.9897155761719)","(-1.1075234413146973, -0.004242433700710535, 2.1642189025878906)","(359.8720703125, 179.27481079101562, 0.016033591702580452)",0.546907,0.024994,"(0.021745, -0.000077, -3.489510)",LeftFalse_RightFalse,False,"(1.3310283422470093, -0.0042214663699269295, 24.64936065673828)","(359.9438171386719, 358.9754333496094, 0.056246303021907806)",0.294278,0.062174,"(-0.005944, -0.000013, 3.964229)",LeftFalse_RightFalse
27.238159,0.067133,"(-0.7065030336380005, 1.1850961446762085, 1.7972034215927124)","(351.7967834472656, 183.1622314453125, 1.9353665113449097)","(-0.6543657779693604, 1.255570888519287, 1.878481388092041)","(359.8750305175781, 191.07452392578125, 359.9927062988281)","(-1.1063232421875, -0.004246707074344158, 1.9267621040344238)","(359.87615966796875, 179.361083984375, 0.018215717747807503)",0.492216,0.029907,"(0.014381, -0.000045, -3.547515)",LeftFalse_RightFalse,False,"(1.331289529800415, -0.004222373012453318, 24.917144775390625)","(359.9438781738281, 359.2304992675781, 0.06065938249230385)",0.300202,0.060037,"(0.013024, -0.000012, 3.969589)",LeftFalse_RightFalse
27.305542,0.067183,"(-0.704413115978241, 1.1858423948287964, 1.5559566020965576)","(351.55517578125, 183.38040161132812, 2.1787331104278564)","(-0.653838038444519, 1.2555361986160278, 1.6366291046142578)","(359.8801574707031, 191.1774139404297, -0.0026228849310427904)","(-1.1057871580123901, -0.004247903823852539, 1.6858516931533813)","(359.8821105957031, 179.46395874023438, 0.02176184579730034)",0.442994,0.034546,"(0.001942, 0.000010, -3.610256)",LeftFalse_RightFalse,False,"(1.332810878753662, -0.0042231110855937, 25.18486976623535)","(359.9438781738281, 359.4921569824219, 0.0628914162516594)",0.294457,0.052206,"(0.034032, -0.000013, 3.978085)",LeftFalse_RightFalse
27.373657,0.067366,"(-0.7042612433433533, 1.1868338584899902, 1.3082400560379028)","(351.40765380859375, 183.59120178222656, 2.368908166885376)","(-0.6540758609771729, 1.255500316619873, 1.3886300325393677)","(359.8863525390625, 191.2987060546875, 0.0026511303149163723)","(-1.1060068607330322, -0.004246316850185394, 1.4389657974243164)","(359.8892517089844, 179.58526611328125, 0.025668229907751083)",0.398695,0.037109,"(-0.009039, 0.000047, -3.647698)",LeftFalse_RightFalse,False,"(1.3353769779205322, -0.004223880358040333, 25.4559326171875)","(359.94384765625, 359.74853515625, 0.06179800629615784)",0.299324,0.046135,"(0.043768, -0.000011, 3.983608)",LeftFalse_RightFalse
27.442383,0.067636,"(-0.7052344083786011, 1.18712317943573, 1.0561705827713013)","(351.3387756347656, 183.7911376953125, 2.5777246952056885)","(-0.6551738977432251, 1.255466103553772, 1.135667324066162)","(359.89349365234375, 191.4382781982422, 0.008141432888805866)","(-1.1070680618286133, -0.004242056515067816, 1.187281847000122)","(359.8973693847656, 179.724853515625, 0.029594222083687782)",0.358825,0.037292,"(-0.019925, 0.000078, -3.676424)",LeftFalse_RightFalse,False,"(1.3386297225952148, -0.004224741365760565, 25.729904174804688)","(359.94378662109375, 359.9833984375, 0.05760340020060539)",0.300059,0.043558,"(0.051673, -0.000012, 3.989893)",LeftFalse_RightFalse
27.509888,0.067612,"(-0.7072182893753052, 1.1871932744979858, 0.806057333946228)","(351.24462890625, 184.0009307861328, 2.7368133068084717)","(-0.6570514440536499, 1.2554436922073364, 0.8851816058158875)","(359.9012756347656, 191.5853729248047, 0.012410028837621212)","(-1.108869194984436, -0.004235961474478245, 0.9381423592567444)","(359.9058532714844, 179.8719482421875, 0.03219570964574814)",0.322943,0.037292,"(-0.032432, 0.000105, -3.704136)",LeftFalse_RightFalse,False,"(1.3425413370132446, -0.004225791431963444, 25.999576568603516)","(359.9436340332031, 0.19305840134620667, 0.05307706072926521)",0.293576,0.040076,"(0.065000, -0.000013, 3.998286)",LeftFalse_RightFalse
27.576538,0.067413,"(-0.7098006010055542, 1.187909483909607, 0.5584982633590698)","(351.1312255859375, 184.14674377441406, 2.8309736251831055)","(-0.6596077680587769, 1.2554320096969604, 0.6366907358169556)","(359.9089660644531, 191.73443603515625, 0.015465732663869858)","(-1.1113176345825195, -0.0042286524549126625, 0.6910060048103333)","(359.91400146484375, 180.02099609375, 0.03362717851996422)",0.290649,0.037292,"(-0.041348, 0.000116, -3.717992)",LeftFalse_RightFalse,False,"(1.3470895290374756, -0.0042266552336514, 26.266075134277344)","(359.9435729980469, 0.38535556197166443, 0.0491887629032135)",0.29932,0.035809,"(0.073184, -0.000014, 4.003353)",LeftFalse_RightFalse
27.642334,0.067103,"(-0.7129644155502319, 1.188811182975769, 0.31318604946136475)","(350.9620361328125, 184.19024658203125, 2.8055524826049805)","(-0.6627892851829529, 1.2554264068603516, 0.3902139961719513)","(359.9164733886719, 191.8832550048828, 0.017797352746129036)","(-1.1143726110458374, -0.004220916423946619, 0.44587481021881104)","(359.9218444824219, 180.16981506347656, 0.034382205456495285)",0.261584,0.037292,"(-0.050155, 0.000120, -3.725555)",LeftFalse_RightFalse,False,"(1.3521192073822021, -0.00422747852280736, 26.529983520507812)","(359.94354248046875, 0.5591247081756592, 0.04523203521966934)",0.299724,0.032744,"(0.079894, -0.000013, 4.009335)",LeftFalse_RightFalse
27.709961,0.067203,"(-0.7170314788818359, 1.1891204118728638, 0.06041823327541351)","(350.8836669921875, 184.27171325683594, 2.7973036766052246)","(-0.6667288541793823, 1.25542414188385, 0.13694417476654053)","(359.9239807128906, 192.03636169433594, 0.01976403221487999)","(-1.1181697845458984, -0.0042125992476940155, 0.19398140907287598)","(359.9295654296875, 180.3229217529297, 0.03478853404521942)",0.235425,0.037292,"(-0.061839, 0.000123, -3.728006)",LeftFalse_RightFalse,False,"(1.3577840328216553, -0.004228302743285894, 26.801288604736328)","(359.9434509277344, 0.7204803824424744, 0.041349176317453384)",0.293958,0.029736,"(0.089007, -0.000012, 4.017365)",LeftFalse_RightFalse
27.776489,0.067065,"(-0.7215818762779236, 1.1892125606536865, -0.18777096271514893)","(350.82550048828125, 184.3983154296875, 2.771073579788208)","(-0.6712626218795776, 1.255423903465271, -0.11223661154508591)","(359.93072509765625, 192.18692016601562, 0.02138778194785118)","(-1.1225556135177612, -0.00420448137447238, -0.05386029928922653)","(359.9365234375, 180.47349548339844, 0.03500514477491379)",0.211883,0.037292,"(-0.070530, 0.000121, -3.724900)",LeftFalse_RightFalse,False,"(1.363865852355957, -0.004229174926877022, 27.068668365478516)","(359.94342041015625, 0.8662205934524536, 0.03811725229024887)",0.299426,0.026804,"(0.095146, -0.000013, 4.022285)",LeftFalse_RightFalse
27.842529,0.066866,"(-0.7267075777053833, 1.189238429069519, -0.4337960481643677)","(350.76934814453125, 184.55142211914062, 2.7070634365081787)","(-0.6763957738876343, 1.2554250955581665, -0.3593320846557617)","(359.9369812011719, 192.3360595703125, 0.022773120552301407)","(-1.1275357007980347, -0.004196571186184883, -0.29964032769203186)","(359.94293212890625, 180.6226348876953, 0.035090602934360504)",0.190695,0.037292,"(-0.079114, 0.000121, -3.717323)",LeftFalse_RightFalse,False,"(1.3703203201293945, -0.004229831043630838, 27.334625244140625)","(359.94342041015625, 0.9976480603218079, 0.034926384687423706)",0.299888,0.022934,"(0.100480, -0.000012, 4.028071)",LeftFalse_RightFalse
27.909912,0.06697,"(-0.7327150106430054, 1.1892441511154175, -0.6845836639404297)","(350.8805847167969, 184.6715087890625, 2.7222728729248047)","(-0.6822782158851624, 1.2554272413253784, -0.6105822324752808)","(359.94293212890625, 192.48748779296875, 0.02398836426436901)","(-1.1332566738128662, -0.004188623279333115, -0.5495650172233582)","(359.9490051269531, 180.77406311035156, 0.035074520856142044)",0.171625,0.035675,"(-0.090379, 0.000115, -3.701855)",LeftFalse_RightFalse,False,"(1.377232551574707, -0.0042307255789637566, 27.6063289642334)","(359.9433288574219, 1.1160410642623901, 0.03132053464651108)",0.294194,0.017268,"(0.106038, -0.000012, 4.035931)",LeftFalse_RightFalse
27.97644,0.066865,"(-0.7385717630386353, 1.1884825229644775, -0.931246280670166)","(351.0856018066406, 184.6448974609375, 2.8577880859375)","(-0.6886652708053589, 1.2554336786270142, -0.8573272824287415)","(359.9482727050781, 192.6341094970703, 0.024573205038905144)","(-1.1394729614257812, -0.004181137774139643, -0.7950389385223389)","(359.954345703125, 180.92068481445312, 0.034563884139060974)",0.154463,0.029114,"(-0.097410, 0.000110, -3.686871)",LeftFalse_RightFalse,False,"(1.3842790126800537, -0.004231561906635761, 27.87464714050293)","(359.94329833984375, 1.2162563800811768, 0.027325600385665894)",0.29953,0.012494,"(0.107412, -0.000012, 4.040820)",LeftFalse_RightFalse
28.043945,0.067005,"(-0.7453501224517822, 1.1874324083328247, -1.180709958076477)","(351.4354553222656, 184.58775329589844, 2.9467928409576416)","(-0.6955164074897766, 1.2554574012756348, -1.1068960428237915)","(359.9536437988281, 192.7700653076172, 0.022960877045989037)","(-1.1461143493652344, -0.004173701629042625, -1.0434306859970093)","(359.95928955078125, 181.056640625, 0.03189299255609512)",0.139016,0.016418,"(-0.099857, 0.000107, -3.668964)",LeftFalse_RightFalse,False,"(1.3914892673492432, -0.004232417326420546, 28.14789390563965)","(359.9432678222656, 1.2964928150177002, 0.02241634391248226)",0.300397,0.008144,"(0.107435, -0.000011, 4.046568)",LeftFalse_RightFalse
28.112549,0.067316,"(-0.7525378465652466, 1.1871289014816284, -1.4335298538208008)","(351.7637023925781, 184.5684356689453, 2.9822142124176025)","(-0.7023207545280457, 1.255515217781067, -1.358315110206604)","(359.95953369140625, 192.87261962890625, 0.017053725197911263)","(-1.15264892578125, -0.004166605416685343, -1.2939462661743164)","(359.9638366699219, 181.15919494628906, 0.024914920330047607)",0.125115,0.000671,"(-0.094940, 0.000103, -3.641660)",LeftFalse_RightFalse,False,"(1.3987634181976318, -0.004233247600495815, 28.42562484741211)","(359.94317626953125, 1.3550041913986206, 0.017226368188858032)",0.294859,0.003318,"(0.106809, -0.000011, 4.054443)",LeftFalse_RightFalse
28.181763,0.067709,"(-0.7592087984085083, 1.1870850324630737, -1.6866501569747925)","(352.3258361816406, 184.46070861816406, 2.97438645362854)","(-0.7086788415908813, 1.2555955648422241, -1.6102991104125977)","(359.96551513671875, 192.93130493164062, 0.008259046822786331)","(-1.158722996711731, -0.004159724339842796, -1.5453838109970093)","(359.9679260253906, 181.21788024902344, 0.015086415223777294)",0.112603,-0.015106,"(-0.084262, 0.000100, -3.618934)",LeftFalse_RightFalse,False,"(1.4060378074645996, -0.004233954008668661, 28.706687927246094)","(359.9431457519531, 1.3943328857421875, 0.012291562743484974)",0.30045,-0.000992,"(0.104652, -0.000010, 4.059327)",LeftFalse_RightFalse
28.25,0.067803,"(-0.764430582523346, 1.1871403455734253, -1.932617425918579)","(352.7327575683594, 184.3100128173828, 2.8925375938415527)","(-0.7138468027114868, 1.2557003498077393, -1.8559061288833618)","(359.9717102050781, 192.92721557617188, -0.003617387730628252)","(-1.1636104583740234, -0.004152941983193159, -1.7909486293792725)","(359.9715881347656, 181.2137908935547, 0.0021984039340168238)",0.101343,-0.027588,"(-0.065614, 0.000097, -3.585694)",LeftFalse_RightFalse,False,"(1.4129729270935059, -0.004234848078340292, 28.983715057373047)","(359.943115234375, 1.4112422466278076, 0.007220213767141104)",0.295652,-0.003773,"(0.100790, -0.000013, 4.067029)",LeftFalse_RightFalse
28.318359,0.067909,"(-0.7684088945388794, 1.1852655410766602, -2.176532745361328)","(353.4281005859375, 184.12112426757812, 2.5804028511047363)","(-0.7178894281387329, 1.2557966709136963, -2.099660873413086)","(359.9773254394531, 192.87229919433594, 359.9854736328125)","(-1.1674535274505615, -0.004146445542573929, -2.0350680351257324)","(359.974853515625, 181.1588897705078, 359.9903564453125)",0.091209,-0.03479,"(-0.049896, 0.000094, -3.558885)",LeftFalse_RightFalse,False,"(1.4197237491607666, -0.004235641099512577, 29.26178741455078)","(359.9430847167969, 1.4118129014968872, 0.0029825123492628336)",0.300186,-0.004746,"(0.097770, -0.000010, 4.071935)",LeftFalse_RightFalse
28.38501,0.067672,"(-0.7686853408813477, 1.1858093738555908, -2.4112937450408936)","(353.8116149902344, 183.95303344726562, 2.2362918853759766)","(-0.7206563949584961, 1.2558790445327759, -2.335279941558838)","(359.9822082519531, 192.77574157714844, 359.9762268066406)","(-1.1701065301895142, -0.004140377044677734, -2.2713849544525146)","(359.9777526855469, 181.06231689453125, 359.9803161621094)",0.082088,-0.038116,"(-0.035320, 0.000091, -3.530416)",LeftFalse_RightFalse,False,"(1.4261304140090942, -0.004236335400491953, 29.53370475769043)","(359.94305419921875, 1.4007163047790527, -0.00022508564870804548)",0.300545,-0.004113,"(0.095467, -0.000012, 4.077521)",LeftFalse_RightFalse
28.450928,0.067323,"(-0.7683874368667603, 1.1860136985778809, -2.6409530639648438)","(353.766845703125, 183.6811065673828, 2.448580503463745)","(-0.7223625779151917, 1.2559361457824707, -2.5656979084014893)","(359.9861755371094, 192.65322875976562, 359.9700927734375)","(-1.171797752380371, -0.004134139511734247, -2.502708673477173)","(359.9803771972656, 180.9398193359375, 359.9735107421875)",0.073879,-0.041504,"(-0.019826, 0.000092, -3.490670)",LeftFalse_RightFalse,False,"(1.4323668479919434, -0.004237071145325899, 29.802799224853516)","(359.9429931640625, 1.3850642442703247, -0.0019690406043082476)",0.294812,-0.005852,"(0.094159, -0.000013, 4.085016)",LeftFalse_RightFalse
28.518311,0.06732,"(-0.7668235301971436, 1.1861000061035156, -2.873110055923462)","(353.8153381347656, 183.07489013671875, 3.190652370452881)","(-0.7232236862182617, 1.2559740543365479, -2.798574924468994)","(359.9893798828125, 192.51287841796875, 359.96630859375)","(-1.1727153062820435, -0.004128164146095514, -2.736636161804199)","(359.9827575683594, 180.79945373535156, 359.9691467285156)",0.066491,-0.045136,"(-0.008416, 0.000086, -3.459738)",LeftFalse_RightFalse,False,"(1.438611388206482, -0.004237916320562363, 30.07791519165039)","(359.9429626464844, 1.3653255701065063, -0.0034339490812271833)",0.300428,-0.008697,"(0.091732, -0.000011, 4.089575)",LeftFalse_RightFalse
28.588623,0.067925,"(-0.7656136751174927, 1.1854156255722046, -3.112941265106201)","(353.90106201171875, 182.6177520751953, 3.6393818855285645)","(-0.7231506109237671, 1.2560051679611206, -3.0392990112304688)","(359.9922790527344, 192.3514404296875, 359.9633483886719)","(-1.1727383136749268, -0.004122086334973574, -2.978578567504883)","(359.9849853515625, 180.6380157470703, 359.9656982421875)",0.059842,-0.04715,"(0.007059, 0.000085, -3.417144)",LeftFalse_RightFalse,False,"(1.4448596239089966, -0.004238614346832037, 30.365835189819336)","(359.9429626464844, 1.3356977701187134, -0.0056620691902935505)",0.29679,-0.013544,"(0.086564, -0.000012, 4.096878)",LeftFalse_RightFalse
28.653687,0.067343,"(-0.7649379968643188, 1.1858956813812256, -3.331944704055786)","(353.9135437011719, 182.3695526123047, 3.4978268146514893)","(-0.7222390174865723, 1.2560251951217651, -3.2593159675598145)","(-0.005533922463655472, 192.1932830810547, 359.96173095703125)","(-1.1719471216201782, -0.004116562195122242, -3.1997971534729004)","(359.98681640625, 180.47987365722656, 359.9636535644531)",0.053858,-0.046448,"(0.018023, 0.000082, -3.384408)",LeftFalse_RightFalse,False,"(1.4502646923065186, -0.004239275120198727, 30.632320404052734)","(359.9429626464844, 1.2964286804199219, 359.9914245605469)",0.299812,-0.023238,"(0.079850, -0.000009, 4.101716)",LeftFalse_RightFalse
28.720215,0.067178,"(-0.7639423608779907, 1.1867918968200684, -3.5542044639587402)","(353.86328125, 182.36817932128906, 3.195807695388794)","(-0.7205673456192017, 1.2560348510742188, -3.48201322555542)","(-0.0037301837000995874, 192.02801513671875, 359.9613037109375)","(-1.1704282760620117, -0.004111167974770069, -3.423754930496216)","(359.9884948730469, 180.31459045410156, 359.962890625)",0.048472,-0.042969,"(0.027032, 0.000082, -3.350990)",LeftFalse_RightFalse,False,"(1.4550666809082031, -0.0042398544028401375, 30.905349731445312)","(359.9429626464844, 1.2307826280593872, 359.9857177734375)",0.300968,-0.049848,"(0.067126, -0.000011, 4.106985)",LeftFalse_RightFalse
28.787231,0.067161,"(-0.7633807063102722, 1.187084436416626, -3.775954484939575)","(353.5584411621094, 182.48582458496094, 2.8412485122680664)","(-0.7183193564414978, 1.2560290098190308, -3.704164981842041)","(-0.0024825958535075188, 191.86717224121094, 359.9628601074219)","(-1.1683695316314697, -0.004105659201741219, -3.6471359729766846)","(359.9900207519531, 180.15374755859375, 359.9641418457031)",0.043625,-0.040588,"(0.035490, 0.000080, -3.305797)",LeftFalse_RightFalse,False,"(1.4580700397491455, -0.004240497015416622, 31.181116104125977)","(359.9430236816406, 1.0951730012893677, 359.9710388183594)",0.298137,-0.174935,"(0.028912, -0.000009, 4.113602)",LeftFalse_RightFalse
28.853516,0.066992,"(-0.761775016784668, 1.1862857341766357, -3.992863416671753)","(353.37603759765625, 182.3441619873047, 2.7559592723846436)","(-0.7156362533569336, 1.2560166120529175, -3.921260118484497)","(-0.0015984460478648543, 191.7167205810547, 359.96514892578125)","(-1.1658802032470703, -0.004100553225725889, -3.8653836250305176)","(359.9913635253906, 180.0032958984375, 359.9661865234375)",0.039262,-0.039703,"(0.041008, 0.000077, -3.271506)",LeftFalse_RightFalse,False,"(1.455466389656067, -0.004240210633724928, 31.453567504882812)","(359.9445495605469, 0.7419915199279785, 359.9220886230469)",0.330978,-0.840544,"(-0.103382, 0.000015, 4.103533)",LeftFalse_RightFalse
28.921265,0.067122,"(-0.7606686353683472, 1.1860015392303467, -4.211439609527588)","(353.635498046875, 182.21389770507812, 2.6390774250030518)","(-0.71248459815979, 1.2560033798217773, -4.140190601348877)","(-0.0008367125410586596, 191.5714874267578, 359.967529296875)","(-1.1629165410995483, -0.004095448646694422, -4.085428714752197)","(359.9925842285156, 179.8580780029297, 359.9683837890625)",0.035336,-0.038605,"(0.046786, 0.000074, -3.236797)",LeftFalse_RightFalse,False,"(1.4379949569702148, -0.004229639191180468, 31.7253475189209)","(359.9625244140625, 359.7963562011719, 359.79718017578125)",0.598847,0.22737,"(-0.375471, 0.000277, 3.937732)",LeftFalse_RightFalse
28.988647,0.067196,"(-0.7600322961807251, 1.1851593255996704, -4.426758766174316)","(353.8091735839844, 182.16758728027344, 2.1868109703063965)","(-0.7089269161224365, 1.2559921741485596, -4.356024742126465)","(-0.00013243372086435556, 191.43325805664062, 359.9696350097656)","(-1.159532070159912, -0.00409055408090353, -4.302325248718262)","(359.99371337890625, 179.7198486328125, 359.9703063964844)",0.031803,-0.034058,"(0.054165, 0.000073, -3.190185)",LeftFalse_RightFalse,False,"(1.427467942237854, -0.00420664856210351, 31.991043090820312)","(359.9764099121094, 359.26324462890625, 359.8856201171875)",0.631251,0.711882,"(0.039711, 0.000328, 3.945956)",LeftFalse_RightFalse
29.055908,0.067206,"(-0.7576863765716553, 1.1848753690719604, -4.63899564743042)","(353.6495666503906, 182.1051788330078, 1.7778756618499756)","(-0.7050566077232361, 1.255976676940918, -4.568485736846924)","(0.00032727044890634716, 191.3046417236328, 359.97222900390625)","(-1.1558351516723633, -0.004085739143192768, -4.515776634216309)","(-0.005317723844200373, 179.59121704101562, 359.9727478027344)",0.028622,-0.024475,"(0.056848, 0.000072, -3.155172)",LeftFalse_RightFalse,False,"(1.4408323764801025, -0.004186239093542099, 32.25348663330078)","(359.985107421875, 359.8863830566406, 0.09904482960700989)",0.664109,1.0,"(0.352452, 0.000315, 3.843866)",LeftFalse_RightFalse
29.124146,0.067414,"(-0.755041241645813, 1.1847543716430664, -4.851933479309082)","(353.2779541015625, 182.14488220214844, 1.2992208003997803)","(-0.70112144947052, 1.2559422254562378, -4.781606197357178)","(0.0001904209202621132, 191.19631958007812, 359.9772033691406)","(-1.1521068811416626, -0.004080882761627436, -4.72973108291626)","(-0.004439796321094036, 179.48292541503906, 359.9776611328125)",0.02576,-0.011108,"(0.054497, 0.000068, -3.120136)",LeftFalse_RightFalse,False,"(1.4778759479522705, -0.0041566332802176476, 32.509708404541016)","(0.004859512206166983, 1.5205419063568115, 0.3227651119232178)",0.883275,1.0,"(0.651219, 0.000405, 3.685758)",LeftFalse_RightFalse
29.195679,0.068228,"(-0.7517849206924438, 1.1846694946289062, -5.072514057159424)","(353.1296081542969, 182.19578552246094, 1.1759169101715088)","(-0.6974711418151855, 1.2558802366256714, -5.002213001251221)","(-0.0007085118559189141, 191.12472534179688, 359.985595703125)","(-1.1487057209014893, -0.0040759979747235775, -4.950885772705078)","(-0.0036182140465825796, 179.4113006591797, 359.9860534667969)",0.023184,0.00354,"(0.045949, 0.000068, -3.073423)",LeftFalse_RightFalse,False,"(1.5441958904266357, -0.004115140996873379, 32.76439666748047)","(0.02789047174155712, 4.210049629211426, 0.5487462878227234)",1.0,1.0,"(1.114649, 0.000418, 3.473717)",LeftFalse_RightFalse
29.265015,0.068438,"(-0.7491675615310669, 1.1853022575378418, -5.284595489501953)","(353.07421875, 182.32923889160156, 1.2127350568771362)","(-0.6945962905883789, 1.2558119297027588, -5.213531017303467)","(-0.001878807321190834, 191.09690856933594, -0.005256580654531717)","(-1.1460580825805664, -0.004071295261383057, -5.16240930557251)","(-0.0029068549629300833, 179.38348388671875, -0.004765684716403484)",0.020866,0.017914,"(0.035163, 0.000069, -3.038383)",LeftFalse_RightFalse,False,"(1.6363908052444458, -0.004078224766999483, 32.99945068359375)","(0.040458545088768005, 7.610884189605713, 0.7449564933776855)",0.912247,-1.0,"(1.458635, 0.000256, 3.349880)",LeftFalse_RightFalse
29.334595,0.068673,"(-0.7470062971115112, 1.1854467391967773, -5.4963483810424805)","(353.26007080078125, 182.3339080810547, 1.3116992712020874)","(-0.6927673816680908, 1.2557328939437866, -5.423410892486572)","(-0.003358375746756792, 191.1209716796875, 0.005177995655685663)","(-1.1444392204284668, -0.004066773224622011, -5.372087001800537)","(-0.0022372191306203604, 179.40756225585938, 0.005751971621066332)",-0.020894,0.030975,"(0.018767, 0.000065, -2.991610)",LeftFalse_RightFalse,False,"(1.7223412990570068, -0.004069542977958918, 33.23090744018555)","(0.04449198767542839, 10.247504234313965, 0.6016799807548523)",1.0,-1.0,"(1.088995, 0.000349, 3.301702)",LeftFalse_RightFalse
29.403564,0.068739,"(-0.74619460105896, 1.1854490041732788, -5.701992988586426)","(353.46966552734375, 182.2987823486328, 1.5042158365249634)","(-0.6919751167297363, 1.2556647062301636, -5.628547668457031)","(-0.003232697956264019, 191.18531799316406, 0.0144776850938797)","(-1.1437890529632568, -0.00406173150986433, -5.576674461364746)","(-0.0002261663757963106, 179.47189331054688, 0.014832481741905212)",-0.118017,0.042206,"(0.004667, 0.000083, -2.943472)",LeftFalse_RightFalse,False,"(1.7845698595046997, -0.004056730307638645, 33.45816421508789)","(0.050629355013370514, 11.386541366577148, 0.3117448091506958)",1.0,-1.0,"(0.796806, 0.000415, 3.273276)",LeftFalse_RightFalse
29.467651,0.067815,"(-0.7466412782669067, 1.1854043006896973, -5.88766622543335)","(353.6492919921875, 182.3616485595703, 1.6536822319030762)","(-0.692320704460144, 1.2556049823760986, -5.814157962799072)","(0.003599323332309723, 191.2818603515625, 0.02374037355184555)","(-1.1442168951034546, -0.004052441101521254, -5.761336326599121)","(0.00834406167268753, 179.56845092773438, 0.02251526527106762)",-0.270479,0.049805,"(-0.013161, 0.000231, -2.817324)",LeftFalse_RightFalse,False,"(1.8209319114685059, -0.004036664962768555, 33.6666145324707)","(0.05610924959182739, 11.289325714111328, 0.03359757363796234)",1.0,-1.0,"(0.387301, 0.000337, 3.220529)",LeftFalse_RightFalse
29.534668,0.067649,"(-0.7488193511962891, 1.1846792697906494, -6.072563648223877)","(353.75128173828125, 182.62496948242188, 1.6263176202774048)","(-0.6935985684394836, 1.255569577217102, -5.999284744262695)","(0.0213482528924942, 191.40391540527344, 0.03228185698390007)","(-1.1454881429672241, -0.004031361546367407, -5.945080757141113)","(0.02745744213461876, 179.6905059814453, 0.02727554552257061)",-0.287885,0.052917,"(-0.024247, 0.000441, -2.649746)",LeftFalse_RightFalse,False,"(1.835619568824768, -0.00401525292545557, 33.88130187988281)","(0.058939944952726364, 10.138900756835938, 359.7701721191406)",1.0,-1.0,"(0.050842, 0.000198, 3.172819)",LeftFalse_RightFalse
29.603149,0.067823,"(-0.7531890869140625, 1.184415340423584, -6.248380661010742)","(353.6453552246094, 182.8689727783203, 1.436897873878479)","(-0.6956767439842224, 1.2555654048919678, -6.175680160522461)","(0.04899201542139053, 191.53933715820312, 0.03983200341463089)","(-1.1474779844284058, -0.003993161488324404, -6.119779586791992)","(0.056058332324028015, 179.82591247558594, 0.029056312516331673)",-0.336861,0.05304,"(-0.032035, 0.000640, -2.472889)",LeftFalse_RightFalse,False,"(1.8238871097564697, -0.0039972527883946896, 34.0965576171875)","(0.06092414632439613, 7.961597919464111, 359.5285339355469)",1.0,-1.0,"(-0.315011, 0.000079, 3.112137)",LeftFalse_RightFalse
29.670776,0.067775,"(-0.7577368021011353, 1.1843373775482178, -6.407110214233398)","(353.5970764160156, 183.0990447998047, 1.1270347833633423)","(-0.6981876492500305, 1.2555965185165405, -6.334959506988525)","(0.07941048592329025, 191.6694793701172, 0.04454997554421425)","(-1.149827003479004, -0.003943345975130796, -6.27735710144043)","(0.08680117875337601, 179.9560546875, 0.027500567957758904)",-0.40952,0.052734,"(-0.036807, 0.000793, -2.208714)",LeftFalse_RightFalse,False,"(1.785548448562622, -0.003987663425505161, 34.30503845214844)","(0.057328253984451294, 5.013791561126709, 359.339111328125)",1.0,-1.0,"(-0.741373, -0.000144, 3.075335)",LeftFalse_RightFalse
29.734131,0.066891,"(-0.7618268728256226, 1.1843262910842896, -6.541310787200928)","(353.69183349609375, 183.39138793945312, 0.8347992897033691)","(-0.7007099390029907, 1.2556462287902832, -6.469609260559082)","(0.10880985110998154, 191.7810516357422, 0.04710495471954346)","(-1.152159333229065, -0.003891200292855501, -6.410483360290527)","(0.11610700190067291, 180.06759643554688, 0.024033766239881516)",-0.486022,0.052673,"(-0.037391, 0.000853, -1.977870)",LeftFalse_RightFalse,False,"(1.7302453517913818, -0.003993803169578314, 34.49982452392578)","(0.04482417181134224, 1.8545784950256348, 359.2270202636719)",1.0,-1.0,"(-1.003295, -0.000327, 3.079788)",LeftFalse_RightFalse
29.802002,0.067075,"(-0.765182614326477, 1.1843355894088745, -6.6667985916137695)","(353.7961120605469, 183.70294189453125, 0.7212786078453064)","(-0.7033803462982178, 1.2557108402252197, -6.595367908477783)","(0.14279623329639435, 191.8850860595703, 0.0491015687584877)","(-1.1546107530593872, -0.00383094884455204, -6.534682273864746)","(0.149790957570076, 180.17161560058594, 0.019088970497250557)",-0.537878,0.052673,"(-0.035799, 0.000909, -1.711772)",LeftFalse_RightFalse,False,"(1.6527202129364014, -0.00401505921036005, 34.70876693725586)","(0.026769865304231644, 358.21270751953125, 359.16107177734375)",1.0,-1.0,"(-1.258849, -0.000448, 3.084680)",LeftFalse_RightFalse
29.86792,0.066861,"(-0.7676730155944824, 1.1843559741973877, -6.767444133758545)","(353.968017578125, 184.1031951904297, 0.6406070590019226)","(-0.7057721018791199, 1.25577974319458, -6.697006702423096)","(0.17740468680858612, 191.96881103515625, 0.05078412964940071)","(-1.1567918062210083, -0.0037687194999307394, -6.6349101066589355)","(0.18402032554149628, 180.2553253173828, 0.01371033675968647)",-0.554401,0.052673,"(-0.030850, 0.000942, -1.327055)",LeftFalse_RightFalse,False,"(1.5597310066223145, -0.0040441653691232204, 34.91263198852539)","(0.009261947125196457, 354.48016357421875, 359.13128662109375)",0.945092,1.0,"(-1.559160, -0.000495, 3.096785)",LeftFalse_RightFalse
29.934326,0.066775,"(-0.7696486711502075, 1.1843860149383545, -6.846972465515137)","(354.1846008300781, 184.47726440429688, 0.5926144123077393)","(-0.7078317403793335, 1.2558513879776, -6.777682781219482)","(0.20936666429042816, 192.0349578857422, 0.051883067935705185)","(-1.1586564779281616, -0.003706500167027116, -6.7143731117248535)","(0.21553975343704224, 180.32144165039062, 0.008297509513795376)",-0.563022,0.05304,"(-0.025535, 0.000894, -1.034263)",LeftFalse_RightFalse,False,"(1.465451717376709, -0.004078731406480074, 35.116943359375)","(0.003884530160576105, 351.16986083984375, 359.2690734863281)",1.0,1.0,"(-1.271647, -0.000077, 3.054095)",LeftFalse_RightFalse
30.001587,0.066853,"(-0.7712762355804443, 1.1844184398651123, -6.906183242797852)","(354.2965393066406, 184.6613311767578, 0.5888625383377075)","(-0.709460973739624, 1.2559207677841187, -6.837331771850586)","(0.2366289496421814, 192.083740234375, 0.05228421092033386)","(-1.1601147651672363, -0.003649037331342697, -6.773050308227539)","(0.24231572449207306, 180.37022399902344, 0.0031555108726024628)",-0.579374,0.051422,"(-0.019234, 0.000799, -0.740808)",LeftFalse_RightFalse,False,"(1.392407774925232, -0.004087029956281185, 35.32151412963867)","(0.014585618861019611, 349.19146728515625, 359.5718688964844)",-1.0,1.0,"(-0.979688, 0.000311, 3.038215)",LeftFalse_RightFalse
30.070557,0.067285,"(-0.7723751664161682, 1.1844515800476074, -6.943741798400879)","(354.3870544433594, 184.46533203125, 0.5137383341789246)","(-0.7105484008789062, 1.2559854984283447, -6.875068664550781)","(0.25931277871131897, 192.11375427246094, 0.05196894332766533)","(-1.1610569953918457, -0.003599208779633045, -6.810065269470215)","(0.2644631266593933, 180.40020751953125, -0.001758479862473905)",-0.595654,0.044006,"(-0.009212, 0.000633, -0.344573)",LeftFalse_RightFalse,False,"(1.3314831256866455, -0.004030381329357624, 35.503658294677734)","(0.09475093334913254, 347.9283142089844, 359.7596435546875)",-1.0,1.0,"(-0.827838, 0.001714, 2.229520)",LeftFalse_RightFalse
30.139282,0.067561,"(-0.7728310823440552, 1.1844725608825684, -6.957536697387695)","(354.45526123046875, 184.31015014648438, 0.495845228433609)","(-0.7110042572021484, 1.2560328245162964, -6.888932704925537)","(0.2783602178096771, 192.12258911132812, 0.05207855626940727)","(-1.1614173650741577, -0.0035611640196293592, -6.823450088500977)","(0.2831362187862396, 180.40902709960938, -0.005518188234418631)",-0.607962,0.035431,"(-0.002958, 0.000393, -0.008337)",LeftFalse_RightFalse,False,"(1.2798371315002441, -0.0038781319744884968, 35.63463592529297)","(0.22360548377037048, 346.84881591796875, 359.83837890625)",-1.0,1.0,"(-0.690886, 0.002652, 1.597411)",LeftFalse_RightFalse
30.203979,0.067,"(-0.772160530090332, 1.1845333576202393, -6.9574785232543945)","(354.683349609375, 184.34410095214844, 0.5648677349090576)","(-0.7110697031021118, 1.2560781240463257, -6.888710021972656)","(0.26430121064186096, 192.12258911132812, 0.04767249897122383)","(-1.1614530086517334, -0.0035432404838502407, -6.823549747467041)","(0.2684755325317383, 180.40904235839844, 359.9930114746094)",-0.620211,0.028229,"(-0.000129, 0.000027, 0.001286)",LeftFalse_RightFalse,False,"(1.2414789199829102, -0.003686638083308935, 35.713356018066406)","(0.3439013957977295, 345.97406005859375, 359.8823547363281)",-0.72358,1.0,"(-0.535967, 0.003023, 0.975055)",LeftFalse_RightFalse
30.271118,0.06703,"(-0.7712030410766602, 1.1846097707748413, -6.9568281173706055)","(354.7494201660156, 184.39352416992188, 0.6603836417198181)","(-0.711051344871521, 1.2560943365097046, -6.8877997398376465)","(0.21555711328983307, 192.12257385253906, 0.0382547527551651)","(-1.1614571809768677, -0.0035748304799199104, -6.82373046875)","(0.21883456408977509, 180.40907287597656, 359.9936828613281)",-0.624595,0.02298,"(0.000105, -0.000799, 0.002039)",LeftFalse_RightFalse,False,"(1.2158472537994385, -0.003492912510409951, 35.755592346191406)","(0.43342047929763794, 345.32305908203125, 359.9460754394531)",0.199438,1.0,"(-0.246705, 0.002527, 0.364456)",LeftFalse_RightFalse
30.3396,0.067316,"(-0.7701454758644104, 1.1846598386764526, -6.956089973449707)","(354.8780517578125, 184.29776000976562, 0.9000194668769836)","(-0.7110152244567871, 1.2560756206512451, -6.886773109436035)","(0.16047103703022003, 192.12255859375, 0.028227148577570915)","(-1.1614598035812378, -0.0036417704541236162, -6.823934078216553)","(0.16285981237888336, 180.40908813476562, -0.004939057398587465)",-0.625024,0.022064,"(0.000130, -0.001091, 0.001958)",LeftFalse_RightFalse,False,"(1.208363652229309, -0.0033562248572707176, 35.77631759643555)","(0.45362958312034607, 345.224365234375, 0.07620743662118912)",-0.148636,1.0,"(-0.005312, 0.001352, 0.247788)",LeftFalse_RightFalse
30.405762,0.067091,"(-0.7688263058662415, 1.1846832036972046, -6.954857349395752)","(355.00274658203125, 184.17929077148438, 1.1890043020248413)","(-0.7109845280647278, 1.2560389041900635, -6.885900020599365)","(0.1136293113231659, 192.12254333496094, 0.019864387810230255)","(-1.1614656448364258, -0.0037172017619013786, -6.824106216430664)","(0.11529581248760223, 180.40908813476562, -0.003617956768721342)",-0.625411,0.022095,"(0.000050, -0.001104, 0.001548)",LeftFalse_RightFalse,False,"(1.2094736099243164, -0.003321293042972684, 35.78543472290039)","(0.4229777753353119, 345.3336181640625, 0.11652319878339767)",0.086762,1.0,"(0.002266, -0.000047, -0.001483)",LeftFalse_RightFalse
30.473633,0.067241,"(-0.7676107883453369, 1.1846891641616821, -6.954221725463867)","(355.2171936035156, 184.05886840820312, 1.2830818891525269)","(-0.7109602689743042, 1.255997657775879, -6.885201454162598)","(0.07619107514619827, 192.12252807617188, 0.013188507407903671)","(-1.1614707708358765, -0.003788626752793789, -6.824243545532227)","(0.07728191465139389, 180.40908813476562, -0.0025542094372212887)",-0.629665,0.022095,"(0.000039, -0.000951, 0.001195)",LeftFalse_RightFalse,False,"(1.2095246315002441, -0.0033572057727724314, 35.78593063354492)","(0.35373106598854065, 345.34051513671875, 0.09214584529399872)",-0.330335,1.0,"(0.007314, -0.001050, 0.008290)",LeftFalse_RightFalse
30.538818,0.066822,"(-0.7664992809295654, 1.1839804649353027, -6.95392370223999)","(355.4354248046875, 183.95162963867188, 1.3359484672546387)","(-0.7109429836273193, 1.2559632062911987, -6.88470983505249)","(0.04984354227781296, 192.1225128173828, 0.00849993247538805)","(-1.161474347114563, -0.0038438853807747364, -6.824339866638184)","(0.050531186163425446, 180.40907287597656, -0.0017961477860808372)",-0.629979,0.022095,"(0.000029, -0.000743, 0.000879)",LeftFalse_RightFalse,False,"(1.2096105813980103, -0.0034504232462495565, 35.78675842285156)","(0.27190864086151123, 345.35382080078125, 0.06775186210870743)",-0.337921,1.0,"(0.001739, -0.001606, -0.002717)",LeftFalse_RightFalse
30.60498,0.066701,"(-0.7657056450843811, 1.1830519437789917, -6.955428600311279)","(356.4559020996094, 183.84518432617188, 1.3534291982650757)","(-0.7109304666519165, 1.2559367418289185, -6.8843607902526855)","(0.03115268237888813, 192.1225128173828, 0.005191655829548836)","(-1.161476969718933, -0.0038848118856549263, -6.824408054351807)","(0.03155793249607086, 180.40907287597656, -0.001240973942913115)",-0.63026,0.022095,"(0.000021, -0.000535, 0.000621)",LeftFalse_RightFalse,False,"(1.2094720602035522, -0.0035666406620293856, 35.78700637817383)","(0.19601109623908997, 345.3535461425781, 0.04689999297261238)",-0.344594,1.0,"(0.001408, -0.001765, -0.002446)",LeftFalse_RightFalse
30.669556,0.066272,"(-0.7649034261703491, 1.1820088624954224, -6.956784248352051)","(357.3968200683594, 183.69943237304688, 1.4341328144073486)","(-0.7109220027923584, 1.2559198141098022, -6.884135723114014)","(0.019077857956290245, 192.12249755859375, 0.003076358698308468)","(-1.1614787578582764, -0.003910950385034084, -6.8244524002075195)","(0.019305115565657616, 180.40907287597656, -0.0008608288480900228)",-0.630514,0.022095,"(0.000013, -0.000300, 0.000369)",LeftFalse_RightFalse,False,"(1.2093720436096191, -0.0036769500002264977, 35.787200927734375)","(0.13598427176475525, 345.3533630371094, 0.03261662274599075)",-0.342725,1.0,"(0.001014, -0.001561, -0.001833)",LeftFalse_RightFalse
30.735962,0.066311,"(-0.7643440961837769, 1.1799707412719727, -6.959880828857422)","(358.72454833984375, 183.38034057617188, 1.4783494472503662)","(-0.7109159231185913, 1.25590980052948, -6.883986949920654)","(0.011100304313004017, 192.12249755859375, 0.0016991903539747)","(-1.1614799499511719, -0.003926771227270365, -6.82448148727417)","(0.011214105412364006, 180.40907287597656, -0.0005897414521314204)",-0.630742,0.022095,"(0.000009, -0.000172, 0.000240)",LeftFalse_RightFalse,False,"(1.209299087524414, -0.003772278781980276, 35.787353515625)","(0.08951053768396378, 345.353271484375, 0.022345256060361862)",-0.342175,1.0,"(0.000761, -0.001258, -0.001377)",LeftFalse_RightFalse
30.803833,0.066613,"(-0.7638198733329773, 1.1772561073303223, -6.962617874145508)","(359.9504699707031, 183.09396362304688, 1.4748420715332031)","(-0.7109118700027466, 1.255905270576477, -6.883894920349121)","(0.006125817075371742, 192.12249755859375, 0.0008641182212159038)","(-1.1614809036254883, -0.003934677690267563, -6.82450008392334)","(0.006173678673803806, 180.40907287597656, -0.0003975197905674577)",-0.630948,0.022095,"(0.000006, -0.000078, 0.000151)",LeftFalse_RightFalse,False,"(1.2092481851577759, -0.003845276078209281, 35.78746032714844)","(0.05599852651357651, 345.35321044921875, 0.015129904262721539)",-0.341609,1.0,"(0.000555, -0.000929, -0.000989)",LeftFalse_RightFalse
30.871826,0.066882,"(-0.7625210285186768, 1.174418330192566, -6.965526580810547)","(1.8294727802276611, 182.68934631347656, 1.433547854423523)","(-0.7109089493751526, 1.2559047937393188, -6.883841037750244)","(0.0032754770945757627, 192.12249755859375, 0.0004052072181366384)","(-1.161481261253357, -0.003937044180929661, -6.824509620666504)","(0.0032895298209041357, 180.40907287597656, -0.0002682076010387391)",-0.627227,0.022095,"(0.000004, -0.000007, 0.000076)",LeftFalse_RightFalse,False,"(1.2092145681381226, -0.0038941113743931055, 35.78752899169922)","(0.03370804339647293, 345.3531799316406, 0.010241932235658169)",-0.34081,1.0,"(0.000352, -0.000547, -0.000599)",LeftFalse_RightFalse
30.938599,0.066871,"(-0.7602578401565552, 1.1690021753311157, -6.969229221343994)","(5.199094772338867, 181.955810546875, 1.4714090824127197)","(-0.7109071612358093, 1.2559062242507935, -6.883812427520752)","(0.0017363108927384019, 192.12249755859375, 0.00017371722788084298)","(-1.1614816188812256, -0.003936352673918009, -6.824515342712402)","(0.0017354199662804604, 180.40907287597656, -0.00018240045756101608)",-0.631299,0.022095,"(0.000003, 0.000022, 0.000043)",LeftFalse_RightFalse,False,"(1.209193229675293, -0.003923112526535988, 35.787574768066406)","(0.019618863239884377, 345.3531799316406, 0.006964297965168953)",-0.340866,1.0,"(0.000244, -0.000325, -0.000395)",LeftFalse_RightFalse
31.005615,0.066896,"(-0.7582236528396606, 1.1649205684661865, -6.972012042999268)","(7.868579387664795, 181.4630126953125, 1.5143073797225952)","(-0.7109061479568481, 1.2559086084365845, -6.883798122406006)","(0.0009448935743421316, 192.12249755859375, 6.939799641259015e-05)","(-1.1614819765090942, -0.00393428560346365, -6.82451868057251)","(0.0009393053478561342, 180.40907287597656, -0.0001238763506989926)",-0.631449,0.022095,"(0.000002, 0.000037, 0.000018)",LeftFalse_RightFalse,False,"(1.209179401397705, -0.003938255365937948, 35.787601470947266)","(0.010870940051972866, 345.3531494140625, 0.00471884198486805)",-0.340565,1.0,"(0.000147, -0.000125, -0.000214)",LeftFalse_RightFalse
31.072266,0.066858,"(-0.756340742111206, 1.1604506969451904, -6.973873138427734)","(10.177946090698242, 181.18482971191406, 1.7966631650924683)","(-0.7109055519104004, 1.2559112310409546, -6.883791446685791)","(0.0005927974125370383, 192.12249755859375, 3.7663692637579516e-05)","(-1.161482334136963, -0.0039317309856414795, -6.824519634246826)","(0.0005880988319404423, 180.40907287597656, -8.346839604200795e-05)",-0.627678,0.022095,"(0.000001, 0.000039, 0.000008)",LeftFalse_RightFalse,False,"(1.2091712951660156, -0.003943959251046181, 35.78761672973633)","(0.005783551372587681, 345.3531494140625, 0.0032104759011417627)",-0.340694,1.0,"(0.000099, -0.000035, -0.000129)",LeftFalse_RightFalse
31.139282,0.06689,"(-0.75517737865448, 1.1581701040267944, -6.975407123565674)","(11.383638381958008, 181.0674285888672, 2.0432517528533936)","(-0.7109050154685974, 1.2559136152267456, -6.883790016174316)","(0.0004647586902137846, 192.12249755859375, 3.9071419450920075e-05)","(-1.1614824533462524, -0.003929256461560726, -6.824520587921143)","(0.0004630123439710587, 180.40907287597656, -5.609599611489102e-05)",-0.627799,0.022095,"(0.000001, 0.000035, 0.000002)",LeftFalse_RightFalse,False,"(1.2091662883758545, -0.003944294061511755, 35.787628173828125)","(0.002898670267313719, 345.3531494140625, 0.0021754540503025055)",-0.340708,1.0,"(0.000067, 0.000023, -0.000074)",LeftFalse_RightFalse
31.206299,0.066899,"(-0.7543990612030029, 1.1566828489303589, -6.977902412414551)","(11.937234878540039, 181.10333251953125, 2.133232355117798)","(-0.7109047174453735, 1.255915641784668, -6.883789539337158)","(0.00044913397869095206, 192.12249755859375, 5.428759686765261e-05)","(-1.161482572555542, -0.0039271460846066475, -6.824520587921143)","(0.00045080212294124067, 180.40907287597656, -3.802460923907347e-05)",-0.627908,0.022095,"(0.000000, 0.000029, -0.000001)",LeftFalse_RightFalse,False,"(1.2091634273529053, -0.003941669128835201, 35.78763198852539)","(0.0013841296313330531, 345.3531494140625, 0.001471825991757214)",-0.340735,1.0,"(0.000040, 0.000052, -0.000032)",LeftFalse_RightFalse
31.271851,0.066646,"(-0.7536412477493286, 1.1544809341430664, -6.980513095855713)","(12.666159629821777, 181.03372192382812, 2.3040874004364014)","(-0.7109044790267944, 1.2559171915054321, -6.883790493011475)","(0.0004813742998521775, 192.12249755859375, 7.350062514888123e-05)","(-1.161482572555542, -0.0039254166185855865, -6.824520587921143)","(0.0004862715722993016, 180.40907287597656, -2.5757020921446383e-05)",-0.631913,0.022095,"(0.000000, 0.000023, -0.000002)",LeftFalse_RightFalse,False,"(1.2091619968414307, -0.003937998786568642, 35.787635803222656)","(0.00068317586556077, 345.3531494140625, 0.0010040131164714694)",-0.340775,1.0,"(0.000028, 0.000058, -0.000015)",LeftFalse_RightFalse
31.337402,0.06642,"(-0.7533398866653442, 1.1519404649734497, -6.984394550323486)","(13.936796188354492, 180.7248992919922, 2.1026105880737305)","(-0.7109044790267944, 1.2559183835983276, -6.883790969848633)","(0.0005267367814667523, 192.12249755859375, 9.096504072658718e-05)","(-1.1614826917648315, -0.0039241723716259, -6.824520111083984)","(0.0005342350341379642, 180.40907287597656, -1.7865628251456656e-05)",-0.632001,0.022095,"(0.000000, 0.000016, -0.000002)",LeftFalse_RightFalse,False,"(1.2091610431671143, -0.003934256732463837, 35.78763961791992)","(0.0003987243107985705, 345.3531494140625, 0.0006845368188805878)",-0.34077,1.0,"(0.000020, 0.000055, -0.000006)",LeftFalse_RightFalse
31.403809,0.066409,"(-0.7527581453323364, 1.1503323316574097, -6.986720561981201)","(15.026445388793945, 180.12954711914062, 1.599437952041626)","(-0.7109043002128601, 1.2559192180633545, -6.883791923522949)","(0.0005703414790332317, 192.12249755859375, 0.00010613226186251268)","(-1.1614826917648315, -0.003923169337213039, -6.824520111083984)","(0.000580010877456516, 180.40907287597656, -1.1866743079735897e-05)",-0.632081,0.022095,"(0.000000, 0.000013, -0.000002)",LeftFalse_RightFalse,False,"(1.2091608047485352, -0.003930854145437479, 35.78763961791992)","(0.0003283000842202455, 345.3531494140625, 0.00046296403161250055)",-0.340759,1.0,"(0.000015, 0.000048, -0.000001)",LeftFalse_RightFalse
31.468872,0.066142,"(-0.7521673440933228, 1.1521319150924683, -6.991294860839844)","(14.448844909667969, 179.89463806152344, 0.5176544785499573)","(-0.7109042406082153, 1.2559199333190918, -6.883791923522949)","(0.0006062138709239662, 192.12249755859375, 0.0001173630153061822)","(-1.1614826917648315, -0.003922495990991592, -6.824519157409668)","(0.0006174161098897457, 180.40907287597656, -8.152545888151508e-06)",-0.632152,0.022095,"(0.000000, 0.000008, -0.000001)",LeftFalse_RightFalse,False,"(1.2091606855392456, -0.003928184974938631, 35.78763961791992)","(0.0003590535488910973, 345.3531494140625, 0.0003142762288916856)",-0.340732,1.0,"(0.000011, 0.000034, 0.000001)",LeftFalse_RightFalse
31.532104,0.065551,"(-0.7525278925895691, 1.1544103622436523, -6.995450496673584)","(13.277655601501465, 179.85882568359375, 359.7575378417969)","(-0.7109041213989258, 1.255920171737671, -6.883792400360107)","(0.0006326807197183371, 192.12249755859375, 0.0001248076296178624)","(-1.161482572555542, -0.003922075033187866, -6.824519157409668)","(0.0006448433268815279, 180.40907287597656, -6.236198260012316e-06)",-0.632217,0.022095,"(0.000000, 0.000005, -0.000001)",LeftFalse_RightFalse,False,"(1.209160566329956, -0.003926178440451622, 35.787635803222656)","(0.00042375302291475236, 345.3531494140625, 0.00022307343897409737)",-0.340732,1.0,"(0.000002, 0.000028, 0.000003)",LeftFalse_RightFalse
31.597412,0.065516,"(-0.7524484395980835, 1.1575467586517334, -6.999547004699707)","(11.943282127380371, 179.5833282470703, 359.30633544921875)","(-0.7109042406082153, 1.25592041015625, -6.883792877197266)","(0.0006519100861623883, 192.12249755859375, 0.00013099797070026398)","(-1.161482810974121, -0.003921860363334417, -6.824519157409668)","(0.0006649289280176163, 180.40907287597656, -4.078634901816258e-06)",-0.632275,0.022095,"(0.000000, 0.000003, -0.000001)",LeftFalse_RightFalse,False,"(1.209160327911377, -0.003924565855413675, 35.787635803222656)","(0.000495090673211962, 345.3531494140625, 0.0001561610260978341)",-0.34073,1.0,"(0.000001, 0.000021, 0.000003)",LeftFalse_RightFalse
31.66394,0.065709,"(-0.7529551982879639, 1.1618367433547974, -7.003479957580566)","(10.753998756408691, 179.2760772705078, 359.4397277832031)","(-0.7109042406082153, 1.25592041015625, -6.883793354034424)","(0.0006656248006038368, 192.12249755859375, 0.00013496378960553557)","(-1.161482810974121, -0.003921749535948038, -6.824519157409668)","(0.0006791632040403783, 180.40907287597656, -2.9797408842568984e-06)",-0.632327,0.022095,"(0.000000, 0.000002, 0.000000)",LeftFalse_RightFalse,False,"(1.2091602087020874, -0.003923438489437103, 35.787635803222656)","(0.0005573054077103734, 345.3531494140625, 0.00010824540368048474)",-0.340718,1.0,"(0.000001, 0.000015, 0.000002)",LeftFalse_RightFalse
31.72644,0.06508,"(-0.7527778148651123, 1.1670136451721191, -7.006258487701416)","(9.015592575073242, 178.99940490722656, 359.9232482910156)","(-0.7109042406082153, 1.2559205293655396, -6.883793354034424)","(0.0006734863272868097, 192.12249755859375, 0.00013797852443531156)","(-1.161482810974121, -0.0039216564036905766, -6.824519157409668)","(0.0006874731043353677, 180.40907287597656, -1.6238080888797413e-06)",-0.632374,0.022095,"(0.000000, 0.000001, 0.000000)",LeftFalse_RightFalse,False,"(1.2091600894927979, -0.003922631498426199, 35.787635803222656)","(0.0006028898642398417, 345.3531494140625, 7.641682896064594e-05)",-0.340718,1.0,"(0.000001, 0.000009, 0.000002)",LeftFalse_RightFalse
31.787598,0.064295,"(-0.7521792650222778, 1.1730616092681885, -7.008336544036865)","(7.618773937225342, 178.81430053710938, 0.3522551953792572)","(-0.7109042406082153, 1.2559205293655396, -6.883793354034424)","(0.0006783137214370072, 192.12249755859375, 0.00013999939255882055)","(-1.161482810974121, -0.003921598196029663, -6.824519157409668)","(0.0006926101632416248, 180.40907287597656, -6.250597266443947e-07)",-0.632416,0.022095,"(0.000000, 0.000000, 0.000000)",LeftFalse_RightFalse,False,"(1.2091599702835083, -0.003922151401638985, 35.787635803222656)","(0.000635849719401449, 345.3531494140625, 5.3392144764075056e-05)",-0.340713,1.0,"(0.000000, 0.000006, 0.000001)",LeftFalse_RightFalse
