ScenarioTime,FrameRate,A VR Pos,A VR Rot,A XR Origin Pos,A XR Origin  Rot,A car Pos,A car Rot,A accel,A steering,A velocity,A indicators,A Horn Button,0 car Pos,0 car Rot,0 accel,0 steering,0 velocity,0 indicators
0.0,0.013665,"(-37.0716667175293, 1.2317417860031128, -0.9996222257614136)","(342.5364990234375, 89.34901428222656, 357.62371826171875)","(-37.14357376098633, 1.2977142333984375, 0.791426420211792)","(359.9206237792969, 105.0045166015625, 359.9786682128906)","(-37.18967819213867, 0.035543061792850494, -1.3999998569488525)","(359.9178161621094, 89.960205078125, -6.003102015483819e-08)",0.0,-0.072784,"(-0.005794, -2.232525, -0.000004)",LeftFalse_RightFalse,False,"(-1.149998664855957, -0.00935435201972723, 35.6098747253418)","(359.9922790527344, 179.3706512451172, 3.666174734462402e-06)",0.0,0.0,"(0.000007, 0.050751, -0.000624)",LeftFalse_RightFalse
0.054565,0.021846,"(-37.07304000854492, 1.1513606309890747, -0.9999370574951172)","(342.3865966796875, 89.22579193115234, 357.56243896484375)","(-37.14573669433594, 1.2171447277069092, 0.7914280891418457)","(359.7967224121094, 105.00965881347656, 359.9453125)","(-37.189208984375, -0.04513169825077057, -1.3999910354614258)","(359.7895202636719, 89.96525573730469, -4.8171834350796416e-05)",0.0,-0.07074,"(-0.002284, -0.968809, 0.000229)",LeftFalse_RightFalse,False,"(-1.1499990224838257, -0.007174566853791475, 35.60990905761719)","(0.002297555096447468, 179.37066650390625, 2.387319227636908e-06)",1.0,-0.092498,"(0.000004, 0.032141, -0.000347)",LeftFalse_RightFalse
0.11853,0.030257,"(-37.074485778808594, 1.1150130033493042, -1.000095009803772)","(342.4403991699219, 88.91510772705078, 357.5682373046875)","(-37.14775848388672, 1.1806483268737793, 0.7914340496063232)","(359.69573974609375, 105.00888061523438, 359.9181823730469)","(-37.18889236450195, -0.08170735090970993, -1.39998459815979)","(359.6849365234375, 89.96435546875, -3.7313140637706965e-05)",0.0,-0.067505,"(-0.005861, -0.280229, 0.000014)",LeftFalse_RightFalse,False,"(-1.1496901512145996, -0.00557703385129571, 35.604984283447266)","(359.99420166015625, 179.36106872558594, -0.0023445449769496918)",-0.605074,-0.083246,"(0.008133, 0.019326, -0.144180)",LeftFalse_RightFalse
0.186646,0.037831,"(-37.07429122924805, 1.1108866930007935, -0.9996656179428101)","(342.8069763183594, 88.55293273925781, 357.55096435546875)","(-37.14870834350586, 1.1772547960281372, 0.7914266586303711)","(359.6639404296875, 105.00970458984375, 359.9097595214844)","(-37.18914794921875, -0.08512033522129059, -1.399993658065796)","(359.65203857421875, 89.96514129638672, 8.738000906305388e-05)",0.0,-0.067383,"(-0.003163, 0.126268, -0.000010)",LeftFalse_RightFalse,False,"(-1.1494123935699463, -0.004621819593012333, 35.601261138916016)","(0.0030670256819576025, 179.3552703857422, -0.0014962434070184827)",0.151076,-0.083503,"(0.000447, 0.009443, -0.000393)",LeftFalse_RightFalse
0.252075,0.04334,"(-37.07372283935547, 1.1220929622650146, -0.9988965392112732)","(342.9214172363281, 88.42107391357422, 357.59283447265625)","(-37.14862823486328, 1.1887321472167969, 0.7914173603057861)","(359.6899108886719, 105.00963592529297, 359.9167785644531)","(-37.189659118652344, -0.07362257689237595, -1.4000039100646973)","(359.678955078125, 89.96511840820312, 0.00010699018457671627)",0.0,-0.067383,"(-0.006397, 0.225554, -0.000264)",LeftFalse_RightFalse,False,"(-1.149369239807129, -0.004134461283683777, 35.600669860839844)","(0.008896151557564735, 179.3535919189453, -0.00016271752247121185)",0.427656,-0.083814,"(0.001249, 0.005034, -0.022161)",LeftFalse_RightFalse
0.313232,0.046911,"(-37.07316970825195, 1.136358380317688, -0.9986611604690552)","(343.1004333496094, 88.507080078125, 357.70111083984375)","(-37.148170471191406, 1.2031408548355103, 0.791400671005249)","(359.740966796875, 105.00981903076172, 359.9305419921875)","(-37.19037628173828, -0.059171952307224274, -1.400022268295288)","(359.7318115234375, 89.96536254882812, 0.0001650069170864299)",0.0,-0.066376,"(-0.005743, 0.239244, -0.000289)",LeftFalse_RightFalse,False,"(-1.1492005586624146, -0.003911087289452553, 35.59752655029297)","(0.0034972568973898888, 179.34910583496094, -0.0005855454364791512)",0.221916,-0.084121,"(0.004119, 0.002282, -0.082544)",LeftFalse_RightFalse
0.375,0.049886,"(-37.072479248046875, 1.1502968072891235, -0.9985798597335815)","(343.1151123046875, 88.66989135742188, 357.7890930175781)","(-37.14744186401367, 1.2171903848648071, 0.7913845777511597)","(359.8004150390625, 105.01090240478516, 359.94647216796875)","(-37.19104766845703, -0.04507661610841751, -1.400037407875061)","(359.7933654785156, 89.96649932861328, 0.0001220770791405812)",0.0,-0.061554,"(-0.004862, 0.213184, -0.000248)",LeftFalse_RightFalse,False,"(-1.1489052772521973, -0.0038219867274165154, 35.591331481933594)","(359.9939880371094, 179.34031677246094, -0.0012385353911668062)",0.09128,-0.084455,"(0.005233, 0.000720, -0.113920)",LeftFalse_RightFalse
0.440308,0.052966,"(-37.072731018066406, 1.1626615524291992, -0.9990473389625549)","(343.00128173828125, 88.93077850341797, 357.78460693359375)","(-37.1468505859375, 1.2296500205993652, 0.7913690805435181)","(359.8600769042969, 105.009521484375, 359.9624938964844)","(-37.19176483154297, -0.03256900608539581, -1.4000540971755981)","(359.8551330566406, 89.96517944335938, 9.124067582888529e-05)",0.0,-0.058777,"(-0.006623, 0.173003, -0.000310)",LeftFalse_RightFalse,False,"(-1.148547887802124, -0.0038047682028263807, 35.583370208740234)","(359.9877014160156, 179.3271942138672, -0.0014310355763882399)",0.048834,-0.084808,"(0.005618, -0.000037, -0.126256)",LeftFalse_RightFalse
0.509155,0.056157,"(-37.07414627075195, 1.1725618839263916, -0.998796820640564)","(342.78656005859375, 89.3112564086914, 357.69757080078125)","(-37.14632797241211, 1.2396280765533447, 0.7913563251495361)","(359.9117431640625, 105.00878143310547, 359.976318359375)","(-37.1923942565918, -0.022549638524651527, -1.40006685256958)","(359.90863037109375, 89.96446228027344, 2.8698170353891328e-05)",0.0,-0.054352,"(-0.005869, 0.119247, -0.000245)",LeftFalse_RightFalse,False,"(-1.1481609344482422, -0.0038220956921577454, 35.57449722290039)","(359.9861755371094, 179.3146209716797, -0.0012298108777031302)",-0.03747,-0.085206,"(0.005778, -0.000368, -0.132174)",LeftFalse_RightFalse
0.571289,0.057345,"(-37.07637023925781, 1.1789567470550537, -0.9991204142570496)","(342.6741027832031, 89.80091857910156, 357.697509765625)","(-37.146053314208984, 1.2460719347000122, 0.7913445234298706)","(359.9468994140625, 105.00901794433594, 359.9857482910156)","(-37.192928314208984, -0.016075773164629936, -1.4000786542892456)","(359.94500732421875, 89.96470642089844, 1.8397828171146102e-05)",0.0,-0.049377,"(-0.004307, 0.085589, -0.000141)",LeftFalse_RightFalse,False,"(-1.1478666067123413, -0.003844592487439513, 35.56958770751953)","(-0.00021434665541164577, 179.3085479736328, -0.0006306232535280287)",0.311505,-0.085481,"(0.001024, -0.000076, -0.000716)",LeftFalse_RightFalse
0.638062,0.059227,"(-37.07831573486328, 1.184374213218689, -0.9996833801269531)","(342.37738037109375, 90.04171752929688, 357.8052978515625)","(-37.14595413208008, 1.2508469820022583, 0.791335940361023)","(359.97320556640625, 105.00813293457031, 359.9927673339844)","(-37.193397521972656, -0.011279283091425896, -1.4000872373580933)","(359.97222900390625, 89.96382904052734, -2.25599724217318e-05)",0.0,-0.041779,"(-0.004694, 0.059149, -0.000131)",LeftFalse_RightFalse,False,"(-1.14775550365448, -0.0038507464341819286, 35.56804275512695)","(0.008827786892652512, 179.3052215576172, 0.0004261911672074348)",-0.024051,-0.085786,"(0.002577, -0.000142, -0.046064)",LeftFalse_RightFalse
0.702637,0.060287,"(-37.07975387573242, 1.1893113851547241, -0.9996829032897949)","(342.00921630859375, 89.9039077758789, 358.0262756347656)","(-37.14599609375, 1.2538734674453735, 0.791327953338623)","(359.98968505859375, 105.00877380371094, -0.002799841808155179)","(-37.19384002685547, -0.00823815818876028, -1.4000952243804932)","(359.98931884765625, 89.9644775390625, -2.517297980375588e-05)",0.0,-0.035339,"(-0.003792, 0.039467, -0.000074)",LeftFalse_RightFalse,False,"(-1.147660255432129, -0.003861083881929517, 35.5667610168457)","(0.01408041175454855, 179.30247497558594, 0.0009747006115503609)",0.08957,-0.086085,"(0.000392, -0.000096, -0.000187)",LeftFalse_RightFalse
0.768311,0.06137,"(-37.080196380615234, 1.1938689947128296, -0.9990046620368958)","(341.7398986816406, 89.6785888671875, 358.3269348144531)","(-37.146080017089844, 1.2558093070983887, 0.7913212776184082)","(-0.0006427791086025536, 105.0102310180664, -0.00022048738901503384)","(-37.19419860839844, -0.00629465002566576, -1.4001002311706543)","(-0.0006779792602173984, 89.9659423828125, -4.608678136719391e-05)",0.0,-0.03476,"(-0.003732, 0.021775, -0.000043)",LeftFalse_RightFalse,False,"(-1.1476200819015503, -0.003869147039949894, 35.56614685058594)","(0.01409703679382801, 179.30052185058594, 0.001151693519204855)",-0.02014,-0.086408,"(0.000981, -0.000158, -0.018126)",LeftFalse_RightFalse
0.831299,0.061696,"(-37.07903289794922, 1.1958558559417725, -0.9991794228553772)","(341.7747497558594, 89.4146499633789, 358.6059875488281)","(-37.14630889892578, 1.2569355964660645, 0.7913175821304321)","(0.004242284689098597, 105.00969696044922, 0.0010977503843605518)","(-37.19451904296875, -0.005163711495697498, -1.4001046419143677)","(0.004381820093840361, 89.96540832519531, -4.1026152757694945e-05)",0.0,-0.03476,"(-0.005728, 0.013319, -0.000099)",LeftFalse_RightFalse,False,"(-1.1475725173950195, -0.003879590891301632, 35.565433502197266)","(0.01271466352045536, 179.2989044189453, 0.0010221124393865466)",0.034753,-0.086715,"(0.000144, -0.000136, 0.000033)",LeftFalse_RightFalse
0.89856,0.06282,"(-37.076778411865234, 1.1961443424224854, -0.9997719526290894)","(342.1748046875, 89.2283706665039, 358.6553039550781)","(-37.146541595458984, 1.2576316595077515, 0.7913143634796143)","(0.006166813895106316, 105.00965118408203, 0.001599071198143065)","(-37.194793701171875, -0.0044665164314210415, -1.4001076221466064)","(0.006370513699948788, 89.9653549194336, -5.6430144468322396e-05)",0.0,-0.034576,"(-0.003718, 0.007771, -0.000036)",LeftFalse_RightFalse,False,"(-1.147558331489563, -0.0038887937553226948, 35.565250396728516)","(0.010749486275017262, 179.30010986328125, 0.0009426574106328189)",-0.003083,-0.087073,"(0.000347, -0.000136, -0.005775)",LeftFalse_RightFalse
0.966553,0.063857,"(-37.074668884277344, 1.1954823732376099, -1.0003917217254639)","(343.0373840332031, 89.18386840820312, 358.4167785644531)","(-37.14678955078125, 1.2580028772354126, 0.7913103103637695)","(0.006440851371735334, 105.01070404052734, 0.001683901995420456)","(-37.19508743286133, -0.004094695672392845, -1.4001109600067139)","(0.006657178979367018, 89.9664077758789, -4.563790571410209e-05)",0.0,-0.034576,"(-0.005193, 0.003425, -0.000076)",LeftFalse_RightFalse,False,"(-1.1475391387939453, -0.0038978923112154007, 35.56501007080078)","(0.008607763797044754, 179.29893493652344, 0.0007636467926204205)",0.013544,-0.08741,"(0.000021, -0.000111, 0.000071)",LeftFalse_RightFalse
1.02771,0.063305,"(-37.072818756103516, 1.1953495740890503, -1.0017009973526)","(343.43597412109375, 89.19556427001953, 358.1773681640625)","(-37.147071838378906, 1.2581654787063599, 0.7913049459457397)","(0.006119759287685156, 105.01189422607422, 0.0016345300246030092)","(-37.19540786743164, -0.003930875100195408, -1.4001160860061646)","(0.006334275472909212, 89.96759033203125, -9.973267879104242e-06)",0.0,-0.034698,"(-0.005428, 0.001640, -0.000086)",LeftFalse_RightFalse,False,"(-1.1475341320037842, -0.003904360346496105, 35.5649528503418)","(0.006741093471646309, 179.2988739013672, 0.0006303841364569962)",0.006439,-0.087721,"(0.000161, -0.000098, -0.002637)",LeftFalse_RightFalse
1.091675,0.063434,"(-37.07064437866211, 1.1946386098861694, -1.002673864364624)","(343.637451171875, 89.12446594238281, 357.89862060546875)","(-37.14735412597656, 1.2582405805587769, 0.7912991046905518)","(0.0052666743285954, 105.01333618164062, 0.0014185617910698056)","(-37.19572830200195, -0.003856121562421322, -1.4001212120056152)","(0.005454372614622116, 89.96903991699219, 2.892324573622318e-06)",0.0,-0.034698,"(-0.003800, 0.000625, -0.000041)",LeftFalse_RightFalse,False,"(-1.1475259065628052, -0.003910086117684841, 35.56480026245117)","(0.004847561474889517, 179.30003356933594, 0.0004763941396959126)",0.002232,-0.088063,"(0.000166, -0.000080, -0.003238)",LeftFalse_RightFalse
1.159546,0.064321,"(-37.0692138671875, 1.1943622827529907, -1.0032488107681274)","(343.9027404785156, 88.99210357666016, 357.6227111816406)","(-37.14767074584961, 1.2582647800445557, 0.7912967205047607)","(0.003973379265516996, 105.0125732421875, 0.0010427702218294144)","(-37.19598388671875, -0.0038341046310961246, -1.4001235961914062)","(0.0041078608483076096, 89.96827697753906, -2.4323582692886703e-05)",0.0,-0.034698,"(-0.002808, 0.000089, -0.000009)",LeftFalse_RightFalse,False,"(-1.147512674331665, -0.003914903849363327, 35.5645637512207)","(0.0031291525810956955, 179.30001831054688, 0.0002924624423030764)",-0.003624,-0.088417,"(0.000206, -0.000063, -0.003675)",LeftFalse_RightFalse
1.222656,0.064072,"(-37.068450927734375, 1.1936360597610474, -1.0042277574539185)","(344.1824951171875, 89.19478607177734, 357.28680419921875)","(-37.14789581298828, 1.2582608461380005, 0.791293740272522)","(0.0030071500223129988, 105.01333618164062, 0.0007796324789524078)","(-37.19621658325195, -0.0038389607798308134, -1.4001258611679077)","(0.003106447635218501, 89.96903991699219, -2.7642481654766016e-05)",0.0,-0.034698,"(-0.003435, -0.000163, -0.000028)",LeftFalse_RightFalse,False,"(-1.1475119590759277, -0.003917947877198458, 35.56452941894531)","(0.002598631428554654, 179.30062866210938, 0.00026281827013008296)",0.012536,-0.088746,"(0.000004, -0.000038, 0.000018)",LeftFalse_RightFalse
1.284546,0.063639,"(-37.068763732910156, 1.1933609247207642, -1.0060815811157227)","(344.1343078613281, 89.37846374511719, 357.1370544433594)","(-37.14814376831055, 1.258246660232544, 0.7912896871566772)","(0.0024189637042582035, 105.01416778564453, 0.000642164028249681)","(-37.19648361206055, -0.003853002330288291, -1.4001294374465942)","(0.0025027389638125896, 89.9698715209961, -7.726171133981552e-06)",0.0,-0.034698,"(-0.004290, -0.000251, -0.000057)",LeftFalse_RightFalse,False,"(-1.1475088596343994, -0.003919747658073902, 35.564476013183594)","(0.0020042569376528263, 179.30052185058594, 0.00019960798090323806)",0.001261,-0.089066,"(0.000048, -0.000027, -0.001126)",LeftFalse_RightFalse
1.345581,0.063134,"(-37.0697135925293, 1.193247675895691, -1.0066001415252686)","(343.9634094238281, 89.49755096435547, 357.0812683105469)","(-37.148414611816406, 1.2582311630249023, 0.7912865877151489)","(0.0019150286680087447, 105.01402282714844, 0.0005161415319889784)","(-37.196739196777344, -0.003868683008477092, -1.4001330137252808)","(0.0019833650439977646, 89.9697265625, 1.374979774482199e-06)",0.0,-0.034729,"(-0.004229, -0.000246, -0.000054)",LeftFalse_RightFalse,False,"(-1.1475001573562622, -0.003921044059097767, 35.56432342529297)","(0.0013350833905860782, 179.29754638671875, 0.00010266255412716419)",0.003634,-0.089354,"(0.000171, -0.000017, -0.002908)",LeftFalse_RightFalse
1.413452,0.064079,"(-37.07095718383789, 1.1939064264297485, -1.0066397190093994)","(343.72021484375, 89.46416473388672, 357.1552734375)","(-37.14875411987305, 1.2582162618637085, 0.7912853956222534)","(0.0013776635751128197, 105.01195526123047, 0.00036204286152496934)","(-37.19698715209961, -0.0038843820802867413, -1.4001356363296509)","(0.0014244185294955969, 89.96765899658203, -7.960250513860956e-06)",0.0,-0.033905,"(-0.004106, -0.000209, -0.000054)",LeftFalse_RightFalse,False,"(-1.1474905014038086, -0.003922019153833389, 35.56415557861328)","(0.0009373968932777643, 179.2960205078125, 6.377729005180299e-05)",0.007277,-0.089691,"(0.000158, -0.000013, -0.003019)",LeftFalse_RightFalse
1.479248,0.064419,"(-37.07154846191406, 1.194104552268982, -1.0066521167755127)","(343.665771484375, 89.3149185180664, 357.3362121582031)","(-37.14909362792969, 1.2582038640975952, 0.7912836074829102)","(0.0011620782315731049, 105.0103530883789, 0.0003107826050836593)","(-37.19725799560547, -0.003896554233506322, -1.4001388549804688)","(0.001202917075715959, 89.96605682373047, -1.5050989077280974e-06)",0.0,-0.029297,"(-0.003953, -0.000163, -0.000048)",LeftFalse_RightFalse,False,"(-1.1474766731262207, -0.003922593779861927, 35.56391906738281)","(0.0005239970632828772, 179.2963409423828, -4.6004106479813345e-06)",-0.000341,-0.090033,"(0.000213, -0.000008, -0.003868)",LeftFalse_RightFalse
1.540771,0.063849,"(-37.07318115234375, 1.1933972835540771, -1.0048277378082275)","(343.8575439453125, 89.28031158447266, 357.65960693359375)","(-37.149391174316406, 1.2581955194473267, 0.7912807464599609)","(0.001054583233781159, 105.00962829589844, 0.00028785638278350234)","(-37.19752502441406, -0.003904972691088915, -1.4001421928405762)","(0.0010931554716080427, 89.96532440185547, 4.2565702642605174e-06)",0.0,-0.027344,"(-0.004415, -0.000119, -0.000055)",LeftFalse_RightFalse,False,"(-1.1474757194519043, -0.003922604024410248, 35.563880920410156)","(0.0008885422139428556, 179.29722595214844, 5.4661133617628366e-05)",0.013716,-0.090359,"(0.000013, 0.000005, -0.000013)",LeftFalse_RightFalse
1.609375,0.064782,"(-37.075504302978516, 1.1930921077728271, -1.0036563873291016)","(343.933349609375, 89.31903076171875, 357.8633728027344)","(-37.14966583251953, 1.258189082145691, 0.7912780046463013)","(0.0008946193847805262, 105.00955963134766, 0.00024067185586318374)","(-37.19779586791992, -0.003911580890417099, -1.400145173072815)","(0.0009264270775020123, 89.96527099609375, 2.104209926301337e-07)",0.0,-0.027344,"(-0.002998, -0.000075, -0.000022)",LeftFalse_RightFalse,False,"(-1.1474741697311401, -0.003922225441783667, 35.56383514404297)","(0.0010008116951212287, 179.29910278320312, 7.98554829088971e-05)",0.001249,-0.090732,"(0.000135, 0.000005, -0.002559)",LeftFalse_RightFalse
1.67395,0.064758,"(-37.07841491699219, 1.1921855211257935, -1.0020475387573242)","(344.08416748046875, 89.44391632080078, 358.0069580078125)","(-37.14994812011719, 1.2581846714019775, 0.7912750244140625)","(0.0009063841425813735, 105.00946807861328, 0.0002535998937673867)","(-37.19807434082031, -0.00391569547355175, -1.4001483917236328)","(0.0009411443606950343, 89.96517944335938, 9.641534234106075e-06)",0.0,-0.027344,"(-0.005129, -0.000051, -0.000074)",LeftFalse_RightFalse,False,"(-1.1474628448486328, -0.003922134637832642, 35.563636779785156)","(0.0006083468906581402, 179.3004608154297, 6.133736860647332e-06)",0.004683,-0.09108,"(0.000047, -0.000002, -0.001671)",LeftFalse_RightFalse
1.736572,0.064316,"(-37.08269119262695, 1.1909831762313843, -1.0006599426269531)","(344.1335144042969, 89.6131362915039, 358.1437683105469)","(-37.150211334228516, 1.2581825256347656, 0.7912724018096924)","(0.0008087083115242422, 105.00906372070312, 0.00022187417198438197)","(-37.19831848144531, -0.003918175585567951, -1.400151252746582)","(0.0008385811815969646, 89.96475982666016, 4.356490990176098e-06)",0.0,-0.027344,"(-0.004286, -0.000033, -0.000055)",LeftFalse_RightFalse,False,"(-1.1474542617797852, -0.003922248259186745, 35.5634651184082)","(0.0005161536391824484, 179.30015563964844, 2.341743538636365e-06)",0.004435,-0.0914,"(0.000133, -0.000002, -0.002937)",LeftFalse_RightFalse
1.800293,0.064198,"(-37.08550262451172, 1.190523624420166, -0.9998550415039062)","(343.6215515136719, 89.72462463378906, 358.32354736328125)","(-37.15043640136719, 1.258181095123291, 0.7912693023681641)","(0.0007174445199780166, 105.00948333740234, 0.00019250650075264275)","(-37.19855880737305, -0.003919809591025114, -1.4001538753509521)","(0.000742822652682662, 89.96517944335938, -3.156314960506279e-07)",0.0,-0.026947,"(-0.005063, -0.000021, -0.000066)",LeftFalse_RightFalse,False,"(-1.1474426984786987, -0.003922434523701668, 35.563232421875)","(0.0003610208514146507, 179.2994842529297, -1.773030453477986e-05)",-0.000582,-0.091726,"(0.000125, -0.000002, -0.002991)",LeftFalse_RightFalse
1.867188,0.064753,"(-37.08989715576172, 1.191972255706787, -0.9986981153488159)","(342.7723693847656, 89.64515686035156, 358.5585021972656)","(-37.15068054199219, 1.258180856704712, 0.7912667989730835)","(0.0005624680779874325, 105.00935363769531, 0.00013568023859988898)","(-37.198795318603516, -0.0039208512753248215, -1.4001559019088745)","(0.0005784076638519764, 89.96504974365234, -1.496764161856845e-05)",0.0,-0.026917,"(-0.002820, -0.000012, -0.000014)",LeftFalse_RightFalse,False,"(-1.1474268436431885, -0.003922486212104559, 35.56305694580078)","(0.0007544356631115079, 179.29881286621094, -2.276642590004485e-05)",0.010245,-0.092059,"(0.000031, 0.000013, -0.000016)",LeftFalse_RightFalse
1.931274,0.064603,"(-37.093605041503906, 1.1924289464950562, -0.9977512359619141)","(342.2416076660156, 89.5232162475586, 358.6036376953125)","(-37.150814056396484, 1.258180022239685, 0.791263222694397)","(0.0005549291963689029, 105.01165771484375, 0.00013630196917802095)","(-37.19901657104492, -0.0039215488359332085, -1.4001578092575073)","(0.0005712886922992766, 89.96736145019531, -1.2410383533278946e-05)",0.0,-0.026917,"(-0.001334, -0.000006, 0.000016)",LeftFalse_RightFalse,False,"(-1.1474204063415527, -0.003921826835721731, 35.56298828125)","(0.0008415891788899899, 179.29983520507812, -1.4137006473902147e-05)",-0.002815,-0.092396,"(0.000138, 0.000005, -0.001761)",LeftFalse_RightFalse
1.992676,0.06396,"(-37.095726013183594, 1.1925867795944214, -0.997227668762207)","(342.1394348144531, 89.47173309326172, 358.5278015136719)","(-37.150943756103516, 1.2581796646118164, 0.7912607192993164)","(0.0005307887331582606, 105.0130386352539, 0.00013228488387539983)","(-37.19919967651367, -0.0039217714220285416, -1.4001591205596924)","(0.0005469328025355935, 89.96874237060547, -1.0023684808402322e-05)",0.0,-0.026917,"(-0.004422, -0.000005, -0.000056)",LeftFalse_RightFalse,False,"(-1.1474108695983887, -0.003921824507415295, 35.56288146972656)","(0.0009327010484412313, 179.29959106445312, -8.743933904042933e-06)",0.013234,-0.092711,"(0.000044, 0.000009, -0.000008)",LeftFalse_RightFalse
2.057007,0.064036,"(-37.09757995605469, 1.192650556564331, -0.9974684715270996)","(342.2466735839844, 89.57482147216797, 358.4480895996094)","(-37.15110778808594, 1.2581796646118164, 0.791258692741394)","(0.0004977824282832444, 105.01387023925781, 0.00012087506183888763)","(-37.19939422607422, -0.003921926021575928, -1.4001604318618774)","(0.0005120962159708142, 89.96957397460938, -1.2475184121285565e-05)",0.0,-0.026917,"(-0.002614, -0.000001, -0.000013)",LeftFalse_RightFalse,False,"(-1.1474038362503052, -0.003921331372112036, 35.56279754638672)","(0.0008571182261221111, 179.299560546875, -2.870109483410488e-06)",-0.000411,-0.093041,"(0.000128, 0.000001, -0.001963)",LeftFalse_RightFalse
2.122314,0.064303,"(-37.098426818847656, 1.1926733255386353, -0.9975523948669434)","(342.3653259277344, 89.72693634033203, 358.3725891113281)","(-37.151424407958984, 1.2581790685653687, 0.7912588119506836)","(0.0006145212682895362, 105.01150512695312, 0.0001604824501555413)","(-37.199623107910156, -0.003921929281204939, -1.4001624584197998)","(0.0006351145566441119, 89.96720123291016, -4.526709744823165e-06)",0.0,-0.026917,"(-0.003204, 0.000002, -0.000024)",LeftFalse_RightFalse,False,"(-1.147401213645935, -0.003921336494386196, 35.56275939941406)","(0.000987629871815443, 179.29995727539062, 3.7860347219975665e-05)",0.008006,-0.093379,"(0.000018, 0.000002, -0.000005)",LeftFalse_RightFalse
2.18689,0.064347,"(-37.099884033203125, 1.1926811933517456, -0.9988290071487427)","(342.3815002441406, 89.82473754882812, 358.2318115234375)","(-37.15166091918945, 1.2581790685653687, 0.7912564277648926)","(0.0007240658160299063, 105.01138305664062, 0.00019819896260742098)","(-37.19985580444336, -0.003921799827367067, -1.40016508102417)","(0.0007506944239139557, 89.96707916259766, 3.463088205535314e-06)",0.0,-0.026917,"(-0.004118, 0.000002, -0.000047)",LeftFalse_RightFalse,False,"(-1.1473921537399292, -0.003921204712241888, 35.562652587890625)","(0.000699688564054668, 179.30010986328125, -2.8837697755079716e-05)",0.001587,-0.093713,"(0.000205, -0.000005, -0.002694)",LeftFalse_RightFalse
2.251587,0.064421,"(-37.10080337524414, 1.1926838159561157, -1.00014328956604)","(342.3522033691406, 90.13848114013672, 357.7787780761719)","(-37.151939392089844, 1.2581787109375, 0.7912545204162598)","(0.0007927892729640007, 105.01058197021484, 0.00022202094260137528)","(-37.200103759765625, -0.003921696450561285, -1.4001679420471191)","(0.0008232458494603634, 89.9662857055664, 8.630336196802091e-06)",0.0,-0.026917,"(-0.004748, 0.000002, -0.000065)",LeftFalse_RightFalse,False,"(-1.1473790407180786, -0.003921580500900745, 35.56248092651367)","(0.00039723527152091265, 179.30101013183594, -7.89600089774467e-05)",0.001593,-0.094055,"(0.000210, -0.000006, -0.002898)",LeftFalse_RightFalse
2.317383,0.064694,"(-37.10173034667969, 1.191626787185669, -1.0024055242538452)","(342.74945068359375, 90.8624038696289, 357.5206604003906)","(-37.15217208862305, 1.2581795454025269, 0.7912533283233643)","(0.000638223544228822, 105.00975799560547, 0.0001654365478316322)","(-37.20030212402344, -0.003921598196029663, -1.4001693725585938)","(0.0006592903519049287, 89.9654541015625, -5.894680725759827e-06)",0.0,-0.026917,"(-0.003120, -0.000001, -0.000026)",LeftFalse_RightFalse,False,"(-1.1473674774169922, -0.00392187712714076, 35.56231689453125)","(0.0003618602058850229, 179.30067443847656, -6.871770892757922e-05)",0.002196,-0.094391,"(0.000171, -0.000002, -0.002287)",LeftFalse_RightFalse
2.379883,0.064246,"(-37.10138702392578, 1.1904361248016357, -1.0052692890167236)","(343.57781982421875, 92.2525405883789, 357.2650451660156)","(-37.1523551940918, 1.2581795454025269, 0.7912520170211792)","(0.0006022307788953185, 105.00973510742188, 0.00015630516281817108)","(-37.20048522949219, -0.003921673633158207, -1.400170922279358)","(0.0006221610819920897, 89.96543884277344, -5.370659437176073e-06)",0.0,-0.026917,"(-0.003968, 0.000000, -0.000045)",LeftFalse_RightFalse,False,"(-1.1473647356033325, -0.00392189621925354, 35.56222915649414)","(0.0006661748047918081, 179.3016815185547, 4.5725173549726605e-05)",0.00543,-0.094723,"(-0.000018, 0.000001, -0.000748)",LeftFalse_RightFalse
2.447632,0.064949,"(-37.10060119628906, 1.1888610124588013, -1.0097867250442505)","(344.79425048828125, 94.72453308105469, 357.29876708984375)","(-37.15266418457031, 1.2581787109375, 0.7912502288818359)","(0.000788190693128854, 105.00840759277344, 0.00022319730487652123)","(-37.200748443603516, -0.003921584691852331, -1.4001741409301758)","(0.0008191103115677834, 89.96410369873047, 1.095992138289148e-05)",0.0,-0.026917,"(-0.003831, 0.000002, -0.000050)",LeftFalse_RightFalse,False,"(-1.1473582983016968, -0.003921917174011469, 35.56207275390625)","(0.0006790084298700094, 179.30226135253906, 6.344309076666832e-05)",0.004438,-0.095081,"(0.000044, 0.000001, -0.001809)",LeftFalse_RightFalse
2.518188,0.066074,"(-37.099056243896484, 1.187606930732727, -1.0124839544296265)","(345.3905029296875, 96.27973175048828, 357.567626953125)","(-37.15300369262695, 1.2581787109375, 0.7912483215332031)","(0.000844755966681987, 105.00655364990234, 0.00024344821576960385)","(-37.20101547241211, -0.0039214882999658585, -1.4001774787902832)","(0.0008789931307546794, 89.96224975585938, 1.583439006935805e-05)",0.0,-0.0271,"(-0.003966, 0.000000, -0.000052)",LeftFalse_RightFalse,False,"(-1.1473456621170044, -0.003921867348253727, 35.561824798583984)","(0.00039327185368165374, 179.30117797851562, -1.13061487354571e-05)",0.001563,-0.095439,"(0.000364, -0.000002, -0.005989)",LeftFalse_RightFalse
2.585693,0.066374,"(-37.09810256958008, 1.1864954233169556, -1.01417076587677)","(345.6224365234375, 96.56140899658203, 357.8222351074219)","(-37.1531867980957, 1.258180022239685, 0.7912461757659912)","(0.0005647423095069826, 105.00660705566406, 0.00014075425860937685)","(-37.201194763183594, -0.0039214263670146465, -1.4001789093017578)","(0.0005819210200570524, 89.96231079101562, -1.0657839993655216e-05)",0.001587,-0.027374,"(-0.002717, -0.000003, -0.000018)",LeftFalse_RightFalse,False,"(-1.1473324298858643, -0.003922109957784414, 35.561561584472656)","(0.00033015914959833026, 179.30203247070312, -1.6794288967503235e-05)",0.00125,-0.095795,"(0.000238, -0.000003, -0.004450)",LeftFalse_RightFalse
2.65271,0.066491,"(-37.09731674194336, 1.186137318611145, -1.0123090744018555)","(345.62567138671875, 95.75712585449219, 357.9056396484375)","(-37.15340042114258, 1.2581793069839478, 0.7912437915802002)","(0.0006836660322733223, 105.00688171386719, 0.0001842351775849238)","(-37.20142364501953, -0.003921610303223133, -1.400181531906128)","(0.0007080548675730824, 89.96257781982422, 4.643019622108113e-07)",0.012538,-0.029114,"(-0.002365, -0.000002, -0.000019)",LeftFalse_RightFalse,False,"(-1.147321343421936, -0.003922205418348312, 35.561317443847656)","(0.00042354234028607607, 179.30197143554688, 9.263048013963271e-06)",-0.001983,-0.092847,"(0.000127, -0.000001, -0.003377)",LeftFalse_RightFalse
2.717896,0.066233,"(-37.096500396728516, 1.1860226392745972, -1.0094916820526123)","(345.3834533691406, 93.7030258178711, 357.95440673828125)","(-37.15351486206055, 1.258179783821106, 0.7912430763244629)","(0.0004149728047195822, 105.00667572021484, 9.764436981640756e-05)","(-37.20152282714844, -0.003921856172382832, -1.4001820087432861)","(0.00042609492084011436, 89.9623794555664, -1.3415108696790412e-05)",0.031521,-0.031525,"(0.000023, -0.000005, 0.000017)",LeftFalse_RightFalse,False,"(-1.1473084688186646, -0.0039221253246068954, 35.5611457824707)","(0.0008353705052286386, 179.30128479003906, -5.012501333112596e-06)",0.003902,-0.093025,"(0.000057, 0.000011, -0.000019)",LeftFalse_RightFalse
2.781006,0.065616,"(-37.09626007080078, 1.1866340637207031, -1.0064949989318848)","(344.977783203125, 91.76239776611328, 357.9401550292969)","(-37.153465270996094, 1.258180856704712, 0.7912461757659912)","(-0.00017313746502622962, 105.00545501708984, -8.765441452851519e-05)","(-37.201412200927734, -0.003922395408153534, -1.400179386138916)","(-0.0001899553171824664, 89.96115112304688, -3.9709528209641576e-05)",0.052574,-0.033112,"(0.002451, -0.000012, 0.000035)",LeftFalse_RightFalse,False,"(-1.147305965423584, -0.00392151577398181, 35.561126708984375)","(0.0011484907008707523, 179.30238342285156, 4.4580523535842076e-05)",0.007015,-0.09335,"(0.000008, 0.000009, -0.000200)",LeftFalse_RightFalse
2.846558,0.065601,"(-37.09569549560547, 1.1868689060211182, -1.005340337753296)","(344.35821533203125, 89.7176284790039, 357.7831115722656)","(-37.15300369262695, 1.258182406425476, 0.7912548780441284)","(-0.00128652504645288, 105.00408172607422, -0.0004333208198659122)","(-37.20087432861328, -0.003923493437469006, -1.400170922279358)","(-0.0013549051946029067, 89.95978546142578, -8.453104237560183e-05)",0.077474,-0.033539,"(0.011126, -0.000024, 0.000140)",LeftFalse_RightFalse,False,"(-1.1473008394241333, -0.00392112135887146, 35.5610466003418)","(0.0010208075400441885, 179.3013153076172, 1.9841625544358976e-05)",0.023978,-0.093665,"(0.000162, 0.000001, -0.002474)",LeftFalse_RightFalse
2.916016,0.06637,"(-37.09379959106445, 1.188416838645935, -1.0025036334991455)","(343.8331604003906, 88.84866333007812, 357.6333923339844)","(-37.15180206298828, 1.2581852674484253, 0.7912728786468506)","(-0.0031241311226040125, 105.00325012207031, -0.001011971733532846)","(-37.1995964050293, -0.0039253877475857735, -1.4001517295837402)","(-0.0032797264866530895, 89.95895385742188, -0.00016636903455946594)",0.105835,-0.033539,"(0.026353, -0.000033, 0.000415)",LeftFalse_RightFalse,False,"(-1.147283911705017, -0.0039213597774505615, 35.56077575683594)","(0.00045830110320821404, 179.30184936523438, -5.6177188525907695e-05)",0.049745,-0.094018,"(0.000335, -0.000009, -0.005761)",LeftFalse_RightFalse
2.982422,0.066371,"(-37.092063903808594, 1.1888710260391235, -1.0014638900756836)","(343.42523193359375, 88.80307006835938, 357.5991516113281)","(-37.149635314941406, 1.2581892013549805, 0.7913073301315308)","(-0.005719199776649475, 105.00169372558594, -0.0018342336406931281)","(-37.19731140136719, -0.003928398713469505, -1.4001158475875854)","(359.9939880371094, 89.9573974609375, -0.00028685707366093993)",0.139296,-0.033539,"(0.039710, -0.000052, 0.000596)",LeftFalse_RightFalse,False,"(-1.1472500562667847, -0.003922333940863609, 35.560157775878906)","(-0.0005984970484860241, 179.29994201660156, -0.0001680636778473854)",0.050498,-0.094333,"(0.000575, -0.000019, -0.011278)",LeftFalse_RightFalse
3.045166,0.065655,"(-37.088985443115234, 1.189650535583496, -1.001092791557312)","(343.1551208496094, 89.04471588134766, 357.59600830078125)","(-37.146484375, 1.258191466331482, 0.7913564443588257)","(359.99151611328125, 104.99922180175781, -0.0026703320909291506)","(-37.19400405883789, -0.00393218919634819, -1.4000667333602905)","(359.9911193847656, 89.95492553710938, -0.0003804369771387428)",0.176146,-0.033539,"(0.065532, -0.000066, 0.000951)",LeftFalse_RightFalse,False,"(-1.1471900939941406, -0.003924032207578421, 35.55904769897461)","(-0.0021469383500516415, 179.2978973388672, -0.0003505777276586741)",0.090289,-0.094633,"(0.001191, -0.000032, -0.022584)",LeftFalse_RightFalse
3.110352,0.065544,"(-37.08442306518555, 1.1899524927139282, -1.0015758275985718)","(343.00408935546875, 89.29524230957031, 357.4009704589844)","(-37.14178466796875, 1.2581937313079834, 0.7914276123046875)","(359.9883728027344, 104.99603271484375, -0.003626167308539152)","(-37.189109802246094, -0.003936780150979757, -1.3999958038330078)","(359.9878234863281, 89.95173645019531, -0.00048391701420769095)",0.210092,-0.033539,"(0.091446, -0.000075, 0.001334)",LeftFalse_RightFalse,False,"(-1.1470979452133179, -0.003926332574337721, 35.557289123535156)","(-0.0038702976889908314, 179.295654296875, -0.0005164632457308471)",0.116901,-0.094949,"(0.001714, -0.000040, -0.033858)",LeftFalse_RightFalse
3.176758,0.065719,"(-37.07763671875, 1.190063238143921, -1.001664400100708)","(342.8367919921875, 89.44774627685547, 357.2359313964844)","(-37.135101318359375, 1.258198857307434, 0.7915315628051758)","(359.9841613769531, 104.99022674560547, -0.004941476043313742)","(-37.182106018066406, -0.003942221403121948, -1.399892807006836)","(359.9834289550781, 89.9459228515625, -0.0006644742679782212)",0.243379,-0.033539,"(0.118811, -0.000090, 0.001719)",LeftFalse_RightFalse,False,"(-1.1469509601593018, -0.003929217346012592, 35.55445861816406)","(359.9935607910156, 179.28790283203125, -0.0007975359912961721)",0.130919,-0.095223,"(0.002577, -0.000055, -0.050482)",LeftFalse_RightFalse
3.241333,0.065509,"(-37.068748474121094, 1.1907905340194702, -1.0015885829925537)","(342.541259765625, 89.39756774902344, 357.2240905761719)","(-37.126380920410156, 1.2582036256790161, 0.7916656732559204)","(359.9797058105469, 104.9840087890625, 359.9936828613281)","(-37.17304611206055, -0.0039484938606619835, -1.3997596502304077)","(359.978759765625, 89.93971252441406, -0.0008433649782091379)",0.276852,-0.033539,"(0.153376, -0.000104, 0.002227)",LeftFalse_RightFalse,False,"(-1.1467463970184326, -0.003932995721697807, 35.55048370361328)","(359.99066162109375, 179.2803497314453, -0.0010850506369024515)",0.169755,-0.095501,"(0.003471, -0.000062, -0.068442)",LeftFalse_RightFalse
3.306641,0.06545,"(-37.05714416503906, 1.191051959991455, -1.001429796218872)","(342.23687744140625, 89.33079528808594, 357.1958923339844)","(-37.1150016784668, 1.2582082748413086, 0.7918400764465332)","(359.974853515625, 104.97683715820312, 359.9921569824219)","(-37.161277770996094, -0.003955436870455742, -1.3995864391326904)","(359.9736633300781, 89.93254089355469, -0.0010378003353253007)",0.311274,-0.033539,"(0.204197, -0.000112, 0.002965)",LeftFalse_RightFalse,False,"(-1.1464577913284302, -0.003937579225748777, 35.54490661621094)","(359.9870910644531, 179.27313232421875, -0.0014780208002775908)",0.209922,-0.095797,"(0.005238, -0.000076, -0.101781)",LeftFalse_RightFalse
3.372681,0.065566,"(-37.042537689208984, 1.1918631792068481, -1.0012094974517822)","(341.99749755859375, 89.29359436035156, 357.177734375)","(-37.10066223144531, 1.2582112550735474, 0.7920594215393066)","(359.97021484375, 104.96830749511719, 359.9907531738281)","(-37.146507263183594, -0.003962854854762554, -1.3993701934814453)","(359.96881103515625, 89.92400360107422, -0.0011994637316092849)",0.34577,-0.033539,"(0.248516, -0.000112, 0.003642)",LeftFalse_RightFalse,False,"(-1.146068811416626, -0.003942904528230429, 35.53738784790039)","(359.9831237792969, 179.260986328125, -0.0019094274612143636)",0.244088,-0.096064,"(0.006834, -0.000086, -0.131632)",LeftFalse_RightFalse
3.44165,0.066267,"(-37.02376174926758, 1.192154049873352, -1.0009170770645142)","(341.8031921386719, 89.3328628540039, 357.1376647949219)","(-37.08223342895508, 1.2582160234451294, 0.7923436164855957)","(359.9649963378906, 104.95740509033203, 359.9891357421875)","(-37.127540588378906, -0.00397079810500145, -1.399090051651001)","(359.96337890625, 89.91309356689453, -0.0014080781256780028)",0.379161,-0.033539,"(0.296280, -0.000116, 0.004375)",LeftFalse_RightFalse,False,"(-1.145531415939331, -0.003949498292058706, 35.52707290649414)","(359.9783630371094, 179.24432373046875, -0.002441105432808399)",0.273654,-0.096316,"(0.008471, -0.000100, -0.163937)",LeftFalse_RightFalse
3.51123,0.066917,"(-37.001461029052734, 1.192246675491333, -1.0003714561462402)","(341.6586608886719, 89.3197250366211, 357.19122314453125)","(-37.05967330932617, 1.2582213878631592, 0.792695164680481)","(359.9595642089844, 104.94409942626953, 359.9874267578125)","(-37.104347229003906, -0.00397895323112607, -1.398743748664856)","(359.95770263671875, 89.89978790283203, -0.0016404312336817384)",0.411946,-0.033539,"(0.366156, -0.000119, 0.005480)",LeftFalse_RightFalse,False,"(-1.1448370218276978, -0.003956592176109552, 35.51375198364258)","(359.9732971191406, 179.22190856933594, -0.0029714819975197315)",0.322123,-0.096532,"(0.011085, -0.000106, -0.214048)",LeftFalse_RightFalse
3.577026,0.066686,"(-36.975914001464844, 1.1922756433486938, -0.9999057054519653)","(341.5994567871094, 89.32169342041016, 357.16217041015625)","(-37.03440475463867, 1.258226990699768, 0.7930934429168701)","(359.9544982910156, 104.92924499511719, 359.98583984375)","(-37.078392028808594, -0.003986733499914408, -1.3983514308929443)","(359.952392578125, 89.88493347167969, -0.0018686891999095678)",0.445359,-0.033539,"(0.422979, -0.000119, 0.006418)",LeftFalse_RightFalse,False,"(-1.1440207958221436, -0.003963674884289503, 35.4981575012207)","(359.96832275390625, 179.1958770751953, -0.0035208621993660927)",0.352185,-0.096701,"(0.013587, -0.000109, -0.259449)",LeftFalse_RightFalse
3.641235,0.066205,"(-36.94673538208008, 1.1922876834869385, -0.99941086769104)","(341.6179504394531, 89.30746459960938, 357.149658203125)","(-37.00569152832031, 1.2582329511642456, 0.7935535907745361)","(359.9494934082031, 104.91240692138672, 359.9842224121094)","(-37.048919677734375, -0.003994426224380732, -1.3978986740112305)","(359.9471435546875, 89.86809539794922, -0.002113752532750368)",0.478947,-0.033539,"(0.484397, -0.000120, 0.007468)",LeftFalse_RightFalse,False,"(-1.1430435180664062, -0.003971041180193424, 35.47965621948242)","(359.9630126953125, 179.16517639160156, -0.004138578660786152)",0.38987,-0.096826,"(0.016276, -0.000118, -0.308230)",LeftFalse_RightFalse
3.706909,0.066105,"(-36.912296295166016, 1.1922945976257324, -0.9988319873809814)","(341.66302490234375, 89.31465148925781, 357.1281433105469)","(-36.971858978271484, 1.2582402229309082, 0.7941052913665771)","(359.9442443847656, 104.89258575439453, 359.9825439453125)","(-37.01420593261719, -0.004002414643764496, -1.397355318069458)","(359.9416198730469, 89.8482894897461, -0.002389206551015377)",0.510348,-0.033539,"(0.572392, -0.000123, 0.009039)",LeftFalse_RightFalse,False,"(-1.1418370008468628, -0.003979061730206013, 35.4570426940918)","(359.9573669433594, 179.127685546875, -0.004827883094549179)",0.43501,-0.096899,"(0.020331, -0.000123, -0.380044)",LeftFalse_RightFalse
3.774048,0.066309,"(-36.872047424316406, 1.192299485206604, -0.9981474876403809)","(341.7157287597656, 89.27947998046875, 357.1278991699219)","(-36.93232727050781, 1.258247971534729, 0.7947630882263184)","(359.9389953613281, 104.8695068359375, 359.9808349609375)","(-36.973670959472656, -0.004010629374533892, -1.396707534790039)","(359.93609619140625, 89.8251953125, -0.0026856400072574615)",0.538608,-0.033539,"(0.642641, -0.000125, 0.010364)",LeftFalse_RightFalse,False,"(-1.14036226272583, -0.003987264819443226, 35.429718017578125)","(359.9515075683594, 179.08245849609375, -0.00557286012917757)",0.47626,-0.096903,"(0.023856, -0.000127, -0.440145)",LeftFalse_RightFalse
3.839966,0.066222,"(-36.82735061645508, 1.1923032999038696, -0.9973717927932739)","(341.822998046875, 89.23165130615234, 357.0878601074219)","(-36.88843536376953, 1.258256196975708, 0.7955106496810913)","(359.9338684082031, 104.84388732910156, 359.9791259765625)","(-36.928680419921875, -0.004018970765173435, -1.3959709405899048)","(359.9306945800781, 89.79957580566406, -0.0030009096954017878)",0.563652,-0.033539,"(0.716774, -0.000127, 0.011828)",LeftFalse_RightFalse,False,"(-1.1386444568634033, -0.003996084909886122, 35.398353576660156)","(359.9454040527344, 179.03053283691406, 359.99359130859375)",0.509773,-0.096826,"(0.027817, -0.000137, -0.506010)",LeftFalse_RightFalse
3.902344,0.065458,"(-36.77995681762695, 1.1923069953918457, -0.9965299367904663)","(341.90069580078125, 89.16650390625, 357.0908203125)","(-36.841896057128906, 1.2582648992538452, 0.7963227033615112)","(359.9290466308594, 104.81675720214844, 359.97747802734375)","(-36.8809928894043, -0.004026929847896099, -1.3951700925827026)","(359.9256591796875, 89.77244567871094, -0.003326685167849064)",0.58502,-0.033539,"(0.794318, -0.000129, 0.013438)",LeftFalse_RightFalse,False,"(-1.1367383003234863, -0.004004733636975288, 35.36407470703125)","(359.9394226074219, 178.97384643554688, 359.9927673339844)",0.542577,-0.096659,"(0.032168, -0.000144, -0.576505)",LeftFalse_RightFalse
3.967163,0.065327,"(-36.724605560302734, 1.1923112869262695, -0.995711624622345)","(341.9797058105469, 89.10057830810547, 357.07159423828125)","(-36.788204193115234, 1.2582745552062988, 0.7972849607467651)","(359.9242248535156, 104.78548431396484, 359.975830078125)","(-36.825992584228516, -0.004035178106278181, -1.3942204713821411)","(359.9205322265625, 89.74116516113281, -0.003685123985633254)",0.601907,-0.033539,"(0.901453, -0.000129, 0.015804)",LeftFalse_RightFalse,False,"(-1.134439468383789, -0.004014358855783939, 35.32341766357422)","(359.93310546875, 178.9067840576172, 359.9918212890625)",0.577182,-0.096371,"(0.038579, -0.000146, -0.676465)",LeftFalse_RightFalse
4.033813,0.065597,"(-36.66215896606445, 1.192314624786377, -0.9946085810661316)","(342.0559997558594, 89.0525894165039, 357.0977478027344)","(-36.72711944580078, 1.2582848072052002, 0.7984122037887573)","(359.919677734375, 104.74995422363281, 359.9742126464844)","(-36.76344299316406, -0.004043594002723694, -1.3931070566177368)","(359.9157409667969, 89.70564270019531, -0.004068182315677404)",0.616324,-0.033539,"(0.983915, -0.000123, 0.017757)",LeftFalse_RightFalse,False,"(-1.131704568862915, -0.0040240101516246796, 35.27593994140625)","(359.9268798828125, 178.82872009277344, 359.9908447265625)",0.62111,-0.095958,"(0.043918, -0.000147, -0.756186)",LeftFalse_RightFalse
4.098999,0.065507,"(-36.59540557861328, 1.1916439533233643, -0.9933387637138367)","(342.136962890625, 89.03826141357422, 357.140625)","(-36.66164779663086, 1.2582957744598389, 0.799659252166748)","(359.9156188964844, 104.71190643310547, 359.9726867675781)","(-36.69641876220703, -0.004051619209349155, -1.3918747901916504)","(359.9114074707031, 89.6676025390625, -0.004466731566935778)",0.62969,-0.033539,"(1.068200, -0.000121, 0.019879)",LeftFalse_RightFalse,False,"(-1.128631353378296, -0.0040337033569812775, 35.22367858886719)","(359.9206848144531, 178.7430877685547, 359.9897766113281)",0.644646,-0.095393,"(0.049892, -0.000151, -0.842193)",LeftFalse_RightFalse
4.164063,0.065427,"(-36.52214431762695, 1.1914128065109253, -0.992060661315918)","(342.24755859375, 88.97156524658203, 357.1827087402344)","(-36.5903434753418, 1.2583074569702148, 0.8010616302490234)","(359.9118957519531, 104.67053985595703, 359.97125244140625)","(-36.62344741821289, -0.004059258848428726, -1.3904869556427002)","(359.9074401855469, 89.62621307373047, -0.00489084143191576)",0.64211,-0.033539,"(1.154152, -0.000115, 0.022183)",LeftFalse_RightFalse,False,"(-1.1251243352890015, -0.004043682012706995, 35.16527557373047)","(359.9144592285156, 178.64793395996094, 359.9886474609375)",0.66915,-0.094643,"(0.056286, -0.000156, -0.931444)",LeftFalse_RightFalse
4.229248,0.065378,"(-36.442840576171875, 1.1913342475891113, -0.9898558259010315)","(342.34405517578125, 88.92047882080078, 357.1687316894531)","(-36.512847900390625, 1.258320689201355, 0.8026406764984131)","(359.9084777832031, 104.62557983398438, 359.9698791503906)","(-36.544151306152344, -0.004066485445946455, -1.3889224529266357)","(359.90380859375, 89.58126831054688, -0.005345864687114954)",0.653288,-0.033539,"(1.270707, -0.000111, 0.025550)",LeftFalse_RightFalse,False,"(-1.1211307048797607, -0.004053650423884392, 35.10024642944336)","(359.9084167480469, 178.54283142089844, 359.98748779296875)",0.683208,-0.09368,"(0.065604, -0.000154, -1.054862)",LeftFalse_RightFalse
4.297241,0.0659,"(-36.35380554199219, 1.1913068294525146, -0.987739622592926)","(342.3922424316406, 88.86206817626953, 357.2082214355469)","(-36.42554473876953, 1.2583353519439697, 0.8044862747192383)","(359.90533447265625, 104.57498168945312, 359.968505859375)","(-36.454837799072266, -0.0040739187970757484, -1.387091875076294)","(359.900390625, 89.5306625366211, 359.994140625)",0.663739,-0.032562,"(1.359385, -0.000107, 0.028317)",LeftFalse_RightFalse,False,"(-1.1164225339889526, -0.004064035601913929, 35.02540969848633)","(359.9027404785156, 178.4228973388672, 359.9862976074219)",0.730673,-0.090828,"(0.073031, -0.000150, -1.149133)",LeftFalse_RightFalse
4.367188,0.066703,"(-36.2552375793457, 1.191298246383667, -0.9854918718338013)","(342.3335266113281, 88.78993225097656, 357.2503967285156)","(-36.32875061035156, 1.2583447694778442, 0.8065954446792603)","(359.9023132324219, 104.5198974609375, 359.96728515625)","(-36.355865478515625, -0.004081404767930508, -1.3850010633468628)","(359.89715576171875, 89.47557830810547, 359.9937744140625)",0.673145,-0.030579,"(1.479208, -0.000106, 0.031854)",LeftFalse_RightFalse,False,"(-1.1109862327575684, -0.004074547439813614, 34.94062805175781)","(359.8969421386719, 178.29013061523438, 359.9852294921875)",0.733897,-0.089194,"(0.083507, -0.000152, -1.284120)",LeftFalse_RightFalse
4.432861,0.066504,"(-36.155235290527344, 1.1912956237792969, -0.9833959341049194)","(342.3574523925781, 88.64737701416016, 357.31298828125)","(-36.2310791015625, 1.2583450078964233, 0.808767557144165)","(359.899658203125, 104.46642303466797, 359.9664611816406)","(-36.25608444213867, -0.0040882970206439495, -1.382849931716919)","(359.8944091796875, 89.4220962524414, 359.99365234375)",0.68122,-0.027344,"(1.570101, -0.000106, 0.034092)",LeftFalse_RightFalse,False,"(-1.1052578687667847, -0.004084406420588493, 34.853355407714844)","(359.89178466796875, 178.15606689453125, 359.984130859375)",0.771383,-0.087409,"(0.091981, -0.000152, -1.385466)",LeftFalse_RightFalse
4.499023,0.066433,"(-36.04754638671875, 1.191292405128479, -0.9805182218551636)","(342.37835693359375, 88.43169403076172, 357.44476318359375)","(-36.12610626220703, 1.2583270072937012, 0.8110920190811157)","(359.8970642089844, 104.41374206542969, 359.96612548828125)","(-36.14904022216797, -0.004095086827874184, -1.3805545568466187)","(359.89178466796875, 89.3694076538086, 359.9939880371094)",0.688096,-0.022949,"(1.661908, -0.000105, 0.035620)",LeftFalse_RightFalse,False,"(-1.098850965499878, -0.004094473086297512, 34.75799560546875)","(359.88677978515625, 178.01246643066406, 359.9829406738281)",0.786397,-0.082766,"(0.101285, -0.000152, -1.492265)",LeftFalse_RightFalse
4.570679,0.06747,"(-35.92390441894531, 1.190558671951294, -0.9769635200500488)","(342.4810485839844, 88.20478057861328, 357.518310546875)","(-36.00467300415039, 1.2582844495773315, 0.8136980533599854)","(359.8942565917969, 104.3614501953125, 359.96636962890625)","(-36.025550842285156, -0.004102756269276142, -1.3779892921447754)","(359.8891296386719, 89.31713104248047, -0.005026995204389095)",0.694285,-0.017731,"(1.785218, -0.000108, 0.037036)",LeftFalse_RightFalse,False,"(-1.0911946296691895, -0.0041053444147109985, 34.645843505859375)","(359.88140869140625, 177.85052490234375, 359.9821472167969)",0.785205,-0.076589,"(0.113205, -0.000158, -1.637537)",LeftFalse_RightFalse
4.637329,0.067311,"(-35.800567626953125, 1.1903592348098755, -0.9745550751686096)","(342.6624755859375, 88.07874298095703, 357.6019287109375)","(-35.88428497314453, 1.2582348585128784, 0.8161826133728027)","(359.8917541503906, 104.31827545166016, 359.9668884277344)","(-35.90345764160156, -0.004109875299036503, -1.375544548034668)","(359.8868713378906, 89.27394104003906, -0.003869629930704832)",0.699464,-0.012756,"(1.878291, -0.000108, 0.037030)",LeftFalse_RightFalse,False,"(-1.0834062099456787, -0.004115988500416279, 34.5330810546875)","(359.876953125, 177.69656372070312, 359.9819030761719)",0.821974,-0.068729,"(0.121114, -0.000156, -1.746024)",LeftFalse_RightFalse
4.707764,0.067926,"(-35.66314697265625, 1.190279483795166, -0.9721546173095703)","(342.89288330078125, 88.07958984375, 357.6830749511719)","(-35.74936294555664, 1.2581652402877808, 0.8187841176986694)","(359.8891296386719, 104.2821044921875, 359.9679260253906)","(-35.7671012878418, -0.004117605742067099, -1.3729907274246216)","(359.8846130371094, 89.23778533935547, -0.0022042745258659124)",0.704126,-0.008118,"(2.002936, -0.000113, 0.036891)",LeftFalse_RightFalse,False,"(-1.0745965242385864, -0.004126938991248608, 34.405113220214844)","(359.8724365234375, 177.5376739501953, 359.982666015625)",0.811774,-0.062962,"(0.131627, -0.000159, -1.898092)",LeftFalse_RightFalse
4.775391,0.067862,"(-35.523712158203125, 1.1902494430541992, -0.9691103100776672)","(343.12799072265625, 87.89230346679688, 358.056884765625)","(-35.61212921142578, 1.258105754852295, 0.8212707042694092)","(359.8868408203125, 104.25531768798828, 359.96875)","(-35.62879943847656, -0.0041252318769693375, -1.370542287826538)","(359.8825988769531, 89.21098327636719, -0.0008079116232693195)",0.708321,-0.001953,"(2.096740, -0.000114, 0.036223)",LeftFalse_RightFalse,False,"(-1.0654730796813965, -0.004137795884162188, 34.2733154296875)","(359.8684387207031, 177.3870086669922, 359.98309326171875)",0.848762,-0.060813,"(0.139694, -0.000161, -2.010264)",LeftFalse_RightFalse
4.842041,0.067643,"(-35.37904357910156, 1.1902276277542114, -0.9660451412200928)","(343.18731689453125, 87.95245361328125, 358.03045654296875)","(-35.469181060791016, 1.2580219507217407, 0.8236174583435059)","(359.884521484375, 104.24085998535156, 359.97021484375)","(-35.48525619506836, -0.004133009351789951, -1.3682441711425781)","(359.8807373046875, 89.196533203125, 0.0012204452650621533)",0.711316,0.010895,"(2.190871, -0.000117, 0.033931)",LeftFalse_RightFalse,False,"(-1.0557613372802734, -0.004148503765463829, 34.134666442871094)","(359.8646240234375, 177.23855590820312, 359.9827880859375)",0.854037,-0.060004,"(0.150195, -0.000165, -2.127835)",LeftFalse_RightFalse
4.912354,0.068157,"(-35.218990325927734, 1.1901917457580566, -0.9632208347320557)","(343.30767822265625, 88.03933715820312, 358.11590576171875)","(-35.310203552246094, 1.257839322090149, 0.8256571292877197)","(359.8815612792969, 104.2524185180664, 359.97418212890625)","(-35.32667922973633, -0.004141231067478657, -1.3663015365600586)","(359.87890625, 89.20808410644531, 0.005820955149829388)",0.71362,0.022064,"(2.316435, -0.000120, 0.025421)",LeftFalse_RightFalse,False,"(-1.0445977449417114, -0.004160339944064617, 33.97929763793945)","(359.860595703125, 177.07749938964844, 359.9812927246094)",0.835467,-0.061234,"(0.166748, -0.000174, -2.285384)",LeftFalse_RightFalse
4.982056,0.068475,"(-35.05228042602539, 1.1894171237945557, -0.9610472321510315)","(343.59527587890625, 88.27678680419922, 358.22686767578125)","(-35.14362335205078, 1.2576344013214111, 0.8271328210830688)","(359.87860107421875, 104.29193878173828, 359.978759765625)","(-35.16157531738281, -0.004149630665779114, -1.3649274110794067)","(359.87725830078125, 89.24760437011719, 0.010994521901011467)",0.715694,0.023071,"(2.410463, -0.000121, 0.016705)",LeftFalse_RightFalse,False,"(-1.0324076414108276, -0.004172431770712137, 33.81557846069336)","(359.8573303222656, 176.90806579589844, 359.9786682128906)",0.877681,-0.060634,"(0.181183, -0.000172, -2.399951)",LeftFalse_RightFalse
5.051025,0.068584,"(-34.880348205566406, 1.1891694068908691, -0.959216296672821)","(343.8992919921875, 88.19601440429688, 358.45465087890625)","(-34.970436096191406, 1.2575020790100098, 0.8280904293060303)","(359.87628173828125, 104.35140228271484, 359.98150634765625)","(-34.99062728881836, -0.004158097319304943, -1.3640215396881104)","(359.875732421875, 89.30706024169922, 0.014262715354561806)",0.71756,0.02063,"(2.535694, -0.000125, 0.011177)",LeftFalse_RightFalse,False,"(-1.0191456079483032, -0.004184263292700052, 33.644039154052734)","(359.8540954589844, 176.7303009033203, 359.9757995605469)",0.847995,-0.060993,"(0.201679, -0.000178, -2.561312)",LeftFalse_RightFalse
5.11792,0.068243,"(-34.70785903930664, 1.189836859703064, -0.9581144452095032)","(343.5486145019531, 88.10623168945312, 358.515625)","(-34.79536056518555, 1.2574774026870728, 0.8287875652313232)","(359.8748474121094, 104.41378784179688, 359.9815979003906)","(-34.817909240722656, -0.004166547674685717, -1.3633110523223877)","(359.8743591308594, 89.36944580078125, 0.014716526493430138)",0.71924,0.017059,"(2.629466, -0.000128, 0.010002)",LeftFalse_RightFalse,False,"(-1.0050958395004272, -0.004196123220026493, 33.46885681152344)","(359.851318359375, 176.5487060546875, 359.9729309082031)",0.885525,-0.065807,"(0.217965, -0.000175, -2.677171)",LeftFalse_RightFalse
5.182739,0.067551,"(-34.53465270996094, 1.190056562423706, -0.9571768641471863)","(343.2586364746094, 88.16879272460938, 358.48846435546875)","(-34.61930465698242, 1.2575266361236572, 0.8294192552566528)","(359.8739929199219, 104.47021484375, 359.9798583984375)","(-34.643985748291016, -0.004174862056970596, -1.3626233339309692)","(359.87310791015625, 89.42588806152344, 0.013241320848464966)",0.71919,0.014893,"(2.723108, -0.000130, 0.010501)",LeftFalse_RightFalse,False,"(-0.9901290535926819, -0.004207578022032976, 33.290802001953125)","(359.84881591796875, 176.35720825195312, 359.96875)",0.884908,-0.064155,"(0.239130, -0.000181, -2.798139)",LeftFalse_RightFalse
5.245972,0.066692,"(-34.3591423034668, 1.190829873085022, -0.9563184380531311)","(343.05511474609375, 88.19327545166016, 358.6507873535156)","(-34.44125747680664, 1.2575933933258057, 0.8300536870956421)","(359.8734130859375, 104.51972198486328, 359.9776916503906)","(-34.46780776977539, -0.004183097742497921, -1.3619238138198853)","(359.8719482421875, 89.47537994384766, 0.011304792016744614)",0.717191,0.013702,"(2.847288, -0.000136, 0.010576)",LeftFalse_RightFalse,False,"(-0.9741805791854858, -0.004219453316181898, 33.10871124267578)","(359.8462219238281, 176.15792846679688, 359.9652404785156)",0.845803,-0.069142,"(0.264897, -0.000193, -2.959522)",LeftFalse_RightFalse
5.317627,0.067678,"(-34.15297317504883, 1.1911500692367554, -0.9553745985031128)","(342.8799743652344, 88.17301177978516, 358.77154541015625)","(-34.23229217529297, 1.2576450109481812, 0.8307508230209351)","(359.8727111816406, 104.57210540771484, 359.9758605957031)","(-34.26081848144531, -0.004192924126982689, -1.3611663579940796)","(359.87078857421875, 89.52776336669922, 0.009722170419991016)",0.70133,0.012054,"(2.939563, -0.000138, 0.010120)",LeftFalse_RightFalse,False,"(-0.9543827772140503, -0.004233312327414751, 32.89297866821289)","(359.8441162109375, 175.91580200195312, 359.9605712890625)",0.906099,-0.06316,"(0.288567, -0.000190, -3.072936)",LeftFalse_RightFalse
5.384399,0.067509,"(-33.95296859741211, 1.1919231414794922, -0.9547156095504761)","(342.706787109375, 88.17010498046875, 358.7819519042969)","(-34.03056716918945, 1.257683277130127, 0.8313852548599243)","(359.8724060058594, 104.61723327636719, 359.9744873046875)","(-34.06080627441406, -0.004201989155262709, -1.3604816198349)","(359.8701477050781, 89.5728988647461, 0.008498230017721653)",0.661751,0.009888,"(3.028676, -0.000133, 0.009981)",LeftFalse_RightFalse,False,"(-0.93431556224823, -0.0042458800598979, 32.68269348144531)","(359.84210205078125, 175.68064880371094, 359.95782470703125)",0.887755,-0.056761,"(0.308135, -0.000194, -3.196316)",LeftFalse_RightFalse
5.448608,0.066842,"(-33.754512786865234, 1.1921697854995728, -0.9533838033676147)","(342.5849914550781, 88.17447662353516, 358.832763671875)","(-33.831016540527344, 1.2577234506607056, 0.8320125341415405)","(359.87322998046875, 104.65532684326172, 359.9734191894531)","(-33.86272430419922, -0.0042097605764865875, -1.3598061800003052)","(359.87066650390625, 89.61100006103516, 0.0072342692874372005)",0.607876,0.008698,"(3.137436, -0.000112, 0.010238)",LeftFalse_RightFalse,False,"(-0.9137831926345825, -0.0042588962242007256, 32.47207260131836)","(359.83990478515625, 175.46163940429688, 359.9578552246094)",0.811494,-0.052476,"(0.331984, -0.000207, -3.357144)",LeftFalse_RightFalse
5.511475,0.066047,"(-33.555030822753906, 1.1922527551651, -0.9525502920150757)","(342.55645751953125, 88.22742462158203, 358.8599548339844)","(-33.630516052246094, 1.2577505111694336, 0.8326249122619629)","(359.8752136230469, 104.6889877319336, 359.9730224609375)","(-33.663551330566406, -0.004216163884848356, -1.3591549396514893)","(359.87249755859375, 89.64464569091797, 0.006321295630186796)",0.549469,0.008484,"(3.208920, -0.000081, 0.010122)",LeftFalse_RightFalse,False,"(-0.8924725651741028, -0.004271692596375942, 32.25810241699219)","(359.8389587402344, 175.2537384033203, 359.9583740234375)",0.834204,-0.046845,"(0.348988, -0.000192, -3.464028)",LeftFalse_RightFalse
5.580811,0.066699,"(-33.32941818237305, 1.1914600133895874, -0.9520233869552612)","(343.0092468261719, 88.40713500976562, 358.8168029785156)","(-33.40454864501953, 1.2577648162841797, 0.8332719802856445)","(359.87933349609375, 104.72314453125, 359.9735107421875)","(-33.43898391723633, -0.004220541566610336, -1.358475685119629)","(359.8765869140625, 89.67881774902344, 0.005748644005507231)",0.494522,0.006836,"(3.269320, -0.000041, 0.009347)",LeftFalse_RightFalse,False,"(-0.8677312135696411, -0.00428422586992383, 32.014076232910156)","(359.83935546875, 175.03707885742188, 359.9598083496094)",0.806032,-0.044756,"(0.365179, -0.000173, -3.573492)",LeftFalse_RightFalse
5.649902,0.067182,"(-33.10057830810547, 1.1912111043930054, -0.9514616131782532)","(343.2257995605469, 88.46878814697266, 358.8829040527344)","(-33.17498016357422, 1.2577835321426392, 0.8338958024978638)","(359.88555908203125, 104.7533950805664, 359.9745178222656)","(-33.21070861816406, -0.004221463575959206, -1.357819676399231)","(359.88287353515625, 89.70906829833984, 0.005099113564938307)",0.44864,0.006104,"(3.335506, 0.000016, 0.009186)",LeftFalse_RightFalse,False,"(-0.8416730165481567, -0.004295675083994865, 31.762191772460938)","(359.84039306640625, 174.83226013183594, 359.9608459472656)",0.697515,-0.040472,"(0.389465, -0.000157, -3.712060)",LeftFalse_RightFalse
5.722412,0.068243,"(-32.8576545715332, 1.1911227703094482, -0.9506627321243286)","(343.1315002441406, 88.41351318359375, 358.91253662109375)","(-32.93043899536133, 1.2578001022338867, 0.8345260620117188)","(359.8931579589844, 104.78147888183594, 359.97601318359375)","(-32.967411041259766, -0.00421905005350709, -1.357161045074463)","(359.8905944824219, 89.73715209960938, 0.004564244765788317)",0.407744,0.00528,"(3.376292, 0.000051, 0.008834)",LeftFalse_RightFalse,False,"(-0.8128910660743713, -0.004305913578718901, 31.489898681640625)","(359.8436584472656, 174.62713623046875, 359.9617004394531)",0.712111,-0.035516,"(0.404499, -0.000119, -3.796431)",LeftFalse_RightFalse
5.794556,0.069031,"(-32.61280059814453, 1.1910918951034546, -0.9498467445373535)","(343.1461486816406, 88.33122253417969, 358.90631103515625)","(-32.68391036987305, 1.257817268371582, 0.8351294994354248)","(359.90142822265625, 104.80583190917969, 359.97772216796875)","(-32.72200012207031, -0.004214019514620304, -1.3565311431884766)","(359.8990173339844, 89.76151275634766, 0.004061834421008825)",0.371335,0.003082,"(3.419855, 0.000083, 0.008388)",LeftFalse_RightFalse,False,"(-0.7829767465591431, -0.004312634002417326, 31.21136474609375)","(359.8485107421875, 174.440185546875, 359.96356201171875)",0.617667,-0.018298,"(0.423877, -0.000081, -3.909722)",LeftFalse_RightFalse
5.865479,0.069407,"(-32.36922073364258, 1.19108247756958, -0.9491927623748779)","(343.0292663574219, 88.3624496459961, 358.842529296875)","(-32.439483642578125, 1.2578504085540771, 0.8357394933700562)","(359.9095764160156, 104.82471466064453, 359.97900390625)","(-32.478477478027344, -0.004207614343613386, -1.355889916419983)","(359.9071960449219, 89.7803955078125, 0.003189969342201948)",0.338567,0.00235,"(3.453872, 0.000096, 0.009251)",LeftFalse_RightFalse,False,"(-0.7529609203338623, -0.004317143931984901, 30.931262969970703)","(359.85455322265625, 174.29400634765625, 359.9700622558594)",0.571565,0.005027,"(0.427498, -0.000037, -4.001294)",LeftFalse_RightFalse
5.935913,0.06961,"(-32.12525177001953, 1.1910784244537354, -0.94854736328125)","(342.92816162109375, 88.49049377441406, 358.7928161621094)","(-32.19500732421875, 1.2578821182250977, 0.8363814353942871)","(359.91717529296875, 104.83841705322266, 359.9801940917969)","(-32.23469543457031, -0.004200834780931473, -1.3552210330963135)","(359.9148864746094, 89.79409790039062, 0.002368340501561761)",0.3059,0.00235,"(3.473083, 0.000099, 0.009544)",LeftFalse_RightFalse,False,"(-0.7233635187149048, -0.004318977240473032, 30.647621154785156)","(359.8620300292969, 174.21548461914062, 359.982421875)",0.570264,0.031616,"(0.416395, -0.000005, -4.061415)",LeftFalse_RightFalse
6.004395,0.069389,"(-31.887325286865234, 1.1910731792449951, -0.9477406740188599)","(342.9407653808594, 88.5539779663086, 358.8238220214844)","(-31.95603370666504, 1.2579008340835571, 0.837013840675354)","(359.9242858886719, 104.84912872314453, 359.98162841796875)","(-31.99629020690918, -0.004194067325443029, -1.3545717000961304)","(359.9220886230469, 89.8048095703125, 0.0019021793268620968)",0.27531,0.002319,"(3.486027, 0.000099, 0.009336)",LeftFalse_RightFalse,False,"(-0.696022629737854, -0.004318359773606062, 30.367046356201172)","(359.8694763183594, 174.2447052001953, 0.003110910765826702)",0.522935,0.058573,"(0.392690, 0.000015, -4.120828)",LeftFalse_RightFalse
6.071411,0.068915,"(-31.653392791748047, 1.1910674571990967, -0.9470949172973633)","(342.8567810058594, 88.52734375, 358.9280090332031)","(-31.721580505371094, 1.2579082250595093, 0.8376128673553467)","(359.93096923828125, 104.85861206054688, 359.9832458496094)","(-31.762351989746094, -0.004187167622148991, -1.3539624214172363)","(359.92901611328125, 89.81430053710938, 0.0017362732905894518)",0.247779,0.002106,"(3.495351, 0.000104, 0.008838)",LeftFalse_RightFalse,False,"(-0.6716486215591431, -0.004317071288824081, 30.08840560913086)","(359.8767395019531, 174.40159606933594, 0.029353905469179153)",0.44061,0.079334,"(0.351105, 0.000028, -4.187690)",LeftFalse_RightFalse
6.137085,0.068252,"(-31.423948287963867, 1.191062331199646, -0.9465227127075195)","(342.85089111328125, 88.45182037353516, 358.91357421875)","(-31.491790771484375, 1.2579126358032227, 0.8381767272949219)","(359.9371032714844, 104.86725616455078, 359.98480224609375)","(-31.533031463623047, -0.004180432762950659, -1.353391170501709)","(359.9353332519531, 89.82294464111328, 0.0016579293878749013)",0.223001,0.002045,"(3.497173, 0.000103, 0.008549)",LeftFalse_RightFalse,False,"(-0.6500452756881714, -0.004314600024372339, 29.81258773803711)","(359.8844909667969, 174.65322875976562, 0.05328790098428726)",0.440325,0.096286,"(0.314391, 0.000050, -4.221890)",LeftFalse_RightFalse
6.20459,0.068107,"(-31.18776512145996, 1.191057801246643, -0.9459686279296875)","(342.8489685058594, 88.42516326904297, 358.8922119140625)","(-31.255313873291016, 1.2579164505004883, 0.8387339115142822)","(359.943115234375, 104.87556457519531, 359.9863586425781)","(-31.29701042175293, -0.004173519555479288, -1.3528270721435547)","(359.9415283203125, 89.83126068115234, 0.0016039846232160926)",0.200701,0.00174,"(3.494318, 0.000104, 0.008199)",LeftFalse_RightFalse,False,"(-0.6306957006454468, -0.004310311283916235, 29.526226043701172)","(359.89288330078125, 175.01182556152344, 0.07760762423276901)",0.330487,0.110103,"(0.273184, 0.000067, -4.254280)",LeftFalse_RightFalse
6.272827,0.068134,"(-30.949533462524414, 1.191054105758667, -0.9454319477081299)","(342.8747863769531, 88.48153686523438, 358.8612976074219)","(-31.016834259033203, 1.2579230070114136, 0.8392772674560547)","(359.9488830566406, 104.88311004638672, 359.98779296875)","(-31.058948516845703, -0.0041664959862828255, -1.352276086807251)","(359.9474792480469, 89.83879852294922, 0.0014866422861814499)",0.180631,0.001709,"(3.484894, 0.000104, 0.007916)",LeftFalse_RightFalse,False,"(-0.614499032497406, -0.004304030444473028, 29.235326766967773)","(359.9027404785156, 175.46392822265625, 0.09976035356521606)",0.281869,0.122069,"(0.216347, 0.000110, -4.269724)",LeftFalse_RightFalse
6.338989,0.067734,"(-30.7194766998291, 1.1910511255264282, -0.9456050992012024)","(342.92376708984375, 88.56908416748047, 358.7982482910156)","(-30.786380767822266, 1.2579283714294434, 0.8397845029830933)","(359.9539794921875, 104.88986206054688, 359.98907470703125)","(-30.828868865966797, -0.004159715957939625, -1.3517626523971558)","(359.9527282714844, 89.8455581665039, 0.001408011419698596)",0.162568,0.001709,"(3.474203, 0.000101, 0.007599)",LeftFalse_RightFalse,False,"(-0.6019397974014282, -0.004295347724109888, 28.952957153320312)","(359.9131774902344, 175.96188354492188, 0.11751338094472885)",0.261304,0.131669,"(0.170247, 0.000147, -4.270818)",LeftFalse_RightFalse
6.404419,0.067285,"(-30.49312973022461, 1.1910481452941895, -0.9451805949211121)","(342.9054260253906, 88.60295867919922, 358.7852478027344)","(-30.55908966064453, 1.257932186126709, 0.8402620553970337)","(359.9586486816406, 104.89628601074219, 359.99029541015625)","(-30.601930618286133, -0.004153089132159948, -1.351279377937317)","(359.9575500488281, 89.85198211669922, 0.0013724931050091982)",0.146311,0.001709,"(3.460236, 0.000100, 0.007237)",LeftFalse_RightFalse,False,"(-0.5928740501403809, -0.004284736700356007, 28.673479080200195)","(359.9234313964844, 176.50865173339844, 0.1334153562784195)",0.231407,0.141892,"(0.121706, 0.000168, -4.267023)",LeftFalse_RightFalse
6.470459,0.06703,"(-30.265666961669922, 1.1910459995269775, -0.9447486400604248)","(342.81402587890625, 88.53900909423828, 358.74041748046875)","(-30.33116912841797, 1.2579352855682373, 0.8407175540924072)","(359.9629821777344, 104.90264129638672, 359.991455078125)","(-30.374351501464844, -0.004146617837250233, -1.3508195877075195)","(359.9620361328125, 89.85833740234375, 0.0013622627593576908)",0.13168,0.001709,"(3.437731, 0.000097, 0.006735)",LeftFalse_RightFalse,False,"(-0.5874534249305725, -0.004273080267012119, 28.392353057861328)","(359.93310546875, 177.1102294921875, 0.14822286367416382)",0.215617,0.15072,"(0.054172, 0.000178, -4.253458)",LeftFalse_RightFalse
6.539917,0.067515,"(-30.027563095092773, 1.1910444498062134, -0.944312572479248)","(342.723388671875, 88.4967269897461, 358.72149658203125)","(-30.092761993408203, 1.2579385042190552, 0.841166615486145)","(359.9670715332031, 104.90924072265625, 359.9925537109375)","(-30.13629150390625, -0.00413988484069705, -1.3503652811050415)","(359.9662780761719, 89.86493682861328, 0.0013592311879619956)",0.118512,0.001892,"(3.418375, 0.000095, 0.006356)",LeftFalse_RightFalse,False,"(-0.5856798887252808, -0.004260642919689417, 28.09747886657715)","(359.9419250488281, 177.7837677001953, 0.16129279136657715)",0.181811,0.172947,"(0.001355, 0.000171, -4.239484)",LeftFalse_RightFalse
6.609009,0.067827,"(-29.792360305786133, 1.1910432577133179, -0.9439109563827515)","(342.7663269042969, 88.47079467773438, 358.74932861328125)","(-29.857315063476562, 1.2579395771026611, 0.8415777683258057)","(359.9707336425781, 104.9160385131836, 359.99359130859375)","(-29.901187896728516, -0.004133488982915878, -1.3499505519866943)","(359.9700927734375, 89.8717269897461, 0.0014135459205135703)",0.106661,0.002716,"(3.389580, 0.000090, 0.005695)",LeftFalse_RightFalse,False,"(-0.5888586044311523, -0.00424893107265234, 27.805742263793945)","(359.9500732421875, 178.52198791503906, 0.17865672707557678)",0.186481,0.18292,"(-0.085354, 0.000163, -4.209434)",LeftFalse_RightFalse
6.675415,0.067541,"(-29.567928314208984, 1.191041350364685, -0.9435778856277466)","(342.82061767578125, 88.36328887939453, 358.80999755859375)","(-29.632633209228516, 1.2579336166381836, 0.8419203758239746)","(359.97381591796875, 104.92367553710938, -0.005322647746652365)","(-29.676870346069336, -0.004127535969018936, -1.3496074676513672)","(359.97332763671875, 89.8793716430664, 0.0016556866466999054)",0.095995,0.00412,"(3.366096, 0.000089, 0.004672)",LeftFalse_RightFalse,False,"(-0.5966215133666992, -0.004238232970237732, 27.527000427246094)","(359.95672607421875, 179.28785705566406, 0.1937466859817505)",0.156895,0.181003,"(-0.148640, 0.000149, -4.186880)",LeftFalse_RightFalse
6.745483,0.068049,"(-29.33293342590332, 1.191036581993103, -0.9433371424674988)","(342.84619140625, 88.22466278076172, 358.885009765625)","(-29.397274017333984, 1.2579110860824585, 0.8421751260757446)","(359.9766540527344, 104.9351577758789, -0.003856363007798791)","(-29.442018508911133, -0.004121469333767891, -1.349359154701233)","(359.9764404296875, 89.89085388183594, 0.0023360548075288534)",0.086395,0.006287,"(3.332517, 0.000085, 0.002560)",LeftFalse_RightFalse,False,"(-0.6093340516090393, -0.004228173289448023, 27.234722137451172)","(359.9624938964844, 180.1260986328125, 0.20348641276359558)",0.158407,0.165601,"(-0.220211, 0.000133, -4.150871)",LeftFalse_RightFalse
6.808716,0.067095,"(-29.122560501098633, 1.1910303831100464, -0.9432575702667236)","(342.88714599609375, 88.14912414550781, 358.9093933105469)","(-29.18644142150879, 1.2578785419464111, 0.842272162437439)","(359.97882080078125, 104.94976806640625, -0.002310273004695773)","(-29.231800079345703, -0.00411613006144762, -1.3492711782455444)","(359.97894287109375, 89.90545654296875, 0.003265952691435814)",0.077756,0.008667,"(3.305915, 0.000084, 0.000017)",LeftFalse_RightFalse,False,"(-0.6241670846939087, -0.0042200591415166855, 26.972698211669922)","(359.9665222167969, 180.87110900878906, 0.2035141885280609)",0.1326,0.146361,"(-0.258982, 0.000116, -4.125916)",LeftFalse_RightFalse
6.876465,0.06722,"(-28.899375915527344, 1.1910209655761719, -0.9433913826942444)","(342.9808044433594, 88.1130142211914, 358.9085693359375)","(-28.962549209594727, 1.257825493812561, 0.842165470123291)","(359.9808044433594, 104.97241973876953, -0.0002466313890181482)","(-29.008827209472656, -0.004110509064048529, -1.3493926525115967)","(359.98138427734375, 89.9281234741211, 0.004748158156871796)",0.06998,0.010284,"(3.278010, 0.000082, -0.003272)",LeftFalse_RightFalse,False,"(-0.6424533128738403, -0.004213047679513693, 26.69420623779297)","(359.9698181152344, 181.61019897460938, 0.1933072805404663)",0.114357,0.131618,"(-0.286311, 0.000102, -4.097835)",LeftFalse_RightFalse
6.94812,0.068102,"(-28.665607452392578, 1.191010594367981, -0.9438135623931885)","(343.0557861328125, 88.11563110351562, 358.8860168457031)","(-28.727781295776367, 1.2577667236328125, 0.8417799472808838)","(359.9826354980469, 105.00437927246094, 0.0019417497096583247)","(-28.775333404541016, -0.004104701802134514, -1.349787712097168)","(359.9837341308594, 89.9600830078125, 0.006379617378115654)",0.062982,0.010651,"(3.239372, 0.000077, -0.007312)",LeftFalse_RightFalse,False,"(-0.6638492345809937, -0.004206240642815828, 26.40209197998047)","(359.9730224609375, 182.30764770507812, 0.17640432715415955)",0.127962,0.117793,"(-0.319444, 0.000098, -4.055643)",LeftFalse_RightFalse
7.016602,0.068189,"(-28.443559646606445, 1.1910054683685303, -0.9446352124214172)","(343.1194152832031, 88.07958984375, 358.8450012207031)","(-28.505352020263672, 1.2577341794967651, 0.8411867618560791)","(359.9843444824219, 105.03927612304688, 0.00337195280008018)","(-28.554283142089844, -0.0040994626469910145, -1.350372076034546)","(359.9857482910156, 89.99497985839844, 0.007323125842958689)",0.056684,0.010651,"(3.209531, 0.000077, -0.009642)",LeftFalse_RightFalse,False,"(-0.6862719058990479, -0.0041999733075499535, 26.125072479248047)","(359.97552490234375, 182.90591430664062, 0.16023138165473938)",0.099043,0.103756,"(-0.340483, 0.000092, -4.026724)",LeftFalse_RightFalse
7.080444,0.067306,"(-28.239330291748047, 1.1910046339035034, -0.9447711706161499)","(343.2076416015625, 88.01471710205078, 358.8160095214844)","(-28.300451278686523, 1.2577235698699951, 0.8404783010482788)","(359.9858703613281, 105.07315826416016, 0.004168132785707712)","(-28.35071563720703, -0.004094603005796671, -1.3510595560073853)","(359.9874267578125, 90.02885437011719, 0.007692333776503801)",0.051016,0.010437,"(3.178889, 0.000074, -0.011580)",LeftFalse_RightFalse,False,"(-0.7083856463432312, -0.004194652661681175, 25.86947250366211)","(359.97747802734375, 183.3990020751953, 0.14399828016757965)",0.096528,0.093894,"(-0.355809, 0.000088, -3.993534)",LeftFalse_RightFalse
7.144775,0.06672,"(-28.03553581237793, 1.1910063028335571, -0.945425808429718)","(343.2684020996094, 87.9813461303711, 358.8255920410156)","(-28.095731735229492, 1.2577271461486816, 0.8396373987197876)","(359.9873962402344, 105.10731506347656, 0.004569267854094505)","(-28.147336959838867, -0.004089878872036934, -1.3518701791763306)","(359.989013671875, 90.06301879882812, 0.0076856170780956745)",0.045914,0.009644,"(3.137204, 0.000073, -0.013744)",LeftFalse_RightFalse,False,"(-0.7317233681678772, -0.004189119208604097, 25.613746643066406)","(359.9794006347656, 183.83900451660156, 0.12821218371391296)",0.123967,0.077875,"(-0.376111, 0.000087, -3.948266)",LeftFalse_RightFalse
7.212524,0.066933,"(-27.823444366455078, 1.19101083278656, -0.946374237537384)","(343.252685546875, 87.98404693603516, 358.8453063964844)","(-27.88260841369629, 1.2577438354492188, 0.8386409282684326)","(359.9888916015625, 105.14205932617188, 0.004619695246219635)","(-27.935575485229492, -0.004084977321326733, -1.3528270721435547)","(359.990478515625, 90.0977554321289, 0.007345263846218586)",0.041323,0.009064,"(3.105469, 0.000072, -0.014792)",LeftFalse_RightFalse,False,"(-0.7573025226593018, -0.004183652810752392, 25.34689712524414)","(359.980712890625, 184.24771118164062, 0.11270426213741302)",0.083711,0.064832,"(-0.384265, 0.000077, -3.920386)",LeftFalse_RightFalse
7.278076,0.066647,"(-27.620676040649414, 1.191016674041748, -0.9467760324478149)","(343.2072448730469, 88.00550079345703, 358.8552551269531)","(-27.679054260253906, 1.2577685117721558, 0.8376058340072632)","(359.9902648925781, 105.1733627319336, 0.0044166324660182)","(-27.733245849609375, -0.004080365877598524, -1.3538206815719604)","(359.99176025390625, 90.12906646728516, 0.006791990716010332)",0.03719,0.008881,"(3.073281, 0.000070, -0.015686)",LeftFalse_RightFalse,False,"(-0.7824483513832092, -0.0041788918897509575, 25.091230392456055)","(359.98162841796875, 184.5810546875, 0.09660742431879044)",0.080154,0.059415,"(-0.387898, 0.000074, -3.886347)",LeftFalse_RightFalse
7.342651,0.066235,"(-27.423126220703125, 1.1910226345062256, -0.9476654529571533)","(343.2306823730469, 88.0220947265625, 358.88275146484375)","(-27.480661392211914, 1.25779128074646, 0.8365187644958496)","(359.99151611328125, 105.20246887207031, 0.0042288098484277725)","(-27.535991668701172, -0.004075753036886454, -1.3548686504364014)","(359.9928894042969, 90.15817260742188, 0.006288254167884588)",0.033471,0.008881,"(3.040732, 0.000069, -0.016706)",LeftFalse_RightFalse,False,"(-0.8076134324073792, -0.0041741421446204185, 24.84156036376953)","(359.98291015625, 184.86102294921875, 0.08282995969057083)",0.082183,0.054433,"(-0.393791, 0.000078, -3.851088)",LeftFalse_RightFalse
7.407227,0.065903,"(-27.227964401245117, 1.1910275220870972, -0.9487740397453308)","(343.2454528808594, 88.04583740234375, 358.94464111328125)","(-27.284645080566406, 1.2578082084655762, 0.8353580236434937)","(359.99261474609375, 105.2305908203125, 0.004167783074080944)","(-27.341073989868164, -0.004071268253028393, -1.3559943437576294)","(359.99395751953125, 90.18628692626953, 0.005942529067397118)",0.030124,0.008881,"(2.997038, 0.000067, -0.018219)",LeftFalse_RightFalse,False,"(-0.8332138061523438, -0.004168932791799307, 24.594385147094727)","(359.9841613769531, 185.10653686523438, 0.07198280096054077)",0.109238,0.050709,"(-0.402430, 0.000081, -3.804878)",LeftFalse_RightFalse
7.475098,0.066299,"(-27.02528953552246, 1.1910319328308105, -0.9500763416290283)","(343.23321533203125, 88.08256530761719, 358.924072265625)","(-27.08107566833496, 1.2578210830688477, 0.8340541124343872)","(359.9936218261719, 105.2595443725586, 0.004188199993222952)","(-27.138633728027344, -0.004066747613251209, -1.3572641611099243)","(-0.005081023555248976, 90.21524047851562, 0.00570251140743494)",0.027112,0.008881,"(2.964143, 0.000065, -0.019346)",LeftFalse_RightFalse,False,"(-0.8606742024421692, -0.004163782112300396, 24.336999893188477)","(359.9848327636719, 185.3404541015625, 0.06364674866199493)",0.069942,0.043914,"(-0.409205, 0.000071, -3.775432)",LeftFalse_RightFalse
7.541016,0.066229,"(-26.83080291748047, 1.1910356283187866, -0.9514402151107788)","(343.1926574707031, 88.10688781738281, 358.84002685546875)","(-26.885726928710938, 1.25783109664917, 0.8327076435089111)","(-0.005524758715182543, 105.2872543334961, 0.004244549199938774)","(-26.944364547729492, -0.0040625762194395065, -1.3585789203643799)","(-0.00423366017639637, 90.24295043945312, 0.005533107556402683)",0.024401,0.008453,"(2.931109, 0.000063, -0.020441)",LeftFalse_RightFalse,False,"(-0.8876829743385315, -0.004159349948167801, 24.08929443359375)","(359.9853515625, 185.54312133789062, 0.05602326616644859)",0.067797,0.039694,"(-0.411648, 0.000068, -3.740163)",LeftFalse_RightFalse
7.606079,0.065995,"(-26.641307830810547, 1.1910400390625, -0.9528546333312988)","(343.19342041015625, 88.14830017089844, 358.7904357910156)","(-26.695411682128906, 1.25784432888031, 0.8313148021697998)","(-0.004726866260170937, 105.31363677978516, 0.0041917660273611546)","(-26.75507354736328, -0.004058538936078548, -1.359938621520996)","(-0.0034768152981996536, 90.26934051513672, 0.005275027360767126)",0.021961,0.006836,"(2.887048, 0.000059, -0.021506)",LeftFalse_RightFalse,False,"(-0.9144884943962097, -0.004154691006988287, 23.84747314453125)","(359.9862976074219, 185.71876525878906, 0.048993419855833054)",0.103604,0.033915,"(-0.414956, 0.000076, -3.692525)",LeftFalse_RightFalse
7.669312,0.06544,"(-26.459423065185547, 1.1910462379455566, -0.9542593955993652)","(343.1637268066406, 88.21981048583984, 358.76556396484375)","(-26.512794494628906, 1.2578678131103516, 0.8299304246902466)","(-0.003964696079492569, 105.33712768554688, 0.003843629499897361)","(-26.573368072509766, -0.0040548075921833515, -1.3612865209579468)","(-0.0028311326168477535, 90.2928237915039, 0.00474098976701498)",0.019765,0.00412,"(2.854060, 0.000058, -0.021343)",LeftFalse_RightFalse,False,"(-0.9406930804252625, -0.004150127060711384, 23.61473846435547)","(359.98681640625, 185.87057495117188, 0.04300784319639206)",0.070499,0.029983,"(-0.415993, 0.000066, -3.663810)",LeftFalse_RightFalse
7.735962,0.065691,"(-26.26997184753418, 1.1910574436187744, -0.9556871652603149)","(343.1524963378906, 88.27625274658203, 358.6758117675781)","(-26.322744369506836, 1.2579172849655151, 0.8285187482833862)","(-0.003062848700210452, 105.35627746582031, 0.0028377161361277103)","(-26.384065628051758, -0.004051008261740208, -1.3626514673233032)","(-0.002221296774223447, 90.31198120117188, 0.0035354658029973507)",0.017788,0.001343,"(2.821100, 0.000058, -0.019998)",LeftFalse_RightFalse,False,"(-0.9683800935745239, -0.004145681858062744, 23.371437072753906)","(359.9869689941406, 186.0097198486328, 0.037004806101322174)",0.060616,0.024704,"(-0.415819, 0.000063, -3.630121)",LeftFalse_RightFalse
7.807251,0.066789,"(-26.07050323486328, 1.1910732984542847, -0.9570643305778503)","(343.1485900878906, 88.29428100585938, 358.63006591796875)","(-26.12291717529297, 1.2579902410507202, 0.8271496295928955)","(-0.0020262161269783974, 105.3678207397461, 0.0012379015097394586)","(-26.1846923828125, -0.004046943970024586, -1.3639678955078125)","(-0.0016354512190446258, 90.32351684570312, 0.001721409265883267)",0.016009,-0.00061,"(2.777316, 0.000056, -0.017713)",LeftFalse_RightFalse,False,"(-0.9978259801864624, -0.004141058307141066, 23.11456871032715)","(359.9877014160156, 186.1345672607422, 0.03074091486632824)",0.086541,0.020238,"(-0.413507, 0.000069, -3.583136)",LeftFalse_RightFalse
7.880615,0.068105,"(-25.86787986755371, 1.1910876035690308, -0.9583267569541931)","(343.2002868652344, 88.28804779052734, 358.6368408203125)","(-25.920164108276367, 1.2580546140670776, 0.8258891105651855)","(-0.0011078452225774527, 105.37200927734375, -0.0001616662775631994)","(-25.98210906982422, -0.004042900633066893, -1.3651888370513916)","(-0.00111183722037822, 90.32770538330078, 0.000131433509523049)",0.017979,-0.001587,"(2.744644, 0.000054, -0.016005)",LeftFalse_RightFalse,False,"(-1.0280368328094482, -0.004136021248996258, 22.85277557373047)","(359.9882507324219, 186.2413330078125, 0.0251573845744133)",0.050507,0.015774,"(-0.411368, 0.000067, -3.552939)",LeftFalse_RightFalse
7.947021,0.067772,"(-25.686914443969727, 1.1910979747772217, -0.9593406915664673)","(343.2131652832031, 88.24948120117188, 358.65447998046875)","(-25.739242553710938, 1.258098840713501, 0.8248727321624756)","(-0.0004910556599497795, 105.37052917480469, -0.0011069432366639376)","(-25.80113983154297, -0.004039399791508913, -1.3661832809448242)","(-0.0007615494541823864, 90.32624053955078, -0.0009415418608114123)",0.030863,-0.002167,"(2.702152, 0.000051, -0.014402)",LeftFalse_RightFalse,False,"(-1.0551468133926392, -0.004131557419896126, 22.618255615234375)","(359.9888916015625, 186.31814575195312, 0.020195450633764267)",0.087444,0.012215,"(-0.406530, 0.000071, -3.505251)",LeftFalse_RightFalse
8.01123,0.067052,"(-25.514312744140625, 1.1911052465438843, -0.9602376818656921)","(343.25714111328125, 88.18897247314453, 358.6747741699219)","(-25.56676483154297, 1.2581236362457275, 0.8239715099334717)","(-0.00030093369423411787, 105.3665771484375, -0.0016420502215623856)","(-25.628511428833008, -0.004036230966448784, -1.3670763969421387)","(-0.0007168393931351602, 90.32228088378906, -0.0015076573472470045)",0.048808,-0.002594,"(2.672949, 0.000044, -0.013463)",LeftFalse_RightFalse,False,"(-1.0811073780059814, -0.00412712013348937, 22.394092559814453)","(359.9893798828125, 186.3780517578125, 0.01617889665067196)",0.059909,0.010014,"(-0.403161, 0.000066, -3.476165)",LeftFalse_RightFalse
8.076294,0.066672,"(-25.341035842895508, 1.1904584169387817, -0.9610795378684998)","(343.3333435058594, 88.11475372314453, 358.681640625)","(-25.39366912841797, 1.2581385374069214, 0.8231236934661865)","(-0.0007688164478167892, 105.36075592041016, -0.002094584284350276)","(-25.455181121826172, -0.004033776465803385, -1.3679232597351074)","(-0.0012861480936408043, 90.31645965576172, -0.0018232348375022411)",0.071703,-0.003143,"(2.647265, 0.000031, -0.012629)",LeftFalse_RightFalse,False,"(-1.1072242259979248, -0.004122937098145485, 22.168659210205078)","(359.9895324707031, 186.4262237548828, 0.012695767916738987)",0.052884,0.003874,"(-0.399406, 0.000062, -3.443054)",LeftFalse_RightFalse
8.140869,0.06625,"(-25.170974731445312, 1.1902388334274292, -0.9618488550186157)","(343.3221130371094, 88.09088897705078, 358.6737976074219)","(-25.22383689880371, 1.2581493854522705, 0.8223471641540527)","(-0.002046013018116355, 105.35347747802734, -0.0026567932218313217)","(-25.2850399017334, -0.00403227936476469, -1.3687028884887695)","(-0.002665499458089471, 90.30917358398438, -0.0020346571691334248)",0.099451,-0.003571,"(2.625929, 0.000015, -0.011743)",LeftFalse_RightFalse,False,"(-1.1327108144760132, -0.004118798300623894, 21.94759750366211)","(359.9900817871094, 186.4584197998047, 0.008709726855158806)",0.054723,0.001108,"(-0.392362, 0.000066, -3.409163)",LeftFalse_RightFalse
8.208618,0.06655,"(-24.99390983581543, 1.190160870552063, -0.9625885486602783)","(343.3160095214844, 88.0653305053711, 358.681640625)","(-25.047060012817383, 1.258157730102539, 0.8215991258621216)","(-0.004361925646662712, 105.3443374633789, -0.0034504311624914408)","(-25.107858657836914, -0.004032374359667301, -1.3694576025009155)","(-0.00510803610086441, 90.3000259399414, -0.0021999625023454428)",0.12998,-0.003784,"(2.604464, -0.000014, -0.010688)",LeftFalse_RightFalse,False,"(-1.158970594406128, -0.00411424832418561, 21.7181396484375)","(359.9907531738281, 186.4755401611328, 0.004776984453201294)",0.077863,-0.00512,"(-0.384453, 0.000069, -3.364783)",LeftFalse_RightFalse
8.2771,0.066942,"(-24.815942764282227, 1.190138578414917, -0.9632781147956848)","(343.349609375, 88.0104751586914, 358.6912536621094)","(-24.869413375854492, 1.2581610679626465, 0.8208999633789062)","(359.9925231933594, 105.33415222167969, -0.004348188638687134)","(-24.929752349853516, -0.004033985082060099, -1.370166540145874)","(359.9916687011719, 90.28985595703125, -0.002259190659970045)",0.159439,-0.003784,"(2.593918, -0.000034, -0.010018)",LeftFalse_RightFalse,False,"(-1.1849983930587769, -0.00410977378487587, 21.488544464111328)","(359.9909973144531, 186.4769744873047, 0.0008481335244141519)",0.044393,-0.014311,"(-0.376263, 0.000060, -3.336302)",LeftFalse_RightFalse
8.338623,0.06585,"(-24.656766891479492, 1.1901350021362305, -0.96385657787323)","(343.3644104003906, 87.9712905883789, 358.6903381347656)","(-24.710540771484375, 1.2581604719161987, 0.8203125)","(359.989013671875, 105.32460021972656, -0.005267037078738213)","(-24.77043342590332, -0.004036783706396818, -1.3707647323608398)","(359.988037109375, 90.28030395507812, -0.0022360924631357193)",0.186746,-0.003906,"(2.588722, -0.000056, -0.009497)",LeftFalse_RightFalse,False,"(-1.207636833190918, -0.004106068518012762, 21.284549713134766)","(359.9912414550781, 186.4554901123047, -0.004270178731530905)",0.051099,-0.029813,"(-0.363589, 0.000062, -3.302999)",LeftFalse_RightFalse
8.402832,0.06552,"(-24.490550994873047, 1.1901359558105469, -0.9637939929962158)","(343.35357666015625, 87.90174102783203, 358.6817626953125)","(-24.54482078552246, 1.258158564567566, 0.8197357654571533)","(359.98480224609375, 105.3143310546875, 359.99365234375)","(-24.604225158691406, -0.004041039850562811, -1.3713536262512207)","(359.9836730957031, 90.27003479003906, -0.0021961317397654057)",0.21172,-0.004181,"(2.588434, -0.000073, -0.008961)",LeftFalse_RightFalse,False,"(-1.2301254272460938, -0.004101932514458895, 21.073698043823242)","(359.9918212890625, 186.3953857421875, 359.9873046875)",0.048797,-0.045337,"(-0.344101, 0.000063, -3.271425)",LeftFalse_RightFalse
8.468872,0.065622,"(-24.319543838500977, 1.1901386976242065, -0.9641016721725464)","(343.3473205566406, 87.793212890625, 358.6221923828125)","(-24.374231338500977, 1.258157730102539, 0.819185733795166)","(359.9801025390625, 105.30317687988281, 359.99237060546875)","(-24.433101654052734, -0.004046758636832237, -1.371915340423584)","(359.9787902832031, 90.25888061523438, -0.002217209432274103)",0.234989,-0.004578,"(2.594031, -0.000095, -0.008144)",LeftFalse_RightFalse,False,"(-1.2516545057296753, -0.0040978603065013885, 20.859119415283203)","(359.9924621582031, 186.2820281982422, 359.97625732421875)",0.073788,-0.067178,"(-0.315267, 0.000065, -3.229504)",LeftFalse_RightFalse
8.537964,0.06632,"(-24.140138626098633, 1.190142035484314, -0.9645320177078247)","(343.324462890625, 87.70722961425781, 358.5886535644531)","(-24.195241928100586, 1.2581586837768555, 0.8186608552932739)","(359.97528076171875, 105.29068756103516, 359.990966796875)","(-24.253524780273438, -0.004053419455885887, -1.3724514245986938)","(359.9737854003906, 90.24639129638672, -0.002304359572008252)",0.255931,-0.004578,"(2.602256, -0.000100, -0.007398)",LeftFalse_RightFalse,False,"(-1.2723019123077393, -0.0040935343131423, 20.63680648803711)","(359.9927062988281, 186.10769653320312, 359.963623046875)",0.038865,-0.088811,"(-0.285902, 0.000057, -3.203034)",LeftFalse_RightFalse
8.601563,0.065776,"(-23.97434425354004, 1.1901450157165527, -0.9649341702461243)","(343.286376953125, 87.62748718261719, 358.6033020019531)","(-24.029836654663086, 1.2581586837768555, 0.8182234764099121)","(359.97088623046875, 105.278564453125, 359.9897155761719)","(-24.087554931640625, -0.0040597934275865555, -1.3729000091552734)","(359.9692077636719, 90.23426055908203, -0.0023693572729825974)",0.275969,-0.004578,"(2.614123, -0.000102, -0.006825)",LeftFalse_RightFalse,False,"(-1.2890123128890991, -0.004089676309376955, 20.43426513671875)","(359.9931335449219, 185.8792724609375, 359.9491882324219)",0.044263,-0.10052,"(-0.251003, 0.000059, -3.170923)",LeftFalse_RightFalse
8.664185,0.065154,"(-23.81007194519043, 1.190147042274475, -0.965308427810669)","(343.2806396484375, 87.5638656616211, 358.65704345703125)","(-23.865951538085938, 1.258156657218933, 0.8178290128707886)","(359.96661376953125, 105.26636505126953, 359.9885559082031)","(-23.923107147216797, -0.004066370893269777, -1.3733068704605103)","(359.96478271484375, 90.22206115722656, -0.0023866628762334585)",0.295196,-0.004578,"(2.629427, -0.000105, -0.006302)",LeftFalse_RightFalse,False,"(-1.3033628463745117, -0.004085739143192768, 20.23680877685547)","(359.9938659667969, 185.60093688964844, 359.93682861328125)",0.047221,-0.107045,"(-0.219788, 0.000063, -3.139436)",LeftFalse_RightFalse
8.729492,0.065178,"(-23.63772964477539, 1.1901488304138184, -0.9656669497489929)","(343.29254150390625, 87.51737213134766, 358.6567687988281)","(-23.694015502929688, 1.2581533193588257, 0.8174545764923096)","(359.96234130859375, 105.25349426269531, 359.9873962402344)","(-23.750579833984375, -0.004073232877999544, -1.3736944198608398)","(359.9603576660156, 90.20919036865234, -0.002384498482570052)",0.31488,-0.004578,"(2.654197, -0.000105, -0.005619)",LeftFalse_RightFalse,False,"(-1.3163526058197021, -0.0040815891698002815, 20.03331184387207)","(-0.005498412996530533, 185.2757568359375, 359.92840576171875)",0.069061,-0.111785,"(-0.184862, 0.000065, -3.098566)",LeftFalse_RightFalse
8.796875,0.065619,"(-23.458343505859375, 1.1901501417160034, -0.9660012125968933)","(343.33905029296875, 87.44942474365234, 358.6206359863281)","(-23.515052795410156, 1.2581499814987183, 0.817105770111084)","(359.95819091796875, 105.24007415771484, 359.9862976074219)","(-23.57101058959961, -0.004080220125615597, -1.3740565776824951)","(359.9560852050781, 90.19577026367188, -0.0023809419944882393)",0.333781,-0.004578,"(2.676016, -0.000104, -0.005107)",LeftFalse_RightFalse,False,"(-1.327972650527954, -0.004077427554875612, 19.825393676757812)","(-0.0054094791412353516, 184.92079162597656, 359.92388916015625)",0.034575,-0.111754,"(-0.160622, 0.000054, -3.072017)",LeftFalse_RightFalse
8.864014,0.065925,"(-23.27782440185547, 1.1901512145996094, -0.9662965536117554)","(343.390869140625, 87.41051483154297, 358.5945739746094)","(-23.3349609375, 1.2581467628479004, 0.8167968988418579)","(359.9542236328125, 105.22652435302734, 359.9852294921875)","(-23.390308380126953, -0.004087124951183796, -1.37437903881073)","(359.95196533203125, 90.18222045898438, -0.0023859613575041294)",0.353526,-0.004578,"(2.700996, -0.000105, -0.004588)",LeftFalse_RightFalse,False,"(-1.3379225730895996, -0.004074003081768751, 19.62036895751953)","(-0.005280429031699896, 184.55853271484375, 359.9227294921875)",0.03128,-0.111073,"(-0.139835, 0.000052, -3.040004)",LeftFalse_RightFalse
8.927368,0.065394,"(-23.105852127075195, 1.1901521682739258, -0.9665381908416748)","(343.3789367675781, 87.37599182128906, 358.6020202636719)","(-23.163393020629883, 1.2581439018249512, 0.8165422677993774)","(359.9505615234375, 105.21361541748047, 359.9842224121094)","(-23.218164443969727, -0.004093753173947334, -1.3746460676193237)","(359.9481506347656, 90.16930389404297, -0.00240315031260252)",0.375594,-0.004578,"(2.738673, -0.000104, -0.003881)",LeftFalse_RightFalse,False,"(-1.3459466695785522, -0.004070421680808067, 19.429458618164062)","(-0.004707708954811096, 184.2188720703125, 359.9239196777344)",0.069348,-0.112008,"(-0.114668, 0.000060, -2.996583)",LeftFalse_RightFalse
8.998047,0.066457,"(-22.911296844482422, 1.190152883529663, -0.9667659401893616)","(343.37933349609375, 87.35246276855469, 358.6053466796875)","(-22.96929931640625, 1.2581411600112915, 0.816299557685852)","(359.94659423828125, 105.19898223876953, 359.9831237792969)","(-23.023420333862305, -0.004101109225302935, -1.3749021291732788)","(359.9440612792969, 90.15467834472656, -0.0024341417010873556)",0.401314,-0.004578,"(2.770508, -0.000105, -0.003334)",LeftFalse_RightFalse,False,"(-1.3534294366836548, -0.00406657112762332, 19.218435287475586)","(-0.004559335298836231, 183.84173583984375, 359.92578125)",0.025418,-0.110752,"(-0.095819, 0.000050, -2.970871)",LeftFalse_RightFalse
9.060547,0.065658,"(-22.737106323242188, 1.19015371799469, -0.9669284820556641)","(343.3316955566406, 87.3450927734375, 358.62744140625)","(-22.795522689819336, 1.2581391334533691, 0.8161238431930542)","(359.9429626464844, 105.18586730957031, 359.98211669921875)","(-22.849058151245117, -0.004107791930437088, -1.3750897645950317)","(359.9402770996094, 90.14155578613281, -0.0024741236120462418)",0.427588,-0.004578,"(2.806628, -0.000112, -0.002767)",LeftFalse_RightFalse,False,"(-1.358821153640747, -0.004063504282385111, 19.034042358398438)","(-0.004439832177013159, 183.512451171875, 359.927978515625)",0.03119,-0.108942,"(-0.078910, 0.000048, -2.938259)",LeftFalse_RightFalse
9.126831,0.06579,"(-22.549400329589844, 1.1901546716690063, -0.967059850692749)","(343.2732849121094, 87.30460357666016, 358.6374206542969)","(-22.608261108398438, 1.2581372261047363, 0.8159776926040649)","(359.9388427734375, 105.17169189453125, 359.98095703125)","(-22.661161422729492, -0.004115578252822161, -1.375247836112976)","(359.9360046386719, 90.12738800048828, -0.0025307233445346355)",0.452405,-0.004578,"(2.860645, -0.000123, -0.001979)",LeftFalse_RightFalse,False,"(-1.3634042739868164, -0.004060119390487671, 18.840553283691406)","(-0.003926293458789587, 183.1708984375, 359.930908203125)",0.05767,-0.103975,"(-0.057981, 0.000054, -2.896056)",LeftFalse_RightFalse
9.190918,0.065457,"(-22.364957809448242, 1.190155267715454, -0.9671440124511719)","(343.3292541503906, 87.29727172851562, 358.5996398925781)","(-22.424257278442383, 1.2581350803375244, 0.8158789873123169)","(359.934814453125, 105.15776824951172, 359.97979736328125)","(-22.476531982421875, -0.00412355549633503, -1.375357985496521)","(359.9317932128906, 90.11344909667969, -0.002592722186818719)",0.475132,-0.004578,"(2.905178, -0.000132, -0.001361)",LeftFalse_RightFalse,False,"(-1.366824984550476, -0.004056844860315323, 18.655559539794922)","(-0.0037822131998836994, 182.85118103027344, 359.9343566894531)",0.028207,-0.099921,"(-0.045425, 0.000048, -2.869439)",LeftFalse_RightFalse
9.254272,0.065041,"(-22.17955780029297, 1.1901555061340332, -0.9671845436096191)","(343.3651428222656, 87.30570220947266, 358.58587646484375)","(-22.239301681518555, 1.258132815361023, 0.8158237934112549)","(359.9306640625, 105.14371490478516, 359.9786071777344)","(-22.290943145751953, -0.004132097586989403, -1.3754246234893799)","(359.927490234375, 90.09940338134766, -0.002663455670699477)",0.495977,-0.004578,"(2.953469, -0.000139, -0.000714)",LeftFalse_RightFalse,False,"(-1.3694088459014893, -0.004054022952914238, 18.47461700439453)","(-0.003818341763690114, 182.5498809814453, 359.9385070800781)",0.025856,-0.095676,"(-0.034169, 0.000045, -2.838331)",LeftFalse_RightFalse
9.32312,0.065805,"(-21.974374771118164, 1.1901556253433228, -0.9671783447265625)","(343.35565185546875, 87.3021011352539, 358.5726623535156)","(-22.03460693359375, 1.258130431175232, 0.8158138990402222)","(359.92608642578125, 105.12815856933594, 359.977294921875)","(-22.085548400878906, -0.0041419584304094315, -1.3754469156265259)","(359.9227294921875, 90.08384704589844, -0.0027506877668201923)",0.514737,-0.004547,"(3.005166, -0.000145, -0.000032)",LeftFalse_RightFalse,False,"(-1.3714131116867065, -0.004050686489790678, 18.280393600463867)","(-0.0034478444140404463, 182.24034118652344, 359.9432678222656)",0.018996,-0.088452,"(-0.024003, 0.000049, -2.806891)",LeftFalse_RightFalse
9.390747,0.066151,"(-21.768966674804688, 1.1901549100875854, -0.9671183228492737)","(343.3659973144531, 87.27069854736328, 358.5403137207031)","(-21.829687118530273, 1.258127212524414, 0.8158571720123291)","(359.921630859375, 105.11260986328125, 359.9759826660156)","(-21.879932403564453, -0.00415218248963356, -1.375415325164795)","(359.9180908203125, 90.06829833984375, -0.002836722880601883)",0.53084,-0.003967,"(3.078104, -0.000154, 0.000904)",LeftFalse_RightFalse,False,"(-1.3727376461029053, -0.00404741894453764, 18.09238624572754)","(-0.0028251144103705883, 181.95970153808594, 359.94873046875)",0.046357,-0.083021,"(-0.013541, 0.000054, -2.763974)",LeftFalse_RightFalse
9.455566,0.06589,"(-21.5677547454834, 1.1901525259017944, -0.9670219421386719)","(343.3944396972656, 87.25161743164062, 358.5176696777344)","(-21.628934860229492, 1.2581186294555664, 0.8159382343292236)","(359.91754150390625, 105.0980453491211, 359.9749450683594)","(-21.678529739379883, -0.004162242170423269, -1.3753483295440674)","(359.91387939453125, 90.0537338256836, -0.0027835052460432053)",0.544551,-0.002533,"(3.135248, -0.000157, 0.001238)",LeftFalse_RightFalse,False,"(-1.3734424114227295, -0.004044014494866133, 17.913997650146484)","(-0.002581664826720953, 181.70822143554688, 359.9533996582031)",0.019631,-0.077156,"(-0.006442, 0.000050, -2.736814)",LeftFalse_RightFalse
9.525146,0.06664,"(-21.3471622467041, 1.1901463270187378, -0.9669266939163208)","(343.38568115234375, 87.2478256225586, 358.53692626953125)","(-21.408750534057617, 1.2580920457839966, 0.816020131111145)","(359.913330078125, 105.08512115478516, 359.9743347167969)","(-21.4577579498291, -0.004173163790255785, -1.3752886056900024)","(359.9096374511719, 90.04080963134766, -0.0022830567322671413)",0.55611,-0.000336,"(3.214215, -0.000156, 0.000789)",LeftFalse_RightFalse,False,"(-1.3737177848815918, -0.004040658473968506, 17.72468376159668)","(-0.002454427070915699, 181.45933532714844, 359.9584045410156)",0.03784,-0.070834,"(0.001641, 0.000047, -2.695303)",LeftFalse_RightFalse
9.592651,0.066799,"(-21.128820419311523, 1.1901365518569946, -0.9668905735015869)","(343.3447570800781, 87.2101821899414, 358.596435546875)","(-21.190662384033203, 1.2580503225326538, 0.8160488605499268)","(359.9095458984375, 105.07708740234375, 359.9742431640625)","(-21.239280700683594, -0.004183555021882057, -1.3752868175506592)","(359.9059753417969, 90.03276824951172, -0.0013826282229274511)",0.566513,0.001343,"(3.275054, -0.000154, -0.000595)",LeftFalse_RightFalse,False,"(-1.373526930809021, -0.004037569276988506, 17.54371452331543)","(-0.0023199620191007853, 181.23744201660156, 359.9627380371094)",0.014514,-0.064026,"(0.006180, 0.000042, -2.667527)",LeftFalse_RightFalse
9.660522,0.067026,"(-20.903432846069336, 1.1901246309280396, -0.967167854309082)","(343.3684997558594, 87.17745971679688, 358.58837890625)","(-20.966033935546875, 1.2579928636550903, 0.815962553024292)","(359.90594482421875, 105.07562255859375, 359.9746398925781)","(-21.014522552490234, -0.004193922039121389, -1.3754029273986816)","(359.902587890625, 90.03130340576172, -7.855061994632706e-05)",0.575876,0.00235,"(3.337393, -0.000150, -0.002287)",LeftFalse_RightFalse,False,"(-1.373060703277588, -0.0040348004549741745, 17.36361312866211)","(-0.0021460370626300573, 181.03590393066406, 359.96746826171875)",0.009558,-0.056735,"(0.008947, 0.000043, -2.636326)",LeftFalse_RightFalse
9.729736,0.067448,"(-20.669509887695312, 1.1894134283065796, -0.9674551486968994)","(343.4891052246094, 87.18067169189453, 358.5929870605469)","(-20.73220443725586, 1.2579379081726074, 0.815744161605835)","(359.902587890625, 105.08023071289062, 359.9750061035156)","(-20.780799865722656, -0.00420414051041007, -1.3756446838378906)","(359.8994445800781, 90.03590393066406, 0.0011599933495745063)",0.584303,0.003113,"(3.422192, -0.000150, -0.004162)",LeftFalse_RightFalse,False,"(-1.3724336624145508, -0.004031667485833168, 17.182849884033203)","(-0.0015488795470446348, 180.8560333251953, 359.9725646972656)",0.035835,-0.049975,"(0.011656, 0.000049, -2.593898)",LeftFalse_RightFalse
9.796997,0.067416,"(-20.437057495117188, 1.1891928911209106, -0.9678055047988892)","(343.5466613769531, 87.22480010986328, 358.5970764160156)","(-20.499561309814453, 1.2578964233398438, 0.8154230117797852)","(359.89971923828125, 105.08866882324219, 359.97515869140625)","(-20.548419952392578, -0.004214052110910416, -1.3759782314300537)","(359.8966979980469, 90.04434967041016, 0.0020441908854991198)",0.591886,0.004059,"(3.486829, -0.000148, -0.005551)",LeftFalse_RightFalse,False,"(-1.3716635704040527, -0.004028324969112873, 17.009193420410156)","(-0.001266433740966022, 180.70091247558594, 359.976806640625)",0.008215,-0.043855,"(0.012730, 0.000045, -2.566933)",LeftFalse_RightFalse
9.865967,0.067739,"(-20.192779541015625, 1.1891125440597534, -0.968483567237854)","(343.5821838378906, 87.24932098388672, 358.6140441894531)","(-20.255657196044922, 1.2578556537628174, 0.8149669170379639)","(359.8970031738281, 105.10142517089844, 359.9753112792969)","(-20.304946899414062, -0.004224213305860758, -1.3764424324035645)","(359.8941345214844, 90.0571060180664, 0.0028994635213166475)",0.598321,0.004883,"(3.574249, -0.000147, -0.007724)",LeftFalse_RightFalse,False,"(-1.370824933052063, -0.004025452770292759, 16.833288192749023)","(-0.0010321208974346519, 180.5631866455078, 359.98101806640625)",0.03026,-0.0375,"(0.013815, 0.000044, -2.525503)",LeftFalse_RightFalse
9.934082,0.06781,"(-19.946945190429688, 1.1890809535980225, -0.9684487581253052)","(343.5915832519531, 87.22148132324219, 358.65179443359375)","(-20.00974464416504, 1.2578188180923462, 0.8143805265426636)","(359.8946228027344, 105.1176528930664, 359.9754638671875)","(-20.05960464477539, -0.004234079271554947, -1.3770312070846558)","(359.8918762207031, 90.07332611083984, 0.003652023384347558)",0.604113,0.005493,"(3.640489, -0.000145, -0.009589)",LeftFalse_RightFalse,False,"(-1.369933843612671, -0.004022500477731228, 16.662128448486328)","(-0.0008390724542550743, 180.44517517089844, 359.98443603515625)",0.005293,-0.036041,"(0.013587, 0.000040, -2.498414)",LeftFalse_RightFalse
10.002075,0.067844,"(-19.69670867919922, 1.1890631914138794, -0.969001829624176)","(343.6095275878906, 87.2195053100586, 358.67291259765625)","(-19.759029388427734, 1.257781982421875, 0.8136461973190308)","(359.8924560546875, 105.137451171875, 359.97564697265625)","(-19.809602737426758, -0.004243906587362289, -1.3777648210525513)","(359.8898010253906, 90.09312438964844, 0.0044036321341991425)",0.609325,0.005524,"(3.707374, -0.000144, -0.011577)",LeftFalse_RightFalse,False,"(-1.3689751625061035, -0.004019841551780701, 16.493440628051758)","(-0.0006273178732953966, 180.3412628173828, 359.9868469238281)",0.00108,-0.035456,"(0.015179, 0.000041, -2.467608)",LeftFalse_RightFalse
10.063354,0.066521,"(-19.46693992614746, 1.1890523433685303, -0.9697512984275818)","(343.5764465332031, 87.24860382080078, 358.7100830078125)","(-19.5286808013916, 1.2577556371688843, 0.8128606081008911)","(359.8906555175781, 105.15742492675781, 359.9756774902344)","(-19.579978942871094, -0.004252812825143337, -1.3785439729690552)","(359.8880920410156, 90.11309051513672, 0.004897104576230049)",0.610891,0.005524,"(3.774798, -0.000146, -0.013291)",LeftTrue_RightFalse,False,"(-1.3679598569869995, -0.0040170298889279366, 16.343570709228516)","(-8.214451372623444e-05, 180.25387573242188, 359.98785400390625)",0.010035,-0.036343,"(0.017663, 0.000045, -2.436251)",LeftFalse_RightFalse
10.130493,0.066663,"(-19.20977210998535, 1.1890424489974976, -0.9707396626472473)","(343.5614013671875, 87.2756118774414, 358.7261047363281)","(-19.27081298828125, 1.2577342987060547, 0.8118722438812256)","(359.888916015625, 105.1805648803711, 359.9755554199219)","(-19.32295799255371, -0.004262558184564114, -1.379518985748291)","(359.8863830566406, 90.13623046875, 0.0052378312684595585)",0.602925,0.005737,"(3.864455, -0.000146, -0.015494)",LeftTrue_RightFalse,False,"(-1.3666008710861206, -0.004013814032077789, 16.18120002746582)","(0.0004287918272893876, 180.1597900390625, 359.98785400390625)",0.026026,-0.035489,"(0.022331, 0.000047, -2.396990)",LeftFalse_RightFalse
10.195313,0.066292,"(-18.9571533203125, 1.1890336275100708, -0.9718356728553772)","(343.6996154785156, 87.22868347167969, 358.8474426269531)","(-19.017475128173828, 1.2577152252197266, 0.810793399810791)","(359.8876037597656, 105.20387268066406, 359.9754943847656)","(-19.070484161376953, -0.004271766636520624, -1.380582571029663)","(359.8851013183594, 90.15955352783203, 0.005519270431250334)",0.566441,0.007233,"(3.929778, -0.000141, -0.017352)",LeftTrue_RightFalse,False,"(-1.3650681972503662, -0.004011005163192749, 16.02666473388672)","(0.0004960797377862036, 180.07077026367188, 359.9877014160156)",0.000921,-0.034388,"(0.025133, 0.000040, -2.370717)",LeftFalse_RightFalse
10.261963,0.066355,"(-18.69302749633789, 1.1890199184417725, -0.9731491804122925)","(343.7477722167969, 87.19674682617188, 358.9229431152344)","(-18.752506256103516, 1.2576789855957031, 0.8095062971115112)","(359.8872375488281, 105.23099517822266, 359.9761657714844)","(-18.806549072265625, -0.004280600231140852, -1.381860375404358)","(359.8848876953125, 90.18667602539062, 0.006244012154638767)",0.509797,0.007507,"(3.988078, -0.000124, -0.020385)",LeftTrue_RightFalse,False,"(-1.3633146286010742, -0.004008476622402668, 15.869882583618164)","(0.0005807183915749192, 179.9825897216797, 359.9878845214844)",-0.00337,-0.031989,"(0.027378, 0.000037, -2.340723)",LeftFalse_RightFalse
10.327148,0.066129,"(-18.430587768554688, 1.189003825187683, -0.9746444225311279)","(343.8110656738281, 87.19168090820312, 358.90191650390625)","(-18.48912811279297, 1.2576403617858887, 0.8080419301986694)","(359.8888244628906, 105.2610855102539, 359.9773864746094)","(-18.544363021850586, -0.00428732531145215, -1.3833130598068237)","(359.88677978515625, 90.21675872802734, 0.007033570669591427)",0.458817,0.006653,"(4.050846, -0.000077, -0.023890)",LeftTrue_RightFalse,False,"(-1.3614871501922607, -0.004005856346338987, 15.718581199645996)","(0.00116797408554703, 179.90185546875, 359.9886169433594)",0.030089,-0.030648,"(0.029254, 0.000045, -2.298700)",LeftFalse_RightFalse
10.395264,0.06651,"(-18.153560638427734, 1.1889898777008057, -0.9763777852058411)","(343.9208679199219, 87.363525390625, 358.7637634277344)","(-18.211095809936523, 1.2576203346252441, 0.8063411712646484)","(359.8924865722656, 105.29329681396484, 359.9787292480469)","(-18.26764678955078, -0.00429124291986227, -1.3849895000457764)","(359.8906555175781, 90.24897003173828, 0.007371638435870409)",0.412935,0.004333,"(4.087834, -0.000032, -0.025551)",LeftTrue_RightFalse,False,"(-1.3594584465026855, -0.004002995323389769, 15.562950134277344)","(0.0013957294868305326, 179.822509765625, 359.9893798828125)",-0.004686,-0.02897,"(0.030810, 0.000039, -2.274239)",LeftFalse_RightFalse
10.463501,0.066866,"(-17.87234115600586, 1.1889842748641968, -0.9783668518066406)","(344.00531005859375, 87.54815673828125, 358.7470397949219)","(-17.929672241210938, 1.2576419115066528, 0.8045634031295776)","(359.8982238769531, 105.32122802734375, 359.97955322265625)","(-17.98741912841797, -0.004291845485568047, -1.3867233991622925)","(359.89642333984375, 90.27690124511719, 0.006668159272521734)",0.371642,0.000519,"(4.115624, 0.000013, -0.025547)",LeftTrue_RightFalse,False,"(-1.3573267459869385, -0.004000383894890547, 15.40884780883789)","(0.001591605949215591, 179.7480010986328, 359.9902648925781)",-0.00736,-0.02556,"(0.031807, 0.000037, -2.243113)",LeftFalse_RightFalse
10.528198,0.066424,"(-17.604942321777344, 1.1889888048171997, -0.9800256490707397)","(343.9429626464844, 87.75492858886719, 358.765869140625)","(-17.6619873046875, 1.257718801498413, 0.8029729127883911)","(359.9053039550781, 105.3366928100586, 359.97930908203125)","(-17.720474243164062, -0.004289107862859964, -1.3882516622543335)","(359.9031677246094, 90.29236602783203, 0.004584847949445248)",0.334478,-0.005981,"(4.141435, 0.000069, -0.023040)",LeftTrue_RightFalse,False,"(-1.3552985191345215, -0.0039977263659238815, 15.265264511108398)","(0.0024072749074548483, 179.68496704101562, 359.9916076660156)",0.031906,-0.023776,"(0.031867, 0.000048, -2.200153)",LeftFalse_RightFalse
10.596313,0.066777,"(-17.321779251098633, 1.1890052556991577, -0.9807623624801636)","(343.945556640625, 87.81734466552734, 358.7804870605469)","(-17.379087448120117, 1.2578548192977905, 0.8015446662902832)","(359.91351318359375, 105.33658599853516, 359.9778137207031)","(-17.43773651123047, -0.004283711779862642, -1.3896002769470215)","(359.9107360839844, 90.2922592163086, 0.001007363898679614)",0.30103,-0.014313,"(4.153483, 0.000094, -0.017374)",LeftTrue_RightFalse,False,"(-1.3531255722045898, -0.0039947242476046085, 15.115983963012695)","(0.0026415979955345392, 179.62437438964844, 359.99273681640625)",-0.007034,-0.022007,"(0.032293, 0.000038, -2.177174)",LeftFalse_RightFalse
10.660156,0.066175,"(-17.05673599243164, 1.1890385150909424, -0.9813169240951538)","(344.14300537109375, 87.74777221679688, 358.77423095703125)","(-17.114957809448242, 1.2580749988555908, 0.800751805305481)","(359.92205810546875, 105.3095474243164, 359.9741516113281)","(-17.172731399536133, -0.004277062602341175, -1.3902934789657593)","(359.9179992675781, 90.26522827148438, -0.004735026974231005)",0.270927,-0.021759,"(4.158835, 0.000112, -0.007541)",LeftTrue_RightFalse,False,"(-1.3510757684707642, -0.003992508631199598, 14.978250503540039)","(0.0027166269719600677, 179.5728302001953, 359.9936828613281)",-0.00366,-0.020646,"(0.032372, 0.000036, -2.146183)",LeftFalse_RightFalse
10.726318,0.06617,"(-16.78264045715332, 1.1890841722488403, -0.9809966683387756)","(344.21807861328125, 87.61042022705078, 358.81097412109375)","(-16.84208869934082, 1.2583624124526978, 0.8007305860519409)","(359.9313049316406, 105.24813842773438, 359.9689025878906)","(-16.897680282592773, -0.004269053228199482, -1.3902100324630737)","(359.9255676269531, 90.20381927490234, 359.98779296875)",0.243834,-0.029144,"(4.157849, 0.000129, 0.007370)",LeftTrue_RightFalse,False,"(-1.3489371538162231, -0.003990018740296364, 14.837518692016602)","(0.0031514742877334356, 179.52407836914062, -0.005505250301212072)",0.022965,-0.019397,"(0.032784, 0.000040, -2.107180)",LeftFalse_RightFalse
10.79248,0.066181,"(-16.508220672607422, 1.1891303062438965, -0.9799383878707886)","(344.0394287109375, 87.2994613647461, 358.9125061035156)","(-16.570268630981445, 1.258643388748169, 0.8015924692153931)","(359.9400634765625, 105.15689849853516, 359.9637145996094)","(-16.622528076171875, -0.004260390065610409, -1.3892732858657837)","(359.93267822265625, 90.11259460449219, 359.98052978515625)",0.076598,-0.035706,"(4.151838, 0.000133, 0.020851)",LeftTrue_RightFalse,False,"(-1.3467642068862915, -0.003987594973295927, 14.698623657226562)","(0.0031067521777004004, 179.47865295410156, -0.004973516799509525)",-0.00882,-0.016721,"(0.033116, 0.000029, -2.083966)",LeftFalse_RightFalse
10.860107,0.066472,"(-16.229310989379883, 1.1898741722106934, -0.9771169424057007)","(344.0171203613281, 86.86371612548828, 358.8882141113281)","(-16.295337677001953, 1.2589377164840698, 0.8035393953323364)","(359.95111083984375, 105.03205108642578, 359.9587707519531)","(-16.343029022216797, -0.0042503587901592255, -1.3872665166854858)","(359.94207763671875, 89.98773956298828, 359.9728698730469)",-0.040577,-0.041351,"(4.115381, 0.000175, 0.035539)",LeftTrue_RightFalse,False,"(-1.3445640802383423, -0.003985805902630091, 14.558761596679688)","(0.0031418127473443747, 179.4373016357422, -0.0041664959862828255)",-0.009748,-0.01639,"(0.032377, 0.000030, -2.053254)",LeftFalse_RightFalse
10.925293,0.066217,"(-15.9651460647583, 1.1901274919509888, -0.972920298576355)","(344.0309753417969, 86.46672058105469, 358.9230041503906)","(-16.035274505615234, 1.259202480316162, 0.8065046072006226)","(359.9670104980469, 104.88484954833984, 359.9559631347656)","(-16.077661514282227, -0.004234823863953352, -1.38426673412323)","(359.95672607421875, 89.8405532836914, 359.9660339355469)",-0.12382,-0.046295,"(4.020267, 0.000317, 0.054652)",LeftTrue_RightFalse,False,"(-1.342454433441162, -0.003983348608016968, 14.42617130279541)","(0.003871177788823843, 179.40130615234375, -0.0036182531621307135)",0.0266,-0.01597,"(0.032634, 0.000041, -2.011899)",LeftFalse_RightFalse
10.992554,0.06641,"(-15.699016571044922, 1.190229892730713, -0.9674617648124695)","(344.0422668457031, 85.90101623535156, 358.9892272949219)","(-15.77444839477539, 1.259418249130249, 0.8106248378753662)","(359.98809814453125, 104.71428680419922, 359.95599365234375)","(-15.810762405395508, -0.004209814593195915, -1.3801460266113281)","(359.9770812988281, 89.66999053955078, 359.9606018066406)",-0.201104,-0.051117,"(3.909353, 0.000456, 0.068771)",LeftTrue_RightFalse,False,"(-1.340252161026001, -0.003980811685323715, 14.291625022888184)","(0.004063623491674662, 179.36607360839844, -0.0034232684411108494)",-0.010876,-0.015027,"(0.033086, 0.000033, -1.990371)",LeftFalse_RightFalse
11.061646,0.066964,"(-15.4349946975708, 1.1902718544006348, -0.9614832401275635)","(344.0572509765625, 85.30961608886719, 359.056396484375)","(-15.51636791229248, 1.2596080303192139, 0.81595778465271)","(0.016019262373447418, 104.52203369140625, 359.958740234375)","(-15.545942306518555, -0.0041723246686160564, -1.374826431274414)","(0.004758289083838463, 89.47772979736328, 359.95599365234375)",-0.244889,-0.056,"(3.760995, 0.000617, 0.082529)",LeftTrue_RightFalse,False,"(-1.3379688262939453, -0.003978811204433441, 14.155052185058594)","(0.004088283516466618, 179.3319091796875, -0.003220677375793457)",-0.013722,-0.013845,"(0.033048, 0.000031, -1.959866)",LeftFalse_RightFalse
11.123779,0.06598,"(-15.210285186767578, 1.1909953355789185, -0.9544548988342285)","(343.9512634277344, 84.78668212890625, 359.1562805175781)","(-15.296242713928223, 1.2597544193267822, 0.8216550350189209)","(0.044282253831624985, 104.33772277832031, 359.962890625)","(-15.319396018981934, -0.004128297325223684, -1.3691473007202148)","(0.03313122317194939, 89.29341888427734, 359.9526672363281)",-0.263254,-0.059967,"(3.591641, 0.000757, 0.095678)",LeftTrue_RightFalse,False,"(-1.3359367847442627, -0.003976526670157909, 14.034710884094238)","(0.004892731085419655, 179.30393981933594, -0.0028934795409440994)",0.001984,-0.012337,"(0.032734, 0.000040, -1.928057)",LeftFalse_RightFalse
11.190918,0.066226,"(-14.979880332946777, 1.1913012266159058, -0.9464191198348999)","(343.7713623046875, 84.28995513916016, 359.2330017089844)","(-15.070905685424805, 1.259868860244751, 0.8287093639373779)","(0.07369408756494522, 104.12987518310547, 359.9684753417969)","(-15.086771011352539, -0.004073666408658028, -1.3621234893798828)","(0.06298188865184784, 89.08556365966797, 359.9504089355469)",-0.28018,-0.061523,"(3.355986, 0.000829, 0.110212)",LeftTrue_RightFalse,False,"(-1.3337674140930176, -0.003973972983658314, 13.906322479248047)","(0.005125471856445074, 179.27699279785156, -0.00240943836979568)",0.008096,-0.010814,"(0.032256, 0.000033, -1.895493)",LeftFalse_RightFalse
11.258301,0.06646,"(-14.761417388916016, 1.1914016008377075, -0.9381151795387268)","(343.56402587890625, 84.04654693603516, 359.2051696777344)","(-14.858407020568848, 1.2598990201950073, 0.8364583253860474)","(0.09878992289304733, 103.922119140625, 359.9752502441406)","(-14.866901397705078, -0.004018203355371952, -1.354430079460144)","(0.08898299932479858, 88.87781524658203, 359.9504699707031)",-0.272006,-0.060577,"(3.173633, 0.000807, 0.117740)",LeftTrue_RightFalse,False,"(-1.3316197395324707, -0.003972062841057777, 13.779340744018555)","(0.004638793412595987, 179.2529296875, -0.0019481962081044912)",-0.020121,-0.008893,"(0.031702, 0.000022, -1.872599)",LeftFalse_RightFalse
11.325073,0.066514,"(-14.558756828308105, 1.1921539306640625, -0.9294497966766357)","(343.31793212890625, 83.9098892211914, 359.1315002441406)","(-14.661033630371094, 1.2598423957824707, 0.8445533514022827)","(0.11778510361909866, 103.72477722167969, 359.9827880859375)","(-14.66242790222168, -0.003967090975493193, -1.346413016319275)","(0.10928112268447876, 88.6804428100586, 359.95281982421875)",-0.250748,-0.057129,"(2.939075, 0.000696, 0.123019)",LeftTrue_RightFalse,False,"(-1.3295592069625854, -0.003970426507294178, 13.655741691589355)","(0.00511788809671998, 179.23309326171875, -0.0013237216044217348)",0.022068,-0.006705,"(0.030452, 0.000036, -1.827849)",LeftFalse_RightFalse
11.396606,0.067514,"(-14.35548210144043, 1.1924076080322266, -0.9208800792694092)","(343.2499084472656, 83.74756622314453, 359.0870666503906)","(-14.463310241699219, 1.2596951723098755, 0.853428840637207)","(0.1304396688938141, 103.52997589111328, 359.9910583496094)","(-14.457569122314453, -0.003921098075807095, -1.337641954421997)","(0.12365089356899261, 88.48564147949219, 359.95751953125)",-0.232424,-0.05249,"(2.776275, 0.000567, 0.123358)",LeftTrue_RightFalse,False,"(-1.3274271488189697, -0.003967988304793835, 13.525686264038086)","(0.0055080889724195, 179.2159423828125, -0.0006820279522798955)",-0.016849,-0.003727,"(0.029372, 0.000028, -1.807778)",LeftFalse_RightFalse
11.463867,0.067468,"(-14.1758394241333, 1.192455768585205, -0.9124765396118164)","(343.2907409667969, 83.62189483642578, 359.04046630859375)","(-14.288546562194824, 1.259488821029663, 0.8617048263549805)","(0.13525168597698212, 103.36824798583984, -0.001322325668297708)","(-14.276761054992676, -0.0038883169181644917, -1.329479455947876)","(0.1302727460861206, 88.32390594482422, 359.963623046875)",-0.205205,-0.046875,"(2.624912, 0.000424, 0.121143)",LeftTrue_RightFalse,False,"(-1.3255393505096436, -0.003966203890740871, 13.405261039733887)","(0.005774684250354767, 179.205322265625, 0.00020500266691669822)",-0.013859,-0.001127,"(0.027505, 0.000029, -1.776717)",LeftFalse_RightFalse
11.532349,0.067679,"(-14.003304481506348, 1.1924487352371216, -0.9049468040466309)","(343.4277038574219, 83.57772827148438, 359.00811767578125)","(-14.12089729309082, 1.2592434883117676, 0.8698663711547852)","(0.13381753861904144, 103.228271484375, 0.005517186596989632)","(-14.103761672973633, -0.0038665090687572956, -1.3214366436004639)","(0.13066303730010986, 88.18392944335938, 359.9705810546875)",-0.196988,-0.041321,"(2.444197, 0.000236, 0.116339)",LeftTrue_RightFalse,False,"(-1.323763132095337, -0.003963680937886238, 13.285013198852539)","(0.006631963886320591, 179.20053100585938, 0.001135686761699617)",0.016938,0.001965,"(0.025302, 0.000040, -1.737339)",LeftFalse_RightFalse
11.598267,0.067321,"(-13.846623420715332, 1.191733956336975, -0.8976186513900757)","(343.6925048828125, 83.18681335449219, 359.3908996582031)","(-13.968647003173828, 1.259017825126648, 0.8774014711380005)","(0.12924009561538696, 103.11360931396484, 0.010796408168971539)","(-13.947053909301758, -0.0038546223659068346, -1.313999056816101)","(0.12761281430721283, 88.06926727294922, 359.97686767578125)",-0.188005,-0.03772,"(2.315092, 0.000132, 0.111221)",LeftTrue_RightFalse,False,"(-1.3221763372421265, -0.0039614057168364525, 13.171207427978516)","(0.006544747389853001, 179.20057678222656, 0.0019115672912448645)",-0.016285,0.004576,"(0.023356, 0.000025, -1.717699)",LeftFalse_RightFalse
11.664795,0.067162,"(-13.697131156921387, 1.1914702653884888, -0.8898586630821228)","(343.9983215332031, 82.61861419677734, 359.3697509765625)","(-13.823407173156738, 1.2588138580322266, 0.8846303224563599)","(0.12314683198928833, 103.01622009277344, 0.014955930411815643)","(-13.797979354858398, -0.0038489308208227158, -1.3068500757217407)","(0.1228080689907074, 87.97188568115234, 359.98248291015625)",-0.194203,-0.03476,"(2.151456, 0.000045, 0.104950)",LeftTrue_RightFalse,False,"(-1.3207212686538696, -0.00395991699770093, 13.058131217956543)","(0.006554808467626572, 179.2059326171875, 0.002687388099730015)",0.013105,0.005973,"(0.020882, 0.000027, -1.678089)",LeftFalse_RightFalse
11.734497,0.067663,"(-13.55044174194336, 1.1906092166900635, -0.8825597763061523)","(344.25830078125, 82.4358139038086, 359.275634765625)","(-13.68065071105957, 1.2586511373519897, 0.8918044567108154)","(0.11717696487903595, 102.92874908447266, 0.01794099062681198)","(-13.651762962341309, -0.0038466029800474644, -1.2997281551361084)","(0.11781761795282364, 87.88441467285156, 359.9869079589844)",-0.199781,-0.029968,"(2.027707, 0.000025, 0.099810)",LeftTrue_RightFalse,False,"(-1.3193144798278809, -0.003958152607083321, 12.941810607910156)","(0.0064503466710448265, 179.2149200439453, 0.0030394329223781824)",-0.018906,0.007332,"(0.019531, 0.000019, -1.658545)",LeftFalse_RightFalse
11.798218,0.066868,"(-13.42536449432373, 1.190356731414795, -0.8779147267341614)","(344.3426513671875, 83.12774658203125, 359.1993408203125)","(-13.558308601379395, 1.2585135698318481, 0.8979437351226807)","(0.11302083730697632, 102.86226654052734, 0.020676588639616966)","(-13.526802062988281, -0.00384494848549366, -1.2936327457427979)","(0.11451403051614761, 87.81793212890625, 359.9906311035156)",-0.204802,-0.021912,"(1.902834, 0.000032, 0.093162)",LeftTrue_RightFalse,False,"(-1.3181251287460327, -0.003956977277994156, 12.837194442749023)","(0.0064982082694768906, 179.2256317138672, 0.003195572877302766)",-0.010523,0.008793,"(0.018083, 0.000023, -1.628315)",LeftFalse_RightFalse
11.864624,0.06678,"(-13.3035306930542, 1.190243124961853, -0.8735631704330444)","(344.2845153808594, 83.95060729980469, 359.1736755371094)","(-13.438948631286621, 1.2583556175231934, 0.9037889242172241)","(0.1100405678153038, 102.810546875, 0.024281801655888557)","(-13.405417442321777, -0.0038420252967625856, -1.287850260734558)","(0.11257167160511017, 87.76622009277344, -0.005113250110298395)",-0.205353,-0.009186,"(1.735545, 0.000064, 0.082250)",LeftTrue_RightFalse,False,"(-1.316988229751587, -0.0039552743546664715, 12.730077743530273)","(0.006989389657974243, 179.2392120361328, 0.0033108340576291084)",0.012688,0.010264,"(0.016317, 0.000028, -1.593583)",LeftFalse_RightFalse
11.930908,0.066696,"(-13.190025329589844, 1.1894432306289673, -0.8737255334854126)","(344.52301025390625, 87.07898712158203, 359.3790588378906)","(-13.32830810546875, 1.2581944465637207, 0.9089634418487549)","(0.10810243338346481, 102.77804565429688, 0.028267689049243927)","(-13.293510437011719, -0.0038373139686882496, -1.2827517986297607)","(0.11173457652330399, 87.73371124267578, -0.0007609037565998733)",-0.209419,0.002319,"(1.611735, 0.000084, 0.071173)",LeftTrue_RightFalse,False,"(-1.3159458637237549, -0.003953701816499233, 12.624818801879883)","(0.006760383490473032, 179.25469970703125, 0.003347440855577588)",-0.021185,0.010834,"(0.014975, 0.000016, -1.575135)",LeftFalse_RightFalse
11.997559,0.066682,"(-13.085795402526855, 1.189155101776123, -0.8731344938278198)","(344.7520446777344, 89.5181655883789, 359.6864929199219)","(-13.225397109985352, 1.2580256462097168, 0.9133594036102295)","(0.10683774948120117, 102.7685317993164, 0.03267042711377144)","(-13.190229415893555, -0.003831183072179556, -1.2784502506256104)","(0.111656054854393, 87.72419738769531, 0.0038191934581846)",-0.213079,0.011292,"(1.487481, 0.000101, 0.059954)",LeftTrue_RightFalse,False,"(-1.3149874210357666, -0.003952520899474621, 12.520867347717285)","(0.006753002293407917, 179.27183532714844, 0.0032963459379971027)",-0.014837,0.011218,"(0.013858, 0.000020, -1.544853)",LeftFalse_RightFalse
12.065186,0.066866,"(-12.989665031433105, 1.1890488862991333, -0.8737105131149292)","(344.8859558105469, 92.11563110351562, 359.8037414550781)","(-13.129581451416016, 1.2579021453857422, 0.9170359373092651)","(0.10653585940599442, 102.77735900878906, 0.036118604242801666)","(-13.094762802124023, -0.003823626320809126, -1.2748552560806274)","(0.11225953698158264, 87.7330322265625, 0.0072275507263839245)",-0.208438,0.01651,"(1.321682, 0.000117, 0.047916)",LeftTrue_RightFalse,False,"(-1.314089298248291, -0.0039507560431957245, 12.417548179626465)","(0.007505927700549364, 179.2899169921875, 0.003110942430794239)",0.013055,0.012075,"(0.012673, 0.000029, -1.508726)",LeftFalse_RightFalse
12.132446,0.066955,"(-12.903910636901855, 1.1890201568603516, -0.8728139996528625)","(344.841796875, 93.12519836425781, 359.6639404296875)","(-13.043314933776855, 1.2578686475753784, 0.9200694561004639)","(0.10691924393177032, 102.79454803466797, 0.03733356297016144)","(-13.009166717529297, -0.0038155780639499426, -1.2718558311462402)","(0.11294511705636978, 87.7502212524414, 0.00830136425793171)",-0.171715,0.018311,"(1.201352, 0.000117, 0.040744)",LeftTrue_RightFalse,False,"(-1.313265323638916, -0.0039488570764660835, 12.316483497619629)","(0.0074554141610860825, 179.3085174560547, 0.0029496813658624887)",-0.02262,0.012381,"(0.011690, 0.000019, -1.491359)",LeftFalse_RightFalse
12.203735,0.067812,"(-12.821632385253906, 1.1890231370925903, -0.8718228936195374)","(344.6280822753906, 93.74581909179688, 359.4997863769531)","(-12.960878372192383, 1.257894515991211, 0.9227750301361084)","(0.10547598451375961, 102.8165054321289, 0.03647301718592644)","(-12.927535057067871, -0.0038085072301328182, -1.2691519260406494)","(0.11132798343896866, 87.77217102050781, 0.007844923995435238)",-0.091054,0.019318,"(1.100469, 0.000081, 0.035816)",LeftTrue_RightFalse,False,"(-1.3124672174453735, -0.003947488497942686, 12.211406707763672)","(0.007554270327091217, 179.32888793945312, 0.0027844482101500034)",-0.021134,0.012829,"(0.010811, 0.000022, -1.461439)",LeftFalse_RightFalse
12.269897,0.067484,"(-12.751157760620117, 1.1890462636947632, -0.8717442750930786)","(344.6618347167969, 94.42179870605469, 359.6968078613281)","(-12.890230178833008, 1.2579467296600342, 0.9249932765960693)","(0.09751903265714645, 102.8375015258789, 0.03313716500997543)","(-12.857503890991211, -0.0038082310929894447, -1.2669131755828857)","(0.10277789831161499, 87.79318237304688, 0.006688780151307583)",-0.002193,0.021454,"(1.020967, -0.000069, 0.032123)",LeftTrue_RightFalse,False,"(-1.3117939233779907, -0.0039456808008253574, 12.116085052490234)","(0.0085962088778615, 179.34811401367188, 0.002630770206451416)",0.018863,0.015464,"(0.009690, 0.000036, -1.422645)",LeftFalse_RightFalse
12.335449,0.067105,"(-12.68394947052002, 1.1883952617645264, -0.8714962601661682)","(344.63702392578125, 95.19440460205078, 359.74688720703125)","(-12.823163032531738, 1.2579917907714844, 0.9270317554473877)","(0.08279623091220856, 102.8591079711914, 0.028088003396987915)","(-12.790922164916992, -0.0038174581713974476, -1.264850378036499)","(0.08724910765886307, 87.81478118896484, 0.005634205415844917)",0.01945,0.024689,"(1.006045, -0.000222, 0.030576)",LeftTrue_RightFalse,False,"(-1.3112181425094604, -0.003943559713661671, 12.023256301879883)","(0.008566278964281082, 179.368896484375, 0.002827119780704379)",-0.020308,0.017865,"(0.008036, 0.000021, -1.407217)",LeftFalse_RightFalse
12.404663,0.067517,"(-12.613555908203125, 1.188174843788147, -0.8725469708442688)","(344.5233154296875, 96.53528594970703, 359.6978759765625)","(-12.753323554992676, 1.2580114603042603, 0.929059624671936)","(0.06261882930994034, 102.88487243652344, 0.02207861840724945)","(-12.721606254577637, -0.003838268108665943, -1.262807011604309)","(0.06620345264673233, 87.84056091308594, 0.005068170838057995)",0.017505,0.028503,"(0.993025, -0.000367, 0.028483)",LeftTrue_RightFalse,False,"(-1.3107460737228394, -0.0039423988200724125, 11.927033424377441)","(0.00837189331650734, 179.39431762695312, 0.0033159214071929455)",0.004076,0.020891,"(0.005868, 0.000019, -1.370227)",LeftFalse_RightFalse
12.472168,0.067515,"(-12.545453071594238, 1.1881167888641357, -0.8765596151351929)","(344.5013122558594, 99.59474182128906, 359.9854431152344)","(-12.685787200927734, 1.2580125331878662, 0.93091881275177)","(0.044172503054142, 102.91297912597656, 0.016852594912052155)","(-12.65472412109375, -0.003863995661959052, -1.2609418630599976)","(0.047032877802848816, 87.8686752319336, 0.0048093050718307495)",0.015754,0.031708,"(0.983160, -0.000385, 0.026539)",LeftTrue_RightFalse,False,"(-1.3104169368743896, -0.003941229544579983, 11.83500862121582)","(0.008201256394386292, 179.42214965820312, 0.003801226383075118)",-0.02098,0.023055,"(0.003885, 0.000012, -1.353137)",LeftFalse_RightFalse
12.540894,0.067749,"(-12.475146293640137, 1.1864789724349976, -0.880988597869873)","(344.974853515625, 103.18517303466797, 0.639618992805481)","(-12.61763858795166, 1.2580015659332275, 0.9326719045639038)","(0.02901381067931652, 102.9453125, 0.012765253894031048)","(-12.5874662399292, -0.003889307379722595, -1.2591928243637085)","(0.031332794576883316, 87.9010009765625, 0.004796736873686314)",0.014179,0.033905,"(0.973140, -0.000347, 0.024654)",LeftTrue_RightFalse,False,"(-1.3102259635925293, -0.00394061952829361, 11.743061065673828)","(0.008107390254735947, 179.45399475097656, 0.004278459586203098)",-0.019952,0.025313,"(0.002080, 0.000014, -1.325699)",LeftFalse_RightFalse
12.606323,0.0673,"(-12.410209655761719, 1.1852043867111206, -0.8837394714355469)","(345.37908935546875, 105.34810638427734, 1.0275194644927979)","(-12.55322265625, 1.2579935789108276, 0.934222936630249)","(0.018346678465604782, 102.97872924804688, 0.00983588956296444)","(-12.524085998535156, -0.003909211605787277, -1.2576489448547363)","(0.02027091383934021, 87.9344253540039, 0.004736597649753094)",0.012761,0.034119,"(0.959636, -0.000255, 0.022733)",LeftTrue_RightFalse,False,"(-1.3101751804351807, -0.003939136862754822, 11.657367706298828)","(0.008833198808133602, 179.48712158203125, 0.0046175094321370125)",0.01493,0.027334,"(-0.000069, 0.000028, -1.289988)",LeftFalse_RightFalse
12.670044,0.066569,"(-12.346000671386719, 1.1836769580841064, -0.8854677081108093)","(345.87640380859375, 106.72283935546875, 1.0864859819412231)","(-12.491263389587402, 1.2579997777938843, 0.9356522560119629)","(0.011145633645355701, 103.01170349121094, 0.007521451450884342)","(-12.46322250366211, -0.003923625685274601, -1.2562220096588135)","(0.012715932913124561, 87.9674072265625, 0.004370632581412792)",0.011485,0.034119,"(0.949427, -0.000181, 0.021831)",LeftTrue_RightFalse,False,"(-1.3102281093597412, -0.0039375536143779755, 11.57563304901123)","(0.008774074725806713, 179.5210723876953, 0.004772459156811237)",-0.020288,0.02922,"(-0.001691, 0.000012, -1.275641)",LeftFalse_RightFalse
12.736572,0.066563,"(-12.280975341796875, 1.1824063062667847, -0.8862640857696533)","(346.3421936035156, 107.22501373291016, 0.9936090707778931)","(-12.427191734313965, 1.2580139636993408, 0.9370851516723633)","(0.006166456732898951, 103.04597473144531, 0.005655733868479729)","(-12.400344848632812, -0.003933478146791458, -1.2547900676727295)","(0.007423140108585358, 88.00167083740234, 0.0038612850476056337)",0.010337,0.034119,"(0.939143, -0.000117, 0.021059)",LeftTrue_RightFalse,False,"(-1.3103972673416138, -0.003937024623155594, 11.491580963134766)","(0.00839859526604414, 179.5587158203125, 0.004891891032457352)",-0.019349,0.031123,"(-0.003247, 0.000011, -1.249555)",LeftFalse_RightFalse
12.801514,0.066254,"(-12.217963218688965, 1.1812587976455688, -0.8860505223274231)","(346.5098571777344, 107.03768920898438, 0.7423926591873169)","(-12.365300178527832, 1.258029580116272, 0.938433051109314)","(0.003116308944299817, 103.07907104492188, 0.004338737577199936)","(-12.33964729309082, -0.003939086105674505, -1.2534443140029907)","(0.004135686904191971, 88.0347671508789, 0.003381142159923911)",0.009303,0.034119,"(0.928806, -0.000064, 0.020328)",LeftTrue_RightFalse,False,"(-1.3106722831726074, -0.003936008084565401, 11.411287307739258)","(0.008891665376722813, 179.59730529785156, 0.004959665238857269)",-0.009938,0.032744,"(-0.004795, 0.000020, -1.223979)",LeftFalse_RightFalse
12.867188,0.066126,"(-12.156521797180176, 1.1808565855026245, -0.8851959705352783)","(346.4627685546875, 106.7401123046875, 0.7464628219604492)","(-12.30357551574707, 1.2580442428588867, 0.939743161201477)","(0.0012959412997588515, 103.11204528808594, 0.003426968352869153)","(-12.279141426086426, -0.003941679373383522, -1.2521384954452515)","(0.0021410472691059113, 88.06774139404297, 0.002973128343001008)",0.009563,0.034119,"(0.915005, -0.000019, 0.019388)",LeftTrue_RightFalse,False,"(-1.3110543489456177, -0.00393451564013958, 11.331878662109375)","(0.009068937972187996, 179.6378631591797, 0.004976054187864065)",0.001034,0.034217,"(-0.006539, 0.000017, -1.196507)",LeftFalse_RightFalse
12.929688,0.065414,"(-12.099099159240723, 1.1807270050048828, -0.8841937780380249)","(346.45379638671875, 106.54518127441406, 0.5610615015029907)","(-12.245416641235352, 1.2580562829971313, 0.9409462213516235)","(0.00031291606137529016, 103.14311218261719, 0.0028458971064537764)","(-12.222146034240723, -0.003942213486880064, -1.2509406805038452)","(0.0010408884845674038, 88.09881591796875, 0.0026671327650547028)",0.017733,0.034119,"(0.904845, 0.000003, 0.018705)",LeftTrue_RightFalse,False,"(-1.3115004301071167, -0.003933809231966734, 11.257404327392578)","(0.008480224758386612, 179.67742919921875, 0.004900240805000067)",-0.024432,0.035701,"(-0.007849, 0.000003, -1.181290)",LeftFalse_RightFalse
12.997681,0.065931,"(-12.037555694580078, 1.180676817893982, -0.8830689787864685)","(346.31005859375, 106.16947174072266, 0.3307109475135803)","(-12.182912826538086, 1.2580671310424805, 0.942205548286438)","(-0.00037437371793203056, 103.176513671875, 0.002405302133411169)","(-12.160902976989746, -0.003941627684980631, -1.249688744544983)","(0.00026279210578650236, 88.13220977783203, 0.0024200358893722296)",0.027466,0.034119,"(0.896069, 0.000014, 0.018058)",LeftTrue_RightFalse,False,"(-1.3120790719985962, -0.003933500964194536, 11.177964210510254)","(0.008285876363515854, 179.72157287597656, 0.004808379337191582)",-0.018677,0.036272,"(-0.009075, 0.000008, -1.154324)",LeftFalse_RightFalse
13.065186,0.066234,"(-11.977020263671875, 1.1813414096832275, -0.8812911510467529)","(345.9539794921875, 105.76065063476562, 359.9888610839844)","(-12.121522903442383, 1.2580751180648804, 0.943407416343689)","(-0.0010569540318101645, 103.20934295654297, 0.0020488605368882418)","(-12.100752830505371, -0.0039406935684382915, -1.2484945058822632)","(-0.0004889132687821984, 88.1650390625, 0.002252985956147313)",0.037418,0.034119,"(0.886569, 0.000013, 0.017255)",LeftTrue_RightFalse,False,"(-1.3127291202545166, -0.0039324345998466015, 11.101097106933594)","(0.008978381752967834, 179.76564025878906, 0.004578498192131519)",0.009015,0.036366,"(-0.010202, 0.000021, -1.122321)",LeftFalse_RightFalse
13.130249,0.065994,"(-11.91997241973877, 1.1822373867034912, -0.8798781633377075)","(345.5371398925781, 105.42176818847656, 359.76580810546875)","(-12.06281852722168, 1.2580806016921997, 0.9445240497589111)","(-0.0018113654805347323, 103.24075317382812, 0.0017351970309391618)","(-12.043232917785645, -0.003939931280910969, -1.2473859786987305)","(-0.0012988836970180273, 88.19645690917969, 0.0021458922419697046)",0.048358,0.034119,"(0.881097, 0.000007, 0.016694)",LeftTrue_RightFalse,False,"(-1.3134098052978516, -0.0039312466979026794, 11.028448104858398)","(0.008874010294675827, 179.8076934814453, 0.004256525542587042)",-0.023296,0.036456,"(-0.010926, 0.000010, -1.109219)",LeftFalse_RightFalse
13.194824,0.065721,"(-11.86318588256836, 1.1825504302978516, -0.8787530064582825)","(345.2978515625, 105.36507415771484, 359.67498779296875)","(-12.004815101623535, 1.2580840587615967, 0.9455959796905518)","(-0.002765054116025567, 103.27184295654297, 0.0014145009918138385)","(-11.986396789550781, -0.003939748741686344, -1.2463223934173584)","(-0.0023031276650726795, 88.22755432128906, 0.0020837332122027874)",0.062172,0.034119,"(0.877400, 0.000000, 0.016170)",LeftTrue_RightFalse,False,"(-1.3141297101974487, -0.003930550999939442, 10.957529067993164)","(0.008640850894153118, 179.84890747070312, 0.003899642964825034)",-0.01613,0.036079,"(-0.011441, 0.000013, -1.083753)",LeftFalse_RightFalse
13.26062,0.06573,"(-11.806079864501953, 1.1833425760269165, -0.877576470375061)","(345.08624267578125, 105.49940490722656, 359.6929626464844)","(-11.945978164672852, 1.2580857276916504, 0.9466507434844971)","(-0.004015715792775154, 103.3034439086914, 0.0010511912405490875)","(-11.928739547729492, -0.00394021300598979, -1.2452762126922607)","(-0.0036052255891263485, 88.25914764404297, 0.002057504141703248)",0.075794,0.034119,"(0.875900, -0.000010, 0.015688)",LeftTrue_RightFalse,False,"(-1.3148918151855469, -0.0039296261966228485, 10.887045860290527)","(0.009062293916940689, 179.88966369628906, 0.0034792867954820395)",-0.011933,0.035991,"(-0.011802, 0.000017, -1.061848)",LeftFalse_RightFalse
13.329224,0.066314,"(-11.745990753173828, 1.1836272478103638, -0.876520037651062)","(344.7170104980469, 105.6623306274414, 359.61444091796875)","(-11.8845796585083, 1.2580857276916504, 0.9477158784866333)","(-0.005637514870613813, 103.33646392822266, 0.0006208420381881297)","(-11.86856746673584, -0.003941431641578674, -1.244219422340393)","(-0.005283141974359751, 88.29215240478516, 0.002062868792563677)",0.088451,0.034119,"(0.876773, -0.000023, 0.015100)",LeftTrue_RightFalse,False,"(-1.3157182931900024, -0.0039285458624362946, 10.815054893493652)","(0.009190930984914303, 179.93104553222656, 0.0031106185633689165)",-0.003022,0.035987,"(-0.012348, 0.000014, -1.035895)",LeftFalse_RightFalse
13.39856,0.066922,"(-11.6857328414917, 1.1844143867492676, -0.8753600716590881)","(344.57275390625, 105.75399780273438, 359.5841369628906)","(-11.82243537902832, 1.2580845355987549, 0.9487574100494385)","(359.9925842285156, 103.36991119384766, 0.00016509932174813002)","(-11.807662010192871, -0.003943274263292551, -1.2431862354278564)","(359.99285888671875, 88.32560729980469, 0.002087628934532404)",0.100239,0.034119,"(0.879390, -0.000029, 0.014689)",LeftTrue_RightFalse,False,"(-1.3165886402130127, -0.003927862271666527, 10.7437162399292)","(0.008629333227872849, 179.97201538085938, 0.002854525111615658)",-0.026775,0.03596,"(-0.012803, 0.000004, -1.021083)",LeftFalse_RightFalse
13.463623,0.066532,"(-11.628483772277832, 1.1846415996551514, -0.8744308948516846)","(344.4927673339844, 106.01768493652344, 359.6109619140625)","(-11.763948440551758, 1.258082389831543, 0.9497044086456299)","(359.9907531738281, 103.40144348144531, -0.000279481231700629)","(-11.750340461730957, -0.003945463802665472, -1.2422468662261963)","(359.9909973144531, 88.35714721679688, 0.0021281198132783175)",0.111643,0.033661,"(0.883821, -0.000036, 0.014304)",LeftTrue_RightFalse,False,"(-1.317429542541504, -0.003927421290427446, 10.678387641906738)","(0.008861345238983631, 180.009521484375, 0.0026272886898368597)",-0.012429,0.035131,"(-0.013073, 0.000012, -0.994997)",LeftFalse_RightFalse
13.529663,0.066444,"(-11.570443153381348, 1.1847237348556519, -0.8733651638031006)","(344.4591979980469, 106.21392822265625, 359.5356140136719)","(-11.704055786132812, 1.2580816745758057, 0.9506458044052124)","(359.9888610839844, 103.43346405029297, -0.0007948271231725812)","(-11.691629409790039, -0.003947999328374863, -1.2413114309310913)","(359.989013671875, 88.38917541503906, 0.0021263991948217154)",0.12508,0.032104,"(0.892033, -0.000040, 0.013959)",LeftTrue_RightFalse,False,"(-1.3182941675186157, -0.003926499281078577, 10.613523483276367)","(0.009195695631206036, 180.04612731933594, 0.0023298172745853662)",0.004801,0.034339,"(-0.013243, 0.000013, -0.969768)",LeftFalse_RightFalse
13.599976,0.067205,"(-11.507774353027344, 1.185464859008789, -0.8730838894844055)","(344.329833984375, 106.32269287109375, 359.43011474609375)","(-11.639856338500977, 1.2580854892730713, 0.9516379833221436)","(359.98687744140625, 103.46687316894531, -0.0014629593351855874)","(-11.628662109375, -0.003950818907469511, -1.2403221130371094)","(359.9869384765625, 88.42256927490234, 0.001996368169784546)",0.140745,0.029633,"(0.900197, -0.000042, 0.014075)",LeftTrue_RightFalse,False,"(-1.3192259073257446, -0.003925791475921869, 10.545806884765625)","(0.008488098159432411, 180.08364868164062, 0.002068951725959778)",-0.027328,0.033509,"(-0.013378, 0.000002, -0.958042)",LeftFalse_RightFalse
13.672241,0.068227,"(-11.443061828613281, 1.1856948137283325, -0.8729004263877869)","(344.3168029785156, 106.39595794677734, 359.23284912109375)","(-11.573028564453125, 1.2580976486206055, 0.9526844024658203)","(359.9847412109375, 103.49922943115234, -0.002386648440733552)","(-11.56302261352539, -0.003953959792852402, -1.2392725944519043)","(359.9846496582031, 88.4549331665039, 0.001653405255638063)",0.159208,0.02652,"(0.914206, -0.000045, 0.014541)",LeftTrue_RightFalse,False,"(-1.3201830387115479, -0.003925488796085119, 10.477806091308594)","(0.008734548464417458, 180.12034606933594, 0.0017520589753985405)",0.005217,0.032228,"(-0.013266, 0.000015, -0.923988)",LeftFalse_RightFalse
13.744263,0.068996,"(-11.376983642578125, 1.185761570930481, -0.8728833198547363)","(344.44140625, 106.38298034667969, 359.1074523925781)","(-11.505508422851562, 1.2581119537353516, 0.9537680149078369)","(359.9825439453125, 103.52924346923828, -0.003404119284823537)","(-11.496598243713379, -0.003957407549023628, -1.2381837368011475)","(359.9822692871094, 88.48495483398438, 0.0012415293604135513)",0.181381,0.023712,"(0.927447, -0.000050, 0.015304)",LeftTrue_RightFalse,False,"(-1.3211314678192139, -0.00392476050183177, 10.411664009094238)","(0.008586356416344643, 180.1549530029297, 0.0014703432098031044)",-0.019543,0.031355,"(-0.013194, 0.000007, -0.912786)",LeftFalse_RightFalse
13.814453,0.069226,"(-11.31104850769043, 1.1857835054397583, -0.8720927238464355)","(344.59906005859375, 106.157470703125, 358.9348449707031)","(-11.438604354858398, 1.2581267356872559, 0.9548885822296143)","(359.9801025390625, 103.5555648803711, -0.00450668903067708)","(-11.430643081665039, -0.0039611393585801125, -1.2370562553405762)","(359.9796142578125, 88.51126861572266, 0.0008157131960615516)",0.204907,0.021088,"(0.949511, -0.000055, 0.016220)",LeftTrue_RightFalse,False,"(-1.3220444917678833, -0.003924370743334293, 10.3487548828125)","(0.008595223538577557, 180.18670654296875, 0.0012187424581497908)",0.002253,0.030606,"(-0.013029, 0.000009, -0.884566)",LeftFalse_RightFalse
13.880127,0.068509,"(-11.247942924499512, 1.185792088508606, -0.8711187243461609)","(344.7508239746094, 105.83174133300781, 358.9017333984375)","(-11.374736785888672, 1.258135437965393, 0.9559882879257202)","(359.9775390625, 103.57841491699219, -0.005473133642226458)","(-11.367589950561523, -0.003965030889958143, -1.2359517812728882)","(359.9768981933594, 88.53411865234375, 0.0005451903562061489)",0.228461,0.018677,"(0.969525, -0.000062, 0.017086)",LeftTrue_RightFalse,False,"(-1.3228974342346191, -0.003923879470676184, 10.291086196899414)","(0.008130071684718132, 180.2151641845703, 0.0010882557835429907)",-0.014311,0.02992,"(-0.013040, 0.000001, -0.873481)",LeftFalse_RightFalse
13.947388,0.068252,"(-11.180737495422363, 1.185011863708496, -0.8661407828330994)","(345.28985595703125, 103.49366760253906, 358.88330078125)","(-11.307780265808105, 1.2581431865692139, 0.9571824073791504)","(359.9745788574219, 103.599609375, 359.99346923828125)","(-11.301374435424805, -0.003969529643654823, -1.234752893447876)","(359.9737548828125, 88.55530548095703, 0.0002955390955321491)",0.253231,0.015869,"(1.000843, -0.000070, 0.018164)",LeftTrue_RightFalse,False,"(-1.323766827583313, -0.003924131393432617, 10.233159065246582)","(0.007701470050960779, 180.24305725097656, 0.0009742238908074796)",0.003762,0.029482,"(-0.012941, -0.000001, -0.849321)",LeftFalse_RightFalse
14.018555,0.068844,"(-11.10521125793457, 1.1839269399642944, -0.8546310663223267)","(345.98760986328125, 97.22875213623047, 358.5554504394531)","(-11.234858512878418, 1.258148431777954, 0.9585201740264893)","(359.9712219238281, 103.62005615234375, 359.99237060546875)","(-11.229158401489258, -0.003974613267928362, -1.2334110736846924)","(359.9702453613281, 88.57575988769531, 0.0001045422613970004)",0.278688,0.012726,"(1.027933, -0.000076, 0.019326)",LeftTrue_RightFalse,False,"(-1.3246893882751465, -0.003924080636352301, 10.17302417755127)","(0.0070437053218483925, 180.2715606689453, 0.0009349475149065256)",-0.015403,0.029687,"(-0.013009, -0.000007, -0.838963)",LeftFalse_RightFalse
14.088501,0.069063,"(-11.029809951782227, 1.1826597452163696, -0.8418635129928589)","(346.5528259277344, 90.56089782714844, 358.36859130859375)","(-11.160992622375488, 1.2581589221954346, 0.959942102432251)","(359.9676818847656, 103.63684844970703, 359.9910583496094)","(-11.155851364135742, -0.003980329725891352, -1.2319815158843994)","(359.9664611816406, 88.59254455566406, -0.00023220645380206406)",0.305505,0.010101,"(1.069013, -0.000083, 0.021042)",LeftTrue_RightFalse,False,"(-1.325603723526001, -0.00392464455217123, 10.115169525146484)","(0.006736168172210455, 180.29891967773438, 0.0009641319047659636)",0.007515,0.029826,"(-0.013112, 0.000001, -0.814672)",LeftFalse_RightFalse
14.156494,0.068841,"(-10.956011772155762, 1.1822928190231323, -0.827063798904419)","(346.9259948730469, 83.1053237915039, 358.20269775390625)","(-11.086771011352539, 1.2581647634506226, 0.9614217281341553)","(359.9640808105469, 103.65080261230469, 359.9898681640625)","(-11.082079887390137, -0.0039860825054347515, -1.2304959297180176)","(359.9626770019531, 88.60649871826172, -0.000454811321105808)",0.332765,0.008453,"(1.103703, -0.000089, 0.022501)",LeftTrue_RightFalse,False,"(-1.3265025615692139, -0.003924530930817127, 10.060108184814453)","(0.006318963132798672, 180.3250732421875, 0.0010328193893656135)",-0.005671,0.029946,"(-0.013333, -0.000004, -0.805320)",LeftFalse_RightFalse
14.222168,0.068219,"(-10.88377571105957, 1.1814323663711548, -0.8089604377746582)","(347.07000732421875, 73.90748596191406, 357.6955871582031)","(-11.012398719787598, 1.2581675052642822, 0.9629533290863037)","(359.9602966308594, 103.66213989257812, 359.98870849609375)","(-11.008054733276367, -0.003992147743701935, -1.2289600372314453)","(359.9587097167969, 88.61783599853516, -0.000598045124206692)",0.361987,0.007263,"(1.142402, -0.000095, 0.023837)",LeftTrue_RightFalse,False,"(-1.3273847103118896, -0.0039250110276043415, 10.007659912109375)","(0.005609214771538973, 180.35009765625, 0.001096608699299395)",-0.002168,0.030049,"(-0.013466, -0.000010, -0.792277)",LeftFalse_RightFalse
14.287598,0.067651,"(-10.810272216796875, 1.1804513931274414, -0.7916527986526489)","(347.0214538574219, 65.24958801269531, 357.5292053222656)","(-10.935516357421875, 1.2581647634506226, 0.9645704030990601)","(359.9561767578125, 103.67195129394531, 359.98760986328125)","(-10.931453704833984, -0.003998779691755772, -1.2273412942886353)","(359.9544677734375, 88.62764739990234, -0.0006040250300429761)",0.394146,0.006653,"(1.199694, -0.000106, 0.025415)",LeftTrue_RightFalse,False,"(-1.3282723426818848, -0.00392562709748745, 9.956352233886719)","(0.004948004148900509, 180.37466430664062, 0.0011389575665816665)",0.021433,0.029584,"(-0.013659, -0.000008, -0.777368)",LeftFalse_RightFalse
14.355225,0.06766,"(-10.730035781860352, 1.1800994873046875, -0.7782877683639526)","(346.7291259765625, 59.120948791503906, 357.3300476074219)","(-10.852544784545898, 1.2581546306610107, 0.9663287401199341)","(359.9517517089844, 103.68157196044922, 359.9866027832031)","(-10.848750114440918, -0.004006042145192623, -1.225584864616394)","(359.9499206542969, 88.63726806640625, -0.0004305555485188961)",0.431293,0.006653,"(1.247342, -0.000113, 0.026537)",LeftTrue_RightFalse,False,"(-1.3291990756988525, -0.003926314879208803, 9.903925895690918)","(0.00390593521296978, 180.39962768554688, 0.0011307225795462728)",0.020839,0.02957,"(-0.013751, -0.000015, -0.770724)",LeftFalse_RightFalse
14.420288,0.067131,"(-10.6503324508667, 1.1799880266189575, -0.7666143774986267)","(346.2319641113281, 54.49238967895508, 357.4554443359375)","(-10.769271850585938, 1.258140206336975, 0.968093752861023)","(359.94708251953125, 103.69080352783203, 359.9856262207031)","(-10.765726089477539, -0.004013753961771727, -1.2238246202468872)","(359.9451599121094, 88.64649200439453, -0.0001480847568018362)",0.467068,0.006531,"(1.300545, -0.000122, 0.027535)",LeftTrue_RightFalse,False,"(-1.3300987482070923, -0.003927706740796566, 9.854043006896973)","(0.0025677531957626343, 180.42323303222656, 0.0011288649402558804)",0.093177,0.029626,"(-0.013911, -0.000022, -0.764122)",LeftFalse_RightFalse
14.488892,0.067423,"(-10.562421798706055, 1.1799445152282715, -0.7567664980888367)","(345.82037353515625, 50.80180358886719, 357.9674377441406)","(-10.677095413208008, 1.258123517036438, 0.9700363874435425)","(359.941650390625, 103.70085144042969, 359.9844970703125)","(-10.673811912536621, -0.004022573586553335, -1.2218867540359497)","(359.93963623046875, 88.65654754638672, 0.00017682794714346528)",0.499657,0.006531,"(1.378564, -0.000135, 0.028978)",LeftTrue_RightFalse,False,"(-1.3310742378234863, -0.003930014092475176, 9.801411628723145)","(-0.0001359482848783955, 180.4483184814453, 0.00122202152851969)",0.114764,0.02967,"(-0.014485, -0.000050, -0.770179)",LeftFalse_RightFalse
14.561523,0.068477,"(-10.463784217834473, 1.1799266338348389, -0.7467557191848755)","(346.168212890625, 46.98320007324219, 357.9559020996094)","(-10.57421588897705, 1.2581058740615845, 0.9721873998641968)","(359.935791015625, 103.71202087402344, 359.9832763671875)","(-10.571227073669434, -0.0040327031165361404, -1.2197405099868774)","(359.9336242675781, 88.66771697998047, 0.0005058778915554285)",0.529377,0.006531,"(1.441828, -0.000144, 0.030084)",LeftTrue_RightFalse,False,"(-1.332146167755127, -0.003934319131076336, 9.745108604431152)","(-0.004076722543686628, 180.4752655029297, 0.001352145103737712)",0.141756,0.02976,"(-0.014966, -0.000069, -0.778081)",LeftFalse_RightFalse
14.626587,0.0678,"(-10.369349479675293, 1.1799203157424927, -0.7416687607765198)","(346.18487548828125, 45.93110656738281, 358.20355224609375)","(-10.477156639099121, 1.258090853691101, 0.9741978645324707)","(359.93035888671875, 103.72257232666016, 359.9820861816406)","(-10.474449157714844, -0.004042280837893486, -1.217733383178711)","(359.9281005859375, 88.67826843261719, 0.0007700977148488164)",0.556125,0.006531,"(1.531994, -0.000153, 0.031625)",LeftTrue_RightFalse,False,"(-1.3331468105316162, -0.003939435817301273, 9.693923950195312)","(359.99188232421875, 180.49990844726562, 0.0014953159261494875)",0.147334,0.030088,"(-0.015740, -0.000085, -0.794049)",LeftFalse_RightFalse
14.697388,0.068393,"(-10.259455680847168, 1.1799167394638062, -0.7382367253303528)","(346.2727355957031, 45.84413146972656, 358.8150329589844)","(-10.366029739379883, 1.258075475692749, 0.9764773845672607)","(359.9247131347656, 103.73465728759766, 359.9808044433594)","(-10.363656997680664, -0.004052995704114437, -1.2154569625854492)","(359.92230224609375, 88.69034576416016, 0.0010191197507083416)",0.580199,0.006531,"(1.603452, -0.000155, 0.032818)",LeftTrue_RightFalse,False,"(-1.3342846632003784, -0.003945591393858194, 9.637290954589844)","(359.9876708984375, 180.52740478515625, 0.001661592978052795)",0.178296,0.030409,"(-0.016409, -0.000087, -0.806768)",LeftFalse_RightFalse
14.767822,0.068794,"(-10.144225120544434, 1.1799136400222778, -0.7353736162185669)","(346.2694396972656, 46.00334167480469, 359.07623291015625)","(-10.249442100524902, 1.2580608129501343, 0.9788436889648438)","(359.919189453125, 103.74736022949219, 359.97955322265625)","(-10.247430801391602, -0.0040640137158334255, -1.2130930423736572)","(359.9166564941406, 88.70304107666016, 0.0012378095416352153)",0.602256,0.006531,"(1.703371, -0.000155, 0.034447)",LeftTrue_RightFalse,False,"(-1.3354783058166504, -0.003951861057430506, 9.579708099365234)","(359.9836120605469, 180.55575561523438, 0.001859530108049512)",0.178556,0.030712,"(-0.017471, -0.000088, -0.829853)",LeftFalse_RightFalse
14.839478,0.069372,"(-10.020360946655273, 1.1799099445343018, -0.732555627822876)","(346.0292053222656, 46.177547454833984, 359.4976806640625)","(-10.124176979064941, 1.2580467462539673, 0.9813578128814697)","(359.9139404296875, 103.76100158691406, 359.9783630371094)","(-10.12256908416748, -0.004074981436133385, -1.2105810642242432)","(359.9112548828125, 88.71669006347656, 0.0014353318838402629)",0.622888,0.006531,"(1.781446, -0.000154, 0.035684)",LeftTrue_RightFalse,False,"(-1.336761236190796, -0.003957985434681177, 9.519598007202148)","(359.9799499511719, 180.5856475830078, 0.0020388117991387844)",0.205895,0.031001,"(-0.018288, -0.000081, -0.847047)",LeftFalse_RightFalse
14.90918,0.069435,"(-9.892712593078613, 1.179907202720642, -0.7299447059631348)","(345.8469543457031, 46.36527633666992, 359.71600341796875)","(-9.995841979980469, 1.2580331563949585, 0.9839035272598267)","(359.9090576171875, 103.77501678466797, 359.97723388671875)","(-9.994658470153809, -0.004085663240402937, -1.208037257194519)","(359.90625, 88.73069763183594, 0.001616402412764728)",0.644582,0.006531,"(1.889520, -0.000154, 0.037341)",LeftTrue_RightFalse,False,"(-1.338081955909729, -0.0039633940905332565, 9.459573745727539)","(359.9766540527344, 180.6158905029297, 0.002228011144325137)",0.197288,0.030547,"(-0.019543, -0.000075, -0.875291)",LeftFalse_RightFalse
14.980103,0.069723,"(-9.755837440490723, 1.1799041032791138, -0.7272515296936035)","(345.7321472167969, 46.5040283203125, 359.7599182128906)","(-9.858439445495605, 1.2580196857452393, 0.986595630645752)","(359.90435791015625, 103.79000854492188, 359.9761657714844)","(-9.8577241897583, -0.004096525255590677, -1.2053468227386475)","(359.9014587402344, 88.74569702148438, 0.0017930872272700071)",0.66645,0.006531,"(1.973688, -0.000152, 0.038586)",LeftTrue_RightFalse,False,"(-1.3394923210144043, -0.003968268632888794, 9.396820068359375)","(359.97381591796875, 180.6473388671875, 0.002307485556229949)",0.2242,0.030707,"(-0.020265, -0.000064, -0.894959)",LeftFalse_RightFalse
15.052368,0.070251,"(-9.608752250671387, 1.1799006462097168, -0.7251706123352051)","(345.6883850097656, 46.73110580444336, 359.74517822265625)","(-9.71066665649414, 1.2580054998397827, 0.9894527196884155)","(359.899658203125, 103.8061752319336, 359.9750671386719)","(-9.710463523864746, -0.0041075837798416615, -1.2024918794631958)","(359.8966064453125, 88.76185607910156, 0.001974781509488821)",0.686132,0.006317,"(2.090222, -0.000156, 0.040246)",LeftTrue_RightFalse,False,"(-1.3410110473632812, -0.003972591832280159, 9.330854415893555)","(359.97125244140625, 180.6803741455078, 0.0024220640771090984)",0.21442,0.030915,"(-0.021608, -0.000056, -0.926358)",LeftFalse_RightFalse
15.125,0.070729,"(-9.453235626220703, 1.1798970699310303, -0.7224277853965759)","(345.6358337402344, 46.96427917480469, 359.72918701171875)","(-9.554594039916992, 1.2579927444458008, 0.9924325942993164)","(359.8951110839844, 103.82300567626953, 359.9739990234375)","(-9.554931640625, -0.004118991084396839, -1.1995127201080322)","(359.8919372558594, 88.77867126464844, 0.002111609559506178)",0.701111,0.004303,"(2.210485, -0.000159, 0.042022)",LeftTrue_RightFalse,False,"(-1.3426237106323242, -0.00397642282769084, 9.262660026550293)","(359.9691162109375, 180.71469116210938, 0.0025649098679423332)",0.220467,0.031101,"(-0.022963, -0.000045, -0.955393)",LeftFalse_RightFalse
15.19812,0.071203,"(-9.288698196411133, 1.1798962354660034, -0.7201048135757446)","(345.6647644042969, 47.29975891113281, 359.6849670410156)","(-9.38940143585205, 1.2579963207244873, 0.9955869913101196)","(359.89093017578125, 103.83843231201172, 359.9725646972656)","(-9.39023208618164, -0.004130597226321697, -1.1963495016098022)","(359.8875427246094, 88.79410552978516, 0.001811901107430458)",0.706389,-0.001587,"(2.302737, -0.000160, 0.044501)",LeftTrue_RightFalse,False,"(-1.3443406820297241, -0.003979244735091925, 9.192061424255371)","(359.9676208496094, 180.7504119873047, 0.0027111885137856007)",0.245586,0.031457,"(-0.024059, -0.000035, -0.977823)",LeftFalse_RightFalse
15.271362,0.071602,"(-9.11567497253418, 1.1799086332321167, -0.7168204188346863)","(345.6650695800781, 47.50452423095703, 359.5553283691406)","(-9.216192245483398, 1.2580633163452148, 0.9990932941436768)","(359.8875427246094, 103.84300994873047, 359.9696044921875)","(-9.217109680175781, -0.004142158664762974, -1.1927976608276367)","(359.8835144042969, 88.7986831665039, -0.00016000284813344479)",0.706842,-0.009003,"(2.426332, -0.000158, 0.051115)",LeftTrue_RightFalse,False,"(-1.346168041229248, -0.003981901332736015, 9.119199752807617)","(359.9659729003906, 180.78773498535156, 0.0029217973351478577)",0.228624,0.031775,"(-0.025773, -0.000036, -1.012587)",LeftFalse_RightFalse
15.342529,0.071509,"(-8.939912796020508, 1.179929494857788, -0.7136735320091248)","(345.6325378417969, 47.72360610961914, 359.3919982910156)","(-9.040595054626465, 1.2581756114959717, 1.0029947757720947)","(359.88519287109375, 103.83124542236328, 359.9656982421875)","(-9.04099178314209, -0.004153374582529068, -1.1888253688812256)","(359.8802185058594, 88.78691101074219, -0.0033169309608638287)",0.708031,-0.016388,"(2.518549, -0.000155, 0.058797)",LeftTrue_RightFalse,False,"(-1.348050832748413, -0.0039844149723649025, 9.046278953552246)","(359.9646301269531, 180.82540893554688, 0.0031111661810427904)",0.251351,0.032055,"(-0.027024, -0.000033, -1.035790)",LeftFalse_RightFalse
15.411743,0.071055,"(-8.76066780090332, 1.1799613237380981, -0.7094977498054504)","(345.60601806640625, 47.800872802734375, 359.3729553222656)","(-8.86303424835205, 1.2583341598510742, 1.0074902772903442)","(359.8838806152344, 103.79624938964844, 359.9608154296875)","(-8.862037658691406, -0.004163902252912521, -1.1842325925827026)","(359.877685546875, 88.75191497802734, 359.9923095703125)",0.709102,-0.024109,"(2.641031, -0.000148, 0.070539)",LeftTrue_RightFalse,False,"(-1.34999418258667, -0.003986571449786425, 8.973241806030273)","(359.9634094238281, 180.8635711669922, 0.0033120368607342243)",0.231216,0.031016,"(-0.028888, -0.000031, -1.071012)",LeftFalse_RightFalse
15.479736,0.070456,"(-8.578004837036133, 1.1799923181533813, -0.7043662667274475)","(345.4881591796875, 47.8237419128418, 359.4276428222656)","(-8.682238578796387, 1.2584953308105469, 1.0126316547393799)","(359.8830871582031, 103.74039459228516, 359.9560241699219)","(-8.67906379699707, -0.004173611290752888, -1.178990364074707)","(359.87567138671875, 88.69607543945312, 359.9878845214844)",0.710065,-0.033356,"(2.732460, -0.000142, 0.081505)",LeftTrue_RightFalse,False,"(-1.3519892692565918, -0.003988643642514944, 8.899531364440918)","(359.9625549316406, 180.9014892578125, 0.003304234705865383)",0.253849,0.031113,"(-0.029783, -0.000029, -1.094069)",LeftFalse_RightFalse
15.545532,0.06952,"(-8.395161628723145, 1.1800321340560913, -0.6983599066734314)","(345.42999267578125, 47.7811164855957, 359.3681640625)","(-8.501923561096191, 1.2587007284164429, 1.0185149908065796)","(359.8830261230469, 103.65809631347656, 359.9502258300781)","(-8.495567321777344, -0.004182855598628521, -1.1729766130447388)","(359.8741149902344, 88.61375427246094, 359.9822998046875)",0.708979,-0.043488,"(2.853715, -0.000137, 0.099157)",LeftTrue_RightFalse,False,"(-1.3540045022964478, -0.003990315832197666, 8.826478958129883)","(359.9617919921875, 180.9386749267578, 0.0033444217406213284)",0.230851,0.031252,"(-0.031601, -0.000026, -1.129064)",LeftFalse_RightFalse
15.612305,0.068975,"(-8.202308654785156, 1.1800761222839355, -0.69129878282547)","(345.3840026855469, 47.88637161254883, 359.2309875488281)","(-8.313124656677246, 1.2589203119277954, 1.025527834892273)","(359.88330078125, 103.5457534790039, 359.94415283203125)","(-8.302446365356445, -0.004191884770989418, -1.165814995765686)","(359.872802734375, 88.50141906738281, 359.9763488769531)",0.691986,-0.056091,"(2.943706, -0.000135, 0.115908)",LeftTrue_RightFalse,False,"(-1.3561534881591797, -0.003991764038801193, 8.750434875488281)","(359.9612731933594, 180.9774169921875, 0.0034517974127084017)",0.255369,0.031399,"(-0.032935, -0.000021, -1.151479)",LeftFalse_RightFalse
15.682861,0.069281,"(-7.991650104522705, 1.180140733718872, -0.6823734045028687)","(345.43218994140625, 47.914642333984375, 359.3663330078125)","(-8.108490943908691, 1.259236216545105, 1.0344010591506958)","(359.884765625, 103.38363647460938, 359.9357604980469)","(-8.091599464416504, -0.004201073665171862, -1.1567152738571167)","(359.8720397949219, 88.33929443359375, 359.9678649902344)",0.654135,-0.072357,"(3.029921, -0.000127, 0.137505)",LeftTrue_RightFalse,False,"(-1.3585360050201416, -0.003993131686002016, 8.668256759643555)","(359.96087646484375, 181.0194854736328, 0.003622785909101367)",0.262874,0.031644,"(-0.034473, -0.000018, -1.177418)",LeftFalse_RightFalse
15.752075,0.06927,"(-7.779619216918945, 1.1802245378494263, -0.6720476150512695)","(345.4529724121094, 47.85054397583008, 359.41290283203125)","(-7.903183460235596, 1.259662389755249, 1.0450921058654785)","(359.8883361816406, 103.16449737548828, 359.9249572753906)","(-7.877934455871582, -0.004209141246974468, -1.145693302154541)","(359.8726806640625, 88.12017822265625, 359.9565124511719)",0.60142,-0.091705,"(3.134468, -0.000107, 0.172308)",LeftTrue_RightFalse,False,"(-1.3610072135925293, -0.003994569182395935, 8.585397720336914)","(359.9600830078125, 181.062255859375, 0.003846042323857546)",0.238433,0.031834,"(-0.036663, -0.000025, -1.213288)",LeftFalse_RightFalse
15.821289,0.069266,"(-7.5622992515563965, 1.1803189516067505, -0.6587842106819153)","(345.3313903808594, 47.71311569213867, 359.47491455078125)","(-7.694302558898926, 1.2601455450057983, 1.0579715967178345)","(359.8938903808594, 102.88446044921875, 359.91314697265625)","(-7.6584062576293945, -0.0042153955437242985, -1.1323827505111694)","(359.8749694824219, 87.84014892578125, 359.94366455078125)",0.543261,-0.119385,"(3.201983, -0.000077, 0.205709)",LeftTrue_RightFalse,False,"(-1.3636046648025513, -0.003996239043772221, 8.500536918640137)","(359.95965576171875, 181.10626220703125, 0.004034799057990313)",0.263261,0.030888,"(-0.038214, -0.000022, -1.236079)",LeftFalse_RightFalse
15.887817,0.068706,"(-7.348718643188477, 1.1811649799346924, -0.6437571048736572)","(345.3299865722656, 47.51934814453125, 359.38812255859375)","(-7.492664813995361, 1.2608298063278198, 1.0732086896896362)","(359.9029541015625, 102.52642822265625, 359.8968505859375)","(-7.4431986808776855, -0.004218560643494129, -1.11648428440094)","(359.8795166015625, 87.48212432861328, 359.9255676269531)",0.490919,-0.150513,"(3.274695, -0.000022, 0.262694)",LeftTrue_RightFalse,False,"(-1.3662015199661255, -0.003997516818344593, 8.417205810546875)","(359.959228515625, 181.14878845214844, 0.0040465244092047215)",0.23903,0.030916,"(-0.040067, -0.000021, -1.271232)",LeftFalse_RightFalse
15.955566,0.068511,"(-7.129082202911377, 1.181562066078186, -0.6249239444732666)","(345.2981872558594, 47.406951904296875, 359.2914733886719)","(-7.286990165710449, 1.2616162300109863, 1.0920157432556152)","(359.9143981933594, 102.06813049316406, 359.87847900390625)","(-7.220171928405762, -0.00421872129663825, -1.09676194190979)","(359.88580322265625, 87.02383422851562, 359.90484619140625)",0.445794,-0.181549,"(3.316528, 0.000022, 0.317022)",LeftTrue_RightFalse,False,"(-1.368962049484253, -0.0039989519864320755, 8.330413818359375)","(359.958984375, 181.19268798828125, 0.00409738440066576)",0.262613,0.030949,"(-0.041581, -0.000018, -1.293550)",LeftFalse_RightFalse
16.026245,0.068951,"(-6.899038314819336, 1.182564377784729, -0.6001979112625122)","(344.84039306640625, 46.89645004272461, 359.27301025390625)","(-7.074235439300537, 1.2626322507858276, 1.1159895658493042)","(359.9293212890625, 101.46123504638672, 359.8548583984375)","(-6.984455585479736, -0.004215239081531763, -1.0713800191879272)","(359.89404296875, 86.4169692993164, 359.878173828125)",0.405977,-0.207336,"(3.357501, 0.000071, 0.396752)",LeftTrue_RightFalse,False,"(-1.3719770908355713, -0.004000246059149504, 8.2378568649292)","(359.9587707519531, 181.23947143554688, 0.004238605499267578)",0.245597,0.031203,"(-0.043911, -0.000018, -1.327806)",LeftFalse_RightFalse
16.095215,0.068955,"(-6.672725200653076, 1.1837663650512695, -0.5703919529914856)","(344.44415283203125, 46.05095291137695, 359.5126953125)","(-6.868630886077881, 1.2635401487350464, 1.1437989473342896)","(359.9437561035156, 100.76070404052734, 359.8340759277344)","(-6.752341270446777, -0.004209414124488831, -1.041798710823059)","(359.9026184082031, 85.71644592285156, 359.8543701171875)",0.36895,-0.225739,"(3.378434, 0.000093, 0.460878)",LeftTrue_RightFalse,False,"(-1.3750617504119873, -0.004001505672931671, 8.145578384399414)","(359.95855712890625, 181.28631591796875, 0.004428673069924116)",0.264926,0.031749,"(-0.045689, -0.000020, -1.350587)",LeftFalse_RightFalse
16.167725,0.069663,"(-6.434757709503174, 1.185020089149475, -0.5324501991271973)","(344.1567687988281, 45.07835388183594, 359.75384521484375)","(-6.655132293701172, 1.264423131942749, 1.1778333187103271)","(359.9587707519531, 99.91746520996094, 359.8141784667969)","(-6.506940841674805, -0.004201526753604412, -1.0053250789642334)","(359.9119567871094, 84.87322998046875, 359.83123779296875)",0.332055,-0.237885,"(3.395895, 0.000113, 0.543589)",LeftTrue_RightFalse,False,"(-1.3784706592559814, -0.004002725705504417, 8.046533584594727)","(359.9582824707031, 181.33729553222656, 0.004737306386232376)",0.248891,0.032321,"(-0.048454, -0.000020, -1.384602)",LeftFalse_RightFalse
16.234985,0.069176,"(-6.213132381439209, 1.1854194402694702, -0.4914727210998535)","(344.1237487792969, 44.13715744018555, 359.8169250488281)","(-6.458873748779297, 1.265024185180664, 1.213590145111084)","(359.97076416015625, 99.06834411621094, 359.8011474609375)","(-6.278562545776367, -0.004193591885268688, -0.9668052196502686)","(359.920166015625, 84.02412414550781, 359.8155517578125)",0.29885,-0.248291,"(3.401460, 0.000119, 0.603824)",LeftTrue_RightFalse,False,"(-1.3817951679229736, -0.004004111513495445, 7.952760219573975)","(359.95806884765625, 181.3862762451172, 0.005042009986937046)",0.264774,0.034182,"(-0.050551, -0.000019, -1.407341)",LeftFalse_RightFalse
16.300171,0.068389,"(-5.9993462562561035, 1.1856012344360352, -0.44841545820236206)","(344.112548828125, 43.23646926879883, 359.82769775390625)","(-6.270142078399658, 1.265496850013733, 1.2519965171813965)","(359.98150634765625, 98.19441223144531, 359.7912292480469)","(-6.056798934936523, -0.0041854847222566605, -0.9251440167427063)","(359.9279479980469, 83.15019989013672, 359.8031921386719)",0.268965,-0.259705,"(3.399550, 0.000122, 0.664148)",LeftTrue_RightFalse,False,"(-1.3852035999298096, -0.004005459137260914, 7.860057830810547)","(359.95782470703125, 181.43666076660156, 0.005583994090557098)",0.265284,0.035758,"(-0.053411, -0.000019, -1.432272)",LeftFalse_RightFalse
16.36731,0.068131,"(-5.779731750488281, 1.1857167482376099, -0.4001285433769226)","(344.3372497558594, 41.86892318725586, 0.1321249157190323)","(-6.078209400177002, 1.2659248113632202, 1.2953283786773682)","(359.9919738769531, 97.24883270263672, 359.7825012207031)","(-5.829172611236572, -0.004177136812359095, -0.8777732849121094)","(359.935791015625, 82.20462799072266, 359.7920227050781)",0.242068,-0.272125,"(3.387386, 0.000124, 0.744878)",LeftTrue_RightFalse,False,"(-1.3889267444610596, -0.004006803501397371, 7.762864589691162)","(359.95745849609375, 181.49221801757812, 0.006274865008890629)",0.244457,0.037204,"(-0.057227, -0.000022, -1.465333)",LeftFalse_RightFalse
16.437012,0.068442,"(-5.553410530090332, 1.1858049631118774, -0.34447038173675537)","(344.32415771484375, 40.732582092285156, 0.2516416907310486)","(-5.881356239318848, 1.2663040161132812, 1.3443889617919922)","(0.001868763822130859, 96.22523498535156, 359.7749328613281)","(-5.593738555908203, -0.004168321378529072, -0.8237265944480896)","(359.9433898925781, 81.18104553222656, 359.78216552734375)",0.217861,-0.284729,"(3.370848, 0.000124, 0.807695)",LeftTrue_RightFalse,False,"(-1.3930156230926514, -0.00400830851867795, 7.660060882568359)","(359.95733642578125, 181.55316162109375, 0.00686059333384037)",0.269765,0.03757,"(-0.060095, -0.000019, -1.486535)",LeftFalse_RightFalse
16.501831,0.067725,"(-5.344786643981934, 1.1858839988708496, -0.28878355026245117)","(344.18170166015625, 39.59092712402344, 0.4058673083782196)","(-5.701159954071045, 1.266680121421814, 1.3937735557556152)","(0.010981536470353603, 95.2290267944336, 359.7672424316406)","(-5.376075744628906, -0.004159980453550816, -0.7688257098197937)","(359.9501953125, 80.1848373413086, 359.7723693847656)",0.196075,-0.293304,"(3.347410, 0.000125, 0.872363)",LeftTrue_RightFalse,False,"(-1.397020936012268, -0.004009580705314875, 7.562720775604248)","(359.95721435546875, 181.6124267578125, 0.007258482743054628)",0.267189,0.037957,"(-0.062868, -0.000019, -1.511475)",LeftFalse_RightFalse
16.56958,0.067741,"(-5.128423690795898, 1.1868029832839966, -0.2261638343334198)","(344.0922546386719, 38.46174240112305, 0.4009075164794922)","(-5.516129493713379, 1.2670221328735352, 1.4492498636245728)","(0.019775258377194405, 94.14844512939453, 359.7604064941406)","(-5.150503158569336, -0.0041513023898005486, -0.7066687345504761)","(359.9569091796875, 79.1042709350586, 359.76348876953125)",0.176468,-0.29892,"(3.310234, 0.000125, 0.954217)",LeftTrue_RightFalse,False,"(-1.4014149904251099, -0.004010886885225773, 7.4590911865234375)","(359.95684814453125, 181.67637634277344, 0.007524214684963226)",0.247006,0.03957,"(-0.066494, -0.000023, -1.543955)",LeftFalse_RightFalse
16.635742,0.067423,"(-4.920191287994385, 1.1878669261932373, -0.16085481643676758)","(343.7399597167969, 37.513710021972656, 0.4711674749851227)","(-5.338509559631348, 1.2672364711761475, 1.5069084167480469)","(0.026816505938768387, 93.07215118408203, 359.7565612792969)","(-4.932603359222412, -0.004143186379224062, -0.6416688561439514)","(359.96270751953125, 78.02798461914062, 359.7579650878906)",0.158821,-0.302979,"(3.278382, 0.000120, 1.012779)",LeftTrue_RightFalse,False,"(-1.4059200286865234, -0.004012433346360922, 7.356308937072754)","(359.9567565917969, 181.74130249023438, 0.007882899604737759)",0.267894,0.039921,"(-0.069688, -0.000019, -1.564775)",LeftFalse_RightFalse
16.702026,0.067183,"(-4.713797569274902, 1.1882388591766357, -0.09152442216873169)","(343.5712585449219, 36.576786041259766, 0.5147693157196045)","(-5.163564682006836, 1.2673701047897339, 1.567939281463623)","(0.03278180956840515, 91.97969818115234, 359.754638671875)","(-4.716898441314697, -0.004135455470532179, -0.5724605917930603)","(359.96795654296875, 76.93553924560547, 359.7545471191406)",0.142939,-0.304688,"(3.242842, 0.000112, 1.069054)",LeftTrue_RightFalse,False,"(-1.4106539487838745, -0.004013607278466225, 7.251794338226318)","(359.9566955566406, 181.8088836669922, 0.00823663268238306)",-1.0,0.039615,"(-0.072761, -0.000019, -1.588649)",LeftFalse_RightFalse
16.768433,0.067044,"(-4.509213447570801, 1.1883634328842163, -0.018064647912979126)","(343.4290466308594, 35.60112762451172, 0.5805405974388123)","(-4.990752696990967, 1.2674152851104736, 1.632427453994751)","(0.03764842823147774, 90.87642669677734, 359.75482177734375)","(-4.50306510925293, -0.004128085449337959, -0.4989777207374573)","(359.97271728515625, 75.83226776123047, 359.7534484863281)",0.128645,-0.304688,"(3.191905, 0.000105, 1.138983)",LeftTrue_RightFalse,False,"(-1.4144495725631714, -0.003980651032179594, 7.169193744659424)","(0.02230869233608246, 181.86134338378906, 0.004842333495616913)",-0.326379,0.038764,"(-0.042570, 0.001223, -0.911163)",LeftFalse_RightFalse
16.832642,0.066479,"(-4.314305305480957, 1.1883915662765503, 0.056285589933395386)","(343.323974609375, 34.585872650146484, 0.6121802926063538)","(-4.826360702514648, 1.2673782110214233, 1.6975581645965576)","(0.04119835048913956, 89.81295776367188, 359.7568664550781)","(-4.299277305603027, -0.0041215489618480206, -0.42447423934936523)","(359.9766845703125, 74.768798828125, 359.7544860839844)",0.11578,-0.304688,"(3.151489, 0.000100, 1.187779)",LeftTrue_RightFalse,False,"(-1.4169234037399292, -0.0038876421749591827, 7.116278171539307)","(0.09949237108230591, 181.89398193359375, 0.001276142313145101)",-1.0,0.038373,"(-0.034743, 0.001532, -0.732606)",LeftFalse_RightFalse
16.900513,0.066735,"(-4.112346649169922, 1.188384771347046, 0.1380859911441803)","(343.33673095703125, 33.57558059692383, 0.49105265736579895)","(-4.655523777008057, 1.2672830820083618, 1.7691032886505127)","(0.04409906640648842, 88.6978530883789, 359.76031494140625)","(-4.087305068969727, -0.004114974290132523, -0.3423475921154022)","(359.9803771972656, 73.65367889404297, 359.757080078125)",0.104202,-0.304688,"(3.108702, 0.000096, 1.234087)",LeftTrue_RightFalse,False,"(-1.4183859825134277, -0.0037748925387859344, 7.08516263961792)","(0.17891980707645416, 181.91256713867188, -0.002748683327808976)",0.040794,0.038328,"(-0.010976, 0.001803, -0.228278)",LeftFalse_RightFalse
16.965454,0.066375,"(-3.921422243118286, 1.1883625984191895, 0.21953651309013367)","(343.3481750488281, 32.53434371948242, 0.5080974102020264)","(-4.494449615478516, 1.2671620845794678, 1.8402422666549683)","(0.04633329063653946, 87.63800811767578, 359.7642822265625)","(-3.887319564819336, -0.004108961205929518, -0.2604271173477173)","(359.9835510253906, 72.59384155273438, 359.7603454589844)",0.093782,-0.303986,"(3.048691, 0.000090, 1.292466)",LeftTrue_RightFalse,False,"(-1.419091820716858, -0.0036760608199983835, 7.0704803466796875)","(0.20746919512748718, 181.9214324951172, -0.004201574716717005)",-0.109353,0.038392,"(-0.011003, 0.000882, -0.228503)",LeftFalse_RightFalse
17.036011,0.067215,"(-3.7173612117767334, 1.1890743970870972, 0.3113180994987488)","(343.2579650878906, 31.42047882080078, 0.6480484008789062)","(-4.322443962097168, 1.2670081853866577, 1.9203132390975952)","(0.048162464052438736, 86.49765014648438, 359.76904296875)","(-3.673661231994629, -0.004102881066501141, -0.16796505451202393)","(359.986572265625, 71.45347595214844, 359.76446533203125)",0.084404,-0.300507,"(3.002134, 0.000087, 1.333310)",LeftTrue_RightFalse,False,"(-1.4194130897521973, -0.0036341326776891947, 7.062117576599121)","(0.209847554564476, 181.92559814453125, 359.9939270019531)",0.196684,0.038494,"(0.000667, 0.000523, 0.000003)",LeftFalse_RightFalse
17.104492,0.067487,"(-3.522498607635498, 1.189244270324707, 0.40337270498275757)","(343.1333923339844, 30.40562629699707, 0.6955807209014893)","(-4.158078670501709, 1.26680588722229, 2.00056791305542)","(0.049198880791664124, 85.40681457519531, 359.77490234375)","(-3.469670057296753, -0.004097226541489363, -0.0751122534275055)","(359.98907470703125, 70.36263275146484, 359.7698669433594)",0.075964,-0.291565,"(2.955369, 0.000083, 1.369929)",LeftTrue_RightFalse,False,"(-1.4194804430007935, -0.003626636927947402, 7.0607218742370605)","(0.18379665911197662, 181.9263153076172, -0.00474292179569602)",-0.181175,0.038586,"(-0.001477, -0.000182, -0.029527)",LeftFalse_RightFalse
17.171631,0.067417,"(-3.3350682258605957, 1.1892459392547607, 0.4966103136539459)","(343.10406494140625, 29.508094787597656, 0.5973910093307495)","(-3.999345064163208, 1.266492486000061, 2.081350564956665)","(0.04896026477217674, 84.3708724975586, 359.783447265625)","(-3.2734971046447754, -0.00409211590886116, 0.01826809160411358)","(359.9910583496094, 69.3266830444336, 359.7781677246094)",0.068367,-0.277466,"(2.894731, 0.000076, 1.410668)",LeftTrue_RightFalse,False,"(-1.419515609741211, -0.0036629545502364635, 7.060108184814453)","(0.14677295088768005, 181.92649841308594, -0.0036359664518386126)",-0.110085,0.038669,"(0.000112, -0.000713, 0.001489)",LeftFalse_RightFalse
17.239746,0.067544,"(-3.1481282711029053, 1.1891822814941406, 0.5932804346084595)","(343.2822265625, 28.656469345092773, 0.555509626865387)","(-3.8401060104370117, 1.266074538230896, 2.165175437927246)","(0.04756265506148338, 83.36177062988281, 359.79449462890625)","(-3.0779781341552734, -0.004087484907358885, 0.11495594680309296)","(359.9925842285156, 68.31756591796875, 359.7891845703125)",0.061531,-0.255707,"(2.852226, 0.000069, 1.433383)",LeftTrue_RightFalse,False,"(-1.4195212125778198, -0.00371827045455575, 7.059973239898682)","(0.10842110961675644, 181.92654418945312, -0.0026934652123600245)",-0.142405,0.038774,"(0.000114, -0.000869, 0.001384)",LeftFalse_RightFalse
17.309814,0.068048,"(-2.9589192867279053, 1.1890548467636108, 0.6934491991996765)","(343.53997802734375, 27.92485809326172, 0.6004631519317627)","(-3.676581621170044, 1.2654345035552979, 2.2532618045806885)","(0.04411134123802185, 82.39524841308594, 359.81103515625)","(-2.8798534870147705, -0.004083272069692612, 0.21583741903305054)","(359.9935607910156, 67.35102844238281, 359.8060607910156)",0.055377,-0.227112,"(2.800236, 0.000060, 1.452692)",LeftTrue_RightFalse,False,"(-1.4195261001586914, -0.003779302816838026, 7.059853553771973)","(0.07467164099216461, 181.92657470703125, -0.0018907459452748299)",-0.141638,0.038915,"(0.000083, -0.000826, 0.001063)",LeftFalse_RightFalse
17.378906,0.068259,"(-2.7742154598236084, 1.188899278640747, 0.7936988472938538)","(343.4742736816406, 27.015487670898438, 0.662665069103241)","(-3.515186309814453, 1.2646815776824951, 2.341628074645996)","(0.03947461023926735, 81.52413940429688, 359.8302917480469)","(-2.687410354614258, -0.0040797023102641106, 0.316145122051239)","(359.99407958984375, 66.47990417480469, 359.82586669921875)",0.04984,-0.200684,"(2.766812, 0.000054, 1.456215)",LeftTrue_RightFalse,False,"(-1.4195301532745361, -0.003832194022834301, 7.059762954711914)","(0.04924527555704117, 181.9265899658203, -0.0012980041792616248)",-0.141261,0.039069,"(0.000060, -0.000692, 0.000809)",LeftFalse_RightFalse
17.446289,0.06808,"(-2.5963075160980225, 1.1887142658233643, 0.8908530473709106)","(343.431640625, 26.195058822631836, 0.746655285358429)","(-3.3566153049468994, 1.2638074159622192, 2.4288723468780518)","(0.03370135650038719, 80.77566528320312, 359.8525085449219)","(-2.5022454261779785, -0.004076552577316761, 0.4139101505279541)","(359.9942626953125, 65.73141479492188, 359.84881591796875)",0.044856,-0.182282,"(2.723384, 0.000050, 1.455790)",LeftTrue_RightFalse,False,"(-1.4195328950881958, -0.0038721179589629173, 7.059700012207031)","(0.03148810565471649, 181.9265899658203, -0.0008855542400851846)",-0.14068,0.03923,"(0.000037, -0.000475, 0.000524)",LeftFalse_RightFalse
17.513794,0.067977,"(-2.419952869415283, 1.188557744026184, 0.9881463050842285)","(343.5133972167969, 25.623811721801758, 0.7428948283195496)","(-3.1972556114196777, 1.2630714178085327, 2.5172500610351562)","(0.028931276872754097, 80.10324096679688, 359.87127685546875)","(-2.319121837615967, -0.004073559772223234, 0.5120635628700256)","(-0.005473476368933916, 65.0589828491211, 359.8681640625)",0.04037,-0.177307,"(2.690195, 0.000045, 1.454389)",LeftTrue_RightFalse,False,"(-1.4195351600646973, -0.003899849019944668, 7.059657096862793)","(0.019424907863140106, 181.9265899658203, -0.0005985171883367002)",-0.140641,0.039397,"(0.000025, -0.000327, 0.000363)",LeftFalse_RightFalse
17.580688,0.067742,"(-2.246674060821533, 1.1884394884109497, 1.0825200080871582)","(343.5174560546875, 25.090112686157227, 1.0448977947235107)","(-3.040198802947998, 1.2625356912612915, 2.6052544116973877)","(0.025708643719553947, 79.49519348144531, 359.8849792480469)","(-2.140709400177002, -0.004070786759257317, 0.609214186668396)","(-0.005025381688028574, 64.45092010498047, 359.88226318359375)",0.036333,-0.179901,"(2.653070, 0.000048, 1.457376)",LeftTrue_RightFalse,False,"(-1.4195364713668823, -0.003917261958122253, 7.059628963470459)","(0.011612488888204098, 181.92660522460938, -0.000404054531827569)",-0.140508,0.039567,"(0.000016, -0.000207, 0.000243)",LeftFalse_RightFalse
17.647705,0.067618,"(-2.0758519172668457, 1.1891915798187256, 1.1780014038085938)","(343.08660888671875, 24.776010513305664, 1.199364423751831)","(-2.884378433227539, 1.2622745037078857, 2.6942005157470703)","(0.024635855108499527, 78.90850830078125, 359.891845703125)","(-1.9644453525543213, -0.004067187197506428, 0.7073308825492859)","(-0.004277812782675028, 63.86423110961914, 359.88916015625)",0.0327,-0.187866,"(2.598155, 0.000056, 1.467589)",LeftTrue_RightFalse,False,"(-1.4195376634597778, -0.0039269570261240005, 7.059612274169922)","(0.006707222666591406, 181.92660522460938, -0.0002708007814362645)",-0.140333,0.039738,"(0.000008, -0.000093, 0.000135)",LeftFalse_RightFalse
17.715454,0.067637,"(-1.9063351154327393, 1.1894514560699463, 1.2760556936264038)","(342.576171875, 24.245227813720703, 1.1816242933273315)","(-2.730250120162964, 1.2622323036193848, 2.7844059467315674)","(0.025254035368561745, 78.31864929199219, 359.89324951171875)","(-1.7899184226989746, -0.004063312895596027, 0.807079017162323)","(-0.0033198620658367872, 63.274375915527344, 359.8903503417969)",0.02943,-0.202972,"(2.553350, 0.000061, 1.479239)",LeftTrue_RightFalse,False,"(-1.4195383787155151, -0.003931345418095589, 7.059601783752441)","(0.003761772997677326, 181.92660522460938, -0.0001818582386476919)",-0.140393,0.03991,"(0.000004, -0.000036, 0.000083)",LeftFalse_RightFalse
17.779663,0.066947,"(-1.7494949102401733, 1.1903469562530518, 1.3694126605987549)","(342.32513427734375, 23.525634765625, 1.3536045551300049)","(-2.588085651397705, 1.2624000310897827, 2.870299816131592)","(0.027476899325847626, 77.73789978027344, 359.8893737792969)","(-1.6278269290924072, -0.0040593259036540985, 0.9026786088943481)","(-0.002176509238779545, 62.69363021850586, 359.88604736328125)",0.026487,-0.22226,"(2.503844, 0.000066, 1.496044)",LeftTrue_RightFalse,False,"(-1.4195388555526733, -0.003932379186153412, 7.059595108032227)","(0.0021484526805579662, 181.92660522460938, -0.00012355139188002795)",-0.140385,0.040074,"(0.000002, -0.000002, 0.000049)",LeftFalse_RightFalse
17.84729,0.067095,"(-1.5878745317459106, 1.1907479763031006, 1.4697487354278564)","(342.11688232421875, 22.656837463378906, 1.5644809007644653)","(-2.4433746337890625, 1.2627514600753784, 2.9612975120544434)","(0.03123725764453411, 77.0820083618164, 359.8809509277344)","(-1.460777759552002, -0.004054537508636713, 1.0049601793289185)","(-0.0007307068444788456, 62.03773498535156, 359.8769226074219)",0.023838,-0.243317,"(2.434005, 0.000073, 1.521549)",LeftTrue_RightFalse,False,"(-1.4195393323898315, -0.0039315843023359776, 7.059592247009277)","(0.0012239605421200395, 181.92660522460938, -8.165017061401159e-05)",-0.140399,0.040246,"(-0.000001, 0.000020, 0.000022)",LeftFalse_RightFalse
17.91394,0.066984,"(-1.433325171470642, 1.190933346748352, 1.5705734491348267)","(342.1225891113281, 21.78385353088379, 1.7331583499908447)","(-2.3064136505126953, 1.2631213665008545, 3.05120849609375)","(0.035119883716106415, 76.39508819580078, 359.8720703125)","(-1.300563097000122, -0.00404951861128211, 1.1069626808166504)","(0.0007127809221856296, 61.350830078125, 359.8673400878906)",0.021454,-0.260895,"(2.377985, 0.000075, 1.543649)",LeftTrue_RightFalse,False,"(-1.419539451599121, -0.003929991740733385, 7.0595903396606445)","(0.0007788935326971114, 181.92660522460938, -5.556701580644585e-05)",-0.140434,0.040416,"(-0.000002, 0.000026, 0.000011)",LeftFalse_RightFalse
17.979858,0.066781,"(-1.2848126888275146, 1.1910587549209595, 1.6731486320495605)","(342.3356628417969, 20.720565795898438, 1.7895631790161133)","(-2.1762123107910156, 1.2635172605514526, 3.1407742500305176)","(0.039223745465278625, 75.66487884521484, 359.862548828125)","(-1.1458063125610352, -0.004044303670525551, 1.2096863985061646)","(0.002204590244218707, 60.620628356933594, 359.8570861816406)",0.019309,-0.277954,"(2.320803, 0.000075, 1.565662)",LeftTrue_RightFalse,False,"(-1.4195396900177002, -0.003928221762180328, 7.059589385986328)","(0.0005864152917638421, 181.92660522460938, -3.699395165313035e-05)",-0.140436,0.040584,"(-0.000002, 0.000026, 0.000005)",LeftFalse_RightFalse
18.046875,0.066828,"(-1.1385033130645752, 1.190374732017517, 1.7783215045928955)","(342.5679016113281, 19.630586624145508, 1.7075142860412598)","(-2.04964542388916, 1.2638849020004272, 3.2321958541870117)","(0.04312637448310852, 74.87603759765625, 359.853759765625)","(-0.9928849339485168, -0.004038982093334198, 1.3156429529190063)","(0.003687808522954583, 59.831787109375, 359.8475646972656)",0.017378,-0.29895,"(2.245257, 0.000077, 1.592400)",LeftTrue_RightFalse,False,"(-1.4195399284362793, -0.003926553763449192, 7.059589385986328)","(0.0005255964933894575, 181.92660522460938, -2.4751047021709383e-05)",-0.14043,0.040758,"(-0.000003, 0.000023, 0.000001)",LeftFalse_RightFalse
18.116211,0.067342,"(-0.9919270277023315, 1.1901837587356567, 1.8887441158294678)","(342.88824462890625, 18.628841400146484, 1.6678385734558105)","(-1.9242873191833496, 1.2641887664794922, 3.3273420333862305)","(0.046507637947797775, 74.01873779296875, 359.8465270996094)","(-0.8390856981277466, -0.004033738747239113, 1.426947832107544)","(0.0050783525221049786, 58.974491119384766, 359.8397216796875)",0.01564,-0.328491,"(2.185054, 0.000074, 1.614570)",LeftTrue_RightFalse,False,"(-1.419540286064148, -0.003925126977264881, 7.059589385986328)","(0.0005308310501277447, 181.92660522460938, -1.6995621990645304e-05)",-0.140423,0.040934,"(0.000000, 0.000019, -0.000001)",LeftFalse_RightFalse
18.185303,0.067688,"(-0.85127854347229, 1.1894745826721191, 1.9992785453796387)","(343.2700500488281, 17.87810707092285, 1.6686323881149292)","(-1.80641770362854, 1.2646231651306152, 3.4222960472106934)","(0.051089752465486526, 73.10082244873047, 359.8360900878906)","(-0.6910755038261414, -0.004028140567243099, 1.539722204208374)","(0.006793783977627754, 58.05657958984375, 359.8284606933594)",0.014076,-0.362335,"(2.098401, 0.000078, 1.647558)",LeftTrue_RightFalse,False,"(-1.4195401668548584, -0.003924001008272171, 7.059589385986328)","(0.0005620858864858747, 181.92660522460938, -1.2909084944112692e-05)",-0.140417,0.041111,"(0.000000, 0.000015, -0.000001)",LeftFalse_RightFalse
18.25647,0.068376,"(-0.7117911577224731, 1.1893190145492554, 2.114788770675659)","(343.44720458984375, 17.431861877441406, 1.537255883216858)","(-1.6925759315490723, 1.2650858163833618, 3.520315170288086)","(0.056066520512104034, 72.08736419677734, 359.8249816894531)","(-0.5442913174629211, -0.004022311419248581, 1.6579627990722656)","(0.008718462660908699, 57.043128967285156, 359.8164367675781)",0.012669,-0.402069,"(2.026303, 0.000082, 1.676041)",LeftTrue_RightFalse,False,"(-1.4195404052734375, -0.003923053853213787, 7.059589862823486)","(0.0005986800533719361, 181.92660522460938, -8.249222446465865e-06)",-0.140418,0.041292,"(0.000000, 0.000011, -0.000001)",LeftFalse_RightFalse
18.327393,0.068894,"(-0.5801438689231873, 1.1893852949142456, 2.23183536529541)","(343.73223876953125, 17.150100708007812, 1.3798027038574219)","(-1.5881235599517822, 1.265729546546936, 3.6179847717285156)","(0.06294868141412735, 70.97795867919922, 359.80950927734375)","(-0.4042527377605438, -0.004015711136162281, 1.7784883975982666)","(0.011343970894813538, 55.93374252319336, 359.7996826171875)",0.013385,-0.443909,"(1.923648, 0.000091, 1.715006)",LeftTrue_RightFalse,False,"(-1.419540286064148, -0.003922415431588888, 7.059589385986328)","(0.000630441471002996, 181.92660522460938, -6.559978373843478e-06)",-0.140406,0.041473,"(0.000000, 0.000006, -0.000001)",LeftFalse_RightFalse
18.397095,0.069036,"(-0.45948177576065063, 1.1894993782043457, 2.349680185317993)","(343.827880859375, 16.422210693359375, 1.3878633975982666)","(-1.494400978088379, 1.2663195133209229, 3.713653564453125)","(0.06957819312810898, 69.80402374267578, 359.79541015625)","(-0.2733379304409027, -0.004008842632174492, 1.8990404605865479)","(0.014085464179515839, 54.75981521606445, 359.78436279296875)",0.017206,-0.483673,"(1.839128, 0.000098, 1.746332)",LeftTrue_RightFalse,False,"(-1.4195404052734375, -0.003922048956155777, 7.059589385986328)","(0.0006542056216858327, 181.92660522460938, -3.954416115448112e-06)",-0.140409,0.041651,"(0.000000, 0.000004, -0.000001)",LeftFalse_RightFalse
18.463867,0.068595,"(-0.3510260581970215, 1.1888102293014526, 2.464169979095459)","(344.1282043457031, 15.21687126159668, 2.350599527359009)","(-1.4134372472763062, 1.2669609785079956, 3.805026054382324)","(0.07691526412963867, 68.58101654052734, 359.78009033203125)","(-0.1541978418827057, -0.004001463297754526, 2.0171446800231934)","(0.017197469249367714, 53.536827087402344, 359.7676696777344)",0.024612,-0.516876,"(1.749846, 0.000106, 1.777793)",LeftTrue_RightFalse,False,"(-1.4195404052734375, -0.003921838942915201, 7.0595903396606445)","(0.0006709358422085643, 181.92660522460938, -2.1445564470923273e-06)",-0.140407,0.041821,"(0.000000, 0.000002, -0.000001)",LeftFalse_RightFalse
18.530273,0.068152,"(-0.24959847331047058, 1.1886574029922485, 2.579101800918579)","(344.3683776855469, 14.213397979736328, 2.4510364532470703)","(-1.3416838645935059, 1.267508864402771, 3.8952770233154297)","(0.08345679193735123, 67.28108978271484, 359.7671203613281)","(-0.04245404526591301, -0.00399405462667346, 2.1366324424743652)","(0.02014564350247383, 52.236907958984375, 359.75341796875)",0.035642,-0.549896,"(1.637486, 0.000104, 1.812842)",LeftTrue_RightFalse,False,"(-1.4195404052734375, -0.00392173882573843, 7.0595903396606445)","(0.0006824929732829332, 181.92660522460938, -1.9363703813723987e-06)",-0.140408,0.041991,"(0.000000, 0.000001, 0.000000)",LeftFalse_RightFalse
18.5979,0.068063,"(-0.15243473649024963, 1.188642144203186, 2.697601318359375)","(344.165283203125, 12.886667251586914, 2.892702102661133)","(-1.275823950767517, 1.267861008644104, 3.9869346618652344)","(0.08795596659183502, 65.89701843261719, 359.7588806152344)","(0.06533930450677872, -0.003987190313637257, 2.260310173034668)","(0.022358838468790054, 50.85285568237305, 359.74432373046875)",0.047157,-0.579834,"(1.551450, 0.000092, 1.838302)",LeftTrue_RightFalse,False,"(-1.4195404052734375, -0.0039216578006744385, 7.0595903396606445)","(0.0006891298107802868, 181.92660522460938, -1.6922209624681273e-06)",-0.140407,0.042163,"(0.000000, 0.000000, 0.000000)",LeftFalse_RightFalse
18.664429,0.067749,"(-0.06366133689880371, 1.1879446506500244, 2.81524920463562)","(344.3539733886719, 11.46793270111084, 2.7894694805145264)","(-1.2186765670776367, 1.2681761980056763, 4.076241493225098)","(0.09187371283769608, 64.47327423095703, 359.75152587890625)","(0.16482394933700562, -0.003980947658419609, 2.3835835456848145)","(0.024226928129792213, 49.42911148071289, 359.7361755371094)",0.059504,-0.608276,"(1.464509, 0.000089, 1.862679)",LeftTrue_RightFalse,False,"(-1.4195404052734375, -0.0039216578006744385, 7.0595903396606445)","(0.0006936842110008001, 181.92660522460938, -1.6662968960190483e-07)",-0.140407,0.042333,"(0.000000, 0.000000, 0.000000)",LeftFalse_RightFalse
18.727295,0.066781,"(0.015622198581695557, 1.1877561807632446, 2.928461790084839)","(344.5716247558594, 10.067102432250977, 2.5720298290252686)","(-1.1714544296264648, 1.2684324979782104, 4.159984111785889)","(0.09496781975030899, 63.0694465637207, 359.7455139160156)","(0.25297704339027405, -0.003975571598857641, 2.5018160343170166)","(0.02565426006913185, 48.025299072265625, 359.7295837402344)",0.075378,-0.63147,"(1.353729, 0.000072, 1.890854)",LeftTrue_RightFalse,False,"(-1.4195404052734375, -0.003921653609722853, 7.0595903396606445)","(0.0006965187494643033, 181.92660522460938, -6.660367830590985e-07)",-0.140408,0.042493,"(0.000000, 0.000001, 0.000000)",LeftFalse_RightFalse
18.794067,0.066759,"(0.09271623194217682, 1.1876821517944336, 3.0489518642425537)","(344.8206481933594, 8.550514221191406, 2.4393112659454346)","(-1.1272680759429932, 1.2685269117355347, 4.248152732849121)","(0.09612919390201569, 61.54606246948242, 359.74334716796875)","(0.34069690108299255, -0.00397126330062747, 2.6284685134887695)","(0.026219043880701065, 46.50191116333008, 359.7272033691406)",0.098791,-0.644684,"(1.272921, 0.000054, 1.910274)",LeftTrue_RightFalse,False,"(-1.4195404052734375, -0.003921627998352051, 7.0595903396606445)","(0.0006976803997531533, 181.92660522460938, -7.463272027052881e-07)",-0.140407,0.042664,"(0.000000, 0.000000, 0.000000)",LeftFalse_RightFalse
18.863892,0.067378,"(0.16835170984268188, 1.185904622077942, 3.176830530166626)","(345.2052001953125, 7.132618427276611, 2.1536076068878174)","(-1.0868772268295288, 1.2685247659683228, 4.339879035949707)","(0.09564387798309326, 59.91501998901367, 359.7433776855469)","(0.42660415172576904, -0.00396814476698637, 2.762639284133911)","(0.025756778195500374, 44.87086868286133, 359.72735595703125)",0.125417,-0.655273,"(1.199077, 0.000036, 1.928893)",LeftTrue_RightFalse,False,"(-1.4195404052734375, -0.003921627998352051, 7.0595903396606445)","(0.0006992965354584157, 181.92660522460938, -1.11444671802019e-06)",-0.140408,0.042842,"(0.000000, 0.000000, 0.000000)",LeftFalse_RightFalse
18.935913,0.06831,"(0.2390822172164917, 1.185333013534546, 3.309257745742798)","(345.2153015136719, 5.161479949951172, 2.0477333068847656)","(-1.0507383346557617, 1.2684212923049927, 4.434082984924316)","(0.09299466758966446, 58.20758819580078, 359.74554443359375)","(0.5091415643692017, -0.003967271186411381, 2.9026288986206055)","(0.023761028423905373, 43.16343688964844, 359.7301330566406)",0.152953,-0.668243,"(1.109840, -0.000003, 1.953855)",LeftTrue_RightFalse,False,"(-1.4195404052734375, -0.003921627998352051, 7.0595903396606445)","(0.0006994324503466487, 181.92660522460938, -1.210235041071428e-07)",-0.140408,0.043026,"(0.000000, 0.000000, 0.000000)",LeftFalse_RightFalse
19.009033,0.069282,"(0.3048829436302185, 1.1843998432159424, 3.44478440284729)","(345.511474609375, 2.829686164855957, 2.1541318893432617)","(-1.018913745880127, 1.2682942152023315, 4.529496192932129)","(0.08918769657611847, 56.452999114990234, 359.7480163574219)","(0.5872265696525574, -0.003968466073274612, 3.046522378921509)","(0.02072465606033802, 41.40884780883789, 359.7334899902344)",0.182099,-0.679413,"(1.023250, -0.000031, 1.980546)",LeftTrue_RightFalse,False,"(-1.4195404052734375, -0.003921627998352051, 7.059590816497803)","(0.0006999648758210242, 181.92660522460938, 2.154032188173005e-07)",-0.140408,0.043212,"(0.000000, 0.000000, 0.000000)",LeftFalse_RightFalse
19.079468,0.069493,"(0.3627628684043884, 1.1833584308624268, 3.5762557983398438)","(346.0380859375, 0.7634270787239075, 2.1120243072509766)","(-0.9928003549575806, 1.268198847770691, 4.621016025543213)","(0.08516404777765274, 54.745704650878906, 359.7495422363281)","(0.6569023132324219, -0.003971240948885679, 3.186577796936035)","(0.01723128743469715, 39.70155334472656, 359.7359924316406)",0.214278,-0.695496,"(0.959145, -0.000045, 2.002751)",LeftTrue_RightFalse,False,"(-1.4195404052734375, -0.003921627998352051, 7.0595903396606445)","(0.0006999404868111014, 181.92660522460938, 2.4395228592766216e-07)",-0.140407,0.043392,"(0.000000, 0.000000, 0.000000)",LeftFalse_RightFalse
19.14917,0.069548,"(0.41417551040649414, 1.1822479963302612, 3.706418514251709)","(346.3510437011719, 358.1618957519531, 2.3812711238861084)","(-0.9716557860374451, 1.2682526111602783, 4.711394786834717)","(0.08207479864358902, 53.01598358154297, 359.7472229003906)","(0.7206171154975891, -0.0039750561118125916, 3.3274877071380615)","(0.01364858541637659, 37.97183609008789, 359.7345886230469)",0.247536,-0.711304,"(0.871824, -0.000062, 2.036211)",LeftTrue_RightFalse,False,"(-1.4195404052734375, -0.003921627998352051, 7.0595903396606445)","(0.0006995602743700147, 181.92660522460938, -2.324750170146217e-07)",-0.140408,0.04357,"(0.000000, 0.000000, 0.000000)",LeftFalse_RightFalse
19.212646,0.068335,"(0.45661723613739014, 1.1812077760696411, 3.826107978820801)","(346.4970397949219, 355.6844787597656, 2.492849111557007)","(-0.9564225673675537, 1.2683613300323486, 4.793370723724365)","(0.0795603096485138, 51.40993881225586, 359.7435607910156)","(0.7739654779434204, -0.003978932276368141, 3.4575352668762207)","(0.010272164829075336, 36.36579513549805, 359.731689453125)",0.279812,-0.724274,"(0.804409, -0.000071, 2.064121)",LeftTrue_RightFalse,False,"(-1.4195404052734375, -0.003921627998352051, 7.0595903396606445)","(0.0006998344324529171, 181.92660522460938, 6.097113782743691e-07)",-0.140407,0.043732,"(0.000000, 0.000000, 0.000000)",LeftFalse_RightFalse
19.278931,0.067929,"(0.4965236485004425, 1.1808462142944336, 3.95363450050354)","(346.48291015625, 353.65069580078125, 2.13285231590271)","(-0.9447546005249023, 1.2685574293136597, 4.878649711608887)","(0.07739770412445068, 49.69081115722656, 359.73760986328125)","(0.8248807191848755, -0.003983505070209503, 3.595458507537842)","(0.0066411118023097515, 34.646671295166016, 359.7265319824219)",0.313158,-0.734863,"(0.737251, -0.000073, 2.094919)",LeftTrue_RightFalse,False,"(-1.4195404052734375, -0.003921627998352051, 7.0595903396606445)","(0.0006996281445026398, 181.92660522460938, 1.3079196605758625e-06)",-0.054117,0.043901,"(0.000000, 0.000000, 0.000000)",LeftFalse_RightFalse
19.348755,0.068288,"(0.5358979105949402, 1.181580901145935, 4.088944911956787)","(346.0318603515625, 352.330078125, 1.8260139226913452)","(-0.9369943141937256, 1.2687979936599731, 4.968156814575195)","(0.07497861236333847, 47.83601760864258, 359.73040771484375)","(0.873178243637085, -0.003988913260400295, 3.743069648742676)","(0.0024287926498800516, 32.79187774658203, 359.7201843261719)",0.347856,-0.739624,"(0.651114, -0.000086, 2.139872)",LeftTrue_RightFalse,False,"(-1.4195404052734375, -0.003921627998352051, 7.0595903396606445)","(0.0007000944460742176, 181.92660522460938, 1.4382146673597163e-06)",-0.003852,0.044079,"(0.000000, 0.000000, 0.000000)",LeftFalse_RightFalse
19.423218,0.069531,"(0.5720981955528259, 1.1818398237228394, 4.2370381355285645)","(345.7640380859375, 351.3082275390625, 1.3604077100753784)","(-0.933032751083374, 1.2689905166625977, 5.064174175262451)","(0.07131768763065338, 45.812522888183594, 359.72412109375)","(0.9192287921905518, -0.003995731472969055, 3.9039230346679688)","(-0.0027363579720258713, 30.768400192260742, 359.7150573730469)",0.382991,-0.739685,"(0.589260, -0.000098, 2.177118)",LeftTrue_RightFalse,False,"(-1.4195404052734375, -0.003921627998352051, 7.0595903396606445)","(0.0007005254155956209, 181.92660522460938, -1.3689920308479486e-07)",0.049274,0.044269,"(0.000000, 0.000000, 0.000000)",LeftFalse_RightFalse
19.49585,0.070144,"(0.6022136211395264, 1.1819288730621338, 4.38634729385376)","(345.5177307128906, 350.5848388671875, 0.8378369808197021)","(-0.9330856800079346, 1.2691513299942017, 5.158644676208496)","(0.06674329191446304, 43.801795959472656, 359.71844482421875)","(0.9587240219116211, -0.004003639332950115, 4.064258098602295)","(359.9913635253906, 28.75768280029297, 359.7107849121094)",0.416565,-0.739624,"(0.510607, -0.000123, 2.232478)",LeftTrue_RightFalse,False,"(-1.4195598363876343, -0.0039222887717187405, 7.059237957000732)","(-0.000216794665902853, 181.9265899658203, 5.8378824178362265e-05)",0.08387,0.04444,"(-0.000552, -0.000016, -0.010126)",LeftFalse_RightFalse
19.563843,0.069712,"(0.6263369917869568, 1.1819698810577393, 4.527528762817383)","(345.6626892089844, 349.74566650390625, 0.5308274626731873)","(-0.936250627040863, 1.2693116664886475, 5.248183727264404)","(0.06223183497786522, 41.88627243041992, 359.7127685546875)","(0.9910559058189392, -0.004012329038232565, 4.217803001403809)","(359.98553466796875, 26.8421630859375, 359.70648193359375)",0.448345,-0.731293,"(0.450660, -0.000136, 2.277867)",LeftTrue_RightFalse,False,"(-1.41962730884552, -0.003924044314771891, 7.058018684387207)","(-0.002658732235431671, 181.92672729492188, 0.00022878494928590953)",0.104972,0.044584,"(-0.001206, -0.000035, -0.022295)",LeftFalse_RightFalse
19.632813,0.069574,"(0.6462844014167786, 1.1819970607757568, 4.674583435058594)","(345.7560119628906, 348.77947998046875, 0.29517021775245667)","(-0.9422672986984253, 1.2694417238235474, 5.340882301330566)","(0.05676602944731712, 39.91473388671875, 359.7076721191406)","(1.0193370580673218, -0.0040224166586995125, 4.37758207321167)","(359.97894287109375, 24.870635986328125, 359.70294189453125)",0.477727,-0.715668,"(0.375239, -0.000156, 2.344604)",LeftTrue_RightFalse,False,"(-1.4197466373443604, -0.003927517216652632, 7.055765151977539)","(-0.005363134667277336, 181.92787170410156, 0.00033871547202579677)",0.125113,0.044729,"(-0.002006, -0.000058, -0.039028)",LeftFalse_RightFalse
19.702637,0.069618,"(0.6616295576095581, 1.1820107698440552, 4.826509475708008)","(345.5484924316406, 347.79681396484375, 0.34309059381484985)","(-0.9505747556686401, 1.2695138454437256, 5.437055587768555)","(0.05035623908042908, 37.90443420410156, 359.7038269042969)","(1.0436346530914307, -0.00403380673378706, 4.5433244705200195)","(359.9717712402344, 22.860334396362305, 359.700927734375)",0.505734,-0.693665,"(0.323994, -0.000172, 2.399699)",LeftTrue_RightFalse,False,"(-1.419928789138794, -0.003931627608835697, 7.052258014678955)","(359.99163818359375, 181.93118286132812, 0.00045956327812746167)",0.157491,0.04694,"(-0.003057, -0.000062, -0.058791)",LeftFalse_RightFalse
19.767822,0.068746,"(0.6745635271072388, 1.1828128099441528, 4.973333358764648)","(345.4170837402344, 346.8687744140625, 0.3199387192726135)","(-0.9596188068389893, 1.2694669961929321, 5.530430316925049)","(0.04266759380698204, 36.02852249145508, 359.702880859375)","(1.062861442565918, -0.0040459707379341125, 4.702609062194824)","(359.9640808105469, 20.984426498413086, 359.7019958496094)",0.532113,-0.663117,"(0.258943, -0.000196, 2.479744)",LeftTrue_RightFalse,False,"(-1.4201850891113281, -0.003936275839805603, 7.047421455383301)","(359.9881286621094, 181.93438720703125, 0.0006756266811862588)",0.145386,0.047003,"(-0.004755, -0.000075, -0.089611)",LeftFalse_RightFalse
19.83313,0.068058,"(0.6832885146141052, 1.183075189590454, 5.123996734619141)","(345.334716796875, 345.60443115234375, 0.07963743805885315)","(-0.9697526693344116, 1.2693780660629272, 5.6277055740356445)","(0.03445189446210861, 34.15900802612305, 359.7029113769531)","(1.0787602663040161, -0.00405930308625102, 4.866456031799316)","(359.9561462402344, 19.11490821838379, 359.70416259765625)",0.557415,-0.63031,"(0.218007, -0.000215, 2.545679)",LeftTrue_RightFalse,False,"(-1.420520305633545, -0.0039411489851772785, 7.041073799133301)","(359.9850769042969, 181.93954467773438, 0.0008101576240733266)",0.188025,0.047103,"(-0.005553, -0.000072, -0.106314)",LeftFalse_RightFalse
19.898926,0.067601,"(0.6904932856559753, 1.1837871074676514, 5.281496047973633)","(345.1872253417969, 344.5521545410156, 0.12491718679666519)","(-0.9801286458969116, 1.2691560983657837, 5.730950832366943)","(0.02451823465526104, 32.309627532958984, 359.7060546875)","(1.0920618772506714, -0.004074294585734606, 5.0363569259643555)","(359.9473876953125, 17.265522003173828, 359.70977783203125)",0.582532,-0.591278,"(0.181777, -0.000237, 2.616968)",LeftTrue_RightFalse,False,"(-1.4209436178207397, -0.0039456868544220924, 7.033051013946533)","(359.9820251464844, 181.94496154785156, 0.0009736645733937621)",0.186378,0.047168,"(-0.007149, -0.000071, -0.135133)",LeftFalse_RightFalse
19.965698,0.06744,"(0.6956831216812134, 1.1839772462844849, 5.446982383728027)","(345.2100830078125, 343.6001892089844, 0.1613721400499344)","(-0.9903048276901245, 1.2688111066818237, 5.842455863952637)","(0.01299729011952877, 30.484376907348633, 359.71209716796875)","(1.1032031774520874, -0.004091161768883467, 5.21436882019043)","(359.9378356933594, 15.440260887145996, 359.7185974121094)",0.607871,-0.542481,"(0.133561, -0.000256, 2.717765)",LeftTrue_RightFalse,False,"(-1.4214768409729004, -0.003950223792344332, 7.022977352142334)","(359.97900390625, 181.95237731933594, 0.0011365028331056237)",0.183303,0.047212,"(-0.008941, -0.000065, -0.169102)",LeftFalse_RightFalse
20.033691,0.067534,"(0.6986830234527588, 1.1839932203292847, 5.621436595916748)","(344.96160888671875, 342.99267578125, 0.2175365835428238)","(-1.000632643699646, 1.2684712409973145, 5.96312141418457)","(0.0016789925284683704, 28.682132720947266, 359.718017578125)","(1.1118289232254028, -0.004109055735170841, 5.40134334564209)","(359.9284362792969, 13.638009071350098, 359.72723388671875)",0.631457,-0.493256,"(0.108472, -0.000266, 2.799557)",LeftTrue_RightFalse,False,"(-1.422123670578003, -0.003954389598220587, 7.010760307312012)","(359.9764709472656, 181.96206665039062, 0.0012659701751545072)",0.209608,0.047247,"(-0.010251, -0.000056, -0.193748)",LeftFalse_RightFalse
20.105225,0.068341,"(0.7021825313568115, 1.1846685409545898, 5.8133864402771)","(344.7046813964844, 342.7208557128906, 0.3660379946231842)","(-1.0102092027664185, 1.2678954601287842, 6.100417137145996)","(359.9878234863281, 26.886423110961914, 359.7296142578125)","(1.1191877126693726, -0.004128844011574984, 5.605268955230713)","(359.9180603027344, 11.842278480529785, 359.7420349121094)",0.652685,-0.433746,"(0.074345, -0.000279, 2.913038)",LeftTrue_RightFalse,False,"(-1.4229151010513306, -0.003958013840019703, 6.995804786682129)","(359.97454833984375, 181.9740447998047, 0.0013461351627483964)",0.205829,0.047257,"(-0.012200, -0.000044, -0.230378)",LeftFalse_RightFalse
20.171265,0.067885,"(0.7036635279655457, 1.1847625970840454, 5.998024940490723)","(344.7366027832031, 342.3083190917969, 0.1994410902261734)","(-1.0183162689208984, 1.2673527002334595, 6.2368550300598145)","(359.9755859375, 25.32253646850586, 359.7407531738281)","(1.1241405010223389, -0.004147712606936693, 5.800145626068115)","(359.90911865234375, 10.278377532958984, 359.7559509277344)",0.67179,-0.370544,"(0.062596, -0.000282, 3.002950)",LeftTrue_RightFalse,False,"(-1.4237627983093262, -0.00396070908755064, 6.979826927185059)","(359.97271728515625, 181.98695373535156, 0.0014500763500109315)",0.221046,0.047242,"(-0.013690, -0.000038, -0.257907)",LeftFalse_RightFalse
20.236938,0.067434,"(0.7072040438652039, 1.1854710578918457, 6.189163684844971)","(344.614990234375, 342.7068176269531, 359.87579345703125)","(-1.0243483781814575, 1.2664915323257446, 6.384007930755615)","(359.96112060546875, 23.912126541137695, 359.7599182128906)","(1.1287270784378052, -0.004166843369603157, 6.0002851486206055)","(359.900146484375, 8.867938041687012, 359.7782287597656)",0.690156,-0.300324,"(0.063879, -0.000286, 3.096119)",LeftTrue_RightFalse,False,"(-1.4247143268585205, -0.003963028080761433, 6.961944103240967)","(359.97113037109375, 182.00108337402344, 0.0015507683856412768)",0.230373,0.047196,"(-0.015301, -0.000035, -0.287222)",LeftFalse_RightFalse
20.302856,0.067142,"(0.710686206817627, 1.1855345964431763, 6.389898300170898)","(344.459228515625, 342.62762451171875, 0.07612794637680054)","(-1.0274598598480225, 1.265298843383789, 6.5454559326171875)","(359.9446105957031, 22.67990493774414, 359.7875061035156)","(1.1340746879577637, -0.004186452832072973, 6.208224296569824)","(359.891357421875, 7.63568115234375, 359.80914306640625)",0.708248,-0.216888,"(0.079745, -0.000288, 3.191234)",LeftTrue_RightFalse,False,"(-1.4257893562316895, -0.003965289331972599, 6.941817760467529)","(359.969482421875, 182.0169677734375, 0.0016635758802294731)",0.235169,0.047124,"(-0.016986, -0.000034, -0.317696)",LeftFalse_RightFalse
20.368286,0.066801,"(0.7163220047950745, 1.1853116750717163, 6.5966949462890625)","(344.7293701171875, 343.4205322265625, 0.11026443541049957)","(-1.026283860206604, 1.2636945247650146, 6.721476078033447)","(359.9259033203125, 21.699220657348633, 359.82562255859375)","(1.1416434049606323, -0.0042059398256242275, 6.421360492706299)","(359.8831787109375, 6.6549577713012695, 359.850830078125)",0.725703,-0.142975,"(0.116680, -0.000280, 3.317777)",LeftTrue_RightFalse,False,"(-1.4269795417785645, -0.003967315889894962, 6.91963005065918)","(359.96795654296875, 182.03445434570312, 0.001775778946466744)",0.21042,0.047018,"(-0.019285, -0.000033, -0.358827)",LeftFalse_RightFalse
20.436035,0.066991,"(0.7242708206176758, 1.1834731101989746, 6.81854248046875)","(345.4100341796875, 344.2355041503906, 0.10071258246898651)","(-1.021392822265625, 1.2621722221374512, 6.918876647949219)","(359.90899658203125, 20.89899253845215, 359.86199951171875)","(1.1513988971710205, -0.004224947188049555, 6.649128437042236)","(359.87628173828125, 5.854700565338135, 359.8903503417969)",0.742194,-0.069702,"(0.156721, -0.000268, 3.412096)",LeftTrue_RightFalse,False,"(-1.4283337593078613, -0.003969347104430199, 6.894465446472168)","(359.9669189453125, 182.0541229248047, 0.001852483139373362)",0.243874,0.04688,"(-0.020791, -0.000023, -0.385676)",LeftFalse_RightFalse
20.505859,0.067549,"(0.7372158765792847, 1.1825852394104004, 7.056076526641846)","(345.9285583496094, 345.8044128417969, 0.36958396434783936)","(-1.0109084844589233, 1.2603132724761963, 7.140305995941162)","(359.8907470703125, 20.358917236328125, 359.9070739746094)","(1.1654030084609985, -0.004243246745318174, 6.891078948974609)","(359.870361328125, 5.314598083496094, 359.9386291503906)",0.728129,-0.006744,"(0.220758, -0.000246, 3.536143)",LeftTrue_RightFalse,False,"(-1.4298619031906128, -0.003970779478549957, 6.866233825683594)","(359.9660339355469, 182.07611083984375, 0.001953253522515297)",0.222448,0.0467,"(-0.023228, -0.000022, -0.427642)",LeftFalse_RightFalse
20.578003,0.068469,"(0.7565991282463074, 1.1820807456970215, 7.312710762023926)","(345.8654479980469, 347.4159240722656, 0.6214278340339661)","(-0.9946889877319336, 1.2586158514022827, 7.387007713317871)","(359.8752136230469, 20.061752319335938, 359.9485168457031)","(1.183861255645752, -0.004260505549609661, 7.149076461791992)","(359.8661193847656, 5.017414569854736, 359.982666015625)",0.706096,0.041534,"(0.279538, -0.000222, 3.622679)",LeftFalse_RightFalse,False,"(-1.4315919876098633, -0.003972223959863186, 6.834439277648926)","(359.9652404785156, 182.1007537841797, 0.002038442064076662)",0.252664,0.046476,"(-0.024844, -0.000017, -0.455614)",LeftFalse_RightFalse
20.646362,0.068452,"(0.781416654586792, 1.182472586631775, 7.56380558013916)","(345.7916259765625, 348.9392395019531, 0.589751124382019)","(-0.9734570980072021, 1.2569725513458252, 7.637049198150635)","(359.8623962402344, 20.03321075439453, 359.9892272949219)","(1.2061502933502197, -0.004274184349924326, 7.4001569747924805)","(359.86431884765625, 4.988868713378906, 0.025315141305327415)",0.683103,0.073914,"(0.354536, -0.000180, 3.729371)",LeftFalse_RightFalse,False,"(-1.4333727359771729, -0.003973456099629402, 6.801912307739258)","(359.9644470214844, 182.1258544921875, 0.002138035139068961)",0.22406,0.04619,"(-0.027399, -0.000019, -0.498456)",LeftFalse_RightFalse
20.71582,0.068644,"(0.8185084462165833, 1.1832209825515747, 7.82806921005249)","(345.5930480957031, 354.0171813964844, 359.9252014160156)","(-0.9468561410903931, 1.255723237991333, 7.90411901473999)","(359.8539733886719, 20.18718147277832, 0.020468909293413162)","(1.2328153848648071, -0.004285574425011873, 7.661304473876953)","(359.8642883300781, 5.142836570739746, 0.0576685406267643)",0.641378,0.093506,"(0.409100, -0.000146, 3.803697)",LeftFalse_RightFalse,False,"(-1.435325264930725, -0.003974647261202335, 6.766448497772217)","(359.9638366699219, 182.15298461914062, 0.0022149253636598587)",0.253239,0.045663,"(-0.029030, -0.000015, -0.525993)",LeftFalse_RightFalse
20.783447,0.068435,"(0.8607825040817261, 1.1820286512374878, 8.093954086303711)","(346.32379150390625, 0.39964792132377625, 359.6048278808594)","(-0.9162275791168213, 1.254737138748169, 8.175049781799316)","(359.8490905761719, 20.48111343383789, 0.04556814208626747)","(1.2627239227294922, -0.0042938776314258575, 7.920961856842041)","(359.8660888671875, 5.436774730682373, 0.0831771120429039)",0.578431,0.09613,"(0.460413, -0.000112, 3.869809)",LeftFalse_RightFalse,False,"(-1.4373608827590942, -0.003975559491664171, 6.7296624183654785)","(359.9632873535156, 182.18084716796875, 0.0022831407841295004)",0.255535,0.045105,"(-0.030920, -0.000015, -0.557590)",LeftFalse_RightFalse
20.848511,0.067773,"(0.9026197791099548, 1.1706576347351074, 8.355758666992188)","(351.65557861328125, 4.730565547943115, 0.2816358506679535)","(-0.8830176591873169, 1.2541754245758057, 8.443493843078613)","(359.8490295410156, 20.84395408630371, 0.06052407994866371)","(1.2945884466171265, -0.0042990525253117085, 8.175495147705078)","(359.86993408203125, 5.79962158203125, 0.09763378649950027)",0.520587,0.095917,"(0.511121, -0.000055, 3.944224)",LeftFalse_RightFalse,False,"(-1.4394594430923462, -0.003976838663220406, 6.691909313201904)","(359.9625244140625, 182.2090606689453, 0.0023492223117500544)",0.223249,0.044509,"(-0.033470, -0.000020, -0.599774)",LeftFalse_RightFalse
20.913208,0.067153,"(0.9403812289237976, 1.1604236364364624, 8.614971160888672)","(357.20361328125, 6.464364528656006, 359.978515625)","(-0.8472213745117188, 1.2539156675338745, 8.714916229248047)","(359.85247802734375, 21.2374267578125, 0.06828781962394714)","(1.3286244869232178, -0.004301403649151325, 8.43183708190918)","(359.875244140625, 6.193099021911621, 0.10424232482910156)",0.468529,0.095917,"(0.543869, -0.000012, 3.989420)",LeftFalse_RightFalse,False,"(-1.4416682720184326, -0.003977899439632893, 6.652361869812012)","(359.9621887207031, 182.23825073242188, 0.0023841627407819033)",0.252423,0.043862,"(-0.035059, -0.000015, -0.626211)",LeftFalse_RightFalse
20.980469,0.067173,"(0.9799822568893433, 1.1553820371627808, 8.886712074279785)","(0.2707553803920746, 7.403232097625732, 359.9700927734375)","(-0.8073943853378296, 1.2538046836853027, 9.000700950622559)","(359.858642578125, 21.661691665649414, 0.07281680405139923)","(1.3663378953933716, -0.004300564061850309, 8.701354026794434)","(359.88238525390625, 6.61737060546875, 0.10701096057891846)",0.421676,0.095917,"(0.575115, 0.000034, 4.024223)",LeftFalse_RightFalse,False,"(-1.4440926313400269, -0.003978697117418051, 6.609151363372803)","(359.9620361328125, 182.2696533203125, 0.002421171870082617)",0.258163,0.043134,"(-0.036943, -0.000011, -0.656728)",LeftFalse_RightFalse
21.048096,0.067268,"(1.0223593711853027, 1.1581754684448242, 9.162698745727539)","(359.84783935546875, 7.900645732879639, 359.71014404296875)","(-0.7648012638092041, 1.253757119178772, 9.290658950805664)","(359.8664855957031, 22.09563446044922, 0.07612267881631851)","(1.4066040515899658, -0.004296890925616026, 8.97467041015625)","(359.8908386230469, 7.051321029663086, 0.1081681102514267)",0.379508,0.095917,"(0.615755, 0.000080, 4.057613)",LeftFalse_RightFalse,False,"(-1.4466757774353027, -0.003979620989412069, 6.563328742980957)","(359.9615173339844, 182.30238342285156, 0.002474120119586587)",0.22994,0.042335,"(-0.039531, -0.000016, -0.698195)",LeftFalse_RightFalse
21.116211,0.067448,"(1.0635756254196167, 1.1592727899551392, 9.446182250976562)","(358.19970703125, 8.171422004699707, 359.8858642578125)","(-0.7193740606307983, 1.2537271976470947, 9.584640502929688)","(359.874755859375, 22.536701202392578, 0.07912968099117279)","(1.4495254755020142, -0.004290709737688303, 9.251752853393555)","(359.89959716796875, 7.492389678955078, 0.10892327129840851)",0.341557,0.095917,"(0.645591, 0.000102, 4.074128)",LeftFalse_RightFalse,False,"(-1.449420690536499, -0.003980746027082205, 6.514890670776367)","(359.9613037109375, 182.33641052246094, 0.0025052407290786505)",0.258784,0.042964,"(-0.041161, -0.000012, -0.724688)",LeftFalse_RightFalse
21.180542,0.066827,"(1.1097173690795898, 1.1667346954345703, 9.717903137207031)","(353.90960693359375, 9.163983345031738, 1.2924275398254395)","(-0.6742924451828003, 1.25370454788208, 9.863045692443848)","(359.88275146484375, 22.954437255859375, 0.0818876400589943)","(1.4921101331710815, -0.004283724818378687, 9.514168739318848)","(359.90802001953125, 7.910132884979248, 0.10951787233352661)",0.307402,0.095917,"(0.674630, 0.000118, 4.082911)",LeftFalse_RightFalse,False,"(-1.4521539211273193, -0.003981411457061768, 6.467161178588867)","(359.9610900878906, 182.36997985839844, 0.002676691859960556)",0.256849,0.042,"(-0.043445, -0.000012, -0.755214)",LeftFalse_RightFalse
21.246216,0.066587,"(1.156708002090454, 1.189644455909729, 9.996651649475098)","(348.4120788574219, 9.083719253540039, 2.5883729457855225)","(-0.6261603832244873, 1.2536849975585938, 10.147309303283691)","(359.89080810546875, 23.3807315826416, 0.08461283147335052)","(1.5375709533691406, -0.0042755198664963245, 9.782136917114258)","(359.91650390625, 8.336430549621582, 0.11005432158708572)",0.276662,0.095917,"(0.712306, 0.000133, 4.085155)",LeftFalse_RightFalse,False,"(-1.4550846815109253, -0.003982424270361662, 6.416330337524414)","(359.960693359375, 182.4053192138672, 0.0027761771343648434)",0.229789,0.040985,"(-0.046070, -0.000017, -0.795181)",LeftFalse_RightFalse
21.312378,0.06651,"(1.201903223991394, 1.2127727270126343, 10.26930046081543)","(343.0122985839844, 10.49650764465332, 2.2434775829315186)","(-0.5754237174987793, 1.2536683082580566, 10.433996200561523)","(359.8984069824219, 23.810531616210938, 0.08716462552547455)","(1.5854911804199219, -0.004266742151230574, 10.052427291870117)","(359.9245300292969, 8.766234397888184, 0.11054669320583344)",0.248995,0.095917,"(0.739702, 0.000133, 4.080728)",LeftFalse_RightFalse,False,"(-1.4581775665283203, -0.003983390051871538, 6.362972259521484)","(359.9605712890625, 182.4416961669922, 0.0027922119479626417)",0.258318,0.039886,"(-0.047692, -0.000010, -0.820702)",LeftFalse_RightFalse
21.375366,0.065802,"(1.2492403984069824, 1.2412478923797607, 10.52999210357666)","(336.65008544921875, 11.045670509338379, 3.310258150100708)","(-0.5252437591552734, 1.2536585330963135, 10.70613956451416)","(359.9052429199219, 24.2183780670166, 0.0893331989645958)","(1.6328823566436768, -0.004258434288203716, 10.309041976928711)","(359.9316711425781, 9.174083709716797, 0.11086490750312805)",0.224096,0.095917,"(0.766128, 0.000134, 4.070794)",LeftFalse_RightFalse,False,"(-1.4612360000610352, -0.003984073642641306, 6.310380935668945)","(359.9605712890625, 182.47659301757812, 0.0027632592245936394)",0.256114,0.0388,"(-0.049575, -0.000011, -0.850265)",LeftFalse_RightFalse
21.44165,0.065898,"(1.301498293876648, 1.268064260482788, 10.801643371582031)","(331.9252624511719, 11.926009178161621, 3.840439558029175)","(-0.4704744815826416, 1.253656268119812, 10.991626739501953)","(359.9120788574219, 24.646095275878906, 0.09130780398845673)","(1.6846039295196533, -0.004249562043696642, 10.578275680541992)","(359.93878173828125, 9.601806640625, 0.11100098490715027)",0.201686,0.095917,"(0.791564, 0.000132, 4.055967)",LeftFalse_RightFalse,False,"(-1.4645869731903076, -0.003984948620200157, 6.252943515777588)","(359.96026611328125, 182.51364135742188, 0.0027277960907667875)",0.259421,0.037884,"(-0.051409, -0.000014, -0.879278)",LeftFalse_RightFalse
21.506104,0.065604,"(1.3521026372909546, 1.2916498184204102, 11.071660041809082)","(332.3537292480469, 13.032289505004883, 5.688629627227783)","(-0.41538679599761963, 1.2536625862121582, 11.26778507232666)","(359.9183044433594, 25.059797286987305, 0.09289634972810745)","(1.7366243600845337, -0.00424116849899292, 10.8387451171875)","(359.9452209472656, 10.015508651733398, 0.11091405153274536)",0.181518,0.095917,"(0.824087, 0.000131, 4.030308)",LeftFalse_RightFalse,False,"(-1.4679771661758423, -0.003985913470387459, 6.195061683654785)","(359.9598693847656, 182.54995727539062, 0.0027204814832657576)",0.231648,0.036906,"(-0.054039, -0.000019, -0.918189)",LeftFalse_RightFalse
21.572266,0.06572,"(1.3991918563842773, 1.3161998987197876, 11.369327545166016)","(343.19317626953125, 14.092050552368164, 7.750453948974609)","(-0.3569490909576416, 1.2536771297454834, 11.54985523223877)","(359.9241027832031, 25.48248863220215, 0.09415824711322784)","(1.7918086051940918, -0.004232563078403473, 11.10482406616211)","(359.9511413574219, 10.438203811645508, 0.11062972992658615)",0.163366,0.095917,"(0.847406, 0.000127, 4.007318)",LeftFalse_RightFalse,False,"(-1.4715968370437622, -0.003987142816185951, 6.13360595703125)","(359.9598083496094, 182.5876922607422, 0.002731016371399164)",0.260361,0.035833,"(-0.055685, -0.000012, -0.942791)",LeftFalse_RightFalse
21.639893,0.066093,"(1.4479398727416992, 1.3261702060699463, 11.682534217834473)","(1.3242504596710205, 14.470331192016602, 8.519505500793457)","(-0.2954742908477783, 1.2537012100219727, 11.835906028747559)","(359.9295654296875, 25.91131019592285, 0.09507137537002563)","(1.849858283996582, -0.004224041476845741, 11.374689102172852)","(359.9566345214844, 10.867026329040527, 0.1100989580154419)",0.147029,0.095917,"(0.869654, 0.000125, 3.980961)",LeftFalse_RightFalse,False,"(-1.4754245281219482, -0.003987897653132677, 6.068875312805176)","(359.9598083496094, 182.62628173828125, 0.002726298989728093)",0.263865,0.034667,"(-0.057592, -0.000012, -0.971494)",LeftFalse_RightFalse
21.706055,0.066099,"(1.493902325630188, 1.3119332790374756, 12.012121200561523)","(27.073806762695312, 14.880026817321777, 9.248486518859863)","(-0.23364567756652832, 1.25373375415802, 12.113556861877441)","(359.9344787597656, 26.32773780822754, 0.09562472254037857)","(1.9082410335540771, -0.0042160553857684135, 11.63665771484375)","(359.9615478515625, 11.283452987670898, 0.10935136675834656)",0.132326,0.095917,"(0.897817, 0.000119, 3.941840)",LeftFalse_RightFalse,False,"(-1.4793084859848022, -0.003988936543464661, 6.003418922424316)","(359.9594421386719, 182.6640167236328, 0.002711012028157711)",0.234411,0.034049,"(-0.060208, -0.000020, -1.010160)",LeftFalse_RightFalse
21.772949,0.066272,"(1.54013991355896, 1.2843374013900757, 12.334368705749512)","(49.43387222290039, 13.012601852416992, 9.710515975952148)","(-0.16938388347625732, 1.2537740468978882, 12.39231014251709)","(359.93896484375, 26.74616050720215, 0.09585310518741608)","(1.9689232110977173, -0.004208169877529144, 11.899691581726074)","(359.9659423828125, 11.701878547668457, 0.1084069237112999)",0.119094,0.095917,"(0.917815, 0.000115, 3.910007)",LeftFalse_RightFalse,False,"(-1.483389139175415, -0.003990076947957277, 5.935085296630859)","(359.9593200683594, 182.7025604248047, 0.0027644915971904993)",0.262007,0.032663,"(-0.061985, -0.000014, -1.034288)",LeftFalse_RightFalse
21.839966,0.066408,"(1.5882766246795654, 1.241295337677002, 12.653541564941406)","(73.80838775634766, 4.81315279006958, 6.683548450469971)","(-0.1036078929901123, 1.253821849822998, 12.668416976928711)","(359.943115234375, 27.16095542907715, 0.09578582644462585)","(2.031034231185913, -0.004200510680675507, 12.160250663757324)","(359.96990966796875, 12.116671562194824, 0.10727082937955856)",0.107184,0.095917,"(0.936748, 0.000115, 3.875932)",LeftFalse_RightFalse,False,"(-1.487600326538086, -0.003990998025983572, 5.86484432220459)","(359.95928955078125, 182.74090576171875, 0.0027518735732883215)",0.264336,0.031225,"(-0.063817, -0.000014, -1.062374)",LeftFalse_RightFalse
21.904663,0.06608,"(1.6362383365631104, 1.1996012926101685, 12.958368301391602)","(87.17548370361328, 239.91871643066406, 242.3982391357422)","(-0.03860974311828613, 1.25387442111969, 12.932842254638672)","(359.9468078613281, 27.558551788330078, 0.09547310322523117)","(2.0924108028411865, -0.004193355329334736, 12.409806251525879)","(359.9734191894531, 12.51427173614502, 0.10600509494543076)",0.096466,0.095917,"(0.960491, 0.000110, 3.827924)",LeftFalse_RightFalse,False,"(-1.4917997121810913, -0.003992052748799324, 5.7949018478393555)","(359.9589538574219, 182.77740478515625, 0.0026676596608012915)",0.234261,0.029918,"(-0.066307, -0.000019, -1.099993)",LeftFalse_RightFalse
21.970459,0.066028,"(1.6919151544570923, 1.1533507108688354, 13.257784843444824)","(76.02881622314453, 187.3642578125, 188.22364807128906)","(0.02878570556640625, 1.253933310508728, 13.198740005493164)","(359.9502258300781, 27.958833694458008, 0.0949220061302185)","(2.1560544967651367, -0.004186064004898071, 12.66076946258545)","(359.9765625, 12.914551734924316, 0.10458945482969284)",0.086819,0.095917,"(0.977192, 0.000107, 3.790346)",LeftFalse_RightFalse,False,"(-1.4961990118026733, -0.003993152175098658, 5.721893310546875)","(359.9588317871094, 182.8141326904297, 0.002609023591503501)",0.261761,0.028786,"(-0.067814, -0.000015, -1.123231)",LeftFalse_RightFalse
22.035156,0.065753,"(1.7453479766845703, 1.100856065750122, 13.553317070007324)","(63.92119216918945, 176.1105499267578, 173.43280029296875)","(0.09618806838989258, 1.2539957761764526, 13.457094192504883)","(359.95330810546875, 28.34820556640625, 0.09418346732854843)","(2.219705104827881, -0.004179223440587521, 12.904626846313477)","(359.9793701171875, 13.303924560546875, 0.1030743420124054)",0.078137,0.095917,"(0.992879, 0.000106, 3.751348)",LeftFalse_RightFalse,False,"(-1.5006356239318848, -0.003993951249867678, 5.648439407348633)","(359.9588928222656, 182.8495635986328, 0.002544754184782505)",0.262389,0.027649,"(-0.069634, -0.000015, -1.150416)",LeftFalse_RightFalse
22.100342,0.065629,"(1.8041318655014038, 1.067577600479126, 13.833345413208008)","(54.01527786254883, 174.07208251953125, 167.1084747314453)","(0.165208101272583, 1.2540630102157593, 13.714388847351074)","(359.9562072753906, 28.736454010009766, 0.09327133744955063)","(2.2848849296569824, -0.004172375425696373, 13.147499084472656)","(359.98193359375, 13.692171096801758, 0.10143990814685822)",0.070324,0.095917,"(1.007580, 0.000106, 3.711146)",LeftFalse_RightFalse,False,"(-1.5052313804626465, -0.003995050210505724, 5.572542667388916)","(359.9586486816406, 182.8846893310547, 0.002497669542208314)",0.261793,0.02666,"(-0.071434, -0.000018, -1.177528)",LeftFalse_RightFalse
22.16333,0.065122,"(1.8675475120544434, 1.037459135055542, 14.103428840637207)","(44.28068542480469, 172.99221801757812, 165.10731506347656)","(0.23308014869689941, 1.254131555557251, 13.96073055267334)","(359.9588317871094, 29.1086483001709, 0.09224893152713776)","(2.3489818572998047, -0.004165776539593935, 13.380043983459473)","(359.98419189453125, 14.064363479614258, 0.09976911544799805)",0.063291,0.095917,"(1.021323, 0.000104, 3.669935)",LeftFalse_RightFalse,False,"(-1.5098063945770264, -0.003996314015239477, 5.497203350067139)","(359.9583435058594, 182.91815185546875, 0.0024690995924174786)",0.261276,0.022499,"(-0.073261, -0.000021, -1.204284)",LeftFalse_RightFalse
22.225342,0.064496,"(1.932298183441162, 0.9922357797622681, 14.38082218170166)","(33.92664337158203, 172.2371826171875, 166.97337341308594)","(0.3006622791290283, 1.2542015314102173, 14.199869155883789)","(359.9612731933594, 29.470439910888672, 0.09112709015607834)","(2.4128077030181885, -0.00415960606187582, 13.605799674987793)","(359.9862365722656, 14.426156997680664, 0.09805744141340256)",0.056962,0.095917,"(1.038277, 0.000102, 3.613956)",LeftFalse_RightFalse,False,"(-1.5143587589263916, -0.003997554536908865, 5.421460151672363)","(359.9580078125, 182.94793701171875, 0.0019477471942082047)",0.235401,0.022688,"(-0.074448, -0.000022, -1.239530)",LeftFalse_RightFalse
22.293457,0.065206,"(2.0073795318603516, 0.9599623084068298, 14.662973403930664)","(26.655811309814453, 171.60647583007812, 168.4878387451172)","(0.3758125305175781, 1.2542805671691895, 14.459039688110352)","(359.96368408203125, 29.863147735595703, 0.0897732824087143)","(2.4837841987609863, -0.004152740817517042, 13.850476264953613)","(359.98822021484375, 14.818868637084961, 0.09612588584423065)",0.051266,0.095917,"(1.049997, 0.000099, 3.571406)",LeftFalse_RightFalse,False,"(-1.519474983215332, -0.003998847678303719, 5.336477279663086)","(359.95806884765625, 182.97964477539062, 0.0018325534183532)",0.266755,0.021462,"(-0.076239, -0.000015, -1.261534)",LeftFalse_RightFalse
22.362305,0.065936,"(2.0899229049682617, 0.9293634295463562, 14.94020938873291)","(20.982378005981445, 170.602294921875, 169.61715698242188)","(0.45278072357177734, 1.2543628215789795, 14.717777252197266)","(359.9659118652344, 30.255842208862305, 0.08829434961080551)","(2.556478977203369, -0.004145991522818804, 14.094754219055176)","(359.989990234375, 15.211562156677246, 0.09411653131246567)",0.046139,0.095917,"(1.060835, 0.000096, 3.528324)",LeftFalse_RightFalse,False,"(-1.5247869491577148, -0.0039997524581849575, 5.248610019683838)","(359.9581604003906, 183.01133728027344, 0.0018718729261308908)",0.269248,0.019551,"(-0.077973, -0.000015, -1.288166)",LeftFalse_RightFalse
22.429077,0.066097,"(2.1771130561828613, 0.9035488963127136, 15.199679374694824)","(18.106380462646484, 171.3648681640625, 172.16419982910156)","(0.5282113552093506, 1.254443645477295, 14.965062141418457)","(359.9679260253906, 30.631793975830078, 0.08677611500024796)","(2.62772536277771, -0.004139769356697798, 14.328227996826172)","(359.9915466308594, 15.58751106262207, 0.09212884306907654)",0.041525,0.095917,"(1.074029, 0.000096, 3.470444)",LeftFalse_RightFalse,False,"(-1.5300490856170654, -0.004000918474048376, 5.161398887634277)","(359.957763671875, 183.04034423828125, 0.0017399931093677878)",0.241138,0.017445,"(-0.080011, -0.000022, -1.323975)",LeftFalse_RightFalse
22.49292,0.06567,"(2.260603189468384, 0.8875453472137451, 15.434221267700195)","(17.131450653076172, 173.38912963867188, 173.9261474609375)","(0.6011967658996582, 1.2545223236083984, 15.198837280273438)","(359.96966552734375, 30.987823486328125, 0.08525475859642029)","(2.696664810180664, -0.004133795388042927, 14.548954010009766)","(359.9928283691406, 15.9435396194458, 0.09020474553108215)",0.037373,0.095917,"(1.083017, 0.000093, 3.426851)",LeftFalse_RightFalse,False,"(-1.535186529159546, -0.004002261906862259, 5.076082229614258)","(359.9576416015625, 183.06646728515625, 0.001540237688459456)",0.262817,0.015098,"(-0.080968, -0.000016, -1.346134)",LeftFalse_RightFalse
22.560791,0.0661,"(2.3503518104553223, 0.8741936683654785, 15.675969123840332)","(16.31641387939453, 176.32701110839844, 175.5679168701172)","(0.6792564392089844, 1.2546061277389526, 15.44328784942627)","(359.9714050292969, 31.360759735107422, 0.08358756452798843)","(2.7703990936279297, -0.0041276197880506516, 14.779766082763672)","(359.99407958984375, 16.31647300720215, 0.0881476029753685)",0.033636,0.095917,"(1.091213, 0.000090, 3.383066)",LeftFalse_RightFalse,False,"(-1.5407012701034546, -0.004003343638032675, 4.983874320983887)","(359.9576721191406, 183.0912322998047, 0.0011544767767190933)",0.268797,0.012482,"(-0.081890, -0.000017, -1.371395)",LeftFalse_RightFalse
22.630737,0.066866,"(2.442988157272339, 0.8612759709358215, 15.919217109680176)","(14.266603469848633, 179.40162658691406, 177.34115600585938)","(0.7604069709777832, 1.2546929121017456, 15.691604614257812)","(359.9730529785156, 31.740299224853516, 0.0818239152431488)","(2.8470561504364014, -0.004121499601751566, 15.01423454284668)","(-0.00479076337069273, 16.696012496948242, 0.08601556718349457)",0.030272,0.095917,"(1.101010, 0.000087, 3.324662)",LeftFalse_RightFalse,False,"(-1.5464533567428589, -0.0040046339854598045, 4.886710166931152)","(359.9573669433594, 183.11293029785156, 0.0006371436757035553)",0.246979,0.009552,"(-0.083135, -0.000022, -1.406075)",LeftFalse_RightFalse
22.699707,0.067281,"(2.5326836109161377, 0.8510447144508362, 16.15179443359375)","(11.381913185119629, 181.03897094726562, 177.7924041748047)","(0.8409833908081055, 1.2547780275344849, 15.932696342468262)","(359.97454833984375, 32.10953140258789, 0.08005274832248688)","(2.9231739044189453, -0.004115738905966282, 15.241886138916016)","(-0.0038141063414514065, 17.065248489379883, 0.08391905575990677)",0.027245,0.095917,"(1.107543, 0.000082, 3.280945)",LeftFalse_RightFalse,False,"(-1.5521838665008545, -0.0040060593746602535, 4.788991928100586)","(359.9572448730469, 183.13084411621094, 0.00013909018889535218)",0.268852,0.006707,"(-0.083455, -0.000019, -1.428386)",LeftFalse_RightFalse
22.774414,0.068778,"(2.630944013595581, 0.8454944491386414, 16.399288177490234)","(7.375030994415283, 182.68472290039062, 178.78286743164062)","(0.9289524555206299, 1.2548701763153076, 16.190021514892578)","(359.97601318359375, 32.50444793701172, 0.07810690253973007)","(3.0062785148620605, -0.004109603818506002, 15.484872817993164)","(-0.002879062434658408, 17.46015739440918, 0.08165281265974045)",0.02452,0.095917,"(1.115207, 0.000083, 3.222837)",LeftFalse_RightFalse,False,"(-1.5584301948547363, -0.004007455427199602, 4.680839538574219)","(359.9570617675781, 183.14501953125, -0.0005058946553617716)",0.254906,0.003694,"(-0.084185, -0.000021, -1.462310)",LeftFalse_RightFalse
22.849731,0.070091,"(2.7247109413146973, 0.8414022326469421, 16.644289016723633)","(2.5966620445251465, 182.86158752441406, 175.3402862548828)","(1.0181207656860352, 1.2549622058868408, 16.44499397277832)","(359.9773864746094, 32.896610260009766, 0.07613281905651093)","(3.0905187129974365, -0.004103473387658596, 15.725641250610352)","(-0.0020697866566479206, 17.852323532104492, 0.07939116656780243)",0.022068,0.095917,"(1.121759, 0.000080, 3.165138)",LeftFalse_RightFalse,False,"(-1.5647637844085693, -0.004008930176496506, 4.569584846496582)","(359.9569396972656, 183.1544647216797, -0.0010789589723572135)",0.255708,0.000138,"(-0.084556, -0.000018, -1.492933)",LeftFalse_RightFalse
22.923706,0.070847,"(2.8171656131744385, 0.8311934471130371, 16.8775577545166)","(0.274636447429657, 183.6424560546875, 177.67041015625)","(1.1059913635253906, 1.2550511360168457, 16.690814971923828)","(359.9786071777344, 33.275550842285156, 0.07419141381978989)","(3.1735363006591797, -0.004097774159163237, 15.957771301269531)","(-0.0013921071076765656, 18.231266021728516, 0.07719871401786804)",0.019862,0.095917,"(1.125956, 0.000076, 3.122134)",LeftFalse_RightFalse,False,"(-1.570981502532959, -0.004010187927633524, 4.458406448364258)","(359.9570007324219, 183.15834045410156, -0.0017221749294549227)",0.27502,-0.003249,"(-0.084205, -0.000015, -1.515754)",LeftFalse_RightFalse
22.996582,0.071271,"(2.9075965881347656, 0.8362337350845337, 17.10603904724121)","(359.03363037109375, 186.0086669921875, 179.07908630371094)","(1.1931467056274414, 1.2551381587982178, 16.929515838623047)","(359.979736328125, 33.644351959228516, 0.07227982580661774)","(3.2558815479278564, -0.0040922267362475395, 16.183181762695312)","(-0.0008001293172128499, 18.60006332397461, 0.0750601589679718)",0.017875,0.095917,"(1.130635, 0.000072, 3.065200)",LeftFalse_RightFalse,False,"(-1.57708740234375, -0.004011530429124832, 4.346365451812744)","(359.9566345214844, 183.155029296875, -0.0025633377954363823)",0.253471,-0.006763,"(-0.083961, -0.000022, -1.549958)",LeftFalse_RightFalse
23.068481,0.071398,"(2.9907665252685547, 0.8335156440734863, 17.324607849121094)","(358.4010925292969, 186.09130859375, 176.89959716796875)","(1.279317855834961, 1.2552223205566406, 17.1608829498291)","(359.98077392578125, 34.002620697021484, 0.0704074501991272)","(3.33729887008667, -0.004087113309651613, 16.401670455932617)","(-0.0002918371756095439, 18.95832633972168, 0.0729847177863121)",0.016088,0.095917,"(1.134342, 0.000070, 3.008868)",LeftFalse_RightFalse,False,"(-1.5830740928649902, -0.004013078287243843, 4.233912467956543)","(359.9564514160156, 183.14584350585938, -0.003316587768495083)",0.254085,-0.011588,"(-0.083249, -0.000020, -1.579213)",LeftFalse_RightFalse
23.140015,0.071407,"(3.076425790786743, 0.8327725529670715, 17.53961944580078)","(358.2859191894531, 186.2290802001953, 176.71823120117188)","(1.3651576042175293, 1.2553044557571411, 17.386945724487305)","(359.9817199707031, 34.35346221923828, 0.06856457144021988)","(3.4184060096740723, -0.004082024563103914, 16.61515235900879)","(0.0001453107688575983, 19.309167861938477, 0.0709589421749115)",0.014479,0.095917,"(1.136498, 0.000070, 2.967012)",LeftFalse_RightFalse,False,"(-1.5889431238174438, -0.0040143933147192, 4.120315074920654)","(359.95660400390625, 183.12965393066406, -0.004260363057255745)",0.273964,-0.016495,"(-0.081611, -0.000015, -1.600975)",LeftFalse_RightFalse
23.206299,0.070391,"(3.1568570137023926, 0.8325904011726379, 17.735000610351562)","(358.3187255859375, 186.8084716796875, 176.26385498046875)","(1.4449944496154785, 1.2553794384002686, 17.593467712402344)","(359.9825439453125, 34.674659729003906, 0.06687307357788086)","(3.4938430786132812, -0.004077585879713297, 16.8101806640625)","(0.0005119973793625832, 19.630367279052734, 0.06910885125398636)",0.013031,0.095917,"(1.138578, 0.000066, 2.911754)",LeftFalse_RightFalse,False,"(-1.5942432880401611, -0.0040154834277927876, 4.013082027435303)","(359.9564208984375, 183.10523986816406, -0.005599863827228546)",0.246937,-0.022042,"(-0.079374, -0.000021, -1.633932)",LeftFalse_RightFalse
23.271729,0.069407,"(3.236420154571533, 0.832543134689331, 17.925825119018555)","(358.37396240234375, 187.12525939941406, 176.46083068847656)","(1.523899793624878, 1.2554521560668945, 17.79414939880371)","(359.98333740234375, 34.98744201660156, 0.06522637605667114)","(3.5684025287628174, -0.0040731728076934814, 16.999696731567383)","(0.0008312987047247589, 19.943147659301758, 0.067317895591259)",0.011728,0.095917,"(1.139572, 0.000065, 2.870760)",LeftFalse_RightFalse,False,"(-1.5993387699127197, -0.004016885533928871, 3.9055545330047607)","(359.956298828125, 183.0731658935547, 359.9931335449219)",0.26713,-0.026516,"(-0.076582, -0.000017, -1.654144)",LeftFalse_RightFalse
23.349731,0.071108,"(3.3311541080474854, 0.8325391411781311, 18.149484634399414)","(358.29656982421875, 187.37921142578125, 176.5339813232422)","(1.6178739070892334, 1.2555369138717651, 18.028982162475586)","(359.98419189453125, 35.354278564453125, 0.06329653412103653)","(3.6572024822235107, -0.0040680039674043655, 17.221466064453125)","(0.0011736344313248992, 20.30998420715332, 0.06522754579782486)",0.010555,0.095917,"(1.140176, 0.000066, 2.816721)",LeftFalse_RightFalse,False,"(-1.6051512956619263, -0.004018152132630348, 3.7755935192108154)","(359.956298828125, 183.0228271484375, 359.99151611328125)",0.261166,-0.031835,"(-0.073401, -0.000020, -1.684943)",LeftFalse_RightFalse
23.412109,0.069382,"(3.4070940017700195, 0.8325530290603638, 18.32594871520996)","(358.3409118652344, 187.68466186523438, 176.48928833007812)","(1.693244218826294, 1.2556034326553345, 18.214153289794922)","(359.98486328125, 35.64419174194336, 0.06177588179707527)","(3.7284250259399414, -0.004063993692398071, 17.39633560180664)","(0.001414156868122518, 20.59990119934082, 0.06358827650547028)",0.0095,0.095917,"(1.140116, 0.000062, 2.776683)",LeftFalse_RightFalse,False,"(-1.6096205711364746, -0.004019500222057104, 3.6697165966033936)","(359.9561767578125, 182.97389221191406, 359.99029541015625)",0.264931,-0.035991,"(-0.070066, -0.000020, -1.706919)",LeftFalse_RightFalse
23.478638,0.068812,"(3.48789644241333, 0.8325707912445068, 18.511018753051758)","(358.3644104003906, 188.02911376953125, 176.50515747070312)","(1.7734911441802979, 1.255672812461853, 18.408348083496094)","(359.98553466796875, 35.94887161254883, 0.06018408015370369)","(3.804257392883301, -0.004059895873069763, 17.579729080200195)","(0.0016470602713525295, 20.90457534790039, 0.06187737360596657)",0.00855,0.095917,"(1.139624, 0.000062, 2.737050)",LeftFalse_RightFalse,False,"(-1.6141433715820312, -0.004020635969936848, 3.555382251739502)","(359.9560546875, 182.9121551513672, 359.98895263671875)",0.270429,-0.040642,"(-0.066680, -0.000019, -1.729256)",LeftFalse_RightFalse
23.546265,0.068562,"(3.569828987121582, 0.8325901031494141, 18.695938110351562)","(358.3099365234375, 188.31631469726562, 176.4322052001953)","(1.8549144268035889, 1.2557419538497925, 18.602401733398438)","(359.9861755371094, 36.25397491455078, 0.05859756842255592)","(3.8812026977539062, -0.004055766388773918, 17.762989044189453)","(0.0018622062634676695, 21.209680557250977, 0.06017673388123512)",0.007695,0.095917,"(1.138346, 0.000058, 2.684893)",LeftFalse_RightFalse,False,"(-1.6184589862823486, -0.004022044129669666, 3.4375786781311035)","(359.9557800292969, 182.83908081054688, 359.987548828125)",0.251173,-0.044667,"(-0.062029, -0.000023, -1.759919)",LeftFalse_RightFalse
23.611572,0.067907,"(3.64846134185791, 0.8326086401939392, 18.871204376220703)","(358.30621337890625, 188.5729522705078, 176.49771118164062)","(1.9335074424743652, 1.2558069229125977, 18.78691291809082)","(359.98675537109375, 36.54472351074219, 0.05709423869848251)","(3.9554760456085205, -0.004052066709846258, 17.937236785888672)","(0.002042918698862195, 21.500429153442383, 0.058571480214595795)",0.006925,0.095917,"(1.136944, 0.000057, 2.646307)",LeftFalse_RightFalse,False,"(-1.6223841905593872, -0.004023566842079163, 3.322144031524658)","(359.9556884765625, 182.76051330566406, 359.98651123046875)",0.269254,-0.047866,"(-0.058141, -0.000021, -1.779571)",LeftFalse_RightFalse
23.678711,0.067766,"(3.7294909954071045, 0.8326277136802673, 19.049110412597656)","(358.3188171386719, 188.86231994628906, 176.45697021484375)","(2.014281749725342, 1.255872368812561, 18.973844528198242)","(359.9873352050781, 36.83990478515625, 0.05557608604431152)","(4.031811714172363, -0.0040483372285962105, 18.113773345947266)","(0.0022085856180638075, 21.795616149902344, 0.056954920291900635)",0.006233,0.095917,"(1.135172, 0.000057, 2.608165)",LeftFalse_RightFalse,False,"(-1.6261394023895264, -0.004024844150990248, 3.2017924785614014)","(359.9556884765625, 182.67108154296875, 359.9855041503906)",0.272664,-0.049485,"(-0.054236, -0.000018, -1.801852)",LeftFalse_RightFalse
23.745728,0.067614,"(3.8101754188537598, 0.8318033218383789, 19.2237548828125)","(358.3057556152344, 189.15280151367188, 176.49679565429688)","(2.094665288925171, 1.2559361457824707, 19.157238006591797)","(359.9879150390625, 37.130149841308594, 0.054093848913908005)","(4.107779026031494, -0.004044676199555397, 18.286968231201172)","(0.002356091048568487, 22.08585548400879, 0.055380430072546005)",0.00561,0.095917,"(1.132274, 0.000054, 2.558033)",LeftFalse_RightFalse,False,"(-1.6296241283416748, -0.004026319831609726, 3.080111026763916)","(359.9554138183594, 182.5751953125, 359.9848327636719)",0.251048,-0.050768,"(-0.050027, -0.000022, -1.832089)",LeftFalse_RightFalse
23.810425,0.067028,"(3.887866258621216, 0.8315528035163879, 19.38965606689453)","(358.2918701171875, 189.43856811523438, 176.48162841796875)","(2.1720805168151855, 1.2559961080551147, 19.33142852783203)","(359.9884033203125, 37.40642547607422, 0.05269359052181244)","(4.180943489074707, -0.004041222855448723, 18.45147132873535)","(0.0024774251505732536, 22.36212921142578, 0.05389786139130592)",0.005049,0.095917,"(1.129719, 0.000054, 2.520987)",LeftFalse_RightFalse,False,"(-1.6327725648880005, -0.004027858376502991, 2.961113214492798)","(359.955322265625, 182.47862243652344, 359.9846496582031)",0.269429,-0.051902,"(-0.046864, -0.000019, -1.851021)",LeftFalse_RightFalse
23.876221,0.066775,"(3.9666190147399902, 0.8314744830131531, 19.555681228637695)","(358.2873840332031, 189.7299041748047, 176.50901794433594)","(2.2505874633789062, 1.2560558319091797, 19.505756378173828)","(359.9888916015625, 37.683509826660156, 0.05129915848374367)","(4.255140781402588, -0.004037805832922459, 18.616104125976562)","(0.002584909787401557, 22.63921356201172, 0.05242504924535751)",0.004544,0.095917,"(1.126848, 0.000052, 2.484403)",LeftFalse_RightFalse,False,"(-1.6357462406158447, -0.004029004834592342, 2.8386995792388916)","(359.9553527832031, 182.376708984375, 359.9844970703125)",0.272075,-0.053138,"(-0.043606, -0.000021, -1.872635)",LeftFalse_RightFalse
23.943359,0.066853,"(4.046772003173828, 0.831459105014801, 19.722532272338867)","(358.2859191894531, 190.01145935058594, 176.50584411621094)","(2.3305296897888184, 1.256115436553955, 19.680965423583984)","(359.9893493652344, 37.96260070800781, 0.0499066524207592)","(4.330695152282715, -0.004034264944493771, 18.781570434570312)","(0.002681184560060501, 22.918304443359375, 0.050957247614860535)",0.004089,0.095917,"(1.123677, 0.000052, 2.448287)",LeftFalse_RightFalse,False,"(-1.6385352611541748, -0.004030472133308649, 2.7120699882507324)","(359.9551086425781, 182.26852416992188, 359.9842529296875)",0.272597,-0.054602,"(-0.040155, -0.000021, -1.894573)",LeftFalse_RightFalse
24.007813,0.066383,"(4.123452663421631, 0.8314656615257263, 19.880163192749023)","(358.2718811035156, 190.27651977539062, 176.50753784179688)","(2.4070472717285156, 1.2561712265014648, 19.84650993347168)","(359.98980712890625, 38.226871490478516, 0.04860132560133934)","(4.403014659881592, -0.004031084943562746, 18.937910079956055)","(0.0027620536275207996, 23.182573318481445, 0.049583859741687775)",0.00368,0.095917,"(1.119013, 0.000050, 2.400874)",LeftFalse_RightFalse,False,"(-1.6409509181976318, -0.004031915217638016, 2.5888936519622803)","(359.9548034667969, 182.16030883789062, 359.9838562011719)",0.251011,-0.055396,"(-0.035283, -0.000024, -1.923628)",LeftFalse_RightFalse
24.075317,0.066586,"(4.203244686126709, 0.8314793109893799, 20.042207717895508)","(358.2796936035156, 190.54905700683594, 176.5023193359375)","(2.4867091178894043, 1.256227731704712, 20.016708374023438)","(359.990234375, 38.499168395996094, 0.04726843908429146)","(4.478306770324707, -0.004027915187180042, 19.098644256591797)","(0.002831381978467107, 23.45486831665039, 0.04818503186106682)",0.003312,0.095917,"(1.115207, 0.000046, 2.365876)",LeftFalse_RightFalse,False,"(-1.6432125568389893, -0.004033518023788929, 2.458693027496338)","(359.95477294921875, 182.04400634765625, 359.98358154296875)",0.273706,-0.056277,"(-0.031643, -0.000021, -1.941658)",LeftFalse_RightFalse
24.140137,0.066233,"(4.27965784072876, 0.8314946889877319, 20.195568084716797)","(358.2797546386719, 190.81021118164062, 176.4974365234375)","(2.56303334236145, 1.2562810182571411, 20.177804946899414)","(359.9906311035156, 38.7574462890625, 0.046015240252017975)","(4.550445556640625, -0.004024961963295937, 19.250782012939453)","(0.0028874208219349384, 23.713151931762695, 0.04687228798866272)",0.002981,0.095917,"(1.111145, 0.000045, 2.331346)",LeftFalse_RightFalse,False,"(-1.6451208591461182, -0.004034723155200481, 2.332071542739868)","(359.95477294921875, 181.9290008544922, 359.9832458496094)",0.272984,-0.057485,"(-0.027772, -0.000018, -1.963087)",LeftFalse_RightFalse
24.207642,0.066509,"(4.358992099761963, 0.8315112590789795, 20.352935791015625)","(358.2799072265625, 191.07601928710938, 176.50656127929688)","(2.642313003540039, 1.256334900856018, 20.343128204345703)","(359.99102783203125, 39.02308654785156, 0.04474012553691864)","(4.625378608703613, -0.00402192585170269, 19.406911849975586)","(0.0029359033796936274, 23.97879409790039, 0.04553889110684395)",0.002683,0.095917,"(1.105360, 0.000044, 2.286049)",LeftFalse_RightFalse,False,"(-1.646805763244629, -0.004036252852529287, 2.1983983516693115)","(359.95452880859375, 181.80508422851562, 359.9827575683594)",0.25474,-0.059419,"(-0.022276, -0.000024, -1.991350)",LeftFalse_RightFalse
24.27478,0.066615,"(4.437253475189209, 0.8315274119377136, 20.506372451782227)","(358.2718200683594, 191.32839965820312, 176.51034545898438)","(2.7205567359924316, 1.2563867568969727, 20.50433921813965)","(359.99139404296875, 39.28269577026367, 0.04350820183753967)","(4.699333667755127, -0.004019225016236305, 19.559158325195312)","(0.0029729248490184546, 24.238399505615234, 0.04425328969955444)",0.002415,0.095917,"(1.100760, 0.000042, 2.252630)",LeftFalse_RightFalse,False,"(-1.6481435298919678, -0.0040375906974077225, 2.0643577575683594)","(359.9544982910156, 181.67803955078125, 359.98211669921875)",0.273711,-0.060858,"(-0.017454, -0.000019, -2.009306)",LeftFalse_RightFalse
24.343506,0.067046,"(4.517117500305176, 0.8315438628196716, 20.66118621826172)","(358.27667236328125, 191.58843994140625, 176.52040100097656)","(2.800438404083252, 1.2564387321472168, 20.667015075683594)","(359.99176025390625, 39.54524612426758, 0.04227590560913086)","(4.774837493896484, -0.004016347229480743, 19.712787628173828)","(0.0030030738562345505, 24.500944137573242, 0.04296915978193283)",0.002173,0.095917,"(1.095946, 0.000042, 2.219676)",LeftFalse_RightFalse,False,"(-1.6491374969482422, -0.004038875922560692, 1.9253723621368408)","(359.9544677734375, 181.5424346923828, 359.98126220703125)",0.276832,-0.062147,"(-0.012435, -0.000021, -2.030076)",LeftFalse_RightFalse
24.411499,0.067247,"(4.595698833465576, 0.831559956073761, 20.811769485473633)","(358.2783203125, 191.84364318847656, 176.52340698242188)","(2.879070997238159, 1.2564888000488281, 20.82526397705078)","(359.9920959472656, 39.80121994018555, 0.04108796641230583)","(4.849162578582764, -0.004013486206531525, 19.86223602294922)","(0.0030258013866841793, 24.756919860839844, 0.041732948273420334)",0.001956,0.095917,"(1.089215, 0.000041, 2.176466)",LeftFalse_RightFalse,False,"(-1.649720549583435, -0.004040406085550785, 1.7861793041229248)","(359.95416259765625, 181.40298461914062, 359.98040771484375)",0.256344,-0.063356,"(-0.005721, -0.000025, -2.058295)",LeftFalse_RightFalse
24.476807,0.066854,"(4.670659065246582, 0.8315750956535339, 20.953880310058594)","(358.2790222167969, 192.08547973632812, 176.5251007080078)","(2.954111337661743, 1.2565357685089111, 20.974626541137695)","(359.9924011230469, 40.043338775634766, 0.039977431297302246)","(4.920092582702637, -0.004010737407952547, 20.003292083740234)","(0.003040337935090065, 24.99904441833496, 0.04057909548282623)",0.00176,0.095917,"(1.083948, 0.000039, 2.144599)",LeftFalse_RightFalse,False,"(-1.6499173641204834, -0.004041926935315132, 1.6512401103973389)","(359.9540710449219, 181.26544189453125, 359.9797668457031)",0.273163,-0.064314,"(-0.000495, -0.000022, -2.075860)",LeftFalse_RightFalse
24.543213,0.066767,"(4.746485710144043, 0.8315900564193726, 21.09615135192871)","(358.2794189453125, 192.32830810546875, 176.5157928466797)","(3.0300490856170654, 1.2565820217132568, 21.124170303344727)","(359.9927062988281, 40.28627014160156, 0.03887724503874779)","(4.991871356964111, -0.0040081641636788845, 20.144519805908203)","(0.003049973864108324, 25.24197769165039, 0.039437271654605865)",0.001584,0.095917,"(1.078501, 0.000040, 2.113190)",LeftFalse_RightFalse,False,"(-1.6497318744659424, -0.0040434240363538265, 1.5125901699066162)","(359.9540710449219, 181.12158203125, 359.9790954589844)",0.275818,-0.064572,"(0.004940, -0.000022, -2.095880)",LeftFalse_RightFalse
24.607422,0.066246,"(4.819291114807129, 0.8316042423248291, 21.231359481811523)","(358.2713623046875, 192.55963134765625, 176.52162170410156)","(3.1029891967773438, 1.2566256523132324, 21.266305923461914)","(359.99298095703125, 40.51766586303711, 0.03784088045358658)","(5.060817718505859, -0.0040057143196463585, 20.278751373291016)","(0.003055189736187458, 25.473365783691406, 0.03836272284388542)",0.001426,0.095917,"(1.070980, 0.000037, 2.072019)",LeftFalse_RightFalse,False,"(-1.6491817235946655, -0.0040448387153446674, 1.3772227764129639)","(359.9538269042969, 180.97955322265625, 359.9786071777344)",0.253579,-0.064809,"(0.011870, -0.000025, -2.123004)",LeftFalse_RightFalse
24.67334,0.066172,"(4.893584251403809, 0.8316183090209961, 21.367963790893555)","(358.27532958984375, 192.7938995361328, 176.5350799560547)","(3.1774463653564453, 1.256669044494629, 21.40992546081543)","(359.9932861328125, 40.751956939697266, 0.03680374100804329)","(5.131198883056641, -0.004003375768661499, 20.414382934570312)","(0.0030559177976101637, 25.707658767700195, 0.03728857636451721)",0.001283,0.095917,"(1.065157, 0.000037, 2.041669)",LeftFalse_RightFalse,False,"(-1.6482479572296143, -0.0040462808683514595, 1.236886739730835)","(359.9538269042969, 180.83169555664062, 359.9783020019531)",0.274106,-0.06452,"(0.017062, -0.000021, -2.139460)",LeftFalse_RightFalse
24.741699,0.066615,"(4.970203399658203, 0.8316327333450317, 21.507450103759766)","(358.2768859863281, 193.03363037109375, 176.54052734375)","(3.254263401031494, 1.2567130327224731, 21.556591033935547)","(359.9935607910156, 40.99174118041992, 0.03575640916824341)","(5.203811168670654, -0.0040009212680161, 20.55289077758789)","(0.0030522015877068043, 25.94744110107422, 0.036205071955919266)",0.001155,0.095917,"(1.059186, 0.000037, 2.011762)",LeftFalse_RightFalse,False,"(-1.6468892097473145, -0.004047495312988758, 1.0898598432540894)","(359.9538879394531, 180.6767120361328, 359.9781188964844)",0.277731,-0.063325,"(0.022211, -0.000018, -2.158993)",LeftFalse_RightFalse
24.811646,0.067292,"(5.0480828285217285, 0.8316470384597778, 21.647783279418945)","(358.277587890625, 193.28436279296875, 176.5420379638672)","(3.3323726654052734, 1.2567566633224487, 21.704160690307617)","(359.99383544921875, 41.233543395996094, 0.034714456647634506)","(5.277646064758301, -0.003998543135821819, 20.69225311279297)","(0.003045173827558756, 26.189245223999023, 0.03512803465127945)",0.00104,0.095917,"(1.051012, 0.000034, 1.972571)",LeftFalse_RightFalse,False,"(-1.645107388496399, -0.004049080889672041, 0.9377368688583374)","(359.95361328125, 180.51809692382812, 359.97821044921875)",0.259995,-0.062374,"(0.028566, -0.000022, -2.185736)",LeftFalse_RightFalse
24.880005,0.067504,"(5.123588562011719, 0.8316607475280762, 21.78250503540039)","(358.26904296875, 193.51797485351562, 176.5431671142578)","(3.408128261566162, 1.2567980289459229, 21.84584617614746)","(359.99407958984375, 41.46621322631836, 0.03372572734951973)","(5.34925651550293, -0.0039961617439985275, 20.82605743408203)","(0.0030348259024322033, 26.421913146972656, 0.034106992185115814)",0.000936,0.095917,"(1.044732, 0.000033, 1.943687)",LeftFalse_RightFalse,False,"(-1.642993688583374, -0.004050577059388161, 0.7877346277236938)","(359.9535217285156, 180.36376953125, 359.9783935546875)",0.276702,-0.060997,"(0.033237, -0.000022, -2.202647)",LeftFalse_RightFalse
24.950317,0.068067,"(5.200695991516113, 0.8316743969917297, 21.918745040893555)","(358.27581787109375, 193.74624633789062, 176.5449981689453)","(3.4855175018310547, 1.256839394569397, 21.98914337158203)","(-0.005670278798788786, 41.70204162597656, 0.032735805958509445)","(5.422411918640137, -0.003993850201368332, 20.961383819580078)","(0.003021164797246456, 26.657739639282227, 0.03308561071753502)",0.000842,0.095917,"(1.036173, 0.000033, 1.905842)",LeftFalse_RightFalse,False,"(-1.6404459476470947, -0.004052060656249523, 0.6319186091423035)","(359.953369140625, 180.2066192626953, 359.9787292480469)",0.262632,-0.058283,"(0.039458, -0.000022, -2.228492)",LeftFalse_RightFalse
25.013428,0.067079,"(5.269861221313477, 0.831054151058197, 22.03954315185547)","(358.27777099609375, 193.9584197998047, 176.54608154296875)","(3.5545053482055664, 1.2568753957748413, 22.11568260192871)","(-0.005453011486679316, 41.91073226928711, 0.03187309950590134)","(5.487626075744629, -0.003991974983364344, 21.08088493347168)","(0.003007055027410388, 26.86643409729004, 0.03219607099890709)",0.000758,0.095917,"(1.029625, 0.000031, 1.877952)",LeftFalse_RightFalse,False,"(-1.6378607749938965, -0.0040535228326916695, 0.49075376987457275)","(359.95330810546875, 180.0680694580078, 359.979248046875)",0.272411,-0.056483,"(0.043138, -0.000019, -2.245444)",LeftFalse_RightFalse
25.074829,0.065922,"(5.336288928985596, 0.8308391571044922, 22.154754638671875)","(358.278564453125, 194.1527862548828, 176.54698181152344)","(3.6210522651672363, 1.2569096088409424, 22.236698150634766)","(-0.005249158013612032, 42.11070251464844, 0.031055370345711708)","(5.550533294677734, -0.003990108147263527, 21.195167541503906)","(0.002991666318848729, 27.06640625, 0.031353458762168884)",0.000682,0.095917,"(1.022974, 0.000030, 1.850479)",LeftFalse_RightFalse,False,"(-1.6351103782653809, -0.004054849036037922, 0.35256415605545044)","(359.9532775878906, 179.93714904785156, 359.97991943359375)",0.272342,-0.054717,"(0.047029, -0.000021, -2.263739)",LeftFalse_RightFalse
25.138428,0.065476,"(5.404723167419434, 0.8307596445083618, 22.272525787353516)","(358.2790222167969, 194.3555450439453, 176.54783630371094)","(3.6897311210632324, 1.2569440603256226, 22.360530853271484)","(-0.005044081714004278, 42.31573486328125, 0.030227448791265488)","(5.6154561042785645, -0.003988145850598812, 21.31211280822754)","(0.0029748138040304184, 27.27143669128418, 0.030500683933496475)",0.000614,0.095917,"(1.016225, 0.000031, 1.823417)",LeftFalse_RightFalse,False,"(-1.6319941282272339, -0.004056066740304232, 0.20776456594467163)","(359.95318603515625, 179.80441284179688, 359.9805603027344)",0.273802,-0.052824,"(0.050913, -0.000020, -2.281904)",LeftFalse_RightFalse
25.204956,0.06567,"(5.475536823272705, 0.8307368755340576, 22.39339256286621)","(358.27935791015625, 194.56561279296875, 176.55819702148438)","(3.7608609199523926, 1.25697922706604, 22.487682342529297)","(-0.004838510882109404, 42.52668380737305, 0.029387518763542175)","(5.682696342468262, -0.003986172378063202, 21.43218994140625)","(0.0029553237836807966, 27.482383728027344, 0.029636187478899956)",0.000553,0.095917,"(1.007088, 0.000027, 1.787968)",LeftFalse_RightFalse,False,"(-1.628469705581665, -0.004057473037391901, 0.055407751351594925)","(359.9530029296875, 179.66966247558594, 359.9811706542969)",0.259922,-0.049112,"(0.056219, -0.000023, -2.306160)",LeftFalse_RightFalse
25.270264,0.065615,"(5.544667720794678, 0.830736517906189, 22.5103816986084)","(358.2795715332031, 194.76995849609375, 176.55470275878906)","(3.830336570739746, 1.2570124864578247, 22.610782623291016)","(-0.004643482156097889, 42.7313346862793, 0.028583571314811707)","(5.748373508453369, -0.003984455484896898, 21.54844093322754)","(0.0029349878896027803, 27.687040328979492, 0.02880917116999626)",0.000497,0.095917,"(1.000142, 0.000027, 1.761848)",LeftFalse_RightFalse,False,"(-1.6247413158416748, -0.0040589189156889915, -0.09581388533115387)","(359.9529724121094, 179.54147338867188, 359.9819641113281)",0.275568,-0.046854,"(0.058874, -0.000019, -2.321895)",LeftFalse_RightFalse
25.336792,0.06578,"(5.614342212677002, 0.8307436108589172, 22.627328872680664)","(358.2798156738281, 194.97486877441406, 176.56134033203125)","(3.900383949279785, 1.2570457458496094, 22.733858108520508)","(-0.00445267278701067, 42.93636703491211, 0.027788596227765083)","(5.814591407775879, -0.00398259237408638, 21.664669036865234)","(0.0029129101894795895, 27.892066955566406, 0.027991916984319687)",0.000448,0.095917,"(0.993118, 0.000028, 1.736123)",LeftFalse_RightFalse,False,"(-1.6207478046417236, -0.004060146398842335, -0.2506575584411621)","(359.9530029296875, 179.41766357421875, 359.9829406738281)",0.277504,-0.044912,"(0.061899, -0.000020, -2.339960)",LeftFalse_RightFalse
25.405518,0.066368,"(5.685821056365967, 0.8307532668113708, 22.746318817138672)","(358.280029296875, 195.183837890625, 176.55572509765625)","(3.972266912460327, 1.257078766822815, 22.859098434448242)","(-0.004262309987097979, 43.14541244506836, 0.026990562677383423)","(5.882544994354248, -0.003980821929872036, 21.782939910888672)","(0.0028896057046949863, 28.101116180419922, 0.027171825990080833)",0.000403,0.095917,"(0.983647, 0.000026, 1.702427)",LeftFalse_RightFalse,False,"(-1.6163759231567383, -0.004061520099639893, -0.4122220277786255)","(359.9527587890625, 179.29498291015625, 359.9837341308594)",0.261949,-0.040932,"(0.066439, -0.000024, -2.364323)",LeftFalse_RightFalse
25.474731,0.06696,"(5.757299423217773, 0.8307636976242065, 22.86429786682129)","(358.28021240234375, 195.39157104492188, 176.55665588378906)","(4.044170379638672, 1.2571113109588623, 22.983285903930664)","(-0.004077313467860222, 43.35315704345703, 0.026207223534584045)","(5.950518608093262, -0.00397908128798008, 21.900217056274414)","(0.0028649347368627787, 28.308860778808594, 0.026367312297225)",0.000363,0.095917,"(0.976470, 0.000025, 1.677602)",LeftFalse_RightFalse,False,"(-1.6117290258407593, -0.0040632071904838085, -0.576610803604126)","(359.9526672363281, 179.1771697998047, 359.98468017578125)",0.279042,-0.038635,"(0.068399, -0.000022, -2.379858)",LeftFalse_RightFalse
25.543091,0.067221,"(5.8270769119262695, 0.8307740688323975, 22.978546142578125)","(358.2804260253906, 195.5931396484375, 176.55743408203125)","(4.114381790161133, 1.257142424583435, 23.10355567932129)","(-0.003902241587638855, 43.55476379394531, 0.025458602234721184)","(6.016892910003662, -0.003977388143539429, 22.013795852661133)","(0.0028396891430020332, 28.510461807250977, 0.025598911568522453)",0.000326,0.095917,"(0.969236, 0.000026, 1.653153)",LeftFalse_RightFalse,False,"(-1.6069834232330322, -0.0040647597052156925, -0.7397621273994446)","(359.9525451660156, 179.06878662109375, 359.9857482910156)",0.280196,-0.034604,"(0.070811, -0.000022, -2.397959)",LeftFalse_RightFalse
25.604858,0.066136,"(5.889715194702148, 0.8307832479476929, 23.080322265625)","(358.2806091308594, 195.77308654785156, 176.5655975341797)","(4.177425384521484, 1.2571700811386108, 23.210710525512695)","(-0.0037486942019313574, 43.73472213745117, 0.02479935809969902)","(6.076491355895996, -0.0039758021011948586, 22.114986419677734)","(0.0028168566059321165, 28.690427780151367, 0.024922404438257217)",0.000294,0.095917,"(0.959510, 0.000024, 1.621132)",LeftFalse_RightFalse,False,"(-1.602576732635498, -0.0040662940591573715, -0.8886905312538147)","(359.9522705078125, 178.97840881347656, 359.9870300292969)",0.256709,-0.03438,"(0.073075, -0.000026, -2.422277)",LeftFalse_RightFalse
25.671875,0.066309,"(5.957049369812012, 0.8307929635047913, 23.18890953063965)","(358.2807922363281, 195.96546936035156, 176.5693817138672)","(4.245211601257324, 1.2571989297866821, 23.325044631958008)","(-0.0035884410608559847, 43.9271354675293, 0.024103567004203796)","(6.140573978424072, -0.003974245395511389, 22.222957611083984)","(0.0027910128701478243, 28.882835388183594, 0.02420886419713497)",0.000264,0.095917,"(0.952162, 0.000022, 1.597543)",LeftFalse_RightFalse,False,"(-1.5976009368896484, -0.004067843314260244, -1.0513710975646973)","(359.9521789550781, 178.884765625, 359.98760986328125)",0.278722,-0.03294,"(0.076246, -0.000022, -2.436310)",LeftFalse_RightFalse
25.742676,0.06722,"(6.027629375457764, 0.8308029174804688, 23.301864624023438)","(358.2809753417969, 196.16600036621094, 176.5729217529297)","(4.316283226013184, 1.2572284936904907, 23.443986892700195)","(-0.0034245646093040705, 44.1276969909668, 0.023389387875795364)","(6.207762241363525, -0.003972621634602547, 22.335281372070312)","(0.002763897180557251, 29.083396911621094, 0.023476626724004745)",0.000238,0.095917,"(0.944773, 0.000024, 1.574313)",LeftFalse_RightFalse,False,"(-1.5920917987823486, -0.004069340415298939, -1.2246791124343872)","(359.9522399902344, 178.78854370117188, 359.9878234863281)",0.283097,-0.02932,"(0.079186, -0.000021, -2.453729)",LeftFalse_RightFalse
25.810791,0.067389,"(6.094782829284668, 0.8308122754096985, 23.40850067138672)","(358.2886657714844, 196.35574340820312, 176.5743865966797)","(4.383921146392822, 1.257256031036377, 23.55628776550293)","(-0.003272679867222905, 44.31745529174805, 0.02272302843630314)","(6.271705150604248, -0.003971181344240904, 22.44133186340332)","(0.0027376110665500164, 29.273149490356445, 0.022793680429458618)",0.000214,0.095917,"(0.934864, 0.000023, 1.543889)",LeftFalse_RightFalse,False,"(-1.5866460800170898, -0.004070775583386421, -1.392570972442627)","(359.9519348144531, 178.70263671875, 359.9886169433594)",0.263365,-0.027702,"(0.081543, -0.000023, -2.477962)",LeftFalse_RightFalse
25.879639,0.067674,"(6.162049770355225, 0.8308213949203491, 23.5145320892334)","(358.291259765625, 196.54478454589844, 176.57528686523438)","(4.451689720153809, 1.257283329963684, 23.66796112060547)","(-0.003125166753306985, 44.50651550292969, 0.02206912450492382)","(6.335771560668945, -0.003969721496105194, 22.546789169311523)","(0.0027103377506136894, 29.462215423583984, 0.022123899310827255)",0.000193,0.095917,"(0.927396, 0.000020, 1.521476)",LeftFalse_RightFalse,False,"(-1.5809721946716309, -0.00407245010137558, -1.5636065006256104)","(359.9518127441406, 178.62100219726562, 359.9892578125)",0.280556,-0.02385,"(0.083626, -0.000022, -2.492624)",LeftFalse_RightFalse
25.947021,0.067623,"(6.227341175079346, 0.8308301568031311, 23.616701126098633)","(358.29217529296875, 196.72732543945312, 176.56861877441406)","(4.517482757568359, 1.257309079170227, 23.775575637817383)","(-0.00298499152995646, 44.689083099365234, 0.02144661173224449)","(6.397970676422119, -0.003968277480453253, 22.648414611816406)","(0.0026841252110898495, 29.644779205322266, 0.02148633822798729)",0.000173,0.095917,"(0.917397, 0.000020, 1.492123)",LeftFalse_RightFalse,False,"(-1.5753213167190552, -0.004073882009834051, -1.732412338256836)","(359.95172119140625, 178.54859924316406, 359.9903869628906)",0.265556,-0.021764,"(0.085064, -0.000024, -2.515693)",LeftFalse_RightFalse
26.011841,0.067075,"(6.289588451385498, 0.8308382630348206, 23.71342658996582)","(358.2925720214844, 196.9070281982422, 176.58103942871094)","(4.580221652984619, 1.2573331594467163, 23.877466201782227)","(-0.0028549470007419586, 44.86226272583008, 0.020864177495241165)","(6.457283020019531, -0.003967021591961384, 22.744632720947266)","(0.0026585326995700598, 29.817962646484375, 0.020890112966299057)",0.000156,0.095917,"(0.909871, 0.000022, 1.470500)",LeftFalse_RightFalse,False,"(-1.56978178024292, -0.004075325094163418, -1.8960342407226562)","(359.95166015625, 178.4849395751953, 359.9913330078125)",0.277612,-0.020891,"(0.086317, -0.000021, -2.530362)",LeftFalse_RightFalse
26.078125,0.066908,"(6.35255765914917, 0.8308464884757996, 23.81061363220215)","(358.29278564453125, 197.08372497558594, 176.57749938964844)","(4.643701553344727, 1.257357120513916, 23.9798526763916)","(-0.0027269504498690367, 45.03662109375, 0.02028721198439598)","(6.517295837402344, -0.003965649753808975, 22.841320037841797)","(0.002632382558658719, 29.99231719970703, 0.020299697294831276)",0.000141,0.095917,"(0.902327, 0.000020, 1.449206)",LeftFalse_RightFalse,False,"(-1.5640087127685547, -0.004076723009347916, -2.0641937255859375)","(359.9516906738281, 178.4244384765625, 359.991943359375)",0.2802,-0.018408,"(0.088222, -0.000020, -2.546770)",LeftFalse_RightFalse
26.143433,0.06658,"(6.414029121398926, 0.8308542370796204, 23.904869079589844)","(358.29296875, 197.25390625, 176.58473205566406)","(4.705684661865234, 1.2573800086975098, 24.079158782958984)","(-0.0026046449784189463, 45.206031799316406, 0.019732415676116943)","(6.575893878936768, -0.00396442087367177, 22.935096740722656)","(0.0026064885314553976, 30.161725997924805, 0.019732169806957245)",0.000126,0.095917,"(0.894768, 0.000020, 1.428237)",LeftFalse_RightFalse,False,"(-1.5582232475280762, -0.0040780059061944485, -2.2310752868652344)","(359.9515075683594, 178.36961364746094, 359.99261474609375)",0.279028,-0.016347,"(0.089245, -0.000022, -2.563584)",LeftFalse_RightFalse
26.210205,0.066625,"(6.476340293884277, 0.8308619260787964, 23.999774932861328)","(358.29315185546875, 197.4250946044922, 176.57960510253906)","(4.768526554107666, 1.2574028968811035, 24.179157257080078)","(-0.0024837383534759283, 45.37694549560547, 0.01918220706284046)","(6.6353044509887695, -0.003963242284953594, 23.02952766418457)","(0.0025804361794143915, 30.33264923095703, 0.019169438630342484)",0.000114,0.095917,"(0.884672, 0.000019, 1.400775)",LeftFalse_RightFalse,False,"(-1.552233099937439, -0.004079676233232021, -2.403115749359131)","(359.9512634277344, 178.31948852539062, 359.99346923828125)",0.265854,-0.015151,"(0.090665, -0.000025, -2.585504)",LeftFalse_RightFalse
26.277832,0.066832,"(6.538840293884277, 0.8308696746826172, 24.094343185424805)","(358.2933044433594, 197.59580993652344, 176.58554077148438)","(4.83157205581665, 1.257425308227539, 24.27880859375)","(-0.002365571679547429, 45.547603607177734, 0.018640268594026566)","(6.694907188415527, -0.003961941692978144, 23.123632431030273)","(0.002553883707150817, 30.5033016204834, 0.018615400418639183)",0.000102,0.095917,"(0.877091, 0.000018, 1.380545)",LeftFalse_RightFalse,False,"(-1.546065092086792, -0.0040812380611896515, -2.578524589538574)","(359.95123291015625, 178.272705078125, 359.9939880371094)",0.281578,-0.013145,"(0.091911, -0.000020, -2.599517)",LeftFalse_RightFalse
26.341309,0.066142,"(6.596827983856201, 0.8308765888214111, 24.18153190612793)","(358.2934265136719, 197.75347900390625, 176.5876922607422)","(4.890076637268066, 1.2574456930160522, 24.370691299438477)","(-0.0022584188263863325, 45.705230712890625, 0.01814703829586506)","(6.750217437744141, -0.0039608776569366455, 23.210397720336914)","(0.0025293377693742514, 30.660934448242188, 0.01811126433312893)",9.2e-05,0.095917,"(0.869505, 0.000020, 1.360624)",LeftFalse_RightFalse,False,"(-1.5402233600616455, -0.004082376603037119, -2.7438855171203613)","(359.9512023925781, 178.2332000732422, -0.005400503985583782)",0.27978,-0.01307,"(0.092656, -0.000020, -2.615962)",LeftFalse_RightFalse
26.407837,0.066236,"(6.657185077667236, 0.830883800983429, 24.271726608276367)","(358.2935791015625, 197.91685485839844, 176.58880615234375)","(4.950983047485352, 1.2574666738510132, 24.465749740600586)","(-0.002149697858840227, 45.86861038208008, 0.01764197088778019)","(6.807798385620117, -0.003959611989557743, 23.30016326904297)","(0.002503235125914216, 30.82430648803711, 0.017595289275050163)",8.3e-05,0.095917,"(0.859390, 0.000017, 1.334534)",LeftFalse_RightFalse,False,"(-1.5339819192886353, -0.0040838997811079025, -2.9188575744628906)","(359.9510192871094, 178.19444274902344, -0.005121190566569567)",0.266107,-0.013037,"(0.094927, -0.000023, -2.637348)",LeftFalse_RightFalse
26.472656,0.065954,"(6.715346336364746, 0.8308905959129333, 24.35810661315918)","(358.30047607421875, 198.06704711914062, 176.5894775390625)","(5.009685039520264, 1.2574864625930786, 24.556793212890625)","(-0.002046620473265648, 46.02535629272461, 0.017164135351777077)","(6.863295555114746, -0.003958533983677626, 23.386138916015625)","(0.002478748792782426, 30.981056213378906, 0.017107075080275536)",7.5e-05,0.095917,"(0.851805, 0.000015, 1.315314)",LeftFalse_RightFalse,False,"(-1.5277745723724365, -0.004085423890501261, -3.090214729309082)","(359.9510192871094, 178.15748596191406, -0.005203128792345524)",0.280032,-0.012594,"(0.096825, -0.000021, -2.650871)",LeftFalse_RightFalse
26.539795,0.066196,"(6.775008201599121, 0.8308972716331482, 24.446184158325195)","(358.29595947265625, 198.2259063720703, 176.58314514160156)","(5.069911956787109, 1.257506251335144, 24.64963722229004)","(-0.0019442022312432528, 46.185482025146484, 0.016683196648955345)","(6.920234203338623, -0.003957596141844988, 23.473812103271484)","(0.0024528212379664183, 31.141189575195312, 0.016616035252809525)",6.7e-05,0.095917,"(0.844226, 0.000016, 1.296387)",LeftFalse_RightFalse,False,"(-1.5212081670761108, -0.004086618311703205, -3.2688043117523193)","(359.9510498046875, 178.1198272705078, -0.005346611142158508)",0.282626,-0.011936,"(0.098634, -0.000019, -2.666510)",LeftFalse_RightFalse
26.606567,0.06629,"(6.833627700805664, 0.8309038281440735, 24.532203674316406)","(358.29461669921875, 198.3821563720703, 176.5813751220703)","(5.129096984863281, 1.2575255632400513, 24.740314483642578)","(-0.001845083199441433, 46.3421630859375, 0.016218775883316994)","(6.976188659667969, -0.003956489264965057, 23.55944061279297)","(0.0024279963690787554, 31.297863006591797, 0.016141805797815323)",6.1e-05,0.095917,"(0.834132, 0.000016, 1.271599)",LeftFalse_RightFalse,False,"(-1.51456618309021, -0.004087971057742834, -3.4472482204437256)","(359.9508361816406, 178.08370971679688, -0.005355848930776119)",0.266664,-0.01125,"(0.100871, -0.000023, -2.687879)",LeftFalse_RightFalse
26.673706,0.066471,"(6.8921027183532715, 0.8309102654457092, 24.61749839782715)","(358.29425048828125, 198.53765869140625, 176.58287048339844)","(5.188146591186523, 1.2575442790985107, 24.830238342285156)","(-0.0017491449834778905, 46.49781036376953, 0.01576538197696209)","(7.032014846801758, -0.003955496475100517, 23.64435577392578)","(0.0024029614869505167, 31.453510284423828, 0.015679050236940384)",5.5e-05,0.095917,"(0.826573, 0.000015, 1.253338)",LeftFalse_RightFalse,False,"(-1.507749319076538, -0.004089559428393841, -3.6282472610473633)","(359.9507751464844, 178.0487060546875, -0.00528464512899518)",0.281872,-0.011108,"(0.102290, -0.000020, -2.701044)",LeftFalse_RightFalse
26.74231,0.066893,"(6.951168537139893, 0.830916702747345, 24.70315170288086)","(358.294189453125, 198.70130920410156, 176.58364868164062)","(5.247802734375, 1.2575629949569702, 24.920547485351562)","(-0.001654098043218255, 46.6544075012207, 0.015315166674554348)","(7.088415145874023, -0.003954342566430569, 23.72963523864746)","(0.0023778893519192934, 31.610105514526367, 0.015219590626657009)",4.9e-05,0.095917,"(0.819027, 0.000014, 1.235354)",LeftFalse_RightFalse,False,"(-1.5006691217422485, -0.004090824164450169, -3.8140714168548584)","(359.9507751464844, 178.01419067382812, -0.00523033645004034)",0.284341,-0.006994,"(0.104051, -0.000021, -2.716512)",LeftFalse_RightFalse
26.80957,0.066968,"(7.00848913192749, 0.8309228420257568, 24.785785675048828)","(358.2942810058594, 198.85484313964844, 176.58416748046875)","(5.305706024169922, 1.2575806379318237, 25.00767707824707)","(-0.0015643038786947727, 46.80576705932617, 0.01488576177507639)","(7.143157958984375, -0.003953405190259218, 23.811912536621094)","(0.002353146905079484, 31.761465072631836, 0.014781598001718521)",4.4e-05,0.095917,"(0.808990, 0.000013, 1.211801)",LeftFalse_RightFalse,False,"(-1.4937222003936768, -0.004092320334166288, -3.9975576400756836)","(359.95050048828125, 177.98672485351562, -0.00411023898050189)",0.26813,-0.006134,"(0.103462, -0.000023, -2.737757)",LeftFalse_RightFalse
26.874146,0.066485,"(7.062924385070801, 0.8309283256530762, 24.86382484436035)","(358.29437255859375, 198.99871826171875, 176.5921173095703)","(5.360703945159912, 1.2575970888137817, 25.089969635009766)","(-0.0014809950953349471, 46.9489631652832, 0.014486641623079777)","(7.195154190063477, -0.003952614031732082, 23.88962173461914)","(0.00233000167645514, 31.904661178588867, 0.014374533668160439)",4e-05,0.095856,"(0.801482, 0.000014, 1.194449)",LeftFalse_RightFalse,False,"(-1.4870433807373047, -0.004093875642865896, -4.174670219421387)","(359.9504089355469, 177.9654083251953, -0.003166438778862357)",0.281076,-0.004222,"(0.103807, -0.000021, -2.750739)",LeftFalse_RightFalse
26.944214,0.067212,"(7.121435165405273, 0.8309346437454224, 24.947250366210938)","(358.29449462890625, 199.1522674560547, 176.59542846679688)","(5.41982889175415, 1.257615089416504, 25.177947998046875)","(-0.001390953199006617, 47.102272033691406, 0.01405329443514347)","(7.2510528564453125, -0.003951497375965118, 23.972702026367188)","(0.0023044755216687918, 32.05796432495117, 0.01393266674131155)",3.6e-05,0.094513,"(0.793975, 0.000013, 1.177376)",LeftFalse_RightFalse,False,"(-1.4797861576080322, -0.0040953378193080425, -4.368139266967773)","(359.9504089355469, 177.94729614257812, -0.0021620241459459066)",0.285947,-0.001387,"(0.103595, -0.000020, -2.765677)",LeftFalse_RightFalse
27.007446,0.066404,"(7.174008369445801, 0.8309423327445984, 25.021638870239258)","(358.2946472167969, 199.28077697753906, 176.59681701660156)","(5.472488880157471, 1.2576394081115723, 25.25590705871582)","(-0.0012573738349601626, 47.23714065551758, 0.013450318947434425)","(7.300859451293945, -0.003950890619307756, 24.046361923217773)","(0.002276964718475938, 32.19284439086914, 0.013315686956048012)",3.2e-05,0.093262,"(0.783528, 0.000013, 1.155364)",LeftFalse_RightFalse,False,"(-1.4733093976974487, -0.004096664488315582, -4.543549060821533)","(359.9501953125, 177.9379119873047, -0.0008676385623402894)",0.265838,0.001168,"(0.102404, -0.000024, -2.786667)",LeftFalse_RightFalse
27.073608,0.066367,"(7.2281951904296875, 0.8309511542320251, 25.09814453125)","(358.2948303222656, 199.4163055419922, 176.59779357910156)","(5.527069568634033, 1.2576663494110107, 25.33634376525879)","(-0.0011090736370533705, 47.37517547607422, 0.012781145982444286)","(7.352508544921875, -0.003949995152652264, 24.122406005859375)","(0.0022464885842055082, 32.33087921142578, 0.012630955316126347)",2.9e-05,0.092072,"(0.775608, 0.000010, 1.139236)",LeftFalse_RightFalse,False,"(-1.4665886163711548, -0.004098203033208847, -4.728442668914795)","(359.95013427734375, 177.9344024658203, 0.0004435551236383617)",0.282738,0.005411,"(0.100908, -0.000019, -2.798854)",LeftFalse_RightFalse
27.139038,0.066188,"(7.281023025512695, 0.8309600949287415, 25.172521591186523)","(358.2950134277344, 199.54823303222656, 176.5985565185547)","(5.580398082733154, 1.2576944828033447, 25.41460418701172)","(-0.0009558433666825294, 47.5079345703125, 0.012088687159121037)","(7.403006553649902, -0.00394921749830246, 24.196449279785156)","(0.002214727457612753, 32.46363830566406, 0.011922458186745644)",2.6e-05,0.091888,"(0.767674, 0.000011, 1.123387)",LeftFalse_RightFalse,False,"(-1.4601138830184937, -0.004099408630281687, -4.912191867828369)","(359.9501953125, 177.9406280517578, 0.002343269530683756)",0.283931,0.010265,"(0.097863, -0.000019, -2.813673)",LeftFalse_RightFalse
27.202271,0.065597,"(7.331439018249512, 0.8309667110443115, 25.243242263793945)","(358.295166015625, 199.67344665527344, 176.5990753173828)","(5.631331443786621, 1.2577142715454102, 25.489028930664062)","(-0.0008515220833942294, 47.633460998535156, 0.011600255966186523)","(7.451257705688477, -0.003948473837226629, 24.266889572143555)","(0.0021886928007006645, 32.58915710449219, 0.01142368745058775)",2.4e-05,0.091888,"(0.760063, 0.000011, 1.107563)",LeftFalse_RightFalse,False,"(-1.4541248083114624, -0.0041006929241120815, -5.090679168701172)","(359.9500427246094, 177.9594268798828, 0.004896685481071472)",0.28116,0.01496,"(0.093484, -0.000020, -2.828724)",LeftFalse_RightFalse
27.269897,0.065985,"(7.384677886962891, 0.8309713006019592, 25.317583084106445)","(358.3023681640625, 199.80528259277344, 176.59942626953125)","(5.6851348876953125, 1.2577276229858398, 25.567276000976562)","(-0.0007876107702031732, 47.765403747558594, 0.011273332871496677)","(7.5022358894348145, -0.003947773948311806, 24.340953826904297)","(0.002165556186810136, 32.72110366821289, 0.011091378517448902)",2.1e-05,0.091888,"(0.750125, 0.000011, 1.086719)",LeftFalse_RightFalse,False,"(-1.4480900764465332, -0.004102073609828949, -5.282400131225586)","(359.9498596191406, 177.99493408203125, 0.007966973818838596)",0.27184,0.02103,"(0.087217, -0.000022, -2.847935)",LeftFalse_RightFalse
27.333008,0.065424,"(7.433938980102539, 0.8309748768806458, 25.386049270629883)","(358.3045959472656, 199.9269256591797, 176.59963989257812)","(5.734929084777832, 1.257737159729004, 25.63934898376465)","(-0.0007457770989276469, 47.887088775634766, 0.011046520434319973)","(7.549417495727539, -0.0039469655603170395, 24.40917205810547)","(0.0021470829378813505, 32.84279251098633, 0.01086148340255022)",1.9e-05,0.091888,"(0.742735, 0.000013, 1.071343)",LeftFalse_RightFalse,False,"(-1.4428069591522217, -0.004103568848222494, -5.4626970291137695)","(359.9498596191406, 178.0416259765625, 0.010873699560761452)",0.282386,0.02624,"(0.080608, -0.000019, -2.860587)",LeftFalse_RightFalse
27.396973,0.065114,"(7.483213424682617, 0.8309781551361084, 25.454235076904297)","(358.3055114746094, 200.0482635498047, 176.59983825683594)","(5.7847442626953125, 1.2577459812164307, 25.711130142211914)","(-0.0007083038217388093, 48.00844192504883, 0.01083736214786768)","(7.596619606018066, -0.003946254029870033, 24.477115631103516)","(0.0021289826836436987, 32.964141845703125, 0.010649767704308033)",1.7e-05,0.091888,"(0.735388, 0.000011, 1.056193)",LeftFalse_RightFalse,False,"(-1.4379392862319946, -0.00410478888079524, -5.645872116088867)","(359.94989013671875, 178.10520935058594, 0.01421296875923872)",0.283431,0.03182,"(0.073212, -0.000019, -2.874825)",LeftFalse_RightFalse
27.463623,0.065426,"(7.534093379974365, 0.830981433391571, 25.524314880371094)","(358.3058776855469, 200.1808319091797, 176.6000518798828)","(5.836189270019531, 1.2577553987503052, 25.784912109375)","(-0.0006684220279566944, 48.133365631103516, 0.010617372579872608)","(7.6453657150268555, -0.003945626318454742, 24.546953201293945)","(0.0021103958133608103, 33.08906555175781, 0.010426967404782772)",1.5e-05,0.091888,"(0.728079, 0.000010, 1.041268)",LeftFalse_RightFalse,False,"(-1.433434009552002, -0.004106052219867706, -5.8381123542785645)","(359.9497985839844, 178.18991088867188, 0.0179281085729599)",0.284556,0.037441,"(0.064735, -0.000019, -2.889180)",LeftFalse_RightFalse
27.530396,0.065704,"(7.584499835968018, 0.8309850096702576, 25.593421936035156)","(358.3060302734375, 200.29991149902344, 176.60028076171875)","(5.887162208557129, 1.2577650547027588, 25.8576717376709)","(-0.0006257291533984244, 48.25675582885742, 0.010386355221271515)","(7.69366455078125, -0.0039448849856853485, 24.61582374572754)","(0.0020916599314659834, 33.21245574951172, 0.01019278634339571)",1.4e-05,0.091888,"(0.718395, 0.000012, 1.021716)",LeftFalse_RightFalse,False,"(-1.4296026229858398, -0.004107400309294462, -6.03184700012207)","(359.9496154785156, 178.29469299316406, 0.021758530288934708)",0.272472,0.042688,"(0.052931, -0.000021, -2.908339)",LeftFalse_RightFalse
27.601074,0.0667,"(7.637211799621582, 0.830988883972168, 25.665353775024414)","(358.2987060546875, 200.42703247070312, 176.60052490234375)","(5.940473556518555, 1.2577756643295288, 25.933412551879883)","(-0.000577598693780601, 48.38539505004883, 0.010131344199180603)","(7.744178295135498, -0.0039441147819161415, 24.687515258789062)","(0.0020719491876661777, 33.341094970703125, 0.009934020228683949)",1.3e-05,0.091888,"(0.711177, 0.000010, 1.007307)",LeftFalse_RightFalse,False,"(-1.4262590408325195, -0.004108957480639219, -6.237860679626465)","(359.9496154785156, 178.42269897460938, 0.025187935680150986)",0.287587,0.047545,"(0.043166, -0.000021, -2.920454)",LeftFalse_RightFalse
27.670654,0.067263,"(7.688433647155762, 0.8309926390647888, 25.73492431640625)","(358.3051452636719, 200.55169677734375, 176.60076904296875)","(5.992283821105957, 1.2577863931655884, 26.006671905517578)","(-0.0005290880799293518, 48.510013580322266, 0.009874098934233189)","(7.793270111083984, -0.00394346984103322, 24.756858825683594)","(0.002052025170996785, 33.46570587158203, 0.009673003107309341)",1.1e-05,0.091888,"(0.701616, 0.000011, 0.988431)",LeftFalse_RightFalse,False,"(-1.4238059520721436, -0.004110193811357021, -6.441571235656738)","(359.94952392578125, 178.56781005859375, 0.028621051460504532)",0.275372,0.052013,"(0.029710, -0.000021, -2.939724)",LeftFalse_RightFalse
27.738525,0.067388,"(7.73787260055542, 0.8309964537620544, 25.80177116394043)","(358.30712890625, 200.67161560058594, 176.60101318359375)","(6.042296409606934, 1.2577968835830688, 26.077068328857422)","(-0.0004813803534489125, 48.62993621826172, 0.00962114054709673)","(7.840658187866211, -0.003942722920328379, 24.823490142822266)","(0.0020324380602687597, 33.58563995361328, 0.009416330605745316)",1e-05,0.091888,"(0.694493, 0.000009, 0.974520)",LeftFalse_RightFalse,False,"(-1.4221909046173096, -0.0041116876527667046, -6.641563415527344)","(359.9494934082031, 178.72438049316406, 0.03146246075630188)",0.285756,0.05548,"(0.018882, -0.000020, -2.951979)",LeftFalse_RightFalse
27.803711,0.06695,"(7.784815311431885, 0.8309999704360962, 25.864971160888672)","(358.30780029296875, 200.78515625, 176.60125732421875)","(6.089789390563965, 1.2578067779541016, 26.143627166748047)","(-0.0004351068928372115, 48.74349594116211, 0.009377291426062584)","(7.885659217834473, -0.003942199517041445, 24.886491775512695)","(0.002013829769566655, 33.699195861816406, 0.009168826974928379)",9e-06,0.091888,"(0.687412, 0.000009, 0.960818)",LeftFalse_RightFalse,False,"(-1.4214271306991577, -0.004112884867936373, -6.834561824798584)","(359.949462890625, 178.88882446289062, 0.03409356623888016)",0.285944,0.057518,"(0.007742, -0.000020, -2.965744)",LeftFalse_RightFalse
27.871338,0.06709,"(7.8329596519470215, 0.8310035467147827, 25.929506301879883)","(358.3009033203125, 200.9012908935547, 176.60018920898438)","(6.138503551483154, 1.2578171491622925, 26.211597442626953)","(-0.00038808409590274096, 48.85962677001953, 0.009127333760261536)","(7.931817054748535, -0.00394162442535162, 24.95082664489746)","(0.001994360936805606, 33.815330505371094, 0.008915232494473457)",8e-06,0.091888,"(0.678037, 0.000011, 0.942865)",LeftFalse_RightFalse,False,"(-1.4214472770690918, -0.0041144113056361675, -7.035869598388672)","(359.94927978515625, 179.07102966308594, 0.03620261698961258)",0.274164,0.05989,"(-0.006123, -0.000023, -2.984053)",LeftFalse_RightFalse
27.93811,0.067026,"(7.879929065704346, 0.8310072422027588, 25.992206573486328)","(358.30615234375, 201.0142822265625, 176.60845947265625)","(6.186034202575684, 1.2578275203704834, 26.277637481689453)","(-0.0003417429106775671, 48.972625732421875, 0.00888231210410595)","(7.976853370666504, -0.003940868191421032, 25.013336181640625)","(0.0019755144603550434, 33.92832565307617, 0.00866657868027687)",7e-06,0.091888,"(0.671057, 0.000009, 0.929635)",LeftFalse_RightFalse,False,"(-1.4222387075424194, -0.004115705378353596, -7.235499858856201)","(359.94927978515625, 179.259033203125, 0.03773852437734604)",0.286304,0.061735,"(-0.016975, -0.000020, -2.995561)",LeftFalse_RightFalse
28.004272,0.066841,"(7.92589807510376, 0.831010639667511, 26.05332374572754)","(358.30792236328125, 201.12457275390625, 176.61134338378906)","(6.23255729675293, 1.257837176322937, 26.342012405395508)","(-0.00029717994038946927, 49.082916259765625, 0.008646122179925442)","(8.02093505859375, -0.003940348047763109, 25.074270248413086)","(0.0019572433084249496, 34.03861618041992, 0.008426917716860771)",7e-06,0.091888,"(0.664122, 0.000009, 0.916601)",LeftFalse_RightFalse,False,"(-1.4238193035125732, -0.004117063712328672, -7.434031009674072)","(359.9492492675781, 179.45327758789062, 0.03916652873158455)",0.28708,0.063487,"(-0.028111, -0.000018, -3.008891)",LeftFalse_RightFalse
28.06958,0.066551,"(7.9708428382873535, 0.8310140371322632, 26.112838745117188)","(358.30194091796875, 201.2321319580078, 176.61245727539062)","(6.278048515319824, 1.257846713066101, 26.40470314025879)","(-0.00025475179427303374, 49.19047927856445, 0.008416797965765)","(8.06403923034668, -0.003939725458621979, 25.133609771728516)","(0.0019386927597224712, 34.14617919921875, 0.00819444004446268)",6e-06,0.091888,"(0.654945, 0.000009, 0.899524)",LeftFalse_RightFalse,False,"(-1.4262053966522217, -0.004118450451642275, -7.631413459777832)","(359.9490966796875, 179.65309143066406, 0.040509629994630814)",0.273191,0.063056,"(-0.043082, -0.000021, -3.026743)",LeftFalse_RightFalse
28.136841,0.066687,"(8.016519546508789, 0.8310173153877258, 26.173078536987305)","(358.29986572265625, 201.3411407470703, 176.60581970214844)","(6.324284553527832, 1.2578561305999756, 26.468164443969727)","(-0.00021167208615224808, 49.29951477050781, 0.008187026716768742)","(8.10784912109375, -0.003939252812415361, 25.193675994873047)","(0.001920655369758606, 34.255210876464844, 0.007961361669003963)",5e-06,0.091888,"(0.648116, 0.000008, 0.886938)",LeftFalse_RightFalse,False,"(-1.429430365562439, -0.00411972776055336, -7.835254669189453)","(359.9490966796875, 179.86215209960938, 0.041135918349027634)",0.28685,0.060488,"(-0.053125, -0.000020, -3.037616)",LeftFalse_RightFalse
28.201904,0.066363,"(8.060216903686523, 0.8310205340385437, 26.23048973083496)","(358.2992248535156, 201.44520568847656, 176.61061096191406)","(6.368522644042969, 1.257865071296692, 26.52864646911621)","(-0.00017137172108050436, 49.403568267822266, 0.007969757542014122)","(8.149765968322754, -0.003938647452741861, 25.250925064086914)","(0.0019031788688153028, 34.35927200317383, 0.007741079665720463)",5e-06,0.091888,"(0.641334, 0.000008, 0.874539)",LeftFalse_RightFalse,False,"(-1.4331910610198975, -0.004121094476431608, -8.0333890914917)","(359.9490966796875, 180.06243896484375, 0.040628835558891296)",0.286771,0.058497,"(-0.061531, -0.000021, -3.050661)",LeftFalse_RightFalse
28.267334,0.066187,"(8.10368537902832, 0.831023633480072, 26.28738021850586)","(358.2990417480469, 201.5552978515625, 176.61233520507812)","(6.412531852722168, 1.257873773574829, 26.588584899902344)","(-0.0001322536263614893, 49.50681686401367, 0.0077577391639351845)","(8.191466331481934, -0.003938164096325636, 25.307659149169922)","(0.00188592285849154, 34.462520599365234, 0.007526174653321505)",4e-06,0.091888,"(0.632365, 0.000007, 0.858291)",LeftFalse_RightFalse,False,"(-1.4375587701797485, -0.004122354555875063, -8.233725547790527)","(359.94891357421875, 180.2588653564453, 0.03946758061647415)",0.273552,0.055124,"(-0.072557, -0.000020, -3.067980)",LeftFalse_RightFalse
28.334229,0.066328,"(8.14756965637207, 0.8310266733169556, 26.34459686279297)","(358.2990417480469, 201.66168212890625, 176.61465454101562)","(6.456967353820801, 1.2578825950622559, 26.648868560791016)","(-9.30980168050155e-05, 49.61080551147461, 0.007544651161879301)","(8.233570098876953, -0.003937708679586649, 25.36471939086914)","(0.0018684258684515953, 34.566505432128906, 0.007310227025300264)",4e-06,0.091888,"(0.625693, 0.000007, 0.846316)",LeftFalse_RightFalse,False,"(-1.442596435546875, -0.004123607184737921, -8.439276695251465)","(359.9488830566406, 180.45327758789062, 0.037923455238342285)",0.286761,0.05212,"(-0.079425, -0.000019, -3.078582)",LeftFalse_RightFalse
28.400269,0.066266,"(8.190370559692383, 0.83102947473526, 26.400196075439453)","(358.2991027832031, 201.75575256347656, 176.61553955078125)","(6.500309467315674, 1.2578908205032349, 26.70745277404785)","(-5.606099512078799e-05, 49.71199035644531, 0.007342022377997637)","(8.274638175964355, -0.003937336150556803, 25.420169830322266)","(0.0018515988485887647, 34.66769027709961, 0.007104928605258465)",4e-06,0.091888,"(0.619070, 0.000006, 0.834518)",LeftFalse_RightFalse,False,"(-1.4480462074279785, -0.004124916158616543, -8.642964363098145)","(359.9488830566406, 180.63592529296875, 0.03595671430230141)",0.287433,0.048812,"(-0.085852, -0.000018, -3.091231)",LeftFalse_RightFalse
28.465698,0.066096,"(8.23228931427002, 0.831032395362854, 26.454448699951172)","(358.29913330078125, 201.85902404785156, 176.615966796875)","(6.54276180267334, 1.2578989267349243, 26.76462173461914)","(-2.071610106213484e-05, 49.81086349487305, 0.007145802956074476)","(8.314863204956055, -0.003936878405511379, 25.474281311035156)","(0.0018348000012338161, 34.76655960083008, 0.006906259339302778)",3e-06,0.091888,"(0.610314, 0.000006, 0.819058)",LeftFalse_RightFalse,False,"(-1.45387601852417, -0.00412630382925272, -8.845719337463379)","(359.9486999511719, 180.806884765625, 0.033782005310058594)",0.274014,0.044843,"(-0.094000, -0.000021, -3.108214)",LeftFalse_RightFalse
28.531616,0.066051,"(8.273994445800781, 0.8310350179672241, 26.508230209350586)","(358.2991943359375, 201.9586944580078, 176.60743713378906)","(6.585001468658447, 1.2579066753387451, 26.8212947845459)","(1.3161996321287006e-05, 49.909000396728516, 0.00695476308465004)","(8.354887008666992, -0.003936499357223511, 25.527923583984375)","(0.0018179300241172314, 34.86470031738281, 0.006712974980473518)",3e-06,0.091888,"(0.603805, 0.000006, 0.807662)",LeftFalse_RightFalse,False,"(-1.460174322128296, -0.004127687308937311, -9.050740242004395)","(359.9486389160156, 180.9695587158203, 0.03166736662387848)",0.286521,0.0412,"(-0.098905, -0.000019, -3.118528)",LeftFalse_RightFalse
28.5979,0.066106,"(8.315495491027832, 0.8310378789901733, 26.561555862426758)","(358.29925537109375, 202.04986572265625, 176.61163330078125)","(6.62703800201416, 1.2579145431518555, 26.877490997314453)","(4.6517532609868795e-05, 50.006446838378906, 0.006767083425074816)","(8.394718170166016, -0.00393599271774292, 25.58111572265625)","(0.0018014265224337578, 34.96214294433594, 0.0065230694599449635)",3e-06,0.091888,"(0.597345, 0.000006, 0.796434)",LeftFalse_RightFalse,False,"(-1.4668505191802979, -0.0041289422661066055, -9.25798225402832)","(359.9486389160156, 181.12136840820312, 0.02924305759370327)",0.287906,0.037148,"(-0.103255, -0.000019, -3.130779)",LeftFalse_RightFalse
28.664185,0.066146,"(8.35649299621582, 0.8310405611991882, 26.614059448242188)","(358.29931640625, 202.14382934570312, 176.6131591796875)","(6.6685686111450195, 1.2579219341278076, 26.932825088500977)","(7.88550460129045e-05, 50.10250473022461, 0.006584666669368744)","(8.434069633483887, -0.003935578744858503, 25.63348960876465)","(0.0017853069584816694, 35.05820083618164, 0.006338512059301138)",2e-06,0.091888,"(0.590934, 0.000006, 0.785372)",LeftFalse_RightFalse,False,"(-1.4738030433654785, -0.004130326211452484, -9.466071128845215)","(359.9484558105469, 181.2600555419922, 0.026583734899759293)",0.287035,0.033491,"(-0.106727, -0.000021, -3.143297)",LeftFalse_RightFalse
28.729492,0.065982,"(8.39639663696289, 0.8310430645942688, 26.66497802734375)","(358.2993469238281, 202.23638916015625, 176.61376953125)","(6.7089948654174805, 1.2579292058944702, 26.986488342285156)","(0.00010987166751874611, 50.19578552246094, 0.006410045549273491)","(8.47237491607666, -0.003935151267796755, 25.684284210205078)","(0.0017699348973110318, 35.151485443115234, 0.006161824334412813)",2e-06,0.091888,"(0.582465, 0.000006, 0.770874)",LeftFalse_RightFalse,False,"(-1.4808883666992188, -0.004131666384637356, -9.67198371887207)","(359.9482421875, 181.3833770751953, 0.023945564404129982)",0.275842,0.029814,"(-0.111329, -0.000023, -3.159586)",LeftFalse_RightFalse
28.796387,0.06615,"(8.43673038482666, 0.8310456871986389, 26.71627426147461)","(358.2994079589844, 202.33926391601562, 176.6140899658203)","(6.749859809875488, 1.2579363584518433, 27.04055404663086)","(0.00014050079334992915, 50.28987503051758, 0.006235372740775347)","(8.511096000671387, -0.003934737294912338, 25.735458374023438)","(0.0017541749402880669, 35.245574951171875, 0.005985189229249954)",2e-06,0.091888,"(0.576170, 0.000006, 0.760187)",LeftFalse_RightFalse,False,"(-1.488386869430542, -0.004133053123950958, -9.883443832397461)","(359.9482116699219, 181.49868774414062, 0.021640051156282425)",0.28823,0.028482,"(-0.114036, -0.000019, -3.169736)",LeftFalse_RightFalse
28.866089,0.066856,"(8.478271484375, 0.8310481309890747, 26.768924713134766)","(358.2994689941406, 202.43898010253906, 176.61431884765625)","(6.791951656341553, 1.2579435110092163, 27.096052169799805)","(0.00017125227896030992, 50.3865852355957, 0.006058842875063419)","(8.550979614257812, -0.003934366162866354, 25.787986755371094)","(0.00173805165104568, 35.342281341552734, 0.005806727800518274)",2e-06,0.091888,"(0.567857, 0.000006, 0.746181)",LeftFalse_RightFalse,False,"(-1.4964699745178223, -0.004134378861635923, -10.104812622070312)","(359.94818115234375, 181.60894775390625, 0.019802460446953773)",0.279489,0.026651,"(-0.119283, -0.000019, -3.185766)",LeftFalse_RightFalse
28.931396,0.066563,"(8.516770362854004, 0.8310505151748657, 26.817550659179688)","(358.2995300292969, 202.529296875, 176.61448669433594)","(6.8309645652771, 1.2579500675201416, 27.147308349609375)","(0.00019896031881216913, 50.476016998291016, 0.0058977073058485985)","(8.587945938110352, -0.0039339736104011536, 25.836502075195312)","(0.001722983899526298, 35.43171691894531, 0.005643921904265881)",2e-06,0.091888,"(0.561681, 0.000004, 0.735856)",LeftFalse_RightFalse,False,"(-1.5043538808822632, -0.004135683178901672, -10.313417434692383)","(359.9481506347656, 181.70648193359375, 0.018687186762690544)",0.286897,0.025874,"(-0.122895, -0.000019, -3.196234)",LeftFalse_RightFalse
28.997925,0.066544,"(8.55543327331543, 0.8310528993606567, 26.866228103637695)","(358.299560546875, 202.6192169189453, 176.61659240722656)","(6.870146751403809, 1.257956862449646, 27.19862174987793)","(0.00022577143681701273, 50.56565475463867, 0.005738920997828245)","(8.625072479248047, -0.003933588974177837, 25.88507080078125)","(0.0017076610820367932, 35.5213508605957, 0.005483619403094053)",1e-06,0.091888,"(0.555556, 0.000007, 0.725682)",LeftFalse_RightFalse,False,"(-1.5126490592956543, -0.004136879928410053, -10.526239395141602)","(359.9481201171875, 181.80064392089844, 0.017887365072965622)",0.288682,0.023723,"(-0.126974, -0.000017, -3.207761)",LeftFalse_RightFalse
29.063721,0.06639,"(8.593235969543457, 0.8310550451278687, 26.91366958618164)","(358.29962158203125, 202.69976806640625, 176.62545776367188)","(6.908459186553955, 1.257962942123413, 27.24863624572754)","(0.0002518336405046284, 50.65312576293945, 0.005586493760347366)","(8.661375045776367, -0.003933286294341087, 25.932409286499023)","(0.0016932650469243526, 35.608821868896484, 0.005329651292413473)",1e-06,0.091888,"(0.549482, 0.000006, 0.715657)",LeftFalse_RightFalse,False,"(-1.521112322807312, -0.004138090182095766, -10.737690925598145)","(359.9479675292969, 181.8885498046875, 0.016994457691907883)",0.28811,0.02303,"(-0.130144, -0.000019, -3.219600)",LeftFalse_RightFalse
29.127563,0.06588,"(8.629484176635742, 0.8310571908950806, 26.959020614624023)","(358.2996520996094, 202.77940368652344, 176.62115478515625)","(6.945199489593506, 1.2579689025878906, 27.29644775390625)","(0.0002761111536528915, 50.736839294433594, 0.005442371126264334)","(8.696187973022461, -0.0039329733699560165, 25.977663040161133)","(0.0016793011454865336, 35.692535400390625, 0.005184167064726353)",1e-06,0.091888,"(0.541462, 0.000005, 0.702517)",LeftFalse_RightFalse,False,"(-1.5295751094818115, -0.004139331169426441, -10.943742752075195)","(359.94775390625, 181.96942138671875, 0.016298450529575348)",0.276633,0.020702,"(-0.135228, -0.000020, -3.235040)",LeftFalse_RightFalse
29.198975,0.067003,"(8.669576644897461, 0.8310595750808716, 27.00901985168457)","(358.30755615234375, 202.8774871826172, 176.6195068359375)","(6.985838890075684, 1.2579753398895264, 27.34916114807129)","(0.0003020080621354282, 50.82924270629883, 0.0052854442037642)","(8.734695434570312, -0.003932522609829903, 26.027557373046875)","(0.0016635778592899442, 35.78493881225586, 0.005025897640734911)",1e-06,0.091888,"(0.535506, 0.000005, 0.692830)",LeftFalse_RightFalse,False,"(-1.5393213033676147, -0.004140907898545265, -11.175369262695312)","(359.94775390625, 182.0550079345703, 0.015417330898344517)",0.291407,0.019875,"(-0.137840, -0.000019, -3.244543)",LeftFalse_RightFalse
29.266113,0.067027,"(8.706737518310547, 0.8310616612434387, 27.055219650268555)","(358.302734375, 202.96449279785156, 176.61917114257812)","(7.023509979248047, 1.257981300354004, 27.397871017456055)","(0.00032574465149082243, 50.91472244262695, 0.00514265289530158)","(8.770390510559082, -0.003932173363864422, 26.07366180419922)","(0.0016494368901476264, 35.87042236328125, 0.0048818388022482395)",1e-06,0.091888,"(0.527645, 0.000005, 0.680132)",LeftFalse_RightFalse,False,"(-1.5486969947814941, -0.0041419886983931065, -11.393640518188477)","(359.9477233886719, 182.1299285888672, 0.01457800343632698)",0.279451,0.017434,"(-0.142232, -0.000020, -3.260327)",LeftFalse_RightFalse
29.33667,0.067721,"(8.745264053344727, 0.8310637474060059, 27.10296058654785)","(358.3011474609375, 203.053466796875, 176.619140625)","(7.062568664550781, 1.257987141609192, 27.448209762573242)","(0.0003498003934510052, 51.003177642822266, 0.004997749347239733)","(8.807400703430176, -0.003931897692382336, 26.121307373046875)","(0.0016350557561963797, 35.95888137817383, 0.004735657479614019)",1e-06,0.091888,"(0.521808, 0.000006, 0.670770)",LeftFalse_RightFalse,False,"(-1.5587759017944336, -0.004143429920077324, -11.623802185058594)","(359.9476623535156, 182.2032928466797, 0.013585013337433338)",0.290336,0.015167,"(-0.144268, -0.000019, -3.270123)",LeftFalse_RightFalse
29.401001,0.067059,"(8.78003215789795, 0.8310657143592834, 27.145915985107422)","(358.30072021484375, 203.13327026367188, 176.61923217773438)","(7.097818374633789, 1.2579925060272217, 27.493505477905273)","(0.00037116475868970156, 51.08286666870117, 0.004867988172918558)","(8.840801239013672, -0.003931524232029915, 26.1641788482666)","(0.0016220066463574767, 36.0385627746582, 0.004604797810316086)",1e-06,0.091888,"(0.516023, 0.000003, 0.661544)",LeftFalse_RightFalse,False,"(-1.568108320236206, -0.004144500009715557, -11.834858894348145)","(359.9476013183594, 182.2629852294922, 0.012245748192071915)",0.289215,0.013693,"(-0.145816, -0.000019, -3.281613)",LeftFalse_RightFalse
29.46521,0.066481,"(8.814251899719238, 0.8310674428939819, 27.188074111938477)","(358.3006286621094, 203.21160888671875, 176.6185760498047)","(7.132515907287598, 1.2579975128173828, 27.537961959838867)","(0.00039124887553043664, 51.16115188598633, 0.004742347169667482)","(8.873678207397461, -0.003931340761482716, 26.206256866455078)","(0.0016087902477011085, 36.11684799194336, 0.004478250630199909)",1e-06,0.091888,"(0.508388, 0.000005, 0.649451)",LeftFalse_RightFalse,False,"(-1.5775182247161865, -0.004145726561546326, -12.045897483825684)","(359.9474182128906, 182.3158721923828, 0.010925360023975372)",0.277608,0.010163,"(-0.148271, -0.000021, -3.296618)",LeftFalse_RightFalse
29.533569,0.066845,"(8.8502197265625, 0.8310694098472595, 27.23225975036621)","(358.30059814453125, 203.29376220703125, 176.61839294433594)","(7.168988227844238, 1.258002758026123, 27.584556579589844)","(0.0004117974895052612, 51.243289947509766, 0.004613492172211409)","(8.90823745727539, -0.003930992446839809, 26.25035858154297)","(0.0015951881650835276, 36.19898986816406, 0.0043484787456691265)",1e-06,0.091888,"(0.502722, 0.000004, 0.640535)",LeftFalse_RightFalse,False,"(-1.5876259803771973, -0.004147010389715433, -12.27132797241211)","(359.9474182128906, 182.36471557617188, 0.009332277812063694)",0.290546,0.00929,"(-0.148320, -0.000016, -3.305794)",LeftFalse_RightFalse
29.5979,0.066341,"(8.883678436279297, 0.831071138381958, 27.273244857788086)","(358.30059814453125, 203.37005615234375, 176.61842346191406)","(7.20291805267334, 1.2580076456069946, 27.627779006958008)","(0.00043066919897682965, 51.31957244873047, 0.004494138062000275)","(8.940387725830078, -0.003930777311325073, 26.291269302368164)","(0.0015824328875169158, 36.27527618408203, 0.004228316713124514)",1e-06,0.091888,"(0.497106, 0.000002, 0.631747)",LeftFalse_RightFalse,False,"(-1.59718656539917, -0.004148044623434544, -12.484346389770508)","(359.9474182128906, 182.40296936035156, 0.007852205075323582)",0.289785,0.006681,"(-0.149359, -0.000017, -3.316960)",LeftFalse_RightFalse
29.660034,0.0655,"(8.91561508178711, 0.8310728073120117, 27.31226348876953)","(358.3006286621094, 203.44276428222656, 176.61720275878906)","(7.235306262969971, 1.2580124139785767, 27.668930053710938)","(0.0004483708180487156, 51.39226531982422, 0.00438229413703084)","(8.971076965332031, -0.003930474631488323, 26.330217361450195)","(0.0015704967081546783, 36.34796905517578, 0.004115710966289043)",1e-06,0.091888,"(0.491541, 0.000005, 0.623087)",LeftFalse_RightFalse,False,"(-1.6064467430114746, -0.004149287939071655, -12.690845489501953)","(359.9472961425781, 182.43312072753906, 0.006345019675791264)",0.287602,0.003362,"(-0.149291, -0.000018, -3.328072)",LeftFalse_RightFalse
29.726196,0.06564,"(8.949233055114746, 0.8310745358467102, 27.35322380065918)","(358.3074951171875, 203.51914978027344, 176.62603759765625)","(7.269402503967285, 1.2580170631408691, 27.712129592895508)","(0.0004666105378419161, 51.46866226196289, 0.004266208969056606)","(9.003384590148926, -0.003930178936570883, 26.371105194091797)","(0.0015579794999212027, 36.42436218261719, 0.003998870030045509)",1e-06,0.091888,"(0.484201, 0.000003, 0.611733)",LeftFalse_RightFalse,False,"(-1.6162512302398682, -0.004150480963289738, -12.911616325378418)","(359.9471435546875, 182.455322265625, 0.004271230194717646)",0.280645,-0.000707,"(-0.148002, -0.000019, -3.342241)",LeftFalse_RightFalse
29.79187,0.065654,"(8.982181549072266, 0.8310762047767639, 27.39326286315918)","(358.3098449707031, 203.59390258789062, 176.62908935546875)","(7.302821159362793, 1.258021593093872, 27.754358291625977)","(0.00048340909415856004, 51.543418884277344, 0.004154735244810581)","(9.035050392150879, -0.003929940052330494, 26.411075592041016)","(0.0015452676452696323, 36.49911880493164, 0.003886857070028782)",0.0,0.091888,"(0.478754, 0.000004, 0.603362)",LeftFalse_RightFalse,False,"(-1.625880479812622, -0.004151802510023117, -13.131490707397461)","(359.9471435546875, 182.46682739257812, 0.0020043537952005863)",0.290286,-0.003253,"(-0.145505, -0.000017, -3.351573)",LeftFalse_RightFalse
29.857056,0.065553,"(9.014452934265137, 0.8310778737068176, 27.432371139526367)","(358.3106384277344, 203.66033935546875, 176.63018798828125)","(7.335554122924805, 1.258026123046875, 27.795608520507812)","(0.0005001694080419838, 51.616512298583984, 0.004046491347253323)","(9.06606674194336, -0.003929618746042252, 26.450119018554688)","(0.0015333573101088405, 36.57221603393555, 0.003777972189709544)",0.0,0.091888,"(0.473358, 0.000004, 0.595111)",LeftFalse_RightFalse,False,"(-1.6352546215057373, -0.0041527701541781425, -13.350200653076172)","(359.9471740722656, 182.46644592285156, -0.0004466261307243258)",0.290547,-0.006453,"(-0.143058, -0.000017, -3.362413)",LeftFalse_RightFalse
29.924805,0.066007,"(9.047627449035645, 0.8310793042182922, 27.472471237182617)","(358.31097412109375, 203.7356414794922, 176.63064575195312)","(7.369206428527832, 1.2580304145812988, 27.837905883789062)","(0.0005162915913388133, 51.6915397644043, 0.0039367047138512135)","(9.097953796386719, -0.00392949441447854, 26.49015235900879)","(0.0015204300871118903, 36.64724349975586, 0.003667764598503709)",0.0,0.091888,"(0.466241, 0.000005, 0.584294)",LeftFalse_RightFalse,False,"(-1.6447961330413818, -0.004154002293944359, -13.578690528869629)","(359.9470520019531, 182.45391845703125, -0.0030576076824218035)",0.281272,-0.009336,"(-0.139130, -0.000018, -3.376920)",LeftFalse_RightFalse
29.992554,0.066334,"(9.080281257629395, 0.8310809135437012, 27.511831283569336)","(358.3111267089844, 203.80946350097656, 176.630859375)","(7.4023332595825195, 1.2580348253250122, 27.879425048828125)","(0.000532403530087322, 51.76527404785156, 0.003831468988209963)","(9.129343032836914, -0.003929192200303078, 26.529449462890625)","(0.001508674118667841, 36.72097396850586, 0.003561953315511346)",0.0,0.091888,"(0.460962, 0.000002, 0.576317)",LeftFalse_RightFalse,False,"(-1.6540822982788086, -0.00415527680888772, -13.807363510131836)","(359.9469909667969, 182.4307861328125, -0.005329274572432041)",0.291203,-0.012224,"(-0.135546, -0.000017, -3.386075)",LeftFalse_RightFalse
30.057129,0.065987,"(9.111080169677734, 0.8310823440551758, 27.54886817932129)","(358.3111877441406, 203.87892150878906, 176.63099670410156)","(7.433578968048096, 1.2580387592315674, 27.918495178222656)","(0.0005465346039272845, 51.83470916748047, 0.003734181635081768)","(9.158949851989746, -0.003929033875465393, 26.566429138183594)","(0.001497068558819592, 36.7904052734375, 0.003464332316070795)",0.0,0.091888,"(0.455733, 0.000005, 0.568455)",LeftFalse_RightFalse,False,"(-1.6626746654510498, -0.004156496375799179, -14.026453018188477)","(359.9469909667969, 182.39804077148438, 359.9924011230469)",0.290914,-0.014838,"(-0.131287, -0.000018, -3.396792)",LeftFalse_RightFalse
30.125,0.066366,"(9.14304256439209, 0.8310837745666504, 27.587196350097656)","(358.31121826171875, 203.9508819580078, 176.63111877441406)","(7.466007232666016, 1.258042812347412, 27.95893096923828)","(0.0005616230773739517, 51.90665817260742, 0.003633303102105856)","(9.189677238464355, -0.003928835038095713, 26.604700088500977)","(0.0014854550827294588, 36.862361907958984, 0.003362994873896241)",0.0,0.091888,"(0.448838, 0.000005, 0.558148)",LeftFalse_RightFalse,False,"(-1.6713712215423584, -0.0041575245559215546, -14.257474899291992)","(359.94683837890625, 182.35231018066406, 359.9899597167969)",0.282075,-0.017585,"(-0.125420, -0.000020, -3.410990)",LeftFalse_RightFalse
30.191895,0.066467,"(9.174113273620605, 0.8310853242874146, 27.624366760253906)","(358.3112487792969, 204.02072143554688, 176.63121032714844)","(7.497532844543457, 1.2580467462539673, 27.998144149780273)","(0.0005754732410423458, 51.976505279541016, 0.0035372108686715364)","(9.219549179077148, -0.00392855005338788, 26.641815185546875)","(0.0014738882891833782, 36.93220138549805, 0.0032666013576090336)",0.0,0.091888,"(0.443725, 0.000004, 0.550546)",LeftFalse_RightFalse,False,"(-1.6795945167541504, -0.004158884286880493, -14.485816955566406)","(359.94677734375, 182.29766845703125, 359.9878845214844)",0.291443,-0.019797,"(-0.120262, -0.000018, -3.419982)",LeftFalse_RightFalse
30.256592,0.066132,"(9.203845977783203, 0.8310865759849548, 27.659849166870117)","(358.311279296875, 204.0874481201172, 176.62876892089844)","(7.527702331542969, 1.2580503225326538, 28.03557777404785)","(0.0005881699034944177, 52.043235778808594, 0.0034472045954316854)","(9.248136520385742, -0.003928387071937323, 26.67724609375)","(0.0014627872733399272, 36.998931884765625, 0.003176384372636676)",0.0,0.091888,"(0.438661, 0.000004, 0.543053)",LeftFalse_RightFalse,False,"(-1.6871893405914307, -0.004160011652857065, -14.707732200622559)","(359.94677734375, 182.23521423339844, 359.98583984375)",0.291493,-0.021872,"(-0.114797, -0.000017, -3.430428)",LeftFalse_RightFalse
30.322754,0.06612,"(9.233787536621094, 0.8310880064964294, 27.695499420166016)","(358.3113098144531, 204.15455627441406, 176.6374053955078)","(7.558086395263672, 1.2580538988113403, 28.07318878173828)","(0.0006005976465530694, 52.110347747802734, 0.003358227200806141)","(9.27692699432373, -0.003928130492568016, 26.712844848632812)","(0.0014516932424157858, 37.06604766845703, 0.003087230958044529)",0.0,0.091888,"(0.433647, 0.000003, 0.535667)",LeftFalse_RightFalse,False,"(-1.694531798362732, -0.0041612861678004265, -14.934786796569824)","(359.9466552734375, 182.16241455078125, 359.98382568359375)",0.291409,-0.024412,"(-0.108997, -0.000019, -3.440885)",LeftFalse_RightFalse
30.389526,0.066269,"(9.263700485229492, 0.831089198589325, 27.73102569580078)","(358.31134033203125, 204.2215118408203, 176.64044189453125)","(7.588441371917725, 1.258057713508606, 28.110673904418945)","(0.0006130143883638084, 52.17729949951172, 0.0032699063885957003)","(9.305689811706543, -0.003927990794181824, 26.748323440551758)","(0.0014407597482204437, 37.13299560546875, 0.0029987136367708445)",0.0,0.091888,"(0.427036, 0.000003, 0.525984)",LeftFalse_RightFalse,False,"(-1.7014915943145752, -0.004162386059761047, -15.165345191955566)","(359.9465026855469, 182.07882690429688, 359.9817199707031)",0.283161,-0.028366,"(-0.100576, -0.000018, -3.454648)",LeftFalse_RightFalse
30.456299,0.066351,"(9.293148040771484, 0.8310905694961548, 27.76591682434082)","(358.3113708496094, 204.28732299804688, 176.64149475097656)","(7.6183271408081055, 1.2580612897872925, 28.14748764038086)","(0.0006248493446037173, 52.24311828613281, 0.0031836889684200287)","(9.33400821685791, -0.003927754703909159, 26.783166885375977)","(0.0014298097230494022, 37.19881057739258, 0.0029123800341039896)",0.0,0.091888,"(0.422135, 0.000002, 0.518841)",LeftFalse_RightFalse,False,"(-1.7079122066497803, -0.004163665231317282, -15.395976066589355)","(359.9465026855469, 181.9851837158203, 359.9794006347656)",0.292438,-0.032162,"(-0.092434, -0.000018, -3.463414)",LeftFalse_RightFalse
30.523071,0.06645,"(9.322298049926758, 0.8310917019844055, 27.80037498474121)","(358.3114013671875, 204.35238647460938, 176.6418914794922)","(7.64791202545166, 1.2580643892288208, 28.183849334716797)","(0.000636345474049449, 52.308170318603516, 0.0031004403717815876)","(9.362041473388672, -0.003927650395780802, 26.817581176757812)","(0.0014193035895004869, 37.26387405395508, 0.0028290003538131714)",0.0,0.091888,"(0.417283, 0.000004, 0.511801)",LeftFalse_RightFalse,False,"(-1.713700532913208, -0.004164678044617176, -15.627893447875977)","(359.9465026855469, 181.87716674804688, 359.9764099121094)",0.293336,-0.037253,"(-0.083157, -0.000017, -3.473618)",LeftFalse_RightFalse
30.588013,0.066135,"(9.350223541259766, 0.8310928344726562, 27.833309173583984)","(358.3114318847656, 204.4146270751953, 176.64207458496094)","(7.676255226135254, 1.2580677270889282, 28.21860122680664)","(0.000647363776806742, 52.370418548583984, 0.003021667944267392)","(9.388897895812988, -0.003927478101104498, 26.850473403930664)","(0.0014094975776970387, 37.32611846923828, 0.0027500679716467857)",0.0,0.091888,"(0.410887, 0.000004, 0.502569)",LeftFalse_RightFalse,False,"(-1.7185561656951904, -0.004165913909673691, -15.853706359863281)","(359.9463806152344, 181.75511169433594, 359.97271728515625)",0.282409,-0.041693,"(-0.068894, -0.000017, -3.487382)",LeftFalse_RightFalse
30.657104,0.066722,"(9.379571914672852, 0.8310942053794861, 27.867841720581055)","(358.31146240234375, 204.47994995117188, 176.64219665527344)","(7.7060441970825195, 1.2580711841583252, 28.255043029785156)","(0.0006580306217074394, 52.43574905395508, 0.0029403131920844316)","(9.41712474822998, -0.003927160054445267, 26.884963989257812)","(0.0013986814301460981, 37.39145278930664, 0.002668732777237892)",0.0,0.091888,"(0.406147, 0.000002, 0.495761)",LeftFalse_RightFalse,False,"(-1.7228927612304688, -0.004167105536907911, -16.09485626220703)","(359.9463806152344, 181.60888671875, 359.968994140625)",0.293758,-0.047328,"(-0.057128, -0.000017, -3.495639)",LeftFalse_RightFalse
30.734131,0.068787,"(9.411848068237305, 0.8310954570770264, 27.905729293823242)","(358.3114929199219, 204.55169677734375, 176.64349365234375)","(7.738807678222656, 1.2580746412277222, 28.295024871826172)","(0.0006695545744150877, 52.50749206542969, 0.0028523430228233337)","(9.448169708251953, -0.003926967270672321, 26.922805786132812)","(0.0013869765680283308, 37.46318817138672, 0.0025807868223637342)",0.0,0.091888,"(0.399900, 0.000002, 0.486832)",LeftFalse_RightFalse,False,"(-1.7265149354934692, -0.004168340004980564, -16.36470603942871)","(359.9464111328125, 181.4213104248047, 359.9640808105469)",0.289491,-0.052602,"(-0.039311, -0.000015, -3.508970)",LeftFalse_RightFalse
30.800415,0.068301,"(9.439262390136719, 0.8310965299606323, 27.93783950805664)","(358.3115234375, 204.612548828125, 176.6346893310547)","(7.766636371612549, 1.2580775022506714, 28.32891082763672)","(0.0006790325860492885, 52.56835174560547, 0.0027793818153440952)","(9.474538803100586, -0.00392687413841486, 26.954877853393555)","(0.0013771915109828115, 37.5240478515625, 0.0025078661274164915)",0.0,0.091888,"(0.395270, 0.000001, 0.480246)",LeftFalse_RightFalse,False,"(-1.7285457849502563, -0.004169330466538668, -16.597875595092773)","(359.9463806152344, 181.23995971679688, 359.9598693847656)",0.292844,-0.055089,"(-0.024494, -0.000017, -3.518120)",LeftFalse_RightFalse
30.870605,0.068668,"(9.467851638793945, 0.8310976624488831, 27.97124481201172)","(358.3115539550781, 204.67593383789062, 176.63197326660156)","(7.795660018920898, 1.2580804824829102, 28.364166259765625)","(0.0006878626882098615, 52.63173294067383, 0.0027039521373808384)","(9.502039909362793, -0.003926753997802734, 26.98824691772461)","(0.001366139855235815, 37.587432861328125, 0.0024327291175723076)",0.0,0.091888,"(0.389169, 0.000003, 0.471610)",LeftFalse_RightFalse,False,"(-1.7295472621917725, -0.004170575644820929, -16.845077514648438)","(359.9462890625, 181.0304412841797, 359.9559631347656)",0.286699,-0.057035,"(-0.006036, -0.000016, -3.530884)",LeftFalse_RightFalse
30.93689,0.068202,"(9.494535446166992, 0.8310986161231995, 28.002361297607422)","(358.3115539550781, 204.73500061035156, 176.63124084472656)","(7.822750568389893, 1.2580833435058594, 28.39700698852539)","(0.0006962727638892829, 52.69081115722656, 0.0026347320526838303)","(9.5277099609375, -0.003926616162061691, 27.019329071044922)","(0.001356294727884233, 37.646514892578125, 0.0023636992555111647)",0.0,0.091888,"(0.384648, 0.000001, 0.465240)",LeftFalse_RightFalse,False,"(-1.7294774055480957, -0.004171520937234163, -17.07958221435547)","(359.9462890625, 180.8214569091797, 359.95330810546875)",0.293281,-0.055954,"(0.007726, -0.000017, -3.539255)",LeftFalse_RightFalse
31.005981,0.068366,"(9.521937370300293, 0.831099808216095, 28.034244537353516)","(358.31158447265625, 204.7956085205078, 176.62742614746094)","(7.850571155548096, 1.2580863237380981, 28.43065643310547)","(0.0007051991997286677, 52.75141525268555, 0.002564278431236744)","(9.554071426391602, -0.003926334902644157, 27.051177978515625)","(0.0013466280652210116, 37.707115173339844, 0.0022933429572731256)",0.0,0.091888,"(0.378692, 0.000002, 0.456886)",LeftFalse_RightFalse,False,"(-1.7284367084503174, -0.0041727288626134396, -17.324256896972656)","(359.9462585449219, 180.59893798828125, 359.9519348144531)",0.286295,-0.054963,"(0.023660, -0.000018, -3.551792)",LeftFalse_RightFalse
31.074219,0.068335,"(9.548652648925781, 0.8311007022857666, 28.06525993347168)","(358.3116149902344, 204.8546142578125, 176.63316345214844)","(7.877695083618164, 1.2580888271331787, 28.46339225769043)","(0.0007134086336009204, 52.810420989990234, 0.0024978311266750097)","(9.57977294921875, -0.003926260396838188, 27.08216094970703)","(0.0013373084366321564, 37.766117095947266, 0.0022270428016781807)",0.0,0.091888,"(0.374278, 0.000002, 0.450724)",LeftFalse_RightFalse,False,"(-1.7264890670776367, -0.004173828288912773, -17.5667724609375)","(359.94622802734375, 180.37890625, 359.95166015625)",0.293637,-0.054281,"(0.034963, -0.000016, -3.559902)",LeftFalse_RightFalse
31.140015,0.067842,"(9.574114799499512, 0.831101655960083, 28.09476089477539)","(358.3116455078125, 204.91078186035156, 176.62759399414062)","(7.9035491943359375, 1.2580914497375488, 28.494531631469727)","(0.0007213799399323761, 52.8665885925293, 0.0024335249327123165)","(9.604270935058594, -0.003926187753677368, 27.11163330078125)","(0.0013283147709444165, 37.822288513183594, 0.002162871416658163)",0.0,0.091888,"(0.369910, 0.000001, 0.444649)",LeftFalse_RightFalse,False,"(-1.7237893342971802, -0.0041748336516320705, -17.80158233642578)","(359.9461975097656, 180.1682891845703, 359.9519348144531)",0.293705,-0.053668,"(0.046252, -0.000016, -3.569109)",LeftFalse_RightFalse
31.209839,0.068241,"(9.600752830505371, 0.831102728843689, 28.125564575195312)","(358.3116760253906, 204.96946716308594, 176.63442993164062)","(7.93059778213501, 1.2580941915512085, 28.52704429626465)","(0.0007288645720109344, 52.92528533935547, 0.002369382418692112)","(9.629900932312012, -0.003925925586372614, 27.142406463623047)","(0.00131889374461025, 37.880985260009766, 0.002098984085023403)",0.0,0.091888,"(0.364156, 0.000002, 0.436681)",LeftFalse_RightFalse,False,"(-1.7200323343276978, -0.00417590606957674, -18.05128288269043)","(359.9460754394531, 179.9470672607422, 359.95233154296875)",0.286437,-0.053354,"(0.061392, -0.000020, -3.581312)",LeftFalse_RightFalse
31.277954,0.068209,"(9.626368522644043, 0.8311036229133606, 28.15512466430664)","(358.3116760253906, 205.02584838867188, 176.63648986816406)","(7.956609725952148, 1.258096694946289, 28.55824851989746)","(0.0007361955940723419, 52.98167037963867, 0.0023074341006577015)","(9.654548645019531, -0.003925819881260395, 27.171939849853516)","(0.0013098939089104533, 37.93736267089844, 0.00203725672326982)",0.0,0.091888,"(0.359893, 0.000002, 0.430804)",LeftFalse_RightFalse,False,"(-1.7154719829559326, -0.004177242983132601, -18.295345306396484)","(359.9460144042969, 179.73280334472656, 359.95263671875)",0.294301,-0.053001,"(0.072882, -0.000017, -3.589028)",LeftFalse_RightFalse
31.347412,0.068455,"(9.65214729309082, 0.8311045169830322, 28.184812545776367)","(358.31170654296875, 205.08258056640625, 176.63719177246094)","(7.982789039611816, 1.2580991983413696, 28.589588165283203)","(0.0007424073992297053, 53.03833770751953, 0.0022473111748695374)","(9.679354667663574, -0.003925676923245192, 27.201601028442383)","(0.001300287083722651, 37.99403381347656, 0.0019775819964706898)",0.0,0.091888,"(0.354278, 0.000002, 0.423095)",LeftFalse_RightFalse,False,"(-1.7099074125289917, -0.004178289324045181, -18.544954299926758)","(359.94598388671875, 179.5153045654297, 359.95281982421875)",0.287308,-0.051025,"(0.088358, -0.000015, -3.600894)",LeftFalse_RightFalse
31.418091,0.068909,"(9.678041458129883, 0.8311054110527039, 28.21457290649414)","(358.3117370605469, 205.13946533203125, 176.637451171875)","(8.009085655212402, 1.2581015825271606, 28.621004104614258)","(0.0007494197925552726, 53.09519577026367, 0.002186486730352044)","(9.704272270202637, -0.0039255619049072266, 27.231334686279297)","(0.0012912710662931204, 38.05089569091797, 0.0019170220475643873)",0.0,0.091888,"(0.350119, 0.000000, 0.417408)",LeftFalse_RightFalse,False,"(-1.7033212184906006, -0.004179440438747406, -18.799888610839844)","(359.9459228515625, 179.2967071533203, 359.9533996582031)",0.294997,-0.049078,"(0.098654, -0.000017, -3.608553)",LeftFalse_RightFalse
31.485718,0.068638,"(9.702441215515137, 0.8311063051223755, 28.24256134033203)","(358.3117370605469, 205.19297790527344, 176.63755798339844)","(8.033865928649902, 1.2581039667129517, 28.650550842285156)","(0.0007551767630502582, 53.148719787597656, 0.0021302520763128996)","(9.727752685546875, -0.0039253816939890385, 27.259300231933594)","(0.001282234094105661, 38.10441207885742, 0.0018612206913530827)",0.0,0.091888,"(0.344641, 0.000002, 0.409950)",LeftFalse_RightFalse,False,"(-1.696267008781433, -0.004180511925369501, -19.044029235839844)","(359.94586181640625, 179.09414672851562, 359.95452880859375)",0.286478,-0.04499,"(0.111896, -0.000016, -3.620349)",LeftFalse_RightFalse
31.551025,0.067989,"(9.725748062133789, 0.8311070203781128, 28.269245147705078)","(358.311767578125, 205.24404907226562, 176.63763427734375)","(8.057537078857422, 1.258105993270874, 28.678722381591797)","(0.0007609270978718996, 53.199771881103516, 0.002077411161735654)","(9.75018310546875, -0.003925373312085867, 27.28596305847168)","(0.0012740716338157654, 38.15547561645508, 0.0018086981726810336)",0.0,0.091888,"(0.340583, 0.000001, 0.404447)",LeftFalse_RightFalse,False,"(-1.6887677907943726, -0.004181661177426577, -19.280975341796875)","(359.94580078125, 178.906005859375, 359.95623779296875)",0.293092,-0.041771,"(0.119601, -0.000017, -3.627746)",LeftFalse_RightFalse
31.612305,0.066642,"(9.747307777404785, 0.8311078548431396, 28.293886184692383)","(358.31500244140625, 205.2880096435547, 176.6432342529297)","(8.079435348510742, 1.2581079006195068, 28.704736709594727)","(0.0007659737602807581, 53.24697494506836, 0.002029506955295801)","(9.7709321975708, -0.003925222437828779, 27.310585021972656)","(0.001266511157155037, 38.20267105102539, 0.0017611259827390313)",0.0,0.091888,"(0.336568, 0.000003, 0.399022)",LeftFalse_RightFalse,False,"(-1.681272029876709, -0.0041825613006949425, -19.5034122467041)","(359.94580078125, 178.74078369140625, 359.95855712890625)",0.292441,-0.038171,"(0.126683, -0.000017, -3.636142)",LeftFalse_RightFalse
31.679565,0.066764,"(9.77068042755127, 0.8311086893081665, 28.320554733276367)","(358.30889892578125, 205.3407745361328, 176.62733459472656)","(8.103175163269043, 1.2581099271774292, 28.732891082763672)","(0.0007713050581514835, 53.29808044433594, 0.001978068146854639)","(9.793427467346191, -0.003925055265426636, 27.33723258972168)","(0.0012583076022565365, 38.2537841796875, 0.0017100663390010595)",0.0,0.091888,"(0.332596, 0.000002, 0.393672)",LeftFalse_RightFalse,False,"(-1.672569751739502, -0.004183649551123381, -19.748239517211914)","(359.9457092285156, 178.57261657714844, 359.9615173339844)",0.294116,-0.033353,"(0.132786, -0.000017, -3.644443)",LeftFalse_RightFalse
31.744141,0.06632,"(9.792821884155273, 0.831109344959259, 28.345775604248047)","(358.3149108886719, 205.39764404296875, 176.63360595703125)","(8.125665664672852, 1.2581119537353516, 28.759519577026367)","(0.0007762884488329291, 53.34645462036133, 0.0019302619621157646)","(9.814738273620605, -0.003924937453120947, 27.36243438720703)","(0.001250711502507329, 38.302154541015625, 0.0016626049764454365)",0.0,0.091888,"(0.328667, 0.000001, 0.388397)",LeftFalse_RightFalse,False,"(-1.663865566253662, -0.004184773191809654, -19.983802795410156)","(359.945556640625, 178.42713928222656, 359.9649963378906)",0.293706,-0.029086,"(0.137133, -0.000017, -3.653018)",LeftFalse_RightFalse
31.810181,0.066272,"(9.815193176269531, 0.8311100602149963, 28.3712100982666)","(358.3167419433594, 205.44015502929688, 176.62786865234375)","(8.148390769958496, 1.2581138610839844, 28.786375045776367)","(0.0007806472713127732, 53.39527893066406, 0.0018830972258001566)","(9.836271286010742, -0.003924833610653877, 27.38785171508789)","(0.0012426788453012705, 38.35097885131836, 0.0016159253427758813)",0.0,0.091888,"(0.323493, 0.000000, 0.381479)",LeftFalse_RightFalse,False,"(-1.6546748876571655, -0.00418587913736701, -20.225603103637695)","(359.9454040527344, 178.2959747314453, 359.9688720703125)",0.286559,-0.026554,"(0.142414, -0.000018, -3.664236)",LeftFalse_RightFalse
31.876099,0.066193,"(9.837206840515137, 0.8311107158660889, 28.396198272705078)","(358.3081970214844, 205.49066162109375, 176.63291931152344)","(8.17075252532959, 1.258115530014038, 28.812759399414062)","(0.0007851114496588707, 53.44327926635742, 0.0018372084014117718)","(9.857460021972656, -0.00392487645149231, 27.412822723388672)","(0.0012350789038464427, 38.39897537231445, 0.0015704506076872349)",0.0,0.091888,"(0.319662, 0.000001, 0.376374)",LeftFalse_RightFalse,False,"(-1.6451894044876099, -0.004187082871794701, -20.467222213745117)","(359.9454040527344, 178.17784118652344, 359.9719543457031)",0.294475,-0.025266,"(0.146614, -0.000016, -3.671249)",LeftFalse_RightFalse
31.940186,0.065769,"(9.858345031738281, 0.8311113715171814, 28.420148849487305)","(358.3127746582031, 205.5375213623047, 176.626708984375)","(8.192225456237793, 1.2581171989440918, 28.83804702758789)","(0.0007889074040576816, 53.48931121826172, 0.001793329487554729)","(9.8778076171875, -0.003924813587218523, 27.436758041381836)","(0.0012273553293198347, 38.44501495361328, 0.0015270905569195747)",0.0,0.091888,"(0.315871, 0.000001, 0.371340)",LeftFalse_RightFalse,False,"(-1.6356464624404907, -0.004188054241240025, -20.702743530273438)","(359.9454040527344, 178.07225036621094, 359.9742431640625)",0.294432,-0.024476,"(0.151372, -0.000015, -3.679462)",LeftFalse_RightFalse
32.006348,0.065845,"(9.879886627197266, 0.8311119675636292, 28.444517135620117)","(358.3144836425781, 205.58470153808594, 176.63169860839844)","(8.214110374450684, 1.258118987083435, 28.863779067993164)","(0.000792638398706913, 53.53618621826172, 0.0017493685008957982)","(9.898544311523438, -0.003924714867025614, 27.461111068725586)","(0.0012195473536849022, 38.49188995361328, 0.0014836677582934499)",0.0,0.091888,"(0.310881, 0.000000, 0.364737)",LeftFalse_RightFalse,False,"(-1.6254303455352783, -0.004189064726233482, -20.94647979736328)","(359.9452819824219, 177.9694366455078, 359.9757995605469)",0.286696,-0.023236,"(0.158370, -0.000016, -3.690346)",LeftFalse_RightFalse
32.071655,0.06575,"(9.900891304016113, 0.831112802028656, 28.46824073791504)","(358.3150939941406, 205.63046264648438, 176.63339233398438)","(8.235450744628906, 1.2581208944320679, 28.888830184936523)","(0.000796594365965575, 53.58186340332031, 0.0017065057763829827)","(9.9187650680542, -0.003924497868865728, 27.484821319580078)","(0.0012122419429942966, 38.537567138671875, 0.001441247295588255)",0.0,0.091888,"(0.307186, 0.000004, 0.359866)",LeftFalse_RightFalse,False,"(-1.6149580478668213, -0.004190011881291866, -21.18789291381836)","(359.9452819824219, 177.8721466064453, 359.9768981933594)",0.294365,-0.022398,"(0.163186, -0.000014, -3.697055)",LeftFalse_RightFalse
32.139771,0.066228,"(9.922501564025879, 0.8311133980751038, 28.49260711669922)","(358.30780029296875, 205.67747497558594, 176.634033203125)","(8.257406234741211, 1.258122444152832, 28.914560317993164)","(0.0007999868830665946, 53.62880325317383, 0.0016645474825054407)","(9.939569473266602, -0.003924429416656494, 27.509172439575195)","(0.0012046275660395622, 38.584503173828125, 0.001399846514686942)",0.0,0.091888,"(0.303531, 0.000002, 0.355061)",LeftFalse_RightFalse,False,"(-1.6036765575408936, -0.004190908744931221, -21.440093994140625)","(359.9453125, 177.77517700195312, 359.9778747558594)",0.296027,-0.020305,"(0.168043, -0.000013, -3.704950)",LeftFalse_RightFalse
32.202271,0.065467,"(9.942041397094727, 0.8311139345169067, 28.514604568481445)","(358.30572509765625, 205.71987915039062, 176.63037109375)","(8.27725887298584, 1.2581239938735962, 28.937789916992188)","(0.0008033715421333909, 53.67121505737305, 0.001625974546186626)","(9.958380699157715, -0.003924373537302017, 27.531158447265625)","(0.0011978836264461279, 38.62691116333008, 0.001361717120744288)",0.0,0.091888,"(0.299916, 0.000003, 0.350324)",LeftFalse_RightFalse,False,"(-1.5930581092834473, -0.004191889427602291, -21.67168426513672)","(359.9451904296875, 177.6916961669922, 359.97906494140625)",0.293438,-0.018465,"(0.171819, -0.000014, -3.713205)",LeftFalse_RightFalse
32.264526,0.064844,"(9.961318016052246, 0.8311145305633545, 28.536270141601562)","(358.312744140625, 205.76168823242188, 176.6365509033203)","(8.296844482421875, 1.2581254243850708, 28.960670471191406)","(0.0008062775013968349, 53.713016510009766, 0.001588903833180666)","(9.97693920135498, -0.003924340009689331, 27.552812576293945)","(0.0011910677421838045, 38.66872024536133, 0.0013251625932753086)",0.0,0.091888,"(0.296341, 0.000001, 0.345652)",LeftFalse_RightFalse,False,"(-1.5822292566299438, -0.0041928584687411785, -21.90351676940918)","(359.945068359375, 177.61477661132812, 359.9804992675781)",0.293881,-0.016206,"(0.175096, -0.000016, -3.720960)",LeftFalse_RightFalse
32.328735,0.064712,"(9.980904579162598, 0.8311150074005127, 28.55825424194336)","(358.30859375, 205.80418395996094, 176.6389617919922)","(8.31674575805664, 1.2581268548965454, 28.98388671875)","(0.0008094132645055652, 53.75545883178711, 0.001552474219352007)","(9.995797157287598, -0.003924267832189798, 27.574787139892578)","(0.001184640103019774, 38.711158752441406, 0.001289167907088995)",0.0,0.091888,"(0.291635, 0.000001, 0.339523)",LeftFalse_RightFalse,False,"(-1.5708935260772705, -0.004194010980427265, -22.14269256591797)","(359.9449768066406, 177.54345703125, 359.98223876953125)",0.287657,-0.014168,"(0.178773, -0.000017, -3.731271)",LeftFalse_RightFalse
32.394043,0.06483,"(10.000578880310059, 0.8311156630516052, 28.580303192138672)","(358.30706787109375, 205.8468017578125, 176.64036560058594)","(8.336737632751465, 1.2581284046173096, 29.007171630859375)","(0.0008120064157992601, 53.79804611206055, 0.0015155243454501033)","(10.014739990234375, -0.003924115560948849, 27.596824645996094)","(0.001177553553134203, 38.753746032714844, 0.0012528114020824432)",0.0,0.091888,"(0.288151, 0.000000, 0.335001)",LeftFalse_RightFalse,False,"(-1.5591709613800049, -0.004195025190711021, -22.386550903320312)","(359.9449768066406, 177.4779052734375, 359.9839172363281)",0.295217,-0.011064,"(0.180990, -0.000015, -3.737837)",LeftFalse_RightFalse
32.458618,0.064786,"(10.019791603088379, 0.8311161994934082, 28.601804733276367)","(358.3065490722656, 205.88836669921875, 176.630859375)","(8.356260299682617, 1.2581299543380737, 29.02988052368164)","(0.0008143401937559247, 53.83961486816406, 0.0014809663407504559)","(10.033239364624023, -0.003924021031707525, 27.618316650390625)","(0.0011708373203873634, 38.795310974121094, 0.0012188318651169538)",0.0,0.091888,"(0.284705, 0.000002, 0.330541)",LeftFalse_RightFalse,False,"(-1.547470211982727, -0.004195879213511944, -22.62832260131836)","(359.94500732421875, 177.4223175048828, 359.98602294921875)",0.295403,-0.008729,"(0.181873, -0.000013, -3.745669)",LeftFalse_RightFalse
32.522217,0.064532,"(10.038439750671387, 0.8311167359352112, 28.62264633178711)","(358.3063659667969, 205.92868041992188, 176.63587951660156)","(8.375210762023926, 1.2581312656402588, 29.051891326904297)","(0.0008170926594175398, 53.879920959472656, 0.001446299720555544)","(10.05119514465332, -0.003923986107110977, 27.639148712158203)","(0.001164496992714703, 38.83562469482422, 0.0011846391716971993)",0.0,0.091888,"(0.281297, 0.000001, 0.326143)",LeftFalse_RightFalse,False,"(-1.535921573638916, -0.004196831025183201, -22.866539001464844)","(359.9449157714844, 177.37779235839844, 359.98834228515625)",0.294358,-0.004242,"(0.182410, -0.000015, -3.753561)",LeftFalse_RightFalse
32.585449,0.064278,"(10.056777000427246, 0.8311173319816589, 28.64310646057129)","(358.30633544921875, 205.96827697753906, 176.63865661621094)","(8.393845558166504, 1.2581325769424438, 29.073501586914062)","(0.0008193918620236218, 53.919525146484375, 0.0014134417288005352)","(10.068852424621582, -0.003923860378563404, 27.65960121154785)","(0.0011581885628402233, 38.87522506713867, 0.0011523105204105377)",0.0,0.091888,"(0.276812, 0.000003, 0.320373)",LeftFalse_RightFalse,False,"(-1.5244827270507812, -0.0041978186927735806, -23.10431480407715)","(359.94482421875, 177.34652709960938, 359.9913330078125)",0.287515,-0.002034,"(0.180773, -0.000015, -3.763820)",LeftFalse_RightFalse
