ScenarioTime,FrameRate,A VR Pos,A VR Rot,A XR Origin Pos,A XR Origin  Rot,A car Pos,A car Rot,A accel,A steering,A velocity,A indicators,A Horn Button,0 car Pos,0 car Rot,0 accel,0 steering,0 velocity,0 indicators
0.0,0.021319,"(-34.899662017822266, 1.2590293884277344, -0.9906924366950989)","(357.3317565917969, 15.741373062133789, 351.5303039550781)","(-34.9553337097168, 0.7652140259742737, -0.8097726702690125)","(0.0007709789206273854, 95.32476806640625, 7.128009747248143e-05)","(-34.999996185302734, -0.004020079970359802, -1.399999976158142)","(0.0007742667221464217, 90.00003051757812, -5.746713895860012e-07)",0.0,-0.01416,"(0.000020, 0.001021, 0.000000)",LeftFalse_RightFalse,False,"(1.3997822999954224, -0.003909805789589882, -35.00026321411133)","(0.0007679236587136984, 0.006567615084350109, -0.00010206861043116078)",0.0,0.0,"(-0.000001, -0.000093, -0.000003)",LeftFalse_RightFalse
0.123226,0.0417,"(-34.82270431518555, 1.2562716007232666, -1.000978946685791)","(353.39825439453125, 45.47450256347656, 354.69329833984375)","(-34.955345153808594, 0.7652955055236816, -0.8097713589668274)","(0.0012379700783640146, 95.32334899902344, 0.00011235668353037909)","(-35.0, -0.003938327077776194, -1.3999998569488525)","(0.0012430546339601278, 89.99862670898438, -3.0122823773126584e-06)",0.0,-0.01416,"(-0.000205, 0.000321, 0.000001)",LeftFalse_RightFalse,False,"(1.3997825384140015, -0.0039178417064249516, -35.00026321411133)","(0.0006816358072683215, 0.006567616946995258, -5.0714254030026495e-05)",0.000923,-0.114669,"(-0.000001, -0.000037, -0.000001)",LeftFalse_RightFalse
0.236385,0.055993,"(-34.7976188659668, 1.2536375522613525, -1.0122610330581665)","(353.0684509277344, 55.06924057006836, 355.5809020996094)","(-34.955299377441406, 0.7653167247772217, -0.8097692131996155)","(0.0010550518054515123, 95.3217544555664, 9.12361138034612e-05)","(-34.999935150146484, -0.003917205613106489, -1.3999989032745361)","(0.0010589659214019775, 89.99702453613281, -7.066768830554793e-06)",0.0,-0.01416,"(0.000124, 0.000086, 0.000006)",LeftFalse_RightFalse,False,"(1.3997814655303955, -0.003920631483197212, -35.0002555847168)","(0.0006080837920308113, 0.006802366580814123, -5.2757113735424355e-05)",-2.2e-05,-0.055907,"(-0.000155, -0.000015, 0.001640)",LeftFalse_RightFalse
0.343346,0.066186,"(-34.788169860839844, 1.2474769353866577, -1.0237138271331787)","(354.6610412597656, 68.78636932373047, 356.3214111328125)","(-34.955326080322266, 0.76531982421875, -0.809769868850708)","(0.0010917807230725884, 95.32242584228516, 0.00010423864296171814)","(-34.999969482421875, -0.0039140465669333935, -1.3999991416931152)","(0.0010967429261654615, 89.99769592285156, 2.471118023095187e-06)",0.0,-0.01416,"(0.000509, -0.000004, 0.000008)",LeftFalse_RightFalse,False,"(1.3997855186462402, -0.003921503201127052, -35.000335693359375)","(0.000669030356220901, 0.007199769839644432, -1.6069476259872317e-05)",0.001339,-0.05472,"(-0.000005, -0.000006, -0.000001)",LeftFalse_RightFalse
0.449619,0.074203,"(-34.79874801635742, 1.2376267910003662, -1.0408657789230347)","(355.3949890136719, 74.24893951416016, 358.2103576660156)","(-34.95539474487305, 0.7653180360794067, -0.8097698092460632)","(0.0011247561778873205, 95.32170104980469, 0.00011370930587872863)","(-35.000030517578125, -0.003915689419955015, -1.399999737739563)","(0.001130454707890749, 89.9969711303711, 8.840860573400278e-06)",-0.063492,-0.01416,"(-0.001543, -0.000021, -0.000016)",LeftFalse_RightFalse,False,"(1.3997822999954224, -0.003921941388398409, -35.000274658203125)","(0.0005372567102313042, 0.007092332933098078, -2.7669686460285448e-05)",0.003814,-0.053603,"(-0.000017, -0.000002, 0.000315)",LeftFalse_RightFalse
0.555458,0.08053,"(-34.81755828857422, 1.22589910030365, -1.0550097227096558)","(356.7901306152344, 77.50346374511719, 0.2773807644844055)","(-34.95523452758789, 0.76531583070755, -0.8097689747810364)","(0.0007870495901443064, 95.32102966308594, 7.856713637011126e-05)","(-34.99985885620117, -0.003918257541954517, -1.3999993801116943)","(0.0007909444975666702, 89.99629211425781, 5.1895767683163285e-06)",0.0,-0.01416,"(0.000000, -0.000017, 0.000000)",LeftFalse_RightFalse,False,"(1.3997750282287598, -0.003922153264284134, -35.00009536743164)","(0.000230346224270761, 0.008112512528896332, -6.416773976525292e-05)",-0.005439,-0.052497,"(-0.000055, -0.000003, 0.001411)",LeftFalse_RightFalse
0.662758,0.085885,"(-34.8305778503418, 1.222004771232605, -1.0593153238296509)","(357.0614318847656, 79.34473419189453, 359.13616943359375)","(-34.95524597167969, 0.7653144001960754, -0.809767484664917)","(0.0007492270087823272, 95.31941986083984, 6.612602737732232e-05)","(-34.99985122680664, -0.003919767681509256, -1.3999990224838257)","(0.0007521305815316737, 89.99468994140625, -3.6879694107483374e-06)",0.0,-0.01416,"(-0.002225, -0.000012, -0.000021)",LeftFalse_RightFalse,False,"(1.3997710943222046, -0.003922054078429937, -35.000022888183594)","(0.0006864460301585495, 0.0073419599793851376, -2.7476633022160968e-06)",0.005888,-0.05141,"(-0.000009, 0.000006, 0.000007)",LeftFalse_RightFalse
0.76878,0.089912,"(-34.838157653808594, 1.2195861339569092, -1.0610010623931885)","(355.9976501464844, 81.26768493652344, 358.86346435546875)","(-34.955299377441406, 0.7653135061264038, -0.8097649216651917)","(0.0006961104809306562, 95.31654357910156, 5.769634299213067e-05)","(-34.9998779296875, -0.003920731134712696, -1.399998664855957)","(0.0006984608480706811, 89.99181365966797, -7.151968929974828e-06)",0.0,-0.01416,"(0.000249, -0.000007, 0.000008)",LeftFalse_RightFalse,False,"(1.3997665643692017, -0.00392173184081912, -34.999908447265625)","(0.0005025214049965143, 0.007951959036290646, -2.269217475259211e-05)",-0.001601,-0.050343,"(-0.000121, -0.000001, 0.003453)",LeftFalse_RightFalse
0.875896,0.093353,"(-34.84049606323242, 1.2206090688705444, -1.060775876045227)","(355.537353515625, 82.46309661865234, 358.1057434082031)","(-34.95521926879883, 0.7653130292892456, -0.8097639679908752)","(0.00048114272067323327, 95.31684112548828, 3.205986286047846e-05)","(-34.99979782104492, -0.003921438939869404, -1.399997353553772)","(0.00048204162158071995, 89.99210357666016, -1.2728698493447155e-05)",0.0,-0.01416,"(0.001184, -0.000004, 0.000015)",LeftFalse_RightFalse,False,"(1.3997676372528076, -0.0039216033183038235, -34.999900817871094)","(0.0007924250676296651, 0.007775053847581148, 1.6164962289622054e-05)",0.003133,-0.049303,"(-0.000005, 0.000002, 0.000004)",LeftFalse_RightFalse
0.983841,0.096272,"(-34.84165573120117, 1.2217026948928833, -1.0617567300796509)","(354.7894287109375, 83.26626586914062, 358.5982666015625)","(-34.955265045166016, 0.7653124332427979, -0.8097655177116394)","(0.0008664069464430213, 95.31847381591797, 8.779168274486437e-05)","(-34.99986267089844, -0.0039215912111103535, -1.3999979496002197)","(0.0008708154200576246, 89.99373626708984, 7.009864475548966e-06)",0.0,-0.01416,"(-0.000626, 0.000002, -0.000008)",LeftFalse_RightFalse,False,"(1.3997697830200195, -0.0039213597774505615, -34.999942779541016)","(0.0009159976034425199, 0.007430927362293005, 3.273277616244741e-05)",0.000623,-0.048264,"(-0.000045, 0.000000, 0.001716)",LeftFalse_RightFalse
1.088627,0.097974,"(-34.84387969970703, 1.219161868095398, -1.0615510940551758)","(355.4359130859375, 83.53343963623047, 358.8583984375)","(-34.95528030395508, 0.7653126120567322, -0.809765636920929)","(0.0007785918423905969, 95.31829833984375, 7.597402873216197e-05)","(-34.9998779296875, -0.003921435214579105, -1.3999981880187988)","(0.0007822824991308153, 89.99356079101562, 3.3924784474947955e-06)",0.0,-0.01416,"(0.001574, 0.000001, 0.000018)",LeftFalse_RightFalse,False,"(1.399764895439148, -0.0039216699078679085, -34.99977111816406)","(0.0004634071665350348, 0.007048472762107849, -2.3462653189199045e-05)",0.001141,-0.047319,"(-0.000013, -0.000004, 0.000592)",LeftFalse_RightFalse
1.195789,0.099811,"(-34.84771728515625, 1.2181223630905151, -1.0622169971466064)","(354.87188720703125, 83.48246002197266, 358.9839782714844)","(-34.95524215698242, 0.7653129696846008, -0.8097645044326782)","(0.0005182354943826795, 95.31798553466797, 3.794662916334346e-05)","(-34.99983215332031, -0.003921473864465952, -1.3999971151351929)","(0.0005195207777433097, 89.99324798583984, -1.0309612662240397e-05)",-0.019836,-0.01416,"(0.001075, -0.000002, 0.000016)",LeftFalse_RightFalse,False,"(1.3997620344161987, -0.00392189109697938, -34.9996452331543)","(0.0004790743114426732, 0.00826307199895382, -1.600331233930774e-05)",0.00019,-0.046333,"(-0.000044, -0.000001, 0.001719)",LeftFalse_RightFalse
1.303577,0.101407,"(-34.85066604614258, 1.2169387340545654, -1.0631930828094482)","(354.5423278808594, 84.0401840209961, 359.0780029296875)","(-34.95524215698242, 0.7653124332427979, -0.8097648024559021)","(0.0006567728705704212, 95.31820678710938, 6.062769898562692e-05)","(-34.99983596801758, -0.003921717405319214, -1.3999972343444824)","(0.0006595649756491184, 89.99346923828125, -5.8274844150219e-07)",-0.134918,-0.014557,"(0.000002, 0.000000, 0.000001)",LeftFalse_RightFalse,False,"(1.3997622728347778, -0.003921770490705967, -34.99958801269531)","(0.0007712033111602068, 0.008951502852141857, 2.3027987481327727e-05)",-0.000201,-0.045375,"(-0.000018, 0.000002, 0.001112)",LeftFalse_RightFalse
1.411976,0.102806,"(-34.85464859008789, 1.2158652544021606, -1.0639522075653076)","(354.7281188964844, 84.99554443359375, 358.60943603515625)","(-34.95524215698242, 0.7653124332427979, -0.8097649216651917)","(0.0007027924293652177, 95.31820678710938, 6.52504459139891e-05)","(-34.99983596801758, -0.003921717405319214, -1.399997353553772)","(0.0007058149785734713, 89.99346923828125, -2.505719294276787e-07)",-0.186493,-0.014557,"(0.000001, 0.000000, 0.000001)",LeftFalse_RightFalse,False,"(1.399756669998169, -0.003921701107174158, -34.99945068359375)","(0.0008173765381798148, 0.008655249141156673, -2.0419251995917875e-06)",-2.8e-05,-0.044455,"(-0.000008, 0.000005, 0.000004)",LeftFalse_RightFalse
1.519894,0.103828,"(-34.8566780090332, 1.2158653736114502, -1.0613493919372559)","(354.86370849609375, 85.21688842773438, 358.5675048828125)","(-34.95524215698242, 0.7653124928474426, -0.8097648024559021)","(0.0007107070414349437, 95.31820678710938, 6.64582330500707e-05)","(-34.99983596801758, -0.0039216866716742516, -1.3999972343444824)","(0.0007138075307011604, 89.99346923828125, 2.175080169308785e-07)",-0.353149,-0.014557,"(0.000000, 0.000001, 0.000001)",LeftFalse_RightFalse,False,"(1.3997560739517212, -0.003921358846127987, -34.99945068359375)","(0.0008816252229735255, 0.008654968813061714, 9.059403055289295e-06)",-1e-05,-0.043532,"(-0.000005, 0.000001, -0.000001)",LeftFalse_RightFalse
1.62751,0.104585,"(-34.8564338684082, 1.2158653736114502, -1.0587570667266846)","(354.4781799316406, 85.47116088867188, 358.95623779296875)","(-34.95524215698242, 0.7653125524520874, -0.8097649216651917)","(0.0007078162743709981, 95.31820678710938, 6.619161285925657e-05)","(-34.99983596801758, -0.0039216578006744385, -1.399997353553772)","(0.0007109044236131012, 89.99346923828125, 2.2026985391221388e-07)",0.003571,-0.014557,"(0.000000, 0.000001, 0.000001)",LeftFalse_RightFalse,False,"(1.3997554779052734, -0.003921300172805786, -34.99945068359375)","(0.0008371708681806922, 0.00865464098751545, 7.286477739398833e-06)",-9e-06,-0.042644,"(-0.000004, 0.000000, -0.000002)",LeftFalse_RightFalse
1.734367,0.10504,"(-34.85719299316406, 1.215865969657898, -1.0565561056137085)","(354.61285400390625, 85.98224639892578, 359.13165283203125)","(-34.95517349243164, 0.7653128504753113, -0.8097638487815857)","(0.00047779062879271805, 95.31790161132812, 3.500719685689546e-05)","(-34.999759674072266, -0.003921621013432741, -1.3999963998794556)","(0.00047897754120640457, 89.99315643310547, -9.483067515247967e-06)",0.003214,-0.014557,"(0.000861, -0.000002, 0.000012)",LeftFalse_RightFalse,False,"(1.3997548818588257, -0.003921441733837128, -34.99945068359375)","(0.0007826740038581192, 0.008654311299324036, 6.119988938735332e-06)",0.002277,-0.04178,"(-0.000004, -0.000001, -0.000001)",LeftFalse_RightFalse
1.841785,0.105516,"(-34.856998443603516, 1.215866208076477, -1.056552767753601)","(354.15679931640625, 86.12380981445312, 359.6849060058594)","(-34.954978942871094, 0.7653125524520874, -0.8097615242004395)","(0.00024431542260572314, 95.31729125976562, 9.021723599289544e-06)","(-34.99955749511719, -0.003922078758478165, -1.3999944925308228)","(0.00024409833713434637, 89.9925537109375, -1.3689794286619872e-05)",0.085313,-0.014557,"(0.001276, -0.000003, 0.000009)",LeftFalse_RightFalse,False,"(1.3997557163238525, -0.0039215125143527985, -34.99946212768555)","(0.0007900417549535632, 0.007876467891037464, 1.4851702871965244e-05)",0.002901,-0.040949,"(0.000005, -0.000002, 0.000158)",LeftFalse_RightFalse
1.945744,0.105204,"(-34.85690689086914, 1.2158702611923218, -1.0564498901367188)","(353.955810546875, 85.79230499267578, 359.85198974609375)","(-34.95387649536133, 0.7653130292892456, -0.809752881526947)","(-0.0019163216929882765, 95.31622314453125, -0.00023321689513977617)","(-34.9984130859375, -0.0039236880838871, -1.3999861478805542)","(-0.0019296947866678238, 89.9914779663086, -5.437502113636583e-05)",0.171702,-0.014557,"(0.023011, -0.000033, 0.000152)",LeftFalse_RightFalse,False,"(1.3997573852539062, -0.0039216079749166965, -34.99946212768555)","(0.0007800683961249888, 0.005936967208981514, 2.0355837477836758e-05)",0.06071,-0.040166,"(-0.000065, -0.000001, 0.002884)",LeftFalse_RightFalse
2.052502,0.105515,"(-34.85349655151367, 1.215880274772644, -1.056321382522583)","(354.02490234375, 85.72284698486328, 359.6952819824219)","(-34.94939422607422, 0.7653128504753113, -0.8097226023674011)","(359.9916076660156, 95.31430053710938, -0.0009498489089310169)","(-34.99382400512695, -0.003930124919861555, -1.3999558687210083)","(359.9915771484375, 89.98956298828125, -0.00016834137204568833)",0.250624,-0.014557,"(0.063498, -0.000084, 0.000403)",LeftFalse_RightFalse,False,"(1.3997397422790527, -0.003923135809600353, -34.9985466003418)","(-0.0013013393618166447, 0.006052965298295021, -0.00010859133180929348)",0.141275,-0.039461,"(-0.000250, -0.000028, 0.015229)",LeftFalse_RightFalse
2.165676,0.107047,"(-34.842735290527344, 1.215893030166626, -1.0572576522827148)","(353.7195739746094, 85.90522766113281, 359.5159606933594)","(-34.93846130371094, 0.7653093934059143, -0.809654176235199)","(359.9815673828125, 95.31272888183594, -0.002038310980424285)","(-34.98274230957031, -0.003943044226616621, -1.3998866081237793)","(359.9814758300781, 89.98799896240234, -0.00032029932481236756)",0.323607,-0.014557,"(0.134536, -0.000132, 0.000828)",LeftFalse_RightFalse,False,"(1.3996710777282715, -0.003929109778255224, -34.9944953918457)","(359.99285888671875, 0.003553713671863079, -0.00038127799052745104)",0.261238,-0.039045,"(-0.000938, -0.000075, 0.056923)",LeftFalse_RightFalse
2.285622,0.109626,"(-34.821712493896484, 1.2159066200256348, -1.0560117959976196)","(353.7496337890625, 86.47392272949219, 359.4637756347656)","(-34.91747283935547, 0.765303373336792, -0.8095209002494812)","(359.96942138671875, 95.30697631835938, -0.003364879172295332)","(-34.96152877807617, -0.003960474394261837, -1.3997551202774048)","(359.96923828125, 89.98224639892578, -0.0005136199179105461)",0.389682,-0.014557,"(0.223921, -0.000150, 0.001372)",LeftFalse_RightFalse,False,"(1.3994896411895752, -0.003941823728382587, -34.98354721069336)","(359.98199462890625, 359.9938049316406, -0.0008686146466061473)",0.359615,-0.038557,"(-0.002109, -0.000135, 0.130581)",LeftFalse_RightFalse
2.402866,0.11115,"(-34.78857421875, 1.2159197330474854, -1.053740382194519)","(353.88726806640625, 86.5394515991211, 359.4815673828125)","(-34.885494232177734, 0.7652966976165771, -0.8093169331550598)","(359.9577331542969, 95.29885864257812, -0.004648436326533556)","(-34.9293098449707, -0.003978208173066378, -1.39955472946167)","(359.9574890136719, 89.97412872314453, -0.0007059442577883601)",0.448369,-0.014557,"(0.333126, -0.000148, 0.002075)",LeftFalse_RightFalse,False,"(1.3991549015045166, -0.003960274625569582, -34.96278762817383)","(359.96844482421875, 359.97930908203125, -0.0014226001221686602)",0.455568,-0.037924,"(-0.003688, -0.000171, 0.231669)",LeftFalse_RightFalse
2.50935,0.110217,"(-34.74800491333008, 1.2138350009918213, -1.0524249076843262)","(353.7089538574219, 86.43257141113281, 359.90484619140625)","(-34.84498596191406, 0.7652909755706787, -0.8090537786483765)","(359.94775390625, 95.2886734008789, 359.9942321777344)","(-34.8885612487793, -0.00399350980296731, -1.3992968797683716)","(359.94744873046875, 89.96394348144531, -0.0008874664781615138)",0.501187,-0.014557,"(0.437015, -0.000139, 0.002783)",LeftFalse_RightFalse,False,"(1.3986750841140747, -0.003979536704719067, -34.93271255493164)","(359.95501708984375, 359.9593505859375, -0.001967167714610696)",0.524639,-0.037674,"(-0.005372, -0.000190, 0.338119)",LeftFalse_RightFalse
2.622574,0.110818,"(-34.69233322143555, 1.2072290182113647, -1.0507876873016357)","(352.76007080078125, 86.25836181640625, 0.30521586537361145)","(-34.788307189941406, 0.7652855515480042, -0.8086757659912109)","(359.9374694824219, 95.27450561523438, 359.9930725097656)","(-34.83159637451172, -0.004009095951914787, -1.3989267349243164)","(359.9371032714844, 89.94976043701172, -0.0010995175689458847)",0.549895,-0.014557,"(0.576001, -0.000133, 0.003798)",LeftFalse_RightFalse,False,"(1.3979313373565674, -0.004001306835561991, -34.88648223876953)","(359.94049072265625, 359.92913818359375, -0.002602954860776663)",0.604186,-0.03757,"(-0.007860, -0.000188, 0.485247)",LeftFalse_RightFalse
2.734894,0.111119,"(-34.62070846557617, 1.1974916458129883, -1.0491207838058472)","(351.716796875, 85.99958801269531, 0.7654556632041931)","(-34.716800689697266, 0.765280544757843, -0.8081813454627991)","(359.92803955078125, 95.2566909790039, 359.991943359375)","(-34.75978088378906, -0.004023655317723751, -1.3984425067901611)","(359.9276123046875, 89.93194580078125, -0.0013299334095790982)",0.594904,-0.014191,"(0.702822, -0.000128, 0.004811)",LeftFalse_RightFalse,False,"(1.3968985080718994, -0.004022156819701195, -34.82402801513672)","(359.9268798828125, 359.8887023925781, -0.0033037601970136166)",0.664319,-0.037639,"(-0.010476, -0.000183, 0.626487)",LeftFalse_RightFalse
2.843781,0.110673,"(-34.535335540771484, 1.1899304389953613, -1.047291874885559)","(350.51348876953125, 85.85720825195312, 0.6899685263633728)","(-34.631568908691406, 0.7652752995491028, -0.8075756430625916)","(359.9191589355469, 95.23594665527344, 359.9909362792969)","(-34.67421340942383, -0.004037751816213131, -1.397849440574646)","(359.9186706542969, 89.91120910644531, -0.0015258415369316936)",0.635412,-0.014191,"(0.867241, -0.000127, 0.006131)",LeftFalse_RightFalse,False,"(1.395545482635498, -0.004041997715830803, -34.74556350708008)","(359.9140625, 359.83795166015625, -0.004102521110326052)",0.731516,-0.038402,"(-0.014309, -0.000177, 0.812812)",LeftFalse_RightFalse
2.952423,0.110266,"(-34.431175231933594, 1.1822857856750488, -1.0453922748565674)","(351.2344970703125, 85.66825866699219, 1.205777645111084)","(-34.52989196777344, 0.7652705311775208, -0.8068197965621948)","(359.9110107421875, 95.21137237548828, 359.9898986816406)","(-34.572174072265625, -0.00405156472697854, -1.3971079587936401)","(359.9104309082031, 89.88662719726562, -0.0018003005534410477)",0.671088,-0.014191,"(1.013402, -0.000127, 0.007531)",LeftFalse_RightFalse,False,"(1.3937557935714722, -0.004061202518641949, -34.648075103759766)","(359.902099609375, 359.7741394042969, -0.005136676132678986)",0.781154,-0.038472,"(-0.018538, -0.000177, 0.984098)",LeftFalse_RightFalse
3.066826,0.111094,"(-34.30366134643555, 1.1826459169387817, -1.0444588661193848)","(351.1081848144531, 85.54279327392578, 1.5327773094177246)","(-34.403663635253906, 0.7652657628059387, -0.8058257102966309)","(359.90277099609375, 95.18086242675781, 359.98876953125)","(-34.445518493652344, -0.004066156223416328, -1.3961312770843506)","(359.90216064453125, 89.85612487792969, -0.002149451756849885)",0.702415,-0.014191,"(1.198443, -0.000129, 0.009522)",LeftFalse_RightFalse,False,"(1.391296148300171, -0.00408145971596241, -34.52275848388672)","(359.8899841308594, 359.6915588378906, 359.99371337890625)",0.834487,-0.038937,"(-0.024379, -0.000177, 1.203850)",LeftFalse_RightFalse
3.180363,0.111582,"(-34.15435028076172, 1.1873195171356201, -1.04598069190979)","(350.973388671875, 85.21896362304688, 1.8348746299743652)","(-34.25812911987305, 0.7652609944343567, -0.8046032190322876)","(359.8953552246094, 95.14572143554688, 359.9877014160156)","(-34.299522399902344, -0.004080766811966896, -1.3949286937713623)","(359.8946533203125, 89.82097625732422, -0.0025432391557842493)",0.726703,-0.014008,"(1.391754, -0.000128, 0.011899)",LeftFalse_RightFalse,False,"(1.3881418704986572, -0.004101714584976435, -34.373985290527344)","(359.8788146972656, 359.59271240234375, 359.9922790527344)",0.87884,-0.056895,"(-0.031821, -0.000179, 1.439077)",LeftFalse_RightFalse
3.296055,0.112404,"(-33.98332214355469, 1.1873215436935425, -1.0480611324310303)","(350.99078369140625, 84.53266143798828, 1.2712863683700562)","(-34.0881233215332, 0.7652551531791687, -0.8030778169631958)","(359.88861083984375, 95.10504150390625, 359.9866638183594)","(-34.129005432128906, -0.004095854703336954, -1.3934268951416016)","(359.8878479003906, 89.7802963256836, -0.002945470856502652)",0.735281,-0.012115,"(1.558090, -0.000129, 0.014110)",LeftFalse_RightFalse,False,"(1.3832181692123413, -0.004122574348002672, -34.19571304321289)","(359.8683166503906, 359.4391174316406, 359.9854736328125)",0.907765,-0.072758,"(-0.050203, -0.000184, 1.645492)",LeftFalse_RightFalse
3.405251,0.111762,"(-33.80254364013672, 1.1861495971679688, -1.049900770187378)","(350.3972473144531, 84.12950134277344, 0.5591442584991455)","(-33.90715789794922, 0.7652438282966614, -0.8014329671859741)","(359.8831787109375, 95.06621551513672, 359.9862976074219)","(-33.947566986083984, -0.004109748639166355, -1.3918112516403198)","(359.8824157714844, 89.74147033691406, -0.0027978685684502125)",0.730502,-0.008911,"(1.759101, -0.000127, 0.015967)",LeftFalse_RightFalse,False,"(1.3759632110595703, -0.004143072757869959, -34.00165939331055)","(359.8591613769531, 359.2130126953125, 359.9762878417969)",0.926452,-0.086338,"(-0.077123, -0.000190, 1.901534)",LeftFalse_RightFalse
3.5145,0.11126,"(-33.601707458496094, 1.1885395050048828, -1.0504848957061768)","(348.97247314453125, 83.80792236328125, 359.6990966796875)","(-33.70622634887695, 0.7652261257171631, -0.7996716499328613)","(359.87921142578125, 95.03154754638672, 359.98663330078125)","(-33.7462272644043, -0.00412301579490304, -1.3900835514068604)","(359.8785095214844, 89.70679473876953, -0.0020856866613030434)",0.718778,-0.007996,"(1.924230, -0.000116, 0.016338)",LeftFalse_RightFalse,False,"(1.3657805919647217, -0.004163668025285006, -33.781856536865234)","(359.8512878417969, 358.9094543457031, 359.9672546386719)",0.925334,-0.086738,"(-0.105646, -0.000190, 2.119059)",LeftFalse_RightFalse
3.618359,0.10978,"(-33.39163589477539, 1.188534140586853, -1.04986572265625)","(349.2023010253906, 83.6702651977539, 359.30255126953125)","(-33.4971809387207, 0.7652139067649841, -0.7978785634040833)","(359.8771057128906, 95.0018081665039, 359.9866943359375)","(-33.53684616088867, -0.004134350456297398, -1.3883142471313477)","(359.87640380859375, 89.67705535888672, -0.0018432813230901957)",0.69768,-0.007996,"(2.085062, -0.000104, 0.017810)",LeftFalse_RightFalse,False,"(1.3533270359039307, -0.004183185286819935, -33.54890060424805)","(359.8453674316406, 358.56634521484375, 359.9621887207031)",0.911342,-0.094222,"(-0.130223, -0.000188, 2.336206)",LeftFalse_RightFalse
3.722855,0.108723,"(-33.16413116455078, 1.1885275840759277, -1.0488557815551758)","(350.10528564453125, 84.392578125, 359.10992431640625)","(-33.26971435546875, 0.7652083039283752, -0.7958567142486572)","(359.87664794921875, 94.97096252441406, 359.9862976074219)","(-33.30905532836914, -0.004144009668380022, -1.3863087892532349)","(359.87591552734375, 89.64620971679688, -0.0022037746384739876)",0.67037,-0.007996,"(2.269481, -0.000086, 0.020553)",LeftFalse_RightFalse,False,"(1.337479829788208, -0.004201690200716257, -33.291133880615234)","(359.841552734375, 358.16290283203125, 359.95526123046875)",0.882034,-0.087371,"(-0.169955, -0.000168, 2.590201)",LeftFalse_RightFalse
3.833778,0.109164,"(-32.90384292602539, 1.1874189376831055, -1.049926996231079)","(350.4435119628906, 86.05648040771484, 359.47845458984375)","(-33.010414123535156, 0.7652044892311096, -0.7934210300445557)","(359.8776550292969, 94.93602752685547, 359.98583984375)","(-33.049407958984375, -0.00415272731333971, -1.3838896751403809)","(359.8768615722656, 89.61128234863281, -0.002748730592429638)",0.6446,-0.007996,"(2.414140, -0.000068, 0.023076)",LeftFalse_RightFalse,False,"(1.317247986793518, -0.004219474736601114, -32.992698669433594)","(359.83978271484375, 357.7034912109375, 359.9524841308594)",0.848558,-0.084292,"(-0.196564, -0.000153, 2.793234)",LeftFalse_RightFalse
3.94413,0.109401,"(-32.62874221801758, 1.1874088048934937, -1.0481468439102173)","(350.11395263671875, 86.97107696533203, 359.46282958984375)","(-32.735408782958984, 0.7652009725570679, -0.7906777262687683)","(359.8799743652344, 94.89910125732422, 359.98553466796875)","(-32.774051666259766, -0.004159725736826658, -1.381164789199829)","(359.879150390625, 89.57435607910156, -0.0032564334105700254)",0.625771,-0.007996,"(2.577149, -0.000058, 0.026319)",LeftFalse_RightFalse,False,"(1.2936099767684937, -0.004234915599226952, -32.67182159423828)","(359.8405456542969, 357.2343444824219, 359.9504089355469)",0.807427,-0.078126,"(-0.233765, -0.000129, 3.023010)",LeftFalse_RightFalse
4.053257,0.109346,"(-32.3407096862793, 1.1873984336853027, -1.0450286865234375)","(350.0302734375, 86.62728881835938, 359.4053039550781)","(-32.447566986083984, 0.7651975154876709, -0.7876282334327698)","(359.88262939453125, 94.86051940917969, 359.9853515625)","(-32.48584747314453, -0.0041658999398350716, -1.3781354427337646)","(359.88177490234375, 89.5357666015625, -0.00370659283362329)",0.609224,-0.007996,"(2.706123, -0.000056, 0.029205)",LeftFalse_RightFalse,False,"(1.2665629386901855, -0.004248041193932295, -32.33228302001953)","(359.84307861328125, 356.764892578125, 359.9488525390625)",0.77938,-0.058207,"(-0.263701, -0.000114, 3.201056)",LeftFalse_RightFalse
4.162655,0.109356,"(-32.03697967529297, 1.1873877048492432, -1.0415425300598145)","(350.1124267578125, 86.42703247070312, 359.4117431640625)","(-32.144039154052734, 0.7651934623718262, -0.784214973449707)","(359.88531494140625, 94.81989288330078, 359.98516845703125)","(-32.18193817138672, -0.004172229673713446, -1.374743938446045)","(359.8844299316406, 89.4951400756836, -0.004119892604649067)",0.592743,-0.007996,"(2.853361, -0.000059, 0.032888)",LeftFalse_RightFalse,False,"(1.2369884252548218, -0.004259855952113867, -31.971210479736328)","(359.84674072265625, 356.35205078125, 359.95550537109375)",0.752484,-0.034225,"(-0.284836, -0.000103, 3.404003)",LeftFalse_RightFalse
4.269512,0.108856,"(-31.726503372192383, 1.1873769760131836, -1.0388073921203613)","(350.1092834472656, 86.70333862304688, 359.1114501953125)","(-31.833681106567383, 0.7651890516281128, -0.7805141806602478)","(359.8876953125, 94.77840423583984, 359.9850158691406)","(-31.871183395385742, -0.004178764298558235, -1.371065616607666)","(359.88677978515625, 89.45365905761719, -0.004500353243201971)",0.57672,-0.007996,"(2.969826, -0.000064, 0.036135)",LeftFalse_RightFalse,False,"(1.206668734550476, -0.004270939156413078, -31.59937858581543)","(359.8503723144531, 356.04541015625, 359.9674377441406)",0.731863,-0.008991,"(-0.289708, -0.000105, 3.564388)",LeftFalse_RightFalse
4.38644,0.110471,"(-31.37087059020996, 1.1873668432235718, -1.0343196392059326)","(350.3458557128906, 86.83026885986328, 359.0279235839844)","(-31.479290008544922, 0.7651833891868591, -0.776028573513031)","(359.8902587890625, 94.73109436035156, 359.98486328125)","(-31.516338348388672, -0.004186616279184818, -1.3666057586669922)","(359.8893127441406, 89.40635681152344, -0.004900963511317968)",0.561108,-0.007996,"(3.102172, -0.000069, 0.040240)",LeftFalse_RightFalse,False,"(1.1736688613891602, -0.004283624701201916, -31.172060012817383)","(359.854248046875, 355.8756103515625, 359.986572265625)",0.709044,-0.000377,"(-0.284753, -0.000110, 3.747632)",LeftFalse_RightFalse
4.497303,0.110549,"(-31.0201358795166, 1.1873573064804077, -1.0306415557861328)","(350.2659912109375, 87.056640625, 359.0628967285156)","(-31.129772186279297, 0.7651779651641846, -0.7713326811790466)","(359.89251708984375, 94.68450164794922, 359.98468017578125)","(-31.166370391845703, -0.004194209352135658, -1.3619351387023926)","(359.8915710449219, 89.3597640991211, -0.00527400616556406)",0.545868,-0.007996,"(3.206439, -0.000071, 0.043827)",LeftFalse_RightFalse,False,"(1.1421546936035156, -0.0042960732243955135, -30.748241424560547)","(359.85760498046875, 355.8209228515625, -0.002607817528769374)",0.689982,-0.004287,"(-0.287022, -0.000116, 3.891128)",LeftFalse_RightFalse
4.605396,0.110058,"(-30.667217254638672, 1.1873458623886108, -1.026545763015747)","(350.3067932128906, 87.45357513427734, 359.1473693847656)","(-30.777000427246094, 0.7651726007461548, -0.7663179636001587)","(359.8948059082031, 94.63753509521484, 359.9845275878906)","(-30.81314468383789, -0.004201535135507584, -1.3569458723068237)","(359.8938293457031, 89.31278228759766, -0.005629075691103935)",0.532152,-0.007996,"(3.324397, -0.000068, 0.048324)",LeftFalse_RightFalse,False,"(1.1102098226547241, -0.004308887291699648, -30.31852912902832)","(359.86077880859375, 355.7917175292969, -0.0017961303237825632)",0.668353,-0.005893,"(-0.302964, -0.000119, 4.053172)",LeftFalse_RightFalse
4.722191,0.111405,"(-30.273303985595703, 1.1873341798782349, -1.020526647567749)","(350.1709899902344, 87.74287414550781, 359.0491027832031)","(-30.383342742919922, 0.7651669979095459, -0.7603967785835266)","(359.8971252441406, 94.58515167236328, 359.984375)","(-30.418977737426758, -0.004209302365779877, -1.3510527610778809)","(359.8961181640625, 89.26040649414062, 359.9939880371094)",0.519014,-0.007996,"(3.435635, -0.000065, 0.053033)",LeftFalse_RightFalse,False,"(1.0739283561706543, -0.004322853405028582, -29.83709716796875)","(359.8639831542969, 355.7514953613281, -0.00409553200006485)",0.648477,-0.002066,"(-0.319168, -0.000120, 4.204949)",LeftFalse_RightFalse
4.837532,0.112192,"(-29.87220573425293, 1.187322974205017, -1.014042854309082)","(350.0860290527344, 87.53652954101562, 359.180908203125)","(-29.982501983642578, 0.7651613354682922, -0.7540130019187927)","(359.8992919921875, 94.5318832397461, 359.9842224121094)","(-30.017616271972656, -0.004217091947793961, -1.34469735622406)","(359.89825439453125, 89.20713806152344, 359.9936218261719)",0.506,-0.007996,"(3.523064, -0.000065, 0.057106)",LeftFalse_RightFalse,False,"(1.0367144346237183, -0.00433657132089138, -29.34514617919922)","(359.8670349121094, 355.71807861328125, -0.0035831634886562824)",0.632453,0.002431,"(-0.326714, -0.000118, 4.324018)",LeftFalse_RightFalse
4.947594,0.111767,"(-29.479021072387695, 1.1873120069503784, -1.0083870887756348)","(350.0285339355469, 87.13848876953125, 359.1306457519531)","(-29.589487075805664, 0.7651560306549072, -0.747405469417572)","(359.9013671875, 94.47969818115234, 359.98406982421875)","(-29.62409210205078, -0.004224340431392193, -1.3381173610687256)","(359.90032958984375, 89.15496063232422, 359.9932861328125)",0.490318,-0.007751,"(3.621672, -0.000064, 0.062159)",LeftFalse_RightFalse,False,"(1.000557780265808, -0.0043492671102285385, -28.8613338470459)","(359.8699951171875, 355.7162170410156, -9.238871280103922e-05)",0.614943,0.001937,"(-0.331710, -0.000112, 4.459074)",LeftFalse_RightFalse
5.061161,0.112127,"(-29.062191009521484, 1.1873021125793457, -1.001024603843689)","(350.2242431640625, 87.14332580566406, 359.141845703125)","(-29.173967361450195, 0.7651494741439819, -0.7400653958320618)","(359.903564453125, 94.4254150390625, 359.98406982421875)","(-29.20804214477539, -0.004231438972055912, -1.3308075666427612)","(359.9024963378906, 89.10066223144531, 359.9930725097656)",0.469458,-0.005371,"(3.712944, -0.000060, 0.067072)",LeftFalse_RightFalse,False,"(0.9624674320220947, -0.004362024366855621, -28.348365783691406)","(359.8728332519531, 355.7294006347656, 0.001520467340014875)",0.594856,0.001791,"(-0.339934, -0.000113, 4.585186)",LeftFalse_RightFalse
5.174377,0.112344,"(-28.638263702392578, 1.1872836351394653, -0.9932283163070679)","(350.30224609375, 87.18141174316406, 359.1244812011719)","(-28.750272750854492, 0.7651312351226807, -0.7323686480522156)","(359.9059753417969, 94.3781967163086, 359.9852294921875)","(-28.783893585205078, -0.004237882327288389, -1.3231520652770996)","(359.9049987792969, 89.05345916748047, 359.9940490722656)",0.450288,-0.002533,"(3.781515, -0.000052, 0.068738)",LeftFalse_RightFalse,False,"(0.9236332178115845, -0.004374569281935692, -27.823883056640625)","(359.87567138671875, 355.7449951171875, 0.002008204348385334)",0.572146,0.006339,"(-0.346257, -0.000108, 4.682419)",LeftFalse_RightFalse
5.290245,0.113049,"(-28.195711135864258, 1.1872575283050537, -0.9851876497268677)","(350.63482666015625, 86.99349212646484, 359.16119384765625)","(-28.307880401611328, 0.7651009559631348, -0.7244037389755249)","(359.9089050292969, 94.3479995727539, 359.98773193359375)","(-28.341232299804688, -0.004242994822561741, -1.3152351379394531)","(359.90814208984375, 89.02325439453125, -0.0037573124282062054)",0.433035,-0.000122,"(3.855302, -0.000039, 0.068962)",LeftFalse_RightFalse,False,"(0.883592963218689, -0.0043860231526196, -27.274822235107422)","(359.8791198730469, 355.7816467285156, 0.0053530423901975155)",0.544634,0.012007,"(-0.346294, -0.000091, 4.789015)",LeftFalse_RightFalse
5.400761,0.112542,"(-27.76633071899414, 1.1872327327728271, -0.9786939024925232)","(350.42535400390625, 86.74070739746094, 359.084716796875)","(-27.87849235534668, 0.7650721669197083, -0.7168378829956055)","(359.91180419921875, 94.33599853515625, 359.9902038574219)","(-27.911762237548828, -0.004246939904987812, -1.307706356048584)","(359.9112854003906, 89.01126098632812, -0.0015671635046601295)",0.417507,0.00174,"(3.921315, -0.000031, 0.068211)",LeftFalse_RightFalse,False,"(0.8457757234573364, -0.004395622294396162, -26.740680694580078)","(359.8829345703125, 355.854736328125, 0.011099985800683498)",0.521127,0.026454,"(-0.339793, -0.000079, 4.883511)",LeftFalse_RightFalse
5.512424,0.112367,"(-27.32480239868164, 1.187211513519287, -0.9722912311553955)","(350.4891662597656, 86.80622100830078, 358.933837890625)","(-27.43793296813965, 0.7650463581085205, -0.7093003392219543)","(359.9146423339844, 94.33832550048828, 359.992431640625)","(-27.47126579284668, -0.004250402096658945, -1.300194263458252)","(359.914306640625, 89.01358032226562, 0.00037690813769586384)",0.403532,0.005463,"(3.970564, -0.000028, 0.066853)",LeftFalse_RightFalse,False,"(0.8092377185821533, -0.004403580911457539, -26.191591262817383)","(359.8871154785156, 356.005859375, 0.023505987599492073)",0.503503,0.017652,"(-0.317530, -0.000063, 4.954078)",LeftFalse_RightFalse
5.621681,0.111745,"(-26.888111114501953, 1.1871834993362427, -0.9663413763046265)","(350.6298522949219, 86.64940643310547, 358.7412414550781)","(-27.00107765197754, 0.7650099396705627, -0.7023054361343384)","(359.91729736328125, 94.36172485351562, -0.0042679449543356895)","(-27.034690856933594, -0.0042531732469797134, -1.2932273149490356)","(359.9172668457031, 89.0369873046875, 0.0034252565819770098)",0.389764,0.009918,"(4.023375, -0.000023, 0.061894)",LeftFalse_RightFalse,False,"(0.7747164964675903, -0.004338080063462257, -25.64638900756836)","(359.8912048339844, 356.1845397949219, 0.027249502018094063)",0.131362,0.025506,"(-0.312492, 0.001044, 5.029272)",LeftFalse_RightFalse
5.73378,0.111816,"(-26.433597564697266, 1.1871527433395386, -0.9599965810775757)","(350.5882873535156, 86.70039367675781, 358.673828125)","(-26.54737663269043, 0.7649644613265991, -0.6958101987838745)","(359.9197082519531, 94.41285705566406, -4.8838566726772115e-05)","(-26.581554412841797, -0.004255546256899834, -1.2867558002471924)","(359.9200744628906, 89.088134765625, 0.007401284761726856)",0.372612,0.010651,"(4.062320, -0.000019, 0.054648)",LeftFalse_RightFalse,False,"(0.7411822080612183, -0.004306409507989883, -25.08551025390625)","(359.9092102050781, 356.38140869140625, 0.03277024254202843)",-0.021913,0.039396,"(-0.287205, -0.001732, 4.973372)",LeftFalse_RightFalse
5.848583,0.112413,"(-25.964418411254883, 1.187126874923706, -0.9542741179466248)","(350.69183349609375, 86.93010711669922, 358.5699157714844)","(-26.077877044677734, 0.7649314999580383, -0.6899617910385132)","(359.9224548339844, 94.48686218261719, 0.0029939794912934303)","(-26.112857818603516, -0.004257609136402607, -1.2809005975723267)","(359.9230651855469, 89.16212463378906, 0.01017678715288639)",0.35162,0.010651,"(4.101698, -0.000014, 0.048215)",LeftFalse_RightFalse,False,"(0.7113227844238281, -0.0043826717883348465, -24.523197174072266)","(359.94573974609375, 356.66290283203125, 0.045198336243629456)",0.031821,0.041122,"(-0.239827, 0.000049, 4.829314)",LeftFalse_RightFalse
5.962044,0.112623,"(-25.49688148498535, 1.1861042976379395, -0.9492995738983154)","(350.72418212890625, 87.1294174194336, 358.7168273925781)","(-25.609996795654297, 0.7649160623550415, -0.6848381161689758)","(359.9255676269531, 94.56672668457031, 0.004452192690223455)","(-25.645845413208008, -0.004258611239492893, -1.2757437229156494)","(359.9263000488281, 89.24198913574219, 0.011339967139065266)",0.33233,0.010681,"(4.132339, -0.000001, 0.042414)",LeftFalse_RightFalse,False,"(0.6862583160400391, -0.004346975591033697, -23.98137664794922)","(359.9740295410156, 356.99383544921875, 0.05329274758696556)",0.063725,0.048543,"(-0.201477, 0.000455, 4.718220)",LeftFalse_RightFalse
6.071377,0.111964,"(-25.04360008239746, 1.186092495918274, -0.9451191425323486)","(350.6750793457031, 87.10266876220703, 358.69122314453125)","(-25.156375885009766, 0.7649080753326416, -0.6805066466331482)","(359.9288330078125, 94.64549255371094, 0.005301167722791433)","(-25.19308090209961, -0.004258435685187578, -1.2713702917099)","(359.92962646484375, 89.32075500488281, 0.011881822720170021)",0.314969,0.011322,"(4.151266, 0.000005, 0.037424)",LeftFalse_RightFalse,False,"(0.6663532257080078, -0.004299863241612911, -23.46978187561035)","(359.9867858886719, 357.3499755859375, 0.06082646921277046)",0.037164,0.065967,"(-0.163395, 0.000380, 4.638855)",LeftFalse_RightFalse
6.189133,0.113123,"(-24.553260803222656, 1.1860796213150024, -0.9413561820983887)","(350.52972412109375, 87.15550231933594, 358.805419921875)","(-24.665658950805664, 0.7648991942405701, -0.6765763163566589)","(359.9325866699219, 94.73356628417969, 0.006379503756761551)","(-24.703323364257812, -0.0042569804936647415, -1.2673931121826172)","(359.9334716796875, 89.40882873535156, 0.012607631273567677)",0.299345,0.011719,"(4.166811, 0.000015, 0.030468)",LeftFalse_RightFalse,False,"(0.6512613296508789, -0.004263103939592838, -22.92974853515625)","(359.99285888671875, 357.83428955078125, 0.07639725506305695)",0.04268,0.077986,"(-0.100898, 0.000248, 4.535666)",LeftFalse_RightFalse
6.302597,0.113191,"(-24.07941436767578, 1.1860685348510742, -0.9385101199150085)","(350.5772705078125, 87.09758758544922, 358.97210693359375)","(-24.191429138183594, 0.7648919224739075, -0.6735619306564331)","(359.9360656738281, 94.82205200195312, 0.007358732633292675)","(-24.230052947998047, -0.0042547727935016155, -1.2643290758132935)","(359.93701171875, 89.49732208251953, 0.013261203654110432)",0.282109,0.011719,"(4.176006, 0.000023, 0.023291)",LeftFalse_RightFalse,False,"(0.6435681581497192, -0.004239607602357864, -22.42047691345215)","(-0.004401639103889465, 358.40130615234375, 0.09095007926225662)",0.057717,0.073549,"(-0.036703, 0.000163, 4.435894)",LeftFalse_RightFalse
6.414234,0.11288,"(-23.61244773864746, 1.1860603094100952, -0.9353532791137695)","(350.5722351074219, 86.651611328125, 359.1925048828125)","(-23.724170684814453, 0.7648886442184448, -0.6713394522666931)","(359.9393310546875, 94.91082000732422, 0.008014735765755177)","(-23.763755798339844, -0.004251972306519747, -1.262050986289978)","(359.9403381347656, 89.58609008789062, 0.013610456138849258)",0.259453,0.011719,"(4.178034, 0.000026, 0.017488)",LeftFalse_RightFalse,False,"(0.6416082382202148, -0.00422418350353837, -21.929487228393555)","(-0.0041341944597661495, 358.9859619140625, 0.09469559043645859)",0.033777,0.072093,"(0.002072, 0.000115, 4.359630)",LeftFalse_RightFalse
6.526173,0.112692,"(-23.144453048706055, 1.186052918434143, -0.932976245880127)","(350.54736328125, 86.07413482666016, 359.299560546875)","(-23.255884170532227, 0.764887809753418, -0.6698397994041443)","(359.9430236816406, 95.00004577636719, 0.008505918085575104)","(-23.296438217163086, -0.004248380661010742, -1.2604912519454956)","(359.9440612792969, 89.67530822753906, 0.01375669427216053)",0.233508,0.011688,"(4.171712, 0.000039, 0.010518)",LeftFalse_RightFalse,False,"(0.6443484425544739, -0.004212621599435806, -21.44708824157715)","(-0.0038906270638108253, 359.55108642578125, 0.09292405098676682)",0.053614,0.071783,"(0.046394, 0.000102, 4.261150)",LeftFalse_RightFalse
6.63747,0.112414,"(-22.68034553527832, 1.1860467195510864, -0.9323751926422119)","(350.381591796875, 85.76811218261719, 359.34539794921875)","(-22.791400909423828, 0.7648895382881165, -0.6690675616264343)","(359.9471435546875, 95.08840942382812, 0.008914959616959095)","(-22.832921981811523, -0.0042432635091245174, -1.259656310081482)","(359.94818115234375, 89.76367950439453, 0.013782736845314503)",0.210157,0.011688,"(4.158289, 0.000051, 0.004759)",LeftFalse_RightFalse,False,"(0.6516222357749939, -0.004201609641313553, -20.97719955444336)","(-0.003972064238041639, 0.09553439170122147, 0.09021925181150436)",0.036877,0.069089,"(0.084003, 0.000092, 4.186401)",LeftFalse_RightFalse
6.754368,0.11331,"(-22.19618034362793, 1.1870410442352295, -0.9314042925834656)","(350.1637878417969, 85.74396514892578, 359.4690246582031)","(-22.30594253540039, 0.7648932933807373, -0.6690269708633423)","(359.9519958496094, 95.1805191040039, 0.009316111914813519)","(-22.348478317260742, -0.00423625810071826, -1.2595477104187012)","(359.9530944824219, 89.85577392578125, 0.013729345984756947)",0.189142,0.011688,"(4.133390, 0.000066, -0.002103)",LeftFalse_RightFalse,False,"(0.6636838912963867, -0.0041911122389137745, -20.49393081665039)","(-0.003905033227056265, 0.6419292688369751, 0.08468227088451385)",0.049619,0.065803,"(0.119508, 0.000094, 4.092840)",LeftFalse_RightFalse
6.865196,0.112814,"(-21.740358352661133, 1.1881139278411865, -0.9321517944335938)","(349.87213134765625, 85.35675048828125, 359.4919128417969)","(-21.848722457885742, 0.7648988366127014, -0.6697038412094116)","(359.95660400390625, 95.26712036132812, 0.009642230346798897)","(-21.8922119140625, -0.004228208679705858, -1.2601583003997803)","(359.9576721191406, 89.9423828125, 0.013628482818603516)",0.170227,0.011688,"(4.100902, 0.000076, -0.008840)",LeftFalse_RightFalse,False,"(0.6786501407623291, -0.004181071184575558, -20.045207977294922)","(-0.004088223446160555, 1.129838228225708, 0.07898812741041183)",0.066534,0.062481,"(0.151474, 0.000086, 4.005927)",LeftFalse_RightFalse
6.979568,0.113125,"(-21.272541046142578, 1.1881117820739746, -0.9316755533218384)","(349.50732421875, 84.61009216308594, 359.6401672363281)","(-21.38072395324707, 0.7649059295654297, -0.6711156964302063)","(359.9610290527344, 95.35565948486328, 0.00990036316215992)","(-21.425186157226562, -0.004219268914312124, -1.2615001201629639)","(359.96209716796875, 90.03092193603516, 0.013474554754793644)",0.153205,0.011688,"(4.061830, 0.000080, -0.015396)",LeftFalse_RightFalse,False,"(0.6973352432250977, -0.0041720075532794, -19.591020584106445)","(-0.005336523987352848, 1.6022367477416992, 0.07312291115522385)",0.066502,0.056905,"(0.179909, 0.000067, 3.927468)",LeftFalse_RightFalse
7.098133,0.114213,"(-20.79346466064453, 1.1891279220581055, -0.932907223701477)","(349.34783935546875, 84.14268493652344, 359.6070556640625)","(-20.900362014770508, 0.7649142742156982, -0.6733273863792419)","(359.9652099609375, 95.44641876220703, 0.01008546445518732)","(-20.94581413269043, -0.0042097908444702625, -1.2636377811431885)","(359.96630859375, 90.12168884277344, 0.013270480558276176)",0.137884,0.011688,"(4.024504, 0.000081, -0.020695)",LeftFalse_RightFalse,False,"(0.7196372747421265, -0.004164644982665777, -19.129100799560547)","(359.9930114746094, 2.051886558532715, 0.0659218281507492)",0.034035,0.053897,"(0.197954, 0.000057, 3.863934)",LeftFalse_RightFalse
7.220383,0.115821,"(-20.304426193237305, 1.1891287565231323, -0.9361263513565063)","(349.2248229980469, 84.02722930908203, 359.7129821777344)","(-20.410934448242188, 0.7649239897727966, -0.6763724088668823)","(359.96929931640625, 95.5387954711914, 0.010206494480371475)","(-20.457393646240234, -0.004199625458568335, -1.2666051387786865)","(359.9703674316406, 90.21405792236328, 0.013012758456170559)",0.124096,0.011688,"(3.966485, 0.000082, -0.027826)",LeftFalse_RightFalse,False,"(0.7451703548431396, -0.004155931994318962, -18.662899017333984)","(359.9936218261719, 2.4706554412841797, 0.0588470883667469)",0.072365,0.052009,"(0.221334, 0.000088, 3.763026)",LeftTrue_RightFalse
7.331543,0.114888,"(-19.865337371826172, 1.1891311407089233, -0.9397010803222656)","(349.1459655761719, 84.2096176147461, 359.7789611816406)","(-19.971492767333984, 0.7649334073066711, -0.6797913908958435)","(359.97247314453125, 95.62165832519531, 0.010238214395940304)","(-20.018848419189453, -0.004190457984805107, -1.2699525356292725)","(359.9735412597656, 90.29692077636719, 0.012749824672937393)",0.111686,0.011688,"(3.921638, 0.000081, -0.032693)",LeftFalse_RightFalse,False,"(0.7705762386322021, -0.004146774299442768, -18.247726440429688)","(359.9936218261719, 2.8278021812438965, 0.05426176264882088)",0.055241,0.051951,"(0.237461, 0.000073, 3.703912)",LeftTrue_RightFalse
7.441803,0.113963,"(-19.435447692871094, 1.190136432647705, -0.9438233971595764)","(349.02032470703125, 84.4272232055664, 359.80767822265625)","(-19.541257858276367, 0.76494300365448, -0.6837616562843323)","(359.9754333496094, 95.70271301269531, 0.010226370766758919)","(-19.589487075805664, -0.00418153777718544, -1.2738511562347412)","(359.9764709472656, 90.37798309326172, 0.012462823651731014)",0.100518,0.011688,"(3.864187, 0.000082, -0.038270)",LeftFalse_RightFalse,False,"(0.797743022441864, -0.00413938332349062, -17.843286514282227)","(359.9930114746094, 3.168394088745117, 0.05108095332980156)",0.06818,0.049925,"(0.256399, 0.000065, 3.628717)",LeftTrue_RightFalse
7.54937,0.112684,"(-19.021827697753906, 1.1901401281356812, -0.9483771324157715)","(349.1767883300781, 84.60546875, 359.85089111328125)","(-19.127302169799805, 0.7649529576301575, -0.6881694197654724)","(359.97802734375, 95.78064727783203, 0.010168226435780525)","(-19.176368713378906, -0.004172658082097769, -1.2781883478164673)","(359.97906494140625, 90.4559097290039, 0.012162155471742153)",0.090466,0.011688,"(3.813808, 0.000081, -0.042684)",LeftFalse_RightFalse,False,"(0.8259544372558594, -0.0041327704675495625, -17.455839157104492)","(359.992431640625, 3.4876887798309326, 0.047941431403160095)",0.056973,0.047447,"(0.269637, 0.000059, 3.571292)",LeftTrue_RightFalse
7.66209,0.112691,"(-18.594770431518555, 1.190144419670105, -0.9536784291267395)","(349.3245544433594, 84.8479232788086, 359.79925537109375)","(-18.699899673461914, 0.7649636268615723, -0.6933202743530273)","(359.9806213378906, 95.86103820800781, 0.010076258331537247)","(-18.749828338623047, -0.004163454286754131, -1.2832651138305664)","(359.98162841796875, 90.53630065917969, 0.011832241900265217)",0.081419,0.011688,"(3.750814, 0.000082, -0.047697)",LeftFalse_RightFalse,False,"(0.8569871187210083, -0.004126290325075388, -17.057048797607422)","(359.9920654296875, 3.8021786212921143, 0.04408619925379753)",0.068065,0.04445,"(0.282745, 0.000059, 3.500160)",LeftTrue_RightFalse
7.770424,0.111819,"(-18.190746307373047, 1.1901495456695557, -0.959259569644928)","(349.2892150878906, 85.19425201416016, 359.87872314453125)","(-18.29554557800293, 0.7649742364883423, -0.6987596154212952)","(359.9828186035156, 95.93704986572266, 0.009948612190783024)","(-18.34628677368164, -0.004154588095843792, -1.288632869720459)","(359.9837951660156, 90.61231994628906, 0.011501000262796879)",0.073277,0.011688,"(3.696622, 0.000082, -0.051632)",LeftFalse_RightFalse,False,"(0.8880224227905273, -0.004119939170777798, -16.68067169189453)","(359.99176025390625, 4.0837883949279785, 0.0402725413441658)",0.058146,0.041552,"(0.291634, 0.000055, 3.445536)",LeftTrue_RightFalse
7.877728,0.110916,"(-17.797897338867188, 1.1901544332504272, -0.9651191234588623)","(349.3031921386719, 85.3458251953125, 359.9436340332031)","(-17.9013671875, 0.7649848461151123, -0.7045872211456299)","(359.9848327636719, 96.01109313964844, 0.009797501377761364)","(-17.952898025512695, -0.004145924001932144, -1.2943894863128662)","(359.9858093261719, 90.68636322021484, 0.011162973940372467)",0.06595,0.011688,"(3.640947, 0.000081, -0.055343)",LeftFalse_RightFalse,False,"(0.9196705222129822, -0.004114049486815929, -16.314239501953125)","(359.9916076660156, 4.340206623077393, 0.036325499415397644)",0.053775,0.037546,"(0.298584, 0.000055, 3.389296)",LeftTrue_RightFalse
7.988003,0.110788,"(-17.399946212768555, 1.1901602745056152, -0.9716774225234985)","(349.28900146484375, 85.18872833251953, 0.0041955444030463696)","(-17.50309181213379, 0.7649957537651062, -0.7110078930854797)","(359.98675537109375, 96.08586883544922, 0.009619684889912605)","(-17.555416107177734, -0.004137130454182625, -1.3007373809814453)","(359.9877014160156, 90.7611312866211, 0.010808142833411694)",0.059355,0.011688,"(3.572836, 0.000080, -0.059506)",LeftFalse_RightFalse,False,"(0.9528343677520752, -0.00410744734108448, -15.94445514678955)","(359.9919738769531, 4.576497554779053, 0.03185998648405075)",0.073301,0.03447,"(0.304076, 0.000062, 3.321819)",LeftTrue_RightFalse
8.095676,0.110165,"(-17.018056869506836, 1.190166711807251, -0.9784687757492065)","(349.24072265625, 85.28437042236328, 0.06586802750825882)","(-17.120885848999023, 0.7650066614151001, -0.7176674604415894)","(359.9883728027344, 96.15757751464844, 0.009422114118933678)","(-17.17397117614746, -0.004128594882786274, -1.307326078414917)","(359.98931884765625, 90.83283996582031, 0.01045942958444357)",0.053419,0.011688,"(3.515290, 0.000079, -0.062735)",LeftFalse_RightFalse,False,"(0.9857483506202698, -0.004101433325558901, -15.58956241607666)","(359.9916687011719, 4.785117149353027, 0.028167961165308952)",0.065368,0.031362,"(0.308076, 0.000051, 3.272634)",LeftTrue_RightFalse
8.207859,0.110568,"(-16.62736701965332, 1.1901733875274658, -0.9859253168106079)","(349.2288818359375, 85.37934875488281, 0.01267213560640812)","(-16.729875564575195, 0.7650178670883179, -0.7249897718429565)","(359.98992919921875, 96.23091125488281, 0.009200071915984154)","(-16.783735275268555, -0.004120007157325745, -1.3145747184753418)","(359.9908142089844, 90.90618896484375, 0.010094892233610153)",0.048077,0.011688,"(3.445548, 0.000076, -0.066329)",LeftFalse_RightFalse,False,"(1.0204253196716309, -0.004096276592463255, -15.225961685180664)","(359.9911193847656, 4.9792799949646, 0.024554092437028885)",0.180825,0.027421,"(0.311245, 0.000046, 3.212456)",LeftTrue_RightFalse
8.324631,0.11181,"(-16.22846031188965, 1.1901806592941284, -0.9940662384033203)","(349.19854736328125, 85.5804214477539, 359.9917297363281)","(-16.330636978149414, 0.7650294303894043, -0.7329940795898438)","(359.9913330078125, 96.3057632446289, 0.00894936267286539)","(-16.385284423828125, -0.004111276473850012, -1.3225027322769165)","(359.9921875, 90.98103332519531, 0.009715807624161243)",0.04327,0.011688,"(3.375525, 0.000072, -0.069627)",LeftFalse_RightFalse,False,"(1.0569791793823242, -0.004094903822988272, -14.851840019226074)","(359.9858093261719, 5.158687591552734, 0.02114398591220379)",0.305097,0.023233,"(0.316456, -0.000034, 3.194680)",LeftTrue_RightFalse
8.434475,0.111416,"(-15.860624313354492, 1.1901878118515015, -1.0031063556671143)","(348.90362548828125, 86.08563232421875, 0.19269751012325287)","(-15.962376594543457, 0.7650400400161743, -0.7408520579338074)","(359.9924621582031, 96.3747787475586, 0.008701611310243607)","(-16.017749786376953, -0.004103444516658783, -1.3302894830703735)","(359.9933166503906, 91.050048828125, 0.009363182820379734)",0.038943,0.011688,"(3.317014, 0.000070, -0.072152)",LeftFalse_RightFalse,False,"(1.092025637626648, -0.0041036964394152164, -14.499614715576172)","(359.9739990234375, 5.306761741638184, 0.01811956614255905)",0.342684,0.020042,"(0.322701, -0.000131, 3.217827)",LeftTrue_RightFalse
8.544895,0.111217,"(-15.497880935668945, 1.1901944875717163, -1.0114216804504395)","(348.7957763671875, 86.63324737548828, 0.304681658744812)","(-15.599328994750977, 0.7650503516197205, -0.7490441203117371)","(359.9935302734375, 96.44278717041016, 0.00844713393598795)","(-15.655415534973145, -0.004095972515642643, -1.3384103775024414)","(-0.005665256176143885, 91.11804962158203, 0.009011761285364628)",0.035048,0.011688,"(3.246782, 0.000068, -0.074923)",LeftFalse_RightFalse,False,"(1.1280767917633057, -0.004122341051697731, -14.141878128051758)","(359.9595947265625, 5.435443878173828, 0.015411845408380032)",0.330503,0.015421,"(0.331412, -0.000188, 3.259927)",LeftTrue_RightFalse
8.654625,0.11092,"(-15.144571304321289, 1.1912450790405273, -1.0209832191467285)","(348.7370300292969, 87.39076232910156, 0.40016186237335205)","(-15.245604515075684, 0.7650606036186218, -0.7574511766433716)","(-0.005549452733248472, 96.509033203125, 0.008188714273273945)","(-15.302384376525879, -0.004088519606739283, -1.3467473983764648)","(-0.004765589255839586, 91.1843032836914, 0.008668367750942707)",0.031544,0.011688,"(3.188398, 0.000065, -0.077023)",LeftFalse_RightFalse,False,"(1.164628028869629, -0.004141702316701412, -13.782336235046387)","(359.9491271972656, 5.5428032875061035, 0.012520212680101395)",0.333184,0.011412,"(0.335841, -0.000160, 3.291399)",LeftTrue_RightFalse
8.763214,0.110454,"(-14.801872253417969, 1.1912521123886108, -1.0306737422943115)","(348.611083984375, 87.98355102539062, 0.3447890281677246)","(-14.902499198913574, 0.7650704979896545, -0.7660068869590759)","(-0.0047039445489645, 96.5732650756836, 0.007933083921670914)","(-14.95995044708252, -0.004081388935446739, -1.3552342653274536)","(-0.003947451710700989, 91.24853515625, 0.008335378021001816)",0.028389,0.011688,"(3.118642, 0.000063, -0.079304)",LeftFalse_RightFalse,False,"(1.2012611627578735, -0.004155613947659731, -13.422834396362305)","(359.9432373046875, 5.623998165130615, 0.00940180104225874)",0.32314,0.00708,"(0.340490, -0.000097, 3.329372)",LeftTrue_RightFalse
8.875538,0.110828,"(-14.454447746276855, 1.1912591457366943, -1.03986394405365)","(348.2686462402344, 88.36474609375, 0.5406584143638611)","(-14.554779052734375, 0.7650805115699768, -0.7750803828239441)","(-0.003937093075364828, 96.63835144042969, 0.007667030207812786)","(-14.612909317016602, -0.004074293654412031, -1.3642374277114868)","(-0.0032085997518152, 91.3136215209961, 0.007999308407306671)",0.02555,0.011688,"(3.060888, 0.000062, -0.081012)",LeftFalse_RightFalse,False,"(1.2395435571670532, -0.004164144396781921, -13.047234535217285)","(359.9405212402344, 5.684506893157959, 0.006375000812113285)",0.333046,0.002701,"(0.342271, -0.000052, 3.357700)",LeftTrue_RightFalse
8.985687,0.110692,"(-14.120953559875488, 1.1922763586044312, -1.0501420497894287)","(348.2447814941406, 88.86972045898438, 0.4997776448726654)","(-14.220874786376953, 0.7650899887084961, -0.7841752767562866)","(-0.00325007108040154, 96.7008285522461, 0.007407365366816521)","(-14.279656410217285, -0.004067603498697281, -1.3732640743255615)","(-0.0025486403610557318, 91.3760986328125, 0.007677009329199791)",0.022995,0.011688,"(2.992133, 0.000060, -0.082842)",LeftFalse_RightFalse,False,"(1.2772083282470703, -0.004168562591075897, -12.675283432006836)","(359.9393005371094, 5.715958118438721, 0.002993449103087187)",0.326219,-0.000191,"(0.343316, -0.000030, 3.394638)",LeftTrue_RightFalse
9.093956,0.110207,"(-13.799766540527344, 1.192283034324646, -1.0593578815460205)","(348.2091064453125, 89.26078796386719, 0.24123558402061462)","(-13.899413108825684, 0.7650991082191467, -0.7932838797569275)","(-0.002657962730154395, 96.76097869873047, 0.007152731530368328)","(-13.958820343017578, -0.0040612914599478245, -1.3823063373565674)","(-0.0019827166106551886, 91.43624114990234, 0.0073685250245034695)",0.020696,0.011688,"(2.935388, 0.000058, -0.084194)",LeftFalse_RightFalse,False,"(1.3143525123596191, -0.004171374253928661, -12.30618953704834)","(359.9388122558594, 5.726858139038086, 0.0005051699699833989)",0.33287,-0.003239,"(0.343716, -0.000023, 3.422975)",LeftTrue_RightFalse
9.207714,0.110918,"(-13.469435691833496, 1.1922898292541504, -1.0691970586776733)","(348.05328369140625, 89.45579528808594, 0.38692009449005127)","(-13.568799018859863, 0.7651082873344421, -0.803013265132904)","(-0.002092778915539384, 96.82280731201172, 0.006889062933623791)","(-13.628849029541016, -0.00405488908290863, -1.3919668197631836)","(-0.001444440335035324, 91.49807739257812, 0.007053546141833067)",0.018626,0.011688,"(2.868027, 0.000055, -0.085613)",LeftFalse_RightFalse,False,"(1.3533644676208496, -0.004173965193331242, -11.914690017700195)","(359.9385070800781, 5.7172722816467285, -0.0020360832568258047)",0.3289,-0.006822,"(0.343346, -0.000026, 3.458779)",LeftTrue_RightFalse
9.317493,0.11069,"(-13.157492637634277, 1.1922962665557861, -1.0788230895996094)","(347.9398193359375, 89.66947937011719, 0.6480023264884949)","(-13.25658893585205, 0.7651169300079346, -0.8125359416007996)","(-0.0016168117290362716, 96.88118743896484, 0.006637942511588335)","(-13.317244529724121, -0.004048918839544058, -1.4014239311218262)","(-0.0009938315488398075, 91.55644989013672, 0.006759338080883026)",0.016764,0.011688,"(2.812572, 0.000052, -0.086637)",LeftFalse_RightFalse,False,"(1.390867829322815, -0.004176661372184753, -11.533329010009766)","(359.9383239746094, 5.687958240509033, -0.0046460931189358234)",0.335829,-0.010813,"(0.341041, -0.000026, 3.487156)",LeftTrue_RightFalse
9.429665,0.110986,"(-12.846100807189941, 1.1934114694595337, -1.0925037860870361)","(347.1845703125, 90.80394744873047, 0.8207811713218689)","(-12.944474220275879, 0.7651253938674927, -0.8223838806152344)","(-0.0011758937034755945, 96.93954467773438, 0.006386895664036274)","(-13.005735397338867, -0.004043095745146275, -1.4112056493759155)","(-0.0005781127256341279, 91.61480712890625, 0.006468457635492086)",0.015087,0.011688,"(2.746893, 0.000051, -0.087687)",LeftFalse_RightFalse,False,"(1.428767442703247, -0.004179772455245256, -11.139973640441895)","(359.93798828125, 5.631747722625732, 359.99200439453125)",0.329758,-0.016139,"(0.336593, -0.000031, 3.523221)",LeftTrue_RightFalse
9.536144,0.110085,"(-12.556862831115723, 1.1934177875518799, -1.105903148651123)","(346.77606201171875, 93.04949951171875, 0.8042526245117188)","(-12.654508590698242, 0.765133261680603, -0.8318237066268921)","(-0.0008098270045593381, 96.99374389648438, 0.006153070833534002)","(-12.716331481933594, -0.00403771223500371, -1.4205836057662964)","(-0.00023532491468358785, 91.66900634765625, 0.006201671902090311)",0.013579,0.011688,"(2.692931, 0.000049, -0.088421)",LeftFalse_RightFalse,False,"(1.4641193151474, -0.004182931501418352, -10.763218879699707)","(359.9378356933594, 5.5510029792785645, 359.9881286621094)",0.33465,-0.027133,"(0.329429, -0.000029, 3.551281)",LeftTrue_RightFalse
9.651337,0.111107,"(-12.250725746154785, 1.1944448947906494, -1.119673490524292)","(346.6990051269531, 94.94589233398438, 0.49118152260780334)","(-12.34768295288086, 0.7651414275169373, -0.8421197533607483)","(-0.0004522622039075941, 97.05110168457031, 0.0059063853695988655)","(-12.410099029541016, -0.004032172728329897, -1.4308135509490967)","(9.780481923371553e-05, 91.72636413574219, 0.00592286791652441)",-0.003648,0.011688,"(2.629139, 0.000046, -0.089142)",LeftFalse_RightFalse,False,"(1.5007567405700684, -0.004186364356428385, -10.351910591125488)","(359.93768310546875, 5.40372896194458, 359.97991943359375)",0.332213,-0.031305,"(0.311996, -0.000031, 3.586675)",LeftTrue_RightFalse
9.762104,0.111039,"(-11.963403701782227, 1.1955187320709229, -1.1335527896881104)","(346.1415710449219, 96.5318603515625, 0.12340275198221207)","(-12.059630393981934, 0.7651490569114685, -0.8520709276199341)","(0.0007698803674429655, 97.10489654541016, 0.005743149667978287)","(-12.122615814208984, -0.004026459995657206, -1.4407017230987549)","(0.0012995247961953282, 91.78015899658203, 0.005646920762956142)",-0.036624,0.011688,"(2.558744, 0.000059, -0.089417)",LeftFalse_RightFalse,False,"(1.5344092845916748, -0.004189716652035713, -9.952832221984863)","(359.93756103515625, 5.218242168426514, 359.9742736816406)",0.328456,-0.04091,"(0.296964, -0.000028, 3.620372)",LeftTrue_RightFalse
9.872723,0.110954,"(-11.684774398803711, 1.1955171823501587, -1.145887851715088)","(345.7807922363281, 97.58248901367188, 0.08158677816390991)","(-11.780488014221191, 0.7651575803756714, -0.8619800806045532)","(0.005621154326945543, 97.15699768066406, 0.005875919945538044)","(-11.844073295593262, -0.0040174974128603935, -1.4505469799041748)","(0.006142186000943184, 91.83226013183594, 0.005328919272869825)",-0.073429,0.011688,"(2.474913, 0.000112, -0.088582)",LeftFalse_RightFalse,False,"(1.5660221576690674, -0.004192633088678122, -9.550909996032715)","(359.9377136230469, 4.9868059158325195, 359.9673156738281)",0.338222,-0.05305,"(0.276561, -0.000028, 3.647198)",LeftTrue_RightFalse
9.986771,0.111574,"(-11.40993881225586, 1.1955081224441528, -1.1570374965667725)","(345.7590026855469, 98.06394958496094, 359.9884948730469)","(-11.505352973937988, 0.7651710510253906, -0.872004508972168)","(0.016854405403137207, 97.20830535888672, 0.006500099319964647)","(-11.569615364074707, -0.003999520093202591, -1.4605035781860352)","(0.017384886741638184, 91.8835678100586, 0.0049079530872404575)",-0.118075,0.011688,"(2.340289, 0.000200, -0.086067)",LeftFalse_RightFalse,False,"(1.595449447631836, -0.004195802379399538, -9.13290023803711)","(359.9375915527344, 4.668922424316406, 359.95654296875)",0.335194,-0.062339,"(0.244562, -0.000028, 3.682484)",LeftTrue_RightFalse
10.101257,0.112156,"(-11.150628089904785, 1.1954963207244873, -1.166815996170044)","(345.79351806640625, 97.9252700805664, 0.02260909043252468)","(-11.245922088623047, 0.7651915550231934, -0.881694495677948)","(0.03294840455055237, 97.25662994384766, 0.007466265000402927)","(-11.310896873474121, -0.0039718858897686005, -1.4701247215270996)","(0.0334990993142128, 91.93189239501953, 0.004376423079520464)",-0.134835,0.011688,"(2.165164, 0.000281, -0.081653)",LeftFalse_RightFalse,False,"(1.6214104890823364, -0.004199287388473749, -8.709549903869629)","(359.93731689453125, 4.277252197265625, 359.9466247558594)",0.333357,-0.060652,"(0.209623, -0.000030, 3.715995)",LeftTrue_RightFalse
10.214195,0.112313,"(-10.914115905761719, 1.1954896450042725, -1.1749171018600464)","(345.783447265625, 97.54204559326172, 0.2987810969352722)","(-11.009442329406738, 0.7652176022529602, -0.8907327651977539)","(0.04917919635772705, 97.3006591796875, 0.00838338304311037)","(-11.075087547302246, -0.00393911637365818, -1.4790973663330078)","(0.04974495619535446, 91.97592163085938, 0.0037833591923117638)",-0.155473,0.011688,"(2.008432, 0.000293, -0.077213)",LeftFalse_RightFalse,False,"(1.6438586711883545, -0.004202669486403465, -8.288398742675781)","(359.9372253417969, 3.859862804412842, 359.9429626464844)",0.342152,-0.06202,"(0.187557, -0.000030, 3.742610)",LeftTrue_RightFalse
10.323494,0.111709,"(-10.705156326293945, 1.1954867839813232, -1.1821200847625732)","(345.80194091796875, 97.16677856445312, 0.5500458478927612)","(-10.800527572631836, 0.7652439475059509, -0.8988813161849976)","(0.0633382499217987, 97.33953094482422, 0.009077790193259716)","(-10.866761207580566, -0.003907908219844103, -1.487186312675476)","(0.06390736252069473, 92.0147933959961, 0.0031607954297214746)",-0.164129,0.011688,"(1.804375, 0.000269, -0.070828)",LeftFalse_RightFalse,False,"(1.6627455949783325, -0.004206040408462286, -7.87747049331665)","(359.93682861328125, 3.4468390941619873, 359.9410095214844)",0.33414,-0.085885,"(0.158327, -0.000033, 3.777067)",LeftTrue_RightFalse
10.431366,0.110942,"(-10.51895523071289, 1.1954882144927979, -1.1874957084655762)","(345.6920166015625, 96.6949234008789, 0.7565376162528992)","(-10.614506721496582, 0.7652689814567566, -0.9062679409980774)","(0.07440046966075897, 97.3741226196289, 0.009484905749559402)","(-10.681243896484375, -0.0038805045187473297, -1.4945192337036133)","(0.07495962083339691, 92.04938507080078, 0.0025395818520337343)",-0.17668,0.011688,"(1.631029, 0.000231, -0.065021)",LeftFalse_RightFalse,False,"(1.676816463470459, -0.004209413658827543, -7.468698501586914)","(359.93682861328125, 2.9595847129821777, 359.92767333984375)",0.341755,-0.107214,"(0.107128, -0.000028, 3.802351)",LeftTrue_RightFalse
10.544033,0.111287,"(-10.346587181091309, 1.1954913139343262, -1.1933341026306152)","(345.7489929199219, 96.12262725830078, 0.8495578765869141)","(-10.442203521728516, 0.7652921676635742, -0.9132200479507446)","(0.08357732743024826, 97.40614318847656, 0.009698872454464436)","(-10.509391784667969, -0.0038565676659345627, -1.5014208555221558)","(0.08411673456430435, 92.08140563964844, 0.0019010024843737483)",-0.181232,0.011688,"(1.415502, 0.000190, -0.057353)",LeftFalse_RightFalse,False,"(1.684453010559082, -0.004212253727018833, -7.038607597351074)","(359.93707275390625, 2.2938780784606934, 359.9060974121094)",0.34057,-0.105372,"(0.035898, -0.000026, 3.833548)",LeftTrue_RightFalse
10.652142,0.110651,"(-10.202686309814453, 1.1954957246780396, -1.1981678009033203)","(345.72479248046875, 95.25109100341797, 0.9269154667854309)","(-10.29836368560791, 0.765311598777771, -0.9191051721572876)","(0.09010789543390274, 97.4328384399414, 0.009727819822728634)","(-10.365913391113281, -0.003837874624878168, -1.5072636604309082)","(0.09062182158231735, 92.10810852050781, 0.0013237874954938889)",-0.185726,0.011688,"(1.236262, 0.000156, -0.050678)",LeftFalse_RightFalse,False,"(1.6859374046325684, -0.004215266555547714, -6.62281608581543)","(359.9369201660156, 1.587057113647461, 359.8970947265625)",0.344361,-0.108559,"(-0.008346, -0.000030, 3.859199)",LeftTrue_RightFalse
10.760708,0.110234,"(-10.079222679138184, 1.1955008506774902, -1.202244520187378)","(345.8174743652344, 94.79185485839844, 0.9827789664268494)","(-10.174964904785156, 0.7653282880783081, -0.924213171005249)","(0.09483340382575989, 97.45574188232422, 0.009637238457798958)","(-10.242812156677246, -0.0038229471538215876, -1.512335181236267)","(0.0953185185790062, 92.1310043334961, 0.0007950644358061254)",-0.194134,0.011688,"(1.021739, 0.000121, -0.042382)",LeftFalse_RightFalse,False,"(1.681969165802002, -0.004218430258333683, -6.202246189117432)","(359.93658447265625, 0.8529961109161377, 359.8919982910156)",0.336481,-0.141935,"(-0.066403, -0.000035, 3.889938)",LeftTrue_RightFalse
10.870129,0.110072,"(-9.976396560668945, 1.1955053806304932, -1.2055824995040894)","(345.8926086425781, 94.3969955444336, 0.9885930418968201)","(-10.072205543518066, 0.7653424143791199, -0.928508996963501)","(0.09866916388273239, 97.47477722167969, 0.009512473829090595)","(-10.140298843383789, -0.0038107316941022873, -1.5166001319885254)","(0.09912615269422531, 92.1500473022461, 0.0003148794639855623)",-0.19456,0.011688,"(0.840239, 0.000104, -0.035135)",LeftFalse_RightFalse,False,"(1.6698060035705566, -0.004221517127007246, -5.775738716125488)","(359.93707275390625, -0.005567964632064104, 359.8717346191406)",0.348618,-0.168517,"(-0.152729, -0.000022, 3.907784)",LeftTrue_RightFalse
10.983219,0.110676,"(-9.892666816711426, 1.1955101490020752, -1.2080998420715332)","(345.91888427734375, 93.6701889038086, 1.0422453880310059)","(-9.98855972290039, 0.7653549313545227, -0.9320340752601624)","(0.10176344960927963, 97.49027252197266, 0.009370910003781319)","(-10.056853294372559, -0.003800102975219488, -1.520099401473999)","(0.1021939292550087, 92.16553497314453, -0.00011322521459078416)",-0.214795,0.011688,"(0.627008, 0.000080, -0.026419)",LeftFalse_RightFalse,False,"(1.6455113887786865, -0.004223423544317484, -5.332723617553711)","(359.9378356933594, 358.89007568359375, 359.843017578125)",0.349972,-0.191847,"(-0.267256, -0.000023, 3.929466)",LeftTrue_RightFalse
11.096748,0.111246,"(-9.833231925964355, 1.1955127716064453, -1.2094178199768066)","(346.11907958984375, 92.87958526611328, 1.1040774583816528)","(-9.928194046020508, 0.7653651237487793, -0.9345945715904236)","(0.10581504553556442, 97.50141906738281, 0.009363735094666481)","(-9.996655464172363, -0.0037906437646597624, -1.5226393938064575)","(0.10622737556695938, 92.17667388916016, -0.0004963601822964847)",-0.227042,0.011688,"(0.436861, 0.000088, -0.018493)",LeftFalse_RightFalse,False,"(1.608665108680725, -0.004225384443998337, -4.885881423950195)","(359.93829345703125, 357.59539794921875, 359.8155517578125)",0.359796,-0.223405,"(-0.372439, -0.000024, 3.943560)",LeftTrue_RightFalse
11.209049,0.111457,"(-9.797895431518555, 1.1955113410949707, -1.2097678184509277)","(346.232177734375, 92.1001205444336, 1.0818281173706055)","(-9.893020629882812, 0.7653752565383911, -0.9360933303833008)","(0.11121045798063278, 97.5078353881836, 0.009536225348711014)","(-9.961620330810547, -0.0037795365788042545, -1.5241233110427856)","(0.11161551624536514, 92.18309020996094, -0.0008253138512372971)",-0.247189,0.011688,"(0.204978, 0.000099, -0.008708)",LeftFalse_RightFalse,False,"(1.5570592880249023, -0.004227366764098406, -4.442503929138184)","(359.93890380859375, 356.0832824707031, 359.7809143066406)",0.358581,-0.244384,"(-0.522562, -0.000026, 3.954699)",LeftTrue_RightFalse
11.323193,0.111994,"(-9.791574478149414, 1.1954981088638306, -1.2078742980957031)","(346.4926452636719, 91.24081420898438, 1.121964931488037)","(-9.887073516845703, 0.7653864026069641, -0.9363462328910828)","(0.12373164296150208, 97.50859832763672, 0.010537170805037022)","(-9.955849647521973, -0.0037599485367536545, -1.5243667364120483)","(0.1241755485534668, 92.18384552001953, -0.0009906665654852986)",-0.263338,0.011688,"(-0.000533, 0.000061, 0.000026)",LeftFalse_RightFalse,False,"(1.4884915351867676, -0.004229729063808918, -3.9909987449645996)","(359.939453125, 354.3568420410156, 359.751220703125)",0.357025,-0.268159,"(-0.677313, -0.000028, 3.959251)",LeftTrue_RightFalse
11.434082,0.111773,"(-9.792040824890137, 1.1945619583129883, -1.2067351341247559)","(346.66168212890625, 90.08464050292969, 1.212041974067688)","(-9.887419700622559, 0.7653912305831909, -0.9363299608230591)","(0.08852744102478027, 97.50859069824219, 0.007580387871712446)","(-9.955721855163574, -0.0037801717408001423, -1.5243728160858154)","(0.08884886652231216, 92.18384552001953, -0.0006677118362858891)",-0.251687,0.011688,"(-0.000925, -0.000383, 0.000042)",LeftFalse_RightFalse,False,"(1.405006766319275, -0.004231518134474754, -3.552464246749878)","(359.9404296875, 352.5108642578125, 359.723388671875)",0.367417,-0.314708,"(-0.821755, -0.000020, 3.952685)",LeftTrue_RightFalse
11.543068,0.111216,"(-9.793434143066406, 1.1946063041687012, -1.2044509649276733)","(346.83355712890625, 89.14102935791016, 1.325040578842163)","(-9.88778018951416, 0.7653660178184509, -0.9363136887550354)","(0.05195453390479088, 97.50858306884766, 0.004450437147170305)","(-9.95559024810791, -0.0038317195139825344, -1.524379014968872)","(0.05214333534240723, 92.183837890625, -0.00039017468225210905)",-0.247947,0.011292,"(-0.000706, -0.000486, 0.000032)",LeftFalse_RightFalse,False,"(1.3027006387710571, -0.0042313518933951855, -3.1236929893493652)","(359.94287109375, 350.4161071777344, 359.6786804199219)",0.377118,-0.294761,"(-1.037819, -0.000007, 3.922796)",LeftTrue_RightFalse
11.652039,0.110767,"(-9.79456901550293, 1.1946237087249756, -1.2020208835601807)","(347.236083984375, 87.53514862060547, 1.3824518918991089)","(-9.888026237487793, 0.7653366327285767, -0.9363024830818176)","(0.026952946558594704, 97.50857543945312, 0.002294927602633834)","(-9.955499649047852, -0.0038791352417320013, -1.5243830680847168)","(0.027049604803323746, 92.183837890625, -0.0002162206801585853)",-0.240216,0.009857,"(-0.000448, -0.000365, 0.000020)",LeftFalse_RightFalse,False,"(1.1828197240829468, -0.004233132116496563, -2.696396827697754)","(359.9424743652344, 348.2339172363281, 359.6661071777344)",0.366669,-0.371045,"(-1.168242, -0.000034, 3.919143)",LeftTrue_RightFalse
11.760891,0.110384,"(-9.794504165649414, 1.1935949325561523, -1.1996424198150635)","(347.4305725097656, 86.08536529541016, 1.5204218626022339)","(-9.888165473937988, 0.7653166055679321, -0.936296284198761)","(0.012703614309430122, 97.50857543945312, 0.001066085183992982)","(-9.95544719696045, -0.003909355960786343, -1.5243854522705078)","(0.012747726403176785, 92.183837890625, -0.00011741555499611422)",-0.236432,0.009521,"(-0.000222, -0.000186, 0.000010)",LeftFalse_RightFalse,False,"(1.0405786037445068, -0.004232995677739382, -2.2746245861053467)","(359.94598388671875, 345.7864685058594, 359.6163024902344)",0.393358,-0.42328,"(-1.430924, 0.000004, 3.840429)",LeftTrue_RightFalse
11.873875,0.110904,"(-9.795367240905762, 1.1935988664627075, -1.1971107721328735)","(347.66778564453125, 84.7467041015625, 1.6855303049087524)","(-9.888239860534668, 0.7653070092201233, -0.9362931251525879)","(0.005389997269958258, 97.50857543945312, 0.00044024575618095696)","(-9.955422401428223, -0.00392412394285202, -1.5243867635726929)","(0.005407592281699181, 92.183837890625, -6.184731319081038e-05)",-0.236597,0.009521,"(-0.000111, -0.000078, 0.000005)",LeftFalse_RightFalse,False,"(0.8649882078170776, -0.0042287567630410194, -1.8459938764572144)","(359.9509582519531, 342.8439636230469, 359.5539855957031)",0.42416,-0.48323,"(-1.668059, 0.000017, 3.755384)",LeftTrue_RightFalse
11.987206,0.111389,"(-9.79528522491455, 1.1936026811599731, -1.196075439453125)","(347.8585510253906, 83.72486877441406, 1.6533026695251465)","(-9.888270378112793, 0.7653048634529114, -0.9362916946411133)","(0.0022042517084628344, 97.50857543945312, 0.0001739024737617001)","(-9.95541000366211, -0.003928446210920811, -1.5243873596191406)","(0.00221087783575058, 92.183837890625, -3.140328044537455e-05)",-0.236746,0.009521,"(-0.000042, -0.000010, 0.000002)",LeftFalse_RightFalse,False,"(0.6564253568649292, -0.004222609102725983, -1.4293830394744873)","(359.9564208984375, 339.4131774902344, 359.4796142578125)",0.445139,-0.488901,"(-1.980764, 0.000015, 3.618497)",LeftTrue_RightFalse
12.100067,0.111684,"(-9.796178817749023, 1.192588448524475, -1.1949187517166138)","(348.1119079589844, 83.25093078613281, 1.603805661201477)","(-9.888283729553223, 0.7653061747550964, -0.9362912178039551)","(0.0010052690049633384, 97.50857543945312, 7.728229684289545e-05)","(-9.95540714263916, -0.003927933983504772, -1.5243877172470093)","(0.0010081026703119278, 92.183837890625, -1.634056206967216e-05)",-0.236879,0.009521,"(-0.000013, 0.000016, 0.000001)",LeftFalse_RightFalse,False,"(0.41839170455932617, -0.0042212773114442825, -1.027219295501709)","(359.95697021484375, 335.74261474609375, 359.43902587890625)",0.415922,-0.516684,"(-2.258528, -0.000036, 3.501642)",LeftTrue_RightFalse
12.214546,0.112243,"(-9.796183586120605, 1.1925910711288452, -1.1949182748794556)","(348.1999206542969, 83.1905288696289, 1.657183289527893)","(-9.888285636901855, 0.7653082609176636, -0.9362909197807312)","(0.0006422594888135791, 97.50857543945312, 5.100426642457023e-05)","(-9.955404281616211, -0.0039261155761778355, -1.5243877172470093)","(0.0006442210869863629, 92.183837890625, -8.817698471830226e-06)",-0.237,0.009521,"(-0.000004, 0.000017, 0.000000)",LeftFalse_RightFalse,False,"(0.14625783264636993, -0.004223281983286142, -0.6347702145576477)","(359.9585876464844, 331.8410949707031, 359.4049377441406)",0.424478,-0.51648,"(-2.497366, -0.000026, 3.357420)",LeftTrue_RightFalse
12.326717,0.112228,"(-9.796184539794922, 1.1925930976867676, -1.1949182748794556)","(348.60205078125, 82.90055084228516, 1.6690446138381958)","(-9.888285636901855, 0.7653099894523621, -0.936290979385376)","(0.0005856105708517134, 97.50857543945312, 5.02188631799072e-05)","(-9.955404281616211, -0.003924299497157335, -1.5243878364562988)","(0.0005877437652088702, 92.183837890625, -4.3427603486634325e-06)",-0.237108,0.009521,"(0.000000, 0.000014, 0.000000)",LeftFalse_RightFalse,False,"(-0.14920440316200256, -0.004224262200295925, -0.2681823968887329)","(359.96051025390625, 327.89300537109375, 359.3836975097656)",0.41053,-0.539195,"(-2.762048, -0.000021, 3.186131)",LeftTrue_RightFalse
12.434864,0.111412,"(-9.796183586120605, 1.192594289779663, -1.1949182748794556)","(348.6998291015625, 82.23810577392578, 1.5847973823547363)","(-9.888285636901855, 0.7653113007545471, -0.936290979385376)","(0.0006095851422287524, 97.50857543945312, 5.32390404259786e-05)","(-9.955404281616211, -0.003923008218407631, -1.5243878364562988)","(0.0006118950550444424, 92.183837890625, -3.5604559798230184e-06)",-0.233238,0.008667,"(0.000001, 0.000009, 0.000000)",LeftFalse_RightFalse,False,"(-0.4604719579219818, -0.004223703872412443, 0.0655091181397438)","(359.96392822265625, 323.97119140625, 359.3594055175781)",0.425391,-0.556263,"(-2.984273, 0.000001, 2.998095)",LeftTrue_RightFalse
12.543716,0.1109,"(-9.796183586120605, 1.1925948858261108, -1.1949182748794556)","(348.6362609863281, 81.74217224121094, 1.4926519393920898)","(-9.888285636901855, 0.7653119564056396, -0.9362909197807312)","(0.0006440359284169972, 97.50857543945312, 5.829034125781618e-05)","(-9.955404281616211, -0.0039222934283316135, -1.5243878364562988)","(0.0006466659251600504, 92.183837890625, -1.7280266320085502e-06)",-0.233326,0.005707,"(0.000001, 0.000005, 0.000000)",LeftFalse_RightFalse,False,"(-0.7996401786804199, -0.004220617935061455, 0.3777354657649994)","(359.9681091308594, 319.8672180175781, 359.3310241699219)",0.433375,-0.569306,"(-3.242105, 0.000010, 2.747737)",LeftTrue_RightFalse
12.65237,0.110451,"(-9.796182632446289, 1.1925952434539795, -1.1949182748794556)","(348.7936706542969, 81.30352783203125, 1.4986371994018555)","(-9.888284683227539, 0.7653122544288635, -0.936290979385376)","(0.000669409055262804, 97.50857543945312, 6.122883496573195e-05)","(-9.955404281616211, -0.0039219362661242485, -1.5243878364562988)","(0.0006722023244947195, 92.183837890625, -1.1567944966373034e-06)",-0.233405,0.00412,"(0.000000, 0.000002, 0.000000)",LeftFalse_RightFalse,False,"(-1.16278076171875, -0.0042180768214166164, 0.6637235879898071)","(359.9711608886719, 315.64422607421875, 359.306396484375)",0.442845,-0.596452,"(-3.445427, 0.000002, 2.518750)",LeftTrue_RightFalse
12.767593,0.111405,"(-9.796182632446289, 1.192595362663269, -1.1949182748794556)","(348.7710266113281, 81.08343505859375, 1.5168356895446777)","(-9.888284683227539, 0.7653124332427979, -0.936290979385376)","(0.0006846848991699517, 97.50857543945312, 6.333778583211824e-05)","(-9.955404281616211, -0.003921764437109232, -1.5243878364562988)","(0.0006876079132780433, 92.183837890625, -4.745937189909455e-07)",-0.233476,0.004089,"(0.000000, 0.000002, 0.000000)",LeftFalse_RightFalse,False,"(-1.5735740661621094, -0.004214788321405649, 0.9343931674957275)","(359.97540283203125, 310.97589111328125, 359.2719421386719)",0.458932,-0.628319,"(-3.677565, 0.000006, 2.195872)",LeftTrue_RightFalse
12.877293,0.111065,"(-9.796036720275879, 1.1925954818725586, -1.193814754486084)","(348.8704833984375, 80.62944030761719, 1.5808322429656982)","(-9.888284683227539, 0.7653125524520874, -0.936290979385376)","(0.0006920886808075011, 97.50857543945312, 6.441470031859353e-05)","(-9.955404281616211, -0.0039216578006744385, -1.5243878364562988)","(0.0006950798560865223, 92.183837890625, -8.942112117438228e-08)",-0.23354,0.004089,"(0.000000, 0.000000, 0.000000)",LeftFalse_RightFalse,False,"(-1.9874250888824463, -0.004210503306239843, 1.156552791595459)","(359.9804382324219, 306.31353759765625, 359.2327575683594)",0.485161,-0.638839,"(-3.855703, 0.000017, 1.885655)",LeftTrue_RightFalse
12.99028,0.111449,"(-9.796860694885254, 1.1925954818725586, -1.1924067735671997)","(348.89111328125, 79.99644470214844, 1.6379886865615845)","(-9.888284683227539, 0.7653125524520874, -0.936290979385376)","(0.0006950624519959092, 97.50857543945312, 6.338395905913785e-05)","(-9.955404281616211, -0.0039216578006744385, -1.5243878364562988)","(0.0006979450699873269, 92.183837890625, -1.3916292118665297e-06)",-0.233597,0.004089,"(0.000000, 0.000000, 0.000000)",LeftFalse_RightFalse,False,"(-2.434807062149048, -0.0042070564813911915, 1.3462245464324951)","(359.9833984375, 301.31646728515625, 359.19940185546875)",0.47996,-0.647033,"(-4.046790, -0.000009, 1.511163)",LeftTrue_RightFalse
13.100494,0.111202,"(-9.796717643737793, 1.1915497779846191, -1.1913228034973145)","(348.90325927734375, 79.4703140258789, 1.7454348802566528)","(-9.888284683227539, 0.7653125524520874, -0.936290979385376)","(0.0006960564060136676, 97.50857543945312, 6.464239413617179e-05)","(-9.955404281616211, -0.0039216578006744385, -1.5243878364562988)","(0.0006990513647906482, 92.183837890625, -2.3084822942109895e-07)",-0.233649,0.004089,"(0.000000, 0.000000, 0.000000)",LeftFalse_RightFalse,False,"(-2.8887434005737305, -0.004206916317343712, 1.4923005104064941)","(359.9848327636719, 296.3264465332031, 359.176513671875)",0.468285,-0.651953,"(-4.200801, -0.000025, 1.117987)",LeftTrue_RightFalse
13.207947,0.110452,"(-9.796717643737793, 1.1915497779846191, -1.1913228034973145)","(348.9554748535156, 79.41915893554688, 1.7614479064941406)","(-9.888284683227539, 0.7653125524520874, -0.936290979385376)","(0.000696480565238744, 97.50857543945312, 6.412235961761326e-05)","(-9.955404281616211, -0.0039216578006744385, -1.5243878364562988)","(0.000699425523635, 92.183837890625, -7.880626640144328e-07)",-0.233696,0.004089,"(0.000000, 0.000000, 0.000000)",LeftFalse_RightFalse,False,"(-3.3446149826049805, -0.0042078495025634766, 1.595550775527954)","(359.986572265625, 291.387451171875, 359.16015625)",0.471114,-0.636541,"(-4.296205, -0.000017, 0.776571)",LeftTrue_RightFalse
13.313198,0.109412,"(-9.796717643737793, 1.1915497779846191, -1.1913228034973145)","(349.0323791503906, 79.34695434570312, 1.749211311340332)","(-9.888284683227539, 0.7653125524520874, -0.936290979385376)","(0.000696395116392523, 97.50857543945312, 6.395719537977129e-05)","(-9.955404281616211, -0.0039216578006744385, -1.5243878364562988)","(0.0006993251736275852, 92.183837890625, -9.445236059946183e-07)",-0.233738,0.004089,"(0.000000, 0.000000, 0.000000)",LeftFalse_RightFalse,False,"(-3.8007116317749023, -0.004210175015032291, 1.6597657203674316)","(359.986572265625, 286.54925537109375, 359.1569519042969)",0.456676,-0.575812,"(-4.371750, -0.000034, 0.450783)",LeftTrue_RightFalse
13.418034,0.108496,"(-9.796577453613281, 1.1915497779846191, -1.1902599334716797)","(349.09991455078125, 78.84259033203125, 1.7396807670593262)","(-9.888284683227539, 0.7653125524520874, -0.936290979385376)","(0.0006966423243284225, 97.50857543945312, 6.444929749704897e-05)","(-9.955404281616211, -0.0039216578006744385, -1.5243878364562988)","(0.0006996168522164226, 92.183837890625, -4.774858552991645e-07)",-0.233776,0.004089,"(0.000000, 0.000000, 0.000000)",LeftFalse_RightFalse,False,"(-4.263006687164307, -0.004220122471451759, 1.692798137664795)","(359.98016357421875, 281.9514465332031, 359.1917419433594)",0.401389,-0.489167,"(-4.440782, -0.000090, 0.193142)",LeftTrue_RightFalse
13.528439,0.108878,"(-9.796577453613281, 1.1915497779846191, -1.1902599334716797)","(349.2154541015625, 78.40247344970703, 1.660475254058838)","(-9.888284683227539, 0.7653125524520874, -0.936290979385376)","(0.0006966564687900245, 97.50857543945312, 6.386335007846355e-05)","(-9.955404281616211, -0.0039216578006744385, -1.5243878364562988)","(0.0006995766307227314, 92.183837890625, -1.062266619555885e-06)",-0.23381,0.004089,"(0.000000, 0.000000, 0.000000)",LeftFalse_RightFalse,False,"(-4.757118225097656, -0.00423921225592494, 1.7024290561676025)","(359.9694519042969, 277.64483642578125, 359.2731628417969)",0.328968,-0.479882,"(-4.499728, -0.000120, -0.043710)",LeftTrue_RightFalse
13.639992,0.109414,"(-9.796577453613281, 1.1915497779846191, -1.1902599334716797)","(349.251953125, 78.69865417480469, 1.513092041015625)","(-9.888284683227539, 0.7653125524520874, -0.936290979385376)","(0.0006965139182284474, 97.50857543945312, 6.35963078821078e-05)","(-9.955404281616211, -0.0039216578006744385, -1.5243878364562988)","(0.0006994098657742143, 92.183837890625, -1.3148968491805135e-06)",-0.23384,0.004089,"(0.000000, 0.000000, 0.000000)",LeftFalse_RightFalse,False,"(-5.258579730987549, -0.0042520794086158276, 1.6827222108840942)","(359.96746826171875, 273.6144714355469, 359.318603515625)",0.356507,-0.442757,"(-4.487103, -0.000030, -0.348744)",LeftTrue_RightFalse
13.749096,0.109351,"(-9.796577453613281, 1.1915497779846191, -1.1902599334716797)","(349.19500732421875, 79.244384765625, 1.348537564277649)","(-9.888284683227539, 0.7653125524520874, -0.936290979385376)","(0.0006964389467611909, 97.50857543945312, 6.409038905985653e-05)","(-9.955404281616211, -0.0039216578006744385, -1.5243878364562988)","(0.000699381111189723, 92.183837890625, -8.160197921824874e-07)",-0.233868,0.004089,"(0.000000, -0.000001, 0.000000)",LeftFalse_RightFalse,False,"(-5.747735977172852, -0.004256228916347027, 1.6342015266418457)","(359.9673767089844, 269.8866882324219, 359.3537902832031)",0.372951,-0.326728,"(-4.479570, -0.000011, -0.571286)",LeftTrue_RightFalse
13.853371,0.108336,"(-9.796709060668945, 1.1915497779846191, -1.1912541389465332)","(349.1769714355469, 79.33535766601562, 1.377392292022705)","(-9.888284683227539, 0.7653125524520874, -0.936290979385376)","(0.0006963819032534957, 97.50857543945312, 6.463713361881673e-05)","(-9.955404281616211, -0.0039216578006744385, -1.5243878364562988)","(0.0006993751158006489, 92.183837890625, -2.6636132588464534e-07)",-0.233893,0.004089,"(0.000000, -0.000001, 0.000000)",LeftFalse_RightFalse,False,"(-6.216768264770508, -0.004266007803380489, 1.5711700916290283)","(359.9595031738281, 266.8567810058594, 359.44244384765625)",0.334583,-0.232952,"(-4.508740, -0.000072, -0.669910)",LeftTrue_RightFalse
13.966148,0.109225,"(-9.796709060668945, 1.1915497779846191, -1.1912541389465332)","(349.20880126953125, 79.19770050048828, 1.3898954391479492)","(-9.888284683227539, 0.7653125524520874, -0.936290979385376)","(0.0006963090854696929, 97.50857543945312, 6.467655475717038e-05)","(-9.955404281616211, -0.0039216578006744385, -1.5243878364562988)","(0.0006993062561377883, 92.183837890625, -2.2032196511645452e-07)",-0.233915,0.004089,"(0.000000, -0.000001, 0.000000)",LeftFalse_RightFalse,False,"(-6.726840972900391, -0.004282244946807623, 1.493649959564209)","(359.9500427246094, 264.3908386230469, 359.56463623046875)",0.310697,-0.155929,"(-4.526024, -0.000090, -0.749045)",LeftTrue_RightFalse
14.075199,0.10919,"(-9.796709060668945, 1.1915497779846191, -1.1912541389465332)","(349.2542724609375, 79.28018188476562, 1.4007642269134521)","(-9.888284683227539, 0.7653125524520874, -0.936290979385376)","(0.0006963628111407161, 97.50857543945312, 6.44074025331065e-05)","(-9.955404281616211, -0.0039216578006744385, -1.5243878364562988)","(0.000699334719683975, 92.183837890625, -4.933012860419694e-07)",-0.233935,0.004089,"(0.000000, -0.000001, 0.000000)",LeftFalse_RightFalse,False,"(-7.221075057983398, -0.004294920712709427, 1.4116793870925903)","(359.94500732421875, 262.65985107421875, 359.66986083984375)",0.323202,-0.131871,"(-4.532553, -0.000063, -0.781761)",LeftTrue_RightFalse
14.185822,0.109476,"(-9.796709060668945, 1.1915497779846191, -1.1912541389465332)","(349.3414306640625, 79.232666015625, 1.397617220878601)","(-9.888284683227539, 0.7653125524520874, -0.936290979385376)","(0.0006965165375731885, 97.50857543945312, 6.417447002604604e-05)","(-9.955404281616211, -0.0039216578006744385, -1.5243878364562988)","(0.0006994662689976394, 92.183837890625, -7.394698968710145e-07)",-0.229986,0.004089,"(0.000000, -0.000001, 0.000000)",LeftFalse_RightFalse,False,"(-7.7226362228393555, -0.004302258603274822, 1.3221325874328613)","(359.94232177734375, 261.35504150390625, 359.742919921875)",0.339296,-0.087855,"(-4.531822, -0.000037, -0.853051)",LeftTrue_RightFalse
14.29324,0.109065,"(-9.796709060668945, 1.1915497779846191, -1.1912541389465332)","(349.29864501953125, 79.15734100341797, 1.3863979578018188)","(-9.888284683227539, 0.7653125524520874, -0.936290979385376)","(0.0006966862129047513, 97.50857543945312, 6.426647451007739e-05)","(-9.955404281616211, -0.0039216578006744385, -1.5243878364562988)","(0.0006996436277404428, 92.183837890625, -6.635713702962676e-07)",-0.230002,0.004089,"(0.000000, -0.000001, 0.000000)",LeftFalse_RightFalse,False,"(-8.210151672363281, -0.004307492636144161, 1.2299071550369263)","(359.93975830078125, 260.3896484375, 359.8012390136719)",0.349602,-0.025386,"(-4.542176, -0.000036, -0.878858)",LeftFalse_RightFalse
14.404446,0.109493,"(-9.796709060668945, 1.1905078887939453, -1.1912541389465332)","(349.3849792480469, 79.12682342529297, 1.3600716590881348)","(-9.888284683227539, 0.7653124928474426, -0.936290979385376)","(0.0006965210195630789, 97.50857543945312, 6.390524504240602e-05)","(-9.955404281616211, -0.003921687602996826, -1.5243878364562988)","(0.0006994456052780151, 92.183837890625, -1.0079677394969622e-06)",-0.230017,0.004089,"(0.000000, 0.000000, 0.000000)",LeftFalse_RightFalse,False,"(-8.71694564819336, -0.004313448444008827, 1.1349642276763916)","(359.9366760253906, 259.8409118652344, 359.8768310546875)",0.348877,0.051953,"(-4.567152, -0.000045, -0.856215)",LeftFalse_RightFalse
14.511982,0.109102,"(-9.796709060668945, 1.1905078887939453, -1.1912541389465332)","(349.28857421875, 79.17015838623047, 1.3643543720245361)","(-9.888284683227539, 0.7653124928474426, -0.936290979385376)","(0.0006963843479752541, 97.50857543945312, 6.433163798647001e-05)","(-9.955404281616211, -0.003921687602996826, -1.5243878364562988)","(0.0006993491551838815, 92.183837890625, -5.707370860363881e-07)",-0.23003,0.004089,"(0.000000, 0.000001, 0.000000)",LeftFalse_RightFalse,False,"(-9.209755897521973, -0.004318538121879101, 1.0487110614776611)","(359.934814453125, 259.8237609863281, 359.9635009765625)",0.360946,0.136303,"(-4.594027, -0.000034, -0.774035)",LeftFalse_RightFalse
14.623695,0.109624,"(-9.796709060668945, 1.1905078887939453, -1.1912541389465332)","(349.2914123535156, 79.533935546875, 1.2674757242202759)","(-9.888284683227539, 0.7653124928474426, -0.936290979385376)","(0.0006963341147638857, 97.50857543945312, 6.459307041950524e-05)","(-9.955404281616211, -0.003921681083738804, -1.5243878364562988)","(0.0006993233691900969, 92.183837890625, -3.0573059461858065e-07)",-0.230042,0.004089,"(0.000000, 0.000001, 0.000000)",LeftFalse_RightFalse,False,"(-9.725089073181152, -0.004321081563830376, 0.9734010100364685)","(359.9347839355469, 260.51959228515625, 0.07530494779348373)",0.378248,0.17693,"(-4.628975, -0.000024, -0.613075)",LeftFalse_RightFalse
14.733177,0.109596,"(-9.797179222106934, 1.1905078887939453, -1.1948256492614746)","(349.2496032714844, 80.87171936035156, 1.445516586303711)","(-9.888284683227539, 0.7653125524520874, -0.936290979385376)","(0.0006965140928514302, 97.50857543945312, 6.457009294535965e-05)","(-9.955404281616211, -0.0039216578006744385, -1.5243878364562988)","(0.0006995004368945956, 92.183837890625, -3.4530830816947855e-07)",-0.230052,0.004089,"(0.000000, 0.000000, 0.000000)",LeftFalse_RightFalse,False,"(-10.233631134033203, -0.004322700202465057, 0.9146823883056641)","(359.9343566894531, 261.7093505859375, 0.1606168895959854)",0.38691,0.209105,"(-4.660110, -0.000032, -0.477173)",LeftFalse_RightFalse
14.844875,0.110016,"(-9.797322273254395, 1.1905078887939453, -1.1959104537963867)","(349.2674560546875, 81.79264068603516, 1.3507442474365234)","(-9.888284683227539, 0.7653125524520874, -0.936290979385376)","(0.0006966785877011716, 97.50857543945312, 6.431959627661854e-05)","(-9.955404281616211, -0.0039216578006744385, -1.5243878364562988)","(0.0006996410666033626, 92.183837890625, -6.100020755184232e-07)",-0.226095,0.004089,"(0.000000, 0.000000, 0.000000)",LeftFalse_RightFalse,False,"(-10.756202697753906, -0.004325093701481819, 0.8724294900894165)","(359.9336853027344, 263.3024597167969, 0.23241090774536133)",0.382372,0.259404,"(-4.696439, -0.000039, -0.297927)",LeftFalse_RightFalse
14.971424,0.113323,"(-9.79854965209961, 1.1905078887939453, -1.1968083381652832)","(349.8172912597656, 81.73198699951172, 1.2994345426559448)","(-9.888284683227539, 0.7653125524520874, -0.936290979385376)","(0.0006966584478504956, 97.50857543945312, 6.401246355380863e-05)","(-9.955404281616211, -0.0039216578006744385, -1.5243878364562988)","(0.0006995924632064998, 92.183837890625, -9.139349117504025e-07)",-0.226103,0.004089,"(0.000000, 0.000000, 0.000000)",LeftFalse_RightFalse,False,"(-11.351799011230469, -0.004326757043600082, 0.8507867455482483)","(359.9349060058594, 265.539794921875, 0.31285762786865234)",0.397413,0.324999,"(-4.717837, -0.000024, -0.062952)",LeftFalse_RightFalse
15.093063,0.114986,"(-9.798855781555176, 1.1915283203125, -1.199129581451416)","(350.0555419921875, 81.88282775878906, 1.852243185043335)","(-9.888284683227539, 0.7653125524520874, -0.936290979385376)","(0.0006965729407966137, 97.50857543945312, 6.431560905184597e-05)","(-9.955404281616211, -0.0039216578006744385, -1.5243878364562988)","(0.0006995354779064655, 92.183837890625, -6.041918254595657e-07)",-0.226111,0.004089,"(0.000000, 0.000000, 0.000000)",LeftFalse_RightFalse,False,"(-11.925423622131348, -0.004323946312069893, 0.8642778396606445)","(359.93896484375, 268.2523193359375, 0.4057029187679291)",0.424969,0.301367,"(-4.718137, 0.000003, 0.239195)",LeftFalse_RightFalse
15.200882,0.113553,"(-9.797917366027832, 1.1903676986694336, -1.2005211114883423)","(350.6322021484375, 82.33943176269531, 1.2836010456085205)","(-9.888284683227539, 0.7653125524520874, -0.936290979385376)","(0.0006962792249396443, 97.50857543945312, 6.41135557089001e-05)","(-9.955404281616211, -0.0039216578006744385, -1.5243878364562988)","(0.0006992242415435612, 92.183837890625, -7.781096087455808e-07)",-0.226118,0.004089,"(0.000000, -0.000001, 0.000000)",LeftFalse_RightFalse,False,"(-12.435375213623047, -0.004324973560869694, 0.9011426568031311)","(359.9377746582031, 270.8092041015625, 0.4361148178577423)",0.387814,0.281415,"(-4.741494, -0.000045, 0.456449)",LeftFalse_RightFalse
15.306061,0.111877,"(-9.79776382446289, 1.1893486976623535, -1.1993569135665894)","(351.36273193359375, 82.47047424316406, 1.6760530471801758)","(-9.888284683227539, 0.7653124928474426, -0.936290979385376)","(0.0006961902836337686, 97.50857543945312, 6.445552571676672e-05)","(-9.955404281616211, -0.003921687602996826, -1.5243878364562988)","(0.0006991673726588488, 92.183837890625, -4.293620747830573e-07)",-0.226124,0.004089,"(0.000000, 0.000000, 0.000000)",LeftFalse_RightFalse,False,"(-12.934368133544922, -0.004330364055931568, 0.9566607475280762)","(359.9356994628906, 273.2217102050781, 0.43697935342788696)",0.369222,0.305358,"(-4.746713, -0.000051, 0.622041)",LeftFalse_RightFalse
15.416588,0.111608,"(-9.79998779296875, 1.1882179975509644, -1.1978116035461426)","(352.150390625, 82.07918548583984, 1.926675796508789)","(-9.888284683227539, 0.7653124928474426, -0.936290979385376)","(0.0006961494218558073, 97.50857543945312, 6.460961594711989e-05)","(-9.955404281616211, -0.003921661525964737, -1.5243878364562988)","(0.0006991411210037768, 92.183837890625, -2.7211950737182633e-07)",-0.222163,0.004089,"(0.000000, 0.000001, 0.000000)",LeftFalse_RightFalse,False,"(-13.457427024841309, -0.004333472345024347, 1.037928581237793)","(359.9375915527344, 275.7703857421875, 0.45141345262527466)",0.385181,0.24546,"(-4.721168, -0.000015, 0.834555)",LeftFalse_RightFalse
15.522427,0.110454,"(-9.800798416137695, 1.1882179975509644, -1.195629358291626)","(352.38043212890625, 81.212158203125, 3.060469388961792)","(-9.888284683227539, 0.7653125524520874, -0.936290979385376)","(0.0006963692721910775, 97.50857543945312, 6.431069050449878e-05)","(-9.955404281616211, -0.0039216578006744385, -1.5243878364562988)","(0.0006993321585468948, 92.183837890625, -5.901741815250716e-07)",-0.222168,0.004089,"(0.000000, 0.000000, 0.000000)",LeftFalse_RightFalse,False,"(-13.9575834274292, -0.004336213227361441, 1.1333322525024414)","(359.9368591308594, 278.0333557128906, 0.4241797626018524)",0.358315,0.144001,"(-4.724928, -0.000026, 0.987241)",LeftFalse_RightFalse
15.628635,0.109605,"(-9.800798416137695, 1.1882179975509644, -1.195629358291626)","(352.6527099609375, 80.98949432373047, 4.295608997344971)","(-9.888284683227539, 0.7653125524520874, -0.936290979385376)","(0.0006966130458749831, 97.50857543945312, 6.401165592251346e-05)","(-9.955404281616211, -0.0039216578006744385, -1.5243878364562988)","(0.0006995471194386482, 92.183837890625, -9.105477261073247e-07)",-0.222172,0.004089,"(0.000000, 0.000000, 0.000000)",LeftFalse_RightFalse,False,"(-14.460716247558594, -0.004342282190918922, 1.237973928451538)","(359.934326171875, 279.80450439453125, 0.34608420729637146)",0.341093,0.146072,"(-4.743872, -0.000029, 1.014719)",LeftFalse_RightFalse
15.732174,0.108391,"(-9.800183296203613, 1.1871867179870605, -1.1992783546447754)","(352.9398193359375, 81.31803894042969, 5.002327919006348)","(-9.888284683227539, 0.7653125524520874, -0.936290979385376)","(0.0006967687513679266, 97.50857543945312, 6.410521746147424e-05)","(-9.955404281616211, -0.0039216578006744385, -1.5243878364562988)","(0.0006997108575887978, 92.183837890625, -8.318352797687112e-07)",-0.222177,0.004089,"(0.000000, 0.000000, 0.000000)",LeftFalse_RightFalse,False,"(-14.951467514038086, -0.0043465979397296906, 1.3473901748657227)","(359.93377685546875, 281.1388854980469, 0.2905876040458679)",0.348054,0.151619,"(-4.734007, -0.000014, 1.105760)",LeftFalse_RightFalse
15.836987,0.107676,"(-9.79928207397461, 1.1871867179870605, -1.2005491256713867)","(352.9060974121094, 81.68414306640625, 5.123805046081543)","(-9.888284683227539, 0.7653125524520874, -0.936290979385376)","(0.000696530390996486, 97.50857543945312, 6.374377699103206e-05)","(-9.955404281616211, -0.0039216578006744385, -1.5243878364562988)","(0.0006994400173425674, 92.183837890625, -1.1696135970851174e-06)",-0.22218,0.004089,"(0.000000, 0.000000, 0.000000)",LeftFalse_RightFalse,False,"(-15.446712493896484, -0.004348191432654858, 1.4693148136138916)","(359.93450927734375, 282.41119384765625, 0.26848727464675903)",0.361371,0.104873,"(-4.717685, -0.000007, 1.211560)",LeftFalse_RightFalse
15.940956,0.106935,"(-9.800548553466797, 1.1871867179870605, -1.2025017738342285)","(353.548583984375, 80.9948959350586, 3.6991817951202393)","(-9.888284683227539, 0.7653125524520874, -0.936290979385376)","(0.0006963852210901678, 97.50857543945312, 6.411589856725186e-05)","(-9.955404281616211, -0.0039216578006744385, -1.5243878364562988)","(0.0006993299466557801, 92.183837890625, -7.855613830543007e-07)",-0.222184,0.004089,"(0.000000, 0.000000, 0.000000)",LeftFalse_RightFalse,False,"(-15.93777847290039, -0.004350579343736172, 1.5974457263946533)","(359.93353271484375, 283.48321533203125, 0.22857585549354553)",0.352816,0.052829,"(-4.724083, -0.000023, 1.270260)",LeftFalse_RightFalse
16.049042,0.107165,"(-9.801904678344727, 1.18718683719635, -1.2034995555877686)","(352.9276428222656, 80.15355682373047, 1.8128761053085327)","(-9.888284683227539, 0.7653125524520874, -0.936290979385376)","(0.000696313742082566, 97.50857543945312, 6.462087185354903e-05)","(-9.955404281616211, -0.0039216578006744385, -1.5243878364562988)","(0.0006993056740611792, 92.183837890625, -2.762101587450161e-07)",-0.222187,0.004089,"(0.000000, -0.000001, 0.000000)",LeftFalse_RightFalse,False,"(-16.449317932128906, -0.0043548098765313625, 1.7341907024383545)","(359.93206787109375, 284.2758483886719, 0.17193949222564697)",0.354206,-0.009915,"(-4.737655, -0.000029, 1.276713)",LeftFalse_RightFalse
16.153351,0.106594,"(-9.80203914642334, 1.1892187595367432, -1.2045150995254517)","(352.0335998535156, 79.72126770019531, 2.358181953430176)","(-9.888284683227539, 0.7653124928474426, -0.936290979385376)","(0.0006961753242649138, 97.50857543945312, 6.456881237681955e-05)","(-9.955404281616211, -0.003921687602996826, -1.5243878364562988)","(0.0006991630652919412, 92.183837890625, -3.1516253784502624e-07)",-0.222189,0.004089,"(0.000000, 0.000001, 0.000000)",LeftFalse_RightFalse,False,"(-16.945114135742188, -0.004358667880296707, 1.8638253211975098)","(359.9311828613281, 284.581787109375, 0.09583576768636703)",0.359387,-0.09615,"(-4.761990, -0.000025, 1.233562)",LeftFalse_RightFalse
16.257336,0.106072,"(-9.80203914642334, 1.1892187595367432, -1.2045150995254517)","(352.3778076171875, 80.66303253173828, 3.399277687072754)","(-9.888284683227539, 0.7653124928474426, -0.936290979385376)","(0.0006962071056477726, 97.50857543945312, 6.465088517870754e-05)","(-9.955404281616211, -0.003921687602996826, -1.5243878364562988)","(0.0006992022972553968, 92.183837890625, -2.36450077295558e-07)",-0.222192,0.004089,"(0.000000, 0.000001, 0.000000)",LeftFalse_RightFalse,False,"(-17.44274139404297, -0.004360659047961235, 1.9834511280059814)","(359.9315490722656, 284.26251220703125, 359.99114990234375)",0.375559,-0.167229,"(-4.797830, -0.000010, 1.114996)",LeftFalse_RightFalse
16.362366,0.105863,"(-9.801024436950684, 1.1880683898925781, -1.204648733139038)","(353.0767517089844, 80.98593139648438, 4.0453386306762695)","(-9.888284683227539, 0.7653125524520874, -0.936290979385376)","(0.0006964302156120539, 97.50857543945312, 6.45440086373128e-05)","(-9.955404281616211, -0.0039216578006744385, -1.5243878364562988)","(0.0006994145223870873, 92.183837890625, -3.6354686017148197e-07)",-0.222194,0.004089,"(0.000000, 0.000000, 0.000000)",LeftFalse_RightFalse,False,"(-17.949434280395508, -0.00436059758067131, 2.08880615234375)","(359.9326477050781, 283.26373291015625, 359.8774719238281)",0.390347,-0.2633,"(-4.844690, -0.000011, 0.934005)",LeftFalse_RightFalse
16.469727,0.106163,"(-9.799878120422363, 1.1869332790374756, -1.2037826776504517)","(353.6341552734375, 80.46978759765625, 4.05674409866333)","(-9.888284683227539, 0.7653125524520874, -0.936290979385376)","(0.0006965926149860024, 97.50857543945312, 6.381824641721323e-05)","(-9.955404281616211, -0.0039216578006744385, -1.5243878364562988)","(0.0006995088770054281, 92.183837890625, -1.1012190270776046e-06)",-0.222196,0.004089,"(0.000000, 0.000000, 0.000000)",LeftFalse_RightFalse,False,"(-18.471576690673828, -0.004358306061476469, 2.174553394317627)","(359.9354553222656, 281.56573486328125, 359.7498779296875)",0.427548,-0.355096,"(-4.881408, 0.000003, 0.686783)",LeftFalse_RightFalse
16.573975,0.10578,"(-9.799732208251953, 1.1859331130981445, -1.2026737928390503)","(353.9521789550781, 78.85230255126953, 2.0355072021484375)","(-9.888284683227539, 0.7653125524520874, -0.936290979385376)","(0.0006966728251427412, 97.50857543945312, 6.443991878768429e-05)","(-9.955404281616211, -0.0039216578006744385, -1.5243878364562988)","(0.0006996464799158275, 92.183837890625, -4.897317467111861e-07)",-0.222198,0.004089,"(0.000000, 0.000000, 0.000000)",LeftFalse_RightFalse,False,"(-18.981863021850586, -0.00435213465243578, 2.2265584468841553)","(359.9404296875, 279.12457275390625, 359.6048889160156)",0.473124,-0.423967,"(-4.907982, 0.000012, 0.368966)",LeftFalse_RightFalse
16.678844,0.105598,"(-9.7970609664917, 1.1859331130981445, -1.2030258178710938)","(353.50732421875, 79.4445571899414, 2.365044116973877)","(-9.888284683227539, 0.7653125524520874, -0.936290979385376)","(0.0006967358058318496, 97.50857543945312, 6.42881786916405e-05)","(-9.955404281616211, -0.0039216578006744385, -1.5243878364562988)","(0.0006996950251050293, 92.183837890625, -6.466355557677161e-07)",-0.222199,0.004089,"(0.000000, 0.000000, 0.000000)",LeftFalse_RightFalse,False,"(-19.497291564941406, -0.004344663582742214, 2.2423770427703857)","(359.94488525390625, 275.9637451171875, 359.4652404785156)",0.501891,-0.406468,"(-4.923897, -0.000005, 0.016545)",LeftFalse_RightFalse
16.784534,0.105616,"(-9.7962007522583, 1.1848946809768677, -1.204322338104248)","(354.2703552246094, 80.44207763671875, 3.275172472000122)","(-9.888284683227539, 0.7653125524520874, -0.936290979385376)","(0.0006966235232539475, 97.50857543945312, 6.414205563487485e-05)","(-9.955404281616211, -0.0039216578006744385, -1.5243878364562988)","(0.0006995697622187436, 92.183837890625, -7.816792049197829e-07)",-0.222201,0.004089,"(0.000000, 0.000000, 0.000000)",LeftFalse_RightFalse,False,"(-20.019973754882812, -0.004345993977040052, 2.225532054901123)","(359.94189453125, 272.514404296875, 359.3948059082031)",0.43958,-0.367288,"(-4.964306, -0.000095, -0.315032)",LeftFalse_RightFalse
16.888348,0.105256,"(-9.7962007522583, 1.1848946809768677, -1.204322338104248)","(354.4482421875, 80.25365447998047, 3.8480236530303955)","(-9.888284683227539, 0.7653125524520874, -0.936290979385376)","(0.0006964587955735624, 97.50857543945312, 6.418869452318177e-05)","(-9.955404281616211, -0.0039216578006744385, -1.5243878364562988)","(0.0006994099821895361, 92.183837890625, -7.199806759672356e-07)",-0.222202,0.004089,"(0.000000, 0.000000, 0.000000)",LeftFalse_RightFalse,False,"(-20.536264419555664, -0.004355994053184986, 2.1820766925811768)","(359.937255859375, 269.2193908691406, 359.3835754394531)",0.389582,-0.335339,"(-4.981277, -0.000101, -0.542034)",LeftFalse_RightFalse
16.994282,0.105392,"(-9.795008659362793, 1.1848946809768677, -1.2033483982086182)","(354.8089599609375, 79.49163055419922, 4.0006422996521)","(-9.888284683227539, 0.7653124928474426, -0.936290979385376)","(0.0006963569321669638, 97.50857543945312, 6.452634261222556e-05)","(-9.955404281616211, -0.003921680152416229, -1.5243878364562988)","(0.0006993399583734572, 92.183837890625, -3.7433369470818434e-07)",-0.222203,0.004089,"(0.000000, -0.000001, 0.000000)",LeftFalse_RightFalse,False,"(-21.063636779785156, -0.004279353655874729, 2.1132707595825195)","(359.9361572265625, 266.1170349121094, 359.4010314941406)",0.370233,-0.311641,"(-4.973574, 0.001052, -0.761174)",LeftFalse_RightFalse
17.102531,0.105963,"(-9.796332359313965, 1.1838302612304688, -1.2031738758087158)","(354.6254577636719, 77.24849700927734, 1.9932368993759155)","(-9.888284683227539, 0.7653124928474426, -0.936290979385376)","(0.0006962293991819024, 97.50857543945312, 6.483186734840274e-05)","(-9.955404281616211, -0.003921687602996826, -1.5243878364562988)","(0.000699241238180548, 92.183837890625, -5.825921434166048e-08)",-0.222204,0.004089,"(0.000000, 0.000000, 0.000000)",LeftFalse_RightFalse,False,"(-21.600629806518555, -0.004241080489009619, 2.0181941986083984)","(359.9382019042969, 263.2089538574219, 359.42724609375)",0.366686,-0.253646,"(-4.943990, -0.000051, -1.010342)",LeftFalse_RightFalse
17.220619,0.108388,"(-9.796332359313965, 1.184953212738037, -1.203174114227295)","(354.20501708984375, 77.44976806640625, 2.693373680114746)","(-9.888284683227539, 0.7653125524520874, -0.9362910985946655)","(0.0006961976760067046, 97.50857543945312, 6.473051325883716e-05)","(-9.955404281616211, -0.0039216578006744385, -1.5243879556655884)","(0.0006992003181949258, 92.183837890625, -1.5622640603396576e-07)",-0.222205,0.004089,"(0.000000, 0.000000, 0.000000)",LeftFalse_RightFalse,False,"(-22.183992385864258, -0.00426486786454916, 1.891337275505066)","(359.9389343261719, 260.409423828125, 359.48590087890625)",0.355617,-0.215416,"(-4.927685, -0.000247, -1.183969)",LeftFalse_RightFalse
17.356827,0.113952,"(-9.794310569763184, 1.184953212738037, -1.2056407928466797)","(354.8690490722656, 78.77503204345703, 3.6707451343536377)","(-9.888284683227539, 0.7653125524520874, -0.936290979385376)","(0.0006966010550968349, 97.50857543945312, 6.444726750487462e-05)","(-9.955404281616211, -0.0039216578006744385, -1.5243878364562988)","(0.0006995756994001567, 92.183837890625, -4.75714102776692e-07)",-0.222206,0.004089,"(0.000000, 0.000000, 0.000000)",LeftFalse_RightFalse,False,"(-22.85387420654297, -0.00429984275251627, 1.7207567691802979)","(359.93829345703125, 257.69989013671875, 359.5588073730469)",0.359281,-0.114106,"(-4.903533, -0.000199, -1.338815)",LeftFalse_RightFalse
17.470757,0.113948,"(-9.793584823608398, 1.1838483810424805, -1.2083489894866943)","(355.7255859375, 78.46932983398438, 3.291898727416992)","(-9.888284683227539, 0.7653125524520874, -0.936290979385376)","(0.0006965227657929063, 97.50857543945312, 6.431886868085712e-05)","(-9.955404281616211, -0.0039216578006744385, -1.5243878364562988)","(0.0006994857685640454, 92.183837890625, -5.962710361018253e-07)",-0.222207,0.004089,"(0.000000, 0.000000, 0.000000)",LeftFalse_RightFalse,False,"(-23.41416358947754, -0.0043223537504673, 1.568873405456543)","(359.935546875, 256.136962890625, 359.6692810058594)",0.347461,-0.036823,"(-4.917768, -0.000129, -1.367874)",LeftFalse_RightFalse
17.580746,0.113156,"(-9.794761657714844, 1.182732105255127, -1.2081938982009888)","(355.625244140625, 75.28876495361328, 1.3631888628005981)","(-9.888284683227539, 0.7653125524520874, -0.936290979385376)","(0.000696531671565026, 97.50857543945312, 6.394219235517085e-05)","(-9.955404281616211, -0.0039216578006744385, -1.5243878364562988)","(0.0006994596915319562, 92.183837890625, -9.721680953589384e-07)",-0.222208,0.004089,"(0.000000, 0.000000, 0.000000)",LeftFalse_RightFalse,False,"(-23.956586837768555, -0.004337056539952755, 1.4216504096984863)","(359.933349609375, 255.3247528076172, 359.7861328125)",0.34988,-0.034309,"(-4.935331, -0.000075, -1.347822)",LeftFalse_RightFalse
17.688469,0.112069,"(-9.794123649597168, 1.182732105255127, -1.211930274963379)","(356.0656433105469, 73.99723052978516, 2.0417754650115967)","(-9.888284683227539, 0.7653125524520874, -0.936290979385376)","(0.0006965968641452491, 97.50857543945312, 6.421683792723343e-05)","(-9.955404281616211, -0.0039216578006744385, -1.5243878364562988)","(0.0006995500298216939, 92.183837890625, -7.047905796753184e-07)",-0.222208,0.004089,"(0.000000, 0.000000, 0.000000)",LeftFalse_RightFalse,False,"(-24.488435745239258, -0.004345039837062359, 1.2755992412567139)","(359.9320373535156, 254.88656616210938, 359.8540344238281)",0.359568,0.043716,"(-4.936804, -0.000052, -1.374873)",LeftFalse_RightFalse
17.798546,0.111671,"(-9.793115615844727, 1.1837464570999146, -1.2131552696228027)","(355.66571044921875, 68.88356018066406, 1.182510495185852)","(-9.888284683227539, 0.7653125524520874, -0.936290979385376)","(0.0006965958164073527, 97.50857543945312, 6.460282020270824e-05)","(-9.955404281616211, -0.0039216578006744385, -1.5243878364562988)","(0.0006995848380029202, 92.183837890625, -3.2032144758886716e-07)",-0.226176,0.004089,"(0.000000, 0.000000, 0.000000)",LeftFalse_RightFalse,False,"(-25.034011840820312, -0.004350635688751936, 1.1304454803466797)","(359.9311218261719, 254.87353515625, 359.9453125)",0.370894,0.133066,"(-4.966568, -0.000034, -1.296255)",LeftFalse_RightFalse
17.907902,0.111208,"(-9.796751976013184, 1.1848849058151245, -1.2137129306793213)","(354.62481689453125, 62.51408386230469, 0.18464189767837524)","(-9.888284683227539, 0.7653125524520874, -0.936290979385376)","(0.0006964271888136864, 97.50857543945312, 6.450860382756218e-05)","(-9.955404281616211, -0.0039216578006744385, -1.5243878364562988)","(0.0006994082359597087, 92.183837890625, -3.984867760209454e-07)",-0.226176,0.004089,"(0.000000, -0.000001, 0.000000)",LeftFalse_RightFalse,False,"(-25.580415725708008, -0.004352766089141369, 1.0019736289978027)","(359.93157958984375, 255.63890075683594, 0.07419630140066147)",0.389656,0.175348,"(-5.014023, -0.000017, -1.116749)",LeftFalse_RightFalse
18.016998,0.110786,"(-9.801393508911133, 1.1870992183685303, -1.2131010293960571)","(353.09600830078125, 57.898155212402344, 358.9520263671875)","(-9.888284683227539, 0.7653124928474426, -0.936290979385376)","(0.0006963065825402737, 97.50857543945312, 6.436379044316709e-05)","(-9.955404281616211, -0.003921684343367815, -1.5243878364562988)","(0.0006992747657932341, 92.183837890625, -5.31472039710934e-07)",-0.226177,0.004089,"(0.000000, -0.000001, 0.000000)",LeftFalse_RightFalse,False,"(-26.130054473876953, -0.00435381755232811, 0.8903207182884216)","(359.93121337890625, 256.94573974609375, 0.17717722058296204)",0.398139,0.274797,"(-5.056008, -0.000029, -0.962066)",LeftFalse_RightFalse
18.126694,0.110568,"(-9.802738189697266, 1.1894619464874268, -1.2152948379516602)","(351.9425048828125, 55.492469787597656, 358.0492858886719)","(-9.888284683227539, 0.7653124928474426, -0.936290979385376)","(0.0006961719482205808, 97.50857543945312, 6.420716817956418e-05)","(-9.955404281616211, -0.003921687602996826, -1.5243878364562988)","(0.0006991261034272611, 92.183837890625, -6.749314138687623e-07)",-0.226177,0.004089,"(0.000000, 0.000000, 0.000000)",LeftFalse_RightFalse,False,"(-26.687332153320312, -0.004351417068392038, 0.8065657615661621)","(359.9345703125, 259.01470947265625, 0.31865328550338745)",0.437214,0.301879,"(-5.099547, -0.000005, -0.636352)",LeftFalse_RightFalse
18.233948,0.109905,"(-9.805438995361328, 1.1894619464874268, -1.2194172143936157)","(352.0665283203125, 56.20244598388672, 358.1536865234375)","(-9.888284683227539, 0.7653124928474426, -0.936290979385376)","(0.0006962504703551531, 97.50857543945312, 6.412861694116145e-05)","(-9.955404281616211, -0.003921687602996826, -1.5243878364562988)","(0.0006991970003582537, 92.183837890625, -7.604182314935315e-07)",3e-06,0.004089,"(0.000000, 0.000000, 0.000000)",LeftFalse_RightFalse,False,"(-27.236509323120117, -0.004349370952695608, 0.7529592514038086)","(359.9352722167969, 261.51873779296875, 0.41991832852363586)",0.436615,0.320023,"(-5.140199, -0.000036, -0.388492)",LeftFalse_RightFalse
18.341183,0.109371,"(-9.806015014648438, 1.1915574073791504, -1.2241802215576172)","(351.9958190917969, 60.24790573120117, 357.8453063964844)","(-9.888216972351074, 0.7653127312660217, -0.9362961053848267)","(0.0005535522941499949, 97.51176452636719, 5.4407690186053514e-05)","(-9.955368041992188, -0.003921582829207182, -1.524389386177063)","(0.000556212617084384, 92.18702697753906, 2.8030081011820585e-06)",3e-06,0.004089,"(0.001353, -0.000001, -0.000058)",LeftFalse_RightFalse,False,"(-27.789592742919922, -0.004351137205958366, 0.7280032634735107)","(359.9345703125, 264.29205322265625, 0.492464542388916)",0.417127,0.300586,"(-5.176405, -0.000056, -0.083315)",LeftFalse_RightFalse
18.45113,0.109487,"(-9.805251121520996, 1.1915570497512817, -1.2268797159194946)","(352.0025329589844, 65.44750213623047, 357.6024169921875)","(-9.888160705566406, 0.7653124332427979, -0.9362993836402893)","(0.0005742416251450777, 97.5125961303711, 5.590004730038345e-05)","(-9.955320358276367, -0.003921824507415295, -1.5243916511535645)","(0.0005769510753452778, 92.1878662109375, 2.368982222833438e-06)",0.062501,0.004089,"(0.000665, -0.000001, -0.000029)",LeftFalse_RightFalse,False,"(-28.3598690032959, -0.004355669021606445, 0.7298408150672913)","(359.9332275390625, 267.1678161621094, 0.5213589072227478)",0.396182,0.296324,"(-5.198176, -0.000053, 0.129931)",LeftFalse_RightFalse
18.557724,0.108908,"(-9.804579734802246, 1.1893025636672974, -1.2279877662658691)","(352.8927307128906, 69.66666412353516, 358.3100280761719)","(-9.887335777282715, 0.7653124332427979, -0.9363324642181396)","(-0.0011853792238980532, 97.51243591308594, -0.00010001751070376486)","(-9.954469680786133, -0.00392311392351985, -1.524425983428955)","(-0.0011895456118509173, 92.18769836425781, 1.0417820703878533e-05)",0.155468,0.004089,"(0.014235, -0.000023, -0.000570)",LeftFalse_RightFalse,False,"(-28.91411590576172, -0.0043593901209533215, 0.7566718459129333)","(359.9337158203125, 269.88519287109375, 0.530764639377594)",0.390062,0.283145,"(-5.201408, -0.000025, 0.352357)",LeftFalse_RightFalse
18.666744,0.10893,"(-9.801689147949219, 1.1867467164993286, -1.2279973030090332)","(353.765625, 71.21707916259766, 358.2904052734375)","(-9.883169174194336, 0.7653109431266785, -0.9365008473396301)","(359.9923095703125, 97.5147705078125, -0.0006726194988004863)","(-9.950240135192871, -0.003929334692656994, -1.5245954990386963)","(359.9922790527344, 92.19003295898438, 4.3532443669391796e-05)",0.23992,0.003906,"(0.059578, -0.000083, -0.002382)",LeftFalse_RightFalse,False,"(-29.48077964782715, -0.004360787570476532, 0.8092645406723022)","(359.9350280761719, 272.57476806640625, 0.5272631645202637)",0.383157,0.264596,"(-5.193774, -0.000001, 0.603967)",LeftFalse_RightFalse
18.778095,0.109414,"(-9.793933868408203, 1.18675696849823, -1.225711464881897)","(353.35980224609375, 71.5680923461914, 358.8583679199219)","(-9.873329162597656, 0.7653061747550964, -0.9368950128555298)","(359.98284912109375, 97.51688385009766, -0.0015141392359510064)","(-9.940293312072754, -0.00394103629514575, -1.5249924659729004)","(359.9827575683594, 92.19215393066406, 8.52748125907965e-05)",0.315927,-0.002533,"(0.115912, -0.000123, -0.004624)",LeftFalse_RightFalse,False,"(-30.058366775512695, -0.0043616509065032005, 0.8874043822288513)","(359.9359130859375, 275.1949768066406, 0.5122094750404358)",0.381934,0.197964,"(-5.181096, 0.000002, 0.794617)",LeftFalse_RightFalse
18.894909,0.110894,"(-9.774317741394043, 1.1877995729446411, -1.2228565216064453)","(352.8448791503906, 71.6910629272461, 359.4501647949219)","(-9.854096412658691, 0.7653006911277771, -0.9376170635223389)","(359.9707946777344, 97.51654052734375, -0.0028456866275519133)","(-9.92089557647705, -0.003958028741180897, -1.5257184505462646)","(359.9706726074219, 92.19180297851562, -0.00012426244211383164)",0.384332,-0.018494,"(0.203496, -0.000155, -0.007588)",LeftFalse_RightFalse,False,"(-30.66413688659668, -0.004365752451121807, 0.9876154661178589)","(359.9338684082031, 277.49969482421875, 0.4469089210033417)",0.35884,0.144711,"(-5.184058, -0.000017, 0.930866)",LeftFalse_RightFalse
19.014576,0.112649,"(-9.742756843566895, 1.1888229846954346, -1.2215099334716797)","(352.3544616699219, 71.63944244384766, 0.3635369837284088)","(-9.822796821594238, 0.765302300453186, -0.9386038780212402)","(359.95855712890625, 97.5072250366211, -0.00502138864248991)","(-9.88933277130127, -0.0039766402915120125, -1.5267086029052734)","(359.9582824707031, 92.1824951171875, -0.0011544321896508336)",0.445116,-0.03598,"(0.311849, -0.000154, -0.009621)",LeftFalse_RightFalse,False,"(-31.284624099731445, -0.004371214658021927, 1.1039851903915405)","(359.93212890625, 279.3177490234375, 0.36535272002220154)",0.352054,0.078285,"(-5.180684, -0.000013, 1.028947)",LeftFalse_RightFalse
19.125175,0.112239,"(-9.701339721679688, 1.1888413429260254, -1.2203912734985352)","(352.18426513671875, 72.27175903320312, 0.7899528741836548)","(-9.781693458557129, 0.7653116583824158, -0.9396089911460876)","(359.94793701171875, 97.48310089111328, 359.99224853515625)","(-9.847835540771484, -0.003993357066065073, -1.527724027633667)","(359.94744873046875, 92.15836334228516, -0.0028775969985872507)",0.499431,-0.045532,"(0.435710, -0.000144, -0.010276)",LeftFalse_RightFalse,False,"(-31.858257293701172, -0.0043751937337219715, 1.2178258895874023)","(359.9311828613281, 280.4503479003906, 0.27342939376831055)",0.352772,-0.002509,"(-5.185759, -0.000007, 1.060305)",LeftFalse_RightFalse
19.244099,0.113576,"(-9.64334487915039, 1.1888575553894043, -1.2213642597198486)","(352.0924987792969, 73.6722412109375, 0.8224935531616211)","(-9.72280216217041, 0.7653197050094604, -0.9407707452774048)","(359.9374694824219, 97.43877410888672, 359.9897155761719)","(-9.788345336914062, -0.004009664990007877, -1.5289208889007568)","(359.9367980957031, 92.1140365600586, -0.0044513181783258915)",0.548315,-0.046295,"(0.574196, -0.000132, -0.010962)",LeftFalse_RightFalse,False,"(-32.476375579833984, -0.004378046840429306, 1.3387631177902222)","(359.9306335449219, 280.9711608886719, 0.15437355637550354)",0.363213,-0.07643,"(-5.203595, -0.000002, 1.007786)",LeftFalse_RightFalse
19.361588,0.114359,"(-9.56825065612793, 1.1888689994812012, -1.2215006351470947)","(351.53936767578125, 74.89111328125, 0.9625622630119324)","(-9.64806842803955, 0.7653190493583679, -0.9420899748802185)","(359.9278869628906, 97.37950897216797, 359.9881286621094)","(-9.712873458862305, -0.004024629481136799, -1.5303033590316772)","(359.9270935058594, 92.05477905273438, -0.005120594520121813)",0.59231,-0.046295,"(0.725813, -0.000124, -0.012890)",LeftFalse_RightFalse,False,"(-33.0894775390625, -0.004379540681838989, 1.4487906694412231)","(359.930419921875, 280.72259521484375, 0.02768581360578537)",0.377831,-0.316086,"(-5.230038, -0.000006, 0.891654)",LeftFalse_RightFalse
19.473633,0.113896,"(-9.479870796203613, 1.1898901462554932, -1.22170090675354)","(351.4248962402344, 75.42821502685547, 1.63358473777771)","(-9.560112953186035, 0.7653170228004456, -0.943543016910553)","(359.91943359375, 97.3096694946289, 359.9868469238281)","(-9.624085426330566, -0.004038327839225531, -1.5318320989608765)","(359.9185485839844, 91.98493194580078, -0.00562445679679513)",0.631906,-0.046295,"(0.862095, -0.000121, -0.014439)",LeftFalse_RightFalse,False,"(-33.67500305175781, -0.004370464943349361, 1.520634412765503)","(359.9410400390625, 279.0848083496094, 359.7830505371094)",0.516094,-0.849442,"(-5.221238, 0.000112, 0.460739)",LeftFalse_RightFalse
19.591396,0.114669,"(-9.3677978515625, 1.1899007558822632, -1.220778226852417)","(351.53466796875, 75.03176879882812, 1.919157862663269)","(-9.448720932006836, 0.7653168439865112, -0.9452429413795471)","(359.91082763671875, 97.2213134765625, 359.98529052734375)","(-9.511669158935547, -0.004052794072777033, -1.5336238145828247)","(359.90985107421875, 91.8965835571289, 359.9936218261719)",0.667542,-0.047943,"(1.036368, -0.000123, -0.015875)",LeftFalse_RightFalse,False,"(-34.27337646484375, -0.004339822567999363, 1.526193618774414)","(359.98828125, 275.10528564453125, 359.4203186035156)",1.0,-1.0,"(-4.944077, -0.001388, -0.298806)",LeftFalse_RightFalse
19.699154,0.113287,"(-9.247057914733887, 1.188836693763733, -1.2181029319763184)","(351.8089294433594, 73.71173095703125, 2.53326416015625)","(-9.328914642333984, 0.7653222680091858, -0.9468408226966858)","(359.9035339355469, 97.12387084960938, 359.98333740234375)","(-9.390761375427246, -0.004066127818077803, -1.5353139638900757)","(359.90240478515625, 91.79913330078125, 359.9923400878906)",0.699614,-0.054596,"(1.189609, -0.000127, -0.015795)",LeftFalse_RightFalse,False,"(-34.79555892944336, -0.004359009675681591, 1.4519580602645874)","(0.022689487785100937, 269.5124816894531, 359.0921630859375)",1.0,-1.0,"(-4.774801, 0.000063, -0.972995)",LeftFalse_RightFalse
19.809917,0.112782,"(-9.104105949401855, 1.1888574361801147, -1.216623067855835)","(352.27197265625, 70.77781677246094, 3.7154736518859863)","(-9.186844825744629, 0.7653446197509766, -0.948166012763977)","(359.8965148925781, 96.99432373046875, 359.9796447753906)","(-9.247261047363281, -0.0040803528390824795, -1.5367399454116821)","(359.8950500488281, 91.6695785522461, 359.9893493652344)",0.728479,-0.062378,"(1.382154, -0.000131, -0.011873)",LeftFalse_RightFalse,False,"(-35.308685302734375, -0.004305356182157993, 1.2921342849731445)","(0.03197873383760452, 262.3330383300781, 358.8161315917969)",1.0,1.0,"(-4.521464, 0.000196, -1.800973)",LeftFalse_RightFalse
19.919102,0.112063,"(-8.944592475891113, 1.1888816356658936, -1.2106449604034424)","(352.0397033691406, 67.65716552734375, 4.15988826751709)","(-9.02767562866211, 0.765376091003418, -0.9488588571548462)","(359.89019775390625, 96.83079528808594, 359.97509765625)","(-9.086320877075195, -0.004094581585377455, -1.5375522375106812)","(359.88836669921875, 91.50605010986328, 359.9853820800781)",0.754067,-0.068939,"(1.549026, -0.000133, -0.005237)",LeftFalse_RightFalse,False,"(-35.79825210571289, -0.004288504831492901, 1.1207739114761353)","(0.037177469581365585, 257.0502624511719, 359.1256103515625)",-1.0,1.0,"(-4.452242, 0.000726, -1.415832)",LeftFalse_RightFalse
20.033024,0.112434,"(-8.756250381469727, 1.1889077425003052, -1.2100496292114258)","(352.13848876953125, 66.86731719970703, 3.425912857055664)","(-8.84027099609375, 0.765412449836731, -0.9485464096069336)","(359.8840026855469, 96.61450958251953, 359.9699401855469)","(-8.896602630615234, -0.00411022687330842, -1.5373977422714233)","(359.8817138671875, 91.28975677490234, 359.9808349609375)",0.776706,-0.080719,"(1.756157, -0.000139, 0.004926)",LeftFalse_RightFalse,False,"(-36.228694915771484, -0.004107599146664143, 0.9764719009399414)","(0.19691938161849976, 254.5111846923828, 359.44610595703125)",-1.0,1.0,"(-3.204492, 0.002747, -1.180553)",LeftFalse_RightFalse
20.151543,0.113651,"(-8.536477088928223, 1.1889466047286987, -1.2064967155456543)","(351.99664306640625, 65.87018585205078, 3.1042158603668213)","(-8.621891021728516, 0.7654721140861511, -0.9464592337608337)","(359.8783264160156, 96.32503509521484, 359.96240234375)","(-8.675159454345703, -0.004127178806811571, -1.535495400428772)","(359.8753662109375, 91.00028228759766, 359.9738464355469)",0.796299,-0.096924,"(1.969118, -0.000145, 0.023096)",LeftFalse_RightFalse,False,"(-36.52730178833008, -0.0037242951802909374, 0.8586967587471008)","(0.40864476561546326, 252.7982177734375, 359.6408996582031)",-1.0,1.0,"(-1.924750, 0.003387, -0.835354)",LeftFalse_RightFalse
20.259838,0.11258,"(-8.314297676086426, 1.188998818397522, -1.2016396522521973)","(351.77972412109375, 65.00437927246094, 2.689850091934204)","(-8.401239395141602, 0.7655594348907471, -0.9420514106750488)","(359.8739318847656, 95.97924041748047, 359.9523010253906)","(-8.450879096984863, -0.004143176134675741, -1.5312695503234863)","(359.87005615234375, 90.65450286865234, 359.9642028808594)",0.813152,-0.105103,"(2.186748, -0.000152, 0.051852)",LeftFalse_RightFalse,False,"(-36.67265319824219, -0.003388831624761224, 0.7897940874099731)","(0.5447666645050049, 251.75335693359375, 359.7811279296875)",-1.0,1.0,"(-0.699279, 0.002557, -0.425093)",LeftFalse_RightFalse
20.369926,0.112082,"(-8.066732406616211, 1.1890428066253662, -1.1936308145523071)","(351.2987060546875, 64.75196838378906, 2.539752244949341)","(-8.155570030212402, 0.7656343579292297, -0.9346350431442261)","(359.8697204589844, 95.55195617675781, 359.94329833984375)","(-8.200746536254883, -0.004160136915743351, -1.524092197418213)","(359.8650207519531, 90.22720336914062, 359.95562744140625)",0.821679,-0.127136,"(2.371672, -0.000159, 0.078381)",LeftFalse_RightFalse,False,"(-36.70738983154297, -0.0031638937070965767, 0.7653716206550598)","(0.604771077632904, 251.27398681640625, 359.930419921875)",-1.0,1.0,"(0.001157, 0.001263, -0.009335)",LeftFalse_RightFalse
20.480976,0.111875,"(-7.795248508453369, 1.189122200012207, -1.1819331645965576)","(351.44000244140625, 64.55888366699219, 2.2809970378875732)","(-7.886445999145508, 0.7657771706581116, -0.9226506948471069)","(359.8667297363281, 95.00186920166016, 359.92767333984375)","(-7.925902366638184, -0.00417787441983819, -1.5123087167739868)","(359.860595703125, 89.6771240234375, 359.94036865234375)",0.816072,-0.156891,"(2.593433, -0.000163, 0.130315)",LeftFalse_RightFalse,False,"(-36.70797348022461, -0.003191126510500908, 0.7653553485870361)","(0.4644527733325958, 251.27572631835938, 0.020605769008398056)",-0.811734,1.0,"(0.004324, -0.001608, 0.000321)",LeftFalse_RightFalse
20.593636,0.112032,"(-7.497600078582764, 1.1892391443252563, -1.1621215343475342)","(350.9497985839844, 63.1651611328125, 2.5976595878601074)","(-7.592056751251221, 0.765990138053894, -0.9038511514663696)","(359.8656921386719, 94.27568817138672, 359.9052429199219)","(-7.62399959564209, -0.004196007736027241, -1.4936623573303223)","(359.85748291015625, 88.95094299316406, 359.9181213378906)",0.791885,-0.181702,"(2.772583, -0.000161, 0.195124)",LeftFalse_RightFalse,False,"(-36.7086181640625, -0.0034327413886785507, 0.7651011347770691)","(0.2759118974208832, 251.2757110595703, 0.02447357028722763)",-0.811825,1.0,"(0.003517, -0.002355, 0.001129)",LeftFalse_RightFalse
20.709648,0.112828,"(-7.170436859130859, 1.1893744468688965, -1.1319596767425537)","(350.7586975097656, 61.46169662475586, 2.279712200164795)","(-7.268139362335205, 0.7662475109100342, -0.875182032585144)","(359.8673095703125, 93.31124877929688, 359.878662109375)","(-7.2901506423950195, -0.00421292707324028, -1.465089201927185)","(359.85662841796875, 87.98651123046875, 359.8914794921875)",0.748409,-0.20929,"(2.975257, -0.000142, 0.284590)",LeftFalse_RightFalse,False,"(-36.709075927734375, -0.003686200361698866, 0.7649054527282715)","(0.13866904377937317, 251.27560424804688, 0.015941191464662552)",-0.809143,1.0,"(0.002102, -0.001837, 0.000911)",LeftFalse_RightFalse
20.821533,0.11264,"(-6.835766792297363, 1.1906533241271973, -1.0910146236419678)","(350.511474609375, 60.00089645385742, 2.239455461502075)","(-6.937532424926758, 0.7665160894393921, -0.8370714783668518)","(359.87188720703125, 92.17613983154297, 359.8513488769531)","(-6.94789981842041, -0.00422652205452323, -1.4269295930862427)","(359.858642578125, 86.85140228271484, 359.8638916015625)",0.68944,-0.234528,"(3.155599, -0.000109, 0.394815)",LeftFalse_RightFalse,False,"(-36.70932388305664, -0.0038469557184726, 0.7647996544837952)","(0.06343121081590652, 251.27554321289062, 0.009184214286506176)",-0.806186,1.0,"(0.001053, -0.000978, 0.000522)",LeftFalse_RightFalse
20.929352,0.111676,"(-6.496744155883789, 1.1918116807937622, -1.0407588481903076)","(349.94659423828125, 58.274505615234375, 2.596189022064209)","(-6.604237079620361, 0.7667869925498962, -0.7889613509178162)","(359.8792419433594, 90.88903045654297, 359.8242492675781)","(-6.601445198059082, -0.004235929809510708, -1.3785375356674194)","(359.8634338378906, 85.5643081665039, 359.8362121582031)",0.620496,-0.262543,"(3.281428, -0.000071, 0.502679)",LeftFalse_RightFalse,False,"(-36.709442138671875, -0.003923563286662102, 0.7647483348846436)","(0.026846904307603836, 251.27552795410156, 0.005146784707903862)",-0.804458,1.0,"(0.000531, -0.000436, 0.000288)",LeftFalse_RightFalse
21.037212,0.110912,"(-6.146026134490967, 1.191973090171814, -0.976832389831543)","(349.88433837890625, 56.005821228027344, 2.761111259460449)","(-6.260173797607422, 0.7671076059341431, -0.7277092933654785)","(359.8907165527344, 89.38622283935547, 359.79290771484375)","(-6.24207878112793, -0.0042399996891617775, -1.3165892362594604)","(359.8719482421875, 84.06150817871094, 359.803955078125)",0.558446,-0.2901,"(3.377549, -0.000021, 0.627571)",LeftFalse_RightFalse,False,"(-36.709495544433594, -0.0039506470784544945, 0.7647237181663513)","(0.009956806898117065, 251.27552795410156, 0.0028119583148509264)",-0.803455,1.0,"(0.000243, -0.000117, 0.000132)",LeftFalse_RightFalse
21.154598,0.112207,"(-5.75532865524292, 1.1921571493148804, -0.8895630836486816)","(349.6285095214844, 53.17893600463867, 2.6593093872070312)","(-5.87774658203125, 0.7674772143363953, -0.6440767049789429)","(359.9063720703125, 87.49906158447266, 359.7574462890625)","(-5.8404998779296875, -0.004238006193190813, -1.2315735816955566)","(359.88427734375, 82.17436218261719, 359.7671813964844)",0.502602,-0.321503,"(3.458958, 0.000028, 0.791402)",LeftFalse_RightFalse,False,"(-36.709510803222656, -0.00395193649455905, 0.7647110819816589)","(0.00277174124494195, 251.27557373046875, 0.0014374086167663336)",-0.802947,1.0,"(0.000081, 0.000045, 0.000052)",LeftFalse_RightFalse
21.275002,0.113846,"(-5.348906993865967, 1.1923487186431885, -0.7802572250366211)","(349.5908508300781, 49.69645309448242, 2.799330234527588)","(-5.480872631072998, 0.7678706049919128, -0.5383449196815491)","(359.9234924316406, 85.30371856689453, 359.7200927734375)","(-5.4214186668396, -0.0042316424660384655, -1.123500943183899)","(359.8978576660156, 79.97904205322266, 359.7283935546875)",0.452342,-0.34375,"(3.503188, 0.000052, 0.975185)",LeftFalse_RightFalse,False,"(-36.70952606201172, -0.003943368326872587, 0.7647064924240112)","(0.0005493470234796405, 251.27557373046875, 0.0007200587424449623)",-0.802878,1.0,"(0.000019, 0.000080, 0.000020)",LeftFalse_RightFalse
21.394436,0.114964,"(-4.94481897354126, 1.1925104856491089, -0.6500396132469177)","(349.5518798828125, 45.88310241699219, 2.7541706562042236)","(-5.086048126220703, 0.7682122588157654, -0.4124563932418823)","(359.9394836425781, 82.90277862548828, 359.6878662109375)","(-5.0024003982543945, -0.004223722964525223, -0.9942037463188171)","(359.9107971191406, 77.57811737060547, 359.6948547363281)",0.407107,-0.358551,"(3.516552, 0.000059, 1.163846)",LeftFalse_RightFalse,False,"(-36.70952606201172, -0.003934497945010662, 0.7647050619125366)","(0.00017997974646277726, 251.27557373046875, 0.00036838706000708044)",-0.802846,1.0,"(-0.000001, 0.000067, 0.000004)",LeftFalse_RightFalse
21.511574,0.115399,"(-4.548781394958496, 1.1936484575271606, -0.49989771842956543)","(349.1617736816406, 42.1771240234375, 2.399423360824585)","(-4.700423717498779, 0.7684741616249084, -0.2685673236846924)","(359.95343017578125, 80.38995361328125, 359.66339111328125)","(-4.591590881347656, -0.004215684719383717, -0.845793604850769)","(359.9223937988281, 75.06529998779297, 359.6691589355469)",0.366397,-0.374664,"(3.502209, 0.000059, 1.352038)",LeftFalse_RightFalse,False,"(-36.70952606201172, -0.0039282552897930145, 0.7647045850753784)","(0.00029879211797378957, 251.27557373046875, 0.0001929339050548151)",-0.802798,1.0,"(-0.000004, 0.000041, 0.000001)",LeftFalse_RightFalse
21.624931,0.114991,"(-4.169873237609863, 1.1937650442123413, -0.3333348035812378)","(348.3486022949219, 38.880409240722656, 2.664443016052246)","(-4.331581115722656, 0.7687021493911743, -0.10994917154312134)","(359.9659729003906, 77.83171081542969, 359.6421203613281)","(-4.197318077087402, -0.004207847639918327, -0.6814976930618286)","(359.93292236328125, 72.50707244873047, 359.6468200683594)",0.329757,-0.387482,"(3.457305, 0.000064, 1.543842)",LeftFalse_RightFalse,False,"(-36.70952224731445, -0.003924749791622162, 0.7647043466567993)","(0.00046416043187491596, 251.27557373046875, 0.00010155294876312837)",-0.802756,1.0,"(-0.000003, 0.000022, 0.000000)",LeftFalse_RightFalse
21.74543,0.116092,"(-3.774397611618042, 1.1938618421554565, -0.13580796122550964)","(349.0202941894531, 35.177734375, 2.0843636989593506)","(-3.9470713138580322, 0.7689046859741211, 0.07942301034927368)","(359.97802734375, 74.9986343383789, 359.6234130859375)","(-3.784945011138916, -0.004199303686618805, -0.4845888614654541)","(359.94317626953125, 69.67401885986328, 359.6270751953125)",0.296781,-0.400269,"(3.386231, 0.000065, 1.732309)",LeftFalse_RightFalse,False,"(-36.70952224731445, -0.003922806121408939, 0.7647043466567993)","(0.0005869014421477914, 251.27557373046875, 4.9292244511889294e-05)",-0.802732,1.0,"(-0.000002, 0.000012, 0.000000)",LeftFalse_RightFalse
21.859699,0.115728,"(-3.4095311164855957, 1.1936702728271484, 0.07264602184295654)","(349.14691162109375, 32.05009841918945, 1.8961572647094727)","(-3.5922024250030518, 0.7690713405609131, 0.27827057242393494)","(359.9884948730469, 72.22000122070312, 359.608154296875)","(-3.4031224250793457, -0.0041906763799488544, -0.2770662009716034)","(359.95220947265625, 66.89539337158203, 359.6109313964844)",0.267103,-0.413055,"(3.289347, 0.000073, 1.916586)",LeftFalse_RightFalse,False,"(-36.70952224731445, -0.003921953961253166, 0.7647043466567993)","(0.0006508181686513126, 251.27557373046875, 2.549346027080901e-05)",-0.802716,1.0,"(-0.000001, 0.000004, 0.000000)",LeftFalse_RightFalse
21.97858,0.116359,"(-3.042583703994751, 1.1937412023544312, 0.30853456258773804)","(348.6956481933594, 28.473718643188477, 1.936877727508545)","(-3.2357840538024902, 0.7692207098007202, 0.5044695734977722)","(-0.001496371696703136, 69.24532318115234, 359.5946960449219)","(-3.0183305740356445, -0.0041809999383986, -0.04018436744809151)","(359.9609069824219, 63.92073440551758, 359.5965881347656)",0.240393,-0.427124,"(3.188297, 0.000078, 2.065932)",LeftFalse_RightFalse,False,"(-36.70952224731445, -0.003921658731997013, 0.7647043466567993)","(0.0006825997843407094, 251.27557373046875, 1.2900272849947214e-05)",-0.802709,1.0,"(0.000000, 0.000002, 0.000000)",LeftFalse_RightFalse
22.094162,0.116203,"(-2.701509952545166, 1.1938090324401855, 0.5568001866340637)","(348.7416076660156, 25.426889419555664, 1.5696033239364624)","(-2.904744863510132, 0.7693631649017334, 0.7424771189689636)","(0.00814666785299778, 66.26343536376953, 359.58197021484375)","(-2.6594409942626953, -0.004170575644820929, 0.20997752249240875)","(359.9693298339844, 60.938846588134766, 359.5830078125)",0.216354,-0.432678,"(3.045073, 0.000091, 2.236975)",LeftFalse_RightFalse,False,"(-36.70952224731445, -0.003921598196029663, 0.7647043466567993)","(0.0006953261909075081, 251.27557373046875, 6.757000392099144e-06)",-0.802706,1.0,"(0.000000, 0.000000, 0.000000)",LeftFalse_RightFalse
22.221584,0.118447,"(-2.34382963180542, 1.1938353776931763, 0.8504908084869385)","(348.9100036621094, 22.569875717163086, 1.4044100046157837)","(-2.5585317611694336, 0.7694281935691833, 1.0235633850097656)","(0.016343334689736366, 62.9316291809082, 359.5768737792969)","(-2.2828245162963867, -0.00415904400870204, 0.5062313079833984)","(359.9770202636719, 57.60704040527344, 359.5771789550781)",0.194718,-0.433075,"(2.865719, 0.000085, 2.413673)",LeftFalse_RightFalse,False,"(-36.70952224731445, -0.003921598196029663, 0.7647043466567993)","(0.0006986726075410843, 251.27557373046875, 2.89615513793251e-06)",-0.802707,1.0,"(0.000000, -0.000001, 0.000000)",LeftFalse_RightFalse
22.347637,0.119968,"(-2.01171875, 1.1938172578811646, 1.1584999561309814)","(348.86572265625, 19.82402229309082, 1.5404707193374634)","(-2.2360167503356934, 0.7694065570831299, 1.3189326524734497)","(0.021731287240982056, 59.64359664916992, 359.580078125)","(-1.9311323165893555, -0.004148897249251604, 0.8181914687156677)","(359.982666015625, 54.319007873535156, 359.5798645019531)",0.175246,-0.433075,"(2.704025, 0.000076, 2.545644)",LeftFalse_RightFalse,False,"(-36.70952224731445, -0.003921627998352051, 0.7647043466567993)","(0.0007002794300206006, 251.27557373046875, 2.369946287217317e-06)",-0.802706,1.0,"(0.000000, -0.000001, 0.000000)",LeftFalse_RightFalse
22.462372,0.118921,"(-1.7280617952346802, 1.1937817335128784, 1.452219843864441)","(348.8758544921875, 17.01915168762207, 1.6548651456832886)","(-1.960353136062622, 0.7693500518798828, 1.6007837057113647)","(0.02543010376393795, 56.67922592163086, 359.58648681640625)","(-1.6299751996994019, -0.004140491131693125, 1.116379976272583)","(359.9869384765625, 51.35463333129883, 359.5859069824219)",0.157722,-0.433075,"(2.534166, 0.000075, 2.660940)",LeftFalse_RightFalse,False,"(-36.70952224731445, -0.0039216578006744385, 0.7647043466567993)","(0.0007005141815170646, 251.27557373046875, 3.3410460673621856e-06)",-0.802706,1.0,"(0.000000, 0.000000, 0.000000)",LeftFalse_RightFalse
22.571049,0.116872,"(-1.4773403406143188, 1.1937404870986938, 1.7400729656219482)","(348.82373046875, 14.32664966583252, 1.7900956869125366)","(-1.7157151699066162, 0.7692809104919434, 1.8777542114257812)","(0.028293965384364128, 53.902915954589844, 359.5940246582031)","(-1.3622331619262695, -0.00413297675549984, 1.4098165035247803)","(359.9905090332031, 48.57831573486328, 359.5931396484375)",0.14195,-0.433075,"(2.387456, 0.000075, 2.744128)",LeftFalse_RightFalse,False,"(-36.70952224731445, -0.0039216578006744385, 0.7647042870521545)","(0.000700300675816834, 251.27557373046875, 3.4926606531371363e-06)",-0.802707,1.0,"(0.000000, -0.000001, 0.000000)",LeftFalse_RightFalse
22.677284,0.114745,"(-1.2478725910186768, 1.1936944723129272, 2.0300986766815186)","(348.9086608886719, 11.747479438781738, 1.654855489730835)","(-1.4924004077911377, 0.7692028880119324, 2.1564218997955322)","(0.03079158626496792, 51.22258758544922, 359.6024169921875)","(-1.1173779964447021, -0.0041254679672420025, 1.7054166793823242)","(359.9937744140625, 45.897979736328125, 359.6012878417969)",0.127755,-0.433075,"(2.237177, 0.000076, 2.815364)",LeftFalse_RightFalse,False,"(-36.70952224731445, -0.0039216578006744385, 0.7647042870521545)","(0.000699855329003185, 251.27557373046875, 2.0333402517280774e-06)",-0.802707,1.0,"(0.000000, -0.000001, 0.000000)",LeftFalse_RightFalse
22.792374,0.114814,"(-1.0173730850219727, 1.193640112876892, 2.3525002002716064)","(348.9200744628906, 9.093574523925781, 1.5829763412475586)","(-1.268653392791748, 0.7691097855567932, 2.465689182281494)","(0.03314024209976196, 48.359989166259766, 359.6123962402344)","(-0.8715095520019531, -0.00411680992692709, 2.0338540077209473)","(-0.0029725597705692053, 43.035377502441406, 359.6109924316406)",0.114979,-0.433075,"(2.054284, 0.000077, 2.885852)",LeftFalse_RightFalse,False,"(-36.70952224731445, -0.0039216578006744385, 0.7647042870521545)","(0.0006991087575443089, 251.27557373046875, -5.530456519409199e-07)",-0.802707,1.0,"(0.000000, 0.000000, 0.000000)",LeftFalse_RightFalse
22.902584,0.113893,"(-0.8157764673233032, 1.193585753440857, 2.6664223670959473)","(349.0534362792969, 6.685271263122559, 1.5002068281173706)","(-1.072066307067871, 0.7690142393112183, 2.7675857543945312)","(0.034887343645095825, 45.660037994384766, 359.62255859375)","(-0.6549423933029175, -0.0041085584089159966, 2.354823350906372)","(-0.00028960269992239773, 40.33541488647461, 359.6209411621094)",0.103481,-0.433075,"(1.870813, 0.000077, 2.940878)",LeftFalse_RightFalse,False,"(-36.70952224731445, -0.003921662922948599, 0.7647042274475098)","(0.0006986510124988854, 251.27557373046875, -1.8624970152814058e-06)",-0.802707,1.0,"(0.000000, -0.000001, 0.000000)",LeftFalse_RightFalse
23.017677,0.114133,"(-0.6228829622268677, 1.193513035774231, 2.9974098205566406)","(349.15130615234375, 4.2264838218688965, 1.4794942140579224)","(-0.8852699995040894, 0.7689088582992554, 3.0874295234680176)","(0.03619622439146042, 42.88553237915039, 359.6336975097656)","(-0.4485571086406708, -0.004100251942873001, 2.6952269077301025)","(0.002046108478680253, 37.56090545654297, 359.63189697265625)",0.093133,-0.430756,"(1.718611, 0.000074, 2.975164)",LeftFalse_RightFalse,False,"(-36.70952224731445, -0.003921687602996826, 0.7647042870521545)","(0.0006992087583057582, 251.27557373046875, 3.797010208472784e-07)",-0.802706,1.0,"(0.000000, 0.000000, 0.000000)",LeftFalse_RightFalse
23.131462,0.114063,"(-0.4525650143623352, 1.1934453248977661, 3.3292641639709473)","(349.3427734375, 2.0438053607940674, 1.417860507965088)","(-0.7188146710395813, 0.7687859535217285, 3.4068191051483154)","(0.03688385337591171, 40.19852066040039, 359.6464538574219)","(-0.26406973600387573, -0.004092341288924217, 3.035402297973633)","(0.003916519694030285, 34.8738899230957, 359.6445617675781)",0.08382,-0.418915,"(1.540850, 0.000071, 3.002463)",LeftFalse_RightFalse,False,"(-36.70952224731445, -0.003921687602996826, 0.7647042870521545)","(0.0006991635891608894, 251.27557373046875, 1.307627485402918e-06)",-0.802706,1.0,"(0.000000, 0.000000, 0.000000)",LeftFalse_RightFalse
23.244331,0.113825,"(-0.29980650544166565, 1.193340539932251, 3.6594796180725098)","(349.564697265625, 359.9393005371094, 1.6508840322494507)","(-0.5700361132621765, 0.7686050534248352, 3.7255897521972656)","(0.03602699190378189, 37.62317657470703, 359.6647644042969)","(-0.09885886311531067, -0.004085490945726633, 3.3748397827148438)","(0.004762382712215185, 32.29854202270508, 359.6628723144531)",0.075438,-0.40152,"(1.379209, 0.000061, 3.014297)",LeftFalse_RightFalse,False,"(-36.70952224731445, -0.003921687602996826, 0.7647042870521545)","(0.000699185358826071, 251.27557373046875, 1.6462917074022698e-06)",-0.802706,1.0,"(0.000000, 0.000000, 0.000000)",LeftFalse_RightFalse
23.35413,0.113019,"(-0.1665634959936142, 1.193214774131775, 3.9804201126098633)","(349.68902587890625, 357.9522399902344, 1.8511853218078613)","(-0.43938538432121277, 0.7683805823326111, 4.0365824699401855)","(0.03387961536645889, 35.2371711730957, 359.6871643066406)","(0.04624898359179497, -0.004080107435584068, 3.7056021690368652)","(0.0047010513953864574, 29.912519454956055, 359.68536376953125)",0.067894,-0.384827,"(1.259250, 0.000053, 3.013370)",LeftFalse_RightFalse,False,"(-36.70952224731445, -0.003921687602996826, 0.7647042870521545)","(0.0006992457201704383, 251.27557373046875, 1.1382433058315655e-06)",-0.802706,1.0,"(0.000000, 0.000000, 0.000000)",LeftFalse_RightFalse
23.464664,0.112523,"(-0.044617921113967896, 1.1930761337280273, 4.303758144378662)","(349.5265197753906, 355.9818115234375, 1.971063494682312)","(-0.3202875256538391, 0.7681336402893066, 4.34969425201416)","(0.031086722388863564, 32.9776611328125, 359.7116394042969)","(0.178315669298172, -0.004075553733855486, 4.037969589233398)","(0.004191541578620672, 27.652996063232422, 359.7099914550781)",0.061105,-0.363709,"(1.123833, 0.000047, 3.002700)",LeftFalse_RightFalse,False,"(-36.70952224731445, -0.003921687602996826, 0.7647043466567993)","(0.0006993077113293111, 251.27557373046875, 3.0354195246218296e-07)",-0.802706,1.0,"(0.000000, 0.000000, 0.000000)",LeftFalse_RightFalse
23.578621,0.112809,"(0.06843611598014832, 1.1929347515106201, 4.635759353637695)","(349.5697021484375, 354.6661682128906, 1.7296944856643677)","(-0.2095644772052765, 0.7678785920143127, 4.671655654907227)","(0.0280221626162529, 30.795167922973633, 359.7368469238281)","(0.30086126923561096, -0.004071290139108896, 4.379007339477539)","(0.003479214385151863, 25.470487594604492, 359.7353820800781)",0.054994,-0.347138,"(1.025049, 0.000041, 2.985895)",LeftFalse_RightFalse,False,"(-36.70951843261719, -0.003921687602996826, 0.7647042870521545)","(0.000699342112056911, 251.27557373046875, -1.5088511418070993e-07)",-0.802706,1.0,"(0.000000, 0.000000, 0.000000)",LeftFalse_RightFalse
23.689068,0.112337,"(0.16807180643081665, 1.1928044557571411, 4.957150936126709)","(350.0417175292969, 353.8943786621094, 1.6733884811401367)","(-0.11280369758605957, 0.7676449418067932, 4.982181072235107)","(0.02521805837750435, 28.829381942749023, 359.7598876953125)","(0.40765076875686646, -0.004067530855536461, 4.707097053527832)","(0.002827561693266034, 23.50469398498535, 359.75860595703125)",0.049495,-0.334259,"(0.911115, 0.000043, 2.959312)",LeftFalse_RightFalse,False,"(-36.70952224731445, -0.003921687602996826, 0.7647042870521545)","(0.0006993261631578207, 251.27557373046875, 1.1307915315228456e-07)",-0.802706,1.0,"(0.000000, 0.000000, 0.000000)",LeftFalse_RightFalse
23.799206,0.111897,"(0.25543856620788574, 1.1916406154632568, 5.274640083312988)","(350.5238952636719, 352.8519287109375, 1.805800437927246)","(-0.02646183967590332, 0.7674610614776611, 5.289567470550537)","(0.02323242463171482, 26.979286193847656, 359.7781677246094)","(0.502833902835846, -0.004063250496983528, 5.031341552734375)","(0.0025471001863479614, 21.654592514038086, 359.7769775390625)",0.044545,-0.317474,"(0.821211, 0.000043, 2.932429)",LeftFalse_RightFalse,False,"(-36.70952224731445, -0.003921687602996826, 0.7647042870521545)","(0.0006992800044827163, 251.27557373046875, 8.049984785429842e-07)",-0.802706,1.0,"(0.000000, 0.000000, 0.000000)",LeftFalse_RightFalse
23.907883,0.111253,"(0.3318607211112976, 1.1915407180786133, 5.5837082862854)","(350.899169921875, 352.006591796875, 1.9409600496292114)","(0.04977291822433472, 0.7672727108001709, 5.590197563171387)","(0.021155880764126778, 25.274606704711914, 359.7969055175781)","(0.5867558717727661, -0.004058895166963339, 5.34774923324585)","(0.0022161996457725763, 19.94990348815918, 359.7958068847656)",0.040091,-0.301148,"(0.724326, 0.000045, 2.894872)",LeftFalse_RightFalse,False,"(-36.70952224731445, -0.003921687602996826, 0.7647042870521545)","(0.0006992227281443775, 251.27557373046875, 1.3595292784884805e-06)",-0.802707,1.0,"(0.000000, 0.000001, 0.000000)",LeftFalse_RightFalse
24.020725,0.111571,"(0.40277183055877686, 1.191444754600525, 5.901791572570801)","(351.0415954589844, 351.206787109375, 1.9408177137374878)","(0.12030941247940063, 0.7670924663543701, 5.8991007804870605)","(0.019195472821593285, 23.619281768798828, 359.8148498535156)","(0.6643038392066956, -0.004054167773574591, 5.6721930503845215)","(0.0019300170242786407, 18.294572830200195, 359.8138732910156)",0.036082,-0.281067,"(0.636327, 0.000043, 2.852944)",LeftFalse_RightFalse,False,"(-36.70952224731445, -0.003921687602996826, 0.7647042870521545)","(0.0006991871632635593, 251.27557373046875, 1.3103372111800127e-06)",-0.802707,1.0,"(0.000000, 0.000001, 0.000000)",LeftFalse_RightFalse
24.133507,0.111813,"(0.4664390981197357, 1.1913434267044067, 6.2150187492370605)","(350.8448486328125, 350.81591796875, 2.04292368888855)","(0.18296515941619873, 0.7669074535369873, 6.204171180725098)","(0.017103953287005424, 22.08823585510254, 359.8332214355469)","(0.7330678701400757, -0.004049630369991064, 5.991812229156494)","(0.0015537362778559327, 16.763525009155273, 359.8323669433594)",0.032474,-0.2547,"(0.575282, 0.000043, 2.814830)",LeftFalse_RightFalse,False,"(-36.70952224731445, -0.003921627998352051, 0.7647042870521545)","(0.0006993537535890937, 251.27557373046875, 4.055476949815784e-07)",-0.802707,1.0,"(0.000000, 0.000000, 0.000000)",LeftFalse_RightFalse
24.243294,0.111408,"(0.5234675407409668, 1.1912200450897217, 6.51437520980835)","(350.7747497558594, 350.7236633300781, 2.1926522254943848)","(0.23838764429092407, 0.7666851282119751, 6.497679710388184)","(0.014407975599169731, 20.75294303894043, 359.8551940917969)","(0.7935787439346313, -0.004045526962727308, 6.298126697540283)","(0.000906859349925071, 15.428226470947266, 359.8544616699219)",0.078033,-0.226471,"(0.516086, 0.000040, 2.765933)",LeftFalse_RightFalse,False,"(-36.70952224731445, -0.003921627998352051, 0.7647042870521545)","(0.0006993112037889659, 251.27557373046875, 2.1417295670289604e-07)",-0.802706,1.0,"(0.000000, 0.000000, 0.000000)",LeftFalse_RightFalse
24.353626,0.111193,"(0.5763536691665649, 1.1911076307296753, 6.812533378601074)","(350.7591857910156, 350.555419921875, 2.035496473312378)","(0.2895027995109558, 0.7664754390716553, 6.789604663848877)","(0.010095038451254368, 19.55638313293457, 359.8757019042969)","(0.8490195870399475, -0.004043063148856163, 6.601651191711426)","(-0.0014823111705482006, 14.23166275024414, 359.87530517578125)",0.162025,-0.193695,"(0.480754, 0.000011, 2.736975)",LeftFalse_RightFalse,False,"(-36.70952224731445, -0.003921627998352051, 0.7647042870521545)","(0.0006994166760705411, 251.27557373046875, 2.3944640048512156e-08)",-0.802706,1.0,"(0.000000, 0.000000, 0.000000)",LeftFalse_RightFalse
24.465595,0.111348,"(0.6261876821517944, 1.1909979581832886, 7.113110065460205)","(350.6018371582031, 350.0823974609375, 2.156371831893921)","(0.33886218070983887, 0.7662509083747864, 7.085344314575195)","(0.0007136146887205541, 18.51185417175293, 359.8970031738281)","(0.9020239114761353, -0.004046428948640823, 6.907650470733643)","(359.99114990234375, 13.187128067016602, 359.89739990234375)",0.242696,-0.160889,"(0.454191, -0.000062, 2.730150)",LeftFalse_RightFalse,False,"(-36.70952224731445, -0.003921627998352051, 0.7647042870521545)","(0.0006994921714067459, 251.27557373046875, 2.2970179713865946e-07)",-0.802706,1.0,"(0.000000, 0.000000, 0.000000)",LeftFalse_RightFalse
24.577175,0.111395,"(0.6755002737045288, 1.1909056901931763, 7.413488388061523)","(350.7550048828125, 349.8262634277344, 2.0657334327697754)","(0.38656020164489746, 0.7660542726516724, 7.382009029388428)","(359.9880065917969, 17.61899185180664, 359.914794921875)","(0.9527022242546082, -0.004057429730892181, 7.213202953338623)","(359.9801330566406, 12.29426383972168, 359.9162902832031)",0.317644,-0.127564,"(0.445797, -0.000125, 2.746448)",LeftFalse_RightFalse,False,"(-36.70952224731445, -0.003921627998352051, 0.7647042870521545)","(0.000699498865287751, 251.27557373046875, 6.031235670889146e-07)",-0.802706,1.0,"(0.000000, -0.000001, 0.000000)",LeftFalse_RightFalse
24.683823,0.110445,"(0.7218917608261108, 1.1908172369003296, 7.704904556274414)","(350.7558898925781, 349.5689392089844, 2.057094097137451)","(0.4325460195541382, 0.7658564448356628, 7.670282363891602)","(359.97314453125, 16.923751831054688, 359.9320983886719)","(1.0009750127792358, -0.004074189346283674, 7.508481502532959)","(359.96697998046875, 11.599020957946777, 359.93487548828125)",0.385097,-0.100098,"(0.446208, -0.000177, 2.790598)",LeftFalse_RightFalse,False,"(-36.70952224731445, -0.003921687602996826, 0.7647043466567993)","(0.0006994617288000882, 251.27557373046875, 8.828772024571663e-07)",-0.802707,1.0,"(0.000000, -0.000001, 0.000000)",LeftFalse_RightFalse
24.794861,0.110564,"(0.7701702117919922, 1.1907533407211304, 8.015681266784668)","(350.69073486328125, 349.030517578125, 1.9877803325653076)","(0.4810299873352051, 0.7657018899917603, 7.977112293243408)","(359.9580993652344, 16.32456398010254, 359.94476318359375)","(1.051340103149414, -0.004095250274986029, 7.821410655975342)","(359.9531555175781, 10.999828338623047, 359.9488830566406)",0.445804,-0.07196,"(0.453399, -0.000197, 2.845562)",LeftFalse_RightFalse,False,"(-36.70952224731445, -0.003921687602996826, 0.7647042870521545)","(0.0006993288407102227, 251.27557373046875, 9.912924952004687e-07)",-0.802707,1.0,"(0.000000, -0.000001, 0.000000)",LeftFalse_RightFalse
24.90419,0.110316,"(0.819414496421814, 1.19068443775177, 8.329010963439941)","(350.8780517578125, 348.75482177734375, 2.041024684906006)","(0.5307092666625977, 0.7655417323112488, 8.288252830505371)","(359.94329833984375, 15.874765396118164, 359.95782470703125)","(1.1024473905563354, -0.004117676522582769, 8.137176513671875)","(359.93963623046875, 10.550026893615723, 359.9632873535156)",0.500441,-0.040558,"(0.470332, -0.000206, 2.930860)",LeftFalse_RightFalse,False,"(-36.70952224731445, -0.003921687602996826, 0.7647042870521545)","(0.0006991431000642478, 251.27557373046875, 8.799069064480136e-07)",-0.802706,1.0,"(0.000000, 0.000000, 0.000000)",LeftFalse_RightFalse
25.024242,0.112264,"(0.8770006895065308, 1.1894655227661133, 8.685640335083008)","(351.4630126953125, 348.7875061035156, 1.9015578031539917)","(0.5883632302284241, 0.7653642296791077, 8.642119407653809)","(359.928466796875, 15.53454303741455, 359.97235107421875)","(1.1612294912338257, -0.004142542835325003, 8.494580268859863)","(359.92620849609375, 10.209805488586426, 359.9790954589844)",0.549614,-0.013763,"(0.500526, -0.000202, 3.032150)",LeftFalse_RightFalse,False,"(-36.70952224731445, -0.003921687602996826, 0.7647042870521545)","(0.0006990505498833954, 251.27557373046875, 6.383240247487265e-07)",-0.802706,1.0,"(0.000000, 0.000000, 0.000000)",LeftFalse_RightFalse
25.145741,0.114111,"(0.9415411949157715, 1.1883761882781982, 9.062684059143066)","(351.838134765625, 349.6485290527344, 1.9616502523422241)","(0.6512299180030823, 0.7651891708374023, 9.01513671875)","(359.9150390625, 15.356468200683594, 359.9866638183594)","(1.2247850894927979, -0.0041671437211334705, 8.869501113891602)","(359.9141540527344, 10.031725883483887, -0.005389825440943241)",0.59387,-0.019348,"(0.538791, -0.000199, 3.148118)",LeftFalse_RightFalse,False,"(-36.70952224731445, -0.003921687602996826, 0.7647042870521545)","(0.0006991117261350155, 251.27557373046875, 5.113835186421056e-07)",-0.802706,1.0,"(0.000000, 0.000000, 0.000000)",LeftFalse_RightFalse
25.25671,0.113482,"(1.0028820037841797, 1.1883805990219116, 9.418549537658691)","(351.9571838378906, 350.4520263671875, 1.6916499137878418)","(0.7113674879074097, 0.7651757597923279, 9.369726181030273)","(359.90521240234375, 15.244118690490723, 359.9856262207031)","(1.2852284908294678, -0.0041891359724104404, 9.225346565246582)","(359.904296875, 9.919377326965332, -0.005504910834133625)",0.6337,-0.039581,"(0.550459, -0.000199, 3.260373)",LeftFalse_RightFalse,False,"(-36.70951843261719, -0.003921687602996826, 0.7647042870521545)","(0.0006992383277975023, 251.27557373046875, 6.112006190051034e-07)",-0.802706,1.0,"(0.000000, 0.000000, 0.000000)",LeftFalse_RightFalse
25.371979,0.11384,"(1.066109538078308, 1.187261700630188, 9.802431106567383)","(352.3525390625, 350.7587585449219, 1.6521400213241577)","(0.7736870050430298, 0.765320897102356, 9.752920150756836)","(359.89703369140625, 15.039982795715332, 359.9692077636719)","(1.3478740453720093, -0.004212138243019581, 9.610750198364258)","(359.8946228027344, 9.715240478515625, 359.9788818359375)",0.669547,-0.051727,"(0.543874, -0.000203, 3.411248)",LeftFalse_RightFalse,False,"(-36.70952224731445, -0.003921687602996826, 0.7647042870521545)","(0.000699369003996253, 251.27557373046875, 8.445762205155916e-07)",-0.802706,1.0,"(0.000000, 0.000000, 0.000000)",LeftFalse_RightFalse
25.48455,0.113586,"(1.1248441934585571, 1.1873444318771362, 10.19408893585205)","(352.2796325683594, 350.38720703125, 1.8575105667114258)","(0.8336347937583923, 0.7654634118080139, 10.142863273620605)","(359.8899230957031, 14.742108345031738, 359.9530029296875)","(1.4083672761917114, -0.0042352937161922455, 10.003828048706055)","(359.8860168457031, 9.417364120483398, 359.9634094238281)",0.70181,-0.053802,"(0.535822, -0.000210, 3.573672)",LeftFalse_RightFalse,False,"(-36.70952606201172, -0.003921687602996826, 0.7647042870521545)","(0.0006993908900767565, 251.27557373046875, 9.533301863484667e-07)",-0.802706,1.0,"(0.000000, 0.000000, 0.000000)",LeftFalse_RightFalse
25.589806,0.11192,"(1.177604079246521, 1.18738853931427, 10.575247764587402)","(351.9568176269531, 349.0471496582031, 2.335671901702881)","(0.8891509771347046, 0.7655380368232727, 10.522847175598145)","(359.88336181640625, 14.40890884399414, 359.9434814453125)","(1.4645804166793823, -0.00425752904266119, 10.387273788452148)","(359.8786315917969, 9.084163665771484, 359.9545593261719)",0.730846,-0.053802,"(0.533563, -0.000217, 3.717038)",LeftFalse_RightFalse,False,"(-36.70952224731445, -0.003921687602996826, 0.7647042870521545)","(0.0006993095157667994, 251.27557373046875, 9.197712529385171e-07)",-0.802706,1.0,"(0.000000, 0.000000, 0.000000)",LeftFalse_RightFalse
25.702339,0.112042,"(1.2323989868164062, 1.1874148845672607, 11.000805854797363)","(352.27691650390625, 346.3318786621094, 2.1708037853240967)","(0.948243260383606, 0.7655771374702454, 10.946800231933594)","(359.8763122558594, 14.022821426391602, 359.9371337890625)","(1.5245134830474854, -0.004282386973500252, 10.815220832824707)","(359.8710021972656, 8.698076248168945, 359.9488830566406)",0.756588,-0.05896,"(0.531661, -0.000227, 3.898221)",LeftFalse_RightFalse,False,"(-36.70952224731445, -0.003921687602996826, 0.7647042870521545)","(0.0006991922855377197, 251.27557373046875, 7.339983199017297e-07)",-0.802706,1.0,"(0.000000, 0.000000, 0.000000)",LeftFalse_RightFalse
25.816193,0.112405,"(1.2876092195510864, 1.1874511241912842, 11.452178955078125)","(351.80767822265625, 342.921875, 2.456723213195801)","(1.0072749853134155, 0.7656322717666626, 11.395267486572266)","(359.8699645996094, 13.593192100524902, 359.92913818359375)","(1.5844311714172363, -0.004308479838073254, 11.268120765686035)","(359.86395263671875, 8.268446922302246, 359.9414978027344)",0.779365,-0.073578,"(0.522204, -0.000236, 4.056536)",LeftFalse_RightFalse,False,"(-36.70952224731445, -0.003921687602996826, 0.7647042870521545)","(0.0006991368136368692, 251.27557373046875, 5.608360993392125e-07)",-0.802706,1.0,"(0.000000, 0.000000, 0.000000)",LeftFalse_RightFalse
25.927216,0.112129,"(1.3436405658721924, 1.1886266469955444, 11.912050247192383)","(351.4585876464844, 341.1553649902344, 2.114107847213745)","(1.062231183052063, 0.765773594379425, 11.85186767578125)","(359.8651123046875, 13.075523376464844, 359.9127502441406)","(1.640312910079956, -0.004335060250014067, 11.73005485534668)","(359.85760498046875, 7.750777721405029, 359.9256286621094)",0.799865,-0.08252,"(0.491121, -0.000246, 4.254881)",LeftFalse_RightFalse,False,"(-36.70952224731445, -0.003921687602996826, 0.7647042870521545)","(0.0006991395493969321, 251.27557373046875, 5.716229338759149e-07)",-0.802706,1.0,"(0.000000, 0.000001, 0.000000)",LeftFalse_RightFalse
26.042171,0.112694,"(1.4010863304138184, 1.1887036561965942, 12.40855598449707)","(351.4613952636719, 340.2378845214844, 1.9035959243774414)","(1.1153149604797363, 0.7659291625022888, 12.345233917236328)","(359.8608093261719, 12.431221961975098, 359.8948059082031)","(1.6945070028305054, -0.004363436251878738, 12.230037689208984)","(359.8516540527344, 7.106479167938232, 359.9081726074219)",0.818314,-0.09433,"(0.452409, -0.000253, 4.459173)",LeftFalse_RightFalse,False,"(-36.70952224731445, -0.003921687602996826, 0.7647042870521545)","(0.0006992142298258841, 251.27557373046875, 7.323308182094479e-07)",-0.802707,1.0,"(0.000000, 0.000001, 0.000000)",LeftFalse_RightFalse
26.158974,0.113515,"(1.4526103734970093, 1.1887946128845215, 12.93615436553955)","(351.07305908203125, 339.69927978515625, 1.6875334978103638)","(1.1638681888580322, 0.7661145329475403, 12.86861801147461)","(359.8573303222656, 11.656448364257812, 359.8738708496094)","(1.7442988157272339, -0.004393057432025671, 12.761367797851562)","(359.8462219238281, 6.331707000732422, 359.8876647949219)",0.834919,-0.113373,"(0.405122, -0.000261, 4.633968)",LeftFalse_RightFalse,False,"(-36.70952224731445, -0.003921687602996826, 0.7647042870521545)","(0.0006993221468292177, 251.27557373046875, 8.757120326663426e-07)",-0.802707,1.0,"(0.000000, 0.000001, 0.000000)",LeftFalse_RightFalse
26.275551,0.114128,"(1.4937551021575928, 1.188938856124878, 13.486200332641602)","(351.0591735839844, 339.4709167480469, 1.335612177848816)","(1.2037413120269775, 0.766403317451477, 13.413196563720703)","(359.8553466796875, 10.693031311035156, 359.84283447265625)","(1.7854877710342407, -0.004423560108989477, 13.315824508666992)","(359.84136962890625, 5.368295669555664, 359.85693359375)",0.849863,-0.123505,"(0.320767, -0.000271, 4.847832)",LeftFalse_RightFalse,False,"(-36.70952224731445, -0.003921627998352051, 0.7647042870521545)","(0.0006993907736614347, 251.27557373046875, 8.376716209568258e-07)",-0.802707,1.0,"(0.000000, 0.000001, 0.000000)",LeftFalse_RightFalse
26.38422,0.113036,"(1.5194847583770752, 1.189083218574524, 14.019587516784668)","(351.5921325683594, 338.73602294921875, 1.1496739387512207)","(1.231675148010254, 0.7666754126548767, 13.941146850585938)","(359.853759765625, 9.641475677490234, 359.8144226074219)","(1.8147375583648682, -0.004443338606506586, 13.85455322265625)","(359.8371887207031, 4.316748142242432, 359.82879638671875)",0.862922,-0.122315,"(0.222067, 0.001682, 5.064189)",LeftFalse_RightFalse,False,"(-36.70952224731445, -0.003921627998352051, 0.7647042274475098)","(0.0006994825089350343, 251.27557373046875, 5.676104706253682e-07)",-0.802706,1.0,"(0.000000, 0.000000, 0.000000)",LeftFalse_RightFalse
26.497044,0.112994,"(1.5342192649841309, 1.1893091201782227, 14.594476699829102)","(351.5979919433594, 336.9352111816406, 1.2143373489379883)","(1.2503015995025635, 0.7670068144798279, 14.5109224319458)","(359.85174560546875, 8.457490921020508, 359.7900390625)","(1.8347082138061523, -0.004362254869192839, 14.436470985412598)","(359.8328857421875, 3.1327707767486572, 359.8047180175781)",0.874675,-0.108887,"(0.136153, 0.000024, 5.246217)",LeftFalse_RightFalse,False,"(-36.70951843261719, -0.003921627998352051, 0.7647042870521545)","(0.0006995307630859315, 251.27557373046875, 2.644332539603056e-07)",-0.802706,1.0,"(0.000000, 0.000000, 0.000000)",LeftFalse_RightFalse
26.609707,0.112928,"(1.5388293266296387, 1.1882715225219727, 15.191908836364746)","(351.738525390625, 334.4833984375, 1.3629943132400513)","(1.2591899633407593, 0.7670518755912781, 15.103377342224121)","(359.8481750488281, 7.291507244110107, 359.7817687988281)","(1.844886064529419, -0.004401476122438908, 15.040895462036133)","(359.8285827636719, 1.9667878150939941, 359.7967834472656)",0.884081,-0.089539,"(0.046092, -0.000529, 5.466555)",LeftFalse_RightFalse,False,"(-36.70952224731445, -0.003921627998352051, 0.7647042870521545)","(0.0006994861760176718, 251.27557373046875, 1.6300073468755727e-07)",-0.802706,1.0,"(0.000000, 0.000000, 0.000000)",LeftFalse_RightFalse
26.727039,0.113808,"(1.5312561988830566, 1.183983564376831, 15.833280563354492)","(354.22015380859375, 327.9867858886719, 3.0428078174591064)","(1.2593703269958496, 0.7669317126274109, 15.746176719665527)","(359.8432922363281, 6.181511878967285, 359.7868957519531)","(1.846242904663086, -0.004467747639864683, 15.695110321044922)","(359.8241882324219, 0.856789231300354, 359.8023681640625)",0.88239,-0.082306,"(-0.032066, -0.000562, 5.687533)",LeftFalse_RightFalse,False,"(-36.70952224731445, -0.003921627998352051, 0.7647042274475098)","(0.0006993582937866449, 251.27557373046875, 3.31420920929304e-07)",-0.802707,1.0,"(0.000000, -0.000001, 0.000000)",LeftFalse_RightFalse
26.837635,0.113166,"(1.507956862449646, 1.1827850341796875, 16.45478630065918)","(355.2184753417969, 314.7209777832031, 1.1485376358032227)","(1.2508411407470703, 0.7668266892433167, 16.375890731811523)","(359.83953857421875, 5.223936080932617, 359.7913818359375)","(1.8385498523712158, -0.004525887779891491, 16.334684371948242)","(359.82086181640625, 359.8992004394531, 359.8071594238281)",0.854696,-0.082367,"(-0.105965, -0.000491, 5.867825)",LeftFalse_RightFalse,False,"(-36.70952224731445, -0.003921627998352051, 0.7647042870521545)","(0.0006992474664002657, 251.27557373046875, 5.775114004791249e-07)",-0.802707,1.0,"(0.000000, -0.000001, 0.000000)",LeftFalse_RightFalse
26.949177,0.112841,"(1.4759684801101685, 1.1827324628829956, 17.101463317871094)","(354.38067626953125, 301.7911682128906, 0.21051280200481415)","(1.231947898864746, 0.7667759656906128, 17.032827377319336)","(359.8385009765625, 4.283077716827393, 359.79156494140625)","(1.820257544517517, -0.0045745521783828735, 17.001291275024414)","(359.8198547363281, 358.9583435058594, 359.8074645996094)",0.798591,-0.082367,"(-0.211536, -0.000386, 6.068527)",LeftFalse_RightFalse,False,"(-36.70952224731445, -0.0039216578006744385, 0.7647042870521545)","(0.0006992336129769683, 251.27557373046875, 7.040610512376588e-07)",-0.802707,1.0,"(0.000000, -0.000001, 0.000000)",LeftFalse_RightFalse
27.063133,0.113064,"(1.439997911453247, 1.1837849617004395, 17.78972625732422)","(354.2975769042969, 294.5163269042969, 359.8747863769531)","(1.201533555984497, 0.7667893767356873, 17.723819732666016)","(359.8416748046875, 3.3104677200317383, 359.7865905761719)","(1.790224313735962, -0.004612947814166546, 17.702234268188477)","(359.8225402832031, 357.9857482910156, 359.8022155761719)",0.727858,-0.081116,"(-0.322460, -0.000284, 6.241588)",LeftFalse_RightFalse,False,"(-36.70952224731445, -0.0039216578006744385, 0.7647042870521545)","(0.0006993171409703791, 251.27557373046875, 7.711789749009768e-07)",-0.802706,1.0,"(0.000000, 0.000000, 0.000000)",LeftFalse_RightFalse
27.18742,0.115309,"(1.390747308731079, 1.1817541122436523, 18.567277908325195)","(354.7095642089844, 292.6667175292969, 359.9490661621094)","(1.154573678970337, 0.7668310403823853, 18.496809005737305)","(359.8498840332031, 2.2367351055145264, 359.77984619140625)","(1.7434706687927246, -0.004642262123525143, 18.48615264892578)","(359.8301086425781, 356.9120178222656, 359.79473876953125)",0.655072,-0.076172,"(-0.437894, -0.000185, 6.380655)",LeftFalse_RightFalse,False,"(-36.70952224731445, -0.0039216578006744385, 0.7647043466567993)","(0.000699446361977607, 251.27557373046875, 6.826697926953784e-07)",-0.802706,1.0,"(0.000000, 0.000000, 0.000000)",LeftFalse_RightFalse
27.303139,0.11539,"(1.331810712814331, 1.1795238256454468, 19.303325653076172)","(355.9088134765625, 288.26397705078125, 359.63543701171875)","(1.0979417562484741, 0.7668411135673523, 19.230892181396484)","(359.8607177734375, 1.2536718845367432, 359.7774963378906)","(1.6868997812271118, -0.00465889647603035, 19.230195999145508)","(359.8406677246094, 355.928955078125, 359.7913818359375)",0.589565,-0.068573,"(-0.549496, -0.000098, 6.485529)",LeftFalse_RightFalse,False,"(-36.70952224731445, -0.0039216578006744385, 0.7647042870521545)","(0.0006995382718741894, 251.27557373046875, 4.770429313794011e-07)",-0.802706,1.0,"(0.000000, 0.000000, 0.000000)",LeftFalse_RightFalse
27.421017,0.115888,"(1.2594153881072998, 1.177369236946106, 20.062009811401367)","(356.82965087890625, 284.03448486328125, 359.6976013183594)","(1.0280182361602783, 0.7667980790138245, 19.989730834960938)","(359.87298583984375, 0.30728381872177124, 359.7810974121094)","(1.616955280303955, -0.0046672881580889225, 19.998598098754883)","(359.85321044921875, 354.9825744628906, 359.7938232421875)",0.530609,-0.060547,"(-0.652797, -0.000034, 6.559993)",LeftFalse_RightFalse,False,"(-36.70951843261719, -0.0039216578006744385, 0.7647042870521545)","(0.0006995692383497953, 251.27557373046875, 2.753242824837798e-07)",-0.802706,1.0,"(0.000000, 0.000000, 0.000000)",LeftFalse_RightFalse
27.53252,0.115011,"(1.176063060760498, 1.175085186958313, 20.780197143554688)","(357.1273498535156, 276.743896484375, 359.1419677734375)","(0.9513245820999146, 0.7667100429534912, 20.715055465698242)","(359.8844909667969, 359.48785400390625, 359.7897033691406)","(1.540191650390625, -0.0046694776974618435, 20.732189178466797)","(359.865478515625, 354.16314697265625, 359.80133056640625)",0.477548,-0.056152,"(-0.730105, 0.000004, 6.600142)",LeftFalse_RightFalse,False,"(-36.70952224731445, -0.0039216578006744385, 0.7647042870521545)","(0.0006995319272391498, 251.27557373046875, 3.044538914309669e-07)",-0.802706,1.0,"(0.000000, 0.000000, 0.000000)",LeftFalse_RightFalse
27.640831,0.113671,"(1.0863926410675049, 1.1750150918960571, 21.484189987182617)","(357.43060302734375, 271.5851135253906, 358.4927062988281)","(0.8679075241088867, 0.7666053771972656, 21.42388153076172)","(359.8958435058594, 358.765625, 359.8003234863281)","(1.4566582441329956, -0.004667104221880436, 21.448286056518555)","(359.87774658203125, 353.4408874511719, 359.81085205078125)",0.429793,-0.054138,"(-0.819194, 0.000045, 6.623434)",LeftFalse_RightFalse,False,"(-36.70952606201172, -0.0039216578006744385, 0.7647043466567993)","(0.0006994659779593349, 251.27557373046875, 5.042704742663773e-07)",-0.802706,1.0,"(0.000000, 0.000000, 0.000000)",LeftFalse_RightFalse
27.752285,0.113228,"(0.986845850944519, 1.1726688146591187, 22.215744018554688)","(358.400390625, 269.2811279296875, 358.3078918457031)","(0.7731090188026428, 0.7665166258811951, 22.155134201049805)","(359.9068603515625, 358.069091796875, 359.8097229003906)","(1.361651062965393, -0.004661321174353361, 22.18655014038086)","(359.88958740234375, 352.744384765625, 359.8192138671875)",0.386814,-0.048157,"(-0.890310, 0.000066, 6.624767)",LeftFalse_RightFalse,False,"(-36.70952224731445, -0.0039216578006744385, 0.7647042870521545)","(0.0006993997958488762, 251.27557373046875, 6.651868034168729e-07)",-0.802706,1.0,"(0.000000, 0.000000, 0.000000)",LeftFalse_RightFalse
27.867661,0.113657,"(0.877164363861084, 1.170353889465332, 22.974870681762695)","(359.0973815917969, 267.7981872558594, 357.830322265625)","(0.6665589809417725, 0.7663973569869995, 22.911823272705078)","(359.9173583984375, 357.4060363769531, 359.8224182128906)","(1.2548749446868896, -0.00465234462171793, 22.949914932250977)","(359.9012451171875, 352.0813293457031, 359.8308410644531)",0.348132,-0.042572,"(-0.962441, 0.000094, 6.608559)",LeftFalse_RightFalse,False,"(-36.70952224731445, -0.0039216578006744385, 0.7647043466567993)","(0.0006993348943069577, 251.27557373046875, 7.165935471675766e-07)",-0.802706,1.0,"(0.000000, 0.000000, 0.000000)",LeftFalse_RightFalse
27.983932,0.11418,"(0.7592319250106812, 1.1681406497955322, 23.73760986328125)","(359.7478942871094, 266.42877197265625, 357.8274841308594)","(0.5516635179519653, 0.7662608623504639, 23.672426223754883)","(359.9265441894531, 356.8066101074219, 359.83697509765625)","(1.1397513151168823, -0.004640845116227865, 23.7165584564209)","(359.9117431640625, 351.4819030761719, 359.844482421875)",0.313319,-0.041931,"(-1.024163, 0.000110, 6.576647)",LeftFalse_RightFalse,False,"(-36.70952224731445, -0.0039216578006744385, 0.7647042274475098)","(0.0006993142305873334, 251.27557373046875, 6.504917564598145e-07)",-0.802706,1.0,"(0.000000, 0.000000, 0.000000)",LeftFalse_RightFalse
